sample_id,group_id,valid_pixels,pixel_error_rate,label_hash,valid_mask_hash,nll,brier,score_msp,score_entropy,score_negative_margin,score_gini_total,score_expected_entropy,score_mutual_information,score_gini_disagreement,score_gini_expected
sample_4152,L15-0368E-1245N_1474_3210_13,50176,0.20332429846938777,09a26ff9a24b9bfa35281f5ab86bd161d503bc3879238319c4be19dc1952a12c,64990ea6addff6af93b8eace95fbcf586b8f19e678352f7776dc1bc87a88d58f,0.5514275996169413,0.3204816179756554,0.12821323046346708,0.31863181795940587,-0.7435735387785325,0.1984493235096816,0.3178431528560034,0.0007886651386437299,0.00034363040216111516,0.19810569310752052
sample_4153,L15-1276E-1107N_5105_3761_13,50176,0.010582748724489796,be31f3d18a74f5a37d9d3e1e1c4db99ecdac34f64edb0d72b4bb9be98acad544,64990ea6addff6af93b8eace95fbcf586b8f19e678352f7776dc1bc87a88d58f,0.06704573191401904,0.02092708154745299,0.002591624544762379,0.014170108100483891,-0.9948167508085785,0.004738246685475102,0.013768118075804569,0.00040199003794139326,9.3362506663161e-06,0.004728910434808785
sample_4154,L15-1138E-1216N_4553_3325_13,50176,0.06546954719387756,d997179380bbb7c2484e68f03671ca1dfa41338c474c140a132086c103587ee7,64990ea6addff6af93b8eace95fbcf586b8f19e678352f7776dc1bc87a88d58f,0.23117675029577725,0.11550295704306246,0.055734554454161575,0.1579209975907176,-0.8885308917754394,0.09146507756845548,0.1572754151406592,0.0006455823919472261,0.00017096639830701938,0.09129411117014848
sample_4155,L15-0368E-1245N_1474_3210_13,50176,0.15672831632653061,cf3a65f411e9f8f38a673344a838efbb64f1d93df152514f5762e3eb2ac5723e,64990ea6addff6af93b8eace95fbcf586b8f19e678352f7776dc1bc87a88d58f,0.3628910367576585,0.23350825702523373,0.0903786968069189,0.22471022023432924,-0.8192426070975013,0.1403133026043883,0.2240909123758308,0.0006193079248500316,0.0002024217971336944,0.14011088080725462
sample_4156,L15-1138E-1216N_4553_3325_13,50176,0.042889030612244895,334008705b7d13f5110d30a43161a1159df01022ded748079624e9e5c56231f4,64990ea6addff6af93b8eace95fbcf586b8f19e678352f7776dc1bc87a88d58f,0.24492587363802687,0.08404939654496645,0.02626010461838688,0.08396506748357452,-0.9474797918836846,0.04449792733025852,0.08320557589235857,0.0007594915593691812,0.0001362258807476521,0.04436170144951086
sample_4157,L15-0368E-1245N_1474_3210_13,50176,0.24148995535714285,5d6d991d9219c8eef1c7349116d1c6b6452d284aa18a4a46c98fe0e20a87d8f3,64990ea6addff6af93b8eace95fbcf586b8f19e678352f7776dc1bc87a88d58f,0.6855295646738643,0.38004982771700907,0.15863515108073017,0.3639907797924006,-0.6827296977049894,0.23330061175477207,0.3634149227199699,0.0005758572620025488,0.00024939391443607904,0.233051217840336
sample_4158,L15-1210E-1025N_4840_4088_13,50176,0.0052614795918367345,cd9ba18ab8847e45e7a58646ef716b99c802d1bd5f2f5196d2c0abc34a53a93e,64990ea6addff6af93b8eace95fbcf586b8f19e678352f7776dc1bc87a88d58f,0.03156075806520092,0.012373691183698255,0.013999782754488441,0.046644970706360055,-0.9720004355199896,0.023851557806078123,0.04613765605189771,0.0005073145744273449,5.3215919355688533e-05,0.023798341886722432
sample_4159,L15-1210E-1025N_4840_4088_13,50176,0.0038464604591836736,7625a11805f0808568ff5f9641c678505945fc1d09b269312bd4d5b3103ca240,64990ea6addff6af93b8eace95fbcf586b8f19e678352f7776dc1bc87a88d58f,0.022694779526182245,0.007909027026644004,0.006651563919149339,0.02856378175749858,-0.986696872936172,0.012209890056348517,0.02798504552654165,0.0005787360574690967,3.699165318555433e-05,0.012172898403162965
sample_4160,L15-1185E-0935N_4742_4450_13,50176,0.14471061862244897,3adda7d8f3b91ba9c3e0b670f301ddf94592d51efd05851197b3dfe7a7472587,64990ea6addff6af93b8eace95fbcf586b8f19e678352f7776dc1bc87a88d58f,0.3964211200027236,0.23987381742967423,0.14010480610411424,0.35301864223152507,-0.7197903874450682,0.22081314206242833,0.35258119461924414,0.0004374477504576791,0.00019820034293606867,0.22061494171949222
sample_4161,L15-1276E-1107N_5105_3761_13,50176,0.008370535714285714,3348420fb77c3578c38df68246391b4168651831dc768db87d30c998cdc5a253,64990ea6addff6af93b8eace95fbcf586b8f19e678352f7776dc1bc87a88d58f,0.03806715855341136,0.014704995812480784,0.0058161793526129,0.02220106264358181,-0.9883676417043786,0.009621870625656313,0.021829040529682424,0.0003720220882147883,2.0009036581009392e-05,0.0096018615890753
sample_4162,L15-1210E-1025N_4840_4088_13,50176,0.05630181760204082,da7146d73e67e884d3c936b7e316a9f3214ea7966a6e57aace504171b297fd34,64990ea6addff6af93b8eace95fbcf586b8f19e678352f7776dc1bc87a88d58f,0.17519698218867674,0.09117169720925146,0.04138186614133646,0.10937029171272393,-0.9172362688212051,0.0641252180489466,0.10901660118798541,0.0003536905080911809,6.562062455637901e-05,0.06405959742439021
sample_4163,L15-1014E-1375N_4056_2688_13,50176,0.07248485331632654,4105f363a6cd55f6744580709fe9f48cf597a568824ee00c932896573f700e46,64990ea6addff6af93b8eace95fbcf586b8f19e678352f7776dc1bc87a88d58f,0.20673675087722096,0.11602173001390263,0.05819210248443355,0.142962069592596,-0.8836157959477328,0.08640821479572752,0.14244281784721727,0.0005192517535473113,0.00013624902266340256,0.08627196577306412
sample_4164,L15-1389E-1284N_5557_3054_13,50176,0.018993144132653062,4fbe8899e6eb24894742c06465ba55d1ab8428750b8b5547219f61f7c658f825,64990ea6addff6af93b8eace95fbcf586b8f19e678352f7776dc1bc87a88d58f,0.06027206558415746,0.03236304031492741,0.018070456162047555,0.05098860450101827,-0.9638590883025704,0.028894662874666924,0.05042924585264278,0.0005593586285518654,4.354907701016353e-05,0.028851113797656765
sample_4165,L15-0368E-1245N_1474_3210_13,50176,0.14335538903061223,8bcf44fc30cc2c425321177d5d4ae93b20bcb526777872e765ef52def5d2024d,64990ea6addff6af93b8eace95fbcf586b8f19e678352f7776dc1bc87a88d58f,0.3451511933460121,0.21642393098954443,0.08314370541662282,0.20448980444721854,-0.8337125899548263,0.12789323933509833,0.20391847135374802,0.0005713330937999545,0.00026141731609271825,0.1276318220190056
sample_4166,L15-0358E-1220N_1433_3310_13,50176,0.08254942602040816,993f918f7122021abbee972c619e11e7c397daf72c1233461c92b28e5f94d550,64990ea6addff6af93b8eace95fbcf586b8f19e678352f7776dc1bc87a88d58f,0.22862353155813128,0.13648321463499213,0.08606991487346133,0.21443859626699036,-0.8278601707911772,0.13343033876178007,0.21364386618315498,0.0007947300982399649,0.00034833660274757633,0.1330820021590325
sample_4167,L15-1848E-0793N_7394_5018_13,50176,0.004205197704081632,eaf7223c7497b3ff997e72287b88a27bcadd33024c80ec09283e3dda50392b4a,64990ea6addff6af93b8eace95fbcf586b8f19e678352f7776dc1bc87a88d58f,0.018894294891738737,0.008485369000696548,0.008680395935234442,0.03049438387397288,-0.9826392081388011,0.014771155698433581,0.03007222729344186,0.00042215659772814934,3.1026828016469345e-05,0.014740128870417112
sample_4168,L15-1014E-1375N_4056_2688_13,50176,0.13554288903061223,6069c19b6a6a7a41b0962e4113879af6d706079aae9550b606023a12ee0e4692,64990ea6addff6af93b8eace95fbcf586b8f19e678352f7776dc1bc87a88d58f,0.34098863718934275,0.21536529821537387,0.11974784174496877,0.29157794248889035,-0.7605043164302064,0.1848003113986192,0.29107907873850863,0.0004988637528840756,0.00021097189372047413,0.18458933950489873
sample_4169,L15-1848E-0793N_7394_5018_13,50176,0.04689492984693878,62b9d776501b771524c41e240126022208c5df7fcfc5ecddccdc390315f67058,64990ea6addff6af93b8eace95fbcf586b8f19e678352f7776dc1bc87a88d58f,0.13536089116195962,0.07799783926898234,0.05205868182309466,0.13127335550725605,-0.8958826377000595,0.08050797635020064,0.13096580457321136,0.00030755092444757006,8.026541478052512e-05,0.08042771093542012
sample_4170,L15-0368E-1245N_1474_3210_13,50176,0.14253826530612246,ac2be6f8231b32d74e003ee9f44d86f50074dc5511a8112466015f30283483ec,64990ea6addff6af93b8eace95fbcf586b8f19e678352f7776dc1bc87a88d58f,0.3522105961037267,0.21807167850700826,0.08202482669671275,0.20139330257157056,-0.8359503473176506,0.1257670665568143,0.2004546787404927,0.0009386238819832993,0.00041038745895095294,0.12535667909786338
sample_4171,L15-1848E-0793N_7394_5018_13,50176,0.015963807397959183,daede069d703460dc1275e43c772caa2a215db963efcbfa2dc4eef610aab241d,64990ea6addff6af93b8eace95fbcf586b8f19e678352f7776dc1bc87a88d58f,0.04149495742219769,0.024428420769987275,0.022944250202272087,0.058743678104996984,-0.9541115009922381,0.0339831815757475,0.0582841239659789,0.0004595540685017466,5.914044070772995e-05,0.03392404113503977
sample_4172,L15-0566E-1185N_2265_3451_13,50176,0.0004982461734693878,1706b9164e7060a4a2cd1520b965b41282ef99addb275a90aaabf6475522d5d2,64990ea6addff6af93b8eace95fbcf586b8f19e678352f7776dc1bc87a88d58f,0.0034499566014271135,0.0009162175940394836,0.0027577664372891338,0.014791290755115464,-0.9944844672496976,0.005039325840498929,0.014317873677580847,0.0004734170172817767,8.664430325289732e-06,0.0050306614101736395
sample_4173,L15-1138E-1216N_4553_3325_13,50176,0.15310108418367346,9d87ad3ecb09e298ed226ef1d8ea558f2b7dbc0615a25eb7ac4db630e0446191,64990ea6addff6af93b8eace95fbcf586b8f19e678352f7776dc1bc87a88d58f,0.4740874802614913,0.25325433880262893,0.12018441971705048,0.2974807063258783,-0.7596311605534705,0.18396468651299452,0.2962268971570149,0.0012538091495498083,0.0004981666015422362,0.18346651991145227
sample_4174,L15-0358E-1220N_1433_3310_13,50176,0.04860889668367347,4dd29411249fa562ff9bf79a068f0b3ea9a38d19cd7c75896da5dd6602d80b6d,64990ea6addff6af93b8eace95fbcf586b8f19e678352f7776dc1bc87a88d58f,0.14667710524366423,0.08290587287490292,0.06576892981372241,0.1608316393989752,-0.8684621414054929,0.09902617935607141,0.16018071785978855,0.0006509216036255718,0.00018883532704503576,0.09883734402902634
sample_4175,L15-0358E-1220N_1433_3310_13,50176,0.08264907525510204,993f918f7122021abbee972c619e11e7c397daf72c1233461c92b28e5f94d550,64990ea6addff6af93b8eace95fbcf586b8f19e678352f7776dc1bc87a88d58f,0.23368779231618153,0.13711352598760476,0.0690525490529265,0.1839665265722766,-0.8618949022812971,0.11103942411970184,0.18324639823256536,0.0007201283967120404,0.0002763314377378899,0.11076309268196394
sample_4176,L15-1748E-1247N_6993_3202_13,50176,0.009287308673469387,97baf5285118e51d22f389680bb4280b1df237074410b8cc133c676134b29db8,64990ea6addff6af93b8eace95fbcf586b8f19e678352f7776dc1bc87a88d58f,0.03832137936016682,0.017651231658784995,0.014519562536128322,0.043865853943291074,-0.9709608756397784,0.023077466592680014,0.043180534467404885,0.000685319606362982,6.005781976850836e-05,0.02301740877291151
sample_4177,L15-0358E-1220N_1433_3310_13,50176,0.020308514030612245,152acee777ade2e8c14b5f183f3a19522e3b5ef1751378269390e0f28dfcdb5c,64990ea6addff6af93b8eace95fbcf586b8f19e678352f7776dc1bc87a88d58f,0.07849421708265049,0.04116224566204915,0.03959976746795737,0.09717604674199601,-0.9208004662682745,0.058773777439790134,0.09683408069435517,0.0003419661029272877,7.873925246855013e-05,0.05869503818732161
sample_4178,L15-1185E-0935N_4742_4450_13,50176,0.1415417729591837,3ad5cec43c3a96eb045a13d9e5cd8231d0f6dc43b8f70aa1c930ac15bf255c49,64990ea6addff6af93b8eace95fbcf586b8f19e678352f7776dc1bc87a88d58f,0.3949339774619952,0.21721022175912585,0.11093080714131154,0.2557426318557092,-0.7781383856026728,0.1586451601151892,0.2552500119981914,0.0004926199762322798,0.00018674266986204848,0.15845841744532718
sample_4179,L15-1185E-0935N_4742_4450_13,50176,0.06467235331632654,c04ee573033bc40e3041fd189f2d59b5c3a3b22a7711be1cfa7c3cf6c1eb876a,64990ea6addff6af93b8eace95fbcf586b8f19e678352f7776dc1bc87a88d58f,0.2062237976035522,0.11287064566874325,0.0849728434874049,0.21040429068734157,-0.8300543133038227,0.12906013322026413,0.2096453740649437,0.0007589166795546161,0.00020682666246164328,0.1288533065578025
sample_4180,L15-1014E-1375N_4056_2688_13,50176,0.0752750318877551,4105f363a6cd55f6744580709fe9f48cf597a568824ee00c932896573f700e46,64990ea6addff6af93b8eace95fbcf586b8f19e678352f7776dc1bc87a88d58f,0.21041003878055695,0.11788306339698226,0.06757524997893986,0.16172624989280288,-0.8648495009513724,0.09912320871238577,0.16130844217004603,0.00041780763083629045,0.0001112324315108776,0.0990119762808749
sample_4181,L15-0368E-1245N_1474_3210_13,50176,0.1418407206632653,386c44f6375e4ddf347ea0341593c5a7a64111854a9a806f7f1fd8da0eeb0e61,64990ea6addff6af93b8eace95fbcf586b8f19e678352f7776dc1bc87a88d58f,0.34332161275391476,0.21465889491868162,0.08071364451565646,0.20084892704890922,-0.8385727116920398,0.12496321767764751,0.20014893865232397,0.0006999884807718777,0.00030225347514614194,0.12466096420250138
sample_4182,L15-0368E-1245N_1474_3210_13,50176,0.2405731823979592,6f36775e03a8990c376d331e07e4fcbc0a8afe826b2d55b9755b1d98925ce282,64990ea6addff6af93b8eace95fbcf586b8f19e678352f7776dc1bc87a88d58f,0.6697732158517287,0.3741985938174418,0.16112372599546892,0.36649237823415737,-0.6777525481290206,0.23541040677451644,0.36592723628847446,0.0005651418112527926,0.00024939307120642226,0.23516101370331002
sample_4183,L15-0358E-1220N_1433_3310_13,50176,0.08254942602040816,d8dc051b45282cd7f78456ec065af277545241aa4a22b7828f37e3d540289441,64990ea6addff6af93b8eace95fbcf586b8f19e678352f7776dc1bc87a88d58f,0.22661653282726996,0.13679528749350753,0.09284642913345513,0.22725086184623125,-0.8143071424039975,0.14248554216027315,0.2261555615363633,0.0010953003067810023,0.0004818816137141809,0.14200366054655894
sample_4184,L15-1848E-0793N_7394_5018_13,50176,5.978954081632653e-05,a3f4aec7b0054265f83404a6d96b49ed44efc2220960fd6c82087a67e2399fd2,64990ea6addff6af93b8eace95fbcf586b8f19e678352f7776dc1bc87a88d58f,0.004490416835071258,0.0005955546787224047,0.00413370451756886,0.02022030472268842,-0.9917325908871891,0.007777181126954085,0.019527999185087613,0.0006923055376650425,2.1888568117809772e-05,0.007755292558836275
sample_4185,L15-1848E-0793N_7394_5018_13,50176,1.992984693877551e-05,936537a8ac7f979fe07dadb88fd3ef22b9a1addd68c17d3c2407082431039d25,64990ea6addff6af93b8eace95fbcf586b8f19e678352f7776dc1bc87a88d58f,0.014384935491916424,0.004546183253895727,0.01291890099777707,0.03997991970752893,-0.9741621983919672,0.021331352854386858,0.0395844943357429,0.00039542537879488237,2.8804774492986563e-05,0.021302548079893874
sample_4186,L15-1185E-0935N_4742_4450_13,50176,0.06373565051020408,0e304144881f85113846084f51720a907176837e401957be321bbee8372b302d,64990ea6addff6af93b8eace95fbcf586b8f19e678352f7776dc1bc87a88d58f,0.21436718192403273,0.10929238354263658,0.054357435440226476,0.1454752510740609,-0.8912851297552058,0.08527553237415021,0.14506160124835837,0.0004136498073845918,9.88556293486834e-05,0.08517667674480153
sample_4187,L15-1138E-1216N_4553_3325_13,50176,0.11912069515306123,f6fdc123325abc71c7c325d9b14127948da7211013d40f25a1bb59faf9142323,64990ea6addff6af93b8eace95fbcf586b8f19e678352f7776dc1bc87a88d58f,0.35737444151394127,0.20088115576409432,0.13050275714949192,0.31580761604021396,-0.7389944854823548,0.1975558810929105,0.31497525373720375,0.0008323622647760181,0.00035757332174303014,0.19719830777116748
sample_4188,L15-1848E-0793N_7394_5018_13,50176,0.000817123724489796,daede069d703460dc1275e43c772caa2a215db963efcbfa2dc4eef610aab241d,64990ea6addff6af93b8eace95fbcf586b8f19e678352f7776dc1bc87a88d58f,0.06341258236989923,0.024964350118118216,0.05555909044318357,0.1406541372133882,-0.888881820392624,0.08645186162326902,0.1401584269349255,0.0004957103141177353,0.00013951236220334103,0.08631234926106568
sample_4189,L15-1014E-1375N_4056_2688_13,50176,0.06849888392857142,088e38db1fa2e4eed9597dc237582aad2c78722d08b279e18174704e839834a3,64990ea6addff6af93b8eace95fbcf586b8f19e678352f7776dc1bc87a88d58f,0.20625235120008661,0.11864228618211504,0.08380502144620773,0.2074146616926839,-0.8323899578227643,0.12945899482547982,0.20652409438574154,0.000890567434926906,0.0003635637790747233,0.12909543104640508
sample_4190,L15-1014E-1375N_4056_2688_13,50176,0.13626036352040816,908659b4f6bf6ed855a02e796a123a3caef814173d290d9b5e39bafb34bebb0b,64990ea6addff6af93b8eace95fbcf586b8f19e678352f7776dc1bc87a88d58f,0.3647891526860865,0.2197771197410303,0.10359440256404329,0.2597406719621544,-0.7928111950826885,0.16184275932261308,0.2592667624064522,0.0004739095688284941,0.00020363354250845411,0.16163912578010461
sample_4191,L15-1389E-1284N_5557_3054_13,50176,0.0,daede069d703460dc1275e43c772caa2a215db963efcbfa2dc4eef610aab241d,64990ea6addff6af93b8eace95fbcf586b8f19e678352f7776dc1bc87a88d58f,0.0012331412114570139,1.0808537679378118e-05,0.001230363361062292,0.009030446755372715,-0.9975392734742105,0.0024499181844452054,0.008812246145135894,0.00021820052533295687,2.2747531797204188e-06,0.0024476434312654853
sample_4192,L15-1138E-1216N_4553_3325_13,50176,0.045599489795918366,40eb7764d6a42b4db71ac7af802e54504e8e66149a11ac84e4389324de9b6ff0,64990ea6addff6af93b8eace95fbcf586b8f19e678352f7776dc1bc87a88d58f,0.2602856108327821,0.09038638617470063,0.034880241952903034,0.10103435093199334,-0.9302395172211321,0.05667772226056259,0.10045201948795796,0.0005823314273949534,0.00011698368439589364,0.0565607385761667
sample_4193,L15-1185E-0935N_4742_4450_13,50176,0.13432716836734693,4499ca1788409707c5f34f0ef34f8c7e29be42b549d6b9078b82866d59538651,64990ea6addff6af93b8eace95fbcf586b8f19e678352f7776dc1bc87a88d58f,0.36108466865897304,0.20263271628246776,0.11420397834058812,0.2545085407916394,-0.7715920434034153,0.16017865926167707,0.2532053301347213,0.0013032106331058778,0.000457558283446179,0.15972110097823092
sample_4194,L15-1210E-1025N_4840_4088_13,50176,0.006556919642857143,3d48349c15a757dea26ffd3b6a610a45824f66e998c537453eea9d2ac7b03720,64990ea6addff6af93b8eace95fbcf586b8f19e678352f7776dc1bc87a88d58f,0.037479475515497726,0.012884256537560248,0.0029446231023104365,0.015795616763893263,-0.9941107537848068,0.005640217909109069,0.015433482836703651,0.00036213398028398354,1.1914510065760873e-05,0.005628303399043308
sample_4195,L15-1014E-1375N_4056_2688_13,50176,0.13586176658163265,908659b4f6bf6ed855a02e796a123a3caef814173d290d9b5e39bafb34bebb0b,64990ea6addff6af93b8eace95fbcf586b8f19e678352f7776dc1bc87a88d58f,0.3696108901956519,0.2216017406225908,0.09511491119129849,0.24590594868026902,-0.8097701777452998,0.1508709994833994,0.24550195152269327,0.0004039972676182293,0.00016342013208800105,0.15070757935131143
sample_4196,L15-0566E-1185N_2265_3451_13,50176,0.02198262117346939,8a57151ba5123321b5f4119dd9194c500df54f537986348b817deff0903702de,64990ea6addff6af93b8eace95fbcf586b8f19e678352f7776dc1bc87a88d58f,0.10158348017901289,0.04303417268093113,0.02607786343124106,0.07081749793961618,-0.9478442744304806,0.04116370570166162,0.07050954263970582,0.00030795526339600266,4.933821848616745e-05,0.04111436748317546
sample_4197,L15-0358E-1220N_1433_3310_13,50176,0.031748246173469385,b281f2b46d8ac7cf6c8fde14855f7c7dbe853bf8d03816909cef36341b59dfc3,64990ea6addff6af93b8eace95fbcf586b8f19e678352f7776dc1bc87a88d58f,0.09842734324075166,0.05670596456622502,0.057241262536619465,0.12604912658992865,-0.8855174764196857,0.08039206112021345,0.12574537844538033,0.00030374818228526333,8.305587586924102e-05,0.0803090052443442
sample_4198,L15-1276E-1107N_5105_3761_13,50176,0.06487165178571429,d66e31550ed139a42f87c56054a1e83b2b6973d4c0bcf7e590f6d90082453aae,64990ea6addff6af93b8eace95fbcf586b8f19e678352f7776dc1bc87a88d58f,0.23092668339350586,0.11360104891219897,0.04597602572353861,0.13212100876295974,-0.9080479496742424,0.0767911329302556,0.13168093918193474,0.00044006972061702397,9.979560995879741e-05,0.0766913373202968
sample_4199,L15-1185E-0935N_4742_4450_13,50176,0.13606106505102042,fe4ccd60b8f793aa1177b32cc29ffae3ee4dd735928ae1a9a13d809d6ca6bc6e,64990ea6addff6af93b8eace95fbcf586b8f19e678352f7776dc1bc87a88d58f,0.3621098995203106,0.2081173307939198,0.11717043366587283,0.27060086536280514,-0.7656591326363231,0.16904705547988805,0.2696510407842824,0.0009498246786032254,0.0003701266174836161,0.16867692886240443
sample_4200,L15-1014E-1375N_4056_2688_13,50176,0.17590082908163265,51884494305221e7644267b9e9164c24a4daf973730b8109b5b64266bdf5047e,64990ea6addff6af93b8eace95fbcf586b8f19e678352f7776dc1bc87a88d58f,0.47059082895459897,0.282932626694406,0.11909248321839817,0.30599043299271655,-0.7618150333046401,0.1884333134513839,0.30510765417065216,0.0008827789888033003,0.00036493028818448264,0.18806838316319943
sample_4201,L15-1138E-1216N_4553_3325_13,50176,0.1529217155612245,5ddb58d7d4dd7274d5bd5cc87221d717cc99de9ea8cb708eb03fc0e2ac2b5e0e,64990ea6addff6af93b8eace95fbcf586b8f19e678352f7776dc1bc87a88d58f,0.47130980911994985,0.2521418517038579,0.12235113958429013,0.3053000207201462,-0.7552977209174642,0.1887646502507584,0.3043521307046969,0.0009478899555763279,0.0004018820987989761,0.18836276815195938
sample_4202,L15-1848E-0793N_7394_5018_13,50176,3.985969387755102e-05,daede069d703460dc1275e43c772caa2a215db963efcbfa2dc4eef610aab241d,64990ea6addff6af93b8eace95fbcf586b8f19e678352f7776dc1bc87a88d58f,0.009438460031731915,0.002245915530832995,0.00877982637089468,0.03238859698432633,-0.9824403478904373,0.015316759406167007,0.03183587719664509,0.0005527197216171739,4.13539440388922e-05,0.015275405462128118
sample_4203,L15-1848E-0793N_7394_5018_13,50176,0.001175860969387755,daede069d703460dc1275e43c772caa2a215db963efcbfa2dc4eef610aab241d,64990ea6addff6af93b8eace95fbcf586b8f19e678352f7776dc1bc87a88d58f,0.06329501078401145,0.025571639600539004,0.055132812746724456,0.1378474672496346,-0.8897343759214631,0.08506956934541035,0.13749435888647588,0.00035310836039142415,0.00010039137341737315,0.08496917797199299
sample_4204,L15-1389E-1284N_5557_3054_13,50176,0.0,daede069d703460dc1275e43c772caa2a215db963efcbfa2dc4eef610aab241d,64990ea6addff6af93b8eace95fbcf586b8f19e678352f7776dc1bc87a88d58f,0.002512946328698272,2.0122501605000955e-05,0.0025078726181646392,0.01702768451851222,-0.9949842548100898,0.004995622734724277,0.013842335774087963,0.0031853486999689155,0.0001542429448793881,0.004841379789844889
sample_4205,L15-0368E-1245N_1474_3210_13,50176,0.14279735331632654,24c0f0a1716f6a8ed2b7cb45e5b108ed90bf414350a8faf4aaaa030bee02e645,64990ea6addff6af93b8eace95fbcf586b8f19e678352f7776dc1bc87a88d58f,0.34163539979553326,0.21515224914702846,0.08433507268949013,0.20573805935970196,-0.8313298552976343,0.12893519740363238,0.20524891908731352,0.0004891405597839445,0.00021247969575275406,0.1287227177078796
sample_4206,L15-0566E-1185N_2265_3451_13,50176,0.0,daede069d703460dc1275e43c772caa2a215db963efcbfa2dc4eef610aab241d,64990ea6addff6af93b8eace95fbcf586b8f19e678352f7776dc1bc87a88d58f,0.0013368191929096884,4.5924801032797614e-06,0.0013356687969109994,0.010038868969997835,-0.9973286623983104,0.0026667451137187183,0.009714475352285838,0.00032439359452521695,2.7107475864370853e-06,0.0026640343661322816
sample_4207,L15-1138E-1216N_4553_3325_13,50176,0.037209024234693876,1abbab3a306fa3f8038283dabdb70be12c223dd327c9310917073fc07ac2b981,64990ea6addff6af93b8eace95fbcf586b8f19e678352f7776dc1bc87a88d58f,0.2310612674255607,0.07576131155454333,0.027311458029043004,0.08691698924572122,-0.945377085008679,0.046375543874461446,0.08615633974888356,0.0007606494645608194,0.00012936933426467697,0.046246174540196784
sample_4208,L15-1138E-1216N_4553_3325_13,50176,0.15001195790816327,f69dc30990cd1febf5ad26695e473af7eb4e3ea720416705b05d0e800abd07dc,64990ea6addff6af93b8eace95fbcf586b8f19e678352f7776dc1bc87a88d58f,0.48351902666139257,0.2519696910412187,0.11301858777213576,0.29143891791043824,-0.7739628242344798,0.17842013964768622,0.2904815176643478,0.0009574003776755473,0.00040100284531992215,0.17801913680236628
sample_4209,L15-1185E-0935N_4742_4450_13,50176,0.05719866071428571,aacd6bbc8cd504cc6c1a2bf4dd387ab03186ab75fd59db9d15e333d6b5f209a0,64990ea6addff6af93b8eace95fbcf586b8f19e678352f7776dc1bc87a88d58f,0.181368625643182,0.09641899372364668,0.06220676946306449,0.15910033588118597,-0.8755864618388823,0.0956793064748601,0.15871255930288367,0.00038777665195473976,0.00010830541040026893,0.09557100106445982
sample_4210,L15-1185E-0935N_4742_4450_13,50176,0.07471699617346939,6da842533b9f84fab1f2bcc17e823448cf5fe8d125454f07d194aaf906466d53,64990ea6addff6af93b8eace95fbcf586b8f19e678352f7776dc1bc87a88d58f,0.23316564217552455,0.12805842826715935,0.06123684256750976,0.17738834142062526,-0.8775263153149959,0.10193257138577427,0.17663055269645983,0.0007577886064410376,0.00024137679774043574,0.10169119458803381
sample_4211,L15-0544E-1228N_2176_3279_13,50176,0.17368861607142858,3248844a4999cda3e585f080cf7b5016ecc9c2816af68503e6b3a2f2d439a1a4,64990ea6addff6af93b8eace95fbcf586b8f19e678352f7776dc1bc87a88d58f,0.6086737652447457,0.290009210037241,0.10055794090517245,0.2492450797439946,-0.7988841179804085,0.15218724400284614,0.24850026468734646,0.000744815171628356,0.00021760920463610245,0.15196963479821002
sample_4212,L15-1210E-1025N_4840_4088_13,50176,0.004065688775510204,099c37043fa39eadff447bd804eb36db06a8b64bcd8f26902dde5777389db780,64990ea6addff6af93b8eace95fbcf586b8f19e678352f7776dc1bc87a88d58f,0.029032425193837547,0.01032103327220609,0.014031816095740971,0.048925234865968226,-0.9719363688662038,0.024405204662448617,0.04848447731263565,0.00044075727175962187,4.4270075978819754e-05,0.024360934586469797
sample_4213,L15-1389E-1284N_5557_3054_13,50176,0.0,daede069d703460dc1275e43c772caa2a215db963efcbfa2dc4eef610aab241d,64990ea6addff6af93b8eace95fbcf586b8f19e678352f7776dc1bc87a88d58f,0.0014844977273077095,1.7447470563479134e-05,0.0014800392744625558,0.010466122012263724,-0.9970399216073569,0.002942631078361633,0.010152639538610085,0.0003134824788889442,4.01147106488787e-06,0.0029386196072967445
sample_4214,L15-0368E-1245N_1474_3210_13,50176,0.19884008290816327,decc8ebe4c19be940248a4d7ad115430db619510fdf2ec472b8674a465effd63,64990ea6addff6af93b8eace95fbcf586b8f19e678352f7776dc1bc87a88d58f,0.6005193809411106,0.3157525693800191,0.14487592029926957,0.34281190104607473,-0.7102481593657206,0.21603911974757434,0.34218370723226876,0.0006281939652685912,0.00029958762173966906,0.21573953212583466
sample_4215,L15-1014E-1375N_4056_2688_13,50176,0.1357421875,6069c19b6a6a7a41b0962e4113879af6d706079aae9550b606023a12ee0e4692,64990ea6addff6af93b8eace95fbcf586b8f19e678352f7776dc1bc87a88d58f,0.35602583334049637,0.2183908644746897,0.10394346828890812,0.2612877574863848,-0.7921130636180683,0.1629713562084409,0.26086804909643335,0.00041970843133544303,0.0001702836353811331,0.16280107257305976
sample_4216,L15-1138E-1216N_4553_3325_13,50176,0.061025191326530615,feb142abc4e0243f98e47375ecac90bef714dadfe7b3a4fa31c9cc72666b7007,64990ea6addff6af93b8eace95fbcf586b8f19e678352f7776dc1bc87a88d58f,0.2298806529148178,0.10753169985347918,0.04385801543937806,0.1238798266333299,-0.9122839700505105,0.07125694075864396,0.12357476701835224,0.00030505962630002014,6.477280665811591e-05,0.07119216795198585
sample_4217,L15-0368E-1245N_1474_3210_13,50176,0.2437420280612245,a06e236fd9c026f580fc0a8a98cdf74338e0d5a757798b5b486246242e7cb10b,64990ea6addff6af93b8eace95fbcf586b8f19e678352f7776dc1bc87a88d58f,0.694262775648345,0.38227771337658795,0.15400233642882383,0.35448302846768315,-0.6919953270631202,0.22606617132668047,0.3536204982980222,0.000862530235172441,0.0003792596291209179,0.22568691169755958
sample_4218,L15-0358E-1220N_1433_3310_13,50176,0.08238998724489796,993f918f7122021abbee972c619e11e7c397daf72c1233461c92b28e5f94d550,64990ea6addff6af93b8eace95fbcf586b8f19e678352f7776dc1bc87a88d58f,0.22578403325439567,0.13598238086152306,0.08531058676379295,0.21596864707525765,-0.829378826869522,0.1334151948938806,0.21538371556454736,0.0005849315793337704,0.00024234190052809583,0.13317285299335252
sample_4219,L15-1276E-1107N_5105_3761_13,50176,0.01078204719387755,22e5d1cb73f234d2764d1949e48e53cc1b3b396ce280773f2b9eb9910b920c64,64990ea6addff6af93b8eace95fbcf586b8f19e678352f7776dc1bc87a88d58f,0.058510383209744034,0.021056527874354237,0.006823945918823688,0.02723226138284374,-0.9863521086077265,0.012079362868411315,0.026762906050478527,0.00046935534798584204,3.8304794607522336e-05,0.012041058073803792
sample_4220,L15-0566E-1185N_2265_3451_13,50176,0.0017737563775510204,7c92ea02443d44cb36940faa9f1d700515be90f2fb8f31159249fe9c068bb8ba,64990ea6addff6af93b8eace95fbcf586b8f19e678352f7776dc1bc87a88d58f,0.011743575740895398,0.004232033227669479,0.00553456912582208,0.02166442036414421,-0.9889308620606969,0.009565495532482584,0.021320255643423845,0.00034416466762218144,2.523592190864245e-05,0.009540259610573943
sample_4221,L15-1389E-1284N_5557_3054_13,50176,0.0013751594387755102,2908a4eea388941c9255ae526e97397aa34da0f2fa5b39786ddfdc96285078ba,64990ea6addff6af93b8eace95fbcf586b8f19e678352f7776dc1bc87a88d58f,0.008415224895512096,0.002724523010521463,0.0038947321187077586,0.018602490826043015,-0.9922105359545109,0.007084260656105742,0.017834868714908688,0.0007676220471819031,2.726966385679944e-05,0.007056990992248943
sample_4222,L15-0566E-1185N_2265_3451_13,50176,0.0036870216836734694,60845d6c1bf1fcd2a6e74fc66ae43753443861f0107cc36d237a9415441e1601,64990ea6addff6af93b8eace95fbcf586b8f19e678352f7776dc1bc87a88d58f,0.015424457481645094,0.007216326184425745,0.006917849325631954,0.024264964861092,-0.9861643012363771,0.011595102718503328,0.02389283851389029,0.00037212641830863135,2.1645558521152108e-05,0.011573457159982176
sample_4223,L15-1185E-0935N_4742_4450_13,50176,0.06313775510204081,d136330831043bd1269617aa9d1d88480b9e4b740c0046c1d2160914073aadc9,64990ea6addff6af93b8eace95fbcf586b8f19e678352f7776dc1bc87a88d58f,0.19978990498431276,0.10847117337342771,0.054776929557675075,0.15863249221792286,-0.8904461414406073,0.09151615799815949,0.1581890932564759,0.0004433989655173413,0.00012177628644171272,0.09139438171171778
sample_4224,L15-1210E-1025N_4840_4088_13,50176,0.06433354591836735,4b1d42da0671c02efb390eb309d56ba346948d60588ebbf35e068c534418ec99,64990ea6addff6af93b8eace95fbcf586b8f19e678352f7776dc1bc87a88d58f,0.18340296422465666,0.10249371857409237,0.047534984561415125,0.1239330883150373,-0.9049300319116323,0.07275730006663635,0.12269185222471429,0.0012412360285428375,0.00014539787521502555,0.07261190219142132
sample_4225,L15-1210E-1025N_4840_4088_13,50176,0.07716836734693877,f7509b5af95ff400ead423b1de3cd2ee672397874642348836e52ee088764433,64990ea6addff6af93b8eace95fbcf586b8f19e678352f7776dc1bc87a88d58f,0.2475915794998691,0.13420570399035422,0.05793773632007176,0.1745486974179663,-0.8841245276799693,0.09858918955425104,0.17348306125241958,0.0010656361668204303,0.00029399440064334804,0.0982951951536077
sample_4226,L15-0368E-1245N_1474_3210_13,50176,0.2472297512755102,765e482d6ad6d89b345646254e7e8d5bb3dac607be2cd80bcd1bb12697ecbd32,64990ea6addff6af93b8eace95fbcf586b8f19e678352f7776dc1bc87a88d58f,0.701506812944693,0.38587293270691747,0.1656217584802237,0.3699172263532051,-0.6687564830135385,0.2387537988223541,0.36927986334315654,0.0006373631270322684,0.0002907435941747427,0.23846305522817937
sample_4227,L15-0544E-1228N_2176_3279_13,50176,0.14710220025510204,4ee9052039b1de29c67b3dd9817bdd41eb0d970f907e2ebd267380a6c5f1e7b1,64990ea6addff6af93b8eace95fbcf586b8f19e678352f7776dc1bc87a88d58f,0.4340335331988139,0.24474883676977546,0.10836836122978973,0.28969823908054115,-0.7832632775631823,0.17322705877026542,0.2890128001354829,0.0006854388706856104,0.00022512045103920995,0.1730019383192262
sample_4228,L15-0358E-1220N_1433_3310_13,50176,0.02184311224489796,c16784e2755e0d84b73792576bcd6dbec359fa97b01e5a5657efe9c3f70179aa,64990ea6addff6af93b8eace95fbcf586b8f19e678352f7776dc1bc87a88d58f,0.08786842005951043,0.0477249513605171,0.049757094482406596,0.11665863562970127,-0.9004858123644566,0.07253193516001993,0.11613270977081291,0.0005259260381423949,0.00010786646002501667,0.07242406869999495
sample_4229,L15-1848E-0793N_7394_5018_13,50176,0.0,daede069d703460dc1275e43c772caa2a215db963efcbfa2dc4eef610aab241d,64990ea6addff6af93b8eace95fbcf586b8f19e678352f7776dc1bc87a88d58f,0.004954325359491074,0.0007013328078694191,0.004760326024106875,0.021386878189232367,-0.9904793482991372,0.008819319240344332,0.020720234402825107,0.0006666437294117042,2.565614958229006e-05,0.00879366309076204
sample_4230,L15-0544E-1228N_2176_3279_13,50176,0.14383370535714285,bec920a1bf6e1cf474ca643b1c405e07ebf4b1deff1eadbf469b6f94b9eb74bb,64990ea6addff6af93b8eace95fbcf586b8f19e678352f7776dc1bc87a88d58f,0.4298354532169912,0.23905786028808446,0.10487560453297266,0.28276775494152223,-0.7902487908658881,0.16830954472950993,0.28213484489414253,0.0006329100870036995,0.00020744912835588239,0.16810209560115405
sample_4231,L15-1014E-1375N_4056_2688_13,50176,0.07700892857142858,16870129ca7bfd9e13432b2469cfdb39997d735fe8374a4d73b27f34a8d37f10,64990ea6addff6af93b8eace95fbcf586b8f19e678352f7776dc1bc87a88d58f,0.22805191868133856,0.12706921828265577,0.07987292120898408,0.18996931307567141,-0.840254158294177,0.11733853487736526,0.1892856315731702,0.0006836814317933171,0.0002135617815359162,0.11712497309582935
sample_4232,L15-0566E-1185N_2265_3451_13,50176,0.0015744579081632653,b3c9c2f19c908da28dd7928740e839fc37568313a7402e8b70d4754809b1d84d,64990ea6addff6af93b8eace95fbcf586b8f19e678352f7776dc1bc87a88d58f,0.00981460703582156,0.00328469031473588,0.004703083231199381,0.019635708762836743,-0.9905938337369284,0.00818506957586114,0.019346285727899194,0.00028942302611892513,1.2757437548551088e-05,0.008172312138312588
sample_4233,L15-0368E-1245N_1474_3210_13,50176,0.2352917729591837,91a371a3fd630aadab1e5502bfad1416c3dee4aeb8ad17c61e6bef56d2b2f88f,64990ea6addff6af93b8eace95fbcf586b8f19e678352f7776dc1bc87a88d58f,0.7019518943468189,0.3765555656152157,0.13374130028936707,0.3275275858100798,-0.7325173993493058,0.20480438719813396,0.3269353137895589,0.0005922720365668836,0.000271352942996444,0.20453303425513758
sample_4234,L15-1210E-1025N_4840_4088_13,50176,0.07730787627551021,6ac180528f503bbffe308471c07f5a58f3259218d64e2fffba42d3a71408eea2,64990ea6addff6af93b8eace95fbcf586b8f19e678352f7776dc1bc87a88d58f,0.25546357800920755,0.13564648507746224,0.048618487752403836,0.1532952360367647,-0.9027630248049466,0.08433071326777222,0.15259552989084,0.0006997062258505317,0.00016356918782784477,0.08416714407994436
sample_4235,L15-1185E-0935N_4742_4450_13,50176,0.05923150510204082,e5afc3601e6baaa42ec8bfa144258758b4118ba7d9ef3f616729ed9c86d12c9f,64990ea6addff6af93b8eace95fbcf586b8f19e678352f7776dc1bc87a88d58f,0.19368220591405616,0.10276809660534689,0.07125303802099459,0.18154727590070627,-0.857493924548572,0.1095828612276579,0.18093346143060188,0.0006138145305769503,0.00017511332177174937,0.10940774790588617
sample_4236,L15-1138E-1216N_4553_3325_13,50176,0.0478515625,d50205d0a10891d74d59c30149fbc47c12cfe927da7ca54cf01b618697b28e30,64990ea6addff6af93b8eace95fbcf586b8f19e678352f7776dc1bc87a88d58f,0.29321572690565584,0.10509231005169825,0.07630239623807827,0.2129554298773854,-0.8473952077428124,0.1256292924830565,0.21193360619044613,0.0010218236959231757,0.00036639151125990055,0.1252629009717966
sample_4237,L15-1210E-1025N_4840_4088_13,50176,0.07547433035714286,0f6f751b83f445fa0c1aa19ac17a0d0c7c4e9b5345f865bb1b580b0e80478261,64990ea6addff6af93b8eace95fbcf586b8f19e678352f7776dc1bc87a88d58f,0.25918798841389257,0.1325268295473742,0.04941870284157482,0.1503848647532544,-0.9011625948330845,0.08416325989045734,0.14975968953177932,0.0006251751018207818,0.00013844648444982197,0.08402481340600752
sample_4238,L15-1848E-0793N_7394_5018_13,50176,0.0007971938775510204,daede069d703460dc1275e43c772caa2a215db963efcbfa2dc4eef610aab241d,64990ea6addff6af93b8eace95fbcf586b8f19e678352f7776dc1bc87a88d58f,0.03922044718881904,0.013096242340080548,0.03500165315986402,0.09866198467814734,-0.9299966947275269,0.057319043029538344,0.09817381674422622,0.00048816803915489334,0.0001043225419837235,0.057214720487554625
sample_4239,L15-0358E-1220N_1433_3310_13,50176,0.04374601403061224,8f53d74320effb3269ee89ede4c6c5c42a1f2f76eb698f28eb39932207bf3bae,64990ea6addff6af93b8eace95fbcf586b8f19e678352f7776dc1bc87a88d58f,0.15416989276483137,0.07849800885343622,0.04936866813020933,0.1270468134462266,-0.9012626648416415,0.07638576207575064,0.12661335367818832,0.0004334598067309133,0.00010597243247891484,0.07627978964327171
sample_4240,L15-0566E-1185N_2265_3451_13,50176,0.0,daede069d703460dc1275e43c772caa2a215db963efcbfa2dc4eef610aab241d,64990ea6addff6af93b8eace95fbcf586b8f19e678352f7776dc1bc87a88d58f,0.001714684390492398,6.210694936920049e-05,0.0016976335140572367,0.01155604359983837,-0.9966047330962562,0.003333160078745273,0.011186249502784146,0.00036979409119014653,4.179929506635234e-06,0.0033289801492386376
sample_4241,L15-0544E-1228N_2176_3279_13,50176,0.15497448979591838,6e2ab5b63375d4fd6fe16ff11ec0ae4d196374f6cdcbceaf302f6ea1ce3285f7,64990ea6addff6af93b8eace95fbcf586b8f19e678352f7776dc1bc87a88d58f,0.5081612612445869,0.2676024434899603,0.11554843981807329,0.3079578648033603,-0.7689031203503055,0.18580382183742578,0.3070845057610306,0.0008733590043533163,0.00032074492306138745,0.1854830769143644
sample_4242,L15-1210E-1025N_4840_4088_13,50176,0.02198262117346939,425931f84e124318608476b412cf0e31eca37bc5cdaaec590fb878cc1fcc8b00,64990ea6addff6af93b8eace95fbcf586b8f19e678352f7776dc1bc87a88d58f,0.08757191008603647,0.040254329999143336,0.031905396101397594,0.09981606118642475,-0.9361892086450999,0.0535759425030771,0.09938246716917237,0.00043359408760648417,7.326891703396671e-05,0.053502673586043124
sample_4243,L15-0358E-1220N_1433_3310_13,50176,0.04669563137755102,4c4abe2438b0fcbefcc117c11d3691b20aed04bc78b5a81170030996a9539c4f,64990ea6addff6af93b8eace95fbcf586b8f19e678352f7776dc1bc87a88d58f,0.15457721759764798,0.08570652526636428,0.0611897144675711,0.1503115834996867,-0.8776205721526756,0.09211084626691975,0.14982156047918524,0.0004900230791835273,0.00010262984857693266,0.09200821641834281
sample_4244,L15-1185E-0935N_4742_4450_13,50176,0.07278380102040816,1bf08c9547d42bd171642b345239bfccd4c2a7fc9337eb27a7a1a904c0a4aca5,64990ea6addff6af93b8eace95fbcf586b8f19e678352f7776dc1bc87a88d58f,0.2370598585314414,0.12672662022684542,0.051067371033037046,0.1560461213428324,-0.8978652583259465,0.0872714096265303,0.1553301436572059,0.0007159778161921435,0.00019718763204877287,0.08707422199448153
sample_4245,L15-1748E-1247N_6993_3202_13,50176,0.0015545280612244898,6151bfd2392578824ed2981d3e73d02e4cb94ebbedff03525b250b192f386c40,64990ea6addff6af93b8eace95fbcf586b8f19e678352f7776dc1bc87a88d58f,0.009622942376636637,0.003589763919571376,0.006806476052365817,0.024185655799694474,-0.9863870483484423,0.011126003612399968,0.02373887602389944,0.00044677961260531713,2.191687589335714e-05,0.01110408673650661
sample_4246,L15-1276E-1107N_5105_3761_13,50176,0.019471460459183673,1520d738279726144beb908151152bd164f2d9937fa08d108d316f59f8fbec64,64990ea6addff6af93b8eace95fbcf586b8f19e678352f7776dc1bc87a88d58f,0.0779132893388189,0.03610873811054759,0.017464045783248255,0.059663468288369555,-0.9650719095593729,0.030810028469489027,0.05915129132310571,0.0005121770637780115,6.771419263823312e-05,0.0307423142768508
sample_4247,L15-0358E-1220N_1433_3310_13,50176,0.047353316326530615,4dd29411249fa562ff9bf79a068f0b3ea9a38d19cd7c75896da5dd6602d80b6d,64990ea6addff6af93b8eace95fbcf586b8f19e678352f7776dc1bc87a88d58f,0.15063402795655675,0.08478055078867636,0.07258774528199123,0.17196354514048418,-0.8548245103553311,0.10743695076059558,0.1714666094056778,0.0004969357490536886,0.00017051229846375983,0.10726643846213182
sample_4248,L15-1185E-0935N_4742_4450_13,50176,0.06869818239795919,cd23745243155d99fe33237a934e6dc3cd0e2b4b74dd4402b99b7a4bea4a5098,64990ea6addff6af93b8eace95fbcf586b8f19e678352f7776dc1bc87a88d58f,0.22741029437136134,0.11924958589755434,0.044836162252123564,0.13625181382971455,-0.9103276762491503,0.0762837468868858,0.135779048695492,0.00047276518627181415,0.00013340393427048623,0.07615034295261532
sample_4249,L15-1210E-1025N_4840_4088_13,50176,0.07595264668367346,4157dd989f3a0f55d0599d7109acf8a3790298e19ba38e4ad99684c1d6b4c09b,64990ea6addff6af93b8eace95fbcf586b8f19e678352f7776dc1bc87a88d58f,0.25530915278749017,0.1332227836656617,0.05165551264523244,0.15913543643415576,-0.8966889751069342,0.0886650282014783,0.15820419036359643,0.0009312461745981134,0.00020544880380810455,0.08845957939767023
sample_4250,L15-1276E-1107N_5105_3761_13,50176,0.00940688775510204,fb673ac372227b83fa22a2fc56b059afc413ecd914618d62ed347083a6c573ad,64990ea6addff6af93b8eace95fbcf586b8f19e678352f7776dc1bc87a88d58f,0.05729177343196025,0.01823080878869559,0.003583058674477649,0.017399086500145586,-0.992833882853057,0.006551552003144871,0.017035721834890657,0.00036336466067556506,1.4235859480852567e-05,0.006537316143664019
sample_4251,L15-0544E-1228N_2176_3279_13,50176,0.15481505102040816,515f3ec72a04a910fe91c4453ea6534729020ef46a9470c74364a471e565304c,64990ea6addff6af93b8eace95fbcf586b8f19e678352f7776dc1bc87a88d58f,0.49662876858156585,0.2659452242314597,0.1211085408351061,0.3191728152784221,-0.7577829181258835,0.1938239950524367,0.3183785313444685,0.0007942840832195787,0.00033382986210563005,0.19349016519033108
sample_4252,L15-0358E-1220N_1433_3310_13,50176,0.04840959821428571,75968a2e6b0e4b90c2cd914d4deeb8ced33240e480e1cb3411c386af6ae94c8a,64990ea6addff6af93b8eace95fbcf586b8f19e678352f7776dc1bc87a88d58f,0.1498725826431575,0.08411851210692756,0.06932498607903301,0.16558429009369366,-0.8613500287797363,0.10291020030170293,0.16512197299843226,0.000462317063181783,0.00015609493548840938,0.1027541053662145
sample_4253,L15-1848E-0793N_7394_5018_13,50176,0.021504304846938774,daede069d703460dc1275e43c772caa2a215db963efcbfa2dc4eef610aab241d,64990ea6addff6af93b8eace95fbcf586b8f19e678352f7776dc1bc87a88d58f,0.05126065292018517,0.03156751503658864,0.026205577522905886,0.06400846884145592,-0.9475888460073965,0.0375515117455391,0.06356512772583639,0.0004433410369516613,5.620607689572812e-05,0.03749530566864336
sample_4254,L15-0544E-1228N_2176_3279_13,50176,0.14196029974489796,0fae49eba642a7f9c03c8d5a616f2c4108ab957e1b47e16556c371bf59c9b8df,64990ea6addff6af93b8eace95fbcf586b8f19e678352f7776dc1bc87a88d58f,0.4201733802061883,0.23778003162141395,0.11845628420076314,0.3128780478561346,-0.7630874314375204,0.18929897718856184,0.31219629454212827,0.0006817534083995784,0.0002627437566887237,0.1890362334318731
sample_4255,L15-1276E-1107N_5105_3761_13,50176,0.009088010204081632,d73b6308c4c36a4e36f5ba28c0cb662de897987b8370d0b20081a8ad7d0eca46,64990ea6addff6af93b8eace95fbcf586b8f19e678352f7776dc1bc87a88d58f,0.048955053152256324,0.01693744518883623,0.002283558934898477,0.012189676135156853,-0.995432882286914,0.004107775078243375,0.011970132900184966,0.00021954318648624487,5.121776939695077e-06,0.004102653301303679
sample_4256,L15-0544E-1228N_2176_3279_13,50176,0.15284199617346939,46f614c077b01619815ce31346510580ead91d0ff7bdef3ddc902aef7e46c999,64990ea6addff6af93b8eace95fbcf586b8f19e678352f7776dc1bc87a88d58f,0.6413501289461623,0.27720173127178543,0.061337687287774244,0.19245477275164471,-0.8773246254149806,0.10613693273213584,0.19141783056171643,0.0010369422369103031,0.0002706464569613742,0.10586628627517446
sample_4257,L15-0368E-1245N_1474_3210_13,50176,0.14670360331632654,046a9ce83d50833b2b7e318b52c8930b8d9dc80d2f843be30bd0ea82b5bd2794,64990ea6addff6af93b8eace95fbcf586b8f19e678352f7776dc1bc87a88d58f,0.3411302113945651,0.21840206865073392,0.08669071890085897,0.21372299619216378,-0.8266185628678411,0.1339100002965644,0.21308292252301334,0.0006400738280956508,0.00029079988824632437,0.1336192004083181
sample_4258,L15-1210E-1025N_4840_4088_13,50176,0.004464285714285714,0ce3cd33712d308d409cd469fe784a622bf942640bc2710fa1528d8fef32bf7e,64990ea6addff6af93b8eace95fbcf586b8f19e678352f7776dc1bc87a88d58f,0.027068126039374123,0.010691744914239854,0.010818878801691592,0.034914740372037775,-0.9783622431595725,0.017997281237574655,0.03462094839346632,0.00029379193060591677,2.6504850095780992e-05,0.01797077638747887
sample_4259,L15-1185E-0935N_4742_4450_13,50176,0.13056042729591838,20df3121570becc96c5af4f734242c2d4d1e2271ca0b2d6d98fba2d083ad90d8,64990ea6addff6af93b8eace95fbcf586b8f19e678352f7776dc1bc87a88d58f,0.36942417034874925,0.20412302050758824,0.09784555739167203,0.23543865209847015,-0.8043088851951083,0.1443691364873063,0.234635431428302,0.0008032206752611322,0.00026961756568103613,0.14409951892162526
sample_4260,L15-1748E-1247N_6993_3202_13,50176,0.013333067602040817,82db7bec38288ef703e2ed39ead113e90bf29d3e8bcd569c17e487fa2e9a7c98,64990ea6addff6af93b8eace95fbcf586b8f19e678352f7776dc1bc87a88d58f,0.04759293800563453,0.025387465610117517,0.02463358244502309,0.0653608430613168,-0.950732836227663,0.03731752582217307,0.06454776642206232,0.0008130766669265286,8.751806707431535e-05,0.03723000775509876
sample_4261,L15-1389E-1284N_5557_3054_13,50176,0.0014947385204081632,2908a4eea388941c9255ae526e97397aa34da0f2fa5b39786ddfdc96285078ba,64990ea6addff6af93b8eace95fbcf586b8f19e678352f7776dc1bc87a88d58f,0.008241182971077133,0.003094216271204573,0.002914121038308937,0.012790162570732008,-0.9941717580826954,0.004994367873560023,0.012575911133704577,0.00021425147005902094,4.2688883239591056e-06,0.004990098985236065
sample_4262,L15-1748E-1247N_6993_3202_13,50176,0.005361128826530612,e71cb1c1ac4fa2cbb3c232e9e2e7639c44095a999cbfb73382069c0319f2d99c,64990ea6addff6af93b8eace95fbcf586b8f19e678352f7776dc1bc87a88d58f,0.03270375868776836,0.012974475443420999,0.018118639319792997,0.0570677884058029,-0.9637627225597791,0.030551885486070133,0.05669871250959912,0.00036907590870059536,5.043681083905614e-05,0.03050144867523108
sample_4263,L15-0358E-1220N_1433_3310_13,50176,0.03962053571428571,fcef5a1876fac55792780f8b86a036f73c9a95547956f49354762a35cdbd8120,64990ea6addff6af93b8eace95fbcf586b8f19e678352f7776dc1bc87a88d58f,0.11182149940112432,0.06653095366893388,0.06654860239181364,0.1404476327742042,-0.8669027971157296,0.09098330696614947,0.1402436025017848,0.00020403013517959217,5.288048337043022e-05,0.09093042648277905
sample_4264,L15-1185E-0935N_4742_4450_13,50176,0.05309311224489796,1c9d95fcc824852cd3d22ba6ab929f668d5f2b64a4e594411805d190996ebba0,64990ea6addff6af93b8eace95fbcf586b8f19e678352f7776dc1bc87a88d58f,0.16831294695830298,0.08947002460325047,0.05640153672631678,0.15076047312443833,-0.8871969272598216,0.08872068019906106,0.14980613403179543,0.0009543390614535703,0.00023409620974630555,0.08848658398931478
sample_4265,L15-1276E-1107N_5105_3761_13,50176,0.010224011479591837,8591e6545203dc20267936a1c0fada9d28b0a51609ad6907da3af0120d374caa,64990ea6addff6af93b8eace95fbcf586b8f19e678352f7776dc1bc87a88d58f,0.06039685612633877,0.01991654340795812,0.0037390352987057094,0.0176957809531886,-0.9925219300385908,0.006808887380364606,0.017334148752222146,0.0003616321194998698,1.82731842114012e-05,0.006790614196153203
sample_4266,L15-1848E-0793N_7394_5018_13,50176,0.025251116071428572,1d1aaabcdd94c4f2aa5cd01957918fe4d2a37c6bb3758bcd8c22c875865a4d8b,64990ea6addff6af93b8eace95fbcf586b8f19e678352f7776dc1bc87a88d58f,0.08685416325361957,0.04594281875594763,0.036245013188038556,0.09746913656365899,-0.9275099751571503,0.057785883403821084,0.09700665306991525,0.00046248357436572384,7.771140474703874e-05,0.057708171999074034
sample_4267,L15-0368E-1245N_1474_3210_13,50176,0.20021524234693877,09a26ff9a24b9bfa35281f5ab86bd161d503bc3879238319c4be19dc1952a12c,64990ea6addff6af93b8eace95fbcf586b8f19e678352f7776dc1bc87a88d58f,0.5560257515347465,0.3198930023415243,0.11903514622054918,0.2968147721254975,-0.761929707269162,0.1835550338201611,0.2954232164148435,0.0013915556389776389,0.0005314584366582756,0.1830235753835028
sample_4268,L15-1014E-1375N_4056_2688_13,50176,0.17655851403061223,c1b6e4167a55cae2ab0832fc2f707aa226c133535a54b496dd500785e0c2f5b1,64990ea6addff6af93b8eace95fbcf586b8f19e678352f7776dc1bc87a88d58f,0.48162646558244293,0.2858041990805672,0.11698521098373837,0.2990093045886913,-0.766029577737854,0.18411124367674103,0.2982082102837137,0.0008010945295822731,0.00034456097194911933,0.18376668270479188
sample_4269,L15-1848E-0793N_7394_5018_13,50176,0.00015943877551020407,a3f4aec7b0054265f83404a6d96b49ed44efc2220960fd6c82087a67e2399fd2,64990ea6addff6af93b8eace95fbcf586b8f19e678352f7776dc1bc87a88d58f,0.016350047432990553,0.005686369721061489,0.014368604087004704,0.042235445606004805,-0.9712627921341455,0.023182256504618973,0.041784340481017965,0.00045110511416963787,3.75911326333113e-05,0.023144665371985663
sample_4270,L15-1276E-1107N_5105_3761_13,50176,0.009446747448979591,0a76c57fc6848a25f908bcebf0af0b47bd0bebc4d223fa6605aece3e3201b834,64990ea6addff6af93b8eace95fbcf586b8f19e678352f7776dc1bc87a88d58f,0.04771827560632541,0.017352634299209985,0.005288398796122293,0.02104471469042942,-0.9894232029886688,0.008981241873147246,0.02064050036486685,0.0004042142725762883,2.260966400519627e-05,0.00895863220914205
sample_4271,L15-1185E-0935N_4742_4450_13,50176,0.076171875,ffc684711fb0a29c1b6fdd69647defc48c4bc6d07e93c3d09ca453575e5757ca,64990ea6addff6af93b8eace95fbcf586b8f19e678352f7776dc1bc87a88d58f,0.23695513909880828,0.12856365009927204,0.0594043510642891,0.1696727187564913,-0.8811912982311793,0.0979897562831605,0.16916768993254747,0.0005050288323048084,0.00016209244005579448,0.09782766384310469
sample_4272,L15-1185E-0935N_4742_4450_13,50176,0.14662388392857142,1f8f35b5200314812f345f1cac70a6af9380e4d0e9b7ff97c6ab79fb6388491e,64990ea6addff6af93b8eace95fbcf586b8f19e678352f7776dc1bc87a88d58f,0.40637128200167366,0.243252893582812,0.13480395491339495,0.3462879325286321,-0.7303920901223873,0.21495530028500165,0.3455205144294511,0.0007674180043587804,0.00034607081485241354,0.21460922947014927
sample_4273,L15-0566E-1185N_2265_3451_13,50176,0.0031489158163265306,9b8c72e76203436b129ee280ad1f4016bfc3411a708b063d5f7600e61e662d37,64990ea6addff6af93b8eace95fbcf586b8f19e678352f7776dc1bc87a88d58f,0.017398242607151032,0.006324269985206696,0.0031543884732836516,0.015068063486797954,-0.9936912234285779,0.005676100007795074,0.014651390478618674,0.00041667288861687966,1.2085365798513527e-05,0.005664014641996561
sample_4274,L15-1185E-0935N_4742_4450_13,50176,0.06762197066326531,9789b4853bc4f2b255e843f74e0270c7b463d0f9a26dd23278e8a1fe7f73d609,64990ea6addff6af93b8eace95fbcf586b8f19e678352f7776dc1bc87a88d58f,0.2076259764198068,0.11451822409578198,0.06741386394334804,0.18109389044684138,-0.8651722725749333,0.10800379550925007,0.18044858510908185,0.0006453054695171083,0.0002227077069657222,0.10778108780228435
sample_4275,L15-0544E-1228N_2176_3279_13,50176,0.18793845663265307,8c24825926c9bcc2597eea9c63e5d315dd6bec9d3d27ae4f5a0398c9dc6250f1,64990ea6addff6af93b8eace95fbcf586b8f19e678352f7776dc1bc87a88d58f,0.5868366791838967,0.30576895653886954,0.08953650953956138,0.23013808560847443,-0.8209269807006906,0.13762753067110292,0.22893640733235002,0.0012016784439567653,0.00035673650952013243,0.1372707941615828
sample_4276,L15-1210E-1025N_4840_4088_13,50176,0.002551020408163265,51d9421702b40d2628eb1474b8260987ab669a476cd5e7c5b7a9773db259c5f6,64990ea6addff6af93b8eace95fbcf586b8f19e678352f7776dc1bc87a88d58f,0.022978113983865622,0.0077438591958096225,0.015018821012095682,0.05237834115783235,-0.9699623591452464,0.026410874555357167,0.0516533076831643,0.0007250334762451552,7.542175374688557e-05,0.026335452801610277
sample_4277,L15-0368E-1245N_1474_3210_13,50176,0.20493861607142858,09a26ff9a24b9bfa35281f5ab86bd161d503bc3879238319c4be19dc1952a12c,64990ea6addff6af93b8eace95fbcf586b8f19e678352f7776dc1bc87a88d58f,0.5310548666163514,0.31888625953760485,0.1405491834418487,0.3404558451476629,-0.718901632804165,0.21465731162696194,0.3397133120640881,0.0007425333266471549,0.00035059108494613284,0.21430672054201583
sample_4278,L15-1138E-1216N_4553_3325_13,50176,0.15270248724489796,186ee44cbdb90006c3d183c608c95c746c13c79f81b403517cf30ebe12e856e8,64990ea6addff6af93b8eace95fbcf586b8f19e678352f7776dc1bc87a88d58f,0.4647719250511036,0.2517610769669429,0.12411222797200767,0.3114395779416763,-0.7517755438980606,0.1925506434165805,0.31031458813679913,0.0011249898184304554,0.00047668825034291194,0.19207395516623757
sample_4279,L15-0368E-1245N_1474_3210_13,50176,0.20139110331632654,09a26ff9a24b9bfa35281f5ab86bd161d503bc3879238319c4be19dc1952a12c,64990ea6addff6af93b8eace95fbcf586b8f19e678352f7776dc1bc87a88d58f,0.528239355504901,0.3177438515468404,0.1310805215676106,0.3267793833896903,-0.7378389564674961,0.2034401605381265,0.3244917732482894,0.002287610211040286,0.001025260661987065,0.20241489987613948
sample_4280,L15-1210E-1025N_4840_4088_13,50176,0.023158482142857144,f4bf35d88cdf92440f459127858397711120dcc539089f88c475c8c10a51548e,64990ea6addff6af93b8eace95fbcf586b8f19e678352f7776dc1bc87a88d58f,0.0869710067504805,0.04046354938591366,0.025444412227406413,0.0787022702633718,-0.9491111766449487,0.04207656377012125,0.07805495412593616,0.0006473159423429778,9.056093212368802e-05,0.04198600283799756
sample_4281,L15-1185E-0935N_4742_4450_13,50176,0.14811862244897958,6d5c8280ae36314c680c1014923ba65a882c25a30f89d3425cc5a1d1b91a786d,64990ea6addff6af93b8eace95fbcf586b8f19e678352f7776dc1bc87a88d58f,0.40641027822469616,0.2462804289510737,0.1357142356336022,0.34895178517596914,-0.7285715285698412,0.21641357685857865,0.34834562992403634,0.0006061552727436472,0.00025961059484579005,0.21615396626373276
sample_4282,L15-1276E-1107N_5105_3761_13,50176,0.009705835459183673,b8c7aded2ce792482b31c9330827b7e52e29fda156e1edc718ad1b3ccb84067d,64990ea6addff6af93b8eace95fbcf586b8f19e678352f7776dc1bc87a88d58f,0.04887095380559004,0.01725450097237312,0.0034673117939857958,0.014904875455970685,-0.9930653763242633,0.005695071314148841,0.0145935765059634,0.0003112990701377297,9.084664968198384e-06,0.005685986649180642
sample_4283,L15-1848E-0793N_7394_5018_13,50176,0.006098533163265306,a6781bdfb2b90638cd1af52c87442c007aee0b5feab11251b997c66f35bf89f5,64990ea6addff6af93b8eace95fbcf586b8f19e678352f7776dc1bc87a88d58f,0.02613332727778169,0.012125438841728831,0.011367049065836686,0.03812947858216888,-0.9772659023577279,0.01956679873880431,0.03790266103346674,0.00022681748399717614,2.193303833846268e-05,0.019544865700465847
sample_4284,L15-1138E-1216N_4553_3325_13,50176,0.14937420280612246,ad1e99cd6867edcf15542ce1b5c22b588070414aaed1b08300f3ead583907469,64990ea6addff6af93b8eace95fbcf586b8f19e678352f7776dc1bc87a88d58f,0.49911871534373087,0.2534297356613081,0.09459123045933071,0.26119047774696086,-0.8108175388915047,0.15502530354027594,0.26047075205780773,0.0007197257999481055,0.00024131114090979002,0.15478399239936613
sample_4285,L15-1276E-1107N_5105_3761_13,50176,0.020208864795918366,3bf25573b19bc33aa6fd27b958c364c0772d0d0a0a3605d73b5398efaa4fbd61,64990ea6addff6af93b8eace95fbcf586b8f19e678352f7776dc1bc87a88d58f,0.08706058978694113,0.037814352112565765,0.015539790817289328,0.055736254899957746,-0.9689204196873444,0.027648117001488316,0.05527185421525992,0.0004644005302511534,5.633964407713566e-05,0.027591777357411175
sample_4286,L15-1748E-1247N_6993_3202_13,50176,0.0014150191326530613,8daf05172d2a1e9d9040274604059e0f5864e4bd4a436cfba6947e7340d3e376,64990ea6addff6af93b8eace95fbcf586b8f19e678352f7776dc1bc87a88d58f,0.010454340449568276,0.0036862677808043366,0.00831451103666189,0.028802070457644133,-0.9833709784233979,0.013820743548701614,0.028385724066654974,0.00041634650692340744,2.8640091492410348e-05,0.013792103457209203
sample_4287,L15-1389E-1284N_5557_3054_13,50176,0.07376036352040816,71592e090bf309a59c3982c6b4d9d7de5245d3ddbdcc1befbb61eeb112d59c16,64990ea6addff6af93b8eace95fbcf586b8f19e678352f7776dc1bc87a88d58f,0.20857914083604617,0.1233093627652803,0.0798262608218558,0.1966932590722203,-0.8403474797828229,0.1232493454955605,0.1961277559613272,0.0005655031547430393,0.0002314399214475488,0.12301790557411298
sample_4288,L15-1389E-1284N_5557_3054_13,50176,0.024174904336734693,cbe5e82ea6e5ba2ac1940726e0b19300931cc2c12916fca3f4f403e48cdd2598,64990ea6addff6af93b8eace95fbcf586b8f19e678352f7776dc1bc87a88d58f,0.06799490234326391,0.04072942437251971,0.03340355580677373,0.08094252273210767,-0.9331928892968535,0.05006546286592722,0.08065770637453883,0.00028481633558367605,4.2907266395963375e-05,0.05002255559953126
sample_4289,L15-0544E-1228N_2176_3279_13,50176,0.14060507015306123,9f4ad63e481ec55b11e73e251f1a05c31aa9334ebf43ce4475b6ac8debb2c3e0,64990ea6addff6af93b8eace95fbcf586b8f19e678352f7776dc1bc87a88d58f,0.4703793399658036,0.24154693823588583,0.08337206097096395,0.234602829245922,-0.833255877977235,0.13595377047938434,0.23408238378453172,0.0005204456084382207,0.00013702612569646048,0.1358167443536879
sample_4290,L15-0566E-1185N_2265_3451_13,50176,0.019810267857142856,00af56e9ae19ba9a50a579b2caefb43726e8a8193411a3e96163877501f5caf9,64990ea6addff6af93b8eace95fbcf586b8f19e678352f7776dc1bc87a88d58f,0.08870075111364532,0.03794005875925545,0.02461446845566626,0.07023646890125228,-0.9507710641036021,0.03961540649204237,0.06989435703853429,0.0003421119356110397,6.216591592850093e-05,0.03955324057611386
sample_4291,L15-0358E-1220N_1433_3310_13,50176,0.036631058673469385,237cca57fd1a893d1a78221d1c6883e365ba7c3d396b859d0c7bb763814c35db,64990ea6addff6af93b8eace95fbcf586b8f19e678352f7776dc1bc87a88d58f,0.10551335601895076,0.06376042832475758,0.05859941608576598,0.1260728208107344,-0.8828011694007374,0.08133002644988795,0.12580602952381742,0.0002667912019512299,6.893303786474919e-05,0.08126109341202319
sample_4292,L15-1276E-1107N_5105_3761_13,50176,0.010602678571428572,6e94660198c429444a5c5a8e25482f60d1a10dcccaf5abe78f7d7e9e3afa51e5,64990ea6addff6af93b8eace95fbcf586b8f19e678352f7776dc1bc87a88d58f,0.0653353348588823,0.02089961526565702,0.0033899207388012843,0.017225352987998065,-0.9932201587815329,0.006208919812870914,0.016844599370837647,0.00038075364457920306,1.3371527138376823e-05,0.006195548285732538
sample_4293,L15-1014E-1375N_4056_2688_13,50176,0.06818000637755102,3fdf1dc6ba2451845dc80a5e4aae327f1365f04c19a550b3f7efb933764e4415,64990ea6addff6af93b8eace95fbcf586b8f19e678352f7776dc1bc87a88d58f,0.20095650908877932,0.10852634724878235,0.05826338403264289,0.14281385126451884,-0.883473232932656,0.08633701956853758,0.14239087185119859,0.0004229793627974187,0.0001063817864791387,0.08623063778205844
sample_4294,L15-1210E-1025N_4840_4088_13,50176,0.020268654336734693,6cb7553e3db30a880295153c0abbd5f762bb645cf7eee93c8174763cfbbac191,64990ea6addff6af93b8eace95fbcf586b8f19e678352f7776dc1bc87a88d58f,0.08212890176320992,0.03689482060174491,0.02165290700362007,0.06924959683864053,-0.9566941872267655,0.03605917236753777,0.06857737671878525,0.0006722200859967392,8.803085402121868e-05,0.035971141513516554
sample_4295,L15-1389E-1284N_5557_3054_13,50176,0.0015943877551020409,20b85f93cecbb7ff683f7dd266e032daa5c614fe6af004fd5db1480b48a1860b,64990ea6addff6af93b8eace95fbcf586b8f19e678352f7776dc1bc87a88d58f,0.008536306240297513,0.003036691142512622,0.003279018272854844,0.015596858575931316,-0.993441963701002,0.005819923010835389,0.015246201604472334,0.00035065682969216894,1.635711280631034e-05,0.005803565898029079
sample_4296,L15-1748E-1247N_6993_3202_13,50176,0.0015345982142857143,b15c44d77dcdd305c471ca75001b82cd1f9aa64345316764e3127499ddc6c725,64990ea6addff6af93b8eace95fbcf586b8f19e678352f7776dc1bc87a88d58f,0.012158030403621147,0.0038226612900995865,0.009088284336030483,0.03231237211295066,-0.9818234319472331,0.015471148904004356,0.031809504586895944,0.0005028674921437179,3.714195934920276e-05,0.015434006944655155
sample_4297,L15-1276E-1107N_5105_3761_13,50176,0.06658561862244898,8e4f25c253fc0f181395f3e4610e47a61249afe6549d64d7b3dbad0ed7cff19d,64990ea6addff6af93b8eace95fbcf586b8f19e678352f7776dc1bc87a88d58f,0.22674241072164358,0.11907010044693217,0.07827212777444903,0.19681021363090967,-0.8434557452244396,0.12110921488022477,0.19607696095859226,0.0007332525587872687,0.00020348250835074754,0.12090573237187403
sample_4298,L15-0368E-1245N_1474_3210_13,50176,0.18205915178571427,f54e30b4fac7bf945d3ac2e08745dc0230c3583c774d776a7007583093baeadf,64990ea6addff6af93b8eace95fbcf586b8f19e678352f7776dc1bc87a88d58f,0.5136253888091304,0.29410148312185463,0.16887765068665375,0.38537336280758494,-0.6622446986349702,0.24874351580699824,0.3848202927852228,0.0005530701301607733,0.0002650020663687926,0.2484785137406295
sample_4299,L15-1185E-0935N_4742_4450_13,50176,0.06487165178571429,418a239a13019a6eee7f58abe1bd1d906294ffb5cbb53c5f9512d3335525368e,64990ea6addff6af93b8eace95fbcf586b8f19e678352f7776dc1bc87a88d58f,0.209198862725769,0.10924008722803857,0.06138688058839464,0.16348385730002227,-0.8772262394115988,0.0965627091252689,0.1628014253309318,0.0006824319244031502,0.00017000181651965162,0.09639270730874926
sample_4300,L15-0368E-1245N_1474_3210_13,50176,0.19108737244897958,0d0dd78b4fb50a4d608b3c017ed4ce7d9fdac5c9b9fa9079d168c1b9bc0b2aa2,64990ea6addff6af93b8eace95fbcf586b8f19e678352f7776dc1bc87a88d58f,0.5596816856455886,0.3080319877375938,0.17281770116141143,0.39063127726230396,-0.6543645977221412,0.25240625962530916,0.38966923201574527,0.0009620451744488505,0.0004569177855346012,0.2519493418397746
sample_4301,L15-1185E-0935N_4742_4450_13,50176,0.14568718112244897,447c9132af8ffbe77aa05c43018af2ddc5e3938e1839036c95220b4a3cd51dc5,64990ea6addff6af93b8eace95fbcf586b8f19e678352f7776dc1bc87a88d58f,0.40493572517732,0.24466981436386104,0.138883591062931,0.35315754997193144,-0.7222328174103558,0.22028565141617934,0.35258668087725953,0.0005708692619986647,0.00026302014233199573,0.22002263127384736
sample_4302,L15-0566E-1185N_2265_3451_13,50176,0.0,daede069d703460dc1275e43c772caa2a215db963efcbfa2dc4eef610aab241d,64990ea6addff6af93b8eace95fbcf586b8f19e678352f7776dc1bc87a88d58f,0.0016569068684509373,6.971873780812392e-06,0.001655160304520051,0.01206912472338258,-0.9966896793911257,0.0033033487352592903,0.011506650916761391,0.0005624738142309852,6.299539581575974e-06,0.0032970491956777134
sample_4303,L15-1389E-1284N_5557_3054_13,50176,0.0013950892857142857,20b85f93cecbb7ff683f7dd266e032daa5c614fe6af004fd5db1480b48a1860b,64990ea6addff6af93b8eace95fbcf586b8f19e678352f7776dc1bc87a88d58f,0.008159014676968581,0.002834005376012568,0.0037370152588534567,0.017233550807756834,-0.9925259694895014,0.006625865062972348,0.016729662937436565,0.0005038878368332013,1.4689149054750397e-05,0.0066111759139175965
sample_4304,L15-1748E-1247N_6993_3202_13,50176,0.008470184948979591,ff340a11f3b4f1a6dc0ae7449c772b0741d33954632e405684d30c4a34bd2f82,64990ea6addff6af93b8eace95fbcf586b8f19e678352f7776dc1bc87a88d58f,0.03473606911852689,0.016142498417131865,0.017083062401887183,0.054052746195331076,-0.9658338757881826,0.028463085962116455,0.05368554351694883,0.00036720267781504065,4.722702456165717e-05,0.028415858937554793
sample_4305,L15-1185E-0935N_4742_4450_13,50176,0.12488042091836735,ceaa558747870f89b5a5916de1c76a9693bef65c72ce0dfbb7b5fe290fe1c7c6,64990ea6addff6af93b8eace95fbcf586b8f19e678352f7776dc1bc87a88d58f,0.37449395768630045,0.2008920201601709,0.08653380857348177,0.2199151765508773,-0.8269323829538682,0.1329191420564807,0.21906618505786604,0.0008489915548877271,0.00030484163570964414,0.13261430042077102
sample_4306,L15-0544E-1228N_2176_3279_13,50176,0.14235889668367346,a47866669158949983742ab8c3e22c384a3af049d11e62a976e002b6bfd08945,64990ea6addff6af93b8eace95fbcf586b8f19e678352f7776dc1bc87a88d58f,0.4667698042061694,0.241517970688248,0.08705208058307441,0.2410938021233439,-0.8258958388072324,0.14042284169672994,0.2400719924922136,0.0010218095798609844,0.00029879430665718485,0.14012404739007278
sample_4307,L15-0368E-1245N_1474_3210_13,50176,0.2015106823979592,09a26ff9a24b9bfa35281f5ab86bd161d503bc3879238319c4be19dc1952a12c,64990ea6addff6af93b8eace95fbcf586b8f19e678352f7776dc1bc87a88d58f,0.5161195646441795,0.31393123251484956,0.13756763696081328,0.3375195919269921,-0.7248647256568441,0.21191490095832297,0.3362358333879636,0.0012837586818068264,0.0005972573693571842,0.21131764358896582
sample_4308,L15-0358E-1220N_1433_3310_13,50176,0.0684390943877551,4bdc7eacfb0bafe203b5d7d3c100ad249103f0730a0a313b5400212075f95a04,64990ea6addff6af93b8eace95fbcf586b8f19e678352f7776dc1bc87a88d58f,0.20899399702971794,0.12002689558192861,0.0815883380163708,0.20294828495028058,-0.8368233245886395,0.12535669633263438,0.2021446622759897,0.0008036226402062221,0.0003052228927043068,0.12505147343993006
sample_4309,L15-1138E-1216N_4553_3325_13,50176,0.14939413265306123,9e5e148b58a4f5c4c45c159973cd614485cd407feffabe5e3e827b9649265157,64990ea6addff6af93b8eace95fbcf586b8f19e678352f7776dc1bc87a88d58f,0.47104527868074747,0.2512179151281048,0.11605736336015089,0.3012553994755062,-0.7678852731662295,0.18374052427819873,0.30024773414379424,0.0010076653975569364,0.0004020140524342917,0.18333851022576447
sample_4310,L15-1185E-0935N_4742_4450_13,50176,0.05955038265306122,7afdb754a36d7635c4f238c7a32af3162d1ebc9d47da295ecf3d566f5c707c55,64990ea6addff6af93b8eace95fbcf586b8f19e678352f7776dc1bc87a88d58f,0.20911184600349064,0.10418066770571592,0.047934080023860216,0.13206590836832238,-0.9041318408281735,0.07621294526330855,0.13157653013093087,0.0004893782125666259,9.731213617299776e-05,0.07611563312713554
sample_4311,L15-1848E-0793N_7394_5018_13,50176,0.018036511479591837,33ce4836920d36668691d6671c12c1a3c15f3de3f043d2b0c21deed04d16777c,64990ea6addff6af93b8eace95fbcf586b8f19e678352f7776dc1bc87a88d58f,0.052248188619223805,0.028631873993546587,0.021504342692609573,0.056248355885698834,-0.9569913156843172,0.03200189521935519,0.055771448926222725,0.0004769069200620359,5.847193904092758e-05,0.031943423280314256
sample_4312,L15-1014E-1375N_4056_2688_13,50176,0.06991390306122448,cf1115e78386e79a3d3b2fc141b26d17ec624620b823336672284fdd485fd686,64990ea6addff6af93b8eace95fbcf586b8f19e678352f7776dc1bc87a88d58f,0.19236081182531187,0.11034164123134435,0.05609338408887234,0.13770408495378986,-0.8878132331251446,0.08301635552950491,0.1369752751362853,0.0007288096371091368,0.0001684309287295546,0.08284792460077536
sample_4313,L15-1138E-1216N_4553_3325_13,50176,0.042111766581632654,6d5e9b700d788659a9addb6b1ffe7222d80d907e8781c7cecc98db796a44d0f9,64990ea6addff6af93b8eace95fbcf586b8f19e678352f7776dc1bc87a88d58f,0.23544894351014345,0.08262308751217733,0.030969141160461063,0.09480102737179957,-0.9380617184951872,0.0514942498910986,0.09374650611890706,0.0010545213531427179,0.00020455900707143154,0.05128969088402717
sample_4314,L15-1185E-0935N_4742_4450_13,50176,0.1468829719387755,17247f883b60847080886a1cb4eacf19745083ac26ebe795b5289fba44331bb1,64990ea6addff6af93b8eace95fbcf586b8f19e678352f7776dc1bc87a88d58f,0.4166236963741627,0.24626065871566685,0.1346498195768562,0.34690444449185537,-0.7307003605786381,0.21519942517898652,0.346432633700333,0.0004718110053218988,0.0002105456318329173,0.21498887954715362
sample_4315,L15-1848E-0793N_7394_5018_13,50176,0.0013552295918367347,daede069d703460dc1275e43c772caa2a215db963efcbfa2dc4eef610aab241d,64990ea6addff6af93b8eace95fbcf586b8f19e678352f7776dc1bc87a88d58f,0.060539161008534494,0.024703924777035858,0.05257787686245212,0.13115994125500463,-0.89484424764761,0.08088136579579827,0.1306202260247415,0.0005397153347042526,0.00014048892296382757,0.08074087687283443
sample_4316,L15-1389E-1284N_5557_3054_13,50176,0.016761001275510203,642d47f5f5cacf90e08b05012cdc63226250960e7ac7473aeeae71a9da74242f,64990ea6addff6af93b8eace95fbcf586b8f19e678352f7776dc1bc87a88d58f,0.051560116670348564,0.029127067591653153,0.021960147519890522,0.05809963979842289,-0.9560797055201652,0.034065153448632896,0.05768926531052608,0.0004103745483241051,4.881561116750044e-05,0.034016337837465396
sample_4317,L15-1748E-1247N_6993_3202_13,50176,0.0015943877551020409,8daf05172d2a1e9d9040274604059e0f5864e4bd4a436cfba6947e7340d3e376,64990ea6addff6af93b8eace95fbcf586b8f19e678352f7776dc1bc87a88d58f,0.009110579620139092,0.0033358471542990413,0.007044888675279383,0.02576635603009179,-0.9859102229047976,0.011729434824518102,0.025360751159339532,0.00040560495766517096,3.070522767964168e-05,0.011698729596838464
sample_4318,L15-0566E-1185N_2265_3451_13,50176,0.0,daede069d703460dc1275e43c772caa2a215db963efcbfa2dc4eef610aab241d,64990ea6addff6af93b8eace95fbcf586b8f19e678352f7776dc1bc87a88d58f,0.0013065864733327517,7.562877985921379e-06,0.0013046813629833715,0.00964977852060436,-0.997390637197059,0.002601799847980822,0.009329413684105364,0.00032036482290903726,3.244093208456729e-06,0.002598555754772365
sample_4319,L15-1210E-1025N_4840_4088_13,50176,0.004145408163265306,79ad663c10d3fb542e1769d05d8c09c50e84c717eb3734a999f0d839b175b7f2,64990ea6addff6af93b8eace95fbcf586b8f19e678352f7776dc1bc87a88d58f,0.030938134273875897,0.011349590833967159,0.014961950726835628,0.05034580963442472,-0.9700760993629236,0.02548855821857131,0.049626518757258264,0.0007192908542873851,5.9635776085433556e-05,0.02542892244248587
sample_4320,L15-1210E-1025N_4840_4088_13,50176,0.07758689413265306,dcba03157b201bef5c582514f16971b94ec5b8ad7a4a3d4c10a00846fd53fdd7,64990ea6addff6af93b8eace95fbcf586b8f19e678352f7776dc1bc87a88d58f,0.2670255131852809,0.13743534418299014,0.042316134368088475,0.13717919722808142,-0.9153677318720688,0.07422208686990422,0.1362553209925816,0.0009238761309898296,0.00019654665357683675,0.0740255402163274
sample_4321,L15-1389E-1284N_5557_3054_13,50176,0.014748086734693877,743b9654fc10b2ee122017d91133e3d56272d8113a47b87a5f0513dfe034bd29,64990ea6addff6af93b8eace95fbcf586b8f19e678352f7776dc1bc87a88d58f,0.04637974931131303,0.025546077018941994,0.017547701582863773,0.049091822138584186,-0.964904597115305,0.027795653788628912,0.048753307501036555,0.0003385147090099704,3.3398516665983286e-05,0.02776225527196293
sample_4322,L15-0544E-1228N_2176_3279_13,50176,0.18600526147959184,54ba86a8e13df7b917ceee4690d6ad74705bc2c67e5de570b40d38dc4bd76c8f,64990ea6addff6af93b8eace95fbcf586b8f19e678352f7776dc1bc87a88d58f,0.6507760630885314,0.3090692407671738,0.0781079950013046,0.20030999623492346,-0.8437840098625942,0.11921561711774935,0.19967376118856656,0.0006362350817673622,0.00015191110930740242,0.11906370600844193
sample_4323,L15-1014E-1375N_4056_2688_13,50176,0.1760204081632653,8fdd5ffdb6caecc345db34e53c57a1308d2dccb31a6c98809c43e3af96304eff,64990ea6addff6af93b8eace95fbcf586b8f19e678352f7776dc1bc87a88d58f,0.4503265187338308,0.2786224283460171,0.13928473282163506,0.337883452746365,-0.7214305342566759,0.21312057473070767,0.3367131697666591,0.0011702829663526146,0.0005498862644977105,0.21257068846620997
sample_4324,L15-0358E-1220N_1433_3310_13,50176,0.08278858418367346,d8dc051b45282cd7f78456ec065af277545241aa4a22b7828f37e3d540289441,64990ea6addff6af93b8eace95fbcf586b8f19e678352f7776dc1bc87a88d58f,0.22706165290622368,0.1362082171474667,0.08136538300325866,0.2076100271731689,-0.8372692346496695,0.1279075463359491,0.20698865509438585,0.0006213720512911334,0.00025824015253842777,0.1276493061834107
sample_4325,L15-1185E-0935N_4742_4450_13,50176,0.06829958545918367,bc50f35090b410a297fb90e82516886bc011a05659cdad4548987b091c7931b4,64990ea6addff6af93b8eace95fbcf586b8f19e678352f7776dc1bc87a88d58f,0.2186576325250877,0.11755469625649104,0.053246738725313346,0.15709873520787096,-0.8935065233422135,0.08968930084948093,0.15646061057845237,0.0006381244960209602,0.00019551390979697465,0.08949378693968395
sample_4326,L15-1210E-1025N_4840_4088_13,50176,0.07690927933673469,f8176b83e74f25ced1bb50df578df0937c2a1d81b22f3326335e2bbd1439e74d,64990ea6addff6af93b8eace95fbcf586b8f19e678352f7776dc1bc87a88d58f,0.2559906101089428,0.13522714237320232,0.06043050884820369,0.18037601930744454,-0.8791389825092853,0.10244055512487311,0.17975678461619324,0.0006192347156265512,0.0001464371957466029,0.1022941179291265
sample_4327,L15-1138E-1216N_4553_3325_13,50176,0.15892059948979592,5a7cc98cb56fe6e89c0326908610ec726478bf455804f2e97b43ea3484c7e211,64990ea6addff6af93b8eace95fbcf586b8f19e678352f7776dc1bc87a88d58f,0.4986336941716931,0.26210936252482786,0.12461823894528254,0.30830068608459094,-0.7507635220066687,0.19191120508567544,0.3073530557347373,0.0009476304010369344,0.0003893774290029681,0.1915218276566724
sample_4328,L15-0368E-1245N_1474_3210_13,50176,0.2019889987244898,09a26ff9a24b9bfa35281f5ab86bd161d503bc3879238319c4be19dc1952a12c,64990ea6addff6af93b8eace95fbcf586b8f19e678352f7776dc1bc87a88d58f,0.529168840935266,0.31594512643771167,0.12520423271736053,0.3168085276401496,-0.7495915341644838,0.19594524748780015,0.3162766423255946,0.0005318854706437407,0.00023046196683358056,0.19571478552096658
sample_4329,L15-1389E-1284N_5557_3054_13,50176,0.019331951530612245,94e0eac6d067fb1b2bf7061395ca952120e93ccb766d3c4b47e3dcb6448bd227,64990ea6addff6af93b8eace95fbcf586b8f19e678352f7776dc1bc87a88d58f,0.06026075269847394,0.032841685127123876,0.02190925269767794,0.05873297607452127,-0.9561814948126806,0.03413632689524808,0.05797977516316543,0.0007532008432853263,6.540464539076801e-05,0.03407092224985731
sample_4330,L15-1848E-0793N_7394_5018_13,50176,0.016442123724489797,daede069d703460dc1275e43c772caa2a215db963efcbfa2dc4eef610aab241d,64990ea6addff6af93b8eace95fbcf586b8f19e678352f7776dc1bc87a88d58f,0.04604663909258915,0.02642746541073799,0.022028375957493802,0.058194519250343996,-0.9559432495086134,0.03299206486880619,0.057618627469151085,0.0005758917578463612,5.606654685567641e-05,0.032935998321950516
sample_4331,L15-0358E-1220N_1433_3310_13,50176,0.009526466836734694,72faa6df4cab4723f8829c4e91586094c7a3fc230b661601cae57e3b1aec940a,64990ea6addff6af93b8eace95fbcf586b8f19e678352f7776dc1bc87a88d58f,0.059545886481641004,0.029005107599425588,0.03417097138031861,0.08511748967744436,-0.9316580589603971,0.051359943780102814,0.08476884218474165,0.0003486476519804935,6.310528308986695e-05,0.05129683849701294
sample_4332,L15-1210E-1025N_4840_4088_13,50176,0.003627232142857143,28f4b5265fc72703783860b70bb90f1970fc9af9fb89f3ca483772997e36f8fe,64990ea6addff6af93b8eace95fbcf586b8f19e678352f7776dc1bc87a88d58f,0.021689542248947428,0.007646314396201267,0.006237999530157493,0.026443562454018566,-0.987524001175307,0.01135772361161364,0.025964023887473903,0.00047953869618729987,3.4526721332001516e-05,0.01132319689028164
sample_4333,L15-1210E-1025N_4840_4088_13,50176,0.07814492984693877,df47e41bccd89727df17745a14d2584c94b178e5103e58d98f4c2eefbb7050a0,64990ea6addff6af93b8eace95fbcf586b8f19e678352f7776dc1bc87a88d58f,0.25209714497053465,0.13549827782956064,0.054080449984342395,0.16510451343822086,-0.8918391002062042,0.09237069818349988,0.16445061237527803,0.0006539011948140533,0.00016393953845605187,0.09220675864504382
sample_4334,L15-1138E-1216N_4553_3325_13,50176,0.025231186224489797,2b8c9a57a67853910848f91c867eec3bd1a7ded3f65ba4c02a74122a80dfadd5,64990ea6addff6af93b8eace95fbcf586b8f19e678352f7776dc1bc87a88d58f,0.12216919454265478,0.054325836271487404,0.04392446513639345,0.12466995686728916,-0.9121510706886798,0.07144708033667428,0.12392313484048537,0.0007468221151998254,0.0001641461098850834,0.0712829342267892
sample_4335,L15-0566E-1185N_2265_3451_13,50176,0.0,daede069d703460dc1275e43c772caa2a215db963efcbfa2dc4eef610aab241d,64990ea6addff6af93b8eace95fbcf586b8f19e678352f7776dc1bc87a88d58f,0.0014473828614916498,5.439273390635983e-06,0.001446019855746049,0.010753770300053917,-0.9971079602246714,0.0028866004381014622,0.010341658807106444,0.0004121115514074782,3.4241908984234796e-06,0.0028831762472030383
sample_4336,L15-0368E-1245N_1474_3210_13,50176,0.23419563137755103,090d63adb9f203124c9d2cbaf2efa0ff13960f60a94ecf23d6e6152437205648,64990ea6addff6af93b8eace95fbcf586b8f19e678352f7776dc1bc87a88d58f,0.7106350795593733,0.37701370316259647,0.13136943656480776,0.32239264941689505,-0.7372611268150229,0.20154961125586512,0.32167116424124936,0.0007214852089483887,0.0003050676922549953,0.20124454356361013
sample_4337,L15-1848E-0793N_7394_5018_13,50176,0.00661670918367347,339f2dfa5d90f9383a4dad9c0e50ed85eb3da93c5851ae9a23fe5185f66125c5,64990ea6addff6af93b8eace95fbcf586b8f19e678352f7776dc1bc87a88d58f,0.026628268990481138,0.01265077670483765,0.011740190379692204,0.04008555015925068,-0.9765196195564868,0.020068501648466932,0.03928406098680112,0.0008014892096395619,5.3642243357209166e-05,0.02001485940510972
sample_4338,L15-0368E-1245N_1474_3210_13,50176,0.16141183035714285,cf3a65f411e9f8f38a673344a838efbb64f1d93df152514f5762e3eb2ac5723e,64990ea6addff6af93b8eace95fbcf586b8f19e678352f7776dc1bc87a88d58f,0.4510845573270087,0.24907607201089862,0.08490808577899232,0.2087245550536323,-0.8301838294797615,0.13080561430945872,0.20814352513961393,0.0005810299050166959,0.00025371398025414476,0.1305519003292046
sample_4339,L15-0566E-1185N_2265_3451_13,50176,0.0,daede069d703460dc1275e43c772caa2a215db963efcbfa2dc4eef610aab241d,64990ea6addff6af93b8eace95fbcf586b8f19e678352f7776dc1bc87a88d58f,0.0016766031282046934,9.083986573423865e-06,0.001674300284191434,0.012209753413768332,-0.9966513994636582,0.0033395165818094433,0.011596175658758753,0.0006135777537647231,7.1796685386621215e-06,0.0033323369132707815
sample_4340,L15-0368E-1245N_1474_3210_13,50176,0.20165019132653061,09a26ff9a24b9bfa35281f5ab86bd161d503bc3879238319c4be19dc1952a12c,64990ea6addff6af93b8eace95fbcf586b8f19e678352f7776dc1bc87a88d58f,0.5386919576536034,0.31582857130474645,0.1257955028226466,0.31598503352539964,-0.7484089938890729,0.19604217626685216,0.31504989389965254,0.0009351398455977331,0.0004066899538858484,0.19563548631296634
sample_4341,L15-1210E-1025N_4840_4088_13,50176,0.023417570153061226,bba46641e24abf9a00aec8201c72c023f78d236f16a2692876ebf7ec974a97ed,64990ea6addff6af93b8eace95fbcf586b8f19e678352f7776dc1bc87a88d58f,0.08961996128952675,0.04080444246082568,0.019767674958399897,0.06634497154382071,-0.9604646513411152,0.03393610703524775,0.065634577474967,0.000710394136965697,9.999434799553542e-05,0.033836112687252215
sample_4342,L15-0368E-1245N_1474_3210_13,50176,0.20210857780612246,09a26ff9a24b9bfa35281f5ab86bd161d503bc3879238319c4be19dc1952a12c,64990ea6addff6af93b8eace95fbcf586b8f19e678352f7776dc1bc87a88d58f,0.5489125876852506,0.3184511710517583,0.11943870994894366,0.3032159743260842,-0.761122579991265,0.1870965197300555,0.30234797936269503,0.0008679948899049452,0.0003575814828605659,0.18673893824719495
sample_4343,L15-1276E-1107N_5105_3761_13,50176,0.01747847576530612,70a52d90ba088d4c840f691dea0ddba2e2c5dfbe4b03b577f6e1242404fa2167,64990ea6addff6af93b8eace95fbcf586b8f19e678352f7776dc1bc87a88d58f,0.07692647407421666,0.03333705193799278,0.012839653866593631,0.045521741176047924,-0.9743206929167422,0.02234905406593588,0.0448151745829387,0.0007065666785362275,6.530805191061687e-05,0.022283746014025257
sample_4344,L15-1210E-1025N_4840_4088_13,50176,0.06068638392857143,db13738a13b444d524559b94ba5762a3931f2a4a6b2e685802866e89d46434b4,64990ea6addff6af93b8eace95fbcf586b8f19e678352f7776dc1bc87a88d58f,0.18628394644011226,0.09891539435594017,0.04158707049067075,0.11241145364594869,-0.916825860148369,0.06523294532100726,0.11182910315822174,0.0005823503062407801,8.981062122361721e-05,0.06514313469978365
sample_4345,L15-0358E-1220N_1433_3310_13,50176,0.047193877551020405,2f45959e80a38a86dc05a1955db17003ca8c62c36b5ded4df7892a87dcc78325,64990ea6addff6af93b8eace95fbcf586b8f19e678352f7776dc1bc87a88d58f,0.1485640898852296,0.08117109931093001,0.05581057954897952,0.14058537668169444,-0.8883788418526972,0.08530211479697733,0.13995443162101123,0.0006309452036969387,0.00014000501431984366,0.08516210978265748
sample_4346,L15-0358E-1220N_1433_3310_13,50176,0.0732421875,6ce14a724dd13176d95cafc3657a15cea4e005dc0d064b4784c604378aa3a349,64990ea6addff6af93b8eace95fbcf586b8f19e678352f7776dc1bc87a88d58f,0.21081135690934738,0.12473628987213321,0.08204682707924357,0.2075670526947221,-0.8359063466844069,0.12861864052306357,0.20715456099856483,0.00041249156294326255,0.0001563109248700489,0.12846232959819348
sample_4347,L15-1748E-1247N_6993_3202_13,50176,0.0013950892857142857,2471987e46c3349a2b70d56796ca6746b3f5bd2aa0b189cd36f55149f0d09713,64990ea6addff6af93b8eace95fbcf586b8f19e678352f7776dc1bc87a88d58f,0.014022428843334794,0.004043937398716643,0.011132969372497149,0.0391665886703172,-0.97773406228314,0.01924170451815486,0.03874992328842779,0.00041666527296577215,4.684404848713614e-05,0.019194860469667726
sample_4348,L15-1276E-1107N_5105_3761_13,50176,0.014987244897959183,95cb2c20aca98a4490342693ca364c7faf4d7311f537b9389837ea48f0d9d676,64990ea6addff6af93b8eace95fbcf586b8f19e678352f7776dc1bc87a88d58f,0.07422783813561953,0.02850044339797807,0.007573612110347164,0.028945806601517028,-0.9848527764043197,0.013501348792229364,0.02869726765068289,0.00024853897757580256,1.5990048138608213e-05,0.013485358744090754
sample_4349,L15-1748E-1247N_6993_3202_13,50176,0.006118463010204082,7b5fd6929a745588e13560101fa9e2883831ecf7a2795f66ff35d6e7bc1c37ae,64990ea6addff6af93b8eace95fbcf586b8f19e678352f7776dc1bc87a88d58f,0.03407200298809958,0.015235738113534025,0.02216228786547079,0.06310276340449532,-0.9556754254718189,0.035288405206544034,0.06262627609505172,0.00047648719217979865,6.45409834232144e-05,0.03522386422312082
sample_4350,L15-1389E-1284N_5557_3054_13,50176,0.0751155931122449,702f5aef1b674c69cd27cf8dd0f2c525520337f8db39a5c4c8bfc07c17320ddb,64990ea6addff6af93b8eace95fbcf586b8f19e678352f7776dc1bc87a88d58f,0.21234963746056484,0.1266101612469555,0.08139286982727104,0.20056500115315534,-0.8372142616678308,0.12579134224275562,0.19999137977669856,0.0005736214365459041,0.00023752923313864996,0.125553813009617
sample_4351,L15-0544E-1228N_2176_3279_13,50176,0.18903459821428573,e3e0fb62b32bc5f2ea3ab4f08498ccfda448217ea9fc24ea32fe168c8d6b772f,64990ea6addff6af93b8eace95fbcf586b8f19e678352f7776dc1bc87a88d58f,0.7260909695833248,0.32009842601958444,0.06178233512601226,0.16193484850582715,-0.8764353300357437,0.09475961406939223,0.16095503403285474,0.0009798144718163452,0.00021173161646592653,0.0945478824529263
sample_4352,L15-0358E-1220N_1433_3310_13,50176,0.08270886479591837,993f918f7122021abbee972c619e11e7c397daf72c1233461c92b28e5f94d550,64990ea6addff6af93b8eace95fbcf586b8f19e678352f7776dc1bc87a88d58f,0.22621258920699489,0.13604989721838653,0.08709941050441632,0.2156676483536657,-0.8258011795564266,0.13455924445916098,0.2152654394102045,0.0004022090222532711,0.0001694741305650569,0.13438977032859592
sample_4353,L15-0358E-1220N_1433_3310_13,50176,0.048828125,969cd19890b4c3ff047c3dfe4604d0a36c58a9bc34685edd4650e2d0ab129c7d,64990ea6addff6af93b8eace95fbcf586b8f19e678352f7776dc1bc87a88d58f,0.14856316928662167,0.0828342884609003,0.06174743949312109,0.15373251910687447,-0.8765051220467718,0.09414307053202953,0.15332838126494422,0.0004041378917411599,0.00013589849947283618,0.0940071720325567
sample_4354,L15-1185E-0935N_4742_4450_13,50176,0.07696906887755102,0a2db0e14edd1ba56d083fe001e9ba814c1cbf61dd8a7194f77112a806d74acb,64990ea6addff6af93b8eace95fbcf586b8f19e678352f7776dc1bc87a88d58f,0.23217040453476123,0.12858533868110056,0.07269832869749326,0.1952349013713646,-0.8546033430013572,0.11620571657885126,0.19457007207026247,0.0006648292445979517,0.0002015006939442858,0.11600421588490702
sample_4355,L15-1138E-1216N_4553_3325_13,50176,0.1057876275510204,859bdab06eb67343aab2e16879eb574855f310d672bb26210a99d48570ba28fa,64990ea6addff6af93b8eace95fbcf586b8f19e678352f7776dc1bc87a88d58f,0.3133501661498269,0.17987482321584913,0.1151812575859664,0.2896785458547911,-0.7696374844325848,0.17888315679286768,0.2887963961221136,0.0008821498627512832,0.00038999229386557096,0.1784931644990021
sample_4356,L15-0358E-1220N_1433_3310_13,50176,0.03384088010204082,ed341b1986a2b9989791f6a04202784919f12b25a521ccf7e766aba5dcbca8a0,64990ea6addff6af93b8eace95fbcf586b8f19e678352f7776dc1bc87a88d58f,0.09405503546702525,0.05613177170354382,0.0501598127849153,0.10904172657826124,-0.8996803758612775,0.06974289103170601,0.1087284934969711,0.0003132331605335684,6.62656791577821e-05,0.06967662535254822
sample_4357,L15-0566E-1185N_2265_3451_13,50176,0.0006576849489795918,1706b9164e7060a4a2cd1520b965b41282ef99addb275a90aaabf6475522d5d2,64990ea6addff6af93b8eace95fbcf586b8f19e678352f7776dc1bc87a88d58f,0.003817544773401059,0.0011727169614377108,0.002834668211943033,0.014238739680721823,-0.994330663685154,0.005158886452120502,0.013812017565766967,0.0004267221061198981,1.5156774431716233e-05,0.005143729677688786
sample_4358,L15-0566E-1185N_2265_3451_13,50176,0.0,daede069d703460dc1275e43c772caa2a215db963efcbfa2dc4eef610aab241d,64990ea6addff6af93b8eace95fbcf586b8f19e678352f7776dc1bc87a88d58f,0.0017528782366891206,1.8814887943297157e-05,0.0017480915756801106,0.0122028949873617,-0.9965038167547702,0.0034773682634169243,0.01165328096618739,0.0005496141027007831,8.242858997464783e-06,0.0034691254044194593
sample_4359,L15-1748E-1247N_6993_3202_13,50176,0.005341198979591837,a8803e7d0f4c217817ea6170ea7b9166cffc5fca72160b9f8481c8fe77599a41,64990ea6addff6af93b8eace95fbcf586b8f19e678352f7776dc1bc87a88d58f,0.03542849394163221,0.014990836543454397,0.02263544062247538,0.06540097681598887,-0.9547291197819666,0.036384111338856884,0.06486191550936925,0.0005390614833375769,8.234962716160091e-05,0.03630176171169529
sample_4360,L15-1848E-0793N_7394_5018_13,50176,0.0038863201530612247,536fbe64aa14edb7229a7bbd5fbf546ba5159c7510eec605015c8a4e05a4d834,64990ea6addff6af93b8eace95fbcf586b8f19e678352f7776dc1bc87a88d58f,0.02149673076487035,0.008004795019896828,0.004313690760125387,0.018869356094738044,-0.9913726187297011,0.007646073066645247,0.018473161709301408,0.0003961942630606713,2.089996034869714e-05,0.007625173106296552
sample_4361,L15-1138E-1216N_4553_3325_13,50176,0.061045121173469385,60a8439f5e95ba8b6c6d2129fd83f847e19293e5182e54beb7d65d4b7d198dd2,64990ea6addff6af93b8eace95fbcf586b8f19e678352f7776dc1bc87a88d58f,0.3391151376567803,0.1171179851018603,0.05792395691316081,0.16208592878023417,-0.8841520865416852,0.09366305038045346,0.16126436378345307,0.0008215650258761726,0.00022005496596120603,0.09344299541449223
sample_4362,L15-1014E-1375N_4056_2688_13,50176,0.1356823979591837,6069c19b6a6a7a41b0962e4113879af6d706079aae9550b606023a12ee0e4692,64990ea6addff6af93b8eace95fbcf586b8f19e678352f7776dc1bc87a88d58f,0.3447987807016132,0.216737261828801,0.11553945083038084,0.2836858816097303,-0.7689210984472106,0.1789144819569748,0.2832209455144488,0.0004649360221232533,0.00020797913856526585,0.17870650281840955
sample_4363,L15-0544E-1228N_2176_3279_13,50176,0.14622528698979592,98f0e3f8f3182ce994ba5313c0a87fd5861e3fc8963db13529df28f1aa84efab,64990ea6addff6af93b8eace95fbcf586b8f19e678352f7776dc1bc87a88d58f,0.5228473482542018,0.2531590735296847,0.07121359052051011,0.20217092304035944,-0.8575728189079853,0.11528302089313107,0.2015366360962481,0.0006342871144465905,0.00015316973623427207,0.11512985115689678
sample_4364,L15-0368E-1245N_1474_3210_13,50176,0.23580994897959184,a06e236fd9c026f580fc0a8a98cdf74338e0d5a757798b5b486246242e7cb10b,64990ea6addff6af93b8eace95fbcf586b8f19e678352f7776dc1bc87a88d58f,0.675420952718525,0.37494575142758674,0.13830946740214428,0.33701626553882,-0.7233810650224681,0.21121362100863944,0.33654064373604964,0.00047562194052672824,0.00020143156580951723,0.2110121894428299
sample_4365,L15-1276E-1107N_5105_3761_13,50176,0.009247448979591837,171bf35e9e6427723fa9529dc174f918a9080ecf7af519a2d34bd64bd1408bd2,64990ea6addff6af93b8eace95fbcf586b8f19e678352f7776dc1bc87a88d58f,0.05490638900755397,0.01819210772464126,0.003941099607262152,0.019037240759734772,-0.9921178008837952,0.007224352273144848,0.018482679805473783,0.0005545609292511679,2.6773187294659734e-05,0.007197579085850188
sample_4366,L15-1210E-1025N_4840_4088_13,50176,0.02170360331632653,d571705b1e11951119317bae7b8d89e1dcef739d04f9a87e2ca90d37ea665988,64990ea6addff6af93b8eace95fbcf586b8f19e678352f7776dc1bc87a88d58f,0.08558911249385653,0.03825402323975907,0.02257208585411272,0.0753358802264119,-0.9548558291556632,0.03908179783044968,0.07488303085289447,0.0004528494650117888,5.499757436060263e-05,0.03902680025608908
sample_4367,L15-1389E-1284N_5557_3054_13,50176,0.0015943877551020409,94f0320abd99652f336e8f6660cee5313dc3b055a20f3af7666d5b86c564586d,64990ea6addff6af93b8eace95fbcf586b8f19e678352f7776dc1bc87a88d58f,0.008365989134333205,0.0030907541700014823,0.004204736957183982,0.018164789839710045,-0.9915905264718811,0.007431999093046204,0.01786965331835021,0.00029513640096618396,1.4198576528258519e-05,0.007417800516517944
sample_4368,L15-1389E-1284N_5557_3054_13,50176,0.0,daede069d703460dc1275e43c772caa2a215db963efcbfa2dc4eef610aab241d,64990ea6addff6af93b8eace95fbcf586b8f19e678352f7776dc1bc87a88d58f,0.0013990192844251235,1.754383270739439e-05,0.0013944868815644663,0.010055860395918284,-0.9972110262387246,0.0027714299304215386,0.009710237690582896,0.00034562267901392795,3.4786434716980427e-06,0.00276795128694984
sample_4369,L15-1185E-0935N_4742_4450_13,50176,0.1459064094387755,9924041d570d6b066d23dcaf5c5f366558b5cfd3a1c63c54203e54e1abe0fa5f,64990ea6addff6af93b8eace95fbcf586b8f19e678352f7776dc1bc87a88d58f,0.41400398327492327,0.2446333907730325,0.11688060253117309,0.31450906378150667,-0.7662387948311149,0.19072878902599336,0.3136982232834445,0.0008108406181234099,0.0003357631547991446,0.19039302587119425
sample_4370,L15-1848E-0793N_7394_5018_13,50176,0.02086654974489796,f663f1589cc97b39f4341f84b4febb2478da61eb541549269ddd304a96cbb0c6,64990ea6addff6af93b8eace95fbcf586b8f19e678352f7776dc1bc87a88d58f,0.06374543146901648,0.03500452568733859,0.028002789954426795,0.07133869413952856,-0.9439944213101085,0.04148748155561741,0.07071947541761539,0.0006192187089928006,7.803117049776601e-05,0.04140945038511964
sample_4371,L15-0368E-1245N_1474_3210_13,50176,0.20063376913265307,f21990bf33932a74d1d2c8cd6aaf883ec192b2328346eb65a5563937aa8798e8,64990ea6addff6af93b8eace95fbcf586b8f19e678352f7776dc1bc87a88d58f,0.5205271559228162,0.3125462154720368,0.12734163917211475,0.3203652818778342,-0.745316721338153,0.19903383990073592,0.31916897817287565,0.0011963037509119946,0.0005477503850830617,0.19848608951565286
sample_4372,L15-0566E-1185N_2265_3451_13,50176,0.025091677295918366,41b32e6dc2c5243a8418e7ba25487e6b0579e7e5be3f5829e45067933f65698e,64990ea6addff6af93b8eace95fbcf586b8f19e678352f7776dc1bc87a88d58f,0.11810582071170846,0.047243221645738714,0.019067369730506396,0.055223235078087914,-0.9618652615497741,0.030824589473912936,0.05487774769095993,0.0003454874171353232,3.9519725031446575e-05,0.03078506974888149
sample_4373,L15-1748E-1247N_6993_3202_13,50176,0.01807637117346939,996ec2484ee110b0c01b1d7542349c1289b24f62b61c22737577a961cbcf4cd3,64990ea6addff6af93b8eace95fbcf586b8f19e678352f7776dc1bc87a88d58f,0.06452526927619683,0.03423972916511922,0.03025314197946834,0.08292322913385793,-0.9394937172686662,0.04778956398014978,0.0823442134534489,0.0005790156862286501,8.561814160096458e-05,0.04770394583854881
sample_4374,L15-1138E-1216N_4553_3325_13,50176,0.1237045599489796,0fe6e5338862a9d963acddb81d82e8f9ba02f45cca61bc43d4e0cadb6aa71d2e,64990ea6addff6af93b8eace95fbcf586b8f19e678352f7776dc1bc87a88d58f,0.35628227781044947,0.20381435332681397,0.11103492859176037,0.285063565436372,-0.7779301425228994,0.17412349758175885,0.28447166499679843,0.0005919005804761985,0.00023324957005400347,0.1738902480117049
sample_4375,L15-1276E-1107N_5105_3761_13,50176,0.011240433673469387,d946ff1b0b06489c47fcf0b2531a67c239cec261a7cc1b1c52d29e940a95a3d5,64990ea6addff6af93b8eace95fbcf586b8f19e678352f7776dc1bc87a88d58f,0.06756756687487724,0.022053890935792783,0.003359343699768794,0.017007385003982203,-0.993281312712124,0.006131354312543535,0.016535983506631807,0.00047140144215793893,1.7511494297980916e-05,0.006113842818245554
sample_4376,L15-1014E-1375N_4056_2688_13,50176,0.07579320790816327,8d8e5880f326f2419fb0d49d563a4ecaeead909aba93406a5cea676ab65207c4,64990ea6addff6af93b8eace95fbcf586b8f19e678352f7776dc1bc87a88d58f,0.22044742581772522,0.12221658858835235,0.07427095507309601,0.1747913087636929,-0.8514580905460152,0.10820853641191713,0.17448060886362954,0.0003106999152347783,9.359359956722428e-05,0.10811494281234992
sample_4377,L15-1276E-1107N_5105_3761_13,50176,0.06405452806122448,7a94802ac87643018563c052ab432a3044a1cf6c4823169fe897f88e84758a84,64990ea6addff6af93b8eace95fbcf586b8f19e678352f7776dc1bc87a88d58f,0.2181532847691846,0.11209408586701529,0.05979147707753606,0.16225630192600993,-0.8804170467759129,0.09683995219569953,0.16162421999715706,0.00063208198403757,0.0001576954319149403,0.09668225676378459
sample_4378,L15-1276E-1107N_5105_3761_13,50176,0.014170121173469387,a1b825e5b07343d69e2289a65a7a04a95d23af0eeb07f21ff7c4e4403019b821,64990ea6addff6af93b8eace95fbcf586b8f19e678352f7776dc1bc87a88d58f,0.06535700774044303,0.026920755434492304,0.010959135126132441,0.03832016798755687,-0.9780817308171923,0.019151244149023233,0.037960277807482554,0.0003598900687325751,2.8521442831346882e-05,0.01912272270619189
sample_4379,L15-0566E-1185N_2265_3451_13,50176,0.0011559311224489796,b3c9c2f19c908da28dd7928740e839fc37568313a7402e8b70d4754809b1d84d,64990ea6addff6af93b8eace95fbcf586b8f19e678352f7776dc1bc87a88d58f,0.015320103576846773,0.006155707583461445,0.011661435788668389,0.03450735895643018,-0.9766771285824613,0.01827101601051127,0.034317160669102655,0.00019019833200193586,1.7588129321349702e-05,0.018253427881189922
sample_4380,L15-1210E-1025N_4840_4088_13,50176,0.020208864795918366,afaefa08ce1d5f4142ea9ada548163396e98ddad0c1445d8336f77b7ffb987ee,64990ea6addff6af93b8eace95fbcf586b8f19e678352f7776dc1bc87a88d58f,0.0825911991901245,0.03764979540237951,0.027036660681098546,0.08724226552424634,-0.9459266794606221,0.04582496493748191,0.08675560429605146,0.00048666124746164123,7.29930040949952e-05,0.04575197193338691
sample_4381,L15-1210E-1025N_4840_4088_13,50176,0.004065688775510204,e07c1f57bd723f8024ba27255d2dbd6b7da716cee39a6c84defc0ec340d600d5,64990ea6addff6af93b8eace95fbcf586b8f19e678352f7776dc1bc87a88d58f,0.029104560228346663,0.010299874630388388,0.011968266512314809,0.041708205477383915,-0.976063467805113,0.020607190459012336,0.04100035932505944,0.000707846123831661,5.5372748210224305e-05,0.020551817710802108
sample_4382,L15-1748E-1247N_6993_3202_13,50176,0.01287468112244898,612e2c24079bbd024fb5fabe1d8a34c0a9002d40f30490a27772bddbeceb451f,64990ea6addff6af93b8eace95fbcf586b8f19e678352f7776dc1bc87a88d58f,0.045488933347656295,0.024787521608529223,0.024260137750463068,0.06389115146020707,-0.9514797256768044,0.03710306977520322,0.06348458299347137,0.0004065685456246175,4.941358958199154e-05,0.03705365618562123
sample_4383,L15-1748E-1247N_6993_3202_13,50176,0.0012755102040816326,b15c44d77dcdd305c471ca75001b82cd1f9aa64345316764e3127499ddc6c725,64990ea6addff6af93b8eace95fbcf586b8f19e678352f7776dc1bc87a88d58f,0.008821055558192797,0.0031493700663426027,0.00625623890308055,0.023148551199366846,-0.987487522556539,0.01041366559358703,0.022862690046793557,0.00028586100818831574,1.3630669233202372e-05,0.010400034924353827
sample_4384,L15-1389E-1284N_5557_3054_13,50176,0.021185427295918366,547c7d1780faf0c5acfec1f19c56fddcdb2bd6682ce063d5a4a6f4df8b64eb4b,64990ea6addff6af93b8eace95fbcf586b8f19e678352f7776dc1bc87a88d58f,0.06286775374852929,0.03609505478023769,0.024046983088756323,0.06372676055768364,-0.9519060343711505,0.03762635260275414,0.06343293962230205,0.0002938208756543157,4.7522555278520034e-05,0.03757883004747563
sample_4385,L15-1014E-1375N_4056_2688_13,50176,0.07380022321428571,bfab66462c47828928af3472cf094df3dc55847c4b93fbd929d8da1f57df8cce,64990ea6addff6af93b8eace95fbcf586b8f19e678352f7776dc1bc87a88d58f,0.21119023142265345,0.11752613460812877,0.06728486813205693,0.16285232908108097,-0.8654302646525833,0.09954831396815818,0.16250349079754298,0.00034883825887090813,0.00010342550199160226,0.0994448884661666
sample_4386,L15-1138E-1216N_4553_3325_13,50176,0.06385522959183673,03fdad59e06fabe7c0c4c592b7a2284c2deb2017824724e231eb8d44e4eaec53,64990ea6addff6af93b8eace95fbcf586b8f19e678352f7776dc1bc87a88d58f,0.21612012182919124,0.11121796914572861,0.054681799555083316,0.15308536160865002,-0.8906364014696597,0.0887024350247676,0.1526916770175796,0.00039368450077225623,8.80278714634381e-05,0.08861440715330417
sample_4387,L15-1389E-1284N_5557_3054_13,50176,0.0,daede069d703460dc1275e43c772caa2a215db963efcbfa2dc4eef610aab241d,64990ea6addff6af93b8eace95fbcf586b8f19e678352f7776dc1bc87a88d58f,0.0012949467241964551,4.731811804089671e-06,0.0012937597764123762,0.009739108128360232,-0.9974124805909355,0.002582787741020663,0.009402381021495368,0.0003367269841560495,2.8666073587737307e-06,0.002579921133661889
sample_4388,L15-0566E-1185N_2265_3451_13,50176,0.0038066007653061226,4b508d10fdb77e996c999befa4ae9d7a6c7526c19c9cc7a3a064286ca2d7bb64,64990ea6addff6af93b8eace95fbcf586b8f19e678352f7776dc1bc87a88d58f,0.01605892969853308,0.00726437517335949,0.0057752162600601354,0.023298598159490622,-0.9884495675301493,0.01026712779630048,0.02281852646512697,0.00048007158752633736,2.5345335560042588e-05,0.010241782460740437
sample_4389,L15-1210E-1025N_4840_4088_13,50176,0.05689971301020408,4998975814461bee94cceaa4493bfa9be660a7fb6d60310301a1e5c42020f7bd,64990ea6addff6af93b8eace95fbcf586b8f19e678352f7776dc1bc87a88d58f,0.16438522940963857,0.09031813510380202,0.045485100622184346,0.11701391782258522,-0.9090297997475937,0.06961087406717335,0.11665031584754264,0.00036360194636958954,6.70357568243433e-05,0.06954383831034901
sample_4390,L15-1185E-0935N_4742_4450_13,50176,0.07318239795918367,9b1b6593bb5d7958b41d0116ca7a6d7abba68405489855975dce97caf16d8a5a,64990ea6addff6af93b8eace95fbcf586b8f19e678352f7776dc1bc87a88d58f,0.22384380676196078,0.12338067794419956,0.07068482548121971,0.19282501569199337,-0.8586303493928198,0.11463703545372012,0.1924033063235498,0.00042170933483849296,0.00016043373472288263,0.11447660171899723
sample_4391,L15-1210E-1025N_4840_4088_13,50176,0.05410953443877551,3cf673cee91e73eae0e89f7d6bb33f8418ed20e0b3cd2d03fae32879d325f4cd,64990ea6addff6af93b8eace95fbcf586b8f19e678352f7776dc1bc87a88d58f,0.16394421388770242,0.08707046815480564,0.0354896564207667,0.09772491070785437,-0.9290206883147708,0.056381300750396435,0.09733168529072107,0.0003932253964705484,7.126113278196176e-05,0.05631003961761448
sample_4392,L15-0358E-1220N_1433_3310_13,50176,0.0660873724489796,50564ee77be1b520cb38e99b88c5ef99bd3f3737819c62d2605a90a1d37fbd4e,64990ea6addff6af93b8eace95fbcf586b8f19e678352f7776dc1bc87a88d58f,0.19218028247665103,0.11390700947528887,0.09359270240755144,0.2182999365020956,-0.8128145960286757,0.138832827365822,0.21785521992063045,0.0004447165396096311,0.00018240808494508526,0.13865041928087693
sample_4393,L15-1138E-1216N_4553_3325_13,50176,0.0623405612244898,cb6adac092edc124e7b225cb76fab211d6e0a0e1abd6495fbc7a626530ff5bea,64990ea6addff6af93b8eace95fbcf586b8f19e678352f7776dc1bc87a88d58f,0.3447495576781605,0.12911716120689645,0.08917399077576452,0.23637414596522832,-0.8216520185325595,0.1421727915755246,0.2350613793283406,0.001312766680981743,0.00047676707926546237,0.14169602449625912
sample_4394,L15-0358E-1220N_1433_3310_13,50176,0.06686463647959184,3166f64efaef3deedaf8c2d30628c5b3b0ee2bc39208ac4b1f849ee21d7ad3ff,64990ea6addff6af93b8eace95fbcf586b8f19e678352f7776dc1bc87a88d58f,0.18798642951568725,0.11033740697895576,0.08383732350609664,0.19493112431436221,-0.8323253536998941,0.12319452657395817,0.194311925336834,0.0006191990872993473,0.00019159876879123677,0.12300292780516693
sample_4395,L15-0358E-1220N_1433_3310_13,50176,0.03392059948979592,b6ea69ccc3a2a9a54d3b95a44b9708ceeeeab75214c06ff3d5d9900d20824bf7,64990ea6addff6af93b8eace95fbcf586b8f19e678352f7776dc1bc87a88d58f,0.10645423484822358,0.06351722635421493,0.0628196779930755,0.13507666680083005,-0.8743606457037428,0.08739119374950394,0.1347331480364832,0.00034351879442644825,0.00011706723581086665,0.08727412651369311
sample_4396,L15-1276E-1107N_5105_3761_13,50176,0.01747847576530612,f71dd30663ec1de0960156b3a3618cf4f14b7eaeeb6e833576fb75fcffd50110,64990ea6addff6af93b8eace95fbcf586b8f19e678352f7776dc1bc87a88d58f,0.08821958045576661,0.03361057574191326,0.007073130200816584,0.029204777821879743,-0.985853739916847,0.012886148221784369,0.028702420913120655,0.0005023569477003702,2.9291355165178773e-05,0.012856856866619188
sample_4397,L15-1748E-1247N_6993_3202_13,50176,0.025589923469387755,51b455324fc6239777bc080f9c3f2dab4bb58c49b5be73d4e1a4020430cd764f,64990ea6addff6af93b8eace95fbcf586b8f19e678352f7776dc1bc87a88d58f,0.07808692109854658,0.04355341842495392,0.04037086204483117,0.10392588818432204,-0.9192582772994194,0.06193329924759613,0.10347602455940372,0.0004498636485747952,7.799078189514672e-05,0.06185530846570098
sample_4398,L15-0544E-1228N_2176_3279_13,50176,0.18791852678571427,1bb67f944367b83eaccaecc29c8a5062cb4bcedf1e404541ecf2fe26c874ae24,64990ea6addff6af93b8eace95fbcf586b8f19e678352f7776dc1bc87a88d58f,0.6597799723307777,0.3136042833006791,0.07194784288864811,0.18666228141734595,-0.8561043141032717,0.10989354370674866,0.1859314429445844,0.0007308386555724593,0.0001625198830451777,0.10973102382370346
sample_4399,L15-1748E-1247N_6993_3202_13,50176,0.012276785714285714,93bc9b2a7dbe89ee5341ccbd6c9fa31b1fbc619a8fe12abae43c23114fd0dbfe,64990ea6addff6af93b8eace95fbcf586b8f19e678352f7776dc1bc87a88d58f,0.042181351975578776,0.02260631013796526,0.016790567271230857,0.045490418525302334,-0.9664188662177131,0.025394175810396675,0.04514386006753588,0.0003465584500025343,3.024993484800205e-05,0.02536392587554867
sample_4400,L15-1185E-0935N_4742_4450_13,50176,0.05835459183673469,8919367dc6aa9b3de7b46f921d62cfd48aa8c4013e04c8d3319dce3cd96915bf,64990ea6addff6af93b8eace95fbcf586b8f19e678352f7776dc1bc87a88d58f,0.19132104483325346,0.10107684970392887,0.06221956714906977,0.16168588489078037,-0.8755608665477587,0.09647272302849126,0.16126455869717102,0.0004213259846451241,0.00010713810534818066,0.09636558492314307
sample_4401,L15-0368E-1245N_1474_3210_13,50176,0.14351482780612246,e4f7cd1492b56b33689f7ffaee17a9dedb2372251e2a1b13b151ac5d76dff51a,64990ea6addff6af93b8eace95fbcf586b8f19e678352f7776dc1bc87a88d58f,0.3553322001248082,0.2192661821697792,0.08249885929814939,0.20290042376646417,-0.8350022819864918,0.12650311992820806,0.20197927997105425,0.0009211439467211888,0.0002748222236228142,0.12622829770458524
sample_4402,L15-0566E-1185N_2265_3451_13,50176,0.0,daede069d703460dc1275e43c772caa2a215db963efcbfa2dc4eef610aab241d,64990ea6addff6af93b8eace95fbcf586b8f19e678352f7776dc1bc87a88d58f,0.0012157012910160633,3.6806329120240485e-06,0.0012147798623452534,0.00924514031601434,-0.9975704404087946,0.002425879091778483,0.008980417890660536,0.00026472232992555693,1.9624801785869334e-06,0.0024239166115998956
sample_4403,L15-0566E-1185N_2265_3451_13,50176,0.02014907525510204,b22bcfb63121436535a31ccb09c33f479ca64d72f5f09cff57382441807ad70b,64990ea6addff6af93b8eace95fbcf586b8f19e678352f7776dc1bc87a88d58f,0.10677038050234391,0.04157044459822851,0.027912808259074787,0.07563408978757681,-0.9441743844432836,0.043910418611065406,0.07508143883301265,0.0005526509046932141,6.531694217537976e-05,0.04384510166889003
sample_4404,L15-1389E-1284N_5557_3054_13,50176,0.01877391581632653,758b44adf54a9bf20d53b46ac6cf913bbdaeb609c48ec2290c4985762eceaf96,64990ea6addff6af93b8eace95fbcf586b8f19e678352f7776dc1bc87a88d58f,0.05979805862570775,0.03369427498787077,0.027843720840328202,0.07082042922180602,-0.9443125589155662,0.04264045201833844,0.07054954342059107,0.00027088585412339067,3.3985307936715604e-05,0.042606466710401726
sample_4405,L15-1014E-1375N_4056_2688_13,50176,0.06917649872448979,23f27b46ae1ac7647578e8545878580fc39ae0a7267f05d116f2a871cb577187,64990ea6addff6af93b8eace95fbcf586b8f19e678352f7776dc1bc87a88d58f,0.2050565659223736,0.11891331228048678,0.0836879005311152,0.20512621372174847,-0.8326241996787431,0.12857282989960964,0.20450333923954545,0.0006228745818458776,0.00025133960259490643,0.12832149029701473
sample_4406,L15-0358E-1220N_1433_3310_13,50176,0.04613759566326531,4dd72013ba9494f034d785ffe401e3a54865039bccce114a34a0de4b18adfe8f,64990ea6addff6af93b8eace95fbcf586b8f19e678352f7776dc1bc87a88d58f,0.14539807889897216,0.0823181237044072,0.061491122855377216,0.14898085053492496,-0.8770177554596144,0.09194288619146028,0.14864169891404566,0.0003391515166900081,0.00011732848232580852,0.09182555770913446
sample_4407,L15-0566E-1185N_2265_3451_13,50176,0.0008769132653061224,fe856c43a9878015f5f6c97b9d2246102928275cf07e25f7f616b2941aa5f172,64990ea6addff6af93b8eace95fbcf586b8f19e678352f7776dc1bc87a88d58f,0.0043579582307950344,0.0015620571710256304,0.002937954104486473,0.01348562134464921,-0.9941240917178336,0.005156972002662925,0.013262773608949615,0.00022284786468726504,8.644371584255031e-06,0.005148327631078669
sample_4408,L15-1276E-1107N_5105_3761_13,50176,0.06626674107142858,b777215d59103e642fda543c3def7607ca3428a50f980524f6605e60d66d4f17,64990ea6addff6af93b8eace95fbcf586b8f19e678352f7776dc1bc87a88d58f,0.25389312720441515,0.1168424502582526,0.046515820866298616,0.1309069263701527,-0.9069683598466725,0.07693317381231744,0.13049086917348968,0.0004160571216777951,8.890798194670317e-05,0.07684426583037074
sample_4409,L15-0368E-1245N_1474_3210_13,50176,0.19941804846938777,09a26ff9a24b9bfa35281f5ab86bd161d503bc3879238319c4be19dc1952a12c,64990ea6addff6af93b8eace95fbcf586b8f19e678352f7776dc1bc87a88d58f,0.5132725227211106,0.31151013586667303,0.12696559506002814,0.32129316438611566,-0.7460688097205539,0.1990802432678558,0.32058042383853663,0.0007127406193829664,0.00029950118166784047,0.19878074208618796
sample_4410,L15-1748E-1247N_6993_3202_13,50176,0.013990752551020409,a30ed5967643ecf4cfb2429bd3644856890102f16621b9e939f980102ef84521,64990ea6addff6af93b8eace95fbcf586b8f19e678352f7776dc1bc87a88d58f,0.05408639460297688,0.028219614287430573,0.030281829650095682,0.07946727856970742,-0.9394363421351102,0.04679773407865471,0.07915511136675206,0.0003121672138846519,4.853056838726761e-05,0.04674920351026745
sample_4411,L15-1276E-1107N_5105_3761_13,50176,0.010243941326530613,da7835ffbdf837b6603663b35db5b1025c99979c2f962491932432e9e0bbb504,64990ea6addff6af93b8eace95fbcf586b8f19e678352f7776dc1bc87a88d58f,0.06262691422012971,0.019943336982636985,0.0031849920288754665,0.016213310078589938,-0.9936300162090401,0.005843783312654887,0.015779699254408672,0.00043361084246366834,1.632146955588643e-05,0.005827461843099001
sample_4412,L15-1748E-1247N_6993_3202_13,50176,0.020707110969387755,c82fedc3dceefc7b9fd3f1988bfcda35fd8fa46248ef3b28c8897ab59d10c650,64990ea6addff6af93b8eace95fbcf586b8f19e678352f7776dc1bc87a88d58f,0.0679737316121522,0.03746799914353608,0.036709119740407914,0.09107779455529444,-0.9265817622318002,0.05465363378391407,0.09071355403856833,0.00036424053929128263,5.818473152854848e-05,0.05459544905238554
sample_4413,L15-1210E-1025N_4840_4088_13,50176,0.03085140306122449,9f736d6b78bdb2b0259723a3d0619af2407501484abada9af18e56eff9b0ef48,64990ea6addff6af93b8eace95fbcf586b8f19e678352f7776dc1bc87a88d58f,0.11441548277397472,0.05391229238040681,0.025755961671500106,0.07598885130451614,-0.9484880780398158,0.042055801531545915,0.07554320610185035,0.0004456451500345666,5.916969084067802e-05,0.041996631840705234
sample_4414,L15-0544E-1228N_2176_3279_13,50176,0.1521045918367347,5892928fdef0d40da5ff36d4c71e803affd355ac9cf5f3fa0664f4c25ee265eb,64990ea6addff6af93b8eace95fbcf586b8f19e678352f7776dc1bc87a88d58f,0.5823082293532296,0.2727769766079969,0.0696301001554108,0.21355959643281727,-0.8607397994914147,0.1197323063544144,0.21267908358997356,0.0008805130055780883,0.00024990913448160937,0.11948239721993278
sample_4415,L15-1848E-0793N_7394_5018_13,50176,0.018315529336734693,daede069d703460dc1275e43c772caa2a215db963efcbfa2dc4eef610aab241d,64990ea6addff6af93b8eace95fbcf586b8f19e678352f7776dc1bc87a88d58f,0.04829226603615905,0.028683396802852604,0.025667437871357387,0.06570915212709973,-0.9486651255114504,0.03786819500776449,0.06521560552821495,0.0004935465922015724,6.634957078102398e-05,0.03780184543698347
sample_4416,L15-1014E-1375N_4056_2688_13,50176,0.1286670918367347,1091fb1bd815fc4559abc1146a5f743f413236e9d8df9736f7bb027dd0b682dd,64990ea6addff6af93b8eace95fbcf586b8f19e678352f7776dc1bc87a88d58f,0.3312586037820429,0.2066455375106396,0.10314766357282215,0.26036112094745284,-0.7937046733020873,0.1625284738399745,0.2599790180245382,0.0003821028082099755,0.00016564003263565855,0.16236283380733885
sample_4417,L15-0544E-1228N_2176_3279_13,50176,0.17542251275510204,567f42a79f6dbc49d6efd21fb6e8ed8c6b30263ee71880e952367e93cdaecfd3,64990ea6addff6af93b8eace95fbcf586b8f19e678352f7776dc1bc87a88d58f,0.6846159601662254,0.314478683804024,0.06248364990638873,0.18078760373208558,-0.8750327002527639,0.1018594821431803,0.17992376408490987,0.0008638396454348814,0.0002032951752212369,0.10165618696795907
sample_4418,L15-1276E-1107N_5105_3761_13,50176,0.01526626275510204,dd074cef0bb1b39dfe1140e68e7551634079d9d8fe2bdc81d0233da3ee36dd21,64990ea6addff6af93b8eace95fbcf586b8f19e678352f7776dc1bc87a88d58f,0.09194896611891067,0.030222159975685874,0.0025745852261173483,0.014678120651241005,-0.9948508292763292,0.004943305874189286,0.014082292008149765,0.000595828798823155,1.2038620012503924e-05,0.0049312672541767825
sample_4419,L15-1210E-1025N_4840_4088_13,50176,0.04982461734693878,019f0ad13294c51c7f2e9ca3207c7c09a64f6a85250bdbfdf0be76867dec2043,64990ea6addff6af93b8eace95fbcf586b8f19e678352f7776dc1bc87a88d58f,0.150226666950192,0.0803364746435599,0.03612122482297068,0.09904436065260672,-0.927757551315966,0.05680484772336915,0.09844951442786674,0.000594846300803932,0.00011868808721192304,0.05668615963615723
sample_4420,L15-0368E-1245N_1474_3210_13,50176,0.18205915178571427,8e7a9120e5435cc68d04c37483679f4a92b6dff43edca26803bc68abb281a62d,64990ea6addff6af93b8eace95fbcf586b8f19e678352f7776dc1bc87a88d58f,0.5225289512834207,0.2941088918178961,0.17938042814577265,0.4049546100798691,-0.6412391436492181,0.26287557549650875,0.4042426810249315,0.0007119290555950499,0.00032091579623686427,0.26255465970027186
sample_4421,L15-0544E-1228N_2176_3279_13,50176,0.1761798469387755,567f42a79f6dbc49d6efd21fb6e8ed8c6b30263ee71880e952367e93cdaecfd3,64990ea6addff6af93b8eace95fbcf586b8f19e678352f7776dc1bc87a88d58f,0.652755036589938,0.3096238524700055,0.07525945343172216,0.21185223460478927,-0.8494810930855375,0.12181991956432144,0.21121413569398337,0.0006380989154103261,0.00018806747313262044,0.12163185209118883
sample_4422,L15-0368E-1245N_1474_3210_13,50176,0.2042610012755102,09a26ff9a24b9bfa35281f5ab86bd161d503bc3879238319c4be19dc1952a12c,64990ea6addff6af93b8eace95fbcf586b8f19e678352f7776dc1bc87a88d58f,0.5462766551139286,0.319574339765261,0.13627523456923474,0.32876176201865953,-0.7274495305246393,0.2069010100966397,0.3279367112304469,0.0008250509855685543,0.0003518488468534048,0.2065491612497863
sample_4423,L15-1138E-1216N_4553_3325_13,50176,0.05821508290816327,e6848e102aacfaf8307203f63ee8bfe54f3ec55b3a56e0f8e735ed117d16ae94,64990ea6addff6af93b8eace95fbcf586b8f19e678352f7776dc1bc87a88d58f,0.22469754480415682,0.10337535571703363,0.03745219786295059,0.1099936669185984,-0.9250956054767512,0.06180945387472423,0.10938830452978014,0.000605362298655452,0.00011466606042263397,0.061694787814301585
sample_4424,L15-0566E-1185N_2265_3451_13,50176,0.0006377551020408163,1706b9164e7060a4a2cd1520b965b41282ef99addb275a90aaabf6475522d5d2,64990ea6addff6af93b8eace95fbcf586b8f19e678352f7776dc1bc87a88d58f,0.003117120078297557,0.0009087378496359027,0.0024441868941090547,0.012835861941003876,-0.9951116263259835,0.0043985382408493826,0.012610075179011625,0.00022578664059795897,6.952027118433903e-06,0.004391586213730949
sample_4425,L15-1848E-0793N_7394_5018_13,50176,0.0,daede069d703460dc1275e43c772caa2a215db963efcbfa2dc4eef610aab241d,64990ea6addff6af93b8eace95fbcf586b8f19e678352f7776dc1bc87a88d58f,0.005541220176198953,0.00099748673420876,0.005256350796042504,0.02246126434465989,-0.9894872985508546,0.00951521485787625,0.02205814553615464,0.00040311879506693004,1.9733671885430538e-05,0.00949548118599082
sample_4426,L15-0566E-1185N_2265_3451_13,50176,0.001295440051020408,8b7681aacbebc1e830daa58af45ee7fe5d97ffd9600f8a013a8fbfae643db64e,64990ea6addff6af93b8eace95fbcf586b8f19e678352f7776dc1bc87a88d58f,0.03371588890519258,0.013233563046938759,0.028096024778538516,0.07579072522109515,-0.9438079520441893,0.04426756717398103,0.07521989127299349,0.0005708338830562026,7.594562591889796e-05,0.04419162154806214
sample_4427,L15-0566E-1185N_2265_3451_13,50176,0.0027901785714285715,8fa61df9c4debafc6c66251a8205fd0c3a0e875b8ae06644184d0adfcd6e49e8,64990ea6addff6af93b8eace95fbcf586b8f19e678352f7776dc1bc87a88d58f,0.014359296012753974,0.0055981750317247,0.004058615607447086,0.01935668009497407,-0.991882768852505,0.007433648245308001,0.018363846072883442,0.0009928340109421896,4.623206864273798e-05,0.007387416176665261
sample_4428,L15-1138E-1216N_4553_3325_13,50176,0.15455596301020408,60f2bf8128c751d86d7aaf9d99f8d46d00f623ad87409286b6c3afc8db7954de,64990ea6addff6af93b8eace95fbcf586b8f19e678352f7776dc1bc87a88d58f,0.47323237502669613,0.2564091946325996,0.1175090836168609,0.3004092378846338,-0.7649818327281396,0.18418066938730365,0.2997002494684585,0.0007089882868336803,0.00024655496165976924,0.18393411442564386
sample_4429,L15-0566E-1185N_2265_3451_13,50176,0.003288424744897959,a4df164244d9d2e194da973c010b00829629d8c942b97c96a4ec57b8f01f47ba,64990ea6addff6af93b8eace95fbcf586b8f19e678352f7776dc1bc87a88d58f,0.014620960821382083,0.006530743566744695,0.005445466752221085,0.02066698204068835,-0.9891090666692955,0.009406441172344564,0.02037150911305924,0.0002954728717460389,1.577565174837296e-05,0.009390665520596192
sample_4430,L15-1748E-1247N_6993_3202_13,50176,0.001096141581632653,6151bfd2392578824ed2981d3e73d02e4cb94ebbedff03525b250b192f386c40,64990ea6addff6af93b8eace95fbcf586b8f19e678352f7776dc1bc87a88d58f,0.007528472617545064,0.0024208635760413957,0.004994922132250302,0.02102803319076282,-0.9900101560487764,0.008733041743020307,0.02054374194174633,0.0004842913442165312,1.9645505333264212e-05,0.008713396237687044
sample_4431,L15-0358E-1220N_1433_3310_13,50176,0.04844945790816327,b53aa94e7b062d9e38b12bb4dfcfe850747d5f8e5f8dfb43e16946ae74951abf,64990ea6addff6af93b8eace95fbcf586b8f19e678352f7776dc1bc87a88d58f,0.15193465005423618,0.08462458408975083,0.06040069494011565,0.15197593547175858,-0.8791986111300617,0.09243890127318752,0.15148729894647225,0.0004886365695549934,0.00011642501031100926,0.09232247626287653
sample_4432,L15-1014E-1375N_4056_2688_13,50176,0.06556919642857142,53e00f6e69f77c442d689437f54ffc3ce0d21142a181e7eec48118a8d2fb0f5c,64990ea6addff6af93b8eace95fbcf586b8f19e678352f7776dc1bc87a88d58f,0.20266424272751243,0.11327588120213138,0.06866745997282049,0.1831642032652583,-0.8626650809953327,0.11049362830729872,0.18274342682116662,0.0004207763667716585,0.00015289213144862958,0.11034073617585011
sample_4433,L15-1276E-1107N_5105_3761_13,50176,0.009486607142857142,1b298c11c3dda2ea10eb5fdcd63324983a4cc8a77f9492c54479e7f0cf08fb59,64990ea6addff6af93b8eace95fbcf586b8f19e678352f7776dc1bc87a88d58f,0.05914698216741465,0.018896251349493767,0.002499076325151765,0.013948497437841809,-0.9950018472259341,0.004662283415509269,0.01348388288881454,0.0004646146668055828,1.1028474432693491e-05,0.004651254941076576
sample_4434,L15-0358E-1220N_1433_3310_13,50176,0.03473772321428571,dc810241fc4ad0a02c8dceddd3edecc7c4f644b52eb0cc8c857a257a8d7fb009,64990ea6addff6af93b8eace95fbcf586b8f19e678352f7776dc1bc87a88d58f,0.10126435362276626,0.060226815341632614,0.05678878881260563,0.12123476512379072,-0.8864224240742495,0.07830326515971965,0.12088326058929043,0.0003515044465626386,6.152533212500815e-05,0.07824173982759464
sample_4435,L15-1848E-0793N_7394_5018_13,50176,0.002232142857142857,daede069d703460dc1275e43c772caa2a215db963efcbfa2dc4eef610aab241d,64990ea6addff6af93b8eace95fbcf586b8f19e678352f7776dc1bc87a88d58f,0.010094826531557377,0.004158136537425075,0.007914704495176141,0.027306864718517024,-0.9841705912628959,0.012806109087581492,0.02649010180254828,0.0008167629313651498,4.5181396075011466e-05,0.012760927691506482
sample_4436,L15-1276E-1107N_5105_3761_13,50176,0.018395248724489797,4fb6c4c71913bfa1911fffad1dc8332872707f9dacc9447e5a955100165f24c1,64990ea6addff6af93b8eace95fbcf586b8f19e678352f7776dc1bc87a88d58f,0.0779873255372229,0.034633730012417104,0.018121226177531844,0.05979979918628248,-0.9637575489195511,0.03143833197101189,0.059466555215575964,0.0003332439773196697,4.398711276376914e-05,0.03139434485824812
sample_4437,L15-1389E-1284N_5557_3054_13,50176,0.02744339923469388,e8f97f7817f63f2f45c531cd03ed93d4d79d97caf9d596c976f3533c7fcda723,64990ea6addff6af93b8eace95fbcf586b8f19e678352f7776dc1bc87a88d58f,0.07209456665523885,0.04390481944864565,0.03201980938735817,0.07672919436395129,-0.935960381733853,0.047458648515809415,0.07641047577604296,0.0003187186297386865,4.796646941264403e-05,0.04741068204639677
sample_4438,L15-1185E-0935N_4742_4450_13,50176,0.07142857142857142,43deac05f11f9b06ca1f9cb608dd3cab688f25757fd6cea4e58b7d2439eb0926,64990ea6addff6af93b8eace95fbcf586b8f19e678352f7776dc1bc87a88d58f,0.22905598190462773,0.12299401289596991,0.059033412769037695,0.17069746563518867,-0.8819331749203948,0.09821602454333968,0.17023163435474928,0.00046583120920043263,0.00014192369443123207,0.09807410084890844
sample_4439,L15-0358E-1220N_1433_3310_13,50176,0.08229033801020408,d8dc051b45282cd7f78456ec065af277545241aa4a22b7828f37e3d540289441,64990ea6addff6af93b8eace95fbcf586b8f19e678352f7776dc1bc87a88d58f,0.22885750355539825,0.13697520398139768,0.08803880485416181,0.22088246622020585,-0.8239223909561588,0.1371280332202829,0.220111517867362,0.0007709484381768259,0.00033173186473298946,0.1367963013555499
sample_4440,L15-0566E-1185N_2265_3451_13,50176,0.0016940369897959183,f4c7cfea2204e4364fb411216425436c1cb5153a63fd325c155b42b49b020434,64990ea6addff6af93b8eace95fbcf586b8f19e678352f7776dc1bc87a88d58f,0.012003016200420366,0.004209425455425267,0.005420750062865186,0.022631875871385293,-0.9891585001197836,0.009634743568248864,0.02229183700612341,0.0003400388549610651,1.7327706566515157e-05,0.009617415861682351
sample_4441,L15-0544E-1228N_2176_3279_13,50176,0.14502949617346939,71ba1527e7d4f196165ba185d1bc6ac497d1d7aa159b92aeee75764f9b54cbc3,64990ea6addff6af93b8eace95fbcf586b8f19e678352f7776dc1bc87a88d58f,0.5464987190750078,0.251091711901716,0.07084366505756517,0.1995191094025426,-0.8583126698633639,0.11462529008476086,0.19903979420820206,0.00047931527244334893,0.00011867399335633608,0.11450661609140449
sample_4442,L15-1389E-1284N_5557_3054_13,50176,0.07507573341836735,71712aaa35451b74ddbbfde67b61a40e315a7ac2a3e32497c29f2bb346b6ea25,64990ea6addff6af93b8eace95fbcf586b8f19e678352f7776dc1bc87a88d58f,0.21588555444462343,0.12574441322087504,0.07465985373175722,0.1849466349014612,-0.8506802939944824,0.11520970928298913,0.18458625722424052,0.0003603777032616826,0.00013421745559765412,0.11507549182739148
sample_4443,L15-1185E-0935N_4742_4450_13,50176,0.13572225765306123,200204f4d390f605b7425d294bab698b44ddb4c06e4f3c5cbfeaa42e39ceffb2,64990ea6addff6af93b8eace95fbcf586b8f19e678352f7776dc1bc87a88d58f,0.3810841079459469,0.20975526948385753,0.10425704816945505,0.24190144315788448,-0.7914859035035487,0.14983261144404078,0.24137622374430392,0.0005252195467182418,0.0001755777994274872,0.14965703364461325
sample_4444,L15-1138E-1216N_4553_3325_13,50176,0.06893734056122448,668314bbe2b599cb2d14b71b7e37eb626165f30d9e698da6eadfff59a1f2a43b,64990ea6addff6af93b8eace95fbcf586b8f19e678352f7776dc1bc87a88d58f,0.2305948789521919,0.11947863053259777,0.05840189719325578,0.16572215825486414,-0.8831962062618216,0.09567807095712107,0.16520688971414066,0.0005152683833453155,0.00012666454623690604,0.09555140641088414
sample_4445,L15-1848E-0793N_7394_5018_13,50176,0.0013552295918367347,daede069d703460dc1275e43c772caa2a215db963efcbfa2dc4eef610aab241d,64990ea6addff6af93b8eace95fbcf586b8f19e678352f7776dc1bc87a88d58f,0.06721787592533844,0.027379897380189797,0.05845220524779692,0.14520381321519413,-0.8830955908804753,0.08998364467206214,0.14482864855853714,0.00037516461331437985,0.00010373476206003365,0.08987990991000214
sample_4446,L15-1748E-1247N_6993_3202_13,50176,0.014768016581632654,47c4a00fac89c4a148747e365261de535554194402f30b126a791749c1dacae8,64990ea6addff6af93b8eace95fbcf586b8f19e678352f7776dc1bc87a88d58f,0.04936114856829536,0.026227479406237014,0.02352248860180986,0.0641448657819287,-0.952955023806021,0.03647906621682759,0.06373982234939035,0.0004050435520370448,5.6382661999352725e-05,0.036422683554828236
sample_4447,L15-1276E-1107N_5105_3761_13,50176,0.060467155612244895,98660ecfa9b67f05b5a179c5f843b4cf0088cb3c5119c014984f5e8e94443b02,64990ea6addff6af93b8eace95fbcf586b8f19e678352f7776dc1bc87a88d58f,0.2313948536284109,0.10738808287755787,0.04562678932430869,0.12775490308419618,-0.908746422854768,0.07549238591767508,0.12745531160152745,0.0002995915174242218,7.735792047548735e-05,0.07541502799719958
sample_4448,L15-1748E-1247N_6993_3202_13,50176,0.0078125,6674c8c26929c9608de27f531fe210a7b43d3856d4e5e5305bfd83ca1f491fe3,64990ea6addff6af93b8eace95fbcf586b8f19e678352f7776dc1bc87a88d58f,0.042010572774145494,0.018621196233663064,0.023348807859738186,0.06791311162442885,-0.9533023855963084,0.03782902983780753,0.06714331174962192,0.0007697997018702044,8.21056235919678e-05,0.037746924214215556
sample_4449,L15-1748E-1247N_6993_3202_13,50176,0.013392857142857142,93bc9b2a7dbe89ee5341ccbd6c9fa31b1fbc619a8fe12abae43c23114fd0dbfe,64990ea6addff6af93b8eace95fbcf586b8f19e678352f7776dc1bc87a88d58f,0.04167265776272454,0.023320698310193903,0.02206308780860498,0.053113487087342495,-0.955873825279034,0.031290978564773586,0.05293322280870253,0.00018026419914960639,2.665796910184745e-05,0.03126432059567174
sample_4450,L15-1210E-1025N_4840_4088_13,50176,0.05839445153061224,22c2a9254db54a8c9c6a86f898675e9bb86686a5db5816328a52119357f95986,64990ea6addff6af93b8eace95fbcf586b8f19e678352f7776dc1bc87a88d58f,0.17177440595891547,0.09284041620055768,0.04426948913867224,0.11486547090202236,-0.9114610227127781,0.06830915999793492,0.11455817501763191,0.0003072959336962994,5.565030407529416e-05,0.06825350969385964
sample_4451,L15-0566E-1185N_2265_3451_13,50176,0.0008370535714285714,62c43882a98ac45b68d7e53708ebdfeb931ebb88485ceecfbed8898b11c52138,64990ea6addff6af93b8eace95fbcf586b8f19e678352f7776dc1bc87a88d58f,0.00653011836482375,0.002148805534990685,0.004351704279245923,0.017929243078803146,-0.9912965916003614,0.007575053453956429,0.017617202489964373,0.0003120404952302795,1.1541201967278283e-05,0.00756351225198915
sample_4452,L15-1014E-1375N_4056_2688_13,50176,0.13689811862244897,983497b843d64f32a0e51424fda3fd096e8033141941e9d0146d8a199163cf53,64990ea6addff6af93b8eace95fbcf586b8f19e678352f7776dc1bc87a88d58f,0.35375669465978443,0.21914626079612556,0.10804414345018033,0.26874674947220367,-0.7839117134278625,0.16824817985801235,0.26804022609229916,0.0007065233779086372,0.00028216039399249515,0.16796601946401982
sample_4453,L15-0544E-1228N_2176_3279_13,50176,0.1753826530612245,6056fdac024de969a85dc8f2425cf2700003802ae9ad2783ad5f8c93e9b4e628,64990ea6addff6af93b8eace95fbcf586b8f19e678352f7776dc1bc87a88d58f,0.7981948608230536,0.3195895769051541,0.04641026205250195,0.1374905782884981,-0.9071794761462111,0.07599007841521851,0.13675192491711413,0.0007386534776056688,0.0001594597624414776,0.07583061865277706
sample_4454,L15-1848E-0793N_7394_5018_13,50176,0.0005381058673469387,daede069d703460dc1275e43c772caa2a215db963efcbfa2dc4eef610aab241d,64990ea6addff6af93b8eace95fbcf586b8f19e678352f7776dc1bc87a88d58f,0.006859361349164003,0.00219837869337595,0.0061049926432077675,0.022029549487651633,-0.987790014760507,0.010084814502404447,0.021695198849661024,0.000334350730639173,1.846311140710315e-05,0.010066351390997345
sample_4455,L15-0368E-1245N_1474_3210_13,50176,0.18018574617346939,f54e30b4fac7bf945d3ac2e08745dc0230c3583c774d776a7007583093baeadf,64990ea6addff6af93b8eace95fbcf586b8f19e678352f7776dc1bc87a88d58f,0.5004711622962101,0.292158629098982,0.17640593527859,0.4073730645408479,-0.6471881293638794,0.2629029034456315,0.4065280561027548,0.0008450084676623468,0.0003856659468142652,0.26251723749881717
sample_4456,L15-0544E-1228N_2176_3279_13,50176,0.15724649234693877,6e2ab5b63375d4fd6fe16ff11ec0ae4d196374f6cdcbceaf302f6ea1ce3285f7,64990ea6addff6af93b8eace95fbcf586b8f19e678352f7776dc1bc87a88d58f,0.49192367439191365,0.2683936735879331,0.12622795639588136,0.32601758701317174,-0.7475440870862538,0.19943334797748402,0.3251326860077622,0.0008849011537058574,0.0003805711122857056,0.19905277686519832
sample_4457,L15-1014E-1375N_4056_2688_13,50176,0.06780133928571429,088e38db1fa2e4eed9597dc237582aad2c78722d08b279e18174704e839834a3,64990ea6addff6af93b8eace95fbcf586b8f19e678352f7776dc1bc87a88d58f,0.20585333507210088,0.11714992292960655,0.07303691114897706,0.1894644391948033,-0.8539261784668686,0.11580203334143657,0.18915038823004748,0.00031405096128997743,9.400795860834671e-05,0.1157080253828282
sample_4458,L15-0566E-1185N_2265_3451_13,50176,0.0005381058673469387,1706b9164e7060a4a2cd1520b965b41282ef99addb275a90aaabf6475522d5d2,64990ea6addff6af93b8eace95fbcf586b8f19e678352f7776dc1bc87a88d58f,0.002557266908969994,0.0007973072610254719,0.0018558922207116016,0.01025416867209982,-0.9962882156546938,0.0033881428482386623,0.01016131801232785,9.28506449669362e-05,2.6361516320995714e-06,0.0033855066966065623
sample_4459,L15-0368E-1245N_1474_3210_13,50176,0.14405293367346939,779699b08d7d93a60edd0e808792721c0ff01840cf63ca941c0bacdafc793ecf,64990ea6addff6af93b8eace95fbcf586b8f19e678352f7776dc1bc87a88d58f,0.3557131596705077,0.22009605204244395,0.08007252148152995,0.19959057828971885,-0.8398549576730233,0.12420051080356767,0.19929155293439832,0.000299025518725453,0.0001143094604685604,0.12408620134309911
sample_4460,L15-1138E-1216N_4553_3325_13,50176,0.04161352040816327,69abe7eef1f2fb568946556aebdd9a296589df61d54007e64efce1a00f36fa43,64990ea6addff6af93b8eace95fbcf586b8f19e678352f7776dc1bc87a88d58f,0.22547744267041095,0.0808103556647892,0.028395267458851164,0.08637494129421135,-0.9432094659629148,0.047018227505116916,0.0859033937008498,0.0004715476143669699,8.103614018662293e-05,0.0469371913649303
sample_4461,L15-1185E-0935N_4742_4450_13,50176,0.12669403698979592,56153d503df5dc7792e4b706673baa828c54f1f8f10e93d18da13f1b7e31747e,64990ea6addff6af93b8eace95fbcf586b8f19e678352f7776dc1bc87a88d58f,0.3454032195165032,0.20918208399069185,0.1476441827597933,0.3477354766311545,-0.7047116342600502,0.22320677663546537,0.347192450222636,0.0005430265628104319,0.00019952653093282825,0.22300725010453257
sample_4462,L15-1014E-1375N_4056_2688_13,50176,0.17727598852040816,00392ddbaf1429754cfc4818857e5dfa3101a08403a34f492c86a12600c26b73,64990ea6addff6af93b8eace95fbcf586b8f19e678352f7776dc1bc87a88d58f,0.4649080718338045,0.282616371045072,0.12291391942963688,0.31389426007707966,-0.7541721609454881,0.1936662371506024,0.31315513672484846,0.000739123373014021,0.00033105243501214656,0.19333518471559025
sample_4463,L15-1848E-0793N_7394_5018_13,50176,0.001295440051020408,daede069d703460dc1275e43c772caa2a215db963efcbfa2dc4eef610aab241d,64990ea6addff6af93b8eace95fbcf586b8f19e678352f7776dc1bc87a88d58f,0.05498420623822483,0.02107494761381762,0.04825562469860805,0.12598049645930362,-0.903488752131264,0.07580909770012162,0.1253378125065775,0.0006426838007495063,0.00015382424348313122,0.0756552734566385
sample_4464,L15-0544E-1228N_2176_3279_13,50176,0.17711654974489796,a7e8aa5917f7719ed0abd3880b17c2e9f89578b260420ddb2985237163a1f068,64990ea6addff6af93b8eace95fbcf586b8f19e678352f7776dc1bc87a88d58f,0.5937852549334095,0.3072664504456306,0.08337935794391954,0.23816115811617514,-0.8332412839387865,0.1376363196403523,0.23698167778294227,0.0011794804832223067,0.0003666580835329813,0.1372696615568193
sample_4465,L15-1848E-0793N_7394_5018_13,50176,0.0005779655612244898,daede069d703460dc1275e43c772caa2a215db963efcbfa2dc4eef610aab241d,64990ea6addff6af93b8eace95fbcf586b8f19e678352f7776dc1bc87a88d58f,0.006272991428768294,0.001937106506140193,0.005567004971861915,0.021601572389394325,-0.9888659903646262,0.009307292529779493,0.021067906529603594,0.0005336657238531175,2.165125526859036e-05,0.009285641274510903
sample_4466,L15-1276E-1107N_5105_3761_13,50176,0.009885204081632654,0e51e063696c6c9d1259f44aede71040c1cd932df23f35b5704a4f80036fe470,64990ea6addff6af93b8eace95fbcf586b8f19e678352f7776dc1bc87a88d58f,0.050136326067324724,0.018586321967540505,0.005775086738511312,0.02272361316499462,-0.988449826981566,0.009756664400120553,0.02232900662355528,0.0003946065834569837,2.319203187405298e-05,0.0097334723682465
sample_4467,L15-1389E-1284N_5557_3054_13,50176,0.0013153698979591836,2908a4eea388941c9255ae526e97397aa34da0f2fa5b39786ddfdc96285078ba,64990ea6addff6af93b8eace95fbcf586b8f19e678352f7776dc1bc87a88d58f,0.00763459698189958,0.0025941191812650934,0.0029229169535659708,0.01468210178576883,-0.9941541661663332,0.005232930021469569,0.014295911687470983,0.0003861900865820958,9.137142395190168e-06,0.005223792879074381
sample_4468,L15-0368E-1245N_1474_3210_13,50176,0.20398198341836735,09a26ff9a24b9bfa35281f5ab86bd161d503bc3879238319c4be19dc1952a12c,64990ea6addff6af93b8eace95fbcf586b8f19e678352f7776dc1bc87a88d58f,0.5378370596047112,0.31933323167583144,0.14069375910259288,0.3383619859107669,-0.7186124813592653,0.21373411229616837,0.3377625209681602,0.0005994652162497452,0.0002817563654251051,0.21345235593074324
sample_4469,L15-1748E-1247N_6993_3202_13,50176,0.025350765306122448,9b82914a2be7f7a719a30ee2d40a970d18cc54bef6e57eb305151083f2358e95,64990ea6addff6af93b8eace95fbcf586b8f19e678352f7776dc1bc87a88d58f,0.08157816602958241,0.04492710811799572,0.03599299752623869,0.09305655138117294,-0.9280140065076367,0.055561822664553104,0.09268260939592558,0.0003739420893253148,6.43251355124811e-05,0.05549749752904063
sample_4470,L15-1389E-1284N_5557_3054_13,50176,0.0020926339285714285,20b85f93cecbb7ff683f7dd266e032daa5c614fe6af004fd5db1480b48a1860b,64990ea6addff6af93b8eace95fbcf586b8f19e678352f7776dc1bc87a88d58f,0.010212661725063098,0.0037241880503832863,0.00497876595686741,0.021422515274318512,-0.9900424681957769,0.008519998869706039,0.0207676734145902,0.0006548418775077027,2.4761451573806413e-05,0.00849523741813223
sample_4471,L15-1185E-0935N_4742_4450_13,50176,0.14714205994897958,8d0e9ee20955521ae24457898c39a26fb900d817c7b26cce1c0e06064fd06202,64990ea6addff6af93b8eace95fbcf586b8f19e678352f7776dc1bc87a88d58f,0.3992532194955146,0.24253439221334072,0.14518608241484557,0.3601604662321393,-0.7096278350926871,0.22707204040148085,0.35961430929458466,0.000546156965801111,0.0002652980668885507,0.2268067423345923
sample_4472,L15-1389E-1284N_5557_3054_13,50176,0.07403938137755102,0b9c8cb40160b27bd09b3a4a2afe1e72fb01e4bb6ce2aef02b452ad00ebe8683,64990ea6addff6af93b8eace95fbcf586b8f19e678352f7776dc1bc87a88d58f,0.20997799307196993,0.1243143866135591,0.061694090944781364,0.16722573498929844,-0.8766118191166876,0.10054852124480154,0.16671269954526857,0.0005130354712480265,0.00016979514144743198,0.1003787261033541
sample_4473,L15-1138E-1216N_4553_3325_13,50176,0.10550860969387756,8f0c4843a545281283fcdd7bbbba3a32cb7ba3652737d8927f7613b7924458c7,64990ea6addff6af93b8eace95fbcf586b8f19e678352f7776dc1bc87a88d58f,0.32193425580543633,0.1809801379819946,0.1060034220572561,0.27655968451511354,-0.7879931555439252,0.1680907893176458,0.2753090263058475,0.0012506582020625529,0.0004782214355887796,0.167612567882057
sample_4474,L15-1848E-0793N_7394_5018_13,50176,0.017299107142857144,daede069d703460dc1275e43c772caa2a215db963efcbfa2dc4eef610aab241d,64990ea6addff6af93b8eace95fbcf586b8f19e678352f7776dc1bc87a88d58f,0.05000346436222855,0.029018330291118357,0.023125236859896734,0.060483319024767404,-0.9537495272882807,0.034447334170724736,0.060071950535775985,0.0004113684496118889,5.247160027438789e-05,0.03439486257045035
sample_4475,L15-1185E-0935N_4742_4450_13,50176,0.07517538265306123,562015cb448894faa8fe411720af1895d5a9759fb785e4c4d0b6f3853bba6aa3,64990ea6addff6af93b8eace95fbcf586b8f19e678352f7776dc1bc87a88d58f,0.23976086563079657,0.12898155174998271,0.053837131028187137,0.15571531444862746,-0.8923257384549127,0.08869321568146102,0.1543347796043462,0.0013805348994026716,0.000383629732919444,0.08830958594854157
sample_4476,L15-1014E-1375N_4056_2688_13,50176,0.13604113520408162,6069c19b6a6a7a41b0962e4113879af6d706079aae9550b606023a12ee0e4692,64990ea6addff6af93b8eace95fbcf586b8f19e678352f7776dc1bc87a88d58f,0.3509219254060891,0.21833871392183707,0.10576687642368393,0.26796205590385075,-0.7884662469094336,0.1668807785388816,0.2677104326470981,0.0002516234969522962,9.432732333593453e-05,0.16678645121554564
sample_4477,L15-1014E-1375N_4056_2688_13,50176,0.17705676020408162,d9af1ca2807b632901b9443afc72a0de11d0f986354355c22805e9f716fb0dc8,64990ea6addff6af93b8eace95fbcf586b8f19e678352f7776dc1bc87a88d58f,0.47172625184126626,0.2832388641275022,0.1291315666951087,0.3238036626464199,-0.7417368664988241,0.20145503175260926,0.32280290281431245,0.001000759796858926,0.0004285514318768164,0.2010264803207324
sample_4478,L15-0358E-1220N_1433_3310_13,50176,0.04454320790816327,2c0f1f8ff4c829edcd0869dd25f1bb3c9bd6cae2db4a564256ca4240a27e3ed4,64990ea6addff6af93b8eace95fbcf586b8f19e678352f7776dc1bc87a88d58f,0.15068722816144403,0.0815422420029416,0.05803673437972344,0.14669222977248642,-0.8839265323730875,0.08952070180526545,0.146292416432449,0.0003998133540680201,0.00010830057995344232,0.08941240122531202
sample_4479,L15-0566E-1185N_2265_3451_13,50176,0.0012157206632653062,21a98dbbbe88f1be99cf9f9a5de397efccab75ef1d6266360e2aabf0e786a8f4,64990ea6addff6af93b8eace95fbcf586b8f19e678352f7776dc1bc87a88d58f,0.014064721879883951,0.00462729950436348,0.00979327581637558,0.0336187128639329,-0.9804134484943368,0.01677725681423354,0.03319479403895151,0.00042391879171447335,3.3599609766355445e-05,0.016743657204467185
sample_4480,L15-1138E-1216N_4553_3325_13,50176,0.05767697704081633,6aae1089d017edd1e19c9cf0440651ded9745754d4aa165f25a21676be5a1056,64990ea6addff6af93b8eace95fbcf586b8f19e678352f7776dc1bc87a88d58f,0.21165672187035614,0.10276396592122747,0.051408558889121124,0.1429934322432703,-0.8971828831518089,0.08320969534384402,0.14251073015703683,0.00048270200602300333,0.00010891456018256025,0.08310078078366144
sample_4481,L15-1748E-1247N_6993_3202_13,50176,0.005440848214285714,27e945bc5c27d42dca282692dab9de6fa4e671b4150bbcfc39b7fa50ff0c1c72,64990ea6addff6af93b8eace95fbcf586b8f19e678352f7776dc1bc87a88d58f,0.03459060642407902,0.013937022297990062,0.01941723138930238,0.059981624939221226,-0.9611655382434386,0.032462689733949834,0.05932576781430275,0.0006558571778379882,6.388307631049731e-05,0.032398806657639334
sample_4482,L15-1748E-1247N_6993_3202_13,50176,0.005002391581632653,1dffef3fe092a8b10f646b8ac3907aee2f4a7db86ef9ef19505deeb041bb120a,64990ea6addff6af93b8eace95fbcf586b8f19e678352f7776dc1bc87a88d58f,0.034277662374934716,0.014892262358084312,0.022366978918268745,0.06392565781131242,-0.9552660433528588,0.0359044442310506,0.06360493769038585,0.0003207201888208818,4.4133800974548425e-05,0.03586031043007606
sample_4483,L15-0358E-1220N_1433_3310_13,50176,0.013412786989795918,c8ecf34627321be980d5a52a953cd3458627e34146a5ef8ff1f3fde0ad4f8d3f,64990ea6addff6af93b8eace95fbcf586b8f19e678352f7776dc1bc87a88d58f,0.06473829896227895,0.03218136396438442,0.03920227982108576,0.09902209847440453,-0.9215954412339021,0.059448778912720476,0.09855466679316222,0.00046743163055233824,0.00010209033781259289,0.0593466885749079
sample_4484,L15-0544E-1228N_2176_3279_13,50176,0.17938855229591838,99fa7e42cb1b901028655cf61a786ecb1072728120e6fa07e3e6247a433f13c6,64990ea6addff6af93b8eace95fbcf586b8f19e678352f7776dc1bc87a88d58f,0.6597929041465052,0.30364305372859757,0.08229972543289923,0.21156453080682197,-0.8354005489801171,0.12638788268301307,0.21098572000388838,0.0005788110131087021,0.0001590512351418543,0.1262288314478712
sample_4485,L15-0544E-1228N_2176_3279_13,50176,0.1803252551020408,f2e8206e967a12342e79cf898b6137242ff9647a13ed7b93f87566e485d6b561,64990ea6addff6af93b8eace95fbcf586b8f19e678352f7776dc1bc87a88d58f,0.5919537501225275,0.3061594209493077,0.09032600158136528,0.24829967916424922,-0.8193479965943907,0.1456240682680178,0.24767593988418474,0.0006237393624297048,0.00020115006016624962,0.14542291820785153
sample_4486,L15-0368E-1245N_1474_3210_13,50176,0.14893574617346939,2b89745bb3a174b95851b224ed5895c1631f2bb3b565ad8f5f6f733080076575,64990ea6addff6af93b8eace95fbcf586b8f19e678352f7776dc1bc87a88d58f,0.35541599720246597,0.22320533505441445,0.09249311337504079,0.21952766691353293,-0.8150137740389912,0.13916141962740644,0.21880277605014284,0.0007248908419217923,0.0003154729873776402,0.1388459466400288
sample_4487,L15-0544E-1228N_2176_3279_13,50176,0.18223852040816327,7f03d50e127ae942954dbeb26702fc5fdfd82e752eec9aaeeea05f2e21ea999e,64990ea6addff6af93b8eace95fbcf586b8f19e678352f7776dc1bc87a88d58f,0.8278197134976937,0.3176352001330364,0.05998399358941242,0.1582884776614133,-0.8800320131140037,0.09278456957973404,0.15758500293734284,0.0007034747277043951,0.00012870760537076796,0.09265586197436326
sample_4488,L15-0368E-1245N_1474_3210_13,50176,0.15037069515306123,1a709d7f7e0a269f0d461b7bd1e18cdf02236f39df3b7492eee0af8d61565db9,64990ea6addff6af93b8eace95fbcf586b8f19e678352f7776dc1bc87a88d58f,0.3611884475579226,0.2256267915761954,0.08981126117667336,0.21643976780062554,-0.820377478695238,0.1370954109637955,0.2159274689726028,0.0005122987987404223,0.00025650175849800666,0.13683890920529748
sample_4489,L15-0566E-1185N_2265_3451_13,50176,0.0027901785714285715,8fa61df9c4debafc6c66251a8205fd0c3a0e875b8ae06644184d0adfcd6e49e8,64990ea6addff6af93b8eace95fbcf586b8f19e678352f7776dc1bc87a88d58f,0.014573899327596423,0.0059926347091582705,0.005734003540983766,0.022271457351689315,-0.9885319930619939,0.009926632139654617,0.02184934400017543,0.0004221133367417915,2.3762464929472394e-05,0.009902869674725147
sample_4490,L15-1138E-1216N_4553_3325_13,50176,0.15341996173469388,6f5fad0cb998caaec6621c3fbd496323b498193d17a4de2ea18bd15cdfd05cd2,64990ea6addff6af93b8eace95fbcf586b8f19e678352f7776dc1bc87a88d58f,0.47608232056518773,0.2520776466449372,0.12031218106502059,0.2997325379340054,-0.7593756376494086,0.18536056456194117,0.29908780562959814,0.0006447325522878898,0.00026065829683412996,0.18509990626510703
sample_4491,L15-0368E-1245N_1474_3210_13,50176,0.18957270408163265,7c35147b2b21fd4a4e74fae8918a9b1f2f0cf8aa58682c6a420528af0a2e6af2,64990ea6addff6af93b8eace95fbcf586b8f19e678352f7776dc1bc87a88d58f,0.6135241142053999,0.3053968843409041,0.15301938392150652,0.3581759102261018,-0.6939612320695682,0.22825393516779174,0.3572328745353943,0.0009430358394812156,0.00045036759696157015,0.22780356757083017
sample_4492,L15-0358E-1220N_1433_3310_13,50176,0.04673549107142857,4dd29411249fa562ff9bf79a068f0b3ea9a38d19cd7c75896da5dd6602d80b6d,64990ea6addff6af93b8eace95fbcf586b8f19e678352f7776dc1bc87a88d58f,0.1551356947548641,0.08710732104337615,0.07392411228098279,0.17617675853447362,-0.8521517763599915,0.10982788047445459,0.17562909791079415,0.0005476605215600261,0.00015617000121236668,0.10967171047324224
sample_4493,L15-1185E-0935N_4742_4450_13,50176,0.06620695153061225,864a19d7eaf21957d5976304d304a7c409aa483cb9cc5d718e04c2d43ba36a98,64990ea6addff6af93b8eace95fbcf586b8f19e678352f7776dc1bc87a88d58f,0.2200046399039711,0.11317500529334165,0.058942025248198866,0.1552336194481702,-0.8821159504369926,0.09260840184845898,0.15478666037120253,0.0004469590149380402,0.00012644679240113668,0.09248195505605784
sample_4494,L15-0544E-1228N_2176_3279_13,50176,0.17811304209183673,d99b17b5a65190789359ab64ff9115ac4931660819c32846cf9fa6f802d15221,64990ea6addff6af93b8eace95fbcf586b8f19e678352f7776dc1bc87a88d58f,0.615916238013191,0.3097408573953883,0.07370121081773078,0.21240798886435586,-0.8525975783861897,0.1211913653003368,0.2115301326190182,0.0008778562107424489,0.00023688530020137964,0.12095448000013545
sample_4495,L15-1848E-0793N_7394_5018_13,50176,0.001295440051020408,daede069d703460dc1275e43c772caa2a215db963efcbfa2dc4eef610aab241d,64990ea6addff6af93b8eace95fbcf586b8f19e678352f7776dc1bc87a88d58f,0.008622660403623576,0.003083724888090627,0.007278115378113045,0.02627426691064239,-0.9854437695104826,0.011962540279426162,0.02549896011761893,0.0007753067883822059,4.271590202625818e-05,0.011919824377399905
sample_4496,L15-1138E-1216N_4553_3325_13,50176,0.09893176020408163,e87f422a21b002c960cfd5d6c104b3b42d4027a63f876d7e3711a47fa62fc240,64990ea6addff6af93b8eace95fbcf586b8f19e678352f7776dc1bc87a88d58f,0.28613575869599917,0.16567846478351858,0.09535850505035713,0.2533848849566911,-0.809282989967402,0.15267184282429083,0.2523677401725391,0.001017144760159389,0.000393261580445587,0.15227858124384525
sample_4497,L15-1748E-1247N_6993_3202_13,50176,0.007772640306122449,2debf2d57a4dbff24ee88635252ba5851169dc557b33002564493af2e96299e9,64990ea6addff6af93b8eace95fbcf586b8f19e678352f7776dc1bc87a88d58f,0.03731841208442813,0.01693432290483921,0.020492757839264766,0.059187378831561756,-0.9590144855053963,0.03264505342719524,0.058854000317522956,0.00033337852331023624,3.818887460913272e-05,0.03260686455258611
sample_4498,L15-1014E-1375N_4056_2688_13,50176,0.17613998724489796,8fdd5ffdb6caecc345db34e53c57a1308d2dccb31a6c98809c43e3af96304eff,64990ea6addff6af93b8eace95fbcf586b8f19e678352f7776dc1bc87a88d58f,0.44518149889280867,0.2776462334224091,0.143810314766597,0.3426919036610932,-0.7123793701302711,0.2175192824471893,0.34223334890631096,0.0004585549147517374,0.0002192518094161872,0.21730003063777314
sample_4499,L15-1276E-1107N_5105_3761_13,50176,0.010443239795918368,53b6d3a162364f1dbd18b15840f52384c30a8e2cce9ad8a2135691a8ffe7434e,64990ea6addff6af93b8eace95fbcf586b8f19e678352f7776dc1bc87a88d58f,0.05380077355225445,0.019491907321376133,0.0028227713583892553,0.01542066623609283,-0.994354457261918,0.005195911482244308,0.014763909388835015,0.0006567568180121363,1.68891457820466e-05,0.005179022336462261
sample_4500,L15-1014E-1375N_4056_2688_13,50176,0.07850366709183673,8d8e5880f326f2419fb0d49d563a4ecaeead909aba93406a5cea676ab65207c4,64990ea6addff6af93b8eace95fbcf586b8f19e678352f7776dc1bc87a88d58f,0.2198021653065361,0.12505483249320534,0.076527386123305,0.17892651739406598,-0.8469452283285984,0.11119584641561046,0.17840376880293204,0.0005227486318092569,0.0001668521085938212,0.11102899430701668
sample_4501,L15-1276E-1107N_5105_3761_13,50176,0.06493144132653061,d99b4f9636a3338428ac57bcdd5dbf0a5426777bda6964e432690e4941b79a87,64990ea6addff6af93b8eace95fbcf586b8f19e678352f7776dc1bc87a88d58f,0.2369913526811619,0.1139416536187814,0.052014384788166425,0.1399591265752765,-0.8959712317330699,0.08397737420940553,0.13950410544981057,0.0004550211960463457,0.00010899063168489844,0.08386838357772064
sample_4502,L15-1389E-1284N_5557_3054_13,50176,0.0,daede069d703460dc1275e43c772caa2a215db963efcbfa2dc4eef610aab241d,64990ea6addff6af93b8eace95fbcf586b8f19e678352f7776dc1bc87a88d58f,0.0013542784925757777,5.432975107181762e-06,0.0013529161449844893,0.010066216604389541,-0.9972941677459465,0.002700399314861797,0.009830391617524538,0.00023582496176227085,1.7208729506382243e-06,0.002698678441911158
sample_4503,L15-1389E-1284N_5557_3054_13,50176,0.018793845663265307,6917d08dc21de36b16e21d5d3dee3a2a1db3bc51659ba42a2d49212678364c57,64990ea6addff6af93b8eace95fbcf586b8f19e678352f7776dc1bc87a88d58f,0.059083056660408605,0.03242717567476199,0.020742417658840745,0.05609732887448408,-0.9585151651717183,0.03223024829230743,0.05534389733497615,0.0007534315856282188,5.525843232384489e-05,0.032174989859983585
sample_4504,L15-1276E-1107N_5105_3761_13,50176,0.06451291454081633,c98f13897aa213812e110eb5752cccd0de00050128e649ddcba2087587329e43,64990ea6addff6af93b8eace95fbcf586b8f19e678352f7776dc1bc87a88d58f,0.22661592375196601,0.1128005915292409,0.04948300616079181,0.138415005254795,-0.9010339885781998,0.08148378990058451,0.1379275732082568,0.0004874321828798934,0.00011253474482005275,0.08137125515576447
sample_4505,L15-1014E-1375N_4056_2688_13,50176,0.06907684948979592,ad3850122bf9a87e9c45275420a6a7d8082efcc3631b930b143dc488dae391bb,64990ea6addff6af93b8eace95fbcf586b8f19e678352f7776dc1bc87a88d58f,0.2076195091313207,0.11796186975667733,0.07474360108014425,0.1992379811084296,-0.8505127986829913,0.12051775660519523,0.19844189056434847,0.0007960903947875812,0.0003099842604187126,0.12020777234477653
sample_4506,L15-1185E-0935N_4742_4450_13,50176,0.1306202168367347,58630e7f1929278c782eb895f6471ef727220b83410c17cc051b12af508caf89,64990ea6addff6af93b8eace95fbcf586b8f19e678352f7776dc1bc87a88d58f,0.3838794916610526,0.20818770938208137,0.09740420753654207,0.24661197957256004,-0.8051915849418756,0.15041080501554904,0.2459392787537351,0.0006727008343540065,0.00022936470849441965,0.1501814403070546
sample_4507,L15-1276E-1107N_5105_3761_13,50176,0.011120854591836735,cb16fc087fd13d4220b21390191d60930fc180e6a1345b1189bd5e8ad6c894da,64990ea6addff6af93b8eace95fbcf586b8f19e678352f7776dc1bc87a88d58f,0.053945896874835364,0.020325219009447455,0.0100137107727612,0.03629101499580915,-0.979972579066701,0.017008194520095193,0.03571684355493426,0.0005741715701134426,4.9158149201466394e-05,0.01695903637089373
sample_4508,L15-0566E-1185N_2265_3451_13,50176,0.0005978954081632653,8b7681aacbebc1e830daa58af45ee7fe5d97ffd9600f8a013a8fbfae643db64e,64990ea6addff6af93b8eace95fbcf586b8f19e678352f7776dc1bc87a88d58f,0.004746475632598175,0.0012554186657569657,0.0028800277018026276,0.015069746141434876,-0.9942399449112027,0.005267040343562223,0.014369180984440576,0.0007005650148435108,1.927163891804144e-05,0.0052477687046441806
sample_4509,L15-1014E-1375N_4056_2688_13,50176,0.06869818239795919,3fdf1dc6ba2451845dc80a5e4aae327f1365f04c19a550b3f7efb933764e4415,64990ea6addff6af93b8eace95fbcf586b8f19e678352f7776dc1bc87a88d58f,0.20701498051483078,0.11086016006616503,0.04632990724616209,0.11351940766293066,-0.9073401868945734,0.06829944570591862,0.1130030426323982,0.0005163651092994215,0.00011021438015277067,0.06818923132576583
sample_4510,L15-1748E-1247N_6993_3202_13,50176,0.005699936224489796,80455d883724de3977d7e9b432ea3501d8ce957d9809d001160c24a1d9c1ac5a,64990ea6addff6af93b8eace95fbcf586b8f19e678352f7776dc1bc87a88d58f,0.03420532790753998,0.014188704841661761,0.019048470688974296,0.05830540968376685,-0.9619030594185096,0.03160688844510935,0.057710351198604064,0.0005950585023566878,6.280791053032223e-05,0.03154408053457903
sample_4511,L15-1185E-0935N_4742_4450_13,50176,0.126953125,8e4bc3ff7e23791ab14b88887cd78c0787a36832b70c536285c0ea1a020db2ec,64990ea6addff6af93b8eace95fbcf586b8f19e678352f7776dc1bc87a88d58f,0.38547424180155326,0.2049275987091833,0.08424819948992748,0.2173973810369535,-0.8315036011184985,0.1310241695424062,0.2166262103361818,0.0007711706805691017,0.00027037026414567357,0.13075379927826053
sample_4512,L15-1014E-1375N_4056_2688_13,50176,0.1356823979591837,6069c19b6a6a7a41b0962e4113879af6d706079aae9550b606023a12ee0e4692,64990ea6addff6af93b8eace95fbcf586b8f19e678352f7776dc1bc87a88d58f,0.36774188975803257,0.22163989112304447,0.10458186904695455,0.2597015410768137,-0.7908362621654685,0.16220571658947514,0.25934321435235114,0.0003583265936877105,0.00014108488164082708,0.16206463170783433
sample_4513,L15-0368E-1245N_1474_3210_13,50176,0.19096779336734693,2542a2f43ddb02982ba7c7aef903ed38dd688bd74aec18f88441e19c47aab972,64990ea6addff6af93b8eace95fbcf586b8f19e678352f7776dc1bc87a88d58f,0.5831977086828624,0.3081912003825293,0.17191995127121823,0.3878319726773026,-0.6561600973535149,0.25051289687906214,0.3872571508896926,0.0005748219249717393,0.0002723414112858571,0.2502405554677763
sample_4514,L15-1138E-1216N_4553_3325_13,50176,0.16165098852040816,9dff333c1d86dd574e9d0a5d2ef8a3a816c6f0b8150fd30337591e486ef5dc1e,64990ea6addff6af93b8eace95fbcf586b8f19e678352f7776dc1bc87a88d58f,0.5013418828723165,0.2653037684850777,0.1315346672995567,0.3178786065786729,-0.7369306652363486,0.1988221002773326,0.3167650869919408,0.0011135197029255904,0.00045969283439111543,0.19836240744294154
sample_4515,L15-1210E-1025N_4840_4088_13,50176,0.005042251275510204,50c152268d904c5123cb34a4189a823fe0dbc5dfcfc603a346882afb13a092a1,64990ea6addff6af93b8eace95fbcf586b8f19e678352f7776dc1bc87a88d58f,0.031013745577858836,0.010990753674296814,0.010826777510002864,0.03951879244368292,-0.9783464455866389,0.019050055373769737,0.038886871022705105,0.000631921425408185,4.601354276827982e-05,0.019004041831001458
sample_4516,L15-1210E-1025N_4840_4088_13,50176,0.07421875,76d6fcd984905f6fd36fbf1a8369c4b1bb1980dfe7905a021455f5911862785c,64990ea6addff6af93b8eace95fbcf586b8f19e678352f7776dc1bc87a88d58f,0.26030124952361805,0.13162386816193392,0.044795648519149314,0.13950808145371785,-0.9104087035430026,0.07709571781309585,0.1386603100966145,0.0008477713008073839,0.00019443020310225972,0.0769012876099936
sample_4517,L15-0358E-1220N_1433_3310_13,50176,0.06265943877551021,92bde8b0769cd7f35a6aab6143a0f53cb3b01ea37e2e15593c835453e068df80,64990ea6addff6af93b8eace95fbcf586b8f19e678352f7776dc1bc87a88d58f,0.1858375582377197,0.10472143454332473,0.06591881503355784,0.15599060035900877,-0.8681623706826792,0.09797122506883693,0.15546109359804797,0.000529506825992208,0.00017540688388207855,0.09779581818495484
sample_4518,L15-1748E-1247N_6993_3202_13,50176,0.000817123724489796,8daf05172d2a1e9d9040274604059e0f5864e4bd4a436cfba6947e7340d3e376,64990ea6addff6af93b8eace95fbcf586b8f19e678352f7776dc1bc87a88d58f,0.009128423197761531,0.002526001087689173,0.0056923158046295295,0.023691779342007276,-0.9886153687036444,0.010049625781424945,0.023217461522317743,0.00047431766960112247,2.5773219711017936e-05,0.010023852561713927
sample_4519,L15-0544E-1228N_2176_3279_13,50176,0.1746452487244898,e9e8d01031f6cca4f2483ff4e5f2afb5fc71118b48bc2dabe88bdd653618286f,64990ea6addff6af93b8eace95fbcf586b8f19e678352f7776dc1bc87a88d58f,0.6510755070011672,0.29420605264075844,0.08214614663762515,0.21001717102146744,-0.8357077066002263,0.1258527140009226,0.20913916868776922,0.0008780023676049622,0.00024334744392545042,0.12560936655699714
sample_4520,L15-1389E-1284N_5557_3054_13,50176,0.07443797831632654,2a04eff462c00bc7d52d88bb6224b83063eb44b221f094f8756e119969f61ad2,64990ea6addff6af93b8eace95fbcf586b8f19e678352f7776dc1bc87a88d58f,0.20952721815552305,0.12448040023761305,0.07727167025393787,0.1949299829101037,-0.8454566607585778,0.12115739275877367,0.1945842580967948,0.00034572475880622185,0.00015123665091459202,0.1210061561078591
sample_4521,L15-1848E-0793N_7394_5018_13,50176,0.017877072704081634,daede069d703460dc1275e43c772caa2a215db963efcbfa2dc4eef610aab241d,64990ea6addff6af93b8eace95fbcf586b8f19e678352f7776dc1bc87a88d58f,0.04518784700807205,0.026618266269118982,0.025009843271358738,0.06410492122185839,-0.9499803147508836,0.0369379879496542,0.06350348875087128,0.0006014323471150173,6.968657186772396e-05,0.036868301377786475
sample_4522,L15-1014E-1375N_4056_2688_13,50176,0.06782126913265306,f32e732beb708ce26593e2fcf25e0525643b72f959ef1d8a11bdf69bbb519603,64990ea6addff6af93b8eace95fbcf586b8f19e678352f7776dc1bc87a88d58f,0.1975122530723667,0.1105709198923517,0.06709779340094335,0.1599782503477092,-0.865804414203281,0.09852901525011226,0.1593919203379476,0.0005863299810203963,0.00016242235628461887,0.09836659289382764
sample_4523,L15-1748E-1247N_6993_3202_13,50176,0.009068080357142858,7c0b4848d269ff6014ae88657df98d701aeff666817a98c22b6a973a54c0f3c5,64990ea6addff6af93b8eace95fbcf586b8f19e678352f7776dc1bc87a88d58f,0.04032740430436561,0.018245673842476003,0.020657448839320212,0.06362632096069974,-0.9586851031937863,0.03400945438973306,0.06161985984468607,0.002006461084851526,0.0001944765510858484,0.03381497783864722
sample_4524,L15-0358E-1220N_1433_3310_13,50176,0.06423389668367346,547fa9f6456b155efb5ba06c90b605554d0583169351431473430edfadea4886,64990ea6addff6af93b8eace95fbcf586b8f19e678352f7776dc1bc87a88d58f,0.19666998427326957,0.11558818281898205,0.09901946848519716,0.23394208013730267,-0.8019610636603682,0.14849817787316213,0.23337184428728167,0.0005702358660634257,0.0002418091399876214,0.14825636873317452
sample_4525,L15-0566E-1185N_2265_3451_13,50176,0.00045838647959183676,1706b9164e7060a4a2cd1520b965b41282ef99addb275a90aaabf6475522d5d2,64990ea6addff6af93b8eace95fbcf586b8f19e678352f7776dc1bc87a88d58f,0.003917384227184315,0.0010428181360117455,0.0031969728642048277,0.015052768952167162,-0.9936060543678622,0.005729139793182709,0.014761805928067853,0.00029096299182288806,1.0440449046778452e-05,0.00571869934413593
sample_4526,L15-1210E-1025N_4840_4088_13,50176,0.07814492984693877,df47e41bccd89727df17745a14d2584c94b178e5103e58d98f4c2eefbb7050a0,64990ea6addff6af93b8eace95fbcf586b8f19e678352f7776dc1bc87a88d58f,0.27704464282817837,0.13975273590712692,0.039704219686409116,0.13060282851859534,-0.920591561166979,0.06987832216528707,0.1296161006728164,0.0009867278257630853,0.00021599002166300266,0.06966233214362406
sample_4527,L15-1389E-1284N_5557_3054_13,50176,0.0,daede069d703460dc1275e43c772caa2a215db963efcbfa2dc4eef610aab241d,64990ea6addff6af93b8eace95fbcf586b8f19e678352f7776dc1bc87a88d58f,0.001442869880197283,4.943446773087006e-06,0.0014416321895883552,0.010760274327821376,-0.9971167356281176,0.0028783209324036232,0.010366398646601273,0.00039387564511452345,3.10864869229676e-06,0.002875212283711326
sample_4528,L15-0358E-1220N_1433_3310_13,50176,0.05227598852040816,f95cd8386f05e10546ecb185a508e35c5d8a7832f4cd7eaacb56695883cdcfd7,64990ea6addff6af93b8eace95fbcf586b8f19e678352f7776dc1bc87a88d58f,0.1573640360580493,0.09059164200272252,0.07577980507749646,0.17780946165883996,-0.8484403908910723,0.11150432349331467,0.17713349539759018,0.0006759660795159081,0.00019306641236009161,0.1113112570809546
sample_4529,L15-0544E-1228N_2176_3279_13,50176,0.13950892857142858,3c889534873bc8591b659bab23e3919ecaeaa363b3062a2d171d075d9c9a0a6a,64990ea6addff6af93b8eace95fbcf586b8f19e678352f7776dc1bc87a88d58f,0.4878373105080595,0.24113132396226467,0.07621061010998958,0.2136141934870945,-0.8475787797005433,0.12336507237006085,0.21272274372692299,0.0008914498219722833,0.000211251048541958,0.12315382132151888
sample_4530,L15-1210E-1025N_4840_4088_13,50176,0.03940130739795918,92f08b50a764cbca2a3a36e3dc36c45e6166f090bdc1f5223468ef03eb3a79f2,64990ea6addff6af93b8eace95fbcf586b8f19e678352f7776dc1bc87a88d58f,0.13946367803618978,0.07178534707190204,0.053166676411281664,0.15713648113892384,-0.8936666476383217,0.08930244889030527,0.1564135477776264,0.0007229333288873806,0.00017152267558989513,0.0891309262147154
sample_4531,L15-1848E-0793N_7394_5018_13,50176,0.0040058992346938774,41120604b05acee5707f515a230e3fc2b12189a36d8d2d512a69a4e857d0c01e,64990ea6addff6af93b8eace95fbcf586b8f19e678352f7776dc1bc87a88d58f,0.01719685619910756,0.007291236238129971,0.005131791237675186,0.02064836217735978,-0.9897364176709633,0.00866419408939582,0.02012913741092415,0.0005192248206039607,2.505245528883375e-05,0.008639141634106987
sample_4532,L15-0566E-1185N_2265_3451_13,50176,0.017817283163265307,4eb1d1f444c16606b453fd7b004a0df06aa53b2bd9a672ac56feb4d4d6bd57a0,64990ea6addff6af93b8eace95fbcf586b8f19e678352f7776dc1bc87a88d58f,0.056988414735524184,0.029889724846517186,0.020899023406910806,0.06278649785124099,-0.95820195423892,0.03414144920320079,0.06231121614227095,0.0004752817534263392,8.265581417853935e-05,0.03405879338902224
sample_4533,L15-1276E-1107N_5105_3761_13,50176,0.01110092474489796,91dbd072c5b7bd8312eb52aa9a6469e770431a0fd3f8d1fd486a5329b1780f18,64990ea6addff6af93b8eace95fbcf586b8f19e678352f7776dc1bc87a88d58f,0.0712782782918029,0.022011671070287904,0.002160879034948136,0.012509895412663091,-0.9956782418811041,0.004003205376801562,0.012168032113840016,0.0003418633308460978,7.332617590753212e-06,0.003995872759210809
sample_4534,L15-1014E-1375N_4056_2688_13,50176,0.06776147959183673,ad3850122bf9a87e9c45275420a6a7d8082efcc3631b930b143dc488dae391bb,64990ea6addff6af93b8eace95fbcf586b8f19e678352f7776dc1bc87a88d58f,0.2076481412049123,0.11655371348854728,0.07295064883050034,0.1913483152214409,-0.8540987031419983,0.11667189279922112,0.1908960441502694,0.0004522711301455996,0.00018163083871241534,0.1164902619605087
sample_4535,L15-1276E-1107N_5105_3761_13,50176,0.010901626275510204,42db113f5f350f42911e90151ff48b7a10d7055d50a8e86c0f28d6a0c6b90a4d,64990ea6addff6af93b8eace95fbcf586b8f19e678352f7776dc1bc87a88d58f,0.07025055605648635,0.02155467914793787,0.002128310344771159,0.012942830584779469,-0.9957433791324841,0.004019850255857128,0.012466260910693043,0.00047656981013816894,1.0692416297905286e-05,0.0040091578395592235
sample_4536,L15-1748E-1247N_6993_3202_13,50176,0.008769132653061224,12ea9495354c1a5387cc6e350980acd0755778159dabc42ac2a2eae3bac4d17c,64990ea6addff6af93b8eace95fbcf586b8f19e678352f7776dc1bc87a88d58f,0.037636416395705724,0.01729813140180449,0.01851432152182738,0.05567507694740484,-0.9629713578310415,0.029925866147646075,0.05514707028224505,0.0005280065317762198,6.10638245457903e-05,0.02986480232310029
sample_4537,L15-0368E-1245N_1474_3210_13,50176,0.20228794642857142,09a26ff9a24b9bfa35281f5ab86bd161d503bc3879238319c4be19dc1952a12c,64990ea6addff6af93b8eace95fbcf586b8f19e678352f7776dc1bc87a88d58f,0.5405551347332276,0.317870396342629,0.1282170544680189,0.31842925465207084,-0.7435658907943339,0.1982089100565498,0.31765139885276494,0.000777855802671755,0.0003121239301926318,0.1978967861263572
sample_4538,L15-0358E-1220N_1433_3310_13,50176,0.06863839285714286,aab1882328a1bca0dca094aec0eb6b2ab154849e9b99a691ddacc0be90b23860,64990ea6addff6af93b8eace95fbcf586b8f19e678352f7776dc1bc87a88d58f,0.19902132428819405,0.11673278039106061,0.08005738965763083,0.1963955733469048,-0.8398852213210459,0.1215918621047983,0.19556888149430915,0.0008266919408031107,0.0003252728114460142,0.12126658929335231
sample_4539,L15-1138E-1216N_4553_3325_13,50176,0.15064971301020408,f3452d036110a9f5ff9636b538f796e703a86db564377c59396c5fdc964a6d75,64990ea6addff6af93b8eace95fbcf586b8f19e678352f7776dc1bc87a88d58f,0.4936505690875614,0.25357770091583726,0.10166832137073638,0.27114536848509235,-0.7966633573245717,0.16330157205494247,0.27012947861249254,0.0010158898475335569,0.00041268913625160493,0.16288888291869086
sample_4540,L15-1210E-1025N_4840_4088_13,50176,0.0537109375,4345cf06bd74767d72fa47824d9a95bc7819237ce0c7e77811b397fdd08c89d3,64990ea6addff6af93b8eace95fbcf586b8f19e678352f7776dc1bc87a88d58f,0.1834448929191949,0.09050881698595581,0.037423801187863,0.10306558416816744,-0.9251523987065795,0.05937685913904339,0.10254750032215842,0.0005180838446146529,0.0001050241085549488,0.05927183503048844
sample_4541,L15-0358E-1220N_1433_3310_13,50176,0.06056680484693878,53a62dd3bd224b6f5eb27a1339162b12889d7ec721ea52ec51d1cb864ea2a029,64990ea6addff6af93b8eace95fbcf586b8f19e678352f7776dc1bc87a88d58f,0.1793207070645755,0.1016172441888161,0.062861712389312,0.1517675367308566,-0.8742765758595529,0.09439834163724278,0.15105027163023171,0.0007172651156375832,0.00021416269751475396,0.09418417893972802
sample_4542,L15-0368E-1245N_1474_3210_13,50176,0.18702168367346939,ff85a7d2186d67ab07e97280e628a4c158596adeb530abbc0951657f6eef8380,64990ea6addff6af93b8eace95fbcf586b8f19e678352f7776dc1bc87a88d58f,0.5838329307505291,0.3012393579279715,0.12813418387193043,0.320399943228127,-0.7437316320658297,0.19790702063116186,0.3192929701946346,0.0011069731360252343,0.0004924295372334176,0.19741459109392845
sample_4543,L15-0358E-1220N_1433_3310_13,50176,0.03204719387755102,69ceb9b47391273c49a6ff3aa27370d06b0362a367c840f41e64b3c68b56b04a,64990ea6addff6af93b8eace95fbcf586b8f19e678352f7776dc1bc87a88d58f,0.1040683338824601,0.06150043578074603,0.06087404805382866,0.13097217698188662,-0.8782519055091322,0.08442092177991962,0.13071216905290106,0.00026000802386753587,8.276339214299442e-05,0.08433815838777664
sample_4544,L15-1138E-1216N_4553_3325_13,50176,0.09663982780612244,bced3997e948f0c3b15b556fee9eb6c7334b77e4e51d44e31e5f7441d0a5177a,64990ea6addff6af93b8eace95fbcf586b8f19e678352f7776dc1bc87a88d58f,0.28257571329262615,0.16197349138712705,0.09205134223305564,0.24107936665847474,-0.8158973156467503,0.14557442721276959,0.2401296162930819,0.0009497503386760463,0.00035808174476604577,0.14521634546800355
sample_4545,L15-1210E-1025N_4840_4088_13,50176,0.05141900510204082,231fd4b28b443872e61fd0a74fe823ec6959bb0ad36ac085a9658fc29a248852,64990ea6addff6af93b8eace95fbcf586b8f19e678352f7776dc1bc87a88d58f,0.15863513250215786,0.08363863528635167,0.03629375717422108,0.09646409199440187,-0.9274124868225352,0.05619397377406083,0.09601002047573727,0.00045407152156747097,7.337270405878983e-05,0.056120601070002045
sample_4546,L15-1389E-1284N_5557_3054_13,50176,0.0013751594387755102,2908a4eea388941c9255ae526e97397aa34da0f2fa5b39786ddfdc96285078ba,64990ea6addff6af93b8eace95fbcf586b8f19e678352f7776dc1bc87a88d58f,0.007752945904254752,0.00269335901781216,0.0028831247853267255,0.013916384809163252,-0.9942337504946933,0.005120844045324813,0.013493033455462206,0.0004233513822431196,1.042459111723597e-05,0.0051104194542075775
sample_4547,L15-1389E-1284N_5557_3054_13,50176,0.0017737563775510204,df2a9f03cbf805212a61e7510669ab398999bbc55db49a438a2dc9ae6474b258,64990ea6addff6af93b8eace95fbcf586b8f19e678352f7776dc1bc87a88d58f,0.009239929294478753,0.003641934497716457,0.0051621450087511725,0.01946313149122974,-0.9896757100465488,0.008689915270051796,0.019208034452032865,0.0002550971359930253,1.235669043478417e-05,0.00867755857961701
sample_4548,L15-0566E-1185N_2265_3451_13,50176,0.0,daede069d703460dc1275e43c772caa2a215db963efcbfa2dc4eef610aab241d,64990ea6addff6af93b8eace95fbcf586b8f19e678352f7776dc1bc87a88d58f,0.0013176888281388182,3.9304175505364234e-06,0.0013167050213324933,0.009975455670236102,-0.9973665900624046,0.0026294796251144503,0.009587244097,0.0003882114697804628,3.055608668492548e-06,0.0026264240164459575
sample_4549,L15-0544E-1228N_2176_3279_13,50176,0.17633928571428573,799fb10088ff89e989742fa4d1c501aa0fa68ef2ecbcbf384df20ef691eb86a8,64990ea6addff6af93b8eace95fbcf586b8f19e678352f7776dc1bc87a88d58f,0.7161672298848473,0.31992787636124254,0.05053233181611084,0.15572412313924625,-0.8989353366093757,0.08478931213028654,0.15428679950619706,0.0014373235455433179,0.0003325314293097677,0.08445678070097677
sample_4550,L15-1748E-1247N_6993_3202_13,50176,0.01309390943877551,1b8ee8123671578cbd09ea4eae3eeff817b7e638e3973a37ed3db9161530de7f,64990ea6addff6af93b8eace95fbcf586b8f19e678352f7776dc1bc87a88d58f,0.053734096777434584,0.02752523635295137,0.03339037284188505,0.08988372893817645,-0.9332192555993917,0.052203949106471755,0.08931932709431752,0.0005644019101151523,9.383765290370056e-05,0.05211011145356805
sample_4551,L15-1138E-1216N_4553_3325_13,50176,0.15672831632653061,1124d7c91a1a7269b762218355777ff8871d875b1bebfcd8490e6ddc702f5911,64990ea6addff6af93b8eace95fbcf586b8f19e678352f7776dc1bc87a88d58f,0.5432685998126567,0.266846932645005,0.09029089350833044,0.2541952573234424,-0.8194182130013522,0.14978472246858865,0.2534351848520195,0.0007600724225454266,0.0002859947194897748,0.1494987277490989
sample_4552,L15-1848E-0793N_7394_5018_13,50176,0.0204280931122449,daede069d703460dc1275e43c772caa2a215db963efcbfa2dc4eef610aab241d,64990ea6addff6af93b8eace95fbcf586b8f19e678352f7776dc1bc87a88d58f,0.05452645745084643,0.032294313353508484,0.024778709560395122,0.0630159428602494,-0.9504425821745045,0.036410091657820366,0.06258816356200687,0.0004277793134263586,5.431697295883732e-05,0.03635577468486153
sample_4553,L15-1748E-1247N_6993_3202_13,50176,0.005500637755102041,21f033c04e745c2b264d505be2031aabbe6517f66f63092ceb70869d3d5ee919,64990ea6addff6af93b8eace95fbcf586b8f19e678352f7776dc1bc87a88d58f,0.03416294965250603,0.014255762967036994,0.020551013197198664,0.06120200605609456,-0.9588979747697839,0.03399370047822547,0.060966870396667004,0.00023513571141203443,4.153084152492273e-05,0.03395216963670054
sample_4554,L15-0544E-1228N_2176_3279_13,50176,0.17861128826530612,bb8d41c382c0abc5fac9e429d18af367bc23bede6034399500a661026ab0728a,64990ea6addff6af93b8eace95fbcf586b8f19e678352f7776dc1bc87a88d58f,0.6027119873787492,0.307580899056243,0.08744862202284097,0.24417237410855486,-0.8251027559086612,0.1422029444084066,0.24302352029261448,0.0011488538490689118,0.00036176175923436596,0.14184118264917228
sample_4555,L15-1014E-1375N_4056_2688_13,50176,0.06718351403061225,ac308f8dd1922704a49144f0fad2674d94d376be66478320dc893b2de0b67c1e,64990ea6addff6af93b8eace95fbcf586b8f19e678352f7776dc1bc87a88d58f,0.20218658490368016,0.11527668255703188,0.07103956762905594,0.18877092404443307,-0.8579208653881036,0.11409829853401678,0.18821756428255942,0.0005533599134246287,0.00021505006608829025,0.11388324846792848
sample_4556,L15-1210E-1025N_4840_4088_13,50176,0.021185427295918366,3351acec2776de44e7bc84a54001bee95006004cafb247df7e32c823a62aab68,64990ea6addff6af93b8eace95fbcf586b8f19e678352f7776dc1bc87a88d58f,0.08802068307085113,0.03955189654575761,0.03223035975159811,0.10106700443680676,-0.935539281368791,0.05428181786279233,0.10074270614601552,0.00032429828082619855,5.772378176519384e-05,0.05422409408102714
sample_4557,L15-0566E-1185N_2265_3451_13,50176,0.0013352997448979591,a1a936fab4d4e756bb53724d38edfad084cabe9940b5ba020c06801d27911043,64990ea6addff6af93b8eace95fbcf586b8f19e678352f7776dc1bc87a88d58f,0.010279872584964446,0.0035277130383970347,0.007823914237206384,0.028968267515636196,-0.9843521718286192,0.013429760204416132,0.028335027946380306,0.0006332396228957539,4.3447166811162376e-05,0.013386313037604973
sample_4558,L15-1210E-1025N_4840_4088_13,50176,0.0165218431122449,3e2365a26504ab39bacbdcc82877436d0e15518395d2eb50a90c810f743c621d,64990ea6addff6af93b8eace95fbcf586b8f19e678352f7776dc1bc87a88d58f,0.0655273173668626,0.029888080963824438,0.024828068518830577,0.08145320950811749,-0.9503438638889846,0.04233451438640419,0.08079062558750437,0.0006625840974830603,9.068294029310169e-05,0.042243831446111095
sample_4559,L15-1138E-1216N_4553_3325_13,50176,0.05703922193877551,70a3314dd659eb0518bb90f4bf14a3bfe7133276f704f9d3847ac823634a6d36,64990ea6addff6af93b8eace95fbcf586b8f19e678352f7776dc1bc87a88d58f,0.2039706531856986,0.10056565227168801,0.05034733791027826,0.13705557100078797,-0.8993053249912175,0.07988164997260783,0.13659252638338232,0.0004630446474879478,0.0001121428510400709,0.07976950712156777
sample_4560,L15-1138E-1216N_4553_3325_13,50176,0.047353316326530615,8fa89c8610de7a98c288be554c88e062cddfef56d3868c18e62d2197d0edc24a,64990ea6addff6af93b8eace95fbcf586b8f19e678352f7776dc1bc87a88d58f,0.25525820906801516,0.0966172879339572,0.061691091602611145,0.17998595330569456,-0.8766178170844141,0.10265799799767239,0.17874289944159918,0.001243053923849059,0.0003306594886488746,0.10232733850902356
sample_4561,L15-1748E-1247N_6993_3202_13,50176,0.007194674744897959,17864e066f30710b90b5b19234162834acffbb19531caab55e1ec16872ed5272,64990ea6addff6af93b8eace95fbcf586b8f19e678352f7776dc1bc87a88d58f,0.03914383132957582,0.017654314931322985,0.02484748461663875,0.06999789509716302,-0.9503050318674194,0.03962416676169365,0.06954799212384763,0.00044990301470088204,6.284907308335685e-05,0.03956131768861029
sample_4562,L15-0358E-1220N_1433_3310_13,50176,0.08209103954081633,d8dc051b45282cd7f78456ec065af277545241aa4a22b7828f37e3d540289441,64990ea6addff6af93b8eace95fbcf586b8f19e678352f7776dc1bc87a88d58f,0.2258298387964079,0.13600149381759385,0.09082547523204845,0.22367619700253544,-0.818349050249481,0.13986217685041183,0.2231278634141,0.0005483336283092347,0.0002483062968908208,0.139613870553521
sample_4563,L15-0544E-1228N_2176_3279_13,50176,0.15471540178571427,83de72ac86eeec43772212a801816c3328915ea4dd1e4aa32cc404d472291a15,64990ea6addff6af93b8eace95fbcf586b8f19e678352f7776dc1bc87a88d58f,0.5647067544366663,0.2691324226404693,0.0997228970755918,0.27625453676972683,-0.8005542059236083,0.1635656508099263,0.2755636512688663,0.0006908854910805711,0.00025435469453800375,0.16331129611538828
sample_4564,L15-0358E-1220N_1433_3310_13,50176,0.08304767219387756,993f918f7122021abbee972c619e11e7c397daf72c1233461c92b28e5f94d550,64990ea6addff6af93b8eace95fbcf586b8f19e678352f7776dc1bc87a88d58f,0.22977595667484255,0.1375557374403545,0.08413762632966498,0.21274285785801483,-0.8317247478148303,0.13168345991050012,0.21215966088402438,0.0005831969958999701,0.0002405006109789172,0.1314429592995212
sample_4565,L15-1848E-0793N_7394_5018_13,50176,0.004424426020408163,536fbe64aa14edb7229a7bbd5fbf546ba5159c7510eec605015c8a4e05a4d834,64990ea6addff6af93b8eace95fbcf586b8f19e678352f7776dc1bc87a88d58f,0.01917530573956769,0.008105374614525776,0.005241835494620764,0.02042811432483913,-0.9895163294495674,0.00868965937161102,0.019868009593416936,0.0005601046302939146,2.6622798687921762e-05,0.008663036572923097
sample_4566,L15-0544E-1228N_2176_3279_13,50176,0.18136160714285715,3f5c175a308d70d8f80acd3c3e2fa67edf3e0fd54091cff3102a7659f8df7f8a,64990ea6addff6af93b8eace95fbcf586b8f19e678352f7776dc1bc87a88d58f,0.7412832638177005,0.30643257376608296,0.07659884430444325,0.1955106723595956,-0.8468023115352945,0.11683968808219146,0.19499927964056718,0.0005113927385151837,0.00012400081308089713,0.11671568726911055
sample_4567,L15-0566E-1185N_2265_3451_13,50176,0.0036471619897959183,61964b326cfba19220e99f94d51eccfd6bf04afa71452a8e7c9e0bc77c3b0292,64990ea6addff6af93b8eace95fbcf586b8f19e678352f7776dc1bc87a88d58f,0.01423536285043157,0.00674381609654087,0.005740844000758109,0.020548975724815784,-0.9885183120523354,0.009599972363930046,0.020233653930374636,0.0003153217707460497,1.141101667753523e-05,0.00958856134725251
sample_4568,L15-1748E-1247N_6993_3202_13,50176,0.001753826530612245,6151bfd2392578824ed2981d3e73d02e4cb94ebbedff03525b250b192f386c40,64990ea6addff6af93b8eace95fbcf586b8f19e678352f7776dc1bc87a88d58f,0.00975935526941326,0.003647085701614209,0.006679500236974231,0.02517867771572719,-0.9866409997609408,0.01109279375936406,0.02421952084985522,0.0009591569892308713,4.182166128110154e-05,0.01105097209808296
sample_4569,L15-0566E-1185N_2265_3451_13,50176,0.0001992984693877551,f595ecadd196b1ed455481966949971929d4bdeb2f267389cc623a67c7549054,64990ea6addff6af93b8eace95fbcf586b8f19e678352f7776dc1bc87a88d58f,0.006488389525517484,0.0018810890164393068,0.005548497183219891,0.021285574078262374,-0.9889030059158012,0.009544183976233803,0.02081247577948558,0.00047309821273569476,2.3273130904321483e-05,0.009520910845329482
sample_4570,L15-1848E-0793N_7394_5018_13,50176,0.00025908801020408165,daede069d703460dc1275e43c772caa2a215db963efcbfa2dc4eef610aab241d,64990ea6addff6af93b8eace95fbcf586b8f19e678352f7776dc1bc87a88d58f,0.004489523808686357,0.0012131985458449107,0.004056452657096088,0.016731879666255892,-0.9918870951219881,0.00696866575367191,0.01653191801839876,0.00019996152417083393,1.0606240239081781e-05,0.006958059513432828
sample_4571,L15-1138E-1216N_4553_3325_13,50176,0.12033641581632654,3bd72f3cd1478acc0b5d381bb2254e402b18c7fc9eb251f3d07a63dff2491345,64990ea6addff6af93b8eace95fbcf586b8f19e678352f7776dc1bc87a88d58f,0.3446774556511935,0.20200552147409484,0.13389384619920153,0.33025955585262556,-0.7322123073539921,0.20562778165442958,0.32932688837248353,0.0009326675812362105,0.00041370174437443805,0.20521407991005514
sample_4572,L15-1138E-1216N_4553_3325_13,50176,0.11852279974489796,e21c9f672a65d8442187000e597970e776c0b5411ae300db1924e8107783182a,64990ea6addff6af93b8eace95fbcf586b8f19e678352f7776dc1bc87a88d58f,0.35378031372224406,0.20397102306229273,0.13214276906943936,0.32985232462952413,-0.7357144614919761,0.20506786199232088,0.32887209629767417,0.0009802286010776018,0.00042598494441786213,0.20464187704790304
sample_4573,L15-1014E-1375N_4056_2688_13,50176,0.17647879464285715,c0dd63260e5724a81102c7f02628c98f235c09e83cce794924e581c0b94278db,64990ea6addff6af93b8eace95fbcf586b8f19e678352f7776dc1bc87a88d58f,0.4673064574668451,0.28289745510311737,0.11949594034005565,0.30814089292937485,-0.7610081190256107,0.1893079315075605,0.3072873327815253,0.0008535603894108227,0.00036485685771288665,0.18894307464984755
sample_4574,L15-1014E-1375N_4056_2688_13,50176,0.06618702168367346,88cde03b78a9b0607f657a3d3643edb51d05ab78bd45ac2ae4130b927f862752,64990ea6addff6af93b8eace95fbcf586b8f19e678352f7776dc1bc87a88d58f,0.20008349405057085,0.11401759495459743,0.07115562502247262,0.18663688058454445,-0.8576887506628703,0.11328676201284359,0.18603186661243656,0.0006050140465182412,0.00019117752516345187,0.11309558448768012
sample_4575,L15-1389E-1284N_5557_3054_13,50176,0.0,daede069d703460dc1275e43c772caa2a215db963efcbfa2dc4eef610aab241d,64990ea6addff6af93b8eace95fbcf586b8f19e678352f7776dc1bc87a88d58f,0.0015338019955963612,7.715891928824558e-06,0.0015318660773526952,0.01113011334947007,-0.9969362679936935,0.0030560162627765656,0.01059912286115614,0.0005309904972129034,5.567558280570316e-06,0.003050448704495996
sample_4576,L15-0358E-1220N_1433_3310_13,50176,0.08302774234693877,993f918f7122021abbee972c619e11e7c397daf72c1233461c92b28e5f94d550,64990ea6addff6af93b8eace95fbcf586b8f19e678352f7776dc1bc87a88d58f,0.2259304960998011,0.136228609743775,0.08594434652287437,0.21377860605172133,-0.8281113074184087,0.13311790894431513,0.21335513047762852,0.00042347563542034387,0.00012233765098406985,0.1329955712933311
sample_4577,L15-1848E-0793N_7394_5018_13,50176,0.0001793686224489796,a3f4aec7b0054265f83404a6d96b49ed44efc2220960fd6c82087a67e2399fd2,64990ea6addff6af93b8eace95fbcf586b8f19e678352f7776dc1bc87a88d58f,0.01123797777729672,0.0031543944882773565,0.010092761241640819,0.03403290529401498,-0.9798144780666737,0.017158127597631197,0.03361519399297904,0.00041771120735123685,3.459802942330226e-05,0.017123529568207896
sample_4578,L15-1014E-1375N_4056_2688_13,50176,0.07095025510204081,d98e196100229314e6090d407b7e7ee710a92878f825012e94907122f7123145,64990ea6addff6af93b8eace95fbcf586b8f19e678352f7776dc1bc87a88d58f,0.20969295793156742,0.11518189833533363,0.06687093087548047,0.16077605370111156,-0.8662581391986539,0.09894725397904457,0.1602663925991869,0.000509660994468083,0.00013228157901476887,0.0988149724000298
sample_4579,L15-1276E-1107N_5105_3761_13,50176,0.009207589285714286,6c93f639417c22ee6b3af080cbf4ddd597a8d1238a2a0bfc699cee6079b7c97e,64990ea6addff6af93b8eace95fbcf586b8f19e678352f7776dc1bc87a88d58f,0.06057073636540753,0.018136916220231357,0.001858903920724608,0.011269709433394068,-0.9962821923631534,0.0035260904867862705,0.0110716751392337,0.00019803424950664777,4.334716330462002e-06,0.0035217557704558086
sample_4580,L15-1138E-1216N_4553_3325_13,50176,0.06544961734693877,f9e600c619f4d87874f603e34cf162018e4e2c2a4258c936970f2c40c7ca6608,64990ea6addff6af93b8eace95fbcf586b8f19e678352f7776dc1bc87a88d58f,0.23297559157082548,0.11604499976859427,0.054680975156418066,0.15615911299891955,-0.8906380503684171,0.09014365397499416,0.1553513702443978,0.0008077427319177443,0.00018048717606150065,0.08996316679893267
sample_4581,L15-0368E-1245N_1474_3210_13,50176,0.23531170280612246,e7cdb56c6d9373f7d9d35fd388fc103e73d97f527b1f2b45e66f146bad82fcf3,64990ea6addff6af93b8eace95fbcf586b8f19e678352f7776dc1bc87a88d58f,0.6919823127294913,0.37676342043495925,0.1422132948551289,0.3445211173597443,-0.7155734101741538,0.21710802040140773,0.3440925379191291,0.0004285796268285913,0.00018181368543710244,0.21692620671597065
sample_4582,L15-0358E-1220N_1433_3310_13,50176,0.06596779336734694,547fa9f6456b155efb5ba06c90b605554d0583169351431473430edfadea4886,64990ea6addff6af93b8eace95fbcf586b8f19e678352f7776dc1bc87a88d58f,0.19471847368520617,0.11451673543018934,0.09105024420257125,0.22035542399229668,-0.8178995122534101,0.13809065611467192,0.21989783867287704,0.0004575852229058074,0.00017654586456191195,0.13791411025011002
sample_4583,L15-1389E-1284N_5557_3054_13,50176,0.0,daede069d703460dc1275e43c772caa2a215db963efcbfa2dc4eef610aab241d,64990ea6addff6af93b8eace95fbcf586b8f19e678352f7776dc1bc87a88d58f,0.001472227927840986,7.14237079226302e-06,0.0014704314526170492,0.010816385066216783,-0.9970591373807882,0.0029337205344418357,0.010265438142813327,0.0005509468884316322,5.926330536731532e-06,0.0029277942039051042
sample_4584,L15-1276E-1107N_5105_3761_13,50176,0.01881377551020408,f6a59c63e30771b3d31d0ba377273b04609f0fbdc22ce865b8d1767d587d0bbc,64990ea6addff6af93b8eace95fbcf586b8f19e678352f7776dc1bc87a88d58f,0.07502023893471735,0.034788091022750975,0.018370902562532956,0.0613908105681998,-0.9632581959684225,0.032174007763870985,0.06088266901109336,0.0005081415858791733,7.785098304070458e-05,0.03209615678083028
sample_4585,L15-0358E-1220N_1433_3310_13,50176,0.035255899234693876,3152601559d31dc13b6fe2a928e16990efe9b93bf6f743984dbc8f261c0ed0ff,64990ea6addff6af93b8eace95fbcf586b8f19e678352f7776dc1bc87a88d58f,0.11576950118036637,0.06722661146133395,0.06776483585150456,0.14586808974111815,-0.8644703301000713,0.09426982742786395,0.14560519646374911,0.0002628932480260746,8.759376596198942e-05,0.09418223366190197
sample_4586,L15-0566E-1185N_2265_3451_13,50176,0.001953125,1706b9164e7060a4a2cd1520b965b41282ef99addb275a90aaabf6475522d5d2,64990ea6addff6af93b8eace95fbcf586b8f19e678352f7776dc1bc87a88d58f,0.007116066842100655,0.003137756892420388,0.005429871831735482,0.019174562163285114,-0.9891402564437877,0.008534489963547148,0.018863140136634877,0.00031142216849013905,1.1395958310072098e-05,0.008523094005237077
sample_4587,L15-1748E-1247N_6993_3202_13,50176,0.007473692602040816,e348205f286d505470b2d20cb1c49c7eb80bce7571e8ff36747f0f7788db2529,64990ea6addff6af93b8eace95fbcf586b8f19e678352f7776dc1bc87a88d58f,0.029480082891238147,0.013961336131035356,0.01317933470139052,0.04242268134294699,-0.9736413313716581,0.021618871316442082,0.041703901952444354,0.0007187793200305275,6.707120868824642e-05,0.021551800107753837
sample_4588,L15-1848E-0793N_7394_5018_13,50176,0.01833545918367347,daede069d703460dc1275e43c772caa2a215db963efcbfa2dc4eef610aab241d,64990ea6addff6af93b8eace95fbcf586b8f19e678352f7776dc1bc87a88d58f,0.04395662942721561,0.026671806974274438,0.024625584783688263,0.06006339390668695,-0.9507488315577717,0.03526778347057567,0.05973411950481718,0.00032927440408436304,3.921777532460947e-05,0.035228565695251055
sample_4589,L15-1138E-1216N_4553_3325_13,50176,0.04727359693877551,eb0bcfd2de4c56e5a01d8549978ba18811af566f8c8dfb68c8b1822d939434d3,64990ea6addff6af93b8eace95fbcf586b8f19e678352f7776dc1bc87a88d58f,0.28030649311744954,0.09795900468307213,0.06178946773122464,0.17548803216033038,-0.8764210647050905,0.10138416782519276,0.17489195931948862,0.0005960729737946173,0.00018312703042785918,0.1012010407947649
sample_4590,L15-1389E-1284N_5557_3054_13,50176,0.0017338966836734694,df2a9f03cbf805212a61e7510669ab398999bbc55db49a438a2dc9ae6474b258,64990ea6addff6af93b8eace95fbcf586b8f19e678352f7776dc1bc87a88d58f,0.012029280808980773,0.004818038932532087,0.008052085503717239,0.026777274991034054,-0.9838958290717409,0.013187746686249141,0.026538147691029253,0.00023912724712638736,1.6642810802229353e-05,0.01317110387544691
sample_4591,L15-1389E-1284N_5557_3054_13,50176,0.07393973214285714,235f007547e408f6751d68690cac35dce3ed26d8f4157f604fded2c4797395c5,64990ea6addff6af93b8eace95fbcf586b8f19e678352f7776dc1bc87a88d58f,0.21215059965043415,0.12465546770821641,0.06077771938325153,0.16591942136603657,-0.8784445623848689,0.09943627791507095,0.16543333152744522,0.00048608978451324824,0.0001784254722692647,0.09925785244280169
sample_4592,L15-0566E-1185N_2265_3451_13,50176,0.0,daede069d703460dc1275e43c772caa2a215db963efcbfa2dc4eef610aab241d,64990ea6addff6af93b8eace95fbcf586b8f19e678352f7776dc1bc87a88d58f,0.00181053656913881,5.0719619503196965e-05,0.0017964740934762725,0.012329170348870393,-0.9964070519053492,0.003542228567449348,0.011748492808794477,0.0005806774732776336,8.884633117849722e-06,0.003533343934331499
sample_4593,L15-1276E-1107N_5105_3761_13,50176,0.011061065051020409,91dbd072c5b7bd8312eb52aa9a6469e770431a0fd3f8d1fd486a5329b1780f18,64990ea6addff6af93b8eace95fbcf586b8f19e678352f7776dc1bc87a88d58f,0.06678005393671256,0.021878039807554123,0.002680542698244051,0.014842011551753229,-0.9946389145694062,0.004977605996057845,0.014267601319774054,0.0005744101784679957,1.6403133130424445e-05,0.004961202862927421
sample_4594,L15-0358E-1220N_1433_3310_13,50176,0.08296795280612244,d8dc051b45282cd7f78456ec065af277545241aa4a22b7828f37e3d540289441,64990ea6addff6af93b8eace95fbcf586b8f19e678352f7776dc1bc87a88d58f,0.23040245723972577,0.13806893052483374,0.0888223697369614,0.22084865862075287,-0.8223552611139706,0.13747698417520113,0.21986088568066592,0.0009877728662218176,0.0004327143999391075,0.13704426977526205
sample_4595,L15-0358E-1220N_1433_3310_13,50176,0.06562898596938775,4707bd5b2cce22443587257c300bdb68414e260fc1179ee04bb159363baf295e,64990ea6addff6af93b8eace95fbcf586b8f19e678352f7776dc1bc87a88d58f,0.1846955915237204,0.10760471064026056,0.07140256232957412,0.17212708181189187,-0.857194876173272,0.1071260016439618,0.1716741878959985,0.00045289381399469137,0.00013384944400350536,0.1069921521999583
sample_4596,L15-1276E-1107N_5105_3761_13,50176,0.008589764030612245,32d75c2a1dce4e9cd0208e220453f3209874e92fca5c3b77e0594c1bfd60c977,64990ea6addff6af93b8eace95fbcf586b8f19e678352f7776dc1bc87a88d58f,0.04250650384496961,0.015254283317822845,0.003256031940453591,0.014422348408969183,-0.9934879361077799,0.005460801217325398,0.014074248678802949,0.0003480997225628618,8.788855851632927e-06,0.005452012361473765
sample_4597,L15-0368E-1245N_1474_3210_13,50176,0.2347138073979592,4f4ff49d0755d76341792d406e27f5ed256a7b3d5432448830d3e88d450d3cd3,64990ea6addff6af93b8eace95fbcf586b8f19e678352f7776dc1bc87a88d58f,0.6977800728578074,0.3742728415318603,0.13413220679753327,0.32145964720681725,-0.731735586361306,0.20150368900261598,0.3207809773984648,0.0006786697838572513,0.0002835523198994006,0.20122013668271654
sample_4598,L15-0566E-1185N_2265_3451_13,50176,0.003268494897959184,620e4ae29d4fee13f73d379d695009e59627436f82dc2c17b842fc85e6540922,64990ea6addff6af93b8eace95fbcf586b8f19e678352f7776dc1bc87a88d58f,0.01480564313728844,0.0063999919564230925,0.005064242533693204,0.01988580125635768,-0.989871514881467,0.008682828484543223,0.01942045275623105,0.0004653485517097044,2.1691626844963248e-05,0.008661136857698261
sample_4599,L15-0566E-1185N_2265_3451_13,50176,0.031728316326530615,01e3529fbb5289fdb2a22e0eec5b4b4f5e5e9cd5d9369638255434f56c57f3a3,64990ea6addff6af93b8eace95fbcf586b8f19e678352f7776dc1bc87a88d58f,0.09585111269939986,0.054821472643971546,0.030024264073141908,0.08044760238636163,-0.9399514730407456,0.04675071067030304,0.07971818620490853,0.0007294161537608235,8.735039906911748e-05,0.046663360271233946
sample_4600,L15-1185E-0935N_4742_4450_13,50176,0.1268933354591837,4fc6744a59cdd64e9288281c2f3890e4c3703dc676882752a8c3910036cef0c4,64990ea6addff6af93b8eace95fbcf586b8f19e678352f7776dc1bc87a88d58f,0.4078689959767701,0.20851351782199168,0.07274511535604465,0.19278505201451246,-0.8545097693415645,0.1142756653674843,0.19221480898616347,0.0005702431764600269,0.00020650741534659325,0.1140691579521377
sample_4601,L15-0566E-1185N_2265_3451_13,50176,0.0009367028061224489,b3c9c2f19c908da28dd7928740e839fc37568313a7402e8b70d4754809b1d84d,64990ea6addff6af93b8eace95fbcf586b8f19e678352f7776dc1bc87a88d58f,0.0117751355571906,0.003244435183437291,0.0058705445215087,0.02369480101754517,-0.9882589112631891,0.010357737603626946,0.023279167746567027,0.0004156333285354338,2.505642464329413e-05,0.01033268117898365
sample_4602,L15-0544E-1228N_2176_3279_13,50176,0.18144132653061223,b8215de6a253d3de35479ff0e805e93b925324f90915e12ebbd56af3ae839c5b,64990ea6addff6af93b8eace95fbcf586b8f19e678352f7776dc1bc87a88d58f,0.7917342406922505,0.3130412566249487,0.06251512482591277,0.16358962828808948,-0.8749697505033258,0.09634469152865394,0.1629004928389797,0.0006891355753890884,0.0001701027212203028,0.09617458880743364
sample_4603,L15-1848E-0793N_7394_5018_13,50176,0.0007971938775510204,daede069d703460dc1275e43c772caa2a215db963efcbfa2dc4eef610aab241d,64990ea6addff6af93b8eace95fbcf586b8f19e678352f7776dc1bc87a88d58f,0.008573395429401111,0.0030926904328078546,0.007426877754350782,0.025100203622791886,-0.9851462446104492,0.01196997911468543,0.024712116827954815,0.00038808678352792006,2.491174365171373e-05,0.011945067371033713
sample_4604,L15-0566E-1185N_2265_3451_13,50176,0.0033482142857142855,8fa61df9c4debafc6c66251a8205fd0c3a0e875b8ae06644184d0adfcd6e49e8,64990ea6addff6af93b8eace95fbcf586b8f19e678352f7776dc1bc87a88d58f,0.016262034511745627,0.007477427037437571,0.00929705603095722,0.030279991822871315,-0.9814058878842697,0.015324746918795176,0.029931018830029993,0.0003489729561387233,2.929839221763373e-05,0.015295448526577543
sample_4605,L15-0368E-1245N_1474_3210_13,50176,0.1888751594387755,3edd7fb955d35aec9bcdaf90e5813a3d7770522200c8a9eec44768df709ffc86,64990ea6addff6af93b8eace95fbcf586b8f19e678352f7776dc1bc87a88d58f,0.5644557181764671,0.3071918134705098,0.16784304241074857,0.3827939941038927,-0.6643139152362165,0.24622588228486758,0.38201231555158205,0.0007816785726689045,0.0003669044592481571,0.24585897782561938
sample_4606,L15-1210E-1025N_4840_4088_13,50176,0.0034478635204081634,75e3b63bfa283f7a0aeaf793938b4e752332fa1805b16c08a1164b4403990a95,64990ea6addff6af93b8eace95fbcf586b8f19e678352f7776dc1bc87a88d58f,0.02845551703357915,0.010294430844844944,0.01618562566415806,0.054057806425040086,-0.9676287497575867,0.027557583859094546,0.0534085043520938,0.0006493020312100143,7.231934640090154e-05,0.02748526451269364
sample_4607,L15-1210E-1025N_4840_4088_13,50176,0.062201052295918366,6bc2199582ce7035e30691624497384b1566744ba1e8ee740fdad529ee633b62,64990ea6addff6af93b8eace95fbcf586b8f19e678352f7776dc1bc87a88d58f,0.18954918632267048,0.10012794076541463,0.04296298212566584,0.11266088751639891,-0.9140740367987633,0.06644716306554971,0.11235947710462585,0.00030141042165295545,6.403843126521761e-05,0.0663831246342845
sample_4608,L15-1848E-0793N_7394_5018_13,50176,0.021763392857142856,97fb90f63e1625c30fd04bfa25a19dce454c2474306290653ee1bb542d24fd51,64990ea6addff6af93b8eace95fbcf586b8f19e678352f7776dc1bc87a88d58f,0.06569571569537637,0.03629970727707296,0.026165265380880053,0.06691630192608747,-0.9476694702202253,0.038534310124423134,0.06603828711643692,0.0008780148525955549,8.014194601298158e-05,0.03845416817841015
sample_4609,L15-1185E-0935N_4742_4450_13,50176,0.06391501913265306,656c3f9cefc60239328b6590b8da4251ee18e4ed4c83c1815004e302e6d6d088,64990ea6addff6af93b8eace95fbcf586b8f19e678352f7776dc1bc87a88d58f,0.21725885624072597,0.10952593648064825,0.0501788263090373,0.13748877060350656,-0.8996423480631606,0.07975305150813934,0.13676055538413806,0.0007282154078213383,0.0001640055914433343,0.07958904591669601
sample_4610,L15-0358E-1220N_1433_3310_13,50176,0.0647720025510204,33ce1a51173e492f4cad6a21ea92b8e96d0a8fbeb40c0c788b98abadd45497d3,64990ea6addff6af93b8eace95fbcf586b8f19e678352f7776dc1bc87a88d58f,0.21019442249697115,0.11213570299524828,0.05372981086245035,0.14621291302888945,-0.892540378956635,0.0862158853590069,0.14578881715637093,0.00042409591227196195,0.00010008595041571531,0.08611579940859117
sample_4611,L15-1848E-0793N_7394_5018_13,50176,0.0166812818877551,211ad240b4b062d2226dea180e00978ad81d6eb528694d87c2f6d61a30d51765,64990ea6addff6af93b8eace95fbcf586b8f19e678352f7776dc1bc87a88d58f,0.048326628201984086,0.026381153346643864,0.021066600188365852,0.05652526329937647,-0.9578668004196027,0.031944584046277896,0.05626580912865814,0.0002594541673612294,4.0102140465783505e-05,0.03190448190581211
sample_4612,L15-1389E-1284N_5557_3054_13,50176,0.0016940369897959183,df2a9f03cbf805212a61e7510669ab398999bbc55db49a438a2dc9ae6474b258,64990ea6addff6af93b8eace95fbcf586b8f19e678352f7776dc1bc87a88d58f,0.008526804750528002,0.0032875311723786042,0.004188525549858353,0.017901454024202103,-0.9916229489881169,0.007252174643231865,0.01738054270867558,0.0005209113855397161,1.636630338082296e-05,0.007235808339851042
sample_4613,L15-0544E-1228N_2176_3279_13,50176,0.1403858418367347,9f4ad63e481ec55b11e73e251f1a05c31aa9334ebf43ce4475b6ac8debb2c3e0,64990ea6addff6af93b8eace95fbcf586b8f19e678352f7776dc1bc87a88d58f,0.46275015670299163,0.24032632638445456,0.08549565343989288,0.23959410569132564,-0.8290086930132211,0.13926612780862344,0.23901898922232503,0.0005751165739333179,0.000162964313521755,0.1391031634951017
sample_4614,L15-1138E-1216N_4553_3325_13,50176,0.06911670918367346,e77439a52c174f3ead02906edd336c7041a935f419651715bda6e88a0b8b3d06,64990ea6addff6af93b8eace95fbcf586b8f19e678352f7776dc1bc87a88d58f,0.2372736390075609,0.121436771426207,0.06850795810733333,0.18598304083076891,-0.8629840842153295,0.1102656487709785,0.185393565745483,0.0005894750937777888,0.00017946635003368596,0.11008618242094483
sample_4615,L15-0358E-1220N_1433_3310_13,50176,0.07110969387755102,d6d8dabb43702363add9efdcfaa72e4f17d79e1930002a8af781b36e73a0a62a,64990ea6addff6af93b8eace95fbcf586b8f19e678352f7776dc1bc87a88d58f,0.20634785225219984,0.12184739455286227,0.08936562482148827,0.2124387293558129,-0.8212687506586509,0.1338133462806036,0.21199246055614024,0.0004462690028222065,0.00017062544378556877,0.13364272083681802
sample_4616,L15-1185E-0935N_4742_4450_13,50176,0.06971460459183673,b4db9aa4cee6f0a18425dc069cb357784a20c9fef9e90bc8baec3d958ddce8ac,64990ea6addff6af93b8eace95fbcf586b8f19e678352f7776dc1bc87a88d58f,0.22120831061964405,0.11944496973789043,0.05168027266603419,0.15189715651132754,-0.8966394552014435,0.08639854098674594,0.1507403122679567,0.0011568443853218772,0.00029825969711645597,0.08610028128962947
sample_4617,L15-1138E-1216N_4553_3325_13,50176,0.12001753826530612,628524d23e9047dc399db3cd03725948f2d1ff5a2276af98ef9d225386cfbd86,64990ea6addff6af93b8eace95fbcf586b8f19e678352f7776dc1bc87a88d58f,0.34664955886970766,0.20129426215249813,0.13261054829475755,0.3191003843336572,-0.7347789032179212,0.19994362047574182,0.31788410079133256,0.0012162835600227234,0.0005240793873551955,0.19941954108838672
sample_4618,L15-1210E-1025N_4840_4088_13,50176,0.0768295599489796,2ee45a878a27602e674ff44cf6cb077a9a0265a8ec102c19567eee700a07318f,64990ea6addff6af93b8eace95fbcf586b8f19e678352f7776dc1bc87a88d58f,0.2552695904711684,0.13414000870728063,0.05911655028407671,0.1744757795090687,-0.8817668996485607,0.09960781320387375,0.1738830461512175,0.000592733442420556,0.00016108463025217348,0.09944672857362158
sample_4619,L15-0358E-1220N_1433_3310_13,50176,0.026965082908163265,dade01ceb4403fcdd4fa50d564b402a60b28dcac6e70e4ceed29d68d4dad5128,64990ea6addff6af93b8eace95fbcf586b8f19e678352f7776dc1bc87a88d58f,0.08685240320523427,0.048693604273341,0.034612681943571616,0.09008827652001491,-0.9307746378111127,0.05362498482925244,0.08925473685108985,0.0008335394357105333,0.00014138784736725433,0.0534835969818852
sample_4620,L15-0544E-1228N_2176_3279_13,50176,0.13895089285714285,f8f953ca4dbbc129070a98f465bd755f1106c087e665b73c6c4a574af506f04a,64990ea6addff6af93b8eace95fbcf586b8f19e678352f7776dc1bc87a88d58f,0.44485110160947794,0.23551906824785637,0.09231308251928196,0.2571849001269396,-0.815373834894822,0.15076336110450847,0.25637808875986845,0.0008068113837791375,0.00024098441921578662,0.15052237668529267
sample_4621,L15-1138E-1216N_4553_3325_13,50176,0.09889190051020408,bd5b188884ac2ca2023746f0ba2dcc8169293d26e3f5b522da621d7812b314e3,64990ea6addff6af93b8eace95fbcf586b8f19e678352f7776dc1bc87a88d58f,0.2862762972952856,0.16641325788226136,0.10336174522003881,0.26980266513738854,-0.7932765095897033,0.16419184130510717,0.2686698244145533,0.0011328407211009775,0.00047082580005186516,0.16372101550505533
sample_4622,L15-0358E-1220N_1433_3310_13,50176,0.056162308673469385,e6427fa81bed98e23c6b5a2ccb99329836fee572c71d837ae61c9b4da6598576,64990ea6addff6af93b8eace95fbcf586b8f19e678352f7776dc1bc87a88d58f,0.16491051818591024,0.09582573442580926,0.07055101740977024,0.16399128866931306,-0.8588979659537282,0.10374507825169371,0.16352597239137512,0.0004653162135556624,0.00017619266976676541,0.10356888558192694
sample_4623,L15-1014E-1375N_4056_2688_13,50176,0.17751514668367346,00392ddbaf1429754cfc4818857e5dfa3101a08403a34f492c86a12600c26b73,64990ea6addff6af93b8eace95fbcf586b8f19e678352f7776dc1bc87a88d58f,0.4610948662245927,0.2815756626983459,0.13387422425772197,0.3309814627481112,-0.7322515513654831,0.20725659346317035,0.33011789929859653,0.0008635633438703416,0.00039411040193052525,0.20686248306123986
sample_4624,L15-0566E-1185N_2265_3451_13,50176,0.0004185267857142857,1706b9164e7060a4a2cd1520b965b41282ef99addb275a90aaabf6475522d5d2,64990ea6addff6af93b8eace95fbcf586b8f19e678352f7776dc1bc87a88d58f,0.0030278053843237106,0.0007989836207215143,0.0023903754546915237,0.01272366890940583,-0.9952192492476041,0.0043356246663537705,0.012418261309768027,0.0003054075871147889,8.629173954821966e-06,0.004326995492398949
sample_4625,L15-1014E-1375N_4056_2688_13,50176,0.1376355229591837,84604034eec1bc9faf62fd3fd90a829e0cfbf02941b3a398564d2919bdfca058,64990ea6addff6af93b8eace95fbcf586b8f19e678352f7776dc1bc87a88d58f,0.3444053126517587,0.21747750591258794,0.12024357071982658,0.29057629170201715,-0.7595128588176489,0.18437595562505452,0.2895770507464572,0.0009992409152033619,0.0004256165876280533,0.1839503390374264
sample_4626,L15-0368E-1245N_1474_3210_13,50176,0.20139110331632654,09a26ff9a24b9bfa35281f5ab86bd161d503bc3879238319c4be19dc1952a12c,64990ea6addff6af93b8eace95fbcf586b8f19e678352f7776dc1bc87a88d58f,0.5372415673365755,0.3165134946179292,0.1270639593534799,0.31783202769994023,-0.7458720809493472,0.19756685957093414,0.31698933392633255,0.0008426940241236028,0.0003529318225623523,0.1972139277483718
sample_4627,L15-1014E-1375N_4056_2688_13,50176,0.0729233099489796,a6f91378a17ba40927f25472c0adc6a8fe0abc90c8ba6954436b654b68719ff9,64990ea6addff6af93b8eace95fbcf586b8f19e678352f7776dc1bc87a88d58f,0.20185604188216405,0.11375042198743446,0.05906463848849835,0.14379431075675844,-0.881870723974929,0.08735302317891995,0.14324382731623445,0.0005504834268899708,0.00013381336651386604,0.0872192098124061
sample_4628,L15-1138E-1216N_4553_3325_13,50176,0.1035953443877551,6f380f3f3e0f4c2833ee7ec34be0581ecdb203544d4cca596fc455dd6e2503b5,64990ea6addff6af93b8eace95fbcf586b8f19e678352f7776dc1bc87a88d58f,0.30547169617919473,0.17541434869163217,0.10247510388655094,0.2679317856853434,-0.7950497920788833,0.16277294099087902,0.26734268637565195,0.0005890992800823781,0.00023474848493914392,0.16253819250593984
sample_4629,L15-1185E-0935N_4742_4450_13,50176,0.07296316964285714,7d0c13849acc6853f67daf351ae1a9ed684eb9a8fc8912bd5c65c65fd12f332f,64990ea6addff6af93b8eace95fbcf586b8f19e678352f7776dc1bc87a88d58f,0.22661747199466703,0.12381400320420144,0.06678147028124302,0.18501555623577895,-0.8664370598027175,0.10900984049925282,0.18430908825403294,0.0007064678985772483,0.00025780982937181646,0.108752030669881
sample_4630,L15-0544E-1228N_2176_3279_13,50176,0.18181999362244897,1763fce44546f3478173800b183f73a0d68ef9be54aef901d2d91147dda76f8a,64990ea6addff6af93b8eace95fbcf586b8f19e678352f7776dc1bc87a88d58f,0.5621239441270538,0.30763476673924167,0.09382328063330365,0.25955060563611804,-0.8123534387720778,0.15206564295787306,0.25855384912429097,0.0009967564788058074,0.00034190851857683423,0.15172373443929627
sample_4631,L15-1014E-1375N_4056_2688_13,50176,0.13552295918367346,6069c19b6a6a7a41b0962e4113879af6d706079aae9550b606023a12ee0e4692,64990ea6addff6af93b8eace95fbcf586b8f19e678352f7776dc1bc87a88d58f,0.336053858362273,0.21397294855108448,0.12250680542474955,0.2964466907164687,-0.7549863891860278,0.18851538543593874,0.296045100357717,0.00040159034118719434,0.0001864030274334246,0.18832898240850532
sample_4632,L15-1185E-0935N_4742_4450_13,50176,0.13313137755102042,3040bedb02bd7d8b659bc7203552ee80cf5322a841ab73ea2971943d020c6222,64990ea6addff6af93b8eace95fbcf586b8f19e678352f7776dc1bc87a88d58f,0.4182591218017395,0.21792840344683456,0.07135527214505805,0.19651230360856986,-0.857289455926914,0.11539447611016246,0.1954779193279292,0.001034384262434883,0.00033072410694784767,0.11506375200321461
sample_4633,L15-0544E-1228N_2176_3279_13,50176,0.1726124043367347,e2c63a717161748d5232a66eb7b04bddf971c8043e79479cc71874c56d69b9cf,64990ea6addff6af93b8eace95fbcf586b8f19e678352f7776dc1bc87a88d58f,0.6385150888313307,0.28911491489937513,0.103709237057269,0.2534115766772079,-0.7925815258128972,0.15567977780961134,0.25288165255594813,0.0005299242618038005,0.00016664675404246638,0.15551313105556888
sample_4634,L15-1389E-1284N_5557_3054_13,50176,0.07672991071428571,6bfa207bc983159d7bda88071d3490b1329bec40c6804c5a240eaffc1e410c04,64990ea6addff6af93b8eace95fbcf586b8f19e678352f7776dc1bc87a88d58f,0.21832500701555116,0.128466385008096,0.07240105752966233,0.18594245936643436,-0.8551978858997372,0.11441240140483319,0.18513077441422274,0.0008116848547240269,0.000330645211659394,0.11408175619317379
sample_4635,L15-1138E-1216N_4553_3325_13,50176,0.1579639668367347,f281bd33098e48fd74c98c89930c6a2328c359cdb070bf0527583f296bd44673,64990ea6addff6af93b8eace95fbcf586b8f19e678352f7776dc1bc87a88d58f,0.4878842582741721,0.2619723740966439,0.12881840552364912,0.3150211008877976,-0.7423631888896693,0.19681118790291732,0.31398958407804617,0.0010315168663197019,0.0004503818579736819,0.19636080604494366
sample_4636,L15-1138E-1216N_4553_3325_13,50176,0.12368463010204081,d8af03b07665fe43d7617cd852b0ea53376b24bd2d6ab478875d1b0517f1e1d7,64990ea6addff6af93b8eace95fbcf586b8f19e678352f7776dc1bc87a88d58f,0.34853434233122016,0.2053231633354695,0.14209097796309816,0.3354612118871095,-0.715818043747293,0.21180834877986265,0.33441566565597214,0.0010455463373841133,0.00046717881122870883,0.21134116996863395
sample_4637,L15-0544E-1228N_2176_3279_13,50176,0.1768176020408163,b648d2ed014f4ae3ae82c276e4e17870f400b6469f130ce08bcad01355b3d007,64990ea6addff6af93b8eace95fbcf586b8f19e678352f7776dc1bc87a88d58f,0.6340099676456941,0.31185491898367235,0.06875558079182341,0.19977215826361644,-0.8624888384216495,0.11297417807626127,0.1989973369631438,0.0007748213009436183,0.000212349004447345,0.11276182907181392
sample_4638,L15-1014E-1375N_4056_2688_13,50176,0.06538982780612244,53e00f6e69f77c442d689437f54ffc3ce0d21142a181e7eec48118a8d2fb0f5c,64990ea6addff6af93b8eace95fbcf586b8f19e678352f7776dc1bc87a88d58f,0.19983620208263242,0.11321300514173027,0.06878394857928043,0.18287920946452668,-0.8624321037506515,0.11045982452159622,0.18229646540305494,0.000582744041326251,0.00019605819331204867,0.11026376632828416
sample_4639,L15-1389E-1284N_5557_3054_13,50176,0.0,daede069d703460dc1275e43c772caa2a215db963efcbfa2dc4eef610aab241d,64990ea6addff6af93b8eace95fbcf586b8f19e678352f7776dc1bc87a88d58f,0.001287084859884476,7.785499845890086e-06,0.0012851203637368673,0.009495570948420783,-0.9974297592555209,0.002562455227627845,0.00922444466516365,0.0002711264478524209,2.356997646797585e-06,0.0025600982299810466
sample_4640,L15-1748E-1247N_6993_3202_13,50176,0.00882892219387755,cb50fddab3070b44b37c45e584157dbb6ad9ff2960211572058c0a47f5399f6c,64990ea6addff6af93b8eace95fbcf586b8f19e678352f7776dc1bc87a88d58f,0.04226524655106314,0.019499006521202067,0.02288523085097003,0.06672969874006379,-0.9542295393283378,0.037256079334567434,0.06633586233574905,0.0003938365595377348,5.285395823660813e-05,0.03720322537633081
sample_4641,L15-1748E-1247N_6993_3202_13,50176,0.007553411989795918,0ee889b627b13cac26c82edebf6d9277efa848be839af37fb163573713d3369e,64990ea6addff6af93b8eace95fbcf586b8f19e678352f7776dc1bc87a88d58f,0.04023351445442241,0.017881985025063118,0.023211492478552902,0.06584906851877126,-0.9535770164954064,0.03708063210882622,0.06536943423314846,0.00047963434407602705,7.610058934337454e-05,0.03700453151948285
sample_4642,L15-1185E-0935N_4742_4450_13,50176,0.08619658801020408,737635a026f31bcd51aecce3c20c11b195f117cbba7ac944e0141e3d7865bb31,64990ea6addff6af93b8eace95fbcf586b8f19e678352f7776dc1bc87a88d58f,0.23898541518410663,0.13535482321482126,0.0832004302148042,0.20757282794310242,-0.8335991395650634,0.12559857482936254,0.20718513126238625,0.000387696745140724,9.529604764152854e-05,0.12550327878172102
sample_4643,L15-0566E-1185N_2265_3451_13,50176,0.0,daede069d703460dc1275e43c772caa2a215db963efcbfa2dc4eef610aab241d,64990ea6addff6af93b8eace95fbcf586b8f19e678352f7776dc1bc87a88d58f,0.0012301201982516659,3.769568061783732e-06,0.0012291764534002512,0.009340522267966406,-0.9975416469433442,0.0024545833387387187,0.009022619550753275,0.00031790281767171523,2.2756504941061466e-06,0.0024523076882446127
sample_4644,L15-1138E-1216N_4553_3325_13,50176,0.003049266581632653,daede069d703460dc1275e43c772caa2a215db963efcbfa2dc4eef610aab241d,64990ea6addff6af93b8eace95fbcf586b8f19e678352f7776dc1bc87a88d58f,0.11869516494873135,0.04402462258961448,0.10463254767878703,0.272589224239386,-0.7907349045005125,0.16622350419298598,0.27181323951221337,0.0007759848410925667,0.0003054291516970801,0.1659180750412889
sample_4645,L15-1014E-1375N_4056_2688_13,50176,0.17761479591836735,8fdd5ffdb6caecc345db34e53c57a1308d2dccb31a6c98809c43e3af96304eff,64990ea6addff6af93b8eace95fbcf586b8f19e678352f7776dc1bc87a88d58f,0.4792161343113352,0.28336761604420063,0.11706502175752112,0.3033707717651898,-0.765869956346208,0.18631056878086125,0.30243072352675143,0.0009400482497070132,0.00040705135071790737,0.18590351743014333
sample_4646,L15-1389E-1284N_5557_3054_13,50176,0.07399952168367346,0b9c8cb40160b27bd09b3a4a2afe1e72fb01e4bb6ce2aef02b452ad00ebe8683,64990ea6addff6af93b8eace95fbcf586b8f19e678352f7776dc1bc87a88d58f,0.20992040670446513,0.12413543113908534,0.06491423202488496,0.1748753524048205,-0.8701715370940935,0.10528467948109399,0.1740351266534977,0.0008402256623166936,0.0001827415209734127,0.10510193796012057
sample_4647,L15-1185E-0935N_4742_4450_13,50176,0.06277901785714286,9bb9dc8d91d88d64a67660b535134eaee36a7a386debdea594b72f69586cfe32,64990ea6addff6af93b8eace95fbcf586b8f19e678352f7776dc1bc87a88d58f,0.22497272298567525,0.11024565208724356,0.04417494502232163,0.12505284537432731,-0.911650110715928,0.07128727205675721,0.12433352649471605,0.0007193189344468707,0.00015031008338674831,0.07113696197337047
sample_4648,L15-1848E-0793N_7394_5018_13,50176,0.0016143176020408164,daede069d703460dc1275e43c772caa2a215db963efcbfa2dc4eef610aab241d,64990ea6addff6af93b8eace95fbcf586b8f19e678352f7776dc1bc87a88d58f,0.05972139541139004,0.023536054161026512,0.05214869271374631,0.13311273393513107,-0.8957026159158508,0.08125500030546572,0.132282125881441,0.0008306080702197633,0.000201286702698868,0.08105371360276684
sample_4649,L15-1014E-1375N_4056_2688_13,50176,0.17805325255102042,c85058d15c595baa1090c135ea2db1470577e5e49977bb7b338d3a72846d0b91,64990ea6addff6af93b8eace95fbcf586b8f19e678352f7776dc1bc87a88d58f,0.4692826544328035,0.2833218682019816,0.13005544834684732,0.32259688089895977,-0.739889103321041,0.2013664516656199,0.3218052197707015,0.0007916611931875605,0.0003526408596728356,0.20101381080594707
sample_4650,L15-1389E-1284N_5557_3054_13,50176,0.01903300382653061,f4289c593adaf47c65e8725003671b4d63cae138554e837e3a1f096ceff91516,64990ea6addff6af93b8eace95fbcf586b8f19e678352f7776dc1bc87a88d58f,0.059014648435629626,0.03269247469945633,0.023445914783372487,0.06083898800231441,-0.9531081708573291,0.035687816053372304,0.05992235113138247,0.0009166370514800064,4.59878005322491e-05,0.035641828252840055
sample_4651,L15-1848E-0793N_7394_5018_13,50176,0.0,daede069d703460dc1275e43c772caa2a215db963efcbfa2dc4eef610aab241d,64990ea6addff6af93b8eace95fbcf586b8f19e678352f7776dc1bc87a88d58f,0.008897366968930997,0.0025231392865186697,0.008146232472761174,0.028319527839263302,-0.9837075352659178,0.013769325659003677,0.0280225710008843,0.0002969568107652816,1.7602009084550798e-05,0.013751723649919124
sample_4652,L15-1138E-1216N_4553_3325_13,50176,0.045041454081632654,26716ac88872887be57c6461a2f353775f0de2632c5430de39f56c101b756882,64990ea6addff6af93b8eace95fbcf586b8f19e678352f7776dc1bc87a88d58f,0.257408632834337,0.08788790169647863,0.029323165047182038,0.09077732028430396,-0.9413536709685612,0.049270637543289086,0.09051113886041022,0.0002661814582927747,4.969031683960064e-05,0.049220947226449485
sample_4653,L15-1848E-0793N_7394_5018_13,50176,0.0001793686224489796,daede069d703460dc1275e43c772caa2a215db963efcbfa2dc4eef610aab241d,64990ea6addff6af93b8eace95fbcf586b8f19e678352f7776dc1bc87a88d58f,0.005331232414093745,0.0012890229794537882,0.004911710079331711,0.02085166313440733,-0.9901765798618519,0.008560533015291328,0.020096461051068396,0.0007552021226421449,3.453256463626032e-05,0.008526000450655066
sample_4654,L15-1014E-1375N_4056_2688_13,50176,0.17655851403061223,1a10179c5729a4e227de13c8d12e0f8c8e37481143700319d7de1b1fa31be60b,64990ea6addff6af93b8eace95fbcf586b8f19e678352f7776dc1bc87a88d58f,0.45444990068213487,0.28004687192971783,0.1254312245541119,0.3198847966982366,-0.7491375507125921,0.19787226196458596,0.31914418804730965,0.0007406088188054453,0.000319511215576825,0.19755275074900913
sample_4655,L15-1389E-1284N_5557_3054_13,50176,0.0,daede069d703460dc1275e43c772caa2a215db963efcbfa2dc4eef610aab241d,64990ea6addff6af93b8eace95fbcf586b8f19e678352f7776dc1bc87a88d58f,0.0013099495392719894,7.438256402724365e-06,0.0013080716824482139,0.009671763943611932,-0.9973838565257325,0.002608705108493703,0.009446684036826893,0.00022508002356163786,2.1375294129930295e-06,0.00260656757908071
sample_4656,L15-0544E-1228N_2176_3279_13,50176,0.1845105229591837,8a22ec6591ad77ef5cd0277e022618139976df413a206362e9f185b01c762533,64990ea6addff6af93b8eace95fbcf586b8f19e678352f7776dc1bc87a88d58f,0.5566637793995387,0.3066597998516418,0.10636710618000135,0.2848779853289728,-0.7872657874538103,0.1697514705669724,0.2841050237510769,0.0007729617229594991,0.00028489457200019726,0.16946657599497217
sample_4657,L15-1389E-1284N_5557_3054_13,50176,0.07661033163265306,f5900460c2067b105cdb2f0e1ee7b6382da68bcc80b7a469d93da5907147e5d7,64990ea6addff6af93b8eace95fbcf586b8f19e678352f7776dc1bc87a88d58f,0.22701947160697758,0.13014911280862743,0.06147709988623059,0.16657579000027398,-0.8770458011630682,0.09978416123232828,0.16604194021134355,0.000533849698311019,0.00017631982376301275,0.09960784140856528
sample_4658,L15-0368E-1245N_1474_3210_13,50176,0.1462452168367347,d5e3a175604a6940bef5e75d789edd8937c97097e07b1c740205448427f526a1,64990ea6addff6af93b8eace95fbcf586b8f19e678352f7776dc1bc87a88d58f,0.35762911914331924,0.22256614219591636,0.07922489081428634,0.20090949477957887,-0.8415502191742215,0.12423994984668532,0.20005819509963788,0.0008512996615295906,0.00034546555624410025,0.12389448429044123
sample_4659,L15-1748E-1247N_6993_3202_13,50176,0.016940369897959183,f8bc73fb0bdc6f7357fcfdbd7a8efe819e3b0d8d7c9b57aecd9428e409a3e5b8,64990ea6addff6af93b8eace95fbcf586b8f19e678352f7776dc1bc87a88d58f,0.05448442541211549,0.02962052671060038,0.021933898569692915,0.061225466912296196,-0.9561322038694834,0.03452951954063317,0.060774673916327515,0.0004507930937527146,5.660517983066617e-05,0.034472914360802506
sample_4660,L15-0566E-1185N_2265_3451_13,50176,0.001175860969387755,89f1ce3e1b16ef0ab13ca295735b3f3ef8cf4dc4bebaea4694f69045f0809751,64990ea6addff6af93b8eace95fbcf586b8f19e678352f7776dc1bc87a88d58f,0.01140177868966555,0.003929451493121619,0.007273091761186263,0.026680475839859004,-0.9854538166964422,0.012425317511545431,0.026348703211402806,0.00033177262000871443,2.262125736858238e-05,0.012402696254176851
sample_4661,L15-1138E-1216N_4553_3325_13,50176,0.04731345663265306,53fa5a5ef439df341d37a25ab8c1efafc8912d1026180bdf1ac9961e6f5df427,64990ea6addff6af93b8eace95fbcf586b8f19e678352f7776dc1bc87a88d58f,0.3096322733003817,0.09964177073817365,0.043331501247570375,0.12741705588774907,-0.9133369981851697,0.0728522116323698,0.12653213445911624,0.0008849215536518137,0.00025305444368987673,0.07259915718867993
sample_4662,L15-1210E-1025N_4840_4088_13,50176,0.05217633928571429,94c13151b00a4f6829697e1c6d747665e6258301965e7a1cbf300173cb553ccc,64990ea6addff6af93b8eace95fbcf586b8f19e678352f7776dc1bc87a88d58f,0.15422868152715452,0.08477905150220065,0.040227463395258754,0.10845790401873343,-0.9195450742284426,0.06274890201709045,0.1076867296561975,0.000771174379885996,0.0001265488217809566,0.06262235319530948
sample_4663,L15-1138E-1216N_4553_3325_13,50176,0.05817522321428571,815b26234a46a618cba4bcd5bd40c967470bf961dfe82261fa2acb2344a377f4,64990ea6addff6af93b8eace95fbcf586b8f19e678352f7776dc1bc87a88d58f,0.2200154260485782,0.10360751468005272,0.044201231394105645,0.1267034968537938,-0.9115975380945798,0.0723147477953068,0.126052955301376,0.0006505415874602547,0.00014575429833898833,0.0721689934969678
sample_4664,L15-0566E-1185N_2265_3451_13,50176,0.03358179209183673,6c0f0ed9c7bc6474c1ac469136fd8a285dd92a1c3ebee7a96b097727f0321451,64990ea6addff6af93b8eace95fbcf586b8f19e678352f7776dc1bc87a88d58f,0.09807000022564574,0.0563590870572101,0.03276896377792582,0.0860241878420905,-0.9344620734066676,0.050512491784073674,0.08515491545791291,0.0008692724464407589,0.00015101944511128603,0.05036147233896238
sample_4665,L15-1276E-1107N_5105_3761_13,50176,0.06263950892857142,9309949dcc46faa8499d6ddde348705029a31622c934e685514b1626a336d9a7,64990ea6addff6af93b8eace95fbcf586b8f19e678352f7776dc1bc87a88d58f,0.2153626562647955,0.10969686104185761,0.05643250185245534,0.15533446493077085,-0.8871349973518845,0.09211953178203035,0.15470789475068084,0.0006265702047398416,0.00018557875999775526,0.09193395302203258
sample_4666,L15-1210E-1025N_4840_4088_13,50176,0.02303890306122449,667083252ad70765800a24a7945b7c2979780ae511760471f6adb5e364e8402e,64990ea6addff6af93b8eace95fbcf586b8f19e678352f7776dc1bc87a88d58f,0.09028272980164295,0.041524213742947146,0.024981448274790024,0.0814804072338131,-0.9500371041413487,0.042378309036579596,0.08099850157336531,0.0004819058323504812,7.554433036809457e-05,0.0423027647062115
sample_4667,L15-1848E-0793N_7394_5018_13,50176,0.0,daede069d703460dc1275e43c772caa2a215db963efcbfa2dc4eef610aab241d,64990ea6addff6af93b8eace95fbcf586b8f19e678352f7776dc1bc87a88d58f,0.011127460369559465,0.003112106617263178,0.010220148529363225,0.03358168611073451,-0.9795597033154725,0.017328190441463276,0.033365478889428875,0.00021620720725776764,1.6102243440831136e-05,0.017312088198022445
sample_4668,L15-1210E-1025N_4840_4088_13,50176,0.022999043367346938,44cd7978095e86ac07809352af187a86e69e044b322f9050faa26c81d8e36436,64990ea6addff6af93b8eace95fbcf586b8f19e678352f7776dc1bc87a88d58f,0.09567874898517437,0.04227659197697008,0.023592179888213168,0.07506000273864695,-0.9528156413941326,0.03950900149065947,0.0746084419839038,0.0004515607202507145,6.159367445546213e-05,0.03944740781620401
sample_4669,L15-1848E-0793N_7394_5018_13,50176,0.019491390306122448,66deceb80dd0c179817451d48c35829c7a8ea911d35fe3c27ef133cc3360a75d,64990ea6addff6af93b8eace95fbcf586b8f19e678352f7776dc1bc87a88d58f,0.05459423325668189,0.030393260888299498,0.020878371262295664,0.05619687117699091,-0.9582432587334495,0.03141313828565187,0.0555923539456894,0.000604517170270576,6.773916274013122e-05,0.03134539912291174
sample_4670,L15-1389E-1284N_5557_3054_13,50176,0.002331792091836735,df2a9f03cbf805212a61e7510669ab398999bbc55db49a438a2dc9ae6474b258,64990ea6addff6af93b8eace95fbcf586b8f19e678352f7776dc1bc87a88d58f,0.013956666736985129,0.005793343255382347,0.009419907110135014,0.029666859774109235,-0.9811601858239848,0.014976246624733878,0.02928568560026304,0.00038117420714650516,2.1694880858246467e-05,0.014954551743875633
sample_4671,L15-0368E-1245N_1474_3210_13,50176,0.19511320153061223,700a3f918e16e415c4facb6babd9653e1d5c6f5b3e3081e152b83412d6af7697,64990ea6addff6af93b8eace95fbcf586b8f19e678352f7776dc1bc87a88d58f,0.6003483697208273,0.3131565687385329,0.14463310720926456,0.34421626288177903,-0.7107337855297806,0.21661243355956641,0.34330827312078016,0.0009079897666329837,0.0004063946656142047,0.21620603889395218
sample_4672,L15-0358E-1220N_1433_3310_13,50176,0.013073979591836735,8142fd254b1b30e78c5e17e9c8ad7e80a27e7671d544be0151902c13a4db1917,64990ea6addff6af93b8eace95fbcf586b8f19e678352f7776dc1bc87a88d58f,0.06542864857551099,0.03293613480516206,0.04018400681361898,0.10313769865348779,-0.9196319876323537,0.06218019839401655,0.10268103126146166,0.000456667399299887,0.00012165258095662781,0.06205854581305993
sample_4673,L15-1138E-1216N_4553_3325_13,50176,0.16111288265306123,e00c112dadc2d5039e3cff1d8209dde6b558477e210fb92843a51333541b7f64,64990ea6addff6af93b8eace95fbcf586b8f19e678352f7776dc1bc87a88d58f,0.5114394749580665,0.2655625208873398,0.12503067398804943,0.3078028665467336,-0.7499386519401952,0.1921002834551756,0.3064820912929108,0.0013207753913308355,0.0005986675669757851,0.19150161588819983
sample_4674,L15-0544E-1228N_2176_3279_13,50176,0.18217873086734693,9b151d5151a9f6ea77d3aaf949b4fced59624ccf4047ad279d887bc4794d271f,64990ea6addff6af93b8eace95fbcf586b8f19e678352f7776dc1bc87a88d58f,0.7637131722238574,0.31256392584547205,0.07356057676002004,0.18713938819198542,-0.8528788464782168,0.1117750135703356,0.18655545273905708,0.0005839355735850841,0.00013951923666344956,0.11163549433367212
sample_4675,L15-1848E-0793N_7394_5018_13,50176,0.041892538265306124,e35b15e234b795b76460c64fe8666b346b3945fba7f7cf259be08bae5d028a2e,64990ea6addff6af93b8eace95fbcf586b8f19e678352f7776dc1bc87a88d58f,0.12094309009252319,0.07081465186262784,0.05641588072971992,0.1408254364077148,-0.8871682397907931,0.08697545337604112,0.14037067392444472,0.0004547625615678829,0.00012142867785201492,0.08685402469818909
sample_4676,L15-0544E-1228N_2176_3279_13,50176,0.17330994897959184,d8c1a91216af98c2845e816b14383a69d9c3ce6d52f8d78d2990543c0182bf34,64990ea6addff6af93b8eace95fbcf586b8f19e678352f7776dc1bc87a88d58f,0.7032242074032923,0.3145122446800386,0.047784736122204255,0.14954185598033803,-0.9044305278909328,0.08074762873770076,0.1481304434148818,0.0014114125938732617,0.0002855975381842328,0.08046203119951655
sample_4677,L15-1389E-1284N_5557_3054_13,50176,0.0017139668367346938,94f0320abd99652f336e8f6660cee5313dc3b055a20f3af7666d5b86c564586d,64990ea6addff6af93b8eace95fbcf586b8f19e678352f7776dc1bc87a88d58f,0.008579564020578342,0.0033039176673968556,0.004365652902954619,0.01811301521280739,-0.9912686943371987,0.007484552553413804,0.017750072848007312,0.0003629423215131108,1.277565431492471e-05,0.007471776899098877
sample_4678,L15-0544E-1228N_2176_3279_13,50176,0.1439532844387755,abcd9abee4623f05d21f94efe2395e529100e38fd153fb0ac45c3e7688341116,64990ea6addff6af93b8eace95fbcf586b8f19e678352f7776dc1bc87a88d58f,0.44843474765744684,0.24413106961833858,0.09848827554616241,0.2678793171350382,-0.8030234488238448,0.15864549513870396,0.26700203721912996,0.0008772799330287937,0.00026951285030288834,0.15837598228840105
sample_4679,L15-0566E-1185N_2265_3451_13,50176,0.0006377551020408163,8b7681aacbebc1e830daa58af45ee7fe5d97ffd9600f8a013a8fbfae643db64e,64990ea6addff6af93b8eace95fbcf586b8f19e678352f7776dc1bc87a88d58f,0.00419974433049355,0.0011220831899009527,0.002243182266710744,0.012934027987593518,-0.9955136354459276,0.004184732401994977,0.012450885006125404,0.00048314305219451846,1.029565384988541e-05,0.004174436748145093
sample_4680,L15-1848E-0793N_7394_5018_13,50176,0.026825573979591837,1248287d154ca7c74fe1c01970fdfbf63bd0575d08e7b073b9f3d44bcf19edbf,64990ea6addff6af93b8eace95fbcf586b8f19e678352f7776dc1bc87a88d58f,0.10181137254979011,0.05567872962432646,0.06039350719918136,0.14901707873463904,-0.8792129868568794,0.09268252961118907,0.14855834314233293,0.0004587357297762104,0.00012170356134357503,0.09256082604984547
sample_4681,L15-1210E-1025N_4840_4088_13,50176,0.005600286989795918,5b6282feb1b37f998deb52ee274c7715ac5e8c3c55e951bd7fa78b1cae06aaaf,64990ea6addff6af93b8eace95fbcf586b8f19e678352f7776dc1bc87a88d58f,0.03298938641796698,0.013032867670631386,0.014524694757859166,0.04772307503012254,-0.9709506114618587,0.024736354716680665,0.04742483186859209,0.000298243214509829,2.8587020311730626e-05,0.02470776769636893
sample_4682,L15-0544E-1228N_2176_3279_13,50176,0.15391820790816327,83b1be9bf54882e0e46172fa609d75357d9f7e5afa684feacf736eb4ac6a0072,64990ea6addff6af93b8eace95fbcf586b8f19e678352f7776dc1bc87a88d58f,0.55003099146178,0.26957039586153414,0.09727017069591817,0.26980877856923435,-0.8054596585408575,0.15915177985650872,0.269145222226198,0.0006635563131585523,0.00023565317606510686,0.1589161266804436
sample_4683,L15-1848E-0793N_7394_5018_13,50176,0.004045758928571429,41120604b05acee5707f515a230e3fc2b12189a36d8d2d512a69a4e857d0c01e,64990ea6addff6af93b8eace95fbcf586b8f19e678352f7776dc1bc87a88d58f,0.017725790920654724,0.007516264778826657,0.00463325643854938,0.01872281214026112,-0.9907334871261606,0.007886325016268817,0.018408727440902106,0.0003140847880833006,1.6754965827328185e-05,0.007869570050441489
sample_4684,L15-1276E-1107N_5105_3761_13,50176,0.01207748724489796,b8dc3096764108b730baa5bc3da95581b9ba1a28cd699434223a2549e77f4b80,64990ea6addff6af93b8eace95fbcf586b8f19e678352f7776dc1bc87a88d58f,0.06621211813666374,0.023389981054704644,0.006389887364372155,0.02570910668329211,-0.9872202259102786,0.011218188757328619,0.025264107120408462,0.0004449995459004046,3.28087628708619e-05,0.011185379994457753
sample_4685,L15-1748E-1247N_6993_3202_13,50176,0.008270886479591837,c442d5ff83ce79e4151e4c61222613c2501cf060699810b7dda105eacfa3aaa7,64990ea6addff6af93b8eace95fbcf586b8f19e678352f7776dc1bc87a88d58f,0.03521074534240119,0.016052568078275858,0.020246274880969858,0.06115956059421401,-0.9595074512881582,0.03319271508955792,0.06072668333990065,0.0004328773027676991,6.286234966556695e-05,0.03312985273989236
sample_4686,L15-1210E-1025N_4840_4088_13,50176,0.07800542091836735,8bfd6668fed4b0c801c229ea5c540331f14e98496f613e4fc3e444dea416d271,64990ea6addff6af93b8eace95fbcf586b8f19e678352f7776dc1bc87a88d58f,0.25446899774704584,0.1359847173253866,0.0563232101611698,0.17062409776785378,-0.8873535798580671,0.09601176724928465,0.16997344795011804,0.0006506499088567189,0.00017338324577614316,0.09583838400350851
sample_4687,L15-0544E-1228N_2176_3279_13,50176,0.1785514987244898,1763fce44546f3478173800b183f73a0d68ef9be54aef901d2d91147dda76f8a,64990ea6addff6af93b8eace95fbcf586b8f19e678352f7776dc1bc87a88d58f,0.7109735145828103,0.3228077936603517,0.05567521141718465,0.17064938981742395,-0.8886495772472073,0.09387706054641598,0.16983576039399442,0.0008136294018029505,0.0002122943074368585,0.09366476623897911
sample_4688,L15-1210E-1025N_4840_4088_13,50176,0.05572385204081633,f7fe1bb9594b836fffee3ac83a9243cee29e6383a428e24eb4e2aa49747bb091,64990ea6addff6af93b8eace95fbcf586b8f19e678352f7776dc1bc87a88d58f,0.1751563430905549,0.09152262494519738,0.03341521360027623,0.09392834934822522,-0.9331695738302916,0.05348508336858711,0.09353353538438215,0.00039481392240851534,7.35031082585119e-05,0.053411580260328585
sample_4689,L15-1185E-0935N_4742_4450_13,50176,0.06483179209183673,30f540d521bcfba197b42def5fb4b374852ce4fcc54056a74bcfefb974fc7b09,64990ea6addff6af93b8eace95fbcf586b8f19e678352f7776dc1bc87a88d58f,0.20814464568014088,0.11265742555831694,0.06472822063488468,0.17842409248921814,-0.8705435591173949,0.10462925194677589,0.177897524665856,0.0005265677669176175,0.00015186903873057697,0.10447738290804527
sample_4690,L15-1748E-1247N_6993_3202_13,50176,0.0048828125,6016d2144a20a4fdf9ee043863ad92d0048a437741730f7ba12c9a9a0ca0d85b,64990ea6addff6af93b8eace95fbcf586b8f19e678352f7776dc1bc87a88d58f,0.0293540095138025,0.01168649597207778,0.015294497198311195,0.050510797449277146,-0.9694110061146191,0.02618696330822812,0.05009564494697276,0.0004151526175282703,4.715728271388065e-05,0.02613980602551424
sample_4691,L15-1185E-0935N_4742_4450_13,50176,0.1451690051020408,41631147223b9e0ae659c5e84ae4783cb98e9c48deb9524a0d8e260bbcad0c44,64990ea6addff6af93b8eace95fbcf586b8f19e678352f7776dc1bc87a88d58f,0.39901770518133356,0.24347838854155707,0.1612258851860783,0.3836172769906955,-0.6775482292291306,0.24565544717439966,0.3831353463224257,0.0004819308332269554,0.00024065865472749128,0.24541478851967216
sample_4692,L15-1185E-0935N_4742_4450_13,50176,0.13117825255102042,8e314b6a7d1d275ce0567d9d11672a64931026ba6386a33785398db4b8e67bd1,64990ea6addff6af93b8eace95fbcf586b8f19e678352f7776dc1bc87a88d58f,0.3807858444596846,0.20959836400977516,0.09195058829892351,0.2296730043829645,-0.8160988233942884,0.13904994491777165,0.22874199670452458,0.0009310077364759953,0.0003054276322239096,0.13874451728554774
sample_4693,L15-1748E-1247N_6993_3202_13,50176,0.01544563137755102,34131338d38bb4341322b8aa7501d27978bb37064a29c9d5adee78a878a24e2a,64990ea6addff6af93b8eace95fbcf586b8f19e678352f7776dc1bc87a88d58f,0.05169308967850676,0.02840888190303491,0.02578119921369706,0.06659718177544828,-0.9484376028319037,0.03881123897001449,0.06618170941409603,0.0004154722379833525,6.373968945452966e-05,0.038747499280559955
sample_4694,L15-1276E-1107N_5105_3761_13,50176,0.009606186224489796,1b298c11c3dda2ea10eb5fdcd63324983a4cc8a77f9492c54479e7f0cf08fb59,64990ea6addff6af93b8eace95fbcf586b8f19e678352f7776dc1bc87a88d58f,0.06211408621106323,0.018908174175899888,0.0021268062338670145,0.012998321127069199,-0.9957463874849012,0.0039818491986122785,0.012328431230958831,0.000669889980463456,1.1736380145353177e-05,0.003970112818466925
sample_4695,L15-1014E-1375N_4056_2688_13,50176,0.06983418367346939,56e05622d63097efbc95382ff4f68145764f8f0a2d3777e720b62b18a85c4c71,64990ea6addff6af93b8eace95fbcf586b8f19e678352f7776dc1bc87a88d58f,0.20897550072340904,0.1179054267067902,0.06691526770187846,0.1825672917122258,-0.8661694652597215,0.10883937831112038,0.18195999913864613,0.0006072927036239689,0.00020892981545802189,0.10863044849566238
sample_4696,L15-1848E-0793N_7394_5018_13,50176,0.0,daede069d703460dc1275e43c772caa2a215db963efcbfa2dc4eef610aab241d,64990ea6addff6af93b8eace95fbcf586b8f19e678352f7776dc1bc87a88d58f,0.011714237135390127,0.0031763566031527656,0.010782104391813735,0.036210701916220916,-0.9784357915476312,0.018387852180474704,0.035920266052825965,0.00029043589127265135,2.5737937177371522e-05,0.018362114243297332
sample_4697,L15-1185E-0935N_4742_4450_13,50176,0.1275310905612245,5e5a7d4b6f1c1f295379952a4cc76890f6b5b9c90bdfe822b78530fb14f131ef,64990ea6addff6af93b8eace95fbcf586b8f19e678352f7776dc1bc87a88d58f,0.3844250407022941,0.205237673914261,0.08583616580082369,0.21911045369055293,-0.8283276685972989,0.13213009509849286,0.21828716655670433,0.0008232871870799651,0.0002767567753751952,0.13185333832311763
sample_4698,L15-1210E-1025N_4840_4088_13,50176,0.02224170918367347,437ffb1d929e10fcfb2447143b852680040c5fb301edd378e3d170c5b424381c,64990ea6addff6af93b8eace95fbcf586b8f19e678352f7776dc1bc87a88d58f,0.08750083829523808,0.0403654341257261,0.030751100957526693,0.09462338956786323,-0.9384977992482305,0.05107586149425077,0.09419470041968923,0.0004286889819303445,7.585454781655787e-05,0.05100000694643422
sample_4699,L15-1138E-1216N_4553_3325_13,50176,0.0643734056122449,dbcd36a016d22b64b698ea94c6d9c55b6d61c0901be11c9e27a0424f201c0b84,64990ea6addff6af93b8eace95fbcf586b8f19e678352f7776dc1bc87a88d58f,0.22705724143930864,0.11385773264199532,0.05534314384626947,0.15423361023916107,-0.8893137130358326,0.08961183699908025,0.15368566976994488,0.0005479403317464228,0.00013521084432170554,0.08947662615475854
sample_4700,L15-0368E-1245N_1474_3210_13,50176,0.24091198979591838,2961613da352996746894c35571b5d34ce6added360b9fd1436cd7467de11124,64990ea6addff6af93b8eace95fbcf586b8f19e678352f7776dc1bc87a88d58f,0.6975738200578854,0.3791827269346151,0.1531392761793615,0.3558407622794626,-0.6937214475705994,0.22725970245395113,0.35532801304666795,0.0005127492375042055,0.00021973785288734263,0.22703996460106385
sample_4701,L15-1389E-1284N_5557_3054_13,50176,0.013911033163265306,2d10ebdeb45b176f66722c57e5b059a508622d53d51ed3fc497d376fb0436d70,64990ea6addff6af93b8eace95fbcf586b8f19e678352f7776dc1bc87a88d58f,0.043359860695182585,0.02425010591184457,0.017022284637537917,0.04890356909206094,-0.9659554311310193,0.02722569401868284,0.04855060702944725,0.00035296200269898704,3.686096144999564e-05,0.027188833057232846
sample_4702,L15-1138E-1216N_4553_3325_13,50176,0.1490752551020408,5ae2c7f4994f9f2950d26e034478ee5ef1cabf86a25ee597c2c7f8923ac46b7d,64990ea6addff6af93b8eace95fbcf586b8f19e678352f7776dc1bc87a88d58f,0.46815027849180335,0.24799905849996398,0.1277011128936001,0.31171457940902364,-0.7445977741322333,0.1940474247450959,0.3109004070865697,0.00081417235654585,0.00033527084269865454,0.19371215390239724
sample_4703,L15-0566E-1185N_2265_3451_13,50176,0.0,daede069d703460dc1275e43c772caa2a215db963efcbfa2dc4eef610aab241d,64990ea6addff6af93b8eace95fbcf586b8f19e678352f7776dc1bc87a88d58f,0.001090539025369552,3.939353384743662e-06,0.0010895494761287558,0.008368593460490834,-0.9978209010904598,0.0021751595988727676,0.008122133455478726,0.00024645996935182264,1.6069264068420461e-06,0.002173552672465926
sample_4704,L15-1210E-1025N_4840_4088_13,50176,0.0012755102040816326,421d6f4f24f6c2466516781ffd936d3a6200309df6c68df5dce6f3bce71a7133,64990ea6addff6af93b8eace95fbcf586b8f19e678352f7776dc1bc87a88d58f,0.009426635845631432,0.0028486942468907575,0.005153093956249329,0.0231702244702846,-0.989693812823668,0.009479448685166189,0.02272033898135208,0.00044988559055437544,2.7524196041030265e-05,0.009451924489125161
sample_4705,L15-1138E-1216N_4553_3325_13,50176,0.05955038265306122,312c398b0edfc48335c539d59d4316d74d85c071572a7cd44a6e63574a1e66db,64990ea6addff6af93b8eace95fbcf586b8f19e678352f7776dc1bc87a88d58f,0.3704441587743185,0.12417958402222903,0.0784207423412412,0.21388173165697696,-0.8431585155016136,0.1267973469326147,0.21335061119142792,0.0005311204683754054,0.0001742759774036585,0.12662307095521105
sample_4706,L15-0358E-1220N_1433_3310_13,50176,0.04711415816326531,de0ae29256f3cf2639211f87e372ddabbedc6829a9b36f9e5faffa601a72c728,64990ea6addff6af93b8eace95fbcf586b8f19e678352f7776dc1bc87a88d58f,0.14764650308101304,0.08090669099398454,0.05744590022843521,0.14329276174394157,-0.8851082004663146,0.08744193180430038,0.14266500133782611,0.0006277605358274639,0.00017561133198867236,0.0872663204723117
sample_4707,L15-1138E-1216N_4553_3325_13,50176,0.04783163265306122,a6dbced23f2054c36e7394dfc55a98508f480c3ada0d0f30a6ca56d49dd27e87,64990ea6addff6af93b8eace95fbcf586b8f19e678352f7776dc1bc87a88d58f,0.28299800394004826,0.09951980798906478,0.06485909583018523,0.1844759926363723,-0.8702818085268849,0.10661288244403895,0.1837507973665131,0.0007251952905458209,0.00022233521472678048,0.10639054722931218
sample_4708,L15-1748E-1247N_6993_3202_13,50176,0.014907525510204082,20a669c9cf2fbab8ac731842cb271dddd1d2cbfc55f2f14828e26e96eb3d5668,64990ea6addff6af93b8eace95fbcf586b8f19e678352f7776dc1bc87a88d58f,0.047730229094061494,0.02636686738636976,0.021395965707393324,0.05852477850863753,-0.9572080695281101,0.033405556523065816,0.0580705510946366,0.00045422746614008213,5.321628082994436e-05,0.03335234024223588
sample_4709,L15-1138E-1216N_4553_3325_13,50176,0.1559111926020408,52761540e13e6be33a3f889f483a0231498668fd5e239186e2cc8b8c6ea60aa6,64990ea6addff6af93b8eace95fbcf586b8f19e678352f7776dc1bc87a88d58f,0.4620042020840687,0.2570615778812259,0.1337707980799641,0.3231022037403276,-0.732458403684107,0.20155481051757518,0.32206829726342806,0.001033906485044134,0.0004210396465415101,0.20113377087103362
sample_4710,L15-0368E-1245N_1474_3210_13,50176,0.14180086096938777,ac2be6f8231b32d74e003ee9f44d86f50074dc5511a8112466015f30283483ec,64990ea6addff6af93b8eace95fbcf586b8f19e678352f7776dc1bc87a88d58f,0.3486091343477836,0.21461021771750607,0.08615064174435767,0.20355058354216687,-0.8276987173119412,0.12889433335233205,0.20309653612776443,0.000454047460938044,0.00020219924552831677,0.12869213410680375
sample_4711,L15-0358E-1220N_1433_3310_13,50176,0.046775350765306124,4dd29411249fa562ff9bf79a068f0b3ea9a38d19cd7c75896da5dd6602d80b6d,64990ea6addff6af93b8eace95fbcf586b8f19e678352f7776dc1bc87a88d58f,0.15753342811516555,0.08689195822250237,0.06945072846696237,0.16737381370980406,-0.8610985439097186,0.10368741111035072,0.16688843823809774,0.0004853754340918191,0.00013171277715030632,0.1035556983332004
sample_4712,L15-1748E-1247N_6993_3202_13,50176,0.01518654336734694,770396b9872e54e95067caafc334735f25b92d0f5b8410ff8b606fae255eac30,64990ea6addff6af93b8eace95fbcf586b8f19e678352f7776dc1bc87a88d58f,0.05628941520594814,0.03012591026166646,0.03538180194552798,0.08646373821444206,-0.9292363972225025,0.05160782780146554,0.08611186969145952,0.000351868499871779,6.119020905297127e-05,0.05154663759241257
sample_4713,L15-0566E-1185N_2265_3451_13,50176,0.0,daede069d703460dc1275e43c772caa2a215db963efcbfa2dc4eef610aab241d,64990ea6addff6af93b8eace95fbcf586b8f19e678352f7776dc1bc87a88d58f,0.0010845264125234463,3.030938050288681e-06,0.0010837674692121086,0.008369589976515275,-0.9978324650256535,0.002164504000373928,0.00809442600093717,0.0002751639495665513,1.8899260778339464e-06,0.0021626140742960947
sample_4714,L15-1276E-1107N_5105_3761_13,50176,0.009646045918367346,8b8e2f4d33eeef99d76350bb42f2c2c6be1a8cd1c4f366a350d48774706a0a2b,64990ea6addff6af93b8eace95fbcf586b8f19e678352f7776dc1bc87a88d58f,0.05020801894780833,0.01764665396295596,0.0030637254584485627,0.01414403572395683,-0.9938725491678577,0.0052027574303791,0.013887061615316632,0.0002569740707271729,6.903784195025233e-06,0.005195853646184074
sample_4715,L15-1014E-1375N_4056_2688_13,50176,0.06833944515306123,221444d8b1d8a49791799e4ac4a95a7c467f49d03e243c0090f54cf48df068c9,64990ea6addff6af93b8eace95fbcf586b8f19e678352f7776dc1bc87a88d58f,0.20230022561038744,0.11666519610430333,0.07493835942206752,0.19449289795519117,-0.8501232821112026,0.11892660651999443,0.19291303523534226,0.0015798627340491275,0.0006076833145955996,0.11831892320539883
sample_4716,L15-0566E-1185N_2265_3451_13,50176,0.0,daede069d703460dc1275e43c772caa2a215db963efcbfa2dc4eef610aab241d,64990ea6addff6af93b8eace95fbcf586b8f19e678352f7776dc1bc87a88d58f,0.001586470366354464,2.525193291104843e-05,0.0015797538799233735,0.011214034535205628,-0.996840492344688,0.0031342558269356986,0.010763270950528935,0.0004507635324303903,6.781337259823696e-06,0.003127474489675875
sample_4717,L15-1276E-1107N_5105_3761_13,50176,0.01508689413265306,b7670ba88ab2e4aa2e5b012aae534d3ca1dd182010b2d77d9c2cd5561965c99a,64990ea6addff6af93b8eace95fbcf586b8f19e678352f7776dc1bc87a88d58f,0.08875419151429986,0.029559622708731133,0.0028713109893534258,0.014869756693495734,-0.9942573780266363,0.005405761392265836,0.014602603831398093,0.00026715285653129554,8.596695096746324e-06,0.005397164697169091
sample_4718,L15-1276E-1107N_5105_3761_13,50176,0.008151307397959183,bc00d5ebcd5318b4249b90b8effd90d66fd7efbbc3509e6eb6a9e26f00fdbb69,64990ea6addff6af93b8eace95fbcf586b8f19e678352f7776dc1bc87a88d58f,0.040255842165920416,0.01468395865181884,0.005359556705320292,0.022121297863050598,-0.989280887002388,0.009230632462626443,0.021577665499617,0.0005436323248571698,2.6028164547969643e-05,0.009204604298078473
sample_4719,L15-0544E-1228N_2176_3279_13,50176,0.15353954081632654,00af1348626291b025b5077167797d28eff7493a29a15833c120e5197f584bc9,64990ea6addff6af93b8eace95fbcf586b8f19e678352f7776dc1bc87a88d58f,0.6018627523833543,0.2727797545749942,0.07779961884525434,0.23026382240074902,-0.8444007622337931,0.13108422883900384,0.22956831564571326,0.0006955068241172684,0.00021109927798683068,0.13087312956101702
sample_4720,L15-1276E-1107N_5105_3761_13,50176,0.016561702806122448,7747d6fe4405898fce1f713d1d2354fb15862f83bff9edd0789acc0622aa37aa,64990ea6addff6af93b8eace95fbcf586b8f19e678352f7776dc1bc87a88d58f,0.07153386538942468,0.03072879328372748,0.011620225816043285,0.0422344971135135,-0.9767595491469889,0.020616827839037538,0.04174768101524086,0.0004868159590789114,3.9617297820807895e-05,0.020577210541216733
sample_4721,L15-0544E-1228N_2176_3279_13,50176,0.14170121173469388,a47866669158949983742ab8c3e22c384a3af049d11e62a976e002b6bfd08945,64990ea6addff6af93b8eace95fbcf586b8f19e678352f7776dc1bc87a88d58f,0.4498035548076123,0.23947899990004737,0.08945104809078787,0.24890514718891205,-0.8210979037489768,0.14500497849823524,0.2475086241008864,0.0013965232075433993,0.0003957454469110197,0.14460923305132423
sample_4722,L15-0368E-1245N_1474_3210_13,50176,0.23194355867346939,ba0bfc8b599e0b625873e9106efae50f6409df32c8ac14fd08cb0049dc27d52d,64990ea6addff6af93b8eace95fbcf586b8f19e678352f7776dc1bc87a88d58f,0.651881913786087,0.36658801735270474,0.1407197610218534,0.3383112609204167,-0.7185604780036681,0.21313064084065536,0.3376303789466775,0.000680881906688314,0.00028208309901068884,0.21284855774164463
sample_4723,L15-1185E-0935N_4742_4450_13,50176,0.13358976403061223,f59bb869cdecab1205d979985a4ddeb8d0bd5950330c01296155f799c97c3790,64990ea6addff6af93b8eace95fbcf586b8f19e678352f7776dc1bc87a88d58f,0.3617172644068508,0.20206123411682184,0.1150567226755737,0.2621814092722462,-0.7698865546631387,0.16329063042347064,0.2611866894155264,0.0009947200255125358,0.00032804525760386484,0.16296258516586676
sample_4724,L15-0368E-1245N_1474_3210_13,50176,0.24932238520408162,a5bfac1e328edf816ca0552ba61c49110c085286b786bb1f2b95dfbdf7f1e3c2,64990ea6addff6af93b8eace95fbcf586b8f19e678352f7776dc1bc87a88d58f,0.7000506145493793,0.3863452594701444,0.16995275974017093,0.37487997464119455,-0.660094480512537,0.24296005053008599,0.37406867085584783,0.0008113037175658208,0.0003446305562198581,0.24261541997386613
sample_4725,L15-0368E-1245N_1474_3210_13,50176,0.14532844387755103,5c834618481e2d8f7895fb7921395a3e58c27c21d7c729105bd827e62d2f2b2b,64990ea6addff6af93b8eace95fbcf586b8f19e678352f7776dc1bc87a88d58f,0.3360743233927316,0.2169718667089799,0.08504703517988971,0.21119403591542799,-0.8299059306443002,0.13197036468896392,0.21058648262812543,0.0006075532664102758,0.0002585873185231952,0.13171177737044074
sample_4726,L15-1185E-0935N_4742_4450_13,50176,0.14742107780612246,536c51160791dbe69e40ad5650d1cd15c14e217c8c2305f24065e3f2b0f4517e,64990ea6addff6af93b8eace95fbcf586b8f19e678352f7776dc1bc87a88d58f,0.4093891600561513,0.24544678331442749,0.12883662138661675,0.33763968932278077,-0.7423267570192658,0.20779613851823808,0.33714582964483497,0.0004938599267216671,0.00021909023704285064,0.20757704828119528
sample_4727,L15-1014E-1375N_4056_2688_13,50176,0.13681839923469388,983497b843d64f32a0e51424fda3fd096e8033141941e9d0146d8a199163cf53,64990ea6addff6af93b8eace95fbcf586b8f19e678352f7776dc1bc87a88d58f,0.3514872305157828,0.2184812341140461,0.10787079129154242,0.269066045421325,-0.7842584175148767,0.16835743937708425,0.2687401014213151,0.00032594407658743783,0.00014365514865881003,0.16821378422842542
sample_4728,L15-1138E-1216N_4553_3325_13,50176,0.05171795280612245,86a300a922f8fddc7fe0f2a130ac373014e100d9ea47745b00f24adedd6008f2,64990ea6addff6af93b8eace95fbcf586b8f19e678352f7776dc1bc87a88d58f,0.32278137649474187,0.10533809445820251,0.052172899471919,0.15859020859403072,-0.8956542013025961,0.08889323902081221,0.15790709634876313,0.0006831123364496663,0.0001837496358921509,0.08870948938492004
sample_4729,L15-0544E-1228N_2176_3279_13,50176,0.13968829719387754,1f81811a6ee070c4a15adef19731a1748fd250e2aa4ceac4a7c2f4fc983f8672,64990ea6addff6af93b8eace95fbcf586b8f19e678352f7776dc1bc87a88d58f,0.44636844093114264,0.23851316904966416,0.08431208703895005,0.2413153080125966,-0.8313758260451237,0.13980048801280295,0.23992714511145416,0.0013881628694882569,0.0003438203009193277,0.13945666771188361
sample_4730,L15-1848E-0793N_7394_5018_13,50176,0.0008569834183673469,daede069d703460dc1275e43c772caa2a215db963efcbfa2dc4eef610aab241d,64990ea6addff6af93b8eace95fbcf586b8f19e678352f7776dc1bc87a88d58f,0.005011126705310245,0.0015946200904951805,0.004113912215332824,0.017718732544393448,-0.9917721756633461,0.007139846982387604,0.017298582202246907,0.0004201503780921427,1.706815238907513e-05,0.00712277882999853
sample_4731,L15-1138E-1216N_4553_3325_13,50176,0.04583864795918367,82a08a8b1e0bb8527cbdd642216d12a93ba5d3c6675210813e6d6948ac8304d2,64990ea6addff6af93b8eace95fbcf586b8f19e678352f7776dc1bc87a88d58f,0.2658643424730559,0.08972973773028108,0.038790588913371365,0.11451934594558459,-0.9224188229235973,0.06374112320079636,0.11372856250289079,0.0007907834153372511,0.00014803232718751927,0.06359309087360884
sample_4732,L15-1014E-1375N_4056_2688_13,50176,0.13669882015306123,6069c19b6a6a7a41b0962e4113879af6d706079aae9550b606023a12ee0e4692,64990ea6addff6af93b8eace95fbcf586b8f19e678352f7776dc1bc87a88d58f,0.3476779944349945,0.217064054072117,0.11266145525661735,0.27602217771404886,-0.7746770897576853,0.17432697393860105,0.27573618301428404,0.0002859946685614133,0.00012265271882976153,0.17420432121977128
sample_4733,L15-0358E-1220N_1433_3310_13,50176,0.04613759566326531,4dd72013ba9494f034d785ffe401e3a54865039bccce114a34a0de4b18adfe8f,64990ea6addff6af93b8eace95fbcf586b8f19e678352f7776dc1bc87a88d58f,0.14848281137610184,0.08448497665602889,0.06509534512617987,0.15840001162304743,-0.8698093104791415,0.09767514844585817,0.1580480727979073,0.0003519390269361609,9.40510683549061e-05,0.09758109737750326
sample_4734,L15-1276E-1107N_5105_3761_13,50176,0.06568877551020408,d5f6d2aac312b6dbeaa7e65edc97cf11d891475d7821937b3b653bfa70811f7b,64990ea6addff6af93b8eace95fbcf586b8f19e678352f7776dc1bc87a88d58f,0.2356555045645275,0.1158094918036604,0.05785840272437781,0.1538263843216117,-0.8842831957954339,0.09302063976601775,0.1534889843209115,0.0003373998632858998,7.468175393397927e-05,0.09294595801208379
sample_4735,L15-0358E-1220N_1433_3310_13,50176,0.08233019770408163,993f918f7122021abbee972c619e11e7c397daf72c1233461c92b28e5f94d550,64990ea6addff6af93b8eace95fbcf586b8f19e678352f7776dc1bc87a88d58f,0.2327843954307625,0.13846842050089353,0.08804611878692914,0.2180790263615625,-0.823907762979226,0.13603817137277455,0.21753203604920596,0.0005469902621015616,0.00022535360327305087,0.13581281776950152
sample_4736,L15-0544E-1228N_2176_3279_13,50176,0.18160076530612246,6020c30bf0f36241c085789653b2099ba16c7fa9f6a8de37497274e7468e135e,64990ea6addff6af93b8eace95fbcf586b8f19e678352f7776dc1bc87a88d58f,0.7938412124882139,0.31863460402754934,0.04991052472460255,0.13884318387361516,-0.9001789508973627,0.07912929334750674,0.1383659069653453,0.00047727683710833144,9.721730058821662e-05,0.0790320760469185
sample_4737,L15-0358E-1220N_1433_3310_13,50176,0.08256935586734694,993f918f7122021abbee972c619e11e7c397daf72c1233461c92b28e5f94d550,64990ea6addff6af93b8eace95fbcf586b8f19e678352f7776dc1bc87a88d58f,0.2323849806229691,0.13749408655466006,0.08384669147674184,0.2148076822457706,-0.8323066176365804,0.13207138417648692,0.2139096206872534,0.0008980614956838681,0.00038599142229612854,0.1316853927541908
sample_4738,L15-1185E-0935N_4742_4450_13,50176,0.07475685586734694,24d255f54c78476864229d2f1e2a80795755812217e8d91cc590d02ad62fb136,64990ea6addff6af93b8eace95fbcf586b8f19e678352f7776dc1bc87a88d58f,0.2348853044244748,0.1273771430740515,0.056808348941113036,0.16964865016709454,-0.8863833022665173,0.0961360901546273,0.1688388785794891,0.0008097717559657955,0.0002029381414721476,0.09593315201315517
sample_4739,L15-1210E-1025N_4840_4088_13,50176,0.005082110969387755,50c152268d904c5123cb34a4189a823fe0dbc5dfcfc603a346882afb13a092a1,64990ea6addff6af93b8eace95fbcf586b8f19e678352f7776dc1bc87a88d58f,0.03367392005276637,0.011973111666182798,0.012817013159403768,0.04385814966213664,-0.9743659747788799,0.022069780655516628,0.04323346925772128,0.000624680513634748,6.33739191927697e-05,0.022006406736323855
sample_4740,L15-1185E-0935N_4742_4450_13,50176,0.1343670280612245,3aeed8b3fd4d1ed6b22531fc5bf4099a7d27e6ca518f0f72639d4cc0fe5aa421,64990ea6addff6af93b8eace95fbcf586b8f19e678352f7776dc1bc87a88d58f,0.38915907671156585,0.21187024136426846,0.10174459086645547,0.24390195777872647,-0.7965108183174429,0.15047111358127,0.24307714629401347,0.0008248115158489944,0.00027213041672816574,0.15019898316454183
sample_4741,L15-1210E-1025N_4840_4088_13,50176,0.005002391581632653,a75ce6c0c49c63948d0919855ff86985379187dd0e7345ffa67c9caaae0ba601,64990ea6addff6af93b8eace95fbcf586b8f19e678352f7776dc1bc87a88d58f,0.03327562545642335,0.0123672539070575,0.015757703336373885,0.05283064258237967,-0.968484594383266,0.02713534420052245,0.05226349079165304,0.0005671518702826604,7.099012051502454e-05,0.027064354080007423
sample_4742,L15-1014E-1375N_4056_2688_13,50176,0.13727678571428573,983497b843d64f32a0e51424fda3fd096e8033141941e9d0146d8a199163cf53,64990ea6addff6af93b8eace95fbcf586b8f19e678352f7776dc1bc87a88d58f,0.3654153794165675,0.22065768030082217,0.10296263968054091,0.25699302636766974,-0.7940747207563449,0.16060596868816981,0.25670303149573265,0.00028999507178663266,0.0001267138919118948,0.16047925479625794
sample_4743,L15-1185E-0935N_4742_4450_13,50176,0.06014827806122449,4dc016c4cadd6c806e8d1b197c679928153c81f0337913cc71b7792d5e421380,64990ea6addff6af93b8eace95fbcf586b8f19e678352f7776dc1bc87a88d58f,0.20252738112284838,0.10314311627900973,0.05399016262036843,0.1455349966788987,-0.8920196755033696,0.08500002082015572,0.14472786346742908,0.0008071332667780913,0.00017463199111243655,0.08482538882904328
sample_4744,L15-1185E-0935N_4742_4450_13,50176,0.07525510204081633,717a6658ccb11401924668955bea6c295909646e7b56e1c077b6904abc2a5ba6,64990ea6addff6af93b8eace95fbcf586b8f19e678352f7776dc1bc87a88d58f,0.2571820561605743,0.1393339620746829,0.10332269863254029,0.24320385763891758,-0.793354602748181,0.1503908135163235,0.24242854793743124,0.000775309739761908,0.0002590711491847443,0.15013174236713872
sample_4745,L15-0544E-1228N_2176_3279_13,50176,0.1813018176020408,0e2f03d2bd511920b041e2ab2b204f349539d5fadeea9526b5ff112fd3ea1c24,64990ea6addff6af93b8eace95fbcf586b8f19e678352f7776dc1bc87a88d58f,0.7847867362769516,0.3111434579220164,0.0678266528483043,0.17520892753784628,-0.8643466946670035,0.10427479027578236,0.1746309779000857,0.0005779495147763403,0.0001577182114032914,0.10411707206437905
sample_4746,L15-0358E-1220N_1433_3310_13,50176,0.010602678571428572,9f00bb904973999b438b360d2c5d50e40d655ea1be907f193da78cd8b39fa9da,64990ea6addff6af93b8eace95fbcf586b8f19e678352f7776dc1bc87a88d58f,0.05408466863678904,0.026585412461988915,0.030658697316242496,0.08032587352928361,-0.9386826068700928,0.04747714753315919,0.07987481283947105,0.0004510606554215535,8.6694276286576e-05,0.04739045325687261
sample_4747,L15-1210E-1025N_4840_4088_13,50176,0.0774673150510204,40d79589901c445ff24078f9e066922cc257cb8e36b116bd450dfde4f190984d,64990ea6addff6af93b8eace95fbcf586b8f19e678352f7776dc1bc87a88d58f,0.2553611130425175,0.13597268028661982,0.05218529182709564,0.16166794546860097,-0.8956294164429317,0.08986342741075895,0.16079876747467936,0.0008691781046754785,0.00020718293544945074,0.0896562444753095
sample_4748,L15-1210E-1025N_4840_4088_13,50176,0.07587292729591837,e18b77f33a6a4f8503bbe85c79e04ed17089774195a0fcbec175495a8e6a5d4d,64990ea6addff6af93b8eace95fbcf586b8f19e678352f7776dc1bc87a88d58f,0.2550615537640387,0.13431955453573233,0.04771450668815713,0.15139872934503396,-0.9045709870705105,0.08301817109392691,0.15038216030435464,0.0010165689593906303,0.0002551680616261378,0.08276300303230077
sample_4749,L15-1389E-1284N_5557_3054_13,50176,0.025908801020408163,ba32a5811709eaf4bf3715d0b9bc59ea09d3155170491969b56679cb499db57e,64990ea6addff6af93b8eace95fbcf586b8f19e678352f7776dc1bc87a88d58f,0.07108935853723594,0.04299580174327759,0.033690240564375966,0.07972878968910903,-0.9326195200073939,0.049579756603040856,0.07929092638071394,0.0004378632037541154,7.994291645958482e-05,0.049499813686581254
sample_4750,L15-0544E-1228N_2176_3279_13,50176,0.18592554209183673,8c24825926c9bcc2597eea9c63e5d315dd6bec9d3d27ae4f5a0398c9dc6250f1,64990ea6addff6af93b8eace95fbcf586b8f19e678352f7776dc1bc87a88d58f,0.5860794615161224,0.3023277716760529,0.0945184939749995,0.23538783675034552,-0.8109630120074777,0.142105286775625,0.23489833975610155,0.0004894970593085239,0.00014076448245740281,0.1419645222931676
sample_4751,L15-1210E-1025N_4840_4088_13,50176,0.006058673469387755,538ef49b0b6bbc343d3dba62640c3f92356c8fd6da57ff8b94a54f397b510a08,64990ea6addff6af93b8eace95fbcf586b8f19e678352f7776dc1bc87a88d58f,0.02787473604167432,0.011566985669906257,0.008474160976498862,0.032718996775249067,-0.9830516786158653,0.01500527867213678,0.032236261356252516,0.0004827353636301323,3.5075216492170096e-05,0.01497020345564461
sample_4752,L15-1389E-1284N_5557_3054_13,50176,0.0205875318877551,1dc47682000360489a50c084a31fe3435d718b4f16a48aae90bf66838ae9fa93,64990ea6addff6af93b8eace95fbcf586b8f19e678352f7776dc1bc87a88d58f,0.05998645799638054,0.034388772427418945,0.021610649655411512,0.05828389750350435,-0.9567787010982943,0.0339944108251144,0.05787734944813017,0.00040654803013995944,5.105549428855317e-05,0.033943355330825854
sample_4753,L15-1389E-1284N_5557_3054_13,50176,0.07374043367346939,ef925e41841161a58022545ac617926b1dbf4644372aaaeba65f196f738a4a78,64990ea6addff6af93b8eace95fbcf586b8f19e678352f7776dc1bc87a88d58f,0.2100068185017995,0.12430049890960056,0.06960925426837818,0.1816737514096777,-0.8607814921890892,0.11105895224617313,0.18132258551796654,0.00035116596526031635,0.00012071741200699592,0.11093823483416614
sample_4754,L15-1848E-0793N_7394_5018_13,50176,0.00408561862244898,41120604b05acee5707f515a230e3fc2b12189a36d8d2d512a69a4e857d0c01e,64990ea6addff6af93b8eace95fbcf586b8f19e678352f7776dc1bc87a88d58f,0.016520934786365075,0.007718516801074981,0.0070288882778520335,0.02564440093140011,-0.9859422236622343,0.01180249424292476,0.025252773357219295,0.0003916275202420307,2.4768953799850865e-05,0.011777725289124909
sample_4755,L15-0368E-1245N_1474_3210_13,50176,0.15017139668367346,0200596d4cb79e27b56824d33fbc23adaddf8a7fdc75841f8ea16b64367a0e00,64990ea6addff6af93b8eace95fbcf586b8f19e678352f7776dc1bc87a88d58f,0.3710047649977525,0.2271494644555779,0.08742444955373221,0.21017468242609116,-0.8251511018510199,0.1327778039880117,0.20959571797342633,0.0005789644412651446,0.0002593842657731598,0.13251841972223857
sample_4756,L15-1276E-1107N_5105_3761_13,50176,0.010582748724489796,f3e70949d215ce724c27133ab161c82dd231c45e0292bd1e75f6e92a52e5823f,64990ea6addff6af93b8eace95fbcf586b8f19e678352f7776dc1bc87a88d58f,0.053737659527764735,0.019972460430661414,0.003911580441386572,0.01876811492392273,-0.9921768393814715,0.007249257680619711,0.01832537075164868,0.0004427440710172165,2.1590145613654223e-05,0.007227667535006058
sample_4757,L15-1748E-1247N_6993_3202_13,50176,0.007533482142857143,29e660724af1a70a40cec02b69a76726c32fe2fd68516a95466311a8cab42a3f,64990ea6addff6af93b8eace95fbcf586b8f19e678352f7776dc1bc87a88d58f,0.039373002314250095,0.017287142696952272,0.01921378805335345,0.05786196053090024,-0.9615724246911899,0.031483414635412994,0.05721743885419064,0.0006445216930679589,6.206070661693138e-05,0.03142135392879606
sample_4758,L15-1185E-0935N_4742_4450_13,50176,0.07007334183673469,ae3bb86326b32f1bbaeba09a55e8e34a4d6b171d8053fe60d7a89ac9c8cb7319,64990ea6addff6af93b8eace95fbcf586b8f19e678352f7776dc1bc87a88d58f,0.23011609003131164,0.12091708482123796,0.04863353973796249,0.144348858897896,-0.9027329211372705,0.08172708598432264,0.14374293313800915,0.0006059258719507172,0.00017342045031709362,0.08155366553400553
sample_4759,L15-1210E-1025N_4840_4088_13,50176,0.02293925382653061,1bf0da714ce7bda24bfed44cd7e5bbd69eb197566e93c24b8641892bef20229d,64990ea6addff6af93b8eace95fbcf586b8f19e678352f7776dc1bc87a88d58f,0.08871178205208649,0.03999230730636626,0.02514573321345129,0.07766739253190455,-0.9497085350190024,0.041808811357417874,0.07736212430400029,0.0003052681637195286,4.680796555444776e-05,0.04176200339186342
sample_4760,L15-1138E-1216N_4553_3325_13,50176,0.10853794642857142,0b7af1fc7760c5c643a43b9ebd4d3b3b696d471607ab22ae388e5785b4dfe599,64990ea6addff6af93b8eace95fbcf586b8f19e678352f7776dc1bc87a88d58f,0.3340478470139854,0.18810397073033264,0.12693592028369252,0.31303057470268014,-0.7461281591223629,0.19569138055338628,0.3122398282214251,0.0007907466911933215,0.0003441745035757831,0.19534720604981048
sample_4761,L15-0544E-1228N_2176_3279_13,50176,0.19029017857142858,47c408863bbbf9cda7282da39a54f318b14698cd8840050bdfc70bb14bdfb6c1,64990ea6addff6af93b8eace95fbcf586b8f19e678352f7776dc1bc87a88d58f,0.6823539249494757,0.31427419911033333,0.06842285310445657,0.17798356987658745,-0.8631542939934589,0.10561699207067442,0.17679806803248715,0.001185501931895522,0.0002568559229416593,0.10536013614773275
sample_4762,L15-1185E-0935N_4742_4450_13,50176,0.13187579719387754,03a389566fabe682145e8e59e623bc0060a06c0a6da45e7655b38660a88427ec,64990ea6addff6af93b8eace95fbcf586b8f19e678352f7776dc1bc87a88d58f,0.3560106194570085,0.20366100456556285,0.10846207678503338,0.2587859956360485,-0.7830758464679598,0.15958527240739104,0.25815233249490205,0.0006336631416467932,0.0002260371392986564,0.15935923526809234
sample_4763,L15-1276E-1107N_5105_3761_13,50176,0.01584422831632653,c19169d016a87c9f65d2be95ee89cc03bad1c02001756ef9727c68b94fb9d67f,64990ea6addff6af93b8eace95fbcf586b8f19e678352f7776dc1bc87a88d58f,0.07272182377075859,0.029514422484718993,0.008349435982455937,0.031103207488289337,-0.9833011285802626,0.014898740151199573,0.03084165852671773,0.00026154902030302833,2.6606013704786487e-05,0.014872134137494789
sample_4764,L15-1748E-1247N_6993_3202_13,50176,0.007653061224489796,17864e066f30710b90b5b19234162834acffbb19531caab55e1ec16872ed5272,64990ea6addff6af93b8eace95fbcf586b8f19e678352f7776dc1bc87a88d58f,0.03391376405799354,0.015569131448542104,0.018015724065124382,0.05391740120266192,-0.9639685526495286,0.029046288174504636,0.053288931849413496,0.0006284694450638474,7.394928501534559e-05,0.028972338889489285
sample_4765,L15-0368E-1245N_1474_3210_13,50176,0.24150988520408162,5d6d991d9219c8eef1c7349116d1c6b6452d284aa18a4a46c98fe0e20a87d8f3,64990ea6addff6af93b8eace95fbcf586b8f19e678352f7776dc1bc87a88d58f,0.6798698757132043,0.3805073223091242,0.16541513651419354,0.37585035628686736,-0.6691697268788209,0.24216554195307283,0.37519784932721995,0.000652507098481676,0.0002923121254191685,0.24187322982765366
sample_4766,L15-1276E-1107N_5105_3761_13,50176,0.015126753826530613,e2e54cbce6ffed9b76d368d19a79c984d2188f104fe47fd759473176aacc73ff,64990ea6addff6af93b8eace95fbcf586b8f19e678352f7776dc1bc87a88d58f,0.08576758699123653,0.029376578606317056,0.004548296194561586,0.02051443043637776,-0.990903407622049,0.008318547808586908,0.020037890816139707,0.00047653954997309235,1.3935974977192488e-05,0.008304611833609718
sample_4767,L15-1276E-1107N_5105_3761_13,50176,0.06682477678571429,f40cd8180f91eeb6cb95d86f92d477da564d6defd0a018bbe4a96875a2836dbe,64990ea6addff6af93b8eace95fbcf586b8f19e678352f7776dc1bc87a88d58f,0.2334372783718133,0.12008713439950183,0.0748147038405533,0.18607008509353745,-0.8503705931725126,0.11534560592063606,0.18570802778050427,0.0003620572731311465,9.775563807555664e-05,0.11524785028256053
sample_4768,L15-1185E-0935N_4742_4450_13,50176,0.061643016581632654,34a2e823e5ca71063ed8cd3cc22e3b4a250d7a31c9f9c1aa78648220fcb4ed3d,64990ea6addff6af93b8eace95fbcf586b8f19e678352f7776dc1bc87a88d58f,0.19265700689646198,0.10406331255419642,0.06953621903976083,0.1756981443431036,-0.860927562504265,0.10642713056492276,0.17533643459654108,0.0003617097189533882,9.708729822411768e-05,0.10633004326669865
sample_4769,L15-1389E-1284N_5557_3054_13,50176,0.0015943877551020409,df2a9f03cbf805212a61e7510669ab398999bbc55db49a438a2dc9ae6474b258,64990ea6addff6af93b8eace95fbcf586b8f19e678352f7776dc1bc87a88d58f,0.008451603712542081,0.0031690609555272025,0.003962601336641047,0.01704109841613971,-0.9920747975602364,0.006947122023335677,0.01667782639459829,0.00036327197854896584,1.1436704277333674e-05,0.006935685319058343
sample_4770,L15-1389E-1284N_5557_3054_13,50176,0.0,daede069d703460dc1275e43c772caa2a215db963efcbfa2dc4eef610aab241d,64990ea6addff6af93b8eace95fbcf586b8f19e678352f7776dc1bc87a88d58f,0.0016476600732438147,8.51875667818672e-06,0.0016455206929763056,0.011900954544387074,-0.9967089588086893,0.0032825226292744255,0.011264326750341641,0.0006366278076944563,7.707660903361693e-06,0.003274814968371063
sample_4771,L15-0368E-1245N_1474_3210_13,50176,0.1802654655612245,f54e30b4fac7bf945d3ac2e08745dc0230c3583c774d776a7007583093baeadf,64990ea6addff6af93b8eace95fbcf586b8f19e678352f7776dc1bc87a88d58f,0.5064576933717576,0.29326781442901406,0.17489545100739187,0.4013630182461062,-0.6502090979376408,0.25916001080527,0.40092931939451126,0.00043369882014925937,0.00020874324995301237,0.258951267555317
sample_4772,L15-1210E-1025N_4840_4088_13,50176,0.005500637755102041,9cb645f4e8c6c58694d74d83fbe9cb2aa501617c222be9cc884ff37a4155a6a4,64990ea6addff6af93b8eace95fbcf586b8f19e678352f7776dc1bc87a88d58f,0.030241205042198814,0.011898548440607235,0.011082618353574783,0.03894474259726369,-0.977834764081767,0.019204993736091067,0.03861621827396605,0.00032852433745848305,3.44184200478706e-05,0.0191705753160432
sample_4773,L15-0358E-1220N_1433_3310_13,50176,0.022441007653061226,261aaf36b86ccadde708cc1b1b546a1b5ed8dadde80a76b056bb9b8c47f3296f,64990ea6addff6af93b8eace95fbcf586b8f19e678352f7776dc1bc87a88d58f,0.0905198868929837,0.04779520223967435,0.04897315216569078,0.11761946371977187,-0.9020536970547095,0.07339769279257233,0.11735345093604642,0.00026601287720778063,5.666346221089248e-05,0.07334102933036145
sample_4774,L15-1276E-1107N_5105_3761_13,50176,0.06656568877551021,5c035ab5bce48123a6de4ed8775b3d8346129353a1c20211a992e76d79b268ee,64990ea6addff6af93b8eace95fbcf586b8f19e678352f7776dc1bc87a88d58f,0.2250637265172285,0.11723476686244526,0.07331330969464034,0.18620892130374686,-0.853373381261989,0.11418579529181228,0.18572546559136408,0.0004834557657081825,0.0001194508801656048,0.11406634441164669
sample_4775,L15-1389E-1284N_5557_3054_13,50176,0.026825573979591837,55ace14d641df6d19712977860c1aeb0fe3ea6a7c26a5fe4b4b6206af1e22d5f,64990ea6addff6af93b8eace95fbcf586b8f19e678352f7776dc1bc87a88d58f,0.07290121356139335,0.04441288073229753,0.035404553002563816,0.0819145475093218,-0.9291908945773883,0.05140478258556784,0.08151551847838943,0.000399029123676239,5.278726603449967e-05,0.05135199531953335
sample_4776,L15-1014E-1375N_4056_2688_13,50176,0.1766980229591837,1a10179c5729a4e227de13c8d12e0f8c8e37481143700319d7de1b1fa31be60b,64990ea6addff6af93b8eace95fbcf586b8f19e678352f7776dc1bc87a88d58f,0.47469723109255135,0.2831017781972968,0.11820753522298051,0.30124611720740857,-0.7635849292984054,0.18615107889228014,0.3006273774765419,0.0006187399114271966,0.0002621047738162268,0.18588897411846392
sample_4777,L15-1276E-1107N_5105_3761_13,50176,0.019013073979591837,baec265b393217c181c24fe8ac61a69433a35604269985542e8739c5a15bceb9,64990ea6addff6af93b8eace95fbcf586b8f19e678352f7776dc1bc87a88d58f,0.07788104712902476,0.035185524348014675,0.01634037507964032,0.05500126880988117,-0.9673192508769914,0.028630216555670784,0.05465002134264421,0.0003512474585096963,5.2049634614487455e-05,0.028578166921056303
sample_4778,L15-0544E-1228N_2176_3279_13,50176,0.1765983737244898,d12e760ba91b1f5cf395a6f45960173fae600d250097f180e6689933d65e422f,64990ea6addff6af93b8eace95fbcf586b8f19e678352f7776dc1bc87a88d58f,0.6134976225081549,0.2931045254290302,0.10088068482879435,0.24878421436595508,-0.7982386300176983,0.15182284802449128,0.24784418082913312,0.0009400336635128946,0.00027452210222052363,0.15154832592227074
sample_4779,L15-1185E-0935N_4742_4450_13,50176,0.06287866709183673,76e80d271ff0529345b7691dc76560320a1095abb1fb53ac751a0a717b29c75d,64990ea6addff6af93b8eace95fbcf586b8f19e678352f7776dc1bc87a88d58f,0.23340770024345367,0.1105302451176433,0.03639788516531033,0.10580678608735428,-0.9272042307390341,0.05930922373066816,0.1052394861056308,0.0005672999858648043,0.00011363919057768303,0.059195584540090475
sample_4780,L15-1210E-1025N_4840_4088_13,50176,0.07507573341836735,9072b70d86991664b04effe7103d682e59d4151e112373c94dafe6000fa64b45,64990ea6addff6af93b8eace95fbcf586b8f19e678352f7776dc1bc87a88d58f,0.25543734803868506,0.1318930706233253,0.054087513878380844,0.16348586822548208,-0.8918249725456799,0.09218562063210071,0.1629467911459093,0.0005390770943376328,0.00012817234632899377,0.09205744828577173
sample_4781,L15-0566E-1185N_2265_3451_13,50176,0.0023915816326530613,e4172248a15468bc39191bb30fadc2a53c724c453122b09a9b63a3b4ae8ddd4b,64990ea6addff6af93b8eace95fbcf586b8f19e678352f7776dc1bc87a88d58f,0.0130730562530129,0.005289513568985034,0.007390454821336102,0.026298424966732684,-0.9852190904053182,0.012362326140639129,0.025908259485422094,0.0003901654909853319,2.8072999737224854e-05,0.012334253140901905
sample_4782,L15-1014E-1375N_4056_2688_13,50176,0.06568877551020408,948daee06773480dc8db178a55af017aa4bcd7d88ae17859b59e4bff47a504c1,64990ea6addff6af93b8eace95fbcf586b8f19e678352f7776dc1bc87a88d58f,0.19589083146843947,0.11307598211978998,0.07172717645940162,0.1868429672031488,-0.8565456481346159,0.11421012605335736,0.18621885880829384,0.0006241082971253529,0.00022023849880198492,0.11398988755455536
sample_4783,L15-1185E-0935N_4742_4450_13,50176,0.14596619897959184,452d517acc8d947532aa07696abe0fd70075ee409990a8310514ffbb00b5c981,64990ea6addff6af93b8eace95fbcf586b8f19e678352f7776dc1bc87a88d58f,0.3954564927071718,0.24171345756756502,0.16245131542293204,0.38137979664547433,-0.6750973690201254,0.24556415868049206,0.380926838933155,0.0004529577780503835,0.00024074382379509195,0.24532341485669704
sample_4784,L15-0368E-1245N_1474_3210_13,50176,0.14905532525510204,118b3a67711aaf4ab621d0c63809f2577387c47158fe48e0fd64feba7ec2a7df,64990ea6addff6af93b8eace95fbcf586b8f19e678352f7776dc1bc87a88d58f,0.37772991679289164,0.229193064052986,0.0798277023844706,0.19816264290687982,-0.8403445960264521,0.12323962272834314,0.19749804257379178,0.0006646003214781499,0.00026399637410474817,0.12297562635423837
sample_4785,L15-1210E-1025N_4840_4088_13,50176,0.022181919642857144,f6eaf45c9f48728e709ca0064ac92c8342fb494eae3fb2a195e267bd1bb0bd41,64990ea6addff6af93b8eace95fbcf586b8f19e678352f7776dc1bc87a88d58f,0.08753053654671293,0.04066275057831764,0.029257173803207293,0.09046305774727785,-0.9414856534770868,0.048681330902413944,0.08987893713169749,0.0005841206127398359,0.00010563332514583678,0.04857569757726812
sample_4786,L15-0544E-1228N_2176_3279_13,50176,0.14473054846938777,f8d436f9e160279f9938e1006d741f163a29dd6ef425fbd8b08047aac5fee065,64990ea6addff6af93b8eace95fbcf586b8f19e678352f7776dc1bc87a88d58f,0.42366334447504267,0.24147176760452657,0.11448651681682664,0.30262402004899225,-0.771026966321613,0.18238727272733435,0.3019531105854542,0.0006709094175634842,0.00023223370833407053,0.1821550390190003
sample_4787,L15-1276E-1107N_5105_3761_13,50176,0.06734295280612244,c6d06f6af9704d3d59eef1f2752e84fd9721137a52aa8056bbac0a2ea9861d43,64990ea6addff6af93b8eace95fbcf586b8f19e678352f7776dc1bc87a88d58f,0.23260712426401176,0.1173753550606661,0.054834974996213405,0.15132412073807874,-0.8903300507056581,0.08943981901157214,0.1508134095466954,0.0005107112977852583,0.00013019235810088762,0.08930962665347125
sample_4788,L15-0368E-1245N_1474_3210_13,50176,0.2474689094387755,ec13645ec3f13e16a5b8375a2434c4d31ec217adffbde612bde0de81d75cd94b,64990ea6addff6af93b8eace95fbcf586b8f19e678352f7776dc1bc87a88d58f,0.685055775891682,0.38355385372380674,0.17054184443051262,0.37738735533490914,-0.6589163111567403,0.2445069547824448,0.37697113210407635,0.0004162233425419171,0.00018736455993621177,0.2443195902225086
sample_4789,L15-1014E-1375N_4056_2688_13,50176,0.06580835459183673,05b2e11d7966a26e3220137f3c95a2d08ed0251d51baa5c760c860565c161039,64990ea6addff6af93b8eace95fbcf586b8f19e678352f7776dc1bc87a88d58f,0.1979365099517718,0.11251706819184855,0.06535454030381516,0.17500631693746688,-0.8692909203297661,0.10504474449157175,0.17422078837675095,0.000785528493604186,0.0001697449409110668,0.10487499955066067
sample_4790,L15-1210E-1025N_4840_4088_13,50176,0.06112484056122449,feb33baecf316eab326686d213b592800177e2bb12bcb46f064d72eac57327c1,64990ea6addff6af93b8eace95fbcf586b8f19e678352f7776dc1bc87a88d58f,0.17934196813935155,0.09864047127512064,0.041077700423371354,0.11391038799294638,-0.917844600016187,0.06561425543943186,0.1131550825441226,0.0007553055129146788,0.00013334374230796815,0.0654809116971239
sample_4791,L15-0566E-1185N_2265_3451_13,50176,0.0007174744897959184,1706b9164e7060a4a2cd1520b965b41282ef99addb275a90aaabf6475522d5d2,64990ea6addff6af93b8eace95fbcf586b8f19e678352f7776dc1bc87a88d58f,0.0038444820366845245,0.0012828761463639397,0.0029840972381453886,0.013910617551642133,-0.9940318058875579,0.0051652312928932844,0.013625530599662332,0.00028508672710387953,1.0206536673869221e-05,0.005155024756219416
sample_4792,L15-1210E-1025N_4840_4088_13,50176,0.023676658163265307,19ccd8c1f2fdcc8d3fa78317ddae1c95429e93a6353b1dfaaf041850dc679801,64990ea6addff6af93b8eace95fbcf586b8f19e678352f7776dc1bc87a88d58f,0.08869315947505159,0.041902050780517335,0.027433613849784797,0.0845046367339151,-0.9451327735982493,0.04537195506722206,0.08386505441437747,0.000639582219449171,9.960274209932752e-05,0.045272352325122736
sample_4793,L15-1210E-1025N_4840_4088_13,50176,0.005560427295918368,9e68a238cae104086c438099c344ad96b812cf9998643529d87623b5f76d6e3d,64990ea6addff6af93b8eace95fbcf586b8f19e678352f7776dc1bc87a88d58f,0.032497131180540755,0.012668358082182444,0.013917949143321994,0.04692242512571098,-0.9721641026172031,0.02386758707619031,0.04633971486884712,0.0005827103149676256,6.33679001491008e-05,0.023804219176041218
sample_4794,L15-0544E-1228N_2176_3279_13,50176,0.11894132653061225,8d5deb747e4e69660d57c7398e9e69c9535617631ff362bc63d6cbdfdab3ee17,64990ea6addff6af93b8eace95fbcf586b8f19e678352f7776dc1bc87a88d58f,0.5012428797303545,0.21569025063746936,0.05736246879915802,0.1674119562124969,-0.8852750625762486,0.09501134095462596,0.16670605565568516,0.0007059005476631057,0.0001459823835139242,0.09486535857111206
sample_4795,L15-0544E-1228N_2176_3279_13,50176,0.18957270408163265,723f614deaafbf767a3e61c97d56eecfb02191cf39f2b49bae77cc3c3e2b23b4,64990ea6addff6af93b8eace95fbcf586b8f19e678352f7776dc1bc87a88d58f,0.6759976637328141,0.3140349322014878,0.06966265940406759,0.1835795954334525,-0.8606746814388202,0.10789814147125383,0.18255188032670971,0.001027715044474311,0.0002216461746200403,0.10767649529663378
sample_4796,L15-1389E-1284N_5557_3054_13,50176,0.07409917091836735,ec5e91c6d27a0b736d91c511ae8f281c94342a10b9b4efd87ce8314cad30d979,64990ea6addff6af93b8eace95fbcf586b8f19e678352f7776dc1bc87a88d58f,0.2070096278370991,0.12418545618374939,0.07788686095665646,0.20020632363971674,-0.8442262792668147,0.12394471071031818,0.19968734613832556,0.0005189774166878292,0.0002279121960314869,0.12371679851428673
sample_4797,L15-1185E-0935N_4742_4450_13,50176,0.12830835459183673,b4a4c0e6a91891aeff8a3047f1bfea7996b75f9cc3853b91cffbbf102170ebad,64990ea6addff6af93b8eace95fbcf586b8f19e678352f7776dc1bc87a88d58f,0.3729704985938476,0.20362377054539943,0.08756875605631277,0.22193885041006883,-0.8248624879924384,0.13419777127558824,0.22053227287540636,0.0014065775375587057,0.00046951123302265346,0.13372826004256558
sample_4798,L15-1138E-1216N_4553_3325_13,50176,0.15507413903061223,5baffea9b6b16b76393aab364e4a4059cc84b8b935fbd5979dbe055144940bdd,64990ea6addff6af93b8eace95fbcf586b8f19e678352f7776dc1bc87a88d58f,0.49747913902093693,0.25886579353376593,0.10481423567576638,0.28115558749867287,-0.7903715286627141,0.16913955163377137,0.28027053695705556,0.0008850504837754621,0.00034161557089271773,0.16879793606287863
sample_4799,L15-0368E-1245N_1474_3210_13,50176,0.14760044642857142,ab3632cbd6e8454cdb93d07eaa1211433940baaea08754156bee6a26b92ee15a,64990ea6addff6af93b8eace95fbcf586b8f19e678352f7776dc1bc87a88d58f,0.3562197978012017,0.2227672066563638,0.08519170205916601,0.20939152228804186,-0.8296165966972348,0.13121533450053016,0.208832083332323,0.0005594389107444796,0.00025058238571394766,0.13096475211481623
sample_4800,L15-0368E-1245N_1474_3210_13,50176,0.20149075255102042,09a26ff9a24b9bfa35281f5ab86bd161d503bc3879238319c4be19dc1952a12c,64990ea6addff6af93b8eace95fbcf586b8f19e678352f7776dc1bc87a88d58f,0.5236592520113627,0.3148656553119081,0.13416137973830217,0.33050463881857084,-0.731677240266718,0.20738889654954076,0.3296953581343719,0.0008092806479409218,0.0003661811667626066,0.20702271538277814
sample_4801,L15-1138E-1216N_4553_3325_13,50176,0.044044961734693876,8823d0a009770914158cfbd230a564e3c15662901f51073c2e9794172f801fa1,64990ea6addff6af93b8eace95fbcf586b8f19e678352f7776dc1bc87a88d58f,0.2540806927744939,0.08711832828355764,0.02539826651835548,0.08067810775310745,-0.9492034678411321,0.04292923857139691,0.08010175621419298,0.0005763514877981283,9.695279826925791e-05,0.04283228577312766
sample_4802,L15-1748E-1247N_6993_3202_13,50176,0.00932716836734694,8511f6df4fcc944547659a882781ada429b6bbfa092d4f266bca901adb6d2dc6,64990ea6addff6af93b8eace95fbcf586b8f19e678352f7776dc1bc87a88d58f,0.040946580347236465,0.018375690911040642,0.01759035537275961,0.05241090658206309,-0.9648192900097178,0.028304971738536352,0.05190103287860976,0.0005098736512360194,5.884577704188285e-05,0.02824612596149447
sample_4803,L15-1210E-1025N_4840_4088_13,50176,0.020886479591836735,f7d277bc847026929a4758c54ff1c8b302d61be58157eac361bc401b6c606079,64990ea6addff6af93b8eace95fbcf586b8f19e678352f7776dc1bc87a88d58f,0.08489579321263441,0.036205112308954915,0.015581170186086804,0.05133625598923199,-0.968837660976772,0.025935141172440595,0.0510584127477944,0.0002778431451846283,3.0085279995211414e-05,0.025905055892445388
sample_4804,L15-1848E-0793N_7394_5018_13,50176,0.018973214285714284,f83c23740d92b8551909b7239199cfdff3469ffed6cceac7b3d81a00805018f6,64990ea6addff6af93b8eace95fbcf586b8f19e678352f7776dc1bc87a88d58f,0.049897567200686145,0.02982529697438658,0.025259370110187754,0.06367421718112667,-0.949481260930345,0.0371116646429375,0.06339257267420263,0.00028164457757076823,4.147053424143056e-05,0.03707019410869607
sample_4805,L15-1138E-1216N_4553_3325_13,50176,0.06263950892857142,05fdae31d5f57b4f0dbdd69fbffb6b054a2b69fb5b7d90a682a77958a2037f25,64990ea6addff6af93b8eace95fbcf586b8f19e678352f7776dc1bc87a88d58f,0.2170131571045091,0.10933653819002986,0.04946387383483388,0.13923408985808505,-0.9010722530984532,0.08026510042692406,0.13853912126399315,0.0006949685851785177,0.00016625372337923433,0.08009884670354483
sample_4806,L15-1848E-0793N_7394_5018_13,50176,0.0,daede069d703460dc1275e43c772caa2a215db963efcbfa2dc4eef610aab241d,64990ea6addff6af93b8eace95fbcf586b8f19e678352f7776dc1bc87a88d58f,0.004896735821285887,0.0008027806564188041,0.004669608752604346,0.02067968285502951,-0.9906607825509083,0.008536436848789889,0.020293649737823216,0.0003860331888924073,2.2399757394598228e-05,0.008514037091395291
sample_4807,L15-1185E-0935N_4742_4450_13,50176,0.13235411352040816,a7824500bfd9a8ff2870c0a2e81f06b26a6d2456c4d80dc6262c1f6ed7ccf0b9,64990ea6addff6af93b8eace95fbcf586b8f19e678352f7776dc1bc87a88d58f,0.4170469957219778,0.2168117658606501,0.07388407009658499,0.19707984759581246,-0.852231859930725,0.11649774334305664,0.19637641290548738,0.0007034347839295836,0.00019984981314458632,0.11629789352991207
sample_4808,L15-0368E-1245N_1474_3210_13,50176,0.15035076530612246,1a709d7f7e0a269f0d461b7bd1e18cdf02236f39df3b7492eee0af8d61565db9,64990ea6addff6af93b8eace95fbcf586b8f19e678352f7776dc1bc87a88d58f,0.3892921914467407,0.23124629986230166,0.08051644871248959,0.20022853277363098,-0.8389671034088257,0.12443894337444805,0.1993968529701868,0.0008316797369282924,0.00036077023492296336,0.1240781731395251
sample_4809,L15-1014E-1375N_4056_2688_13,50176,0.17655851403061223,2685f01922a1250438bf254a8e277ab24c983cc85e9e98a920dedae82984bdc1,64990ea6addff6af93b8eace95fbcf586b8f19e678352f7776dc1bc87a88d58f,0.5076249788230811,0.2884793375597852,0.10728464766443536,0.28320629991759516,-0.785430704667722,0.17179507176818049,0.28249234419293706,0.0007139557732322373,0.0002644404178407746,0.17153063135033972
sample_4810,L15-1185E-0935N_4742_4450_13,50176,0.13341039540816327,393a06d1128867741bab508aadc71d39cecca120f67d9f143293fe422f8ba005,64990ea6addff6af93b8eace95fbcf586b8f19e678352f7776dc1bc87a88d58f,0.38685055687713044,0.21108592844882024,0.09131590028207902,0.2285872177544389,-0.8173681993675226,0.13887403935489356,0.22751533618218633,0.0010718816570597883,0.00028838484747779777,0.13858565450741575
sample_4811,L15-0358E-1220N_1433_3310_13,50176,0.056640625,9402d6e659534fe942f652fcb540872625dd7f4c25357b4c4789775756b91800,64990ea6addff6af93b8eace95fbcf586b8f19e678352f7776dc1bc87a88d58f,0.16590481124129974,0.09665916451938249,0.07346074256988964,0.16794558821505445,-0.8530785157438201,0.10720425167018767,0.16757150458334433,0.00037408362763298935,0.0001597674522749972,0.10704448421791267
sample_4812,L15-1389E-1284N_5557_3054_13,50176,0.0,daede069d703460dc1275e43c772caa2a215db963efcbfa2dc4eef610aab241d,64990ea6addff6af93b8eace95fbcf586b8f19e678352f7776dc1bc87a88d58f,0.001515484460412517,8.704939912962355e-06,0.0015132961894518562,0.010952311048337828,-0.9969734076963863,0.00301788743899075,0.010539282743719371,0.00041302815411709334,4.745055186487429e-06,0.003013142383804263
sample_4813,L15-1210E-1025N_4840_4088_13,50176,0.07443797831632654,e893c6d198c9dd053108ff6b64b0b09846f9e3b265b79fb9c9199e64f33704db,64990ea6addff6af93b8eace95fbcf586b8f19e678352f7776dc1bc87a88d58f,0.24884502255440719,0.13125705747486646,0.057303144407639166,0.17311766834943507,-0.8853937113770495,0.09759745279706107,0.17238642904182033,0.0007312394049678499,0.0001847622110468908,0.09741269058601419
sample_4814,L15-1185E-0935N_4742_4450_13,50176,0.0625797193877551,e7060421dff88d9d9093644fca4da24edcac865d32ff459911c3c31db3c9b380,64990ea6addff6af93b8eace95fbcf586b8f19e678352f7776dc1bc87a88d58f,0.217564588819699,0.10810880513513968,0.04138690032235974,0.11630310558990208,-0.9172262003351258,0.06616564183342759,0.1156649083321793,0.0006381971778852645,0.0001194575489362179,0.06604618428449135
sample_4815,L15-1014E-1375N_4056_2688_13,50176,0.06497130102040816,7489b779dc839f08904ea4b663401e3493460013cefdc6b9ce10a625911138b2,64990ea6addff6af93b8eace95fbcf586b8f19e678352f7776dc1bc87a88d58f,0.19513904569385687,0.10953324286282964,0.06891873641870916,0.16496408336311874,-0.8621625281348132,0.10145659337214143,0.16432543792991938,0.0006386454430312217,0.00016298066529271864,0.10129361270684871
sample_4816,L15-1748E-1247N_6993_3202_13,50176,0.005341198979591837,74e138107eed729fdb31d5e5f183be2b4723588f5e81ca59bb797ba578bad739,64990ea6addff6af93b8eace95fbcf586b8f19e678352f7776dc1bc87a88d58f,0.03745301313496344,0.015341748452398284,0.02357895996858727,0.07002297621613361,-0.9528420813498845,0.03914836817888542,0.06972774806745559,0.00029522804772952327,5.115987627495585e-05,0.03909720830261048
sample_4817,L15-1748E-1247N_6993_3202_13,50176,0.00643734056122449,70d5fe22e06153a8687404b06bec41fe10d05a0699bcd7d52603a50772f46ae9,64990ea6addff6af93b8eace95fbcf586b8f19e678352f7776dc1bc87a88d58f,0.038161510483047355,0.016472608401015245,0.020925968657342756,0.061650019879131164,-0.9581480638577026,0.033950311171503086,0.061228822574343714,0.0004211973395572124,5.063188766995033e-05,0.03389967928383314
sample_4818,L15-0358E-1220N_1433_3310_13,50176,0.0819515306122449,993f918f7122021abbee972c619e11e7c397daf72c1233461c92b28e5f94d550,64990ea6addff6af93b8eace95fbcf586b8f19e678352f7776dc1bc87a88d58f,0.23161074514035537,0.13740584465573197,0.08210011283814793,0.21217631714929974,-0.8357997747968683,0.13000213789533321,0.21154330127816953,0.0006330159237426982,0.00024175476659002145,0.12976038312874316
sample_4819,L15-1389E-1284N_5557_3054_13,50176,0.0,daede069d703460dc1275e43c772caa2a215db963efcbfa2dc4eef610aab241d,64990ea6addff6af93b8eace95fbcf586b8f19e678352f7776dc1bc87a88d58f,0.0012130466507742797,4.57254675858841e-06,0.001211900140481944,0.00913868613803484,-0.9975762000071052,0.0024192277342052993,0.008857390369360946,0.0002812956301460668,2.2883771969038873e-06,0.002416939357008396
sample_4820,L15-1848E-0793N_7394_5018_13,50176,0.028459821428571428,f83c23740d92b8551909b7239199cfdff3469ffed6cceac7b3d81a00805018f6,64990ea6addff6af93b8eace95fbcf586b8f19e678352f7776dc1bc87a88d58f,0.07632796769685435,0.04597646601779602,0.026425331264344633,0.06610582525294588,-0.9471493388246118,0.038600077123106126,0.06565299567220527,0.0004528295499308711,7.290526811229546e-05,0.03852717185499384
sample_4821,L15-1389E-1284N_5557_3054_13,50176,0.0,daede069d703460dc1275e43c772caa2a215db963efcbfa2dc4eef610aab241d,64990ea6addff6af93b8eace95fbcf586b8f19e678352f7776dc1bc87a88d58f,0.0015031302314190515,8.52755653020352e-06,0.0015009848450842714,0.01095028001100878,-0.9969980303976087,0.002993442133638339,0.010540416960931711,0.00040986300520324496,3.4929119979413482e-06,0.0029899492216403974
sample_4822,L15-0368E-1245N_1474_3210_13,50176,0.1852080676020408,c7f42283b42b625eaab87377ccc79f884654a59572b85ecbf1820b96b40095aa,64990ea6addff6af93b8eace95fbcf586b8f19e678352f7776dc1bc87a88d58f,0.5819232979814897,0.30068100013776083,0.1412835021833509,0.3419858213312248,-0.7174329955240951,0.21464908023568655,0.3410903339280011,0.0008954875042298721,0.00039362889678979594,0.21425545133889676
sample_4823,L15-0544E-1228N_2176_3279_13,50176,0.14116310586734693,8285c49c304eb7befd010bc9dc771f77bdbcc34c1994d014db8986b7ca911572,64990ea6addff6af93b8eace95fbcf586b8f19e678352f7776dc1bc87a88d58f,0.4368732281459579,0.23855522598179144,0.10008398278934728,0.27523410273527166,-0.799832034509715,0.163058913184426,0.27458259492010506,0.0006515077560969563,0.00020252952010931763,0.16285638366431668
sample_4824,L15-1389E-1284N_5557_3054_13,50176,0.0,daede069d703460dc1275e43c772caa2a215db963efcbfa2dc4eef610aab241d,64990ea6addff6af93b8eace95fbcf586b8f19e678352f7776dc1bc87a88d58f,0.001300466173488486,5.173814570492119e-06,0.0012991684132578727,0.009720859473355757,-0.9974016633294586,0.002593163011945253,0.009425241547444561,0.0002956179033093239,2.5968018822370707e-06,0.0025905662100630163
sample_4825,L15-0368E-1245N_1474_3210_13,50176,0.14010682397959184,7c6bc4858bf31f7e7bbdba70a6d340b44cea751611ca18e6e5193136d96471ce,64990ea6addff6af93b8eace95fbcf586b8f19e678352f7776dc1bc87a88d58f,0.33686712094621896,0.21206450152154005,0.07951925472446661,0.19989696193317966,-0.8409614910789587,0.12392354588415831,0.19941353754796387,0.00048342458950657353,0.00018989315224183305,0.12373365273191646
sample_4826,L15-0368E-1245N_1474_3210_13,50176,0.20420121173469388,09a26ff9a24b9bfa35281f5ab86bd161d503bc3879238319c4be19dc1952a12c,64990ea6addff6af93b8eace95fbcf586b8f19e678352f7776dc1bc87a88d58f,0.5333614401785505,0.31861066060182797,0.14422640674011022,0.3445305073364814,-0.7115471863439902,0.21840180975558984,0.3440791452749902,0.0004513621094718234,0.00020979480966423842,0.21819201494592555
sample_4827,L15-1276E-1107N_5105_3761_13,50176,0.019949776785714284,785a7b78436d373345df8b700f6ae2fb858c748a644fac1472c3b6c712aa91a3,64990ea6addff6af93b8eace95fbcf586b8f19e678352f7776dc1bc87a88d58f,0.08573852679581674,0.03710865515747177,0.015168370888093296,0.05346359300796776,-0.9696632591829565,0.026742705217023557,0.05268930610072953,0.0007742868964776341,0.00010396796262502272,0.026638737254398533
sample_4828,L15-0566E-1185N_2265_3451_13,50176,0.001634247448979592,68302ee4f5e2d707417736a123105f11a851451f44ed2b81bab099c3041b9155,64990ea6addff6af93b8eace95fbcf586b8f19e678352f7776dc1bc87a88d58f,0.008615744430455883,0.003442280437606004,0.004427738042253697,0.018137208416541047,-0.9911445241526162,0.007709663691894293,0.01775999572402217,0.0003772125411528808,1.8339631371327627e-05,0.0076913240605229645
sample_4829,L15-1014E-1375N_4056_2688_13,50176,0.1363201530612245,6069c19b6a6a7a41b0962e4113879af6d706079aae9550b606023a12ee0e4692,64990ea6addff6af93b8eace95fbcf586b8f19e678352f7776dc1bc87a88d58f,0.36340647713565527,0.21956127252658708,0.10504177607814497,0.26470655068440035,-0.7899164479068412,0.16494990316575728,0.26427750051198773,0.0004290501713020214,0.00017360014217312274,0.16477630302358415
sample_4830,L15-0544E-1228N_2176_3279_13,50176,0.17283163265306123,f3f0d8a4407f4416ac664e42b7b4c534c660221ad60bef6a735be684f185a236,64990ea6addff6af93b8eace95fbcf586b8f19e678352f7776dc1bc87a88d58f,0.7608004857056859,0.30293786264218553,0.06193592882482335,0.16636823710957585,-0.8761281427193093,0.09743526828933642,0.16577209781725677,0.0005961392467478482,0.00015446021598202676,0.09728080807335442
sample_4831,L15-0358E-1220N_1433_3310_13,50176,0.08213089923469388,f7466f027675949f8d57debcc01689d0558ea9193e4c1f7fa890da96d965ce60,64990ea6addff6af93b8eace95fbcf586b8f19e678352f7776dc1bc87a88d58f,0.23379417850514334,0.1393610150051035,0.08866494722493297,0.22251792983926622,-0.8226701060614505,0.13806998026647893,0.2217384135416813,0.000779516223450173,0.0003019640523786621,0.13776801621410023
sample_4832,L15-1185E-0935N_4742_4450_13,50176,0.1461455676020408,ebebcfd41c84002e4bd37a265546531d1948996d71c50c12de68d801f99cbb70,64990ea6addff6af93b8eace95fbcf586b8f19e678352f7776dc1bc87a88d58f,0.40986688273497174,0.24420646169013163,0.13310614345733038,0.3452520232747545,-0.7337877129248662,0.21371967803364986,0.34465701071654137,0.0005950126383770395,0.00027935328955714273,0.2134403247440927
sample_4833,L15-0358E-1220N_1433_3310_13,50176,0.08237005739795919,993f918f7122021abbee972c619e11e7c397daf72c1233461c92b28e5f94d550,64990ea6addff6af93b8eace95fbcf586b8f19e678352f7776dc1bc87a88d58f,0.22752784461771827,0.13555519953167086,0.07843526089754031,0.20111496809687363,-0.843129478563634,0.12362091888031496,0.2003884194814095,0.0007265486863732464,0.00029637446490119715,0.12332454441541374
sample_4834,L15-0566E-1185N_2265_3451_13,50176,0.0,daede069d703460dc1275e43c772caa2a215db963efcbfa2dc4eef610aab241d,64990ea6addff6af93b8eace95fbcf586b8f19e678352f7776dc1bc87a88d58f,0.004610783832139358,0.0010445851298728106,0.00430727681520452,0.017721062635016195,-0.991385446646691,0.007569968500536229,0.01736320754181511,0.0003578549084642742,9.753315733362404e-06,0.007560215184802868
sample_4835,L15-0358E-1220N_1433_3310_13,50176,0.04705436862244898,4dd72013ba9494f034d785ffe401e3a54865039bccce114a34a0de4b18adfe8f,64990ea6addff6af93b8eace95fbcf586b8f19e678352f7776dc1bc87a88d58f,0.14380114353760834,0.08228562414636431,0.06198234380013785,0.1541028890646216,-0.8760353133375092,0.0942494306942417,0.1535516406470158,0.0005512485148721684,0.00017497660252332274,0.09407445409171837
sample_4836,L15-1276E-1107N_5105_3761_13,50176,0.011061065051020409,f80e8e3e15888691a2052122d863e82eb586ddb4aabeac93e93cb6452478a130,64990ea6addff6af93b8eace95fbcf586b8f19e678352f7776dc1bc87a88d58f,0.06753513556434076,0.02205887912598626,0.004795535619617725,0.02140997345821673,-0.9904089290254463,0.008656859802868417,0.02098382795484398,0.00042614561796497987,2.3172824754941098e-05,0.008633686978113474
sample_4837,L15-1748E-1247N_6993_3202_13,50176,0.004603794642857143,cbcfd85246bf7c05a4e34ac32dd9314e26d137b887573ac7018448828dfe661c,64990ea6addff6af93b8eace95fbcf586b8f19e678352f7776dc1bc87a88d58f,0.027608758179943915,0.011106999857928677,0.01181975241075745,0.03878746876553042,-0.976360496184159,0.01992719265885781,0.03844360385416427,0.00034386500767974334,3.3216473017148584e-05,0.01989397618584066
sample_4838,L15-0544E-1228N_2176_3279_13,50176,0.14327566964285715,abcd9abee4623f05d21f94efe2395e529100e38fd153fb0ac45c3e7688341116,64990ea6addff6af93b8eace95fbcf586b8f19e678352f7776dc1bc87a88d58f,0.4911391415564884,0.2473671468272222,0.07609778914804932,0.21997833138662473,-0.8478044216626709,0.12605266586405076,0.21944844299049204,0.0005298884271438865,0.0001342338284645672,0.1259184320355862
sample_4839,L15-0566E-1185N_2265_3451_13,50176,0.0007374043367346938,8b7681aacbebc1e830daa58af45ee7fe5d97ffd9600f8a013a8fbfae643db64e,64990ea6addff6af93b8eace95fbcf586b8f19e678352f7776dc1bc87a88d58f,0.01809718439606181,0.00589901610320741,0.015009634872679884,0.045445077048599465,-0.9699807308036228,0.024829458981623722,0.0452115697505833,0.00023350727677274658,3.413383084318892e-05,0.024795325150780537
sample_4840,L15-1848E-0793N_7394_5018_13,50176,5.978954081632653e-05,a3f4aec7b0054265f83404a6d96b49ed44efc2220960fd6c82087a67e2399fd2,64990ea6addff6af93b8eace95fbcf586b8f19e678352f7776dc1bc87a88d58f,0.01505423118707027,0.004440837973358063,0.01349335928133936,0.04234213981622048,-0.9730132819097387,0.02266364866322887,0.041975994565980994,0.0003661453072601269,4.6339487173226834e-05,0.022617309176055637
sample_4841,L15-1185E-0935N_4742_4450_13,50176,0.14977279974489796,735f7528abfa30d7d719db583697d15d00efac3803a239de9a6a2586f2cdd636,64990ea6addff6af93b8eace95fbcf586b8f19e678352f7776dc1bc87a88d58f,0.42220396513582853,0.2501396829291241,0.11804010636738635,0.31680443290469124,-0.7639197871919587,0.19270692486341817,0.3161926647413672,0.0006117681686448207,0.0002604759308239691,0.19244644893259416
sample_4842,L15-1748E-1247N_6993_3202_13,50176,0.0016940369897959183,6151bfd2392578824ed2981d3e73d02e4cb94ebbedff03525b250b192f386c40,64990ea6addff6af93b8eace95fbcf586b8f19e678352f7776dc1bc87a88d58f,0.015285826455122995,0.00524386953165095,0.012274144186486244,0.04078184087055839,-0.9754517124162801,0.02023742419470414,0.04021819219025348,0.0005636485931237309,4.8527313449761255e-05,0.020188896881254376
sample_4843,L15-1210E-1025N_4840_4088_13,50176,0.05825494260204082,9fa40dc40982be14fe19f38fbbefad655871e8e93c514c360b1d4e6f1e9504c6,64990ea6addff6af93b8eace95fbcf586b8f19e678352f7776dc1bc87a88d58f,0.17708657896116692,0.09382404714060108,0.04708075797190053,0.12094986434039957,-0.9058384849088591,0.07216982719212905,0.12044639274859059,0.000503471640631599,0.00010194485260934451,0.0720678823395197
sample_4844,L15-1276E-1107N_5105_3761_13,50176,0.009107940051020409,6c93f639417c22ee6b3af080cbf4ddd597a8d1238a2a0bfc699cee6079b7c97e,64990ea6addff6af93b8eace95fbcf586b8f19e678352f7776dc1bc87a88d58f,0.05728322381501813,0.01810227166501123,0.0038840013130910086,0.018115011550730597,-0.9922319975190751,0.007057789527714458,0.01780585690562591,0.00030915471484715284,1.3862820110714122e-05,0.007043926707603744
sample_4845,L15-1138E-1216N_4553_3325_13,50176,0.11951929209183673,86acbefd6fd4037fd93482cc02020943164cc8d23b51d74f252c0d168094a867,64990ea6addff6af93b8eace95fbcf586b8f19e678352f7776dc1bc87a88d58f,0.3465600525034113,0.20157048537259095,0.1336327643722904,0.32409610752992185,-0.7327344710923916,0.20301247700727107,0.32337069011610586,0.0007254174356465347,0.00030418774291988607,0.20270828926435117
sample_4846,L15-1748E-1247N_6993_3202_13,50176,0.00763313137755102,bf0201006ef2b59fcf5da0235e8b754c0a86fa08cd7c3efd65a7bbf5bc002c8f,64990ea6addff6af93b8eace95fbcf586b8f19e678352f7776dc1bc87a88d58f,0.037813444812650567,0.01699850588028027,0.022332821130438954,0.06429257349677292,-0.9553343586899908,0.0357413734884973,0.06397583609572478,0.0003167373626252632,4.7044389797389644e-05,0.0356943290986999
sample_4847,L15-1014E-1375N_4056_2688_13,50176,0.13707748724489796,8f81cdf083f2c90e40d48f82014d1282401e802f6f3e03ee8c5be22c58e3dc9d,64990ea6addff6af93b8eace95fbcf586b8f19e678352f7776dc1bc87a88d58f,0.3449092909370086,0.21791829379448602,0.11634267259113566,0.2835174020580322,-0.7673146547353694,0.17911979874031275,0.2830013979422452,0.0005160041442483305,0.00020860295404379154,0.1789111957862689
sample_4848,L15-1210E-1025N_4840_4088_13,50176,0.05861367984693878,4207c7aae3d050f5517526b2ba2be0419a167a7abfe30dbca1b5aac1aab2343e,64990ea6addff6af93b8eace95fbcf586b8f19e678352f7776dc1bc87a88d58f,0.17076440152038705,0.09376677436766001,0.0424468661575312,0.11567601816729545,-0.9151062687898933,0.06727537277592828,0.11510510296390422,0.0005709151105005221,0.00011414227663659002,0.0671612304992917
sample_4849,L15-0544E-1228N_2176_3279_13,50176,0.1748844068877551,d85fa2abeccd87dea4b781a1834e92a0e9e9a171e3ea6e1b9ae04e62510341d7,64990ea6addff6af93b8eace95fbcf586b8f19e678352f7776dc1bc87a88d58f,0.6544980513612261,0.2985630674409738,0.06380694143459847,0.17002091181684617,-0.8723861173001618,0.0990566011881257,0.16903957502128283,0.0009813368127256758,0.00021654993880934303,0.0988400512493164
sample_4850,L15-1276E-1107N_5105_3761_13,50176,0.010483099489795918,efcbe63768980c559947f43f03c9addbded5220f206725c282939b6f01e67f5c,64990ea6addff6af93b8eace95fbcf586b8f19e678352f7776dc1bc87a88d58f,0.06559493428604055,0.020464835964833568,0.002656395286939354,0.014303460742173797,-0.9946872096102755,0.00480807387422845,0.013915099964369616,0.00038836061154936586,1.1316926265928206e-05,0.004796756947962523
sample_4851,L15-1748E-1247N_6993_3202_13,50176,0.0012356505102040817,b15c44d77dcdd305c471ca75001b82cd1f9aa64345316764e3127499ddc6c725,64990ea6addff6af93b8eace95fbcf586b8f19e678352f7776dc1bc87a88d58f,0.010063526391449406,0.003818195479490052,0.007158308223422084,0.024836971303449796,-0.9856833836625252,0.011543374773076098,0.02435743893360493,0.0004795325079589393,2.158115416760792e-05,0.011521793618908491
sample_4852,L15-1848E-0793N_7394_5018_13,50176,0.05608258928571429,73ae72b222b06667507b2673c0166cc9e64da8652b6c07bfe9be97c61f4b9466,64990ea6addff6af93b8eace95fbcf586b8f19e678352f7776dc1bc87a88d58f,0.1536634638883491,0.09121359645572505,0.05417138222267623,0.14119178527171122,-0.8916572369150196,0.08557316519491182,0.14062098612667992,0.000570799081719388,0.00014539891936323103,0.08542776627554859
sample_4853,L15-1848E-0793N_7394_5018_13,50176,0.025948660714285716,dd5ad34111301a635ef6d83dd6cce11ddde09ee7771b8920749c946793adbe1b,64990ea6addff6af93b8eace95fbcf586b8f19e678352f7776dc1bc87a88d58f,0.10073098471007479,0.054782239975605496,0.05986631357073024,0.14879471945171985,-0.880267374009811,0.09228358259666458,0.1484348718104073,0.00035984777772712575,0.0001189899519599853,0.09216459264470458
sample_4854,L15-1848E-0793N_7394_5018_13,50176,0.01783721301020408,daede069d703460dc1275e43c772caa2a215db963efcbfa2dc4eef610aab241d,64990ea6addff6af93b8eace95fbcf586b8f19e678352f7776dc1bc87a88d58f,0.04556731759528958,0.027044275965021347,0.02511675747548591,0.06393001783232748,-0.9497664863901459,0.03706611783097836,0.06353935390251308,0.00039066379630631084,5.6478694007104217e-05,0.03700963913697125
sample_4855,L15-1210E-1025N_4840_4088_13,50176,0.07690927933673469,7781227562e3deaf8e19815a12ce39428ad62a2605248309b3fd54293f1a341b,64990ea6addff6af93b8eace95fbcf586b8f19e678352f7776dc1bc87a88d58f,0.2522228826911098,0.13417377944198441,0.058382672673490434,0.17313014680729516,-0.8832346549325776,0.09848656365848318,0.17227652656205927,0.0008536201825796076,0.00022474644519876482,0.0982618172132844
sample_4856,L15-1389E-1284N_5557_3054_13,50176,0.0024115114795918366,94f0320abd99652f336e8f6660cee5313dc3b055a20f3af7666d5b86c564586d,64990ea6addff6af93b8eace95fbcf586b8f19e678352f7776dc1bc87a88d58f,0.010670872635700221,0.004469782974720444,0.005533527030505012,0.020576497441532827,-0.9889329460456003,0.009075749977034524,0.020222104433633013,0.0003543929798776794,1.438431904123208e-05,0.009061365657993292
sample_4857,L15-1014E-1375N_4056_2688_13,50176,0.06823979591836735,85aff6846e41a704451da4f570eb6fa5cdf456ec82452c61fe3a36e89d0081d0,64990ea6addff6af93b8eace95fbcf586b8f19e678352f7776dc1bc87a88d58f,0.204229535630745,0.11697137946874092,0.07055691424139528,0.18183441753893415,-0.8588861725276853,0.11106118209695767,0.1814663106323074,0.0003681068632430514,0.00014489236715934729,0.1109162897297983
sample_4858,L15-1185E-0935N_4742_4450_13,50176,0.14793925382653061,454df8ea0781f5e14a3b6315412b0d4a7d2d28cc677cf64fa7d7ea7e551b14b9,64990ea6addff6af93b8eace95fbcf586b8f19e678352f7776dc1bc87a88d58f,0.4044227001824509,0.2450810217776285,0.1469900722921902,0.36222457308687817,-0.7060198551571365,0.22888284507006335,0.36161115918262376,0.0006134140413927684,0.00028018855144912,0.22860265651861422
sample_4859,L15-1276E-1107N_5105_3761_13,50176,0.060447225765306124,b103428b2d1b5f79d09d8763c85c3a4ef221fdaa4d471b8dbfb3f7968a6291bb,64990ea6addff6af93b8eace95fbcf586b8f19e678352f7776dc1bc87a88d58f,0.22747499403727423,0.10700299102386522,0.05297988454682981,0.1394126800158516,-0.894040232286085,0.08444379910718941,0.13911813759501954,0.00029454242040230673,7.79278093306297e-05,0.08436587129785879
sample_4860,L15-1389E-1284N_5557_3054_13,50176,0.0018534757653061226,94f0320abd99652f336e8f6660cee5313dc3b055a20f3af7666d5b86c564586d,64990ea6addff6af93b8eace95fbcf586b8f19e678352f7776dc1bc87a88d58f,0.01160115376353915,0.004435162463649669,0.007471082764155023,0.02700246123510775,-0.9850578345793778,0.012481879143245877,0.026280859742490864,0.0007216014531971774,3.8683933464064084e-05,0.012443195209781816
sample_4861,L15-1138E-1216N_4553_3325_13,50176,0.06821986607142858,8130478d594197ed736613b1e9d79c6b066697462848ac30d63e2c86510b121d,64990ea6addff6af93b8eace95fbcf586b8f19e678352f7776dc1bc87a88d58f,0.23962120316006785,0.11900325806229983,0.056380309680077643,0.15907435151886215,-0.8872393811178739,0.0922676547174608,0.15850147417247154,0.0005728774404112828,0.00014052290503507465,0.09212713181242572
sample_4862,L15-1185E-0935N_4742_4450_13,50176,0.06475207270408163,a986f63b56a44f116d0964bd5849b17681a939c5bf163e44289326d3046f5eb0,64990ea6addff6af93b8eace95fbcf586b8f19e678352f7776dc1bc87a88d58f,0.21409996580982815,0.10945496673025643,0.057330591860702454,0.1499237457684188,-0.8853388169108873,0.08874505938035801,0.14946656441142353,0.00045718145567453996,0.0001185850150154205,0.08862647436534261
sample_4863,L15-1014E-1375N_4056_2688_13,50176,0.177734375,7073c76ea59b48ea9b1a3c9cbae91abe9fbdce784216516394e9c47cfe25e139,64990ea6addff6af93b8eace95fbcf586b8f19e678352f7776dc1bc87a88d58f,0.4601320932426517,0.2817997073333082,0.13110472531442777,0.3226020126061224,-0.737790548866007,0.20206034560415628,0.32177153795957025,0.0008304749110604608,0.0003710088602329369,0.20168933674392334
sample_4864,L15-1210E-1025N_4840_4088_13,50176,0.07611208545918367,e903cef06d602f97caa51f4e3f069d2bc798d3f0cf0b18effa45494dfbacb6b7,64990ea6addff6af93b8eace95fbcf586b8f19e678352f7776dc1bc87a88d58f,0.2507444140544348,0.13310613009368719,0.061212614651446284,0.17908626169591385,-0.8775747708752116,0.10273462788674262,0.17822924475100696,0.0008570169920426265,0.00023673061049069887,0.10249789727625191
sample_4865,L15-1014E-1375N_4056_2688_13,50176,0.13618064413265307,908659b4f6bf6ed855a02e796a123a3caef814173d290d9b5e39bafb34bebb0b,64990ea6addff6af93b8eace95fbcf586b8f19e678352f7776dc1bc87a88d58f,0.3580972045288259,0.21904779677474429,0.10685496898225452,0.26823885399829644,-0.7862900623340255,0.16749481219074244,0.26772177210827963,0.0005170817965242208,0.0002096083188120391,0.16728520387193035
sample_4866,L15-1748E-1247N_6993_3202_13,50176,0.009247448979591837,ab5c7162f7c5d091b26b3c51024abafbbf51d3256417b7d17326f86537ccff88,64990ea6addff6af93b8eace95fbcf586b8f19e678352f7776dc1bc87a88d58f,0.036322793589473844,0.016632607062185365,0.011841710312387012,0.03751581882448247,-0.9763165803845407,0.019188507784704434,0.03702754755571153,0.00048827123806319207,4.431839819957894e-05,0.01914418938650486
sample_4867,L15-0544E-1228N_2176_3279_13,50176,0.14588647959183673,98f0e3f8f3182ce994ba5313c0a87fd5861e3fc8963db13529df28f1aa84efab,64990ea6addff6af93b8eace95fbcf586b8f19e678352f7776dc1bc87a88d58f,0.4738809601386389,0.24771831619335485,0.08961464928781461,0.24741171613717788,-0.820770701336648,0.14435271963733678,0.2465904050205982,0.0008213110793380296,0.00024461928731999935,0.1441081003500168
sample_4868,L15-0544E-1228N_2176_3279_13,50176,0.1784717793367347,b8bd396b35685228f88467a500b937b41d49c12d720fb486f4b260161c72453d,64990ea6addff6af93b8eace95fbcf586b8f19e678352f7776dc1bc87a88d58f,0.5951512483710802,0.2952667624079321,0.09502122100627962,0.23951319171229288,-0.8099575577938731,0.14474741530159183,0.2385941760362532,0.0009190158706663147,0.0002989050727731656,0.1444485102288187
sample_4869,L15-1848E-0793N_7394_5018_13,50176,0.004105548469387755,536fbe64aa14edb7229a7bbd5fbf546ba5159c7510eec605015c8a4e05a4d834,64990ea6addff6af93b8eace95fbcf586b8f19e678352f7776dc1bc87a88d58f,0.019211856486626124,0.008144920011334874,0.00659084529021983,0.02494514791188554,-0.9868183095681461,0.011163045108012458,0.024469451309364697,0.0004756966321920396,3.032116889251352e-05,0.011132723939119946
sample_4870,L15-1848E-0793N_7394_5018_13,50176,0.0,daede069d703460dc1275e43c772caa2a215db963efcbfa2dc4eef610aab241d,64990ea6addff6af93b8eace95fbcf586b8f19e678352f7776dc1bc87a88d58f,0.004412311948990827,0.001049255802479778,0.0040874596297912,0.017515566372892876,-0.9918250809164698,0.007125663457102622,0.017182801954928037,0.000332764385955533,1.4054108130979205e-05,0.007111609348971642
sample_4871,L15-1748E-1247N_6993_3202_13,50176,0.0010762117346938774,8daf05172d2a1e9d9040274604059e0f5864e4bd4a436cfba6947e7340d3e376,64990ea6addff6af93b8eace95fbcf586b8f19e678352f7776dc1bc87a88d58f,0.01023707574613085,0.0035282526080085935,0.008069744857493788,0.028210008890181028,-0.9838605105022921,0.013339569307449506,0.02773646858819011,0.00047354034223245456,2.9776367995163616e-05,0.013309792939454347
sample_4872,L15-1276E-1107N_5105_3761_13,50176,0.06762197066326531,c38a29855269b16fe2cf13d42d548e6c709814a53f7498b822b5d0343e62db80,64990ea6addff6af93b8eace95fbcf586b8f19e678352f7776dc1bc87a88d58f,0.22843007071898416,0.11756331093816572,0.05813780144374932,0.1614870061639801,-0.8837243979874942,0.09533505895392615,0.16112003110375228,0.0003669749826834,0.00011157670057860941,0.09522348225334754
sample_4873,L15-1389E-1284N_5557_3054_13,50176,0.07364078443877552,2cf1de0ed397a568467dee32640f3bb63dc78aba4e3ce5ca615020e1964e5cea,64990ea6addff6af93b8eace95fbcf586b8f19e678352f7776dc1bc87a88d58f,0.2054160156885645,0.122426923906354,0.07753842353835055,0.19142561454646412,-0.8449231542556541,0.11973665159595463,0.19095564037809268,0.0004699741122189382,0.00016199298929396927,0.11957465860666067
sample_4874,L15-1748E-1247N_6993_3202_13,50176,0.025091677295918366,d802168cb3ece9a5c46fc1cafb9b27a9cfeae6ce59cb9f30a5fe23c81cba116e,64990ea6addff6af93b8eace95fbcf586b8f19e678352f7776dc1bc87a88d58f,0.0793824107907827,0.04397499108121797,0.040317697013367196,0.10480128840430496,-0.9193646074232539,0.06259275107486605,0.10430436569803506,0.0004969226054891604,9.206273027323705e-05,0.06250068834459281
sample_4875,L15-0368E-1245N_1474_3210_13,50176,0.20282605229591838,09a26ff9a24b9bfa35281f5ab86bd161d503bc3879238319c4be19dc1952a12c,64990ea6addff6af93b8eace95fbcf586b8f19e678352f7776dc1bc87a88d58f,0.5211182506040227,0.3166046551349277,0.13885534174588263,0.34026807865748626,-0.7222893161959195,0.21361628892162632,0.33915118758729734,0.0011168912091550245,0.0005270735303403656,0.213089215391286
sample_4876,L15-1210E-1025N_4840_4088_13,50176,0.05209661989795918,75da8fa0cccfe71e072ced9b4d22339af2c69f47cb7cba0912320e38a46eacca,64990ea6addff6af93b8eace95fbcf586b8f19e678352f7776dc1bc87a88d58f,0.1805903843676035,0.09374283303003884,0.05344127952382539,0.16085180134354135,-0.8931174413576225,0.09056244237334685,0.1601971556538999,0.000654645600970826,0.00015219791040799264,0.09041024446293885
sample_4877,L15-1138E-1216N_4553_3325_13,50176,0.0607063137755102,1317bf7abd1f4ea3fdf2d2ef31c92533ab70012b21fd36056783598d251cfec6,64990ea6addff6af93b8eace95fbcf586b8f19e678352f7776dc1bc87a88d58f,0.21669926162853273,0.10704310010314211,0.054923237942881425,0.15114474776476433,-0.89015352482961,0.08859407070484122,0.1508078322836415,0.0003369155249534066,9.486945705081541e-05,0.0884992012477904
sample_4878,L15-0358E-1220N_1433_3310_13,50176,0.0499641262755102,32cde13a9cc0b45944f8f0a14a39a681f5f0ca2a7db91208ae3d61e25a7823ce,64990ea6addff6af93b8eace95fbcf586b8f19e678352f7776dc1bc87a88d58f,0.15368734563153047,0.08699530451936456,0.07072688399205859,0.16855334779751519,-0.8585462329854636,0.1050225557593229,0.16801815766340047,0.0005351900714178996,0.00016891349455349424,0.1048536422647694
sample_4879,L15-0566E-1185N_2265_3451_13,50176,0.0,daede069d703460dc1275e43c772caa2a215db963efcbfa2dc4eef610aab241d,64990ea6addff6af93b8eace95fbcf586b8f19e678352f7776dc1bc87a88d58f,0.0014526834120719874,6.718470780730648e-06,0.0014509930220736684,0.010722903126687066,-0.9970980139086545,0.002895267573366606,0.01017908109318629,0.0005438220868022297,5.9676399128235525e-06,0.002889299933453783
sample_4880,L15-0544E-1228N_2176_3279_13,50176,0.1524234693877551,83b1be9bf54882e0e46172fa609d75357d9f7e5afa684feacf736eb4ac6a0072,64990ea6addff6af93b8eace95fbcf586b8f19e678352f7776dc1bc87a88d58f,0.5944891675571525,0.2723867182179878,0.07725090880959047,0.23163601563787292,-0.8454981822915083,0.13104347619371645,0.23104853079351906,0.0005874849638142216,0.00017291771827169768,0.13087055847544476
sample_4881,L15-1276E-1107N_5105_3761_13,50176,0.00821109693877551,5b128f504edccfd6e334fa81ca77b1c678fa5a7bccb69e981650c15d575cfa5c,64990ea6addff6af93b8eace95fbcf586b8f19e678352f7776dc1bc87a88d58f,0.03861536830280069,0.014585132506786983,0.007394579018238096,0.026401584010053204,-0.9852108422498422,0.012171270410623412,0.026058526997121068,0.00034305708885521265,1.938801481667079e-05,0.012151882395806743
sample_4882,L15-0358E-1220N_1433_3310_13,50176,0.08197146045918367,993f918f7122021abbee972c619e11e7c397daf72c1233461c92b28e5f94d550,64990ea6addff6af93b8eace95fbcf586b8f19e678352f7776dc1bc87a88d58f,0.23153986193563925,0.13755172370812407,0.08062358433737096,0.21225427657986956,-0.8387528318297572,0.12896703976042448,0.2114295131944947,0.0008247633546293164,0.00033109547606759675,0.12863594428435685
sample_4883,L15-1748E-1247N_6993_3202_13,50176,0.0011957908163265306,2471987e46c3349a2b70d56796ca6746b3f5bd2aa0b189cd36f55149f0d09713,64990ea6addff6af93b8eace95fbcf586b8f19e678352f7776dc1bc87a88d58f,0.013795976751091203,0.003896781457471641,0.010868838248175703,0.03992962467404693,-0.97826232429873,0.018907412086353197,0.03909068716432457,0.0008389374791990579,7.516379098184466e-05,0.018832248295371348
sample_4884,L15-0566E-1185N_2265_3451_13,50176,0.0012755102040816326,f595ecadd196b1ed455481966949971929d4bdeb2f267389cc623a67c7549054,64990ea6addff6af93b8eace95fbcf586b8f19e678352f7776dc1bc87a88d58f,0.010069901755943014,0.003974275338981347,0.0076783998591388215,0.02625541133196938,-0.9846432001688407,0.012611375767559507,0.025568090168737668,0.0006873212531085549,3.12760674978171e-05,0.012580099700061693
sample_4885,L15-0368E-1245N_1474_3210_13,50176,0.1797672193877551,fbe4f9938e77b50296961aa9b7dd6e9bce6acbadddcad2eb51bbc6955e937af3,64990ea6addff6af93b8eace95fbcf586b8f19e678352f7776dc1bc87a88d58f,0.49846840421333244,0.2907447254230858,0.17150330145686524,0.39971994048583614,-0.6569933971230881,0.2566987245162908,0.3993752521689333,0.000344688212314004,0.00015690385359184398,0.256541820662699
sample_4886,L15-1014E-1375N_4056_2688_13,50176,0.1364795918367347,84604034eec1bc9faf62fd3fd90a829e0cfbf02941b3a398564d2919bdfca058,64990ea6addff6af93b8eace95fbcf586b8f19e678352f7776dc1bc87a88d58f,0.3513171800346029,0.2179199947116266,0.10974091762790875,0.276036577822517,-0.7805181646982247,0.17272728893720124,0.2757172112655286,0.0003193665000896313,0.00014059980007443925,0.17258668913712683
sample_4887,L15-1848E-0793N_7394_5018_13,50176,0.04940609056122449,ebf2f93a6930b1819f2467db04dd08c7281048ae6b2fdff0ba37dc38b5982d34,64990ea6addff6af93b8eace95fbcf586b8f19e678352f7776dc1bc87a88d58f,0.13895564725756304,0.08136865414044074,0.054272328701811104,0.13495024456736865,-0.8914553439170979,0.08312872758817395,0.13449441132976336,0.00045583326414724336,0.00011946088155040866,0.08300926670662355
sample_4888,L15-1389E-1284N_5557_3054_13,50176,0.0013751594387755102,4ff57b2a16acfee17c55aa777de6b42e06085f60bac04e59609e698d2d196ed2,64990ea6addff6af93b8eace95fbcf586b8f19e678352f7776dc1bc87a88d58f,0.007831998535852805,0.002654887079460553,0.0027044531972413616,0.013871701260085847,-0.994591093355004,0.0048671686408126745,0.013417796945094899,0.00045390449624121184,1.0036065866079359e-05,0.004857132574946594
sample_4889,L15-1014E-1375N_4056_2688_13,50176,0.07282366071428571,4105f363a6cd55f6744580709fe9f48cf597a568824ee00c932896573f700e46,64990ea6addff6af93b8eace95fbcf586b8f19e678352f7776dc1bc87a88d58f,0.21578193762210623,0.11756762328684724,0.060534717863169024,0.1488789964737473,-0.8789305651362436,0.08991990498784029,0.1481341233906536,0.0007448731109925458,0.0001750184046076236,0.08974488658323264
sample_4890,L15-1848E-0793N_7394_5018_13,50176,0.0005381058673469387,6c0881a80bc43ce57aea543a75bed66e0aeb7f61c25b25f5d478a2e18c261e5e,64990ea6addff6af93b8eace95fbcf586b8f19e678352f7776dc1bc87a88d58f,0.010519998176363598,0.002737255643151889,0.008945165428912685,0.03334773732431182,-0.9821096697512309,0.01586121523738168,0.03281680152543994,0.0005309357779688015,4.1674168515682285e-05,0.015819541068866
sample_4891,L15-1210E-1025N_4840_4088_13,50176,0.05369100765306122,fb7c1cbbe3f9db4f08997fa0c8a34086b9f7a92565685fc9e4f2613324714270,64990ea6addff6af93b8eace95fbcf586b8f19e678352f7776dc1bc87a88d58f,0.16940328376333738,0.08584008089798449,0.035901837787419864,0.09532045627456515,-0.9281963254468886,0.05552646071237304,0.09491147467224821,0.0004089816315110474,7.687040790117123e-05,0.055449590304471864
sample_4892,L15-0358E-1220N_1433_3310_13,50176,0.04998405612244898,4dd29411249fa562ff9bf79a068f0b3ea9a38d19cd7c75896da5dd6602d80b6d,64990ea6addff6af93b8eace95fbcf586b8f19e678352f7776dc1bc87a88d58f,0.1531049960255351,0.08635163818456075,0.07313040310840066,0.17302626651422465,-0.853739194834036,0.10773344173220742,0.17182538327581842,0.0012008830943894822,0.00030507795177510215,0.1074283637804323
sample_4893,L15-1748E-1247N_6993_3202_13,50176,0.005500637755102041,6073e7f5898dd8d03011aaa7c13f794d5a2b81a2ff6791085ed4c58154b4165d,64990ea6addff6af93b8eace95fbcf586b8f19e678352f7776dc1bc87a88d58f,0.03277580558244272,0.013381012576592305,0.015679767834051152,0.050585751284369325,-0.9686404651582764,0.026583976652602787,0.050239145107872626,0.00034660603884332977,3.825225267707372e-05,0.026545724399925717
sample_4894,L15-1389E-1284N_5557_3054_13,50176,0.0019730548469387753,20b85f93cecbb7ff683f7dd266e032daa5c614fe6af004fd5db1480b48a1860b,64990ea6addff6af93b8eace95fbcf586b8f19e678352f7776dc1bc87a88d58f,0.012037304823503564,0.004664580882179595,0.006569894303909826,0.023189024341571978,-0.9868602116728966,0.01071651075935925,0.02282439454734115,0.0003646297892897748,1.655913250573575e-05,0.010699951626853516
sample_4895,L15-1748E-1247N_6993_3202_13,50176,0.011818399234693877,3e41606bbd320094a845219c2f3d7c06123c829c9ff4789306522470d59a6290,64990ea6addff6af93b8eace95fbcf586b8f19e678352f7776dc1bc87a88d58f,0.039090898258906714,0.02148873702869921,0.020001590584537814,0.05563293118427496,-0.9599968195613011,0.030973613189732508,0.053800845229158296,0.0018320859682198867,0.00015909706454099326,0.030814516125191524
sample_4896,L15-0358E-1220N_1433_3310_13,50176,0.049306441326530615,f95cd8386f05e10546ecb185a508e35c5d8a7832f4cd7eaacb56695883cdcfd7,64990ea6addff6af93b8eace95fbcf586b8f19e678352f7776dc1bc87a88d58f,0.15568347202454513,0.08827375455869407,0.07652264954498494,0.17864293541915488,-0.8469547017600803,0.11229039030681788,0.17802551500355196,0.0006174204082265229,0.0002046710326805195,0.11208571927413735
sample_4897,L15-1210E-1025N_4840_4088_13,50176,0.020946269132653062,033557a28252fc2255eef9966338d55073d230f867f6c7ad0d399c48c6318a74,64990ea6addff6af93b8eace95fbcf586b8f19e678352f7776dc1bc87a88d58f,0.08456149342985106,0.038608449207446834,0.030560693361473327,0.09767937859862183,-0.9388786142845211,0.051832450113585254,0.0970048591875798,0.0006745192592331943,0.00011281629394745004,0.0517196338196378
sample_4898,L15-0358E-1220N_1433_3310_13,50176,0.08290816326530612,993f918f7122021abbee972c619e11e7c397daf72c1233461c92b28e5f94d550,64990ea6addff6af93b8eace95fbcf586b8f19e678352f7776dc1bc87a88d58f,0.23751216620162177,0.13850740007021758,0.07672969358426766,0.20103625605496314,-0.8465406131836137,0.12213933122560808,0.2004239737663154,0.0006122823957720196,0.0002461172243358489,0.12189321400127226
sample_4899,L15-1138E-1216N_4553_3325_13,50176,0.048728475765306124,cfc98c62ad0c9e2b4d12505671aa2fa55d8b1f58345fa97f52ce4720ed0fbb7c,64990ea6addff6af93b8eace95fbcf586b8f19e678352f7776dc1bc87a88d58f,0.31229333215889593,0.09949205909139373,0.05028192561276599,0.15048215623971736,-0.8994361493190581,0.08482058462723051,0.14954149349913323,0.0009406627316296939,0.0002576800189013533,0.08456290460832917
sample_4900,L15-1210E-1025N_4840_4088_13,50176,0.0224609375,f5758834671c119d559bb9c5be7cf15d7d63abc9d000e772b14700cc59d5d7ee,64990ea6addff6af93b8eace95fbcf586b8f19e678352f7776dc1bc87a88d58f,0.08536232273497593,0.0382530679282713,0.021021912179706732,0.06809841900904344,-0.9579561767398181,0.03507491538432642,0.067536565498139,0.000561853568343609,7.976550271114159e-05,0.034995149881615284
sample_4901,L15-1748E-1247N_6993_3202_13,50176,0.0014748086734693877,8daf05172d2a1e9d9040274604059e0f5864e4bd4a436cfba6947e7340d3e376,64990ea6addff6af93b8eace95fbcf586b8f19e678352f7776dc1bc87a88d58f,0.009478684879436837,0.0034788797864116405,0.007199002883625121,0.025890823981380193,-0.9856019945830914,0.011925977776547504,0.02557099605356712,0.0003198278886303885,2.1924016018207565e-05,0.011904053760529297
sample_4902,L15-1210E-1025N_4840_4088_13,50176,0.021723533163265307,1bf0da714ce7bda24bfed44cd7e5bbd69eb197566e93c24b8641892bef20229d,64990ea6addff6af93b8eace95fbcf586b8f19e678352f7776dc1bc87a88d58f,0.08660427470447446,0.039236109425618074,0.025387332510982394,0.08193148986706027,-0.9492253359954429,0.04311187517658052,0.08124597988011456,0.0006855100348953035,8.423771432965928e-05,0.043027637462250856
sample_4903,L15-1138E-1216N_4553_3325_13,50176,0.12155213647959184,87199ec40e714034971b15a27c65d43cf7f6b2336c53fe67ed3769362c4929b3,64990ea6addff6af93b8eace95fbcf586b8f19e678352f7776dc1bc87a88d58f,0.3504329342186584,0.20081653461320398,0.12017853487026403,0.29827106346720283,-0.7596429301428596,0.18472782110581193,0.2976479058649786,0.0006231575974774839,0.0002546348096671973,0.1844731862961447
sample_4904,L15-1848E-0793N_7394_5018_13,50176,0.0025111607142857145,20d1f192a4a80c483bf22f85013f1f0bf204580dc0a7023941d1fb339d4859ef,64990ea6addff6af93b8eace95fbcf586b8f19e678352f7776dc1bc87a88d58f,0.01325133445614203,0.005447439981468696,0.006610832678401197,0.023539461611575677,-0.9867783347799342,0.01087865728931489,0.02318143286188028,0.0003580287318108478,2.2696349187120826e-05,0.010855960940127772
sample_4905,L15-1276E-1107N_5105_3761_13,50176,0.060626594387755105,98660ecfa9b67f05b5a179c5f843b4cf0088cb3c5119c014984f5e8e94443b02,64990ea6addff6af93b8eace95fbcf586b8f19e678352f7776dc1bc87a88d58f,0.2379828668713845,0.10798276915598849,0.03907222066274179,0.11595868197344814,-0.9218555601051087,0.06644487373150762,0.11565823760236651,0.00030044432444736527,7.356719187149349e-05,0.06637130653963615
sample_4906,L15-1138E-1216N_4553_3325_13,50176,0.06525031887755102,93e9a96421c86f5c775bbe8125e1daef8c93fadac942bfaed2fe97fdc680ebe3,64990ea6addff6af93b8eace95fbcf586b8f19e678352f7776dc1bc87a88d58f,0.24043640267590832,0.11672465999590992,0.049395064350540696,0.14480989386657753,-0.9012098720561473,0.08239662591004888,0.1440590923398824,0.0007508015003921891,0.00019604211192655993,0.08220058379812231
sample_4907,L15-1848E-0793N_7394_5018_13,50176,0.00029894770408163266,a3f4aec7b0054265f83404a6d96b49ed44efc2220960fd6c82087a67e2399fd2,64990ea6addff6af93b8eace95fbcf586b8f19e678352f7776dc1bc87a88d58f,0.013829916362228795,0.004126921972658449,0.012328386673827333,0.03954457517996209,-0.9753432267805,0.02074778128493267,0.039263265245964775,0.00028131002637421293,2.7033473647173308e-05,0.020720747811285495
sample_4908,L15-1748E-1247N_6993_3202_13,50176,0.0008569834183673469,8daf05172d2a1e9d9040274604059e0f5864e4bd4a436cfba6947e7340d3e376,64990ea6addff6af93b8eace95fbcf586b8f19e678352f7776dc1bc87a88d58f,0.00656757484256271,0.0019624163459979293,0.004509609641640314,0.020138784706524568,-0.9909807809996157,0.008044296838053251,0.019545448806934707,0.0005933360078000484,2.725100221357958e-05,0.008017045835839672
sample_4909,L15-1276E-1107N_5105_3761_13,50176,0.06088568239795918,e976cb82b5a9c9a2c7f0ffcb71368c28d87ca0d6b1f71ecf2412e41fa0c9ab29,64990ea6addff6af93b8eace95fbcf586b8f19e678352f7776dc1bc87a88d58f,0.22253115895879813,0.10817434755495102,0.05739574087783694,0.15169441637505915,-0.8852085194441625,0.09187921634741086,0.15133230370492481,0.000362112739333135,9.71880054035187e-05,0.09178202834200735
sample_4910,L15-0358E-1220N_1433_3310_13,50176,0.03338249362244898,becdbd538e81f8725614d8a4923ca27c9c5821c8dede712314f00cbeff832354,64990ea6addff6af93b8eace95fbcf586b8f19e678352f7776dc1bc87a88d58f,0.09739937490705776,0.058498227048316066,0.05174226504489209,0.11196329091277916,-0.8965154713748925,0.07160482453105614,0.11151511527252946,0.0004481757027659641,0.00010623617166752911,0.0714985883593886
sample_4911,L15-1185E-0935N_4742_4450_13,50176,0.14811862244897958,637b60c28b82a46d1eb1355d07c75a5445a43c7c2389535129161c0cd48a63bd,64990ea6addff6af93b8eace95fbcf586b8f19e678352f7776dc1bc87a88d58f,0.40409858132705767,0.24492916181399826,0.13913418624516843,0.3542307211078418,-0.7217316273986365,0.22157141449195342,0.3536050236810964,0.0006256974667651808,0.00028535906617706383,0.22128605542577637
sample_4912,L15-1748E-1247N_6993_3202_13,50176,0.008031728316326531,3fbbf7db4245942e99bc09c9db8d063644c551f6adf7a783bbd411c90092b78f,64990ea6addff6af93b8eace95fbcf586b8f19e678352f7776dc1bc87a88d58f,0.04137728019892191,0.01879794712038162,0.02054797304433067,0.05952090297229272,-0.9589040549340573,0.03320769824404528,0.059255671767906345,0.0002652313398872834,3.624342012337611e-05,0.0331714548239219
sample_4913,L15-1014E-1375N_4056_2688_13,50176,0.17701690051020408,c85058d15c595baa1090c135ea2db1470577e5e49977bb7b338d3a72846d0b91,64990ea6addff6af93b8eace95fbcf586b8f19e678352f7776dc1bc87a88d58f,0.48072814253382135,0.28725936933758267,0.1214809535458513,0.31259249184744153,-0.7570380928574859,0.19173506387806435,0.3118012333260612,0.0007912586617388109,0.00033365636685499516,0.19140140751120935
sample_4914,L15-1276E-1107N_5105_3761_13,50176,0.00940688775510204,5ff5d4f53b76d08ae2500f0e7126895340a1e59a58194d01d307e95291562753,64990ea6addff6af93b8eace95fbcf586b8f19e678352f7776dc1bc87a88d58f,0.050506905129825024,0.01780095307785194,0.005098716136096615,0.02287074030570593,-0.9898025679661094,0.00931677878001974,0.02237160715780614,0.0004991332162265307,2.3560484802193634e-05,0.009293218295217547
sample_4915,L15-1848E-0793N_7394_5018_13,50176,0.01783721301020408,af6292997285d9d2bae50dbec22809fc75ddb9cb38f24923569403fccbee2389,64990ea6addff6af93b8eace95fbcf586b8f19e678352f7776dc1bc87a88d58f,0.052104476819606046,0.028564827385423344,0.02071266305960753,0.05409994740200703,-0.958574675169938,0.03086575071893926,0.05369575263906468,0.00040419480329727394,4.1259607368021795e-05,0.03082449111157124
sample_4916,L15-0566E-1185N_2265_3451_13,50176,0.0009765625,04989442a0e24ab0b326c0b8d351a5ca7b350ecaae7b4778b67bc7f4740a9f1e,64990ea6addff6af93b8eace95fbcf586b8f19e678352f7776dc1bc87a88d58f,0.00918217959148163,0.0025299578472465036,0.004487536619512403,0.020590793187237704,-0.9910249268147849,0.008324940068401579,0.02009139126500964,0.0004994020530123975,2.934160519534508e-05,0.008295598463206232
sample_4917,L15-0544E-1228N_2176_3279_13,50176,0.17596061862244897,9e19ef7f3d94159f28fe8da22fd114dd3d44cd6e37a93dfb1eb5edf62eeb3f1b,64990ea6addff6af93b8eace95fbcf586b8f19e678352f7776dc1bc87a88d58f,0.7562255780859273,0.3189704648070692,0.05064763692065085,0.15092880205753906,-0.8987047263802367,0.08330677515014583,0.14988682863309288,0.0010419734532174192,0.00023037549044337244,0.08307639965970248
sample_4918,L15-0368E-1245N_1474_3210_13,50176,0.1499920280612245,0910e890f4e923321226b2f56a662953d8f8782fdb80cab07e44aa88a058eefc,64990ea6addff6af93b8eace95fbcf586b8f19e678352f7776dc1bc87a88d58f,0.3547855713322372,0.2249023428835758,0.09186631064667196,0.22248675340671792,-0.8162673795669045,0.1405887794907901,0.2218614929886879,0.0006252605340230395,0.00029719338374917205,0.14029158610704093
sample_4919,L15-0368E-1245N_1474_3210_13,50176,0.23567044005102042,8425229fa8962ce13210a7f7b78f67f92b2e0ca5cc8d39ce2a1352bb4217bc73,64990ea6addff6af93b8eace95fbcf586b8f19e678352f7776dc1bc87a88d58f,0.691431625409194,0.3749664165189164,0.15417038904602773,0.3562024765325778,-0.6916592218398732,0.228168713209017,0.3555365806358132,0.0006658959797434271,0.00028313163258361054,0.2278855815764334
sample_4920,L15-1848E-0793N_7394_5018_13,50176,0.004643654336734694,41120604b05acee5707f515a230e3fc2b12189a36d8d2d512a69a4e857d0c01e,64990ea6addff6af93b8eace95fbcf586b8f19e678352f7776dc1bc87a88d58f,0.018380291754796378,0.008538464893663512,0.008486923652377968,0.028425790452334353,-0.983026152960778,0.013838060601576352,0.02802149834286058,0.00040429204791414997,3.1946151657955144e-05,0.013806114449918395
sample_4921,L15-1748E-1247N_6993_3202_13,50176,0.0012356505102040817,b15c44d77dcdd305c471ca75001b82cd1f9aa64345316764e3127499ddc6c725,64990ea6addff6af93b8eace95fbcf586b8f19e678352f7776dc1bc87a88d58f,0.02276365354544589,0.00768388030561831,0.018636968448919683,0.056064202328422366,-0.9627260643515215,0.030771054332269628,0.055625020884153345,0.0004391813782852404,4.80306875050204e-05,0.030723023644764605
sample_4922,L15-0566E-1185N_2265_3451_13,50176,0.0,daede069d703460dc1275e43c772caa2a215db963efcbfa2dc4eef610aab241d,64990ea6addff6af93b8eace95fbcf586b8f19e678352f7776dc1bc87a88d58f,0.0011642829002055024,3.397087352782114e-06,0.0011634324090460278,0.00890764372216804,-0.9976731351157564,0.002323467730739273,0.008478659168227584,0.0004289845920937784,4.191670010443332e-06,0.00231927606072883
sample_4923,L15-1748E-1247N_6993_3202_13,50176,0.0013153698979591836,6151bfd2392578824ed2981d3e73d02e4cb94ebbedff03525b250b192f386c40,64990ea6addff6af93b8eace95fbcf586b8f19e678352f7776dc1bc87a88d58f,0.009901345349444923,0.003700143358481968,0.007284465640289139,0.025550147564775517,-0.9854310689407958,0.011791193218414464,0.025210453523528447,0.0003396941231775694,2.035740653307286e-05,0.011770835811881394
sample_4924,L15-1276E-1107N_5105_3761_13,50176,0.01584422831632653,c19169d016a87c9f65d2be95ee89cc03bad1c02001756ef9727c68b94fb9d67f,64990ea6addff6af93b8eace95fbcf586b8f19e678352f7776dc1bc87a88d58f,0.0767402178297913,0.029832069134675544,0.009044100240595182,0.032511017497973596,-0.9819118000151695,0.015836630211932635,0.032073026857237986,0.00043799069608482165,3.5662452787074705e-05,0.01580096775914556
sample_4925,L15-1276E-1107N_5105_3761_13,50176,0.01992984693877551,78519dca192439ece7bcbdfd4876d4eb9219063996fd7d051f6c7bc6b266a1ad,64990ea6addff6af93b8eace95fbcf586b8f19e678352f7776dc1bc87a88d58f,0.08514310833399112,0.03750314463591261,0.018528671596645927,0.06391521598921529,-0.9629426577968033,0.03267920820698009,0.06330324085179774,0.0006119751999998539,6.8297418611401e-05,0.0326109107883687
sample_4926,L15-1848E-0793N_7394_5018_13,50176,0.0019331951530612245,ff487cbfb360c65cd8f93ea8befb1c90d33ad3ff3e65d677b51f5a237d9964da,64990ea6addff6af93b8eace95fbcf586b8f19e678352f7776dc1bc87a88d58f,0.010926997321317848,0.004079760288934885,0.006117337795535141,0.023787656226938958,-0.987765324614938,0.010427177182563316,0.023263052849572155,0.0005246033354969148,3.2467095645494304e-05,0.010394710086917822
sample_4927,L15-1276E-1107N_5105_3761_13,50176,0.018136160714285716,1d8e0b64da679f83aba4cfc9b73785876eab9b776d8541ecbba957b504d17605,64990ea6addff6af93b8eace95fbcf586b8f19e678352f7776dc1bc87a88d58f,0.08731627389492219,0.03447784890532385,0.009638008515455057,0.03704135611549016,-0.980723983404312,0.01736453872868786,0.03662799643380446,0.00041335979957759323,3.985155150195772e-05,0.017324687177185903
sample_4928,L15-0368E-1245N_1474_3210_13,50176,0.2019092793367347,09a26ff9a24b9bfa35281f5ab86bd161d503bc3879238319c4be19dc1952a12c,64990ea6addff6af93b8eace95fbcf586b8f19e678352f7776dc1bc87a88d58f,0.5227679763644428,0.315457519480711,0.1373218809948208,0.33740522097154224,-0.7253562376796405,0.21168541663561974,0.33665211049246957,0.0007531105130018774,0.0003347559535118251,0.2113506606821079
sample_4929,L15-1848E-0793N_7394_5018_13,50176,0.017717633928571428,66deceb80dd0c179817451d48c35829c7a8ea911d35fe3c27ef133cc3360a75d,64990ea6addff6af93b8eace95fbcf586b8f19e678352f7776dc1bc87a88d58f,0.0522240129493838,0.028251200168623692,0.01957015286209252,0.05288092061406048,-0.9608596952254014,0.029500854224374536,0.05239830001346259,0.0004826205698823731,5.3232528781727546e-05,0.02944762169559281
sample_4930,L15-0544E-1228N_2176_3279_13,50176,0.18401227678571427,ec51b1b7ceaa8551e8243de903463ad69edefad65d349c458503ecfc9570eaa1,64990ea6addff6af93b8eace95fbcf586b8f19e678352f7776dc1bc87a88d58f,0.7222590089527496,0.30991420964841027,0.08741621256625394,0.22123096294025685,-0.8251675748234022,0.13317000830773731,0.22040288636722064,0.0008280765389008413,0.0002193938516076593,0.13295061445612963
sample_4931,L15-0566E-1185N_2265_3451_13,50176,0.0,daede069d703460dc1275e43c772caa2a215db963efcbfa2dc4eef610aab241d,64990ea6addff6af93b8eace95fbcf586b8f19e678352f7776dc1bc87a88d58f,0.0015089144886852573,6.159536628759856e-06,0.0015073679589514373,0.011170365930109687,-0.9969852641302928,0.0030085763812741145,0.010632313173551452,0.0005380526823809564,6.142620069985004e-06,0.00300243376120413
sample_4932,L15-1276E-1107N_5105_3761_13,50176,0.06261957908163265,9309949dcc46faa8499d6ddde348705029a31622c934e685514b1626a336d9a7,64990ea6addff6af93b8eace95fbcf586b8f19e678352f7776dc1bc87a88d58f,0.21620113154486614,0.11023015959995948,0.06288371775869508,0.16709206421714629,-0.8742325654405243,0.10091092787864496,0.16672528414764498,0.0003667799908887233,9.663749656279429e-05,0.10081429038208214
sample_4933,L15-0544E-1228N_2176_3279_13,50176,0.17940848214285715,92d02a75d3bcf6b16432f0be874b198905775b9c92f4546cbd2e4145468f2154,64990ea6addff6af93b8eace95fbcf586b8f19e678352f7776dc1bc87a88d58f,0.5743669700992216,0.30915805130772134,0.08780977855037365,0.2492785438943636,-0.8243804427832765,0.14392200359468585,0.24826957483711035,0.0010089691428753517,0.0003079736156451963,0.14361402997904066
sample_4934,L15-1389E-1284N_5557_3054_13,50176,0.018275669642857144,62098a7d030839fd89a3783e8dfae4a092cc28fb233cc85cc60c2b87a4058681,64990ea6addff6af93b8eace95fbcf586b8f19e678352f7776dc1bc87a88d58f,0.05821360707639501,0.03237074147329368,0.02665254751895079,0.06792345171187246,-0.9466949056279218,0.04072034407724765,0.06764984326261672,0.0002736083758895882,2.8062051041006355e-05,0.04069228202620664
sample_4935,L15-0368E-1245N_1474_3210_13,50176,0.24166932397959184,eddfa3f048cbed6bd4883b9ff6b97d07061d52e9074e65c2e3a3558b49d05913,64990ea6addff6af93b8eace95fbcf586b8f19e678352f7776dc1bc87a88d58f,0.6825306991027418,0.3770050310508324,0.1583190434541059,0.36164839385660913,-0.6833619130387527,0.2317412904961106,0.3607940284917792,0.0008543652462925262,0.0003864724205896939,0.2313548180755209
sample_4936,L15-1748E-1247N_6993_3202_13,50176,0.005082110969387755,bac2dbb15538fc457fe1c744ef89bab97a66d62ff7d9700709ebe8797be556c3,64990ea6addff6af93b8eace95fbcf586b8f19e678352f7776dc1bc87a88d58f,0.030742847987916773,0.012695888480795132,0.018118534061335484,0.05599246364586445,-0.9637629328570663,0.03016494277309848,0.05555372673253301,0.0004387369838924909,5.2107996360026874e-05,0.030112834776738456
sample_4937,L15-1389E-1284N_5557_3054_13,50176,0.0,daede069d703460dc1275e43c772caa2a215db963efcbfa2dc4eef610aab241d,64990ea6addff6af93b8eace95fbcf586b8f19e678352f7776dc1bc87a88d58f,0.0014819104138643264,5.32372555609902e-06,0.0014805773353888368,0.010995786525666922,-0.9970388454700374,0.002955830945221575,0.010522843986668518,0.00047294244481265385,4.669427666487451e-06,0.002951161517555087
sample_4938,L15-1276E-1107N_5105_3761_13,50176,0.009885204081632654,8dc6e9feab961851134cedd58326a59db86c45efe8ecf57bf865d4a44fbde58f,64990ea6addff6af93b8eace95fbcf586b8f19e678352f7776dc1bc87a88d58f,0.06084495337023631,0.019540963082312617,0.0023335617472778777,0.013679946953780936,-0.9953328765181709,0.004422799124064707,0.013315965276048274,0.0003639816574609198,9.516536325840952e-06,0.0044132825877388655
sample_4939,L15-0566E-1185N_2265_3451_13,50176,0.0,daede069d703460dc1275e43c772caa2a215db963efcbfa2dc4eef610aab241d,64990ea6addff6af93b8eace95fbcf586b8f19e678352f7776dc1bc87a88d58f,0.002968184385978604,0.00044321778635881225,0.002841671741073381,0.014095843508472436,-0.9943166567365896,0.00524012569578795,0.013812047630743653,0.00028379576686964313,9.462280971087473e-06,0.005230663414816863
sample_4940,L15-1014E-1375N_4056_2688_13,50176,0.1348453443877551,34b121608aa4fff18a34db43d2cd8d9779dba76563e6459edbaaf5f234a38461,64990ea6addff6af93b8eace95fbcf586b8f19e678352f7776dc1bc87a88d58f,0.3815611138849933,0.2220944028817587,0.09139344138473425,0.2348918158845688,-0.8172131176394588,0.14427305069813845,0.23436407217599095,0.0005277436763231589,0.0002101549540484295,0.14406289574409004
sample_4941,L15-1276E-1107N_5105_3761_13,50176,0.01020408163265306,54b327c0cdce54b59c0272a9e6ce36619983f15d23675877bfd9dbc544d3051a,64990ea6addff6af93b8eace95fbcf586b8f19e678352f7776dc1bc87a88d58f,0.04626504364127785,0.018044345236352104,0.006630615014060192,0.025580420996538903,-0.9867387702169512,0.011360220808713531,0.025124329217989357,0.0004560916737933893,2.8666957539960306e-05,0.011331553851173575
sample_4942,L15-1276E-1107N_5105_3761_13,50176,0.017916932397959183,0ab9522e017a37a78e436dc7ec7dbf200451fe10b21286fbb1be81d068361ec9,64990ea6addff6af93b8eace95fbcf586b8f19e678352f7776dc1bc87a88d58f,0.09203409153214337,0.034361065603370974,0.006334325967461099,0.026527158635580285,-0.9873313483794292,0.011573398672479774,0.026229981227252046,0.0002971774247629957,1.889034121051778e-05,0.011554508331269258
sample_4943,L15-1185E-0935N_4742_4450_13,50176,0.07340162627551021,e605a81418f9a8fc60d0c30b41557a8fa74b30428f722d1d1701c9b5f6f1f1f4,64990ea6addff6af93b8eace95fbcf586b8f19e678352f7776dc1bc87a88d58f,0.22990035751493423,0.12577445873720217,0.05922978651016114,0.17410560861745206,-0.8815404273462194,0.09972926229354187,0.1733857529291802,0.0007198556831565413,0.0002140196090281977,0.09951524268451369
sample_4944,L15-1276E-1107N_5105_3761_13,50176,0.008549904336734694,724298bd6a5869fc9ecfa577767b325ead7ea966438a991c52103b40e1ece7f9,64990ea6addff6af93b8eace95fbcf586b8f19e678352f7776dc1bc87a88d58f,0.04324096263824682,0.0156157043627959,0.005912128351248649,0.023824996959392383,-0.988175743595443,0.010026611708742356,0.022576715886576233,0.0012482810616965805,5.56098595413179e-05,0.009971001849201036
sample_4945,L15-1138E-1216N_4553_3325_13,50176,0.05295360331632653,cfab8afb76aefaf832a8be2068961cccb27d44e8d8343b5702fab876c9244784,64990ea6addff6af93b8eace95fbcf586b8f19e678352f7776dc1bc87a88d58f,0.3288682055391869,0.10956957361481917,0.05280873557904317,0.155214702011573,-0.8943825291412689,0.0884320631268478,0.15418148294657363,0.0010332191842568708,0.00026456923048521276,0.08816749389636258
sample_4946,L15-0368E-1245N_1474_3210_13,50176,0.18150111607142858,f54e30b4fac7bf945d3ac2e08745dc0230c3583c774d776a7007583093baeadf,64990ea6addff6af93b8eace95fbcf586b8f19e678352f7776dc1bc87a88d58f,0.5008438757863583,0.29318246976455353,0.17958827417495907,0.4026661691152043,-0.6408234518334497,0.26162155420442496,0.4021034860195181,0.0005626830683421269,0.00025916582808613135,0.2613623883763388
sample_4947,L15-1014E-1375N_4056_2688_13,50176,0.17647879464285715,af67c0146b88614d6519a22f64ec21f3eba9aba7ceb0aa0be67612ff551e05d4,64990ea6addff6af93b8eace95fbcf586b8f19e678352f7776dc1bc87a88d58f,0.4688655366495294,0.2812067923774905,0.12625291144085707,0.3147185534430364,-0.7474941767890275,0.19624026853275714,0.31427305597435035,0.0004454976522515743,0.00018763199209661117,0.19605263654066052
sample_4948,L15-1848E-0793N_7394_5018_13,50176,0.0011160714285714285,daede069d703460dc1275e43c772caa2a215db963efcbfa2dc4eef610aab241d,64990ea6addff6af93b8eace95fbcf586b8f19e678352f7776dc1bc87a88d58f,0.062084311101229896,0.025910929733567054,0.053701965550521424,0.1326057816585588,-0.8925960702734178,0.08189823796147462,0.13216099728240943,0.00044478424897286694,9.01373424810683e-05,0.08180810061899355
sample_4949,L15-1748E-1247N_6993_3202_13,50176,0.008191167091836735,c442d5ff83ce79e4151e4c61222613c2501cf060699810b7dda105eacfa3aaa7,64990ea6addff6af93b8eace95fbcf586b8f19e678352f7776dc1bc87a88d58f,0.03354780969930188,0.01565228305581512,0.019089477356494765,0.05733183493417426,-0.9618210462479119,0.030978055092905767,0.056638663874850885,0.000693171149503495,9.477297680924614e-05,0.03088328211609652
sample_4950,L15-0544E-1228N_2176_3279_13,50176,0.1521045918367347,6e2ab5b63375d4fd6fe16ff11ec0ae4d196374f6cdcbceaf302f6ea1ce3285f7,64990ea6addff6af93b8eace95fbcf586b8f19e678352f7776dc1bc87a88d58f,0.5997437258521154,0.2717133661178633,0.0721376301015119,0.21791659989892342,-0.8557247396526783,0.1229408114086492,0.2167727959779932,0.0011438040122729275,0.00034679232118669346,0.12259401908746252
sample_4951,L15-0358E-1220N_1433_3310_13,50176,0.08254942602040816,993f918f7122021abbee972c619e11e7c397daf72c1233461c92b28e5f94d550,64990ea6addff6af93b8eace95fbcf586b8f19e678352f7776dc1bc87a88d58f,0.22382245139735915,0.13486872021130028,0.08774811312869875,0.21474205786619896,-0.8245037744790692,0.13445785105685432,0.213870206974559,0.0008718508076994801,0.0003755112877720425,0.1340823397690823
sample_4952,L15-1210E-1025N_4840_4088_13,50176,0.02401546556122449,b12ffc4f7721d1b9b413442d3488e1436951c77f841967ac1c9b5679a8367d56,64990ea6addff6af93b8eace95fbcf586b8f19e678352f7776dc1bc87a88d58f,0.0921065345962964,0.04210829167419183,0.02568138386740596,0.0810987012617622,-0.9486372334276305,0.04282439451239673,0.08018227802910732,0.0009164231821241305,0.000154663601938348,0.042669730910458385
sample_4953,L15-1276E-1107N_5105_3761_13,50176,0.009546396683673469,59a0eda78979febb3d702156e202ac25e31775f8bcdc07166c330509b70069a7,64990ea6addff6af93b8eace95fbcf586b8f19e678352f7776dc1bc87a88d58f,0.05283710070893768,0.01838238197110963,0.004264197157866949,0.01909534124244862,-0.9914716058334543,0.007466897544895479,0.01836725982935623,0.0007280814469537785,2.6657175148879337e-05,0.007440240369746599
sample_4954,L15-0358E-1220N_1433_3310_13,50176,0.06676498724489796,78e291bd2241c13bf692e928334896b6c6843cf1db80d1e1ece6a4c4de127a2f,64990ea6addff6af93b8eace95fbcf586b8f19e678352f7776dc1bc87a88d58f,0.19922078938035265,0.11554306861504114,0.08290049703601672,0.20385267514491143,-0.834199006545279,0.1263362517784725,0.2032902571949232,0.0005624179461384244,0.00021669846806615168,0.12611955331040633
sample_4955,L15-1748E-1247N_6993_3202_13,50176,0.013392857142857142,05aa16a849d77d7082a1124599e372bd0fa7374483fc5c7ce6bf55b6559ca69b,64990ea6addff6af93b8eace95fbcf586b8f19e678352f7776dc1bc87a88d58f,0.056786281475704165,0.029016551229113795,0.03505643586656649,0.09101234586116043,-0.9298871294150877,0.05371149895181103,0.09024345328924072,0.0007688925502456195,0.00010771310934385442,0.05360378584246716
sample_4956,L15-1748E-1247N_6993_3202_13,50176,0.001016422193877551,b15c44d77dcdd305c471ca75001b82cd1f9aa64345316764e3127499ddc6c725,64990ea6addff6af93b8eace95fbcf586b8f19e678352f7776dc1bc87a88d58f,0.007150349895572047,0.0020057992775413223,0.002654563497789964,0.014255502860903414,-0.9946908730135624,0.004942475776269715,0.013699448245498222,0.0005560546791205248,1.3156825713277218e-05,0.004929318950556438
sample_4957,L15-1748E-1247N_6993_3202_13,50176,0.009705835459183673,904ca584eaf4ca54f92a64cd38a1211a60a98120a037882cf6c5f2487a8cc3ed,64990ea6addff6af93b8eace95fbcf586b8f19e678352f7776dc1bc87a88d58f,0.0418863193728471,0.017947691729064717,0.011091000316141896,0.036596399457455485,-0.9778179998837538,0.01834159991211356,0.036131409995820776,0.00046498944451634394,3.1771929420688284e-05,0.018309827982692872
sample_4958,L15-0566E-1185N_2265_3451_13,50176,0.0004384566326530612,1706b9164e7060a4a2cd1520b965b41282ef99addb275a90aaabf6475522d5d2,64990ea6addff6af93b8eace95fbcf586b8f19e678352f7776dc1bc87a88d58f,0.0026287102603940516,0.0006846270279814312,0.0021138004899234034,0.01221618006909182,-0.9957723991390122,0.003886321420269286,0.011876195174645731,0.0003399849505266388,5.219969306481481e-06,0.0038811014509628036
sample_4959,L15-1138E-1216N_4553_3325_13,50176,0.062380420918367346,402f77d8db7db8ec0faca3574f956b636ac6b55ec5f133591b6cbcbe801c9267,64990ea6addff6af93b8eace95fbcf586b8f19e678352f7776dc1bc87a88d58f,0.21441135086006174,0.10855264518542516,0.05051749164466651,0.14111040285910387,-0.8989650175512304,0.08163300593554816,0.14021588442787478,0.0008945184350878366,0.00019932603882016507,0.08143367989672799
sample_4960,L15-0368E-1245N_1474_3210_13,50176,0.18526785714285715,dd9c75c9b969e1f55ab33b29a3a2dbd7ef229a1177f39e3f97e2d4fccf712e3b,64990ea6addff6af93b8eace95fbcf586b8f19e678352f7776dc1bc87a88d58f,0.5404176765589378,0.29617261803973105,0.16966289913695193,0.3846384775280863,-0.6606742016868641,0.24853904129680596,0.38345228466038483,0.001186192825050907,0.0005432885724869006,0.24799575272431906
sample_4961,L15-1748E-1247N_6993_3202_13,50176,0.005361128826530612,0805f537414a655f68d34d0a4f416425e2e042c6250f17b35db9b4fa7e429343,64990ea6addff6af93b8eace95fbcf586b8f19e678352f7776dc1bc87a88d58f,0.03480408211546769,0.015175231146228832,0.022377173674093292,0.06495316416127252,-0.9552456538170304,0.03584380858252182,0.06414821492010814,0.000804949317873943,8.20292988171325e-05,0.035761779283704685
sample_4962,L15-1848E-0793N_7394_5018_13,50176,0.04749282525510204,fd57df05f4c1f9a76a932f68775f87236e3ebc61aeaa4ae7cc1b7c9f5943a91d,64990ea6addff6af93b8eace95fbcf586b8f19e678352f7776dc1bc87a88d58f,0.13716726744035546,0.07841011353023038,0.050222292288244534,0.12822030745776905,-0.8995554168362256,0.07815183588558812,0.12774585311744427,0.0004744543143952689,0.00010193960138696695,0.07804989628420114
sample_4963,L15-1210E-1025N_4840_4088_13,50176,0.005719866071428571,5d22989ec7f3a614e48a12891579fb17234e0bdffb6dd4c711fca345329f38da,64990ea6addff6af93b8eace95fbcf586b8f19e678352f7776dc1bc87a88d58f,0.03557858517994391,0.013935325579411701,0.014037250978301982,0.04625801854261635,-0.9719254987655598,0.02361199758948551,0.04576402293951198,0.0004939956613942522,5.411794617271884e-05,0.023557879643312792
sample_4964,L15-1276E-1107N_5105_3761_13,50176,0.06584821428571429,9597c1dec98353bb25b108438f21bda9d9cb47b36488dd3f7400a60e0fc7f317,64990ea6addff6af93b8eace95fbcf586b8f19e678352f7776dc1bc87a88d58f,0.23332938737549502,0.11666042040921538,0.06488697786045698,0.16463750583523473,-0.8702260451837341,0.10123822167072714,0.16418198967610959,0.0004555162339198488,0.0001157579324273556,0.10112246373829978
sample_4965,L15-1389E-1284N_5557_3054_13,50176,0.0,daede069d703460dc1275e43c772caa2a215db963efcbfa2dc4eef610aab241d,64990ea6addff6af93b8eace95fbcf586b8f19e678352f7776dc1bc87a88d58f,0.0013992876304188035,5.6436691305383245e-06,0.0013978726929053664,0.010379603684927755,-0.9972042548811547,0.002790101716680195,0.010066204403917523,0.0003133991043791991,2.478433075446424e-06,0.0027876232836047477
sample_4966,L15-1276E-1107N_5105_3761_13,50176,0.017578125,2eeec79626ba58067e092e51e3540a5c898ec973d9523358af10167519be38af,64990ea6addff6af93b8eace95fbcf586b8f19e678352f7776dc1bc87a88d58f,0.08923298566904958,0.033747720924818383,0.0064851693519182045,0.02604612817054347,-0.9870296614769611,0.01172994624095077,0.025787351047150815,0.0002587770885087256,1.8380144611716574e-05,0.011711566096339054
sample_4967,L15-0368E-1245N_1474_3210_13,50176,0.20155054209183673,09a26ff9a24b9bfa35281f5ab86bd161d503bc3879238319c4be19dc1952a12c,64990ea6addff6af93b8eace95fbcf586b8f19e678352f7776dc1bc87a88d58f,0.5244526853858078,0.31509217884023694,0.1330196541919354,0.3288976409181186,-0.7339606913573827,0.20577010513458446,0.32783944226411066,0.0010581986615251081,0.00048427766655812686,0.2052858274680263
sample_4968,L15-1276E-1107N_5105_3761_13,50176,0.008669483418367346,0c89eeff13ad47ab2daa80d21e8bc00766726ab0d351b526ca69b532460e5f0e,64990ea6addff6af93b8eace95fbcf586b8f19e678352f7776dc1bc87a88d58f,0.0460454873377719,0.015946565619432886,0.002733913681479361,0.014321632499245757,-0.9945321727330351,0.004885412483845367,0.013866593508185811,0.00045503890968580797,8.821024907787735e-06,0.00487659145893758
sample_4969,L15-1748E-1247N_6993_3202_13,50176,0.0077128507653061226,80d19f5679f929b844dac7439d7fa30c1146336ba0dab61bd7fc0c57b67dd90b,64990ea6addff6af93b8eace95fbcf586b8f19e678352f7776dc1bc87a88d58f,0.030155926902453313,0.014544378460954119,0.013243728670130047,0.041034079606300504,-0.9735125432893872,0.021170781789388766,0.04045896027135288,0.0005751193215194237,4.740468362795991e-05,0.02112337710576081
sample_4970,L15-1276E-1107N_5105_3761_13,50176,0.011738679846938776,a9af190ced3656f1cbb1029f64fc4dea70d1710a1387d8a8879105707a22458e,64990ea6addff6af93b8eace95fbcf586b8f19e678352f7776dc1bc87a88d58f,0.06091130175518293,0.02229076983419954,0.00922762380309441,0.03356802755795359,-0.9815447534086852,0.015841797336422655,0.03323081201206725,0.0003372155048515105,2.8513183362822602e-05,0.015813284153059833
sample_4971,L15-1848E-0793N_7394_5018_13,50176,0.022899394132653062,daede069d703460dc1275e43c772caa2a215db963efcbfa2dc4eef610aab241d,64990ea6addff6af93b8eace95fbcf586b8f19e678352f7776dc1bc87a88d58f,0.0576014971112695,0.034761891966803876,0.025153801648174316,0.06283628650810148,-0.9496923979758033,0.036564440784068286,0.06252588675410528,0.0003103996222345244,4.787321119744798e-05,0.03651656757287085
sample_4972,L15-1210E-1025N_4840_4088_13,50176,0.0748764349489796,cd8ce1f7bff06663de9207f9b7adfc2e0ae8f3f8a0dcda7a875dbbf718a589ea,64990ea6addff6af93b8eace95fbcf586b8f19e678352f7776dc1bc87a88d58f,0.2524058758783717,0.13070749684528293,0.04884629601337092,0.14994235978212453,-0.9023074085693715,0.08367091539889203,0.14957079797048767,0.00037156173620231224,9.198091941362847e-05,0.08357893447947842
sample_4973,L15-0566E-1185N_2265_3451_13,50176,0.0033681441326530613,9b8c72e76203436b129ee280ad1f4016bfc3411a708b063d5f7600e61e662d37,64990ea6addff6af93b8eace95fbcf586b8f19e678352f7776dc1bc87a88d58f,0.017889453954128373,0.007058909436970753,0.00561640110598611,0.02336780745358422,-0.9887671978012752,0.009774644140455929,0.022427930818425968,0.0009398767303689937,3.4409832278109897e-05,0.009740234308177819
sample_4974,L15-1014E-1375N_4056_2688_13,50176,0.06839923469387756,d98e196100229314e6090d407b7e7ee710a92878f825012e94907122f7123145,64990ea6addff6af93b8eace95fbcf586b8f19e678352f7776dc1bc87a88d58f,0.20418389141045745,0.11246533179821944,0.06430592472493953,0.15481132905667228,-0.8713881516101454,0.09487694559485166,0.1542367617701631,0.0005745673525119004,0.00014670455655763504,0.09473024103829401
sample_4975,L15-0368E-1245N_1474_3210_13,50176,0.1853077168367347,e8d16cc4a8a0ba8eae6494ae9fdef4578e59c47a2977cc9ffee5d71a5cc441ce,64990ea6addff6af93b8eace95fbcf586b8f19e678352f7776dc1bc87a88d58f,0.5549182714389562,0.2989523562977022,0.15397360739155616,0.36183645462883474,-0.6920527851458946,0.230385516355326,0.361362524768283,0.00047392992951261704,0.000221603024719101,0.23016391333060685
sample_4976,L15-0358E-1220N_1433_3310_13,50176,0.08376514668367346,993f918f7122021abbee972c619e11e7c397daf72c1233461c92b28e5f94d550,64990ea6addff6af93b8eace95fbcf586b8f19e678352f7776dc1bc87a88d58f,0.22881199511294137,0.13807502419806197,0.09422126201181007,0.2261001170996529,-0.8115574766108931,0.1426795893435181,0.22568643006392244,0.00041368700109734144,0.0001655667047923431,0.14251402263872576
sample_4977,L15-1138E-1216N_4553_3325_13,50176,0.10413345025510204,927db7f45983666df4c0180796567eadc7a197c7fbd1c63def98143e4addb85b,64990ea6addff6af93b8eace95fbcf586b8f19e678352f7776dc1bc87a88d58f,0.31448894457265836,0.17695367398042877,0.0886578667773485,0.2405503725117762,-0.8226842663520352,0.14367466723004052,0.2397424141130664,0.000807958384782682,0.0003005368725639479,0.14337413035747656
sample_4978,L15-0544E-1228N_2176_3279_13,50176,0.1556122448979592,515f3ec72a04a910fe91c4453ea6534729020ef46a9470c74364a471e565304c,64990ea6addff6af93b8eace95fbcf586b8f19e678352f7776dc1bc87a88d58f,0.5001192053228741,0.2665879887265836,0.1198127972596439,0.3151754647996192,-0.7603744054780505,0.19120250022215993,0.31439777769920224,0.0007776871012007835,0.00031548758077250586,0.19088701264138744
sample_4979,L15-1748E-1247N_6993_3202_13,50176,0.008709343112244899,75205dab67e45881279bcaf9bc177c9256fa9a0560946274005043959fea2a15,64990ea6addff6af93b8eace95fbcf586b8f19e678352f7776dc1bc87a88d58f,0.03968751286269157,0.01700377278607182,0.012990725403699112,0.04382294649643128,-0.9740185496338952,0.022176790879795318,0.042928777161670706,0.0008941692916529866,6.974370179680277e-05,0.022107047177998513
sample_4980,L15-0358E-1220N_1433_3310_13,50176,0.009386957908163265,30e62081edeae72dd7382278f017fe5e1ede4b46049f70ddec9126898b7e76ed,64990ea6addff6af93b8eace95fbcf586b8f19e678352f7776dc1bc87a88d58f,0.04962949347932767,0.02357978781650787,0.026098813328236267,0.0701070464615869,-0.9478023747419735,0.040589337364486326,0.06967309617512735,0.0004339502901351997,6.649859774677121e-05,0.04052283876673956
sample_4981,L15-1014E-1375N_4056_2688_13,50176,0.064453125,00d01b904a2568fb4fff7e82e5bdffdacf38cb3a847dc31f665dd718a59a8b3f,64990ea6addff6af93b8eace95fbcf586b8f19e678352f7776dc1bc87a88d58f,0.19382110656380253,0.11142681351677405,0.07036052319358996,0.18442712373890896,-0.8592789544758593,0.11211892343580637,0.1836691846062266,0.0007579392342233357,0.00026532639743243606,0.11185359703837393
sample_4982,L15-0368E-1245N_1474_3210_13,50176,0.24141023596938777,91a371a3fd630aadab1e5502bfad1416c3dee4aeb8ad17c61e6bef56d2b2f88f,64990ea6addff6af93b8eace95fbcf586b8f19e678352f7776dc1bc87a88d58f,0.681089703668827,0.3780950441481742,0.1727412807985627,0.38226027736519197,-0.6545174383103975,0.2483024910737733,0.3816151258064591,0.0006451516579106462,0.00031248090565434505,0.24799001016811895
sample_4983,L15-1185E-0935N_4742_4450_13,50176,0.07196667729591837,3de67333e2d8e3388ae871be7579c3ac4dbbeaae3aa1bd501743cd6f64ba74b1,64990ea6addff6af93b8eace95fbcf586b8f19e678352f7776dc1bc87a88d58f,0.22798063159525364,0.12378622748486567,0.06184348139712321,0.17748866207130537,-0.876313037408721,0.10268827514375661,0.17710428714885199,0.00038437506059061093,0.0001335708963327016,0.1025547042474239
sample_4984,L15-1210E-1025N_4840_4088_13,50176,0.044224330357142856,e675dce1fb7b17fc5dfa34b1d104307db29b4bd9ee1818dd62fb5ef97ff150ce,64990ea6addff6af93b8eace95fbcf586b8f19e678352f7776dc1bc87a88d58f,0.13664384448657066,0.07341162193407058,0.03800647276957348,0.10495223608150647,-0.9239870555614915,0.060763010267070657,0.10435036325808286,0.0006018726834658461,0.00013130211073249495,0.06063170815633816
sample_4985,L15-1848E-0793N_7394_5018_13,50176,0.0,daede069d703460dc1275e43c772caa2a215db963efcbfa2dc4eef610aab241d,64990ea6addff6af93b8eace95fbcf586b8f19e678352f7776dc1bc87a88d58f,0.010095180039607533,0.002347889346774289,0.009418254831036059,0.0343240351717352,-0.9811634910608953,0.01648862031529783,0.03364124578841277,0.000682789447801918,6.165208528680053e-05,0.016426968230011028
sample_4986,L15-1389E-1284N_5557_3054_13,50176,0.0013352997448979591,20b85f93cecbb7ff683f7dd266e032daa5c614fe6af004fd5db1480b48a1860b,64990ea6addff6af93b8eace95fbcf586b8f19e678352f7776dc1bc87a88d58f,0.008159938434186036,0.0028336436939899678,0.003147733042596326,0.01413825463731385,-0.9937045340240775,0.005397097510225553,0.013883407014604093,0.00025484754454789906,9.169416969328612e-06,0.005387928093256222
sample_4987,L15-1748E-1247N_6993_3202_13,50176,0.014150191326530613,0a5c686a4fadee905c2782d34cd6c676baed5a11e6b99a8cc51bc7a9d7e924fa,64990ea6addff6af93b8eace95fbcf586b8f19e678352f7776dc1bc87a88d58f,0.04917368172382556,0.026047631597812333,0.023157123554669017,0.06394440627960797,-0.9536857539469965,0.03615890098733505,0.06324172279141052,0.0007026835438359444,8.228285657788967e-05,0.03607661813075717
sample_4988,L15-1848E-0793N_7394_5018_13,50176,0.0006178252551020409,daede069d703460dc1275e43c772caa2a215db963efcbfa2dc4eef610aab241d,64990ea6addff6af93b8eace95fbcf586b8f19e678352f7776dc1bc87a88d58f,0.04887801529774235,0.017659373962467157,0.043135843668560665,0.11531923300381419,-0.913728314359168,0.06910164429617349,0.11491902392998482,0.00040020902333441546,9.597726153182993e-05,0.06900566703464166
sample_4989,L15-1389E-1284N_5557_3054_13,50176,0.07318239795918367,2cf1de0ed397a568467dee32640f3bb63dc78aba4e3ce5ca615020e1964e5cea,64990ea6addff6af93b8eace95fbcf586b8f19e678352f7776dc1bc87a88d58f,0.20532847690962652,0.12251190864687603,0.06978785206340443,0.18282119587654186,-0.8604242969793658,0.11164662209185733,0.1824492224126344,0.0003719734112759996,0.00013467989595188144,0.11151194219590548
sample_4990,L15-0368E-1245N_1474_3210_13,50176,0.14508928571428573,8a71cc68dc15a0141f27b182e59de024ebeae58be73b9bbfbe94aa2400e89883,64990ea6addff6af93b8eace95fbcf586b8f19e678352f7776dc1bc87a88d58f,0.36910649585499816,0.22203089542172205,0.08087945161553632,0.20031204349367046,-0.8382410977200755,0.12508494119813748,0.1994646035485569,0.0008474399193875348,0.0003307627807301948,0.12475417841740728
sample_4991,L15-0368E-1245N_1474_3210_13,50176,0.23756377551020408,91a371a3fd630aadab1e5502bfad1416c3dee4aeb8ad17c61e6bef56d2b2f88f,64990ea6addff6af93b8eace95fbcf586b8f19e678352f7776dc1bc87a88d58f,0.6812126359807599,0.374222145761065,0.1578844236364417,0.361547019508997,-0.6842311527690939,0.2321101722128342,0.36113591010654833,0.0004111093701320491,0.00019608151246370238,0.23191409070037053
sample_4992,L15-1848E-0793N_7394_5018_13,50176,0.045798788265306124,daeae34d19a34358b371d036075eb570563a16b4b6451c09d83b1693f2454641,64990ea6addff6af93b8eace95fbcf586b8f19e678352f7776dc1bc87a88d58f,0.13486049031683245,0.07836767176152637,0.05786433507217931,0.14489187644300183,-0.8842713310973986,0.08905839433682558,0.14422031336282862,0.0006715630074462304,0.00014631244523306014,0.0889120818915925
sample_4993,L15-1748E-1247N_6993_3202_13,50176,0.005919164540816327,e0b28b48d0fa95bae0437d4cfd114b66a5c641426a55cb63ad6e50d641cd7ec4,64990ea6addff6af93b8eace95fbcf586b8f19e678352f7776dc1bc87a88d58f,0.036128367308322105,0.015313833854668127,0.017854019826069017,0.053376505955895964,-0.9642919612682703,0.028993658166976213,0.05299355393809406,0.000382951908012623,4.009419850697952e-05,0.028953563968469233
sample_4994,L15-0368E-1245N_1474_3210_13,50176,0.23361766581632654,f934ed4c0494635142905ca5e56cd1188b4ae5ac69da8e0c0740c2cb86120855,64990ea6addff6af93b8eace95fbcf586b8f19e678352f7776dc1bc87a88d58f,0.676350701486741,0.3716072250702766,0.146679333895825,0.34850595205880236,-0.7066413320262149,0.22099445493376094,0.34778148169326756,0.000724470481147033,0.00031963113094833905,0.2206748238028126
sample_4995,L15-1210E-1025N_4840_4088_13,50176,0.0036073022959183672,28f4b5265fc72703783860b70bb90f1970fc9af9fb89f3ca483772997e36f8fe,64990ea6addff6af93b8eace95fbcf586b8f19e678352f7776dc1bc87a88d58f,0.025770558553546312,0.009119722936946116,0.012145646973703133,0.04346047802156443,-0.9757087070692929,0.02123821070860733,0.04297676994619337,0.0004837079888915785,5.524395880810121e-05,0.021182966749799224
sample_4996,L15-1138E-1216N_4553_3325_13,50176,0.12039620535714286,d9d70f2f23110c7b839546b3551bd9d1327b4aba8e6123577bc13f4b7fc5973f,64990ea6addff6af93b8eace95fbcf586b8f19e678352f7776dc1bc87a88d58f,0.3614142810705164,0.2083309587566019,0.13474750672514568,0.3286325615489554,-0.7305049864831028,0.20549435874648875,0.32760826346843375,0.0010242981504472058,0.0004311275130043185,0.20506323123348444
sample_4997,L15-1138E-1216N_4553_3325_13,50176,0.06357621173469388,8bfecfa83098cf7483fbe0c91d7df588827833bdba45e96a0285578e26ec962e,64990ea6addff6af93b8eace95fbcf586b8f19e678352f7776dc1bc87a88d58f,0.26032043984631126,0.11545680506676352,0.032006080408476065,0.09426052629104203,-0.9359878403825334,0.05212207788275037,0.09377772592762142,0.0004828003422385213,8.937490724540595e-05,0.05203270297550497
sample_4998,L15-1014E-1375N_4056_2688_13,50176,0.17592075892857142,c0dd63260e5724a81102c7f02628c98f235c09e83cce794924e581c0b94278db,64990ea6addff6af93b8eace95fbcf586b8f19e678352f7776dc1bc87a88d58f,0.47718063763273744,0.2830010795972562,0.11924593412668957,0.30328885389177906,-0.7615081317574389,0.18735419306026832,0.30284088980860385,0.00044796406620697097,0.00017845362682892247,0.18717573943343946
sample_4999,L15-1014E-1375N_4056_2688_13,50176,0.1771564094387755,1a10179c5729a4e227de13c8d12e0f8c8e37481143700319d7de1b1fa31be60b,64990ea6addff6af93b8eace95fbcf586b8f19e678352f7776dc1bc87a88d58f,0.4874135225960159,0.2856664712825062,0.12012504005438782,0.310076120010582,-0.7597499198736586,0.1903275762179812,0.30944534817001274,0.000630771878448806,0.0002620871860304145,0.19006548903195072
sample_5000,L15-1748E-1247N_6993_3202_13,50176,0.0013751594387755102,6151bfd2392578824ed2981d3e73d02e4cb94ebbedff03525b250b192f386c40,64990ea6addff6af93b8eace95fbcf586b8f19e678352f7776dc1bc87a88d58f,0.008751425063385334,0.0031039573757209566,0.00619560725659094,0.023198297271123013,-0.9876087856532919,0.010297798261458461,0.0228299026475275,0.00036839461684769404,2.029565577626564e-05,0.010277502605682196
sample_5001,L15-1276E-1107N_5105_3761_13,50176,0.009546396683673469,f237d99cfc272602a1c3e148b679b755ccd3b4db2558d4aca7859ed0f33b1c3b,64990ea6addff6af93b8eace95fbcf586b8f19e678352f7776dc1bc87a88d58f,0.053000570126205196,0.018054265163851606,0.002450884229560592,0.013534909393276114,-0.9950982317339523,0.004482333510788753,0.013008140330256008,0.0005267689306064473,1.2234978738989477e-05,0.004470098532049764
sample_5002,L15-0368E-1245N_1474_3210_13,50176,0.20001594387755103,09a26ff9a24b9bfa35281f5ab86bd161d503bc3879238319c4be19dc1952a12c,64990ea6addff6af93b8eace95fbcf586b8f19e678352f7776dc1bc87a88d58f,0.5221051144704282,0.31376067862302687,0.12335350095028323,0.3158763311071455,-0.7532929976028883,0.19474087151166788,0.3148642246483529,0.0010121066408369573,0.00047069197116030113,0.1942701795405076
sample_5003,L15-0566E-1185N_2265_3451_13,50176,0.0,daede069d703460dc1275e43c772caa2a215db963efcbfa2dc4eef610aab241d,64990ea6addff6af93b8eace95fbcf586b8f19e678352f7776dc1bc87a88d58f,0.0015112207116081704,1.2380924916208547e-05,0.001508049078865395,0.010962293930074257,-0.9969839017509193,0.003003717232814581,0.010387539393837053,0.0005747546375463994,7.289569610350674e-06,0.0029964276632042305
sample_5004,L15-1138E-1216N_4553_3325_13,50176,0.12270806760204081,f5fe16fc10595648e34cce85ad25379382be5d44095d25e2e59db9e7c80ce33f,64990ea6addff6af93b8eace95fbcf586b8f19e678352f7776dc1bc87a88d58f,0.3558323154834111,0.20559903961843704,0.13271390619255335,0.32048276672956183,-0.7345721874259198,0.20079499823726096,0.31978742192241255,0.000695344848439884,0.000297953026946904,0.20049704521031408
sample_5005,L15-1276E-1107N_5105_3761_13,50176,0.015166613520408163,1b8a9d246a3a9ab2d99186a6a210b6be758f6bc856ec79e326700ef2ffce5f5b,64990ea6addff6af93b8eace95fbcf586b8f19e678352f7776dc1bc87a88d58f,0.07806196744710042,0.029220051986426007,0.007400365096127272,0.02901448078207737,-0.9851992699740999,0.013393267162741775,0.028795690354546162,0.00021879038660023415,1.6168942509834323e-05,0.013377098220231944
sample_5006,L15-1014E-1375N_4056_2688_13,50176,0.0713687818877551,8cc510d97eb2488d72a560b3afb87b33272ca3538772a8b2701623f19db080c3,64990ea6addff6af93b8eace95fbcf586b8f19e678352f7776dc1bc87a88d58f,0.20693711848378876,0.11591519877658807,0.07082814879463606,0.1721771925518434,-0.8583437032458504,0.10592223136792159,0.17186093760919421,0.00031625484665719273,9.887759842079e-05,0.10582335376950079
sample_5007,L15-0368E-1245N_1474_3210_13,50176,0.19128667091836735,42ef280738a3e8eeb4854f9fc802298185f5e8d303daa7cd0eedaf4726d340a6,64990ea6addff6af93b8eace95fbcf586b8f19e678352f7776dc1bc87a88d58f,0.5741202775794066,0.3052838348287134,0.14265149884158745,0.3460752521117757,-0.7146970021672857,0.21710464244111394,0.345287887514694,0.0007873646458928164,0.00035374640906340706,0.21675089603205058
sample_5008,L15-1389E-1284N_5557_3054_13,50176,0.01975047831632653,bade1c8aca4f3a46ad1d3b9f9f528ecfc84b98ff2d9ea93d345580da9832da1a,64990ea6addff6af93b8eace95fbcf586b8f19e678352f7776dc1bc87a88d58f,0.06314515604256037,0.03480294871216603,0.02461147181599458,0.06128675339874574,-0.9507770568058076,0.0371182683018973,0.06104124966275647,0.0002455037236385885,5.3285248393199905e-05,0.03706498305350411
sample_5009,L15-0544E-1228N_2176_3279_13,50176,0.18104272959183673,8a22ec6591ad77ef5cd0277e022618139976df413a206362e9f185b01c762533,64990ea6addff6af93b8eace95fbcf586b8f19e678352f7776dc1bc87a88d58f,0.5561926328743404,0.30413696927158324,0.10236543582215411,0.2759640176796713,-0.7952691282040362,0.16362999739882383,0.27508994120044544,0.0008740765185517455,0.0003129496296805069,0.16331704776914333
sample_5010,L15-0368E-1245N_1474_3210_13,50176,0.1820392219387755,6a214b8e273aa9464c1437e8c8655aebda376266790f9ae8334b06a855a992ee,64990ea6addff6af93b8eace95fbcf586b8f19e678352f7776dc1bc87a88d58f,0.532054849690452,0.2922742467512559,0.16315127292063505,0.3798671396401564,-0.6736974541285656,0.24373870301078335,0.37951922186715586,0.0003479177821826752,0.0001610041257283993,0.24357769888505498
sample_5011,L15-1185E-0935N_4742_4450_13,50176,0.14496970663265307,7040510f093de346fc8f9ccded724835cb6f36df710d0fe84918a86d0d3bb163,64990ea6addff6af93b8eace95fbcf586b8f19e678352f7776dc1bc87a88d58f,0.3938515750439613,0.23839092676108042,0.14861542003333797,0.3631422057103104,-0.702769159714668,0.2300664192014047,0.3626163292215773,0.000525876609347642,0.000255596530906485,0.22981082267049818
sample_5012,L15-0368E-1245N_1474_3210_13,50176,0.23929767219387754,1c0fd0c42b6366554b6aa282b80fde871d289b3657b5a0768249ce5b0cbe6180,64990ea6addff6af93b8eace95fbcf586b8f19e678352f7776dc1bc87a88d58f,0.6714292896303214,0.37602208484774213,0.15633675411025214,0.36261898264690373,-0.6873264918150478,0.2318146231083832,0.3620734184784948,0.0005455641148340825,0.00025343189210448586,0.23156119121627872
sample_5013,L15-1138E-1216N_4553_3325_13,50176,0.10680404974489796,c8c346e141fcbbb9a39558827860677e0b4795e50ac643e315adbb0663d30e3c,64990ea6addff6af93b8eace95fbcf586b8f19e678352f7776dc1bc87a88d58f,0.3159928348913166,0.18097935638434715,0.11571070994963223,0.2934590994013267,-0.7685785797133736,0.18086972954405953,0.2929285168730151,0.0005305827193858469,0.00021641832942749116,0.18065331121463202
sample_5014,L15-0544E-1228N_2176_3279_13,50176,0.18000637755102042,3864b6554db14b1d24bcdad6e689dc05808f8dc10ef8eeeb7100a3f7dde3948d,64990ea6addff6af93b8eace95fbcf586b8f19e678352f7776dc1bc87a88d58f,0.7372097315140106,0.30669561724682926,0.07136692917354558,0.18104310590821487,-0.8572661420170514,0.10825383871413603,0.18029030804063984,0.0007527977267579414,0.00018197929820913311,0.10807185941592692
sample_5015,L15-1276E-1107N_5105_3761_13,50176,0.008769132653061224,b7c2cf9c5438485a2d17190cc28fcf04188388b4ba3c8b1ab60b1886acad62d9,64990ea6addff6af93b8eace95fbcf586b8f19e678352f7776dc1bc87a88d58f,0.04394954389886087,0.015927756532215658,0.0028301144686375497,0.014234798937757092,-0.9943397711104562,0.005007463914599241,0.013877325916156475,0.00035747303815230377,9.850211885939149e-06,0.004997613702713302
sample_5016,L15-1848E-0793N_7394_5018_13,50176,0.020069355867346938,daede069d703460dc1275e43c772caa2a215db963efcbfa2dc4eef610aab241d,64990ea6addff6af93b8eace95fbcf586b8f19e678352f7776dc1bc87a88d58f,0.0557711704230454,0.03264784354894985,0.02477768710481801,0.0625561414598759,-0.9504446272829027,0.0362893567302527,0.062170431374344234,0.00038571004546815246,5.251308247221693e-05,0.03623684364778049
sample_5017,L15-0358E-1220N_1433_3310_13,50176,0.04563934948979592,70f285bda9245120d69c0c8fe06f55c2393768d6eae4992c015d29615f1cecc3,64990ea6addff6af93b8eace95fbcf586b8f19e678352f7776dc1bc87a88d58f,0.1522137509180634,0.08568216607510884,0.07174700784273635,0.17223137196457,-0.8565059854027618,0.1071631631509702,0.17176288828578712,0.0004684835424377265,0.0001364300292606604,0.10702673312170957
sample_5018,L15-1389E-1284N_5557_3054_13,50176,0.07399952168367346,ae78978381e80b4a163b1ffe42246f4fb9d38dafcdee51fc73c0ae6eaa7fb827,64990ea6addff6af93b8eace95fbcf586b8f19e678352f7776dc1bc87a88d58f,0.21052797097429124,0.12452553258598033,0.07531091686200389,0.18724365713832247,-0.8493781673395796,0.11650068280229652,0.1866151776860075,0.0006284796447078521,0.0002678614390946794,0.1162328213632018
sample_5019,L15-0544E-1228N_2176_3279_13,50176,0.15280213647959184,437b8fc23e774251feadae59d239a452e38ddc1b20234eb894adce167fba9a7d,64990ea6addff6af93b8eace95fbcf586b8f19e678352f7776dc1bc87a88d58f,0.6352320523250128,0.2779090610804876,0.05848390253365268,0.184623260361093,-0.883032194857474,0.10140372202505182,0.18377772024434316,0.0008455401153749809,0.00021334567388405892,0.10119037635116777
sample_5020,L15-1138E-1216N_4553_3325_13,50176,0.04081632653061224,16bac2c1b072b2f9c12ef37174054657ec4d1e632292862af6f76000b84f43fa,64990ea6addff6af93b8eace95fbcf586b8f19e678352f7776dc1bc87a88d58f,0.2240555294763322,0.07966319798933377,0.03402091174419703,0.1020556811270988,-0.9319581774452209,0.05631085157625468,0.10105209333366927,0.0010035877487028465,0.0001998115764992589,0.05611103999975541
sample_5021,L15-1748E-1247N_6993_3202_13,50176,0.015684789540816327,361d3c5476024eea0fcff57b850d6066296a954686bd470b405003be40eac3a4,64990ea6addff6af93b8eace95fbcf586b8f19e678352f7776dc1bc87a88d58f,0.05836851786589834,0.03106094603751541,0.029022381115913848,0.07579074778202169,-0.9419552389459349,0.044095382977923335,0.07525545533123282,0.0005352925412903777,8.547401551314586e-05,0.04400990896241019
sample_5022,L15-1185E-0935N_4742_4450_13,50176,0.06166294642857143,7354c12098c8851f8f4d707e037862aec5a5d67bc31417324af5c515832f7541,64990ea6addff6af93b8eace95fbcf586b8f19e678352f7776dc1bc87a88d58f,0.19114910883993105,0.1036249701383197,0.06703404741176423,0.17051717575038222,-0.8659319058968058,0.10250133415859879,0.1700792074774535,0.0004379681430224448,0.00012027568020186088,0.10238105847839692
sample_5023,L15-1014E-1375N_4056_2688_13,50176,0.06748246173469388,2b7947f6a6d3d44debe81478ffa745a80879c6a591d0aff0e61ea1cbc0fb5cbb,64990ea6addff6af93b8eace95fbcf586b8f19e678352f7776dc1bc87a88d58f,0.20151407802862198,0.11564063506579246,0.07586977652948806,0.19329976834063828,-0.8482604478596268,0.11878062265001102,0.19282947561123315,0.0004702926439624381,0.00017952764004256503,0.11860109500996849
sample_5024,L15-0358E-1220N_1433_3310_13,50176,0.06411431760204081,39eeab068c80b551b5323a175c2907f5eafba6205336249ceabc38f8c14085be,64990ea6addff6af93b8eace95fbcf586b8f19e678352f7776dc1bc87a88d58f,0.19732432081106432,0.10876280502460817,0.06276717819796153,0.1577647559761141,-0.8744656441806052,0.09675999128745158,0.15691442585491827,0.0008503301647024785,0.0002663024040274264,0.09649368888342413
sample_5025,L15-1185E-0935N_4742_4450_13,50176,0.06020806760204082,78e69a7f9bf9c732ccaf681795f58ce17f4a459e284116f6d4f8d7131b73f96e,64990ea6addff6af93b8eace95fbcf586b8f19e678352f7776dc1bc87a88d58f,0.209860586417181,0.1038746506901246,0.04520345661594361,0.128850349493388,-0.9095930876162422,0.0729114817364678,0.1275211731713771,0.00132917626737964,0.0002737472121191929,0.0726377345243486
sample_5026,L15-1389E-1284N_5557_3054_13,50176,0.0019331951530612245,20b85f93cecbb7ff683f7dd266e032daa5c614fe6af004fd5db1480b48a1860b,64990ea6addff6af93b8eace95fbcf586b8f19e678352f7776dc1bc87a88d58f,0.012576184024767125,0.0049814578651681965,0.0073696300803151515,0.024833796306176742,-0.985260740107931,0.011901839221069776,0.024577429708047042,0.00025636664446604623,1.4384065079440844e-05,0.011887455155990332
sample_5027,L15-0544E-1228N_2176_3279_13,50176,0.1776546556122449,6056fdac024de969a85dc8f2425cf2700003802ae9ad2783ad5f8c93e9b4e628,64990ea6addff6af93b8eace95fbcf586b8f19e678352f7776dc1bc87a88d58f,0.7991517844324586,0.32472195895380757,0.045667246307189366,0.13521605797404665,-0.9086655076434486,0.07423067062400873,0.1343954772844204,0.00082058071229792,0.0001707359182385296,0.0740599347057702
sample_5028,L15-1014E-1375N_4056_2688_13,50176,0.06722337372448979,f32e732beb708ce26593e2fcf25e0525643b72f959ef1d8a11bdf69bbb519603,64990ea6addff6af93b8eace95fbcf586b8f19e678352f7776dc1bc87a88d58f,0.20049835132243105,0.1106368508268624,0.0706923180129094,0.16901368579933634,-0.8586153649254423,0.10422581878343191,0.1685781212784785,0.0004355644277525233,0.00012343282968272406,0.1041023859537492
sample_5029,L15-1276E-1107N_5105_3761_13,50176,0.06818000637755102,9c35a5afb4b204c8c7c6236f786923f731fbe44faa6a70a1c63af48995e7dc2e,64990ea6addff6af93b8eace95fbcf586b8f19e678352f7776dc1bc87a88d58f,0.22867311765503792,0.11913505359347187,0.06089922045571349,0.17261067891434034,-0.8782015596242521,0.10106350879799902,0.17186327972902202,0.0007473992417828668,0.0002105293055063271,0.1008529794924927
sample_5030,L15-0358E-1220N_1433_3310_13,50176,0.0823501275510204,993f918f7122021abbee972c619e11e7c397daf72c1233461c92b28e5f94d550,64990ea6addff6af93b8eace95fbcf586b8f19e678352f7776dc1bc87a88d58f,0.22728733538713608,0.13686806747258523,0.08913453736185685,0.22215936477093173,-0.8217309257645637,0.13817009803998873,0.22136641910831575,0.0007929456922649235,0.00034148634173045427,0.13782861169825827
sample_5031,L15-1185E-0935N_4742_4450_13,50176,0.1455676020408163,c335a267331ff8a4178de662e6329295619d064b5fc2bdcfaa57d0885eb3cf61,64990ea6addff6af93b8eace95fbcf586b8f19e678352f7776dc1bc87a88d58f,0.40578451048687003,0.24449992471516735,0.1299765617052112,0.33669377925600696,-0.7400468763527759,0.20785320082839776,0.3361850597511875,0.0005087196162565434,0.00020374305043599982,0.20764945777796173
sample_5032,L15-0358E-1220N_1433_3310_13,50176,0.04685507015306122,a78c190d22c26a8f3fc9e4c93749a36de1739994cc2db5faecb2782883418dd8,64990ea6addff6af93b8eace95fbcf586b8f19e678352f7776dc1bc87a88d58f,0.15280277248577526,0.08409500131778322,0.06450467478194065,0.15513883548774024,-0.8709906514540425,0.09597680613260806,0.15466704323221891,0.00047179225656948935,0.0001603025186601667,0.09581650361394789
sample_5033,L15-0358E-1220N_1433_3310_13,50176,0.022700095663265307,c6d004a6f31fcfaa197ec31b2a3c3fe6c028f2c79bcd12d24c18c4a4123efe27,64990ea6addff6af93b8eace95fbcf586b8f19e678352f7776dc1bc87a88d58f,0.08832655854284643,0.048204984304334876,0.04814047283939637,0.11221183772557412,-0.9037190558173291,0.06983714878115393,0.1119596862246445,0.0002521514478868102,5.9926384190128396e-05,0.06977722239696382
sample_5034,L15-1185E-0935N_4742_4450_13,50176,0.05911192602040816,15b1038407c3b38ddee09dd61d374eb9d4457d7701152361d2d6a8a65b8253d7,64990ea6addff6af93b8eace95fbcf586b8f19e678352f7776dc1bc87a88d58f,0.2136720756218079,0.10301103956321078,0.04402688561050145,0.1254126912539565,-0.911946229959759,0.07125227100710001,0.12466114959916848,0.0007515414878378547,0.00016048120989149904,0.07109178979720851
sample_5035,L15-1210E-1025N_4840_4088_13,50176,0.05994897959183673,1e59025b0e3d5e1a658d290ff8c8267b7ef67793effae7d7a846e3844d10ab87,64990ea6addff6af93b8eace95fbcf586b8f19e678352f7776dc1bc87a88d58f,0.17074030842726703,0.09609799173990535,0.04376299714560297,0.12093938554811885,-0.9124740068506126,0.0699850203282545,0.12036989456656891,0.0005694908404666715,0.00013158983443171116,0.06985343049382278
sample_5036,L15-1389E-1284N_5557_3054_13,50176,0.07521524234693877,5003c41e614752912b7d0ebe32fc0373dcce0cef03627020e720c08791df07b7,64990ea6addff6af93b8eace95fbcf586b8f19e678352f7776dc1bc87a88d58f,0.21249812399687834,0.12721282618779228,0.08702377273762903,0.2079686668138275,-0.825952455862207,0.13195044590413274,0.20693130151628863,0.0010373653422032882,0.00044477452370983987,0.1315056713804229
sample_5037,L15-1748E-1247N_6993_3202_13,50176,0.000896843112244898,8daf05172d2a1e9d9040274604059e0f5864e4bd4a436cfba6947e7340d3e376,64990ea6addff6af93b8eace95fbcf586b8f19e678352f7776dc1bc87a88d58f,0.005830381378284645,0.0017337297219205264,0.00400652061097742,0.018049890265163942,-0.9919869591108834,0.007190178682749673,0.01780087646519418,0.0002490138135417507,1.1162640286194875e-05,0.007179016042463478
sample_5038,L15-1848E-0793N_7394_5018_13,50176,0.0008569834183673469,daede069d703460dc1275e43c772caa2a215db963efcbfa2dc4eef610aab241d,64990ea6addff6af93b8eace95fbcf586b8f19e678352f7776dc1bc87a88d58f,0.06570817758332391,0.026715819229788256,0.05713778531787043,0.14339119868406158,-0.8857244308562496,0.08800520078625174,0.14196044612909176,0.001430752428218813,0.0001930608905098742,0.08781213989574183
sample_5039,L15-0566E-1185N_2265_3451_13,50176,0.0,daede069d703460dc1275e43c772caa2a215db963efcbfa2dc4eef610aab241d,64990ea6addff6af93b8eace95fbcf586b8f19e678352f7776dc1bc87a88d58f,0.00413043329729832,0.0007886874788856639,0.0038947071951376845,0.01767505928981889,-0.9922105856045845,0.007000726911389705,0.01730379349488971,0.0003712658762364002,1.0631871217250144e-05,0.006990095040172455
sample_5040,L15-1389E-1284N_5557_3054_13,50176,0.01385124362244898,d4669ea5fcf6e12bda6c602c16c67017969c4f5d442bbe732584fa9d05b79cc6,64990ea6addff6af93b8eace95fbcf586b8f19e678352f7776dc1bc87a88d58f,0.043649463063335704,0.024397663818868705,0.018477399769353166,0.04930238728159741,-0.9630452008643834,0.028702921227703505,0.0490825346013682,0.0002198527308649275,2.7181987197740112e-05,0.028675739240505767
sample_5041,L15-0544E-1228N_2176_3279_13,50176,0.14196029974489796,dec7ad43d0d7a130932675b62bd83fa139e813f65b769b29674eccb766022776,64990ea6addff6af93b8eace95fbcf586b8f19e678352f7776dc1bc87a88d58f,0.4136261683230074,0.2367161759898783,0.11642960817505586,0.3081447391332665,-0.7671407835265527,0.18607570012447436,0.3074307313686374,0.0007140078011631048,0.00026238365847805755,0.18581331646599633
sample_5042,L15-1389E-1284N_5557_3054_13,50176,0.07407924107142858,0b9c8cb40160b27bd09b3a4a2afe1e72fb01e4bb6ce2aef02b452ad00ebe8683,64990ea6addff6af93b8eace95fbcf586b8f19e678352f7776dc1bc87a88d58f,0.21106193694148886,0.1244550339319981,0.06148012667034315,0.1667829233458464,-0.8770397471539917,0.10013968325647661,0.1663152958000326,0.00046762760763233326,0.0001587979288015521,0.09998088532767506
sample_5043,L15-1748E-1247N_6993_3202_13,50176,0.009905133928571428,b3595293d496d1104982a7f663c0833584fd2d1d317f871428ac2baad6e5d973,64990ea6addff6af93b8eace95fbcf586b8f19e678352f7776dc1bc87a88d58f,0.039852915566084744,0.01880160430197044,0.01917458496446132,0.057226225867154826,-0.9616508308053136,0.03132897704581311,0.0568694088541625,0.0003568170229932243,5.0240475622091665e-05,0.03127873657019102
sample_5044,L15-1138E-1216N_4553_3325_13,50176,0.042649872448979595,1de2016ef3846322c8766eabadca2104a2fddd38c4a04620aa65d0f3e9a781b8,64990ea6addff6af93b8eace95fbcf586b8f19e678352f7776dc1bc87a88d58f,0.21995387323359528,0.08505085664929021,0.03825702467382106,0.11144297236059475,-0.9234859515663723,0.06269714756892851,0.11094187336063134,0.0005010989828193104,0.00010050362988612512,0.06259664393904239
sample_5045,L15-0544E-1228N_2176_3279_13,50176,0.18271683673469388,d3894b511f981f96eb46052499a3ec3c7b633692b50bf8d05b7a897a09234ae2,64990ea6addff6af93b8eace95fbcf586b8f19e678352f7776dc1bc87a88d58f,0.5762476717745663,0.3095147345569811,0.09520902720455802,0.2606578721071353,-0.8095819455215238,0.15349012101588283,0.25972693304086103,0.0009309390938226173,0.0003100944397329443,0.15318002657614993
sample_5046,L15-1389E-1284N_5557_3054_13,50176,0.07368064413265306,ec5e91c6d27a0b736d91c511ae8f281c94342a10b9b4efd87ce8314cad30d979,64990ea6addff6af93b8eace95fbcf586b8f19e678352f7776dc1bc87a88d58f,0.2091692850492787,0.12390708603545335,0.07847294094259566,0.19983490787062838,-0.843054119720956,0.12408187257314261,0.1994303558644366,0.0004045519767934875,0.00018969435406573698,0.12389217821907687
sample_5047,L15-1014E-1375N_4056_2688_13,50176,0.13751594387755103,6069c19b6a6a7a41b0962e4113879af6d706079aae9550b606023a12ee0e4692,64990ea6addff6af93b8eace95fbcf586b8f19e678352f7776dc1bc87a88d58f,0.3533313920375325,0.21963125650262483,0.1086531235558475,0.2738568345461698,-0.7826937531192995,0.1708569445474987,0.27337978235064264,0.0004770521201228487,0.00020224162300028228,0.1706547029244984
sample_5048,L15-0544E-1228N_2176_3279_13,50176,0.15467554209183673,6e2ab5b63375d4fd6fe16ff11ec0ae4d196374f6cdcbceaf302f6ea1ce3285f7,64990ea6addff6af93b8eace95fbcf586b8f19e678352f7776dc1bc87a88d58f,0.5214504704129133,0.2666270421202452,0.11771544361634333,0.312932342039508,-0.7645691127756321,0.1892735599167948,0.31134307332181566,0.0015892686804213885,0.0006475571530659538,0.18862600276372882
sample_5049,L15-1210E-1025N_4840_4088_13,50176,0.03513632015306122,1345a9bd62c284c85a03e81fbff101c84d8f8ea290df233979d8e2576176f485,64990ea6addff6af93b8eace95fbcf586b8f19e678352f7776dc1bc87a88d58f,0.11100125114153951,0.0606831565972815,0.03747466356940187,0.11660469326470768,-0.9250506737675385,0.06434565036785644,0.11614968992412436,0.0004550034942496687,7.241846818163311e-05,0.0642732318996748
sample_5050,L15-1138E-1216N_4553_3325_13,50176,0.061802455357142856,54fe3dba974ef46ff8441700ca15fb88f3ed61fcd54923d1fae237262c2a007e,64990ea6addff6af93b8eace95fbcf586b8f19e678352f7776dc1bc87a88d58f,0.218728510768729,0.10819561417545738,0.05103719144660447,0.14323660193410032,-0.8979256179718434,0.08274788197967962,0.14267988030061707,0.0005567215862807477,0.00013650241090000368,0.08261137956877962
sample_5051,L15-1185E-0935N_4742_4450_13,50176,0.1453483737244898,42c0b90cd0ceba6eab98e6e2d36fd4899c03b1b4c425ba274e46a593159f2ae3,64990ea6addff6af93b8eace95fbcf586b8f19e678352f7776dc1bc87a88d58f,0.39847067075074755,0.2415081425979441,0.13791102093136015,0.35276635322143163,-0.724177958023397,0.2193358588102477,0.35220170317046945,0.0005646501342376579,0.0002490258883649616,0.2190868329218827
sample_5052,L15-1185E-0935N_4742_4450_13,50176,0.058514030612244895,ed4aa420a151a0ebe9e4bb2a949ec7bcb1d6aadb6bc5276ce60e39b68f5cb732,64990ea6addff6af93b8eace95fbcf586b8f19e678352f7776dc1bc87a88d58f,0.21142685922892732,0.10208785241476426,0.04567390973727238,0.12780950453242998,-0.9086521813259841,0.07329713346537052,0.12738475751099626,0.0004247470864647727,9.374538325740676e-05,0.0732033880821131
sample_5053,L15-0566E-1185N_2265_3451_13,50176,0.029276945153061226,7298d84a4a6bafec693fa1278970a83ad19954a8c8d9b7437c9c22142dede722,64990ea6addff6af93b8eace95fbcf586b8f19e678352f7776dc1bc87a88d58f,0.09352850602073057,0.05077443540257453,0.027119627355464866,0.07352215796176718,-0.9457607465004765,0.042809927925832665,0.07324495347774468,0.0002772045653446081,4.620670026674493e-05,0.04276372122556591
sample_5054,L15-0544E-1228N_2176_3279_13,50176,0.14213966836734693,705aecdcea36f274a9497b124bdf5b472bba56a89253f8715faebe656d4662c2,64990ea6addff6af93b8eace95fbcf586b8f19e678352f7776dc1bc87a88d58f,0.5048408765945974,0.24721588293795263,0.07629623658342134,0.21595556506021407,-0.8474075269168411,0.12481381183562804,0.21494509887539856,0.0010104661109824361,0.0002639168693066784,0.12454989496632135
sample_5055,L15-0566E-1185N_2265_3451_13,50176,0.004025829081632653,fb12bfb84b93437228f47f8f1d2fbf59d4792b6885a04542542f658d39d77b93,64990ea6addff6af93b8eace95fbcf586b8f19e678352f7776dc1bc87a88d58f,0.016576846989295922,0.007545375922412755,0.004394976880724485,0.018885564738679517,-0.9912100462622055,0.007795888774751388,0.01844015001028843,0.0004454147329739151,2.0975392196021873e-05,0.007774913382555366
sample_5056,L15-1014E-1375N_4056_2688_13,50176,0.06991390306122448,23f27b46ae1ac7647578e8545878580fc39ae0a7267f05d116f2a871cb577187,64990ea6addff6af93b8eace95fbcf586b8f19e678352f7776dc1bc87a88d58f,0.2086381131761082,0.12154160789096304,0.08892863002909841,0.21191368463688087,-0.8221427407402089,0.1343217106617607,0.21158315893925692,0.00033052572845732373,0.00012014123107767464,0.13420156943068304
sample_5057,L15-0358E-1220N_1433_3310_13,50176,0.06816007653061225,95556ca5947d74cfc4859bf0bb8912fc26808447c6159e841c433bb4f780b538,64990ea6addff6af93b8eace95fbcf586b8f19e678352f7776dc1bc87a88d58f,0.2008451786880254,0.11790301144548844,0.08592087277852721,0.20811824692850797,-0.8281582551548089,0.1296691227052069,0.20761372311651533,0.0005045236754247891,0.00018245746273865386,0.1294866652424682
sample_5058,L15-1748E-1247N_6993_3202_13,50176,0.0015146683673469387,6151bfd2392578824ed2981d3e73d02e4cb94ebbedff03525b250b192f386c40,64990ea6addff6af93b8eace95fbcf586b8f19e678352f7776dc1bc87a88d58f,0.008680052530683534,0.0030888574124668276,0.005655620516781524,0.02177085942396317,-0.9886887595119304,0.009515489429779393,0.021479631979010306,0.00029122743326728535,1.575166083466137e-05,0.009499737768944734
sample_5059,L15-0358E-1220N_1433_3310_13,50176,0.07083067602040816,8e50cccfb0fb3791d071da4d60a6b768bc7c5e400c838d2ac271d92af4dbb655,64990ea6addff6af93b8eace95fbcf586b8f19e678352f7776dc1bc87a88d58f,0.19238361524254952,0.11622169301506578,0.07683649654286362,0.1852898679496271,-0.846327007708315,0.11644865437370454,0.18461977517873127,0.0006700928369756999,0.00025052703781709826,0.11619812733588741
sample_5060,L15-0544E-1228N_2176_3279_13,50176,0.17637914540816327,b648d2ed014f4ae3ae82c276e4e17870f400b6469f130ce08bcad01355b3d007,64990ea6addff6af93b8eace95fbcf586b8f19e678352f7776dc1bc87a88d58f,0.5600346932134641,0.3014470222960073,0.09007413918390034,0.2531766924617019,-0.8198517215148835,0.1472859442556141,0.25233519076402927,0.0008415016652789542,0.00022641941692257158,0.14705952483869153
sample_5061,L15-0544E-1228N_2176_3279_13,50176,0.18048469387755103,29d7254c70d66bdcb5eacc699e26fc5eb9124ed9ec61edef01369b8dd80f5329,64990ea6addff6af93b8eace95fbcf586b8f19e678352f7776dc1bc87a88d58f,0.5970760961443706,0.31182440338986317,0.08756203387806914,0.24467778897456235,-0.8248759320521608,0.14209862737223797,0.2439535645071803,0.0007242245996637303,0.00023790179438139906,0.14186072557785656
sample_5062,L15-1748E-1247N_6993_3202_13,50176,0.005520567602040816,7b5fd6929a745588e13560101fa9e2883831ecf7a2795f66ff35d6e7bc1c37ae,64990ea6addff6af93b8eace95fbcf586b8f19e678352f7776dc1bc87a88d58f,0.032180973272232585,0.014197251661689461,0.019807023718496974,0.05771072627744153,-0.9603859537804954,0.03181416371196575,0.05740265624316106,0.00030807004343996633,4.025018769268776e-05,0.03177391352427306
sample_5063,L15-1848E-0793N_7394_5018_13,50176,0.02391581632653061,54d9665689257df1e37d9116171c490c0e46b1e708238838ac139b6063a12ac6,64990ea6addff6af93b8eace95fbcf586b8f19e678352f7776dc1bc87a88d58f,0.09229182108538082,0.04798319450702696,0.04458081592895965,0.11574005417113754,-0.9108383695224981,0.07007777783047175,0.11537422764878465,0.00036582645333845855,8.764531413831485e-05,0.06999013251633343
sample_5064,L15-1185E-0935N_4742_4450_13,50176,0.06732302295918367,4ebc59fd50213163223330ff016dce6de65cf134cc37cced807535ace23197cb,64990ea6addff6af93b8eace95fbcf586b8f19e678352f7776dc1bc87a88d58f,0.20870090913233905,0.11330921684542336,0.061182351854192664,0.1672733227247345,-0.8776352968044256,0.09773766818447349,0.16663705308995974,0.0006362696911947508,0.0001767188008046726,0.09756094938366883
sample_5065,L15-1848E-0793N_7394_5018_13,50176,0.043626434948979595,fe71589edc6f6ffb1be508a9a991368bf6c1a8f3b16e4f3258be7bb9fecf6dec,64990ea6addff6af93b8eace95fbcf586b8f19e678352f7776dc1bc87a88d58f,0.12744549112142994,0.07403379979064864,0.053026199720951975,0.13471653953560328,-0.8939476017431952,0.08237204532375514,0.1341936515190717,0.0005228879899842988,0.00012030409922738147,0.08225174122452775
sample_5066,L15-1848E-0793N_7394_5018_13,50176,5.978954081632653e-05,a3f4aec7b0054265f83404a6d96b49ed44efc2220960fd6c82087a67e2399fd2,64990ea6addff6af93b8eace95fbcf586b8f19e678352f7776dc1bc87a88d58f,0.014697916080283363,0.004833650324908065,0.013113193365992332,0.040374792632884016,-0.9737736138587719,0.021494487732225526,0.03998226390188726,0.00039252863009996397,3.400731830366062e-05,0.021460480413921863
sample_5067,L15-1185E-0935N_4742_4450_13,50176,0.14857700892857142,19cf76a9c76dab7fcc69990cfbdcf2764e55168beadc350708959ad0fffbddc3,64990ea6addff6af93b8eace95fbcf586b8f19e678352f7776dc1bc87a88d58f,0.41762973136772485,0.2489297226267481,0.12147621064903025,0.3235633608193369,-0.7570475784755293,0.1974982199693724,0.32293450056933387,0.0006288604007294859,0.0002605872450845663,0.19723763272428785
sample_5068,L15-0544E-1228N_2176_3279_13,50176,0.17633928571428573,6056fdac024de969a85dc8f2425cf2700003802ae9ad2783ad5f8c93e9b4e628,64990ea6addff6af93b8eace95fbcf586b8f19e678352f7776dc1bc87a88d58f,0.6843485348994354,0.31211203318740915,0.062396209393580426,0.18459302159488009,-0.875207581131434,0.1035244056274499,0.18397407795923199,0.0006189437534293887,0.0001687000640660593,0.10335570556338383
sample_5069,L15-1848E-0793N_7394_5018_13,50176,0.00025908801020408165,daede069d703460dc1275e43c772caa2a215db963efcbfa2dc4eef610aab241d,64990ea6addff6af93b8eace95fbcf586b8f19e678352f7776dc1bc87a88d58f,0.006925233096630085,0.0020136621310644916,0.0062642527841582744,0.02359696422987184,-0.9874714944221433,0.0105442171303039,0.02309351109688601,0.0005034532259687523,3.150911510814386e-05,0.010512708015195757
sample_5070,L15-0368E-1245N_1474_3210_13,50176,0.20455994897959184,f21990bf33932a74d1d2c8cd6aaf883ec192b2328346eb65a5563937aa8798e8,64990ea6addff6af93b8eace95fbcf586b8f19e678352f7776dc1bc87a88d58f,0.5343483533032686,0.31787094309685954,0.1381258167248048,0.33531481977257,-0.7237483662565004,0.21105131902686014,0.33461245574235426,0.0007023641691280112,0.0003274736283201074,0.21072384539854003
sample_5071,L15-1185E-0935N_4742_4450_13,50176,0.05755739795918367,fd0d506a27d77e3f12ad89b49aa1985da09e407e2b455a7ed38948452343c78a,64990ea6addff6af93b8eace95fbcf586b8f19e678352f7776dc1bc87a88d58f,0.19671266041763447,0.10086170760041954,0.0524544975249933,0.14382611472410992,-0.8950910057337524,0.08352375533916129,0.14316616605629462,0.0006599486844473801,0.00015833290227220903,0.08336542243688912
sample_5072,L15-1389E-1284N_5557_3054_13,50176,0.014309630102040817,7049d148f28975f0dff07bf5d12adedf3f532eddb517e1ee0af999cc239c5997,64990ea6addff6af93b8eace95fbcf586b8f19e678352f7776dc1bc87a88d58f,0.0449342071213876,0.024980618470080453,0.017503677744998083,0.04855979084864355,-0.9649926445711865,0.027628826917934956,0.0481763455076018,0.0003834454032670392,6.239200195858666e-05,0.02756643491597637
sample_5073,L15-1848E-0793N_7394_5018_13,50176,0.003985969387755102,536fbe64aa14edb7229a7bbd5fbf546ba5159c7510eec605015c8a4e05a4d834,64990ea6addff6af93b8eace95fbcf586b8f19e678352f7776dc1bc87a88d58f,0.019685706406950637,0.007918989810491814,0.004132998180670702,0.017185690335534406,-0.9917340035946243,0.0071739061841874325,0.01692696987948364,0.00025872049031135867,1.541259226707444e-05,0.0071584935919203575
sample_5074,L15-1210E-1025N_4840_4088_13,50176,0.018933354591836735,6d636f95515e25bc17ed95ea70498e85e1a2bb4291604e035a7c1f7b9c99690e,64990ea6addff6af93b8eace95fbcf586b8f19e678352f7776dc1bc87a88d58f,0.0701582468806277,0.03227256617611477,0.020228943397880207,0.06442633893094074,-0.959542114380319,0.03355979269376407,0.06375441181394244,0.0006719270251015146,8.863924613123152e-05,0.033471153447632844
sample_5075,L15-1210E-1025N_4840_4088_13,50176,0.06722337372448979,82d532b492581f72d4132a9688dd7e4c955d132521f859a9f9bd05efcaae7cd5,64990ea6addff6af93b8eace95fbcf586b8f19e678352f7776dc1bc87a88d58f,0.2090527522577189,0.10871151185155085,0.036367897374308386,0.10096656952886168,-0.9272642062812961,0.057811514804126905,0.10060599516081044,0.0003605743841801034,6.986822896219671e-05,0.0577416465751647
sample_5076,L15-1138E-1216N_4553_3325_13,50176,0.10227997448979592,2836b4daa2df87fc03c1e6b622cdf36a2ae255c9fbd22cd2bfbb1621308a9f53,64990ea6addff6af93b8eace95fbcf586b8f19e678352f7776dc1bc87a88d58f,0.30140780446772425,0.173084481498927,0.1018421760408626,0.26497472013926365,-0.796315647696938,0.16146855432948348,0.26356970477080344,0.0014050156160105435,0.0005864209591096973,0.16088213337037377
sample_5077,L15-1276E-1107N_5105_3761_13,50176,0.05905213647959184,401962528acc0eb380e7c4ef5d0b42f48d33272219b7f503d9dddff90371c6e3,64990ea6addff6af93b8eace95fbcf586b8f19e678352f7776dc1bc87a88d58f,0.20359108868581777,0.10315862738436399,0.053764748234986046,0.1488318312593209,-0.8924705046186249,0.08799731501789776,0.14840789431311946,0.00042393693017345137,9.145679648802544e-05,0.08790585822140974
sample_5078,L15-1848E-0793N_7394_5018_13,50176,0.003308354591836735,ab8acae8747c3a0871a0a7485dd1b93f80b3595fce549e12fa0c7b8cf345efe4,64990ea6addff6af93b8eace95fbcf586b8f19e678352f7776dc1bc87a88d58f,0.018506211198847045,0.007730846459087888,0.011233259247834509,0.037066841838155014,-0.9775334820680707,0.019204883629156635,0.03684135263678021,0.00022548902788140175,2.4143613946752695e-05,0.019180740015209884
sample_5079,L15-0544E-1228N_2176_3279_13,50176,0.1534797512755102,c2d135c69e88595b0e4919c5efd803df609085f6832f6725a94b6131266049fe,64990ea6addff6af93b8eace95fbcf586b8f19e678352f7776dc1bc87a88d58f,0.5807813946557943,0.27336117783878733,0.08425594559438261,0.2417595153266544,-0.831488108764933,0.13994300344416474,0.2405402983616998,0.0012192170043380526,0.00037563072942788686,0.13956737271473688
sample_5080,L15-1748E-1247N_6993_3202_13,50176,0.007912149234693877,c7f713957f1fe3010d19510a57493ef70963fb3628ce5ad729bc10daeb325d65,64990ea6addff6af93b8eace95fbcf586b8f19e678352f7776dc1bc87a88d58f,0.035400822360790146,0.016195381011140157,0.01859697301596479,0.055138664602418924,-0.9628060548104326,0.029935488831325074,0.05475918076545345,0.00037948378891394796,4.0981492525299746e-05,0.02989450733879978
sample_5081,L15-0544E-1228N_2176_3279_13,50176,0.14494977678571427,d89af1a13b668857cddcbf42527b7f1d0e3dd329b5507695004207a08a857e9e,64990ea6addff6af93b8eace95fbcf586b8f19e678352f7776dc1bc87a88d58f,0.42869388368306793,0.24145671090505635,0.11316285850670264,0.2972890437834635,-0.7736742828269074,0.17915645952125525,0.2966820502287236,0.0006069936470841898,0.00021986089013546634,0.1789365986311198
sample_5082,L15-0544E-1228N_2176_3279_13,50176,0.15485491071428573,83de72ac86eeec43772212a801816c3328915ea4dd1e4aa32cc404d472291a15,64990ea6addff6af93b8eace95fbcf586b8f19e678352f7776dc1bc87a88d58f,0.49561460486122394,0.2669966837664566,0.11915303241314214,0.3153362205202967,-0.7616939351974464,0.19124343403460667,0.31430381533767354,0.0010324051043035466,0.00042514984458469373,0.19081828419002195
sample_5083,L15-1210E-1025N_4840_4088_13,50176,0.004902742346938775,a75ce6c0c49c63948d0919855ff86985379187dd0e7345ffa67c9caaae0ba601,64990ea6addff6af93b8eace95fbcf586b8f19e678352f7776dc1bc87a88d58f,0.025632945209647137,0.009522323918988447,0.006656206759377097,0.028844239450430645,-0.9866875866468884,0.012098667115296197,0.027985790603935936,0.0008584488306650495,5.607944986488803e-05,0.01204258766543131
sample_5084,L15-1389E-1284N_5557_3054_13,50176,0.0,daede069d703460dc1275e43c772caa2a215db963efcbfa2dc4eef610aab241d,64990ea6addff6af93b8eace95fbcf586b8f19e678352f7776dc1bc87a88d58f,0.0012595174088845685,4.061715588053093e-06,0.001258500070045037,0.00953720895696283,-0.9974829999265992,0.0025129384245020205,0.009140534938312937,0.0003966739595260781,3.1621083767207696e-06,0.0025097763161253
sample_5085,L15-0368E-1245N_1474_3210_13,50176,0.25,319322ac69dc633f99398e0708452fd4ba780a780f86598fec8b3b79615aff70,64990ea6addff6af93b8eace95fbcf586b8f19e678352f7776dc1bc87a88d58f,0.674947576999738,0.38333649633976663,0.1877933969870875,0.3941710083320444,-0.6244132059750099,0.25919307628126254,0.39343642397809847,0.0007345844638340539,0.00035261968341455355,0.25884045659784793
sample_5086,L15-0358E-1220N_1433_3310_13,50176,0.043267697704081634,f95cd8386f05e10546ecb185a508e35c5d8a7832f4cd7eaacb56695883cdcfd7,64990ea6addff6af93b8eace95fbcf586b8f19e678352f7776dc1bc87a88d58f,0.14530503408644968,0.07627722721316159,0.049714863029479674,0.12956119452883216,-0.9005702752428765,0.07780373912794,0.12907983305347734,0.00048136152132533314,0.00013408738652090962,0.07766965174141909
sample_5087,L15-1389E-1284N_5557_3054_13,50176,0.0015943877551020409,2908a4eea388941c9255ae526e97397aa34da0f2fa5b39786ddfdc96285078ba,64990ea6addff6af93b8eace95fbcf586b8f19e678352f7776dc1bc87a88d58f,0.010167854242699061,0.0035413609850836,0.005636201926735134,0.023494007698963728,-0.988727596102641,0.009855119508244652,0.022685955645382522,0.0008080521751288492,3.656519836764287e-05,0.009818554309877008
sample_5088,L15-0368E-1245N_1474_3210_13,50176,0.14903539540816327,d4d2eaf38d2a341a0df63add15a1176efd0d881cb4393a5aac7dcc8c7ec195ef,64990ea6addff6af93b8eace95fbcf586b8f19e678352f7776dc1bc87a88d58f,0.36690495565929526,0.22541272735442933,0.0871717918020369,0.2096872401050691,-0.8256564171116394,0.13194650841409372,0.20913771647010185,0.0005495237403133592,0.00019936082694108062,0.13174714758715264
sample_5089,L15-1389E-1284N_5557_3054_13,50176,0.0,daede069d703460dc1275e43c772caa2a215db963efcbfa2dc4eef610aab241d,64990ea6addff6af93b8eace95fbcf586b8f19e678352f7776dc1bc87a88d58f,0.0015034941645865987,9.062592279701365e-06,0.001501205203845641,0.010962664180385438,-0.9969975895834903,0.0029933478154115806,0.010492617399988228,0.0004700467333322765,4.927873150797412e-06,0.002988419942260782
sample_5090,L15-1389E-1284N_5557_3054_13,50176,0.018993144132653062,f4289c593adaf47c65e8725003671b4d63cae138554e837e3a1f096ceff91516,64990ea6addff6af93b8eace95fbcf586b8f19e678352f7776dc1bc87a88d58f,0.05706633751879589,0.03249677547794605,0.02463572922789929,0.06309234977337416,-0.9507285417066973,0.037645287420025535,0.06266154037895404,0.0004308095199156618,3.9006011210403115e-05,0.037606281408815126
sample_5091,L15-1210E-1025N_4840_4088_13,50176,0.0038066007653061226,7625a11805f0808568ff5f9641c678505945fc1d09b269312bd4d5b3103ca240,64990ea6addff6af93b8eace95fbcf586b8f19e678352f7776dc1bc87a88d58f,0.02783276195503794,0.010214704905814694,0.014420700940179961,0.04842860430624259,-0.9711585992283255,0.024790306581248023,0.048061138459393464,0.00036746588891764124,4.4050122346216396e-05,0.02474625645890181
sample_5092,L15-1848E-0793N_7394_5018_13,50176,0.004364636479591837,41120604b05acee5707f515a230e3fc2b12189a36d8d2d512a69a4e857d0c01e,64990ea6addff6af93b8eace95fbcf586b8f19e678352f7776dc1bc87a88d58f,0.017234387925410058,0.007741757097075803,0.005105567687400141,0.020275298442251455,-0.9897888646649596,0.008695917215707397,0.019870648013790872,0.0004046505039452117,2.01697792202863e-05,0.008675747436487113
sample_5093,L15-0544E-1228N_2176_3279_13,50176,0.15367904974489796,0f2a78df9faed58c0e9e1aab9e70041c54f6a059a43f78e9790d41bbfc74e51b,64990ea6addff6af93b8eace95fbcf586b8f19e678352f7776dc1bc87a88d58f,0.5923359314017348,0.271180847810072,0.09269305197427011,0.2643333760397571,-0.8146138959467167,0.15424144337835952,0.26308363898861925,0.0012497371766072756,0.0004346603044780127,0.1538067830738815
sample_5094,L15-1389E-1284N_5557_3054_13,50176,0.001295440051020408,2908a4eea388941c9255ae526e97397aa34da0f2fa5b39786ddfdc96285078ba,64990ea6addff6af93b8eace95fbcf586b8f19e678352f7776dc1bc87a88d58f,0.008425857800524116,0.002726428723100507,0.0039382902026290495,0.018891239284452976,-0.9921234197775293,0.007114372947441079,0.0178774824530186,0.0010137568027900267,3.925371615775718e-05,0.007075119231283322
sample_5095,L15-1848E-0793N_7394_5018_13,50176,0.016043526785714284,daede069d703460dc1275e43c772caa2a215db963efcbfa2dc4eef610aab241d,64990ea6addff6af93b8eace95fbcf586b8f19e678352f7776dc1bc87a88d58f,0.04307895560118051,0.025433289334018706,0.02009228813908614,0.05367297895202816,-0.9598154243145827,0.030237310566975137,0.05321574761104812,0.0004572314854897721,5.395760038527707e-05,0.03018335296658986
sample_5096,L15-1389E-1284N_5557_3054_13,50176,0.018714126275510203,bfa88037e1364606a139e3f8954cf8597aa8d04cd1702d702955ed99420296c1,64990ea6addff6af93b8eace95fbcf586b8f19e678352f7776dc1bc87a88d58f,0.05769854588750552,0.03284950705752037,0.026419284154794047,0.06713999823206866,-0.9471614317824664,0.04028356106323664,0.06676274403177294,0.0003772541704351969,4.075398716170019e-05,0.040242807076074937
sample_5097,L15-1748E-1247N_6993_3202_13,50176,0.004922672193877551,0024b1cdef0b77fb042fa0315fc670dcadcaa2c5cf3036803c5cca8d42af46c0,64990ea6addff6af93b8eace95fbcf586b8f19e678352f7776dc1bc87a88d58f,0.03473323450146244,0.014816816834004176,0.02287624320324168,0.06692829970098445,-0.9542475150063894,0.037059587720141396,0.06644485337411118,0.0004834463697042396,6.826294232131469e-05,0.036991324777820085
sample_5098,L15-1014E-1375N_4056_2688_13,50176,0.13641980229591838,6069c19b6a6a7a41b0962e4113879af6d706079aae9550b606023a12ee0e4692,64990ea6addff6af93b8eace95fbcf586b8f19e678352f7776dc1bc87a88d58f,0.3539006214796001,0.2177852084409471,0.10705428043907812,0.26734146444902085,-0.7858914392411638,0.16743002804514023,0.26681017259060624,0.0005312918869058476,0.00020482044261048728,0.1672252076025297
sample_5099,L15-1185E-0935N_4742_4450_13,50176,0.058095503826530615,2148f6c0f21353b9294d71828cc093e2b3e27e0794d21d7e7075012248047486,64990ea6addff6af93b8eace95fbcf586b8f19e678352f7776dc1bc87a88d58f,0.19593998361981504,0.10055998916914798,0.060135608113712956,0.15968121105352046,-0.8797287843544881,0.09473264625263893,0.15921393206945278,0.0004672790821429887,0.00011928876598222758,0.09461335748665671
sample_5100,L15-0358E-1220N_1433_3310_13,50176,0.03497688137755102,d02a41e106ce652ff7b2007845404fcb99c860f7eacee7d7d1e0226fb5cffbdc,64990ea6addff6af93b8eace95fbcf586b8f19e678352f7776dc1bc87a88d58f,0.09590127624882398,0.05729662056587868,0.05172169543398848,0.11256959376478523,-0.8965566104955901,0.0717016906410774,0.11232956859853863,0.0002400251625644401,5.4498503592392605e-05,0.07164719213748504
sample_5101,L15-1276E-1107N_5105_3761_13,50176,0.009646045918367346,51b1a198401ca15b3108f75417e60246e7286b723b041d91e648ecb3df808a53,64990ea6addff6af93b8eace95fbcf586b8f19e678352f7776dc1bc87a88d58f,0.051056823409691206,0.017459133902340808,0.002867098524691347,0.012969890184923871,-0.9942658028841886,0.004790323451030121,0.012646808790477432,0.000323081432222467,6.506526049754231e-06,0.004783816924980367
sample_5102,L15-1185E-0935N_4742_4450_13,50176,0.1495735012755102,f1f33bcee3dffde27764c208de41e580afe580d87e1a2cf068fd552e02d9da70,64990ea6addff6af93b8eace95fbcf586b8f19e678352f7776dc1bc87a88d58f,0.40831036494045303,0.24578783917217276,0.14428725315980157,0.35685813543452477,-0.7114254934608519,0.22527311730018543,0.35653422973948096,0.00032390574914884597,0.0001618580112804607,0.22511125928890494
sample_5103,L15-0358E-1220N_1433_3310_13,50176,0.05821508290816327,276cdf731a1a608b4c77d0a84b2923c526e495f10a6c28fb637898ff9564f0ab,64990ea6addff6af93b8eace95fbcf586b8f19e678352f7776dc1bc87a88d58f,0.17164569936980653,0.098570435267697,0.06247669018268091,0.15405552567350536,-0.8750466203302196,0.0943011975452958,0.15300419849502434,0.001051327124734472,0.00021514344929051107,0.0940860540960053
sample_5104,L15-1389E-1284N_5557_3054_13,50176,0.07397959183673469,71592e090bf309a59c3982c6b4d9d7de5245d3ddbdcc1befbb61eeb112d59c16,64990ea6addff6af93b8eace95fbcf586b8f19e678352f7776dc1bc87a88d58f,0.20700678880278606,0.12380065312998256,0.08068553872206914,0.19686636070018876,-0.8386289242088907,0.12346664963970107,0.19596158903506913,0.0009047715469859037,0.00032274390315840045,0.12314390573654267
sample_5105,L15-1210E-1025N_4840_4088_13,50176,0.0645328443877551,b639d383fdd48c9e17d96a8347167de53e6cf2d101fc77eb60abb3affebb8378,64990ea6addff6af93b8eace95fbcf586b8f19e678352f7776dc1bc87a88d58f,0.1877693024348858,0.10318173858251894,0.04842279919741523,0.12528577505543761,-0.9031544026280172,0.07412726637862686,0.12497513746111184,0.00031063763353845293,6.81162093331611e-05,0.07405915016929371
sample_5106,L15-0566E-1185N_2265_3451_13,50176,0.0,daede069d703460dc1275e43c772caa2a215db963efcbfa2dc4eef610aab241d,64990ea6addff6af93b8eace95fbcf586b8f19e678352f7776dc1bc87a88d58f,0.0013497052514052563,1.4183094106168712e-05,0.0013460328491233593,0.009855978781138787,-0.9973079341911505,0.00267788260414055,0.009490050889343486,0.0003659280282380146,3.6426334794356617e-06,0.0026742399706611145
sample_5107,L15-1276E-1107N_5105_3761_13,50176,0.010104432397959183,c0ad605a83b14a37a63c301434ce7ac0ffaf43a5d9930eb38907b01717482388,64990ea6addff6af93b8eace95fbcf586b8f19e678352f7776dc1bc87a88d58f,0.061812519392080795,0.019900384316463956,0.0016342123794578472,0.010572887901965908,-0.9967315752072287,0.003108374468137279,0.010159556578094694,0.00041333124518732147,5.8290489923367586e-06,0.003102545419144942
sample_5108,L15-1748E-1247N_6993_3202_13,50176,0.005141900510204082,dd8cd9fb8ac7524ecc2d4d7c7bde69ba475de28d5f0f0246e4a4e268599a4289,64990ea6addff6af93b8eace95fbcf586b8f19e678352f7776dc1bc87a88d58f,0.03579045923596377,0.014788935187651762,0.02191382455425717,0.06484733934566914,-0.9561723518927094,0.035875130021176614,0.06440406570304998,0.0004432737965978141,5.934528429408961e-05,0.035815784736882524
sample_5109,L15-1210E-1025N_4840_4088_13,50176,0.05044244260204082,3d13ccecda525ba8c7e9bbfef9af4097449ca610c6161d16f659612b1e933e21,64990ea6addff6af93b8eace95fbcf586b8f19e678352f7776dc1bc87a88d58f,0.15062787457277044,0.08268210370858811,0.038351247983994155,0.10173725157210917,-0.9232975050825403,0.05946773329864197,0.10117455010894702,0.0005627014431166668,0.00010096875762161055,0.059366764541020356
sample_5110,L15-1748E-1247N_6993_3202_13,50176,0.0012157206632653062,2471987e46c3349a2b70d56796ca6746b3f5bd2aa0b189cd36f55149f0d09713,64990ea6addff6af93b8eace95fbcf586b8f19e678352f7776dc1bc87a88d58f,0.00881588955998806,0.002773513584867872,0.006326806225471807,0.025334524781208095,-0.987346387970966,0.01094636981780001,0.024720084333082745,0.0006144403853439524,3.0068674081235628e-05,0.010916301143718771
sample_5111,L15-1276E-1107N_5105_3761_13,50176,0.0595703125,62b6b773c369ae01e3211b44fc553dc7c1b9a39799c67d6da1b3633817146d38,64990ea6addff6af93b8eace95fbcf586b8f19e678352f7776dc1bc87a88d58f,0.2085228424211988,0.10466951388429069,0.05560967740982923,0.15200076427700315,-0.8887806463123372,0.09051402207079834,0.15169070277319058,0.000310061402902126,8.65319399031838e-05,0.09042749013089513
sample_5112,L15-1748E-1247N_6993_3202_13,50176,0.008769132653061224,f97b316140691b19c03db89ed9d62180bbd69f2f9e825881f490a2f1d7b9baa6,64990ea6addff6af93b8eace95fbcf586b8f19e678352f7776dc1bc87a88d58f,0.036664004038805105,0.016681046158785077,0.013424928382048574,0.04350410450694035,-0.9731501437782442,0.02238097913870807,0.04320488455685349,0.0002992199863189836,3.4154088265443035e-05,0.022346825050442637
sample_5113,L15-1210E-1025N_4840_4088_13,50176,0.023716517857142856,f5758834671c119d559bb9c5be7cf15d7d63abc9d000e772b14700cc59d5d7ee,64990ea6addff6af93b8eace95fbcf586b8f19e678352f7776dc1bc87a88d58f,0.09087844064312868,0.041087627355511705,0.01974436134451582,0.0654862290835773,-0.9605112784607654,0.03355072591626776,0.06461672413918158,0.0008695049726154546,0.00010195053760397068,0.03344877537866378
sample_5114,L15-0544E-1228N_2176_3279_13,50176,0.17255261479591838,730cfec4ec7a78111a9a7402f2fde44f9e4e1cadd42f1000642fb603148315f1,64990ea6addff6af93b8eace95fbcf586b8f19e678352f7776dc1bc87a88d58f,0.7135528689891804,0.2998104693941599,0.08250523317481714,0.2080794779080937,-0.8349895336671389,0.1255139703106496,0.20746944804222156,0.0006100298374374194,0.00018750175193974654,0.12532646855870985
sample_5115,L15-0368E-1245N_1474_3210_13,50176,0.18524792729591838,8c3bcdd6f92c8b4cc89a2470184365ac13b16ada2d5ef1a381faa78d6301c7ea,64990ea6addff6af93b8eace95fbcf586b8f19e678352f7776dc1bc87a88d58f,0.553883357022558,0.30069601859329176,0.14979876315919682,0.3494597201135648,-0.7004024735426982,0.22196401070102706,0.3486544892386287,0.0008052310425127481,0.0003489590455060256,0.221615051655521
sample_5116,L15-1138E-1216N_4553_3325_13,50176,0.1560108418367347,ebd446e3cca6535eaec0b594787e3ae44ed4a9a532a663922383bfdf619d7104,64990ea6addff6af93b8eace95fbcf586b8f19e678352f7776dc1bc87a88d58f,0.49577638318695166,0.26051921129601097,0.11455615929788815,0.2956409998706014,-0.7708876812996102,0.1807872125617377,0.2949803313096617,0.0006606686951992836,0.00025096763720680116,0.18053624492453085
sample_5117,L15-1848E-0793N_7394_5018_13,50176,0.0005381058673469387,daede069d703460dc1275e43c772caa2a215db963efcbfa2dc4eef610aab241d,64990ea6addff6af93b8eace95fbcf586b8f19e678352f7776dc1bc87a88d58f,0.04308489189414162,0.015109449027274697,0.03830396731702459,0.10497711598734626,-0.9233920668181126,0.061830233820764115,0.10449962390475195,0.0004774920612678332,0.00010052790773082137,0.06172970591303328
sample_5118,L15-0358E-1220N_1433_3310_13,50176,0.018893494897959183,b6f591786aac712b1eafc1086cfc8bb169d741d9305ceb9b6bc660acdf70a0ac,64990ea6addff6af93b8eace95fbcf586b8f19e678352f7776dc1bc87a88d58f,0.07495975052134117,0.03846947063105467,0.036600832797691454,0.09488946210448694,-0.9267983354636145,0.05660378166569974,0.09452053107051454,0.00036893111468326605,7.319657456701874e-05,0.05653058509113271
sample_5119,L15-1138E-1216N_4553_3325_13,50176,0.10064572704081633,af7a0cc8435e2f3f5bc209dd7a64763db940f6151d30ae5e99f0e397131ce845,64990ea6addff6af93b8eace95fbcf586b8f19e678352f7776dc1bc87a88d58f,0.2955026072666975,0.17123675010383138,0.10904857135325556,0.27892971691161006,-0.7819028574110299,0.17130392703438757,0.27802608404764406,0.000903632773529795,0.00033847760414953113,0.170965449430238
sample_5120,L15-0544E-1228N_2176_3279_13,50176,0.15433673469387754,83de72ac86eeec43772212a801816c3328915ea4dd1e4aa32cc404d472291a15,64990ea6addff6af93b8eace95fbcf586b8f19e678352f7776dc1bc87a88d58f,0.5432645390254807,0.268186908306227,0.09799122087876028,0.27692117146410705,-0.8040175579894233,0.16254853322211577,0.2759791649561134,0.0009420067247460264,0.0003583901886860541,0.1621901430334297
sample_5121,L15-1276E-1107N_5105_3761_13,50176,0.06429368622448979,bc45b755b94f4ba24646106ce9e50ea717eca9b5576cdddf063d48a46cc78c1d,64990ea6addff6af93b8eace95fbcf586b8f19e678352f7776dc1bc87a88d58f,0.22594696705708406,0.11263529874406432,0.04772731978018597,0.13808352412345595,-0.904545361529965,0.08006933064659963,0.13770996661323823,0.00037355750916410937,9.775223450551231e-05,0.07997157841209412
sample_5122,L15-0566E-1185N_2265_3451_13,50176,0.0,daede069d703460dc1275e43c772caa2a215db963efcbfa2dc4eef610aab241d,64990ea6addff6af93b8eace95fbcf586b8f19e678352f7776dc1bc87a88d58f,0.0018461398792732583,5.446183842354244e-05,0.0018307931818619218,0.012617310339975023,-0.9963384137831686,0.0036071245253003004,0.01193370258360402,0.0006836077400887102,9.725955485895517e-06,0.003597398569814405
sample_5123,L15-1848E-0793N_7394_5018_13,50176,5.978954081632653e-05,a3f4aec7b0054265f83404a6d96b49ed44efc2220960fd6c82087a67e2399fd2,64990ea6addff6af93b8eace95fbcf586b8f19e678352f7776dc1bc87a88d58f,0.0037224232972619615,0.0004607215055326508,0.003331221008141126,0.017360603672033674,-0.9933375581210648,0.006318772224998107,0.01696124825359826,0.00039935530326067883,1.1869555819999292e-05,0.006306902669178109
sample_5124,L15-0358E-1220N_1433_3310_13,50176,0.06604751275510204,b3826f151eba20a85d3a6b626dedd982694dd0b923a97211baa7dfb96e1194b9,64990ea6addff6af93b8eace95fbcf586b8f19e678352f7776dc1bc87a88d58f,0.18211342058587965,0.10866962458227848,0.07597633323404102,0.18114457444261053,-0.8480473345002328,0.11378885131896802,0.18078892544811914,0.00035564908039171546,0.0001440721573286664,0.11364477916163931
sample_5125,L15-0544E-1228N_2176_3279_13,50176,0.15509406887755103,437b8fc23e774251feadae59d239a452e38ddc1b20234eb894adce167fba9a7d,64990ea6addff6af93b8eace95fbcf586b8f19e678352f7776dc1bc87a88d58f,0.4926699312616779,0.26718846552059006,0.11798916436727064,0.31412895447313893,-0.764021671252517,0.189865871316299,0.31334143693771177,0.0007875175475300908,0.0003000625007384521,0.18956580881556054
sample_5126,L15-0368E-1245N_1474_3210_13,50176,0.19339923469387754,120c703837e34ac549ee0d9012e7d4e69f169cee974bae409029ebd843839f72,64990ea6addff6af93b8eace95fbcf586b8f19e678352f7776dc1bc87a88d58f,0.5769064047599354,0.31004636327593815,0.15661130245770233,0.36736861924131625,-0.6867773949953663,0.23353031289505316,0.3666765276738734,0.0006920916960791542,0.00033679481804798933,0.2331935180770052
sample_5127,L15-0358E-1220N_1433_3310_13,50176,0.07089046556122448,5f8614d328da2d2a41f379106e37f0d4683d38044da30e851d4a1723514cc9dd,64990ea6addff6af93b8eace95fbcf586b8f19e678352f7776dc1bc87a88d58f,0.1905573480291305,0.11635069676716506,0.08202635964773101,0.19501480805279595,-0.835947281397282,0.12327454016099097,0.19453018472398206,0.00048462332755789785,0.0001879947584524577,0.12308654540253851
sample_5128,L15-0566E-1185N_2265_3451_13,50176,0.005341198979591837,7563c03058f73a4bf2897f01317273497383329eee5fecc88b92f95ac845de4e,64990ea6addff6af93b8eace95fbcf586b8f19e678352f7776dc1bc87a88d58f,0.027384682253015685,0.011487770127352994,0.011188854552491814,0.0359906407039323,-0.9776222914774914,0.0183298097243186,0.035674403293000395,0.0003162374783133825,3.522048314346788e-05,0.018294589241175132
sample_5129,L15-1210E-1025N_4840_4088_13,50176,0.019870057397959183,08a5f7efd6be5dbe374e77fee6f91d62b179aea7122807df458079559b613dd3,64990ea6addff6af93b8eace95fbcf586b8f19e678352f7776dc1bc87a88d58f,0.08078522552848592,0.03535154762653879,0.020793708956002126,0.06914369536427498,-0.9584125834251992,0.03534473447233494,0.06851791205750668,0.0006257831782182259,7.398920696243719e-05,0.0352707452653725
sample_5130,L15-1185E-0935N_4742_4450_13,50176,0.13351004464285715,3b68eece7f7fd5fece8fedacf9685218ac8cc93adc1cd534d27641af33fccbeb,64990ea6addff6af93b8eace95fbcf586b8f19e678352f7776dc1bc87a88d58f,0.4001143721358512,0.21300429333723547,0.08625965892831433,0.21987859046620456,-0.8274806822884089,0.13274463979506762,0.21920382915459954,0.0006747612818479573,0.0002269011417076315,0.13251773865335997
sample_5131,L15-1848E-0793N_7394_5018_13,50176,0.013293207908163265,daede069d703460dc1275e43c772caa2a215db963efcbfa2dc4eef610aab241d,64990ea6addff6af93b8eace95fbcf586b8f19e678352f7776dc1bc87a88d58f,0.03846438744041143,0.022141472481310476,0.020509772242655103,0.05419925122670665,-0.9589804565895221,0.030898960222325668,0.053912808478205024,0.0002864428317476063,3.413956915494749e-05,0.030864820653170727
sample_5132,L15-1014E-1375N_4056_2688_13,50176,0.06752232142857142,000ffa13fd4d2e096e812104008cbfa2db49e989b1418b9424e32f30b0892711,64990ea6addff6af93b8eace95fbcf586b8f19e678352f7776dc1bc87a88d58f,0.20062754218871914,0.11626397564767288,0.08125598262995481,0.20107947185616162,-0.8374880357329904,0.12528198935759582,0.20062228086484468,0.00045719087113077315,0.0001714602244798883,0.1251105291331159
sample_5133,L15-1138E-1216N_4553_3325_13,50176,0.056560905612244895,1fceaf517ddd2b5719833fc4fc9b98ba4e4b77ab6a2a788651b5068d946b70dc,64990ea6addff6af93b8eace95fbcf586b8f19e678352f7776dc1bc87a88d58f,0.20072385145751723,0.0992079747874182,0.04615201590207348,0.1298939748899824,-0.9076959690786628,0.07477281655775968,0.12928384930940717,0.0006101255528950041,0.00012612943714236443,0.0746466871206173
sample_5134,L15-0368E-1245N_1474_3210_13,50176,0.23708545918367346,9dad9482c9df2e2fc14146493faf812cb452b84182999ef0b308912208d2f64c,64990ea6addff6af93b8eace95fbcf586b8f19e678352f7776dc1bc87a88d58f,0.6523259182165696,0.37107344971489714,0.16700853160178594,0.38177593721622066,-0.6659829368126065,0.2457060276080688,0.3808150259903938,0.0009609113738584452,0.00043892491444460233,0.24526710269362426
sample_5135,L15-0544E-1228N_2176_3279_13,50176,0.1771564094387755,1998844aea8abd8ab41ee109baefc2cff9f6236a3580d4880f6a5bf9159b90d7,64990ea6addff6af93b8eace95fbcf586b8f19e678352f7776dc1bc87a88d58f,0.7551187273116586,0.32154382325096836,0.050932851267208784,0.14918390252250147,-0.8981342977459267,0.08248084047805761,0.14799456723283438,0.001189335268390581,0.0002504331541764451,0.08223040732388118
sample_5136,L15-1014E-1375N_4056_2688_13,50176,0.06997369260204081,0f759872153dfabf2f31893ce10391b848a1fc38668c513f041df972a806cee0,64990ea6addff6af93b8eace95fbcf586b8f19e678352f7776dc1bc87a88d58f,0.21400173334843997,0.11929064777670442,0.06817301187654767,0.18566072188701987,-0.8636539769390382,0.11089774233261825,0.1849435499448881,0.000717171901381977,0.0002661893369909875,0.11063155299562724
sample_5137,L15-0566E-1185N_2265_3451_13,50176,0.0001992984693877551,f595ecadd196b1ed455481966949971929d4bdeb2f267389cc623a67c7549054,64990ea6addff6af93b8eace95fbcf586b8f19e678352f7776dc1bc87a88d58f,0.006160216326286956,0.0015119508677821757,0.00542153617989614,0.022224030976753996,-0.9891569277526427,0.009627088183395147,0.021501153384996176,0.0007228775515397825,2.917469334924237e-05,0.009597913490045904
sample_5138,L15-1138E-1216N_4553_3325_13,50176,0.06554926658163265,aa65e134e8b6a8ebea4461fe1226017bbaf870d9daa6ee7661597d1be2c3c038,64990ea6addff6af93b8eace95fbcf586b8f19e678352f7776dc1bc87a88d58f,0.24364003315156646,0.11766960237051587,0.05227862095236968,0.1462722542994262,-0.8954427586144302,0.08438717580155622,0.14586635621377272,0.000405898107515739,0.00010213198655790524,0.08428504381499834
sample_5139,L15-1276E-1107N_5105_3761_13,50176,0.00882892219387755,b7c2cf9c5438485a2d17190cc28fcf04188388b4ba3c8b1ab60b1886acad62d9,64990ea6addff6af93b8eace95fbcf586b8f19e678352f7776dc1bc87a88d58f,0.04547770258181231,0.016328413811704398,0.002678820667360738,0.013973549970418907,-0.9946423586906462,0.004806716728999506,0.013506521348013077,0.0004670286040261089,1.3976286910402523e-05,0.0047927404420891025
sample_5140,L15-1138E-1216N_4553_3325_13,50176,0.0019331951530612245,daede069d703460dc1275e43c772caa2a215db963efcbfa2dc4eef610aab241d,64990ea6addff6af93b8eace95fbcf586b8f19e678352f7776dc1bc87a88d58f,0.11707355965001219,0.041074739490781935,0.10420103863889009,0.27976726827824355,-0.7915979224647036,0.16803031790102652,0.27866498868070816,0.0011022798129010102,0.00041592649383745563,0.1676143914071891
sample_5141,L15-1138E-1216N_4553_3325_13,50176,0.14861686862244897,bcb39fca493f7ae81d4943540173c556d96797d8157b87ee04a14985ea27bafd,64990ea6addff6af93b8eace95fbcf586b8f19e678352f7776dc1bc87a88d58f,0.47925482820195525,0.24942094742543702,0.11270468659480387,0.2928110795255416,-0.7745906267520327,0.17823997460034124,0.29212184831118243,0.0006892312423340672,0.0002546659497907858,0.17798530865055046
sample_5142,L15-1748E-1247N_6993_3202_13,50176,0.01287468112244898,579a6f723138b497cb6092ab185e89d68026df5425355ac8544dd432b6891dce,64990ea6addff6af93b8eace95fbcf586b8f19e678352f7776dc1bc87a88d58f,0.043985763228370334,0.02333666634258976,0.019320313446936483,0.053393069849728345,-0.9613593736429247,0.029455785164032362,0.052528120216377906,0.0008649498758918956,6.681175379812522e-05,0.029388973410234238
sample_5143,L15-1276E-1107N_5105_3761_13,50176,0.009307238520408163,5d7139ea6d9f10432796bab81b511d9feecf55294d36f6be31e73e9ed6b672a8,64990ea6addff6af93b8eace95fbcf586b8f19e678352f7776dc1bc87a88d58f,0.058631088464498396,0.01835562482122897,0.002345188587371792,0.01323642394469373,-0.9953096229329229,0.004286551227731615,0.012762453422431704,0.00047397051556517377,1.0956016266605372e-05,0.00427559521146501
sample_5144,L15-1014E-1375N_4056_2688_13,50176,0.06696428571428571,35e74c0fed0368d4b0a787f76f7fcf91f6b1802c25dc1f1dade78605b2e35ea9,64990ea6addff6af93b8eace95fbcf586b8f19e678352f7776dc1bc87a88d58f,0.2019480060309922,0.11635102304279804,0.08415209588699271,0.20625654592911005,-0.831695809099991,0.12910232018980738,0.20575911200625308,0.0004974338063836543,0.0001756012251250648,0.1289267189646823
sample_5145,L15-1748E-1247N_6993_3202_13,50176,0.00839046556122449,d72dd46b36d18f0e5488848842a86d323b0cc1a9389e258e5b0d36c2355ddfc6,64990ea6addff6af93b8eace95fbcf586b8f19e678352f7776dc1bc87a88d58f,0.034019724479213684,0.015769070729438544,0.014940285669136032,0.04707269336290661,-0.9701194294659418,0.024894125842065108,0.046847308572196766,0.00022538483449790242,2.676183216680448e-05,0.0248673640098983
sample_5146,L15-1748E-1247N_6993_3202_13,50176,0.004823022959183673,bac2dbb15538fc457fe1c744ef89bab97a66d62ff7d9700709ebe8797be556c3,64990ea6addff6af93b8eace95fbcf586b8f19e678352f7776dc1bc87a88d58f,0.026877788536948104,0.011248220980530481,0.013375944010105592,0.04393213203550542,-0.9732481128860129,0.022566935425200968,0.043459836737605895,0.00047229534666989246,4.197835954530922e-05,0.02252495706565566
sample_5147,L15-1210E-1025N_4840_4088_13,50176,0.020567602040816327,a9660773a8e42561023e9e9e3f18c466940886cf3c24541bd8d2500d2f3944c6,64990ea6addff6af93b8eace95fbcf586b8f19e678352f7776dc1bc87a88d58f,0.09254419433802838,0.04090654426439397,0.02895493421594289,0.08732135819088768,-0.9420901326241914,0.04700372796357394,0.08655964763302249,0.0007617104345775229,0.00010430070754290969,0.046899427256031016
sample_5148,L15-1185E-0935N_4742_4450_13,50176,0.06756218112244898,285da58326d2cc8907790d74b906992e1433d432f52fda426dc5841838a926c6,64990ea6addff6af93b8eace95fbcf586b8f19e678352f7776dc1bc87a88d58f,0.21226016515409027,0.1152595748298023,0.05772175613733731,0.16306573536917748,-0.8845564882569017,0.0949295829623523,0.16257158958069504,0.0004941458167440824,0.00014589617714858222,0.09478368678520371
sample_5149,L15-0566E-1185N_2265_3451_13,50176,0.0007573341836734694,1706b9164e7060a4a2cd1520b965b41282ef99addb275a90aaabf6475522d5d2,64990ea6addff6af93b8eace95fbcf586b8f19e678352f7776dc1bc87a88d58f,0.005794403974832996,0.001902790869501689,0.00467403301950164,0.018329793962796916,-0.9906519341920009,0.007912327062626203,0.018155059899525518,0.00017473393967172766,9.173064138628307e-06,0.007903153998487575
sample_5150,L15-0566E-1185N_2265_3451_13,50176,0.02672592474489796,664cc2dc6a312a20092c6a1916e12a7bb5bbe3e18a12a7ccd746ba4dde87fec1,64990ea6addff6af93b8eace95fbcf586b8f19e678352f7776dc1bc87a88d58f,0.12368090831130243,0.05082590094656927,0.02890183765094309,0.07711365628641188,-0.9421963258365488,0.045306167382957334,0.07674451212794059,0.00036914410218867176,5.4401527700361025e-05,0.045251765855256976
sample_5151,L15-1185E-0935N_4742_4450_13,50176,0.12639508928571427,a08e1b9eafa125fc15c1e4306ed36f54b1013270507d47c17097ea7a3e890d7b,64990ea6addff6af93b8eace95fbcf586b8f19e678352f7776dc1bc87a88d58f,0.390521177960356,0.2055202616262225,0.0794699610346377,0.20558406067866117,-0.8410600781372881,0.12302542769182702,0.20484401495979546,0.000740045570766843,0.00023131485769996827,0.12279411283412706
sample_5152,L15-1014E-1375N_4056_2688_13,50176,0.13626036352040816,84604034eec1bc9faf62fd3fd90a829e0cfbf02941b3a398564d2919bdfca058,64990ea6addff6af93b8eace95fbcf586b8f19e678352f7776dc1bc87a88d58f,0.35446232102617986,0.21957539054922573,0.10261714914979946,0.26185874362919265,-0.7947657021108104,0.16244067893825223,0.2613799062057491,0.000478837354275963,0.0001942206368334238,0.1622464583014188
sample_5153,L15-1389E-1284N_5557_3054_13,50176,0.014050542091836735,c71f4457c7989093a9240b6faae229927f0a0c2ed634ecebcf35fab5790efe1b,64990ea6addff6af93b8eace95fbcf586b8f19e678352f7776dc1bc87a88d58f,0.045601739335849496,0.025474690794128636,0.02243002673031344,0.05728059022568485,-0.9551399470839722,0.033976206321112416,0.056876239758557115,0.0004043504619499171,4.5155907596943025e-05,0.03393105041351547
sample_5154,L15-1389E-1284N_5557_3054_13,50176,0.0,daede069d703460dc1275e43c772caa2a215db963efcbfa2dc4eef610aab241d,64990ea6addff6af93b8eace95fbcf586b8f19e678352f7776dc1bc87a88d58f,0.0015421741932705446,6.322512332504226e-06,0.0015405895003136627,0.011328320583257072,-0.9969188208174501,0.0030748564882948216,0.01092169679761276,0.00040662395774991844,4.183250614946638e-06,0.0030706732376798752
sample_5155,L15-1748E-1247N_6993_3202_13,50176,0.007952008928571428,171a98066de212c478fe941692fb1577cfa66448a310f4bde20dc84a81bf6a9a,64990ea6addff6af93b8eace95fbcf586b8f19e678352f7776dc1bc87a88d58f,0.039951660206088604,0.017815843295236028,0.020764731315002605,0.061123316810235896,-0.9584705383694425,0.034059497471607886,0.06068899060236692,0.00043432622212435706,5.624357026077776e-05,0.034003253901347105
sample_5156,L15-1014E-1375N_4056_2688_13,50176,0.06680484693877552,afa7e288545621b8211e286a2c67bc37431d3f511f76cee9fbfe788537b09a87,64990ea6addff6af93b8eace95fbcf586b8f19e678352f7776dc1bc87a88d58f,0.19749100969617805,0.11467154649494515,0.08034252021841858,0.1985446547439335,-0.83931496026595,0.12376401359328318,0.19780911852819505,0.000735536248079155,0.0002925555019407067,0.12347145809134244
sample_5157,L15-0368E-1245N_1474_3210_13,50176,0.1481983418367347,2b89745bb3a174b95851b224ed5895c1631f2bb3b565ad8f5f6f733080076575,64990ea6addff6af93b8eace95fbcf586b8f19e678352f7776dc1bc87a88d58f,0.357243038034293,0.22324977770609256,0.08922135336704705,0.21585316029592316,-0.8215572941059306,0.13610061490309874,0.21510477464769662,0.0007483857013599813,0.00031049060550989707,0.13579012429758885
sample_5158,L15-0566E-1185N_2265_3451_13,50176,0.02841996173469388,21634ac5474ae3cd1b04e1cd5301fd1f48c1f6feacb11199bec1068c35657f64,64990ea6addff6af93b8eace95fbcf586b8f19e678352f7776dc1bc87a88d58f,0.08503167665786714,0.048335860357626416,0.025170382876091694,0.07072357244689757,-0.9496592356728272,0.04068075744780345,0.07034390150863282,0.00037967084420741575,6.354219492247306e-05,0.04061721525288097
sample_5159,L15-1138E-1216N_4553_3325_13,50176,0.09454719387755102,7f0ac5f0bfe592665d84f6f2e0fcb5249489db2916ff7d18f0f80e173fc957fb,64990ea6addff6af93b8eace95fbcf586b8f19e678352f7776dc1bc87a88d58f,0.2815125021046922,0.16216000878269857,0.11416278680316078,0.28633739915405465,-0.7716744263470199,0.17669980321545037,0.2855936104601295,0.000743788645626821,0.00029046769467157963,0.17640933552077878
sample_5160,L15-1848E-0793N_7394_5018_13,50176,0.0,daede069d703460dc1275e43c772caa2a215db963efcbfa2dc4eef610aab241d,64990ea6addff6af93b8eace95fbcf586b8f19e678352f7776dc1bc87a88d58f,0.003849223523167614,0.0004894303084862868,0.003710447477975062,0.018048730024897465,-0.9925791052242506,0.006931464647463838,0.01766962461550225,0.0003791055325834816,1.4805486720540128e-05,0.006916659160743298
sample_5161,L15-1276E-1107N_5105_3761_13,50176,0.009267378826530613,70f1b8c102b3d2b9c5a9d20d2210a6564382a0cbef1ffdadc8ca8a21bee009af,64990ea6addff6af93b8eace95fbcf586b8f19e678352f7776dc1bc87a88d58f,0.051949117990863096,0.018184232791490205,0.005091349791488325,0.023040906639218615,-0.989817300926767,0.009293073036262573,0.02251451758926768,0.0005263889625158053,3.224994436773868e-05,0.009260823091894835
sample_5162,L15-1848E-0793N_7394_5018_13,50176,0.0,daede069d703460dc1275e43c772caa2a215db963efcbfa2dc4eef610aab241d,64990ea6addff6af93b8eace95fbcf586b8f19e678352f7776dc1bc87a88d58f,0.01144735647197294,0.0030044912019876508,0.01057429946792711,0.03603848882989238,-0.978851401567418,0.01814410773386657,0.03553046421518038,0.000508024624714284,3.666625713598989e-05,0.018107441476730584
sample_5163,L15-1848E-0793N_7394_5018_13,50176,0.003966039540816327,41120604b05acee5707f515a230e3fc2b12189a36d8d2d512a69a4e857d0c01e,64990ea6addff6af93b8eace95fbcf586b8f19e678352f7776dc1bc87a88d58f,0.017155341700228612,0.007207348273370673,0.0053470846317822535,0.022276395923551427,-0.9893058310480236,0.009322411660481287,0.02162339417476483,0.0006530017080774991,3.5310158792095106e-05,0.009287101501689191
sample_5164,L15-1014E-1375N_4056_2688_13,50176,0.06796077806122448,3fdf1dc6ba2451845dc80a5e4aae327f1365f04c19a550b3f7efb933764e4415,64990ea6addff6af93b8eace95fbcf586b8f19e678352f7776dc1bc87a88d58f,0.20811700037363298,0.11168033684574939,0.05937441537389532,0.14678957964846373,-0.8812511702897127,0.08880816713008755,0.14640731647605998,0.00038226306611973445,0.00011072192390085377,0.08869744520618672
sample_5165,L15-1210E-1025N_4840_4088_13,50176,0.005002391581632653,196ae1c85e3261d8c6ef8de02bb14039b39959d176ffd3e22148bb68312f0492,64990ea6addff6af93b8eace95fbcf586b8f19e678352f7776dc1bc87a88d58f,0.03425675584569009,0.01269581497120471,0.0152230694383972,0.048776252602929185,-0.9695538618759555,0.02543961674919111,0.04843490943509103,0.0003413432192489735,4.1592562697097214e-05,0.025398024186494013
sample_5166,L15-1014E-1375N_4056_2688_13,50176,0.13620057397959184,908659b4f6bf6ed855a02e796a123a3caef814173d290d9b5e39bafb34bebb0b,64990ea6addff6af93b8eace95fbcf586b8f19e678352f7776dc1bc87a88d58f,0.3570109727465554,0.21870407963013744,0.10675381961022029,0.26570896347713274,-0.7864923610090452,0.16620355130388803,0.2652761578723109,0.0004328056447562148,0.00015368065059771725,0.1660498706532903
sample_5167,L15-1848E-0793N_7394_5018_13,50176,0.016641422193877552,d339fb3867e7608d47f840d2a446b3f8b1a653bf0931fe5de008db345b474052,64990ea6addff6af93b8eace95fbcf586b8f19e678352f7776dc1bc87a88d58f,0.047112412354207885,0.02666405409097815,0.020142861542158892,0.05372005263950406,-0.9597142779478343,0.030444060232385287,0.05345625374334061,0.0002637989724573934,3.877859951966177e-05,0.030405281632865624
sample_5168,L15-1389E-1284N_5557_3054_13,50176,0.07360092474489796,2cf1de0ed397a568467dee32640f3bb63dc78aba4e3ce5ca615020e1964e5cea,64990ea6addff6af93b8eace95fbcf586b8f19e678352f7776dc1bc87a88d58f,0.20334534351393224,0.12233233231033482,0.07697523858669043,0.1928385605287758,-0.8460495244444318,0.1199423496986679,0.1920717917570787,0.0007667687063432769,0.0003016618701366643,0.11964068782853124
sample_5169,L15-1014E-1375N_4056_2688_13,50176,0.17566167091836735,1a10179c5729a4e227de13c8d12e0f8c8e37481143700319d7de1b1fa31be60b,64990ea6addff6af93b8eace95fbcf586b8f19e678352f7776dc1bc87a88d58f,0.46687465196588607,0.2818884071633573,0.12248747481498867,0.30821859863277634,-0.7550250501349495,0.19152550078592642,0.3077043003846475,0.0005142982217849574,0.00021536527698220233,0.19131013550894424
sample_5170,L15-0544E-1228N_2176_3279_13,50176,0.15433673469387754,46f614c077b01619815ce31346510580ead91d0ff7bdef3ddc902aef7e46c999,64990ea6addff6af93b8eace95fbcf586b8f19e678352f7776dc1bc87a88d58f,0.5111046694273116,0.2674432327776746,0.11401943923021686,0.3065510689062014,-0.7719611214597066,0.1845175841266142,0.30569015246238884,0.0008609165805413415,0.0003381810924140855,0.1841794030342001
sample_5171,L15-1276E-1107N_5105_3761_13,50176,0.016940369897959183,0a55663a13f3d1055163ee2319e2fa8b18d6906fdd7f963bb2d9ccfd967db3c7,64990ea6addff6af93b8eace95fbcf586b8f19e678352f7776dc1bc87a88d58f,0.07934643743763299,0.032323382220295745,0.009995978288780138,0.035855060653644466,-0.980008044028886,0.017408566436487173,0.035426683557317325,0.0004283772485076704,3.422592818668372e-05,0.01737434050830049
sample_5172,L15-0368E-1245N_1474_3210_13,50176,0.20310507015306123,f21990bf33932a74d1d2c8cd6aaf883ec192b2328346eb65a5563937aa8798e8,64990ea6addff6af93b8eace95fbcf586b8f19e678352f7776dc1bc87a88d58f,0.5448543895146818,0.3183064067586227,0.1323033566147146,0.32485154808905486,-0.7353932863559077,0.2034566389057256,0.32411855086000985,0.0007329974201961686,0.0003468524202880988,0.2031097864854375
sample_5173,L15-1185E-0935N_4742_4450_13,50176,0.13410794005102042,8cbc685332bd31698e6de634c5593285ed4050fa13a72c058f5103beb9acf5e3,64990ea6addff6af93b8eace95fbcf586b8f19e678352f7776dc1bc87a88d58f,0.39455347933852997,0.21390243683479182,0.09366090519458284,0.23580809865010458,-0.812678189704468,0.1429447360061425,0.23412459312838307,0.001683505507674636,0.0005849402973353824,0.14235979570880714
sample_5174,L15-0358E-1220N_1433_3310_13,50176,0.022221779336734693,c6d004a6f31fcfaa197ec31b2a3c3fe6c028f2c79bcd12d24c18c4a4123efe27,64990ea6addff6af93b8eace95fbcf586b8f19e678352f7776dc1bc87a88d58f,0.08171276636718364,0.0414048494063891,0.025623231967055828,0.07332400831600533,-0.9487535377319205,0.04160070434859243,0.07293955800424269,0.00038445023211334996,5.479479928018694e-05,0.04154590954931224
sample_5175,L15-1276E-1107N_5105_3761_13,50176,0.009964923469387755,b237bde89685a30086c6a808ac352918d2627df2f61b32d1dd162aae63fcc5af,64990ea6addff6af93b8eace95fbcf586b8f19e678352f7776dc1bc87a88d58f,0.05657754923265186,0.019438739828430193,0.0045669980582362995,0.020756687163861635,-0.9908660042186678,0.008392078608476681,0.020405362885227003,0.0003513242491903224,1.837702446453963e-05,0.00837370158401214
sample_5176,L15-1848E-0793N_7394_5018_13,50176,5.978954081632653e-05,a3f4aec7b0054265f83404a6d96b49ed44efc2220960fd6c82087a67e2399fd2,64990ea6addff6af93b8eace95fbcf586b8f19e678352f7776dc1bc87a88d58f,0.016544710650410823,0.005978977559638039,0.014468590063708169,0.04136045889912753,-0.9710628204626169,0.023074247422495007,0.04106014437184493,0.0003003144187736914,2.8268302627806218e-05,0.023045979119867197
sample_5177,L15-0544E-1228N_2176_3279_13,50176,0.15545280612244897,83de72ac86eeec43772212a801816c3328915ea4dd1e4aa32cc404d472291a15,64990ea6addff6af93b8eace95fbcf586b8f19e678352f7776dc1bc87a88d58f,0.5202063966092721,0.26896811128065,0.11677986539173302,0.30898537192375747,-0.766440269128386,0.18712260472272615,0.30811000297471997,0.0008753688981682598,0.0003351136391758203,0.1867874910835503
sample_5178,L15-1748E-1247N_6993_3202_13,50176,0.008290816326530613,80d19f5679f929b844dac7439d7fa30c1146336ba0dab61bd7fc0c57b67dd90b,64990ea6addff6af93b8eace95fbcf586b8f19e678352f7776dc1bc87a88d58f,0.03245302622320116,0.015448430516711305,0.016418335626700094,0.04920079649861332,-0.9671633294120654,0.026372541362320905,0.048778624334912694,0.0004221721128739977,5.372988427474325e-05,0.02631881147804617
sample_5179,L15-1014E-1375N_4056_2688_13,50176,0.1763592155612245,8fdd5ffdb6caecc345db34e53c57a1308d2dccb31a6c98809c43e3af96304eff,64990ea6addff6af93b8eace95fbcf586b8f19e678352f7776dc1bc87a88d58f,0.4555322958935249,0.2797251515338601,0.13812752252406613,0.33294054126628647,-0.7237449547899975,0.21056282514958063,0.33204795937750803,0.0008925818393451307,0.00041379869482201893,0.2101490264547586
sample_5180,L15-0368E-1245N_1474_3210_13,50176,0.14279735331632654,bb9b7c09b774cd06e84e589efa96c4860da1715dea915a1cbb95719112256667,64990ea6addff6af93b8eace95fbcf586b8f19e678352f7776dc1bc87a88d58f,0.3659520189033925,0.2213781393966715,0.0786821120513641,0.1955742136443079,-0.8426357767128427,0.12149640225631911,0.1948301726691663,0.0007440409863893426,0.00031073081925213955,0.12118567143706696
sample_5181,L15-0544E-1228N_2176_3279_13,50176,0.17843191964285715,4649cf81e6184c52140f0b2101d39ef0a6b53a72e7542540387d0e712a7ef2f9,64990ea6addff6af93b8eace95fbcf586b8f19e678352f7776dc1bc87a88d58f,0.7747697304874236,0.32363452295181716,0.047725233629497946,0.14464228864582573,-0.9045495330946011,0.07919373063514666,0.14393733962911942,0.0007049489217958297,0.0001534252903967376,0.07904030534474993
sample_5182,L15-1848E-0793N_7394_5018_13,50176,0.015904017857142856,ce9e77dde88364c5e4242a7e9d26f7cc7b50284f6d12ce5ba44b2603c8ad95c4,64990ea6addff6af93b8eace95fbcf586b8f19e678352f7776dc1bc87a88d58f,0.04653334400043954,0.02482079106390664,0.01907744922803487,0.05121575105536754,-0.9618451022658278,0.028858347554621504,0.05098119707753138,0.00023455396203168348,3.185536046910365e-05,0.028826492194152405
sample_5183,L15-1185E-0935N_4742_4450_13,50176,0.14861686862244897,cd50ed3f2255ba2e1859a8f6f699d46588455a80fbbe34223956c7f9d1b74ba8,64990ea6addff6af93b8eace95fbcf586b8f19e678352f7776dc1bc87a88d58f,0.37744942943507404,0.22070260258739333,0.13474636899582965,0.2949195072940805,-0.7305072619120537,0.1867915424777826,0.2937039600262933,0.001215547259856464,0.00044269542338897796,0.1863488470543936
sample_5184,L15-1276E-1107N_5105_3761_13,50176,0.01034359056122449,37660f1e09e89a1ebc2efb06cc4723da12817ebb01e41d5e7a5a257fa692753e,64990ea6addff6af93b8eace95fbcf586b8f19e678352f7776dc1bc87a88d58f,0.05019588709088771,0.019022306880317974,0.0038139983995019327,0.016898968082688794,-0.9923720030845309,0.006775955216429183,0.016711914669075185,0.00018705341279870165,9.811859697147151e-06,0.006766143356732035
sample_5185,L15-1389E-1284N_5557_3054_13,50176,0.0,daede069d703460dc1275e43c772caa2a215db963efcbfa2dc4eef610aab241d,64990ea6addff6af93b8eace95fbcf586b8f19e678352f7776dc1bc87a88d58f,0.0015507204641775688,1.4121786272006707e-05,0.0015471016178002618,0.01106205742168625,-0.9969057969151256,0.003080081449328517,0.010757781377226737,0.000304276005068746,3.2206544280247865e-06,0.003076860794900493
sample_5186,L15-0358E-1220N_1433_3310_13,50176,0.08264907525510204,993f918f7122021abbee972c619e11e7c397daf72c1233461c92b28e5f94d550,64990ea6addff6af93b8eace95fbcf586b8f19e678352f7776dc1bc87a88d58f,0.2298094583681112,0.13717672400645986,0.0856307250143466,0.2174188330910245,-0.828738550574415,0.13439081424011462,0.2166862896578253,0.00073254348620152,0.0003080415775274395,0.13408277266258722
sample_5187,L15-1389E-1284N_5557_3054_13,50176,0.016362404336734693,d2d5648e2394862bdad5ddb0bc5dca8264ebbc07463aef8b07b4e31563494720,64990ea6addff6af93b8eace95fbcf586b8f19e678352f7776dc1bc87a88d58f,0.047919207586984876,0.027291012913822084,0.01959112748784032,0.05081109572176621,-0.9608177455599939,0.029747368938854452,0.050438098898035716,0.0003729967814517306,4.2199266829329404e-05,0.029705169672025116
sample_5188,L15-1210E-1025N_4840_4088_13,50176,0.07720822704081633,2e858d0d8bdae34d6968c65ae7a433cb7ad9788cda4a19e5a24c1ec7ccc87ef0,64990ea6addff6af93b8eace95fbcf586b8f19e678352f7776dc1bc87a88d58f,0.25655953790266384,0.1354922411287507,0.05151616590221089,0.16102874856161775,-0.8969676686715513,0.08928641221577828,0.1604468028821213,0.0005819456311442224,0.00014181913463120392,0.0891445930811471
sample_5189,L15-0368E-1245N_1474_3210_13,50176,0.18608498086734693,120c703837e34ac549ee0d9012e7d4e69f169cee974bae409029ebd843839f72,64990ea6addff6af93b8eace95fbcf586b8f19e678352f7776dc1bc87a88d58f,0.5848232228200401,0.3046803757944786,0.1282852794523636,0.32466997268390296,-0.7434294410132953,0.19984528010983266,0.32370393715567114,0.0009660355279509827,0.0004278213903573828,0.19941745871947528
sample_5190,L15-1748E-1247N_6993_3202_13,50176,0.013193558673469387,770396b9872e54e95067caafc334735f25b92d0f5b8410ff8b606fae255eac30,64990ea6addff6af93b8eace95fbcf586b8f19e678352f7776dc1bc87a88d58f,0.04814736688023753,0.025635277046296822,0.02639050609954842,0.06991648508570299,-0.9472189886815342,0.04052906251733044,0.06961956952475318,0.00029691573488037956,4.145323415053118e-05,0.040487609283179904
sample_5191,L15-0358E-1220N_1433_3310_13,50176,0.025251116071428572,5d641a2e2763f2733ba6ba12934026eff4766c35101a58f6b0aab08aa27c3f7c,64990ea6addff6af93b8eace95fbcf586b8f19e678352f7776dc1bc87a88d58f,0.08815577543541066,0.04838316117834701,0.047958821360002825,0.1142683382686185,-0.9040823587689041,0.07084215439768217,0.11387118075093608,0.0003971575394817218,7.855382516020513e-05,0.07076360057252197
sample_5192,L15-1276E-1107N_5105_3761_13,50176,0.06708386479591837,c349826ed6fc884d2bbda4d9b0d737d8c8c375acd2862313d2883e7c0822cef8,64990ea6addff6af93b8eace95fbcf586b8f19e678352f7776dc1bc87a88d58f,0.22333072710997817,0.11881406978863426,0.07540269834654671,0.19327419403171311,-0.849194603974513,0.11853080197086589,0.1928466625644129,0.00042753138087634943,0.00010500420568758586,0.1184257977651783
sample_5193,L15-1389E-1284N_5557_3054_13,50176,0.07409917091836735,324eb182adfda9f2c340c39bef9354ba53940ad1be2d969928d2fe123b7bd72b,64990ea6addff6af93b8eace95fbcf586b8f19e678352f7776dc1bc87a88d58f,0.21004172599563545,0.12448742896227531,0.07356499766631584,0.18526490172183285,-0.852870006159027,0.11448074636468705,0.1845057271539441,0.000759174563329768,0.0002931414789183429,0.1141876048857687
sample_5194,L15-0544E-1228N_2176_3279_13,50176,0.14267777423469388,a47866669158949983742ab8c3e22c384a3af049d11e62a976e002b6bfd08945,64990ea6addff6af93b8eace95fbcf586b8f19e678352f7776dc1bc87a88d58f,0.4281063702532983,0.23793175188647492,0.10147939385413858,0.277643169911937,-0.7970412122776636,0.16442600334946297,0.27705321260387467,0.0005899572913432229,0.00019044448262492037,0.16423555886683805
sample_5195,L15-1138E-1216N_4553_3325_13,50176,0.04998405612244898,de2d450e042426e447c5d4ed2147f6614598615cfa8100804a55daa234974738,64990ea6addff6af93b8eace95fbcf586b8f19e678352f7776dc1bc87a88d58f,0.2931814352635494,0.10090838963671439,0.04904250156048837,0.14975318392740655,-0.9019149974492996,0.08348351493673718,0.14885473709884325,0.0008984468102162904,0.00024742554981017006,0.08323608938692702
sample_5196,L15-0368E-1245N_1474_3210_13,50176,0.1923828125,7c35147b2b21fd4a4e74fae8918a9b1f2f0cf8aa58682c6a420528af0a2e6af2,64990ea6addff6af93b8eace95fbcf586b8f19e678352f7776dc1bc87a88d58f,0.5933768059930262,0.3090787265713759,0.16318179847796124,0.3730437759363188,-0.673636402995067,0.239352256758382,0.37242905152151873,0.000614724465050601,0.0002913076329878548,0.23906094912539416
sample_5197,L15-1848E-0793N_7394_5018_13,50176,0.05610251913265306,02d2684ebf51b5444743035bf9a3887af892a3767f2da218077d66af03729a1a,64990ea6addff6af93b8eace95fbcf586b8f19e678352f7776dc1bc87a88d58f,0.1556576214433277,0.09172384738465389,0.055490001863847505,0.14285172184538994,-0.8890199976451187,0.08737647552357888,0.14251075453727158,0.00034096726418625264,0.00010353060331613022,0.08727294492026275
sample_5198,L15-1138E-1216N_4553_3325_13,50176,0.16842713647959184,dd0909d65dc6d54ec16924e1df45dbe1e2df683f7bfc39356384dfbe2bc0e73e,64990ea6addff6af93b8eace95fbcf586b8f19e678352f7776dc1bc87a88d58f,0.5028251659212656,0.2727385398118149,0.15076897841669162,0.33994674585225343,-0.6984620431509293,0.21756881702180098,0.3390370653743488,0.0009096805516211329,0.00042967077122144364,0.21713914625057953
sample_5199,L15-1389E-1284N_5557_3054_13,50176,0.07330197704081633,2cf1de0ed397a568467dee32640f3bb63dc78aba4e3ce5ca615020e1964e5cea,64990ea6addff6af93b8eace95fbcf586b8f19e678352f7776dc1bc87a88d58f,0.20463499537522753,0.12218005274165802,0.06866828509254799,0.17847424727868444,-0.862663430984451,0.10920762961266242,0.17788385555628775,0.000590391776502941,0.00020812590262022875,0.10899950371004218
sample_5200,L15-0368E-1245N_1474_3210_13,50176,0.19128667091836735,2542a2f43ddb02982ba7c7aef903ed38dd688bd74aec18f88441e19c47aab972,64990ea6addff6af93b8eace95fbcf586b8f19e678352f7776dc1bc87a88d58f,0.5951463966138669,0.3081704047184469,0.1746207218776381,0.3907824965488712,-0.6507585563374265,0.25304711082989073,0.39009239125343287,0.0006901053121512599,0.00031471253768601754,0.2527323982922047
sample_5201,L15-0358E-1220N_1433_3310_13,50176,0.047173947704081634,464ed12907d38c8e30b5471e8cfcd92b1d965e76233e0cd14ec6f23062909cc6,64990ea6addff6af93b8eace95fbcf586b8f19e678352f7776dc1bc87a88d58f,0.14449414003881111,0.08098920401962716,0.05920091955637445,0.1468123717167968,-0.881598162035185,0.08999048733322132,0.1461228460143334,0.0006895257666660711,0.00020214461367197914,0.08978834271954936
sample_5202,L15-1848E-0793N_7394_5018_13,50176,0.01696029974489796,f5783ce4d513e765f3fcd8f7676740b20e1cf2eb5400d163fc7ae802f136f040,64990ea6addff6af93b8eace95fbcf586b8f19e678352f7776dc1bc87a88d58f,0.052580878376527175,0.02837036598779184,0.021517921951884518,0.0555668756672983,-0.9569641575472663,0.031981763931028535,0.055288928865828826,0.0002779468244623357,4.258485287422086e-05,0.031939179078154314
sample_5203,L15-1138E-1216N_4553_3325_13,50176,0.14921476403061223,2dec4cc9632b6aa34d7acc77776437668263ef36ad6ab0b6c287e141fcaba766,64990ea6addff6af93b8eace95fbcf586b8f19e678352f7776dc1bc87a88d58f,0.4649265994123332,0.24757249251113267,0.1255731329070024,0.3106178898026,-0.7488537339549383,0.1923698591617709,0.30957018091761324,0.0010477090413653276,0.0004648081305060102,0.19190505103126487
sample_5204,L15-0566E-1185N_2265_3451_13,50176,0.001016422193877551,89f1ce3e1b16ef0ab13ca295735b3f3ef8cf4dc4bebaea4694f69045f0809751,64990ea6addff6af93b8eace95fbcf586b8f19e678352f7776dc1bc87a88d58f,0.013195703387444437,0.004015747734393554,0.007150827792986315,0.026381377123367175,-0.9856983447333035,0.012182244986675497,0.025930800533486415,0.0004505765596468126,3.3105769269177265e-05,0.012149139217406318
sample_5205,L15-1138E-1216N_4553_3325_13,50176,0.14815848214285715,8710f1073ec84f02654a7d2b08bb99cde0596923f1ea070a8cb10f2272e71567,64990ea6addff6af93b8eace95fbcf586b8f19e678352f7776dc1bc87a88d58f,0.45690058315683046,0.24618582351674467,0.13680001275438092,0.32290885864578317,-0.7263999743178663,0.20338228526019253,0.322404113913288,0.0005047447772947179,0.00019897399874559184,0.20318331126144687
sample_5206,L15-0566E-1185N_2265_3451_13,50176,0.0001992984693877551,6d8c2ec688ced2db53863555419d2253f2fff5d30c5f5b29c6e127f276690a83,64990ea6addff6af93b8eace95fbcf586b8f19e678352f7776dc1bc87a88d58f,0.0024847487192946934,0.0006220944532725398,0.0021705346286524925,0.01128458538792562,-0.9956589308243737,0.003816957059668674,0.011013145136951036,0.0002714401469462061,5.452757925523583e-06,0.003811504301743151
sample_5207,L15-1185E-0935N_4742_4450_13,50176,0.14853714923469388,f1f33bcee3dffde27764c208de41e580afe580d87e1a2cf068fd552e02d9da70,64990ea6addff6af93b8eace95fbcf586b8f19e678352f7776dc1bc87a88d58f,0.4022556254088663,0.24704397461687427,0.17549384506395543,0.4022295548590959,-0.6490123098435494,0.26188736171266275,0.4019175583109503,0.0003119965493760695,0.0001624018448378566,0.2617249598678249
sample_5208,L15-0566E-1185N_2265_3451_13,50176,0.0019730548469387753,68302ee4f5e2d707417736a123105f11a851451f44ed2b81bab099c3041b9155,64990ea6addff6af93b8eace95fbcf586b8f19e678352f7776dc1bc87a88d58f,0.010275839870570897,0.004517596904175207,0.006706805426950509,0.023828665167493282,-0.9865863891271455,0.011158998665366708,0.023139848427407562,0.0006888167912384084,1.948082445434782e-05,0.01113951784091236
sample_5209,L15-0544E-1228N_2176_3279_13,50176,0.16025589923469388,6e2ab5b63375d4fd6fe16ff11ec0ae4d196374f6cdcbceaf302f6ea1ce3285f7,64990ea6addff6af93b8eace95fbcf586b8f19e678352f7776dc1bc87a88d58f,0.4962211319744001,0.2715627711101341,0.12922367256263043,0.33150597806964816,-0.7415526548014564,0.20290835747451827,0.33071522944551096,0.000790748645803825,0.0003083425407794548,0.20260001493373883
sample_5210,L15-1185E-0935N_4742_4450_13,50176,0.13488520408163265,118ca360f33e81136668450f1b7a72d249c5c98d62a96461933349de99cd472a,64990ea6addff6af93b8eace95fbcf586b8f19e678352f7776dc1bc87a88d58f,0.369824500633785,0.22397496155380958,0.14223364842414132,0.345101545419435,-0.7155327029051725,0.21850741865853882,0.3446903646404701,0.00041118080016973286,0.00018560170831121773,0.21832181695022762
sample_5211,L15-1389E-1284N_5557_3054_13,50176,0.07391980229591837,3bf6f0d45366d91024cae0ab6cf667aa507b101d5c645bb01044b2ffef2f972c,64990ea6addff6af93b8eace95fbcf586b8f19e678352f7776dc1bc87a88d58f,0.21315144745838727,0.12448626958571307,0.06337752361301979,0.16921729971909205,-0.8732449534277574,0.10214890059305883,0.16856132236576593,0.0006559773489539086,0.0002185208228688839,0.10193037977018994
sample_5212,L15-1138E-1216N_4553_3325_13,50176,0.10162228954081633,064589b61ab6c31f9cb9a4c07ea9a61fd1aba8d6997c6e292eb2ad3b455946fe,64990ea6addff6af93b8eace95fbcf586b8f19e678352f7776dc1bc87a88d58f,0.30927824220169325,0.17323449473988145,0.09229914428267096,0.24795980424961236,-0.8154017115790707,0.14898280624455232,0.24707866743157997,0.0008811367777794646,0.0003403988442919271,0.14864240740026036
sample_5213,L15-1138E-1216N_4553_3325_13,50176,0.10074537627551021,3d558d1bd739094eff6b85d6f78d112f486f009ef3bb33c94f7df58255173fc8,64990ea6addff6af93b8eace95fbcf586b8f19e678352f7776dc1bc87a88d58f,0.2972577001771923,0.17085590961436914,0.10159268411712682,0.26464676360109085,-0.7968146316938798,0.16119448977549306,0.2638420211144938,0.0008047425131435138,0.00029627410284761044,0.16089821567264545
sample_5214,L15-0358E-1220N_1433_3310_13,50176,0.03346221301020408,7aafaf4e9c8f6c594c308a32279e2c721a85bc1f0ed5ac80a6e3d0a43e45c450,64990ea6addff6af93b8eace95fbcf586b8f19e678352f7776dc1bc87a88d58f,0.10053195582762683,0.060724284750492664,0.05768840205237954,0.12360865448673783,-0.8846231971614288,0.07969700968663944,0.12330985747054259,0.0002987971549400305,6.84563272121868e-05,0.07962855335942724
sample_5215,L15-1185E-0935N_4742_4450_13,50176,0.1491749043367347,7f46fc5a2b70fdc8aefe462fb8da56d8040b85e76d3524ce19b10b59c114a85b,64990ea6addff6af93b8eace95fbcf586b8f19e678352f7776dc1bc87a88d58f,0.41786108743058675,0.24776596844315743,0.135167819279132,0.34929780706945485,-0.7296643613223418,0.21709331611091567,0.3488218931524476,0.0004759139627488955,0.00022473863745426831,0.2168685774734614
sample_5216,L15-1748E-1247N_6993_3202_13,50176,0.000896843112244898,8daf05172d2a1e9d9040274604059e0f5864e4bd4a436cfba6947e7340d3e376,64990ea6addff6af93b8eace95fbcf586b8f19e678352f7776dc1bc87a88d58f,0.012467798654366664,0.003273964350477114,0.009972944881824054,0.037633207703297825,-0.9800541110036096,0.017684355147697776,0.03685285165814242,0.0007803560796446437,6.881920534668744e-05,0.01761553594235109
sample_5217,L15-1276E-1107N_5105_3761_13,50176,0.06397480867346939,806b604cda614d23fdaad58f88e205c1fbaeff63368742a2280d81d152bd5604,64990ea6addff6af93b8eace95fbcf586b8f19e678352f7776dc1bc87a88d58f,0.21705232478522343,0.11206749829566078,0.05844869730252849,0.15957056426753644,-0.8831026063465345,0.09507663961081973,0.15914547394830444,0.00042509040062025223,0.00011535508290639011,0.09496128452791334
sample_5218,L15-1276E-1107N_5105_3761_13,50176,0.012715242346938776,88cd48a93026d63459b39e2d15dc23ebb2cc3f198a93ae3dcfa57a8fa3c140b1,64990ea6addff6af93b8eace95fbcf586b8f19e678352f7776dc1bc87a88d58f,0.06940764280646566,0.024794272315593478,0.008970171626543209,0.03261922153663122,-0.9820596576829005,0.015266009243244514,0.03219994082145545,0.0004192806256346,3.9008380550175834e-05,0.015227000862694339
sample_5219,L15-1014E-1375N_4056_2688_13,50176,0.17759486607142858,8fdd5ffdb6caecc345db34e53c57a1308d2dccb31a6c98809c43e3af96304eff,64990ea6addff6af93b8eace95fbcf586b8f19e678352f7776dc1bc87a88d58f,0.45977058208228505,0.2817763850149778,0.1325491072576759,0.325090694001198,-0.734901785320211,0.20396568735537804,0.32433136408809804,0.000759329977455402,0.00035110186133129436,0.2036145854940468
sample_5220,L15-0358E-1220N_1433_3310_13,50176,0.05803571428571429,2042d12f13de537b67ab58bbf589512f2a1874f93c5b0356afb5e87b502abe34,64990ea6addff6af93b8eace95fbcf586b8f19e678352f7776dc1bc87a88d58f,0.16598555563678533,0.099208064362511,0.08093600537347588,0.18243075006833592,-0.8381279901526782,0.11664635669146202,0.18192134801570295,0.000509401876381712,0.00018363665868071456,0.11646272003278134
sample_5221,L15-1014E-1375N_4056_2688_13,50176,0.06540975765306123,ca9d14b0edf4e616c1a03a46beac6ba6ef041900998fac9336cd1062606d2a0e,64990ea6addff6af93b8eace95fbcf586b8f19e678352f7776dc1bc87a88d58f,0.20396252178916816,0.11308804318322323,0.06113890506688277,0.16699435888881173,-0.8777221908247028,0.0994604816997016,0.1666224380705668,0.00037192082063071196,0.00012516029569697765,0.09933532140400464
sample_5222,L15-1185E-0935N_4742_4450_13,50176,0.06251992984693877,f2190af2dfc9bb60e3b92f43a756def7510aa6a58c3e218edb90ee4f289b0dc1,64990ea6addff6af93b8eace95fbcf586b8f19e678352f7776dc1bc87a88d58f,0.206286876518053,0.106606845385027,0.055929048200689106,0.14749753500521137,-0.8881419043738663,0.0871267053039612,0.1467352445682224,0.0007622904820139276,0.00017102061208890427,0.08695568469187229
sample_5223,L15-1014E-1375N_4056_2688_13,50176,0.07674984056122448,015834ce856a308bd9dd02ad6b186b55e7b6553ac5ed66ac9de42b1c74d0167a,64990ea6addff6af93b8eace95fbcf586b8f19e678352f7776dc1bc87a88d58f,0.2209606166538338,0.12253681371075742,0.06310404255886429,0.1526661424391612,-0.8737919157151174,0.09316733238629138,0.15236093043544655,0.00030521197918158044,8.714124056225932e-05,0.09308019114572912
sample_5224,L15-0544E-1228N_2176_3279_13,50176,0.14122289540816327,24d821eb5645d7c1c8030f8136527f78f2a40c68ce4feff6586021415dd8a676,64990ea6addff6af93b8eace95fbcf586b8f19e678352f7776dc1bc87a88d58f,0.49793211904141904,0.24302256466309705,0.07636884703391175,0.21521009343758912,-0.8472623056414496,0.12380096063349305,0.21461781525784285,0.0005922783327904689,0.00014970299627140867,0.12365125763722164
sample_5225,L15-1014E-1375N_4056_2688_13,50176,0.06997369260204081,d98e196100229314e6090d407b7e7ee710a92878f825012e94907122f7123145,64990ea6addff6af93b8eace95fbcf586b8f19e678352f7776dc1bc87a88d58f,0.20470228915599278,0.11164991024728393,0.05862577824867615,0.14518840000839964,-0.8827484444187798,0.08746702471017254,0.1446391812852268,0.0005492187742615505,0.00013584235950039804,0.08733118235067212
sample_5226,L15-0544E-1228N_2176_3279_13,50176,0.14213966836734693,8d5eb4801c3896b58674b838412098a1561f6b794b4738a3134dc1e7180cbf6b,64990ea6addff6af93b8eace95fbcf586b8f19e678352f7776dc1bc87a88d58f,0.5341415752012498,0.2554147231676684,0.06922396960577984,0.21394442516260778,-0.8615520607729437,0.11978392308935776,0.21309912176315335,0.0008453033730745151,0.00023529377845748434,0.11954862931090025
sample_5227,L15-0566E-1185N_2265_3451_13,50176,0.0,daede069d703460dc1275e43c772caa2a215db963efcbfa2dc4eef610aab241d,64990ea6addff6af93b8eace95fbcf586b8f19e678352f7776dc1bc87a88d58f,0.0014546319036932375,1.1250893635713516e-05,0.0014517541335686585,0.010625972876514891,-0.9970964917085988,0.002892257373501604,0.010303646908525076,0.0003223259554256091,2.9940267995202395e-06,0.0028892633467020833
sample_5228,L15-0544E-1228N_2176_3279_13,50176,0.14132254464285715,1a650c539e83fc8624a12a3f3b2619e59f46f2950f96521cc218a6ff449eac6d,64990ea6addff6af93b8eace95fbcf586b8f19e678352f7776dc1bc87a88d58f,0.4293250443401455,0.2371745274886086,0.11386340899079354,0.2995609709615364,-0.772273182043915,0.18113772407613324,0.29866075108186985,0.000900219812086485,0.00031640487471613666,0.18082131920141706
sample_5229,L15-1848E-0793N_7394_5018_13,50176,0.0007174744897959184,daede069d703460dc1275e43c772caa2a215db963efcbfa2dc4eef610aab241d,64990ea6addff6af93b8eace95fbcf586b8f19e678352f7776dc1bc87a88d58f,0.06380367260912635,0.02451462230994759,0.05620890104910359,0.14370189909507447,-0.8875821990450466,0.08815064274142484,0.14325949808341992,0.0004424009756239681,0.00011766650137937658,0.08803297624004547
sample_5230,L15-0358E-1220N_1433_3310_13,50176,0.05883290816326531,b235c2315769cef11ddffe1b2aefb31306d688bf44db3f655c90214b3f175e2e,64990ea6addff6af93b8eace95fbcf586b8f19e678352f7776dc1bc87a88d58f,0.17531115122995458,0.09888354723786576,0.05452424821405843,0.1372256997209183,-0.8909515041468808,0.08278252915055846,0.13656064181324906,0.0006650578528750414,0.0001484046994665935,0.08263412445109186
sample_5231,L15-1848E-0793N_7394_5018_13,50176,0.004205197704081632,41120604b05acee5707f515a230e3fc2b12189a36d8d2d512a69a4e857d0c01e,64990ea6addff6af93b8eace95fbcf586b8f19e678352f7776dc1bc87a88d58f,0.01760838316989964,0.007642630538290371,0.006592796450214726,0.02525391085470464,-0.9868144072913608,0.010999744358598317,0.02459070925082837,0.0006632015105681172,3.630219153236607e-05,0.010963442167065952
sample_5232,L15-1848E-0793N_7394_5018_13,50176,0.000896843112244898,daede069d703460dc1275e43c772caa2a215db963efcbfa2dc4eef610aab241d,64990ea6addff6af93b8eace95fbcf586b8f19e678352f7776dc1bc87a88d58f,0.06276351948207114,0.02408911005867451,0.054967713752542904,0.1413776952099447,-0.890064573871819,0.08645193959904288,0.14092834221488995,0.0004493529890927842,0.000142911989023988,0.0863090276100189
sample_5233,L15-0368E-1245N_1474_3210_13,50176,0.23573022959183673,a016cf682c30051964c097ced8c516264a0f4b91644305bbe4aed7b074addfc3,64990ea6addff6af93b8eace95fbcf586b8f19e678352f7776dc1bc87a88d58f,0.6723364846277362,0.3726444969719704,0.1558159164518916,0.36193964822109964,-0.6883681670588317,0.23135226096767775,0.3614571800707558,0.00048246822714190414,0.0002206830228241791,0.2311315779448536
sample_5234,L15-1014E-1375N_4056_2688_13,50176,0.17592075892857142,8fdd5ffdb6caecc345db34e53c57a1308d2dccb31a6c98809c43e3af96304eff,64990ea6addff6af93b8eace95fbcf586b8f19e678352f7776dc1bc87a88d58f,0.4596764062682333,0.2803587637637348,0.12669049153503562,0.3171760447220633,-0.7466190165910577,0.19717597896252997,0.31646113021857536,0.0007149145871061677,0.000319794530070767,0.19685618443245914
sample_5235,L15-0368E-1245N_1474_3210_13,50176,0.20268654336734693,09a26ff9a24b9bfa35281f5ab86bd161d503bc3879238319c4be19dc1952a12c,64990ea6addff6af93b8eace95fbcf586b8f19e678352f7776dc1bc87a88d58f,0.5288234185534533,0.31630357539664167,0.13667479721943335,0.3335820688024185,-0.7266504052612048,0.2093814144195277,0.3328910746590563,0.0006909942370830877,0.0003131252465486557,0.20906828917297904
sample_5236,L15-1389E-1284N_5557_3054_13,50176,0.0,daede069d703460dc1275e43c772caa2a215db963efcbfa2dc4eef610aab241d,64990ea6addff6af93b8eace95fbcf586b8f19e678352f7776dc1bc87a88d58f,0.0014719678144423554,6.282434733361805e-06,0.0014703918333944617,0.010853035141957092,-0.9970592166405405,0.0029345012320555618,0.010476254083873848,0.00037678098857060353,3.2557994907084976e-06,0.0029312454325648536
sample_5237,L15-1848E-0793N_7394_5018_13,50176,0.0014150191326530613,daede069d703460dc1275e43c772caa2a215db963efcbfa2dc4eef610aab241d,64990ea6addff6af93b8eace95fbcf586b8f19e678352f7776dc1bc87a88d58f,0.008301518290765836,0.0031905573160041626,0.006888070961042326,0.023995072969864306,-0.9862238583197586,0.011120223599009372,0.02348965213708216,0.000505420780179376,2.6380407403832686e-05,0.01109384319160554
sample_5238,L15-1014E-1375N_4056_2688_13,50176,0.06881776147959184,23f27b46ae1ac7647578e8545878580fc39ae0a7267f05d116f2a871cb577187,64990ea6addff6af93b8eace95fbcf586b8f19e678352f7776dc1bc87a88d58f,0.20365579028360453,0.11845978305002665,0.08434859722881216,0.2052212999217507,-0.8313028064898569,0.12904960438935542,0.2047992525186848,0.00042204738329801826,0.00016916738908144592,0.128880437000274
sample_5239,L15-0358E-1220N_1433_3310_13,50176,0.08248963647959184,56b68e9f1d8ee921b343eea83cb8474ff2a032848ea550462339adbbf66dd40a,64990ea6addff6af93b8eace95fbcf586b8f19e678352f7776dc1bc87a88d58f,0.23030727589178712,0.13784091714901422,0.09112741337490401,0.2241611478231153,-0.8177451737810068,0.14028591348556435,0.2234086849827717,0.0007524629393902143,0.0002958418584846937,0.13999007162707972
sample_5240,L15-1389E-1284N_5557_3054_13,50176,0.07647082270408163,e9abbce9a4944d042e0459a5d045a946be9f40af813a80b7da39ce1b9b850716,64990ea6addff6af93b8eace95fbcf586b8f19e678352f7776dc1bc87a88d58f,0.21793250513988885,0.12884201692670086,0.0805247672085118,0.1981783275604409,-0.8389504666814965,0.12406995582732232,0.19735585545401277,0.0008224722092370238,0.0002935670819912881,0.12377638874533102
sample_5241,L15-1748E-1247N_6993_3202_13,50176,0.014409279336734694,c506f0a2ed7fac7a82073409b71b4f8e105d21b315de56fd4688b20665fc1049,64990ea6addff6af93b8eace95fbcf586b8f19e678352f7776dc1bc87a88d58f,0.045434290619407056,0.025223610402488317,0.020965379226848255,0.05662435000631903,-0.9580692423555106,0.03244519384035938,0.05642628411839076,0.00019806589169608783,2.7897802375648847e-05,0.03241729603798374
sample_5242,L15-1276E-1107N_5105_3761_13,50176,0.010323660714285714,77cf69d618be999ccd9c8822095f60fc8cc8dcc3ba54ba304c670c62472d4f43,64990ea6addff6af93b8eace95fbcf586b8f19e678352f7776dc1bc87a88d58f,0.06752459704509159,0.020188443659013545,0.0021786342163532214,0.01262203390444465,-0.9956427316779973,0.004077497858626666,0.012299181102100785,0.00032285266293862396,7.482469132167282e-06,0.004070015389494498
sample_5243,L15-1748E-1247N_6993_3202_13,50176,0.026785714285714284,3b327bfa5bbf59bfd601c9c3f628b97f2a1f0c80027b24548b4311dcd6bee8f6,64990ea6addff6af93b8eace95fbcf586b8f19e678352f7776dc1bc87a88d58f,0.08137404558973199,0.045548858657066996,0.028556547444836447,0.07503362975320071,-0.9428869063011794,0.043954236922756254,0.07461131987003929,0.0004223099595958806,6.298354724812404e-05,0.043891253375508116
sample_5244,L15-1138E-1216N_4553_3325_13,50176,0.05462771045918367,4d0107bbaf9578b51a282fb5d96b8d3746de4ec8bd75f8d1935bb213d1b40195,64990ea6addff6af93b8eace95fbcf586b8f19e678352f7776dc1bc87a88d58f,0.33298630005112134,0.11311815084816013,0.06580714272853101,0.1874265983415748,-0.8683857149551335,0.1090400489209102,0.18647960702487323,0.0009469912666857128,0.00031572118447244425,0.10872432773643773
sample_5245,L15-1389E-1284N_5557_3054_13,50176,0.07663026147959184,3620d3add6eed213e8488b2b485acc5f48353094ca56f139a3e338cb090b344b,64990ea6addff6af93b8eace95fbcf586b8f19e678352f7776dc1bc87a88d58f,0.22044115294558964,0.12858841497525786,0.06753863239000381,0.1763444506210683,-0.8649227362073684,0.10760937153123411,0.17603124899248734,0.00031320155452486855,0.00011696391953644223,0.10749240761169765
sample_5246,L15-1210E-1025N_4840_4088_13,50176,0.0755141900510204,1e353258580b80a277ba460ca58acd08b1c1422d7108f7b1b831093be12ec33e,64990ea6addff6af93b8eace95fbcf586b8f19e678352f7776dc1bc87a88d58f,0.2612138161715683,0.13334792720057395,0.04810122592488722,0.1486131339933873,-0.9037975485237003,0.08277589357392633,0.14803341051089633,0.0005797235318699143,0.00013751635985265398,0.08263837721407366
sample_5247,L15-1748E-1247N_6993_3202_13,50176,0.030113998724489797,3b327bfa5bbf59bfd601c9c3f628b97f2a1f0c80027b24548b4311dcd6bee8f6,64990ea6addff6af93b8eace95fbcf586b8f19e678352f7776dc1bc87a88d58f,0.08789810865962401,0.04823125383004064,0.03243333813069122,0.08258841042927992,-0.935133325316389,0.049086566281331075,0.08228659971115102,0.00030181079450045735,5.739140170347278e-05,0.0490291748796276
sample_5248,L15-1276E-1107N_5105_3761_13,50176,0.01670121173469388,8775a78d9b7b9d97c4db719ee2923749575cac5ef104b4935f419763c27a6836,64990ea6addff6af93b8eace95fbcf586b8f19e678352f7776dc1bc87a88d58f,0.07255056121420711,0.030964992229025906,0.012421773082567188,0.043629102326033564,-0.9751564548243717,0.021827578626842536,0.04318352631310063,0.00044557611839189686,4.116775696290306e-05,0.02178641086987963
sample_5249,L15-1185E-0935N_4742_4450_13,50176,0.06329719387755102,a3e9899b72874df9771c90d831db65e693a99b24b49d0122f67df4d0cf06ef7e,64990ea6addff6af93b8eace95fbcf586b8f19e678352f7776dc1bc87a88d58f,0.20127693991340842,0.10666602588182221,0.06446879113815268,0.1635079638663694,-0.8710624182609393,0.09837278122812117,0.16313215018610677,0.00037581369080822715,0.00010115834709117694,0.09827162288103
sample_5250,L15-1138E-1216N_4553_3325_13,50176,0.06224091198979592,af078f97252cb783e11079c3c570f850d1e55c21d8a2ddccf1a3ecc2a8a0bf7d,64990ea6addff6af93b8eace95fbcf586b8f19e678352f7776dc1bc87a88d58f,0.3407306858440121,0.12252379513308403,0.07529440496535021,0.20694539066946985,-0.8494111903096999,0.12183824707292532,0.20573920103806542,0.0012061896970526765,0.00038279356947886834,0.12145545350344643
sample_5251,L15-1014E-1375N_4056_2688_13,50176,0.06335698341836735,e3f8d9fe0544f8500e7896dbcfdf241a0271d07d7b4a865284bd45cffbf2e0de,64990ea6addff6af93b8eace95fbcf586b8f19e678352f7776dc1bc87a88d58f,0.19339402628173033,0.1052991646553189,0.056441812900759815,0.1396272146024712,-0.8871163754146683,0.08441150290077151,0.13918815573153903,0.00043905876750079657,0.00011031727263867576,0.08430118562813284
sample_5252,L15-0566E-1185N_2265_3451_13,50176,0.0007374043367346938,1706b9164e7060a4a2cd1520b965b41282ef99addb275a90aaabf6475522d5d2,64990ea6addff6af93b8eace95fbcf586b8f19e678352f7776dc1bc87a88d58f,0.003043471802567341,0.000986166647307893,0.0021979837257852207,0.012532306368754614,-0.9956040324533536,0.004011407784128928,0.012169897108403152,0.00036240938705859384,7.287995762865444e-06,0.004004119788366061
sample_5253,L15-1138E-1216N_4553_3325_13,50176,0.06724330357142858,7e253e9c7e0eb06227b51c50fccb58d3f7a2f31a50e7eb48a47a0dd5f5cd83c2,64990ea6addff6af93b8eace95fbcf586b8f19e678352f7776dc1bc87a88d58f,0.23309174410024955,0.11868883213008495,0.06582065007164695,0.18201297676509554,-0.8683587004119057,0.1071154733651886,0.18157217404154086,0.0004408026642526002,0.00012213223613381885,0.10699334112905479
sample_5254,L15-1748E-1247N_6993_3202_13,50176,0.00817123724489796,c442d5ff83ce79e4151e4c61222613c2501cf060699810b7dda105eacfa3aaa7,64990ea6addff6af93b8eace95fbcf586b8f19e678352f7776dc1bc87a88d58f,0.03356082582089382,0.015383453033771212,0.014247930190544955,0.04506380833045404,-0.9715041402733118,0.023727354843736732,0.04455541758183127,0.0005083909095266334,5.6215489062847474e-05,0.023671139354673888
sample_5255,L15-1014E-1375N_4056_2688_13,50176,0.06863839285714286,f32e732beb708ce26593e2fcf25e0525643b72f959ef1d8a11bdf69bbb519603,64990ea6addff6af93b8eace95fbcf586b8f19e678352f7776dc1bc87a88d58f,0.2057038043601122,0.11534351564235763,0.07540615278590775,0.1784189993423986,-0.8491876950670918,0.1108566745562161,0.17801036762438743,0.00040863185720493687,0.0001284166893229062,0.1107282578668932
sample_5256,L15-0368E-1245N_1474_3210_13,50176,0.1824577487244898,7f41dde41901d3cc228c6ccae1fd6d184685b7636d59b53a0cc21fb612b1cb25,64990ea6addff6af93b8eace95fbcf586b8f19e678352f7776dc1bc87a88d58f,0.5344978026806374,0.2919388096687357,0.14178231846046996,0.34244655753849074,-0.7164353630017661,0.2151800059998311,0.3419105495507358,0.0005360081812176704,0.00023778017011754222,0.21494222582971356
sample_5257,L15-1748E-1247N_6993_3202_13,50176,0.005600286989795918,6073e7f5898dd8d03011aaa7c13f794d5a2b81a2ff6791085ed4c58154b4165d,64990ea6addff6af93b8eace95fbcf586b8f19e678352f7776dc1bc87a88d58f,0.03729778684341868,0.01542659504892518,0.021646684740090325,0.06463473057816306,-0.9567066319972939,0.03561153020190881,0.06420970615918772,0.00042502428053591934,5.934285953869713e-05,0.03555218734237012
sample_5258,L15-1276E-1107N_5105_3761_13,50176,0.008669483418367346,0c89eeff13ad47ab2daa80d21e8bc00766726ab0d351b526ca69b532460e5f0e,64990ea6addff6af93b8eace95fbcf586b8f19e678352f7776dc1bc87a88d58f,0.04530260123796358,0.015918638356615677,0.00262339822639122,0.013866732851132173,-0.9947532034914482,0.004724787083867783,0.0135372875653031,0.00032944526113558217,6.64984365333966e-06,0.004718137240214442
sample_5259,L15-0544E-1228N_2176_3279_13,50176,0.15146683673469388,7edcd72cc0d75ccb9d75e8c69d58908b319b8cfc6b3dc3c584f56cd25a87365e,64990ea6addff6af93b8eace95fbcf586b8f19e678352f7776dc1bc87a88d58f,0.47755135758668127,0.2605546165258967,0.11731942984446579,0.31254094086425743,-0.7653611402068686,0.18895184889020378,0.3112783324224068,0.001262608463249101,0.0005002492740583799,0.18845159961614544
sample_5260,L15-1138E-1216N_4553_3325_13,50176,0.04049744897959184,a2ee3a5eb0e9b0b39430632b4b38e2b3f50114369b1b0c3379a021b556dba117,64990ea6addff6af93b8eace95fbcf586b8f19e678352f7776dc1bc87a88d58f,0.2311572470425721,0.07831278037877898,0.021195757284769978,0.06719118696441122,-0.9576084865534034,0.03565557955931554,0.06656255218458801,0.0006286348883050314,8.919496378009424e-05,0.03556638459553544
sample_5261,L15-0566E-1185N_2265_3451_13,50176,0.003926179846938775,2d7f472031c2633d0d74dcef7c27f0c6a9ce326778397355c10b26e0c0ac0192,64990ea6addff6af93b8eace95fbcf586b8f19e678352f7776dc1bc87a88d58f,0.016225194552459864,0.007696177062503,0.007514058881942943,0.025695807781026186,-0.9849718821853991,0.012321883609848117,0.025352413201541628,0.0003433946357562008,2.0462403152440334e-05,0.012301421206695678
sample_5262,L15-1210E-1025N_4840_4088_13,50176,0.05201690051020408,eaf039695df001d71df73ffaff8d086712aeb9340b7ae488d197174969f427da,64990ea6addff6af93b8eace95fbcf586b8f19e678352f7776dc1bc87a88d58f,0.16399813083665046,0.08506114178835306,0.040536189899656315,0.1072380891644197,-0.9189276212418573,0.06236162476179693,0.10668231653235138,0.0005557725646295594,0.0001020688620359999,0.06225955589976092
sample_5263,L15-1014E-1375N_4056_2688_13,50176,0.07565369897959184,557c3a4793c9cfa0eeae7eb056b77ee2f518b304e9e39562c394654aefd7b23a,64990ea6addff6af93b8eace95fbcf586b8f19e678352f7776dc1bc87a88d58f,0.22264429166529262,0.12460902486043077,0.0771197243261018,0.1847433154032644,-0.8457605519592528,0.1141624561069694,0.18445052744997076,0.0002927879872633207,9.265635492258194e-05,0.11406979975204684
sample_5264,L15-0358E-1220N_1433_3310_13,50176,0.06744260204081633,67d80bf8e557fe2886b492aba5793f792f02ce1fccf098d75e463d0c5e84e432,64990ea6addff6af93b8eace95fbcf586b8f19e678352f7776dc1bc87a88d58f,0.1948145716520331,0.11585886531182005,0.08485747143455154,0.2050439153330303,-0.8302850577794468,0.1278653068649023,0.2042825048234159,0.0007614103990936726,0.00023978435603560908,0.12762552250886672
sample_5265,L15-1276E-1107N_5105_3761_13,50176,0.018275669642857144,a2f0eedc5a1060eb3adcaee0650acb80883c0e18b0bf160d7286bab238e2b636,64990ea6addff6af93b8eace95fbcf586b8f19e678352f7776dc1bc87a88d58f,0.08838937866437972,0.03478494144450642,0.007976205464766115,0.030799910252260285,-0.984047589354393,0.014161441695470746,0.030253609879794717,0.0005463004579862993,3.548783991844155e-05,0.014125953855552306
sample_5266,L15-1014E-1375N_4056_2688_13,50176,0.06939572704081633,425be0067e8d82844efee7b7187676d9637a3175cc3588f1d8ef16ee42bd41ef,64990ea6addff6af93b8eace95fbcf586b8f19e678352f7776dc1bc87a88d58f,0.2048110458492863,0.1177494232385549,0.07414820946382397,0.19538375675537195,-0.8517035817206914,0.11864201100935967,0.19465006386635125,0.0007336930193657382,0.0002647004462581942,0.1183773105631015
sample_5267,L15-1014E-1375N_4056_2688_13,50176,0.17703683035714285,00392ddbaf1429754cfc4818857e5dfa3101a08403a34f492c86a12600c26b73,64990ea6addff6af93b8eace95fbcf586b8f19e678352f7776dc1bc87a88d58f,0.4639380647588931,0.28323350671576014,0.1315175384242677,0.3244211705866678,-0.7369649229144086,0.20311924340652854,0.32381332335088336,0.0006078472781041519,0.00028411491439548747,0.202835128492133
sample_5268,L15-1276E-1107N_5105_3761_13,50176,0.015146683673469387,3e40741833350486b9f101f411c4c42fd613e573943c995b304530c465f964c8,64990ea6addff6af93b8eace95fbcf586b8f19e678352f7776dc1bc87a88d58f,0.0789301032554567,0.029294328851540888,0.0047424784837746805,0.021098534476671014,-0.9905150428679956,0.00870383025613017,0.020595335323917528,0.0005031992775919398,2.6729180888040564e-05,0.008677101075242128
sample_5269,L15-1276E-1107N_5105_3761_13,50176,0.058294802295918366,baef8f3ba1e9dbdb7fab4f86813bcd7209acd03fac257cd25fda873b3f999ea7,64990ea6addff6af93b8eace95fbcf586b8f19e678352f7776dc1bc87a88d58f,0.19829923283175152,0.10205261600937769,0.057256738935616246,0.15693554099590215,-0.885486522963016,0.09323997672874479,0.15654085531485384,0.00039468572164746296,8.758877726425123e-05,0.09315238795148051
sample_5270,L15-1389E-1284N_5557_3054_13,50176,0.0017139668367346938,df2a9f03cbf805212a61e7510669ab398999bbc55db49a438a2dc9ae6474b258,64990ea6addff6af93b8eace95fbcf586b8f19e678352f7776dc1bc87a88d58f,0.009302450936654345,0.0035473470801487767,0.005335146200139911,0.021807149746384594,-0.9893297078007117,0.009200168953386155,0.0210974053325117,0.0007097443412895643,3.067317134536345e-05,0.009169495782040791
sample_5271,L15-1389E-1284N_5557_3054_13,50176,0.0018136160714285715,94f0320abd99652f336e8f6660cee5313dc3b055a20f3af7666d5b86c564586d,64990ea6addff6af93b8eace95fbcf586b8f19e678352f7776dc1bc87a88d58f,0.009707896207459682,0.0037910700256549635,0.005003024142102471,0.020548653786416113,-0.9899939518657892,0.00858213812527178,0.020063057341083233,0.00048559643841634373,1.6737617457367946e-05,0.008565400507814413
sample_5272,L15-1185E-0935N_4742_4450_13,50176,0.1483577806122449,9cad89a9cb01fd36c43672af2fa2af3c4b5fc0c3797251bc828b72d1cd261ca8,64990ea6addff6af93b8eace95fbcf586b8f19e678352f7776dc1bc87a88d58f,0.4120803586703722,0.24659946600480137,0.12108508369300933,0.3236909798609695,-0.7578298325350115,0.19752140747267893,0.3231246538424498,0.0005663259482111522,0.00023259267249483206,0.19728881480018406
sample_5273,L15-0566E-1185N_2265_3451_13,50176,0.030074139030612245,239fc8712da8324f47d1ea0d2e86f4ea32aabe7c6343cecf5099eb568e1f7bf5,64990ea6addff6af93b8eace95fbcf586b8f19e678352f7776dc1bc87a88d58f,0.09165052975725678,0.05298170286671341,0.03546649015066689,0.09219446793971542,-0.9290670208784696,0.054779942007048374,0.0914900221524497,0.0007044458587803702,6.686776618957036e-05,0.054713074240858806
sample_5274,L15-1389E-1284N_5557_3054_13,50176,0.014170121173469387,24b3458779a2ee6e464f2d4b2e34907061751af37d2dea2ae2ffb66fdae29e15,64990ea6addff6af93b8eace95fbcf586b8f19e678352f7776dc1bc87a88d58f,0.04522263125243563,0.02485589554360986,0.015825791164462893,0.04451501846283237,-0.9683484177927595,0.024929485593349378,0.044012991749872415,0.0005020266874524861,7.206153801460013e-05,0.02485742405533478
sample_5275,L15-1138E-1216N_4553_3325_13,50176,0.057497608418367346,93102efd7190fd697c0c6adc6f0d2689170b8bd2141073d6633e22d6870694cf,64990ea6addff6af93b8eace95fbcf586b8f19e678352f7776dc1bc87a88d58f,0.20470151620642388,0.10091658129755005,0.0472793292529805,0.13176735412173987,-0.9054413424537382,0.07600236598904868,0.13100923770644726,0.0007581163877361292,0.00013192409667968198,0.075870441892369
sample_5276,L15-0544E-1228N_2176_3279_13,50176,0.17735570790816327,1998844aea8abd8ab41ee109baefc2cff9f6236a3580d4880f6a5bf9159b90d7,64990ea6addff6af93b8eace95fbcf586b8f19e678352f7776dc1bc87a88d58f,0.6463024373243446,0.31300922032211137,0.0719865649743766,0.20647447828811508,-0.8560268699340868,0.11752183921053748,0.20560164900129663,0.0008728293951322376,0.00024719597718157185,0.1172746432333559
sample_5277,L15-0358E-1220N_1433_3310_13,50176,0.047552614795918366,4dd72013ba9494f034d785ffe401e3a54865039bccce114a34a0de4b18adfe8f,64990ea6addff6af93b8eace95fbcf586b8f19e678352f7776dc1bc87a88d58f,0.1493856875314307,0.08517071096057122,0.06685012124825687,0.16340542026619895,-0.8662997583404505,0.1007382579913024,0.16256526448072794,0.0008401557197994809,0.00021528133232651234,0.10052297665897587
sample_5278,L15-1138E-1216N_4553_3325_13,50176,0.15037069515306123,1cba8fdcf5b4ad622e87ffd06670bfb3c7d41e22382c230a4b52b027da27a73f,64990ea6addff6af93b8eace95fbcf586b8f19e678352f7776dc1bc87a88d58f,0.46371856817881957,0.2511349900650069,0.12501582173198195,0.31073843460896666,-0.7499683564082409,0.1925541611080157,0.3098697356313349,0.0008686992083319041,0.00034765242994523946,0.1922065086780705
sample_5279,L15-1185E-0935N_4742_4450_13,50176,0.05737802933673469,0efd6337e2a562edf91beebfbb34b3bceb9f144ba780400486b5b2573d60c629,64990ea6addff6af93b8eace95fbcf586b8f19e678352f7776dc1bc87a88d58f,0.19612549751891595,0.09891872637630489,0.05368869048804615,0.14568331927113617,-0.892622619525244,0.08517580773416511,0.14514436530525063,0.0005389540547829505,0.0001377375399571648,0.08503807019420792
sample_5280,L15-0544E-1228N_2176_3279_13,50176,0.15310108418367346,83de72ac86eeec43772212a801816c3328915ea4dd1e4aa32cc404d472291a15,64990ea6addff6af93b8eace95fbcf586b8f19e678352f7776dc1bc87a88d58f,0.567978381694691,0.27181102362981724,0.07993824134357463,0.2358259796259959,-0.8401235173426798,0.13486088097541832,0.23439413743585635,0.0014318422094567428,0.00045576794106257833,0.1344051130343557
sample_5281,L15-1848E-0793N_7394_5018_13,50176,0.0042849170918367345,41120604b05acee5707f515a230e3fc2b12189a36d8d2d512a69a4e857d0c01e,64990ea6addff6af93b8eace95fbcf586b8f19e678352f7776dc1bc87a88d58f,0.017248254136574496,0.007646311463864201,0.005409628466455912,0.021546070976416233,-0.9891807431940829,0.00921665387690015,0.020643501541287048,0.0009025694426483674,4.270613753572947e-05,0.00917394773936442
sample_5282,L15-0358E-1220N_1433_3310_13,50176,0.04408482142857143,25c2a34d876d325c4fb4c24de9bbf2ccbdf6a68efd90f3a19d2bf53b4e6f9aa8,64990ea6addff6af93b8eace95fbcf586b8f19e678352f7776dc1bc87a88d58f,0.13903410902942823,0.08034099935150364,0.06866789920070228,0.16100981341371698,-0.8626642023618625,0.10109128023427748,0.16057819416072489,0.00043161941723616045,0.00012495104748898797,0.10096632918678848
sample_5283,L15-1138E-1216N_4553_3325_13,50176,0.1488360969387755,b43a4a1f5e88a1c0fd66a6faa9106a033469ab17bacfbac941188dfbbe7f8b2f,64990ea6addff6af93b8eace95fbcf586b8f19e678352f7776dc1bc87a88d58f,0.4509002674420191,0.24518804726214774,0.13488793039661168,0.32019537160219147,-0.730224139247712,0.20124437200397483,0.31932591160320706,0.0008694598157549699,0.000354103026895581,0.20089026897707923
sample_5284,L15-1389E-1284N_5557_3054_13,50176,0.0,daede069d703460dc1275e43c772caa2a215db963efcbfa2dc4eef610aab241d,64990ea6addff6af93b8eace95fbcf586b8f19e678352f7776dc1bc87a88d58f,0.0014335359081672399,6.913606515951525e-06,0.0014318000389814225,0.010509863381983852,-0.9971363998239631,0.0028566864714468935,0.010184130768068974,0.00032573269791816013,2.8140688802450683e-06,0.002853872402566648
sample_5285,L15-0566E-1185N_2265_3451_13,50176,0.0005181760204081633,1706b9164e7060a4a2cd1520b965b41282ef99addb275a90aaabf6475522d5d2,64990ea6addff6af93b8eace95fbcf586b8f19e678352f7776dc1bc87a88d58f,0.0031536211928944674,0.0009685994451049631,0.0025401154000844273,0.012587459892619519,-0.994919769396642,0.004451327518818583,0.01226045504672955,0.0003270047647684009,7.72692691035193e-06,0.0044436005919082314
sample_5286,L15-1748E-1247N_6993_3202_13,50176,0.0012356505102040817,82f9c97fae022c82982214834d9a3b918207f1da14ec6c1221831718cb532878,64990ea6addff6af93b8eace95fbcf586b8f19e678352f7776dc1bc87a88d58f,0.00825214884688314,0.0029734212909357425,0.006632512996011242,0.02407356808150137,-0.9867349741338393,0.01093760411482699,0.023507571979673594,0.000565996125843035,2.0360804022636882e-05,0.01091724331080435
sample_5287,L15-0566E-1185N_2265_3451_13,50176,0.0028698979591836736,cc207b4947e99ce329926253050cd90f9bd4ccfd950f75c1d9f7b925ea74a0cf,64990ea6addff6af93b8eace95fbcf586b8f19e678352f7776dc1bc87a88d58f,0.01546394138284304,0.006289524590362957,0.00858497394519687,0.027760528624814918,-0.9828300521121881,0.013773676902574888,0.027522857293274045,0.0002376712939331595,1.958207869394576e-05,0.01375409482388094
sample_5288,L15-1389E-1284N_5557_3054_13,50176,0.015744579081632654,c6ab6451c099df68f17ddeef4a14323fade653481038b38ef86de536a507a900,64990ea6addff6af93b8eace95fbcf586b8f19e678352f7776dc1bc87a88d58f,0.04959441668452484,0.027955386373605763,0.022374716821383228,0.059159762024889206,-0.9552505667408895,0.034784374244764264,0.058731215497683634,0.00042854655877064106,6.031572957594343e-05,0.03472405851518831
sample_5289,L15-0368E-1245N_1474_3210_13,50176,0.23688616071428573,91a371a3fd630aadab1e5502bfad1416c3dee4aeb8ad17c61e6bef56d2b2f88f,64990ea6addff6af93b8eace95fbcf586b8f19e678352f7776dc1bc87a88d58f,0.6625142686325853,0.37195073677531715,0.1626491937085473,0.37100884730331285,-0.6747016126048162,0.23873296116036935,0.37036810399192627,0.0006407433127524836,0.00030102073817542914,0.23843194042219396
sample_5290,L15-1748E-1247N_6993_3202_13,50176,0.00994499362244898,dbd4e68c78b84bb5e16e98cef0fea865be63307bb485bb6fc6cec59dd8f62db9,64990ea6addff6af93b8eace95fbcf586b8f19e678352f7776dc1bc87a88d58f,0.03614369186058939,0.01735538001189584,0.010878497321272686,0.035653807650141756,-0.9782430056575862,0.018260839708035877,0.03540645296284218,0.00024735466654129165,2.3875615359527363e-05,0.018236964092676354
sample_5291,L15-1185E-0935N_4742_4450_13,50176,0.07252471301020408,cf1b4f0172e6ab14c8fb83b09016ab3281680085af306e0d56182ccce844885b,64990ea6addff6af93b8eace95fbcf586b8f19e678352f7776dc1bc87a88d58f,0.21926824899085065,0.12165444836901407,0.0693338554927471,0.18722569763239194,-0.861332289468252,0.111212741615689,0.18649432979720978,0.000731367724235769,0.0002609183184933429,0.11095182329719565
sample_5292,L15-1138E-1216N_4553_3325_13,50176,0.056540975765306124,d4e683574ac7f065e6d90ed7c924415a88d16212a299df131817b6b66894ea35,64990ea6addff6af93b8eace95fbcf586b8f19e678352f7776dc1bc87a88d58f,0.19184665496614375,0.09868906408507906,0.05179843993510633,0.1422783290173076,-0.8964031209318136,0.08267568623063457,0.14153484222013282,0.0007434868089809328,0.00016239814292558775,0.08251328808770898
sample_5293,L15-1185E-0935N_4742_4450_13,50176,0.07286352040816327,ae9a70ecd9c60fe2a61bb9fb1d2a1b17bcecb95a78c303e237bbeb8e211293c2,64990ea6addff6af93b8eace95fbcf586b8f19e678352f7776dc1bc87a88d58f,0.2282563289208055,0.12437454718939207,0.06059229233758334,0.17296858590891348,-0.878815415871812,0.10038730465432426,0.1721735085554946,0.0007950774036412302,0.00026255474301139234,0.10012474991131287
sample_5294,L15-1276E-1107N_5105_3761_13,50176,0.010622608418367346,88535bbe5962d53ac241a166157e5db6bfdc81e1574c600b6e9b6e9af0c8488e,64990ea6addff6af93b8eace95fbcf586b8f19e678352f7776dc1bc87a88d58f,0.05267155280777879,0.019216524944182155,0.005470939845378909,0.022015663104168585,-0.9890581205272988,0.009245928193466655,0.021430964991436922,0.0005846982212564035,2.909969889183396e-05,0.009216828494574817
sample_5295,L15-1138E-1216N_4553_3325_13,50176,0.05839445153061224,db94d5a01f1b17af0ed552f272a8d3122fb5079161896e58b1a21e3a53657197,64990ea6addff6af93b8eace95fbcf586b8f19e678352f7776dc1bc87a88d58f,0.2145575451264001,0.10299189418932013,0.04866937730266541,0.13627073171984905,-0.9026612462463792,0.07846451389455546,0.1355505837435624,0.0007201480090739642,0.00017202137907778006,0.07829249251547767
sample_5296,L15-1848E-0793N_7394_5018_13,50176,0.0011160714285714285,daede069d703460dc1275e43c772caa2a215db963efcbfa2dc4eef610aab241d,64990ea6addff6af93b8eace95fbcf586b8f19e678352f7776dc1bc87a88d58f,0.005991218664445445,0.0022697503675893414,0.004726571609427658,0.01783943107662199,-0.9905468570760271,0.00789111352549348,0.01767409007442646,0.0001653409167688266,9.33895590193016e-06,0.00788177456959155
sample_5297,L15-1014E-1375N_4056_2688_13,50176,0.07220583545918367,8cc510d97eb2488d72a560b3afb87b33272ca3538772a8b2701623f19db080c3,64990ea6addff6af93b8eace95fbcf586b8f19e678352f7776dc1bc87a88d58f,0.21735915540219716,0.12070506351294241,0.07431280698237598,0.17420133664901552,-0.8513743870307162,0.1084902339950147,0.1739466371328866,0.00025469932758885735,8.396158649926877e-05,0.10840627240851544
sample_5298,L15-1748E-1247N_6993_3202_13,50176,0.0012356505102040817,6151bfd2392578824ed2981d3e73d02e4cb94ebbedff03525b250b192f386c40,64990ea6addff6af93b8eace95fbcf586b8f19e678352f7776dc1bc87a88d58f,0.009883098816899069,0.0033693964690238985,0.007386655227176617,0.027630966665865293,-0.9852266897992503,0.012425451176075577,0.02698426013234975,0.0006467066153049094,3.515114495438339e-05,0.01239030003112119
sample_5299,L15-1014E-1375N_4056_2688_13,50176,0.13552295918367346,6069c19b6a6a7a41b0962e4113879af6d706079aae9550b606023a12ee0e4692,64990ea6addff6af93b8eace95fbcf586b8f19e678352f7776dc1bc87a88d58f,0.342858250187961,0.21626491617977722,0.11919290333159496,0.2894428928836031,-0.7616141933639332,0.18355346582967866,0.28905239283269063,0.00039050012074041214,0.00019119142875819112,0.18336227440092048
sample_5300,L15-1748E-1247N_6993_3202_13,50176,0.008948501275510204,7c0b4848d269ff6014ae88657df98d701aeff666817a98c22b6a973a54c0f3c5,64990ea6addff6af93b8eace95fbcf586b8f19e678352f7776dc1bc87a88d58f,0.04058371359890961,0.018260920274924902,0.019966759255669098,0.05874460862527465,-0.960066482581052,0.03238399010564003,0.05842316759357554,0.00032144092638884935,4.045228691144022e-05,0.0323435378187286
sample_5301,L15-1014E-1375N_4056_2688_13,50176,0.17596061862244897,b0b4a48e91bab87a545f2fc870b4913022c50113be2300f193180b10a78db00f,64990ea6addff6af93b8eace95fbcf586b8f19e678352f7776dc1bc87a88d58f,0.48342512945656924,0.2833224899664403,0.11880101451331902,0.30187225321542527,-0.7623979708275425,0.18613373880811931,0.30106217397789664,0.0008100793670715754,0.00033802259870341556,0.1857957162094159
sample_5302,L15-1185E-0935N_4742_4450_13,50176,0.07340162627551021,deb9d96f221035362a7f08482d6c17df7f14da4e060c487f6f7f0402173f8438,64990ea6addff6af93b8eace95fbcf586b8f19e678352f7776dc1bc87a88d58f,0.23166397970426808,0.1264092335391592,0.06057766639527732,0.1768454237486658,-0.878844667504205,0.10166454205206914,0.17617885009522125,0.0006665736919815951,0.0002039356511901997,0.10146060640087892
sample_5303,L15-0368E-1245N_1474_3210_13,50176,0.20135124362244897,09a26ff9a24b9bfa35281f5ab86bd161d503bc3879238319c4be19dc1952a12c,64990ea6addff6af93b8eace95fbcf586b8f19e678352f7776dc1bc87a88d58f,0.518743140685345,0.3137735110505822,0.13013901666272432,0.32893019001473034,-0.7397219662230252,0.20435022590301896,0.32815150113546854,0.0007786890333547832,0.0003483565629009367,0.204001869340118
