object_id,analysis_unit,score,coverage,risk,random_risk
treesatai__panopticon__full_finetune__mc_dropout__44,image_hamming,msp,0.01,0.006666666666666666,0.09273333333333313
treesatai__panopticon__full_finetune__mc_dropout__44,image_hamming,msp,0.02,0.011666666666666667,0.09273333333333313
treesatai__panopticon__full_finetune__mc_dropout__44,image_hamming,msp,0.03,0.014444444444444444,0.09273333333333313
treesatai__panopticon__full_finetune__mc_dropout__44,image_hamming,msp,0.04,0.01583333333333333,0.09273333333333313
treesatai__panopticon__full_finetune__mc_dropout__44,image_hamming,msp,0.05,0.013333333333333332,0.09273333333333313
treesatai__panopticon__full_finetune__mc_dropout__44,image_hamming,msp,0.06,0.015555555555555553,0.09273333333333313
treesatai__panopticon__full_finetune__mc_dropout__44,image_hamming,msp,0.07,0.017142857142857144,0.09273333333333313
treesatai__panopticon__full_finetune__mc_dropout__44,image_hamming,msp,0.08,0.022916666666666675,0.09273333333333313
treesatai__panopticon__full_finetune__mc_dropout__44,image_hamming,msp,0.09,0.022592592592592605,0.09273333333333313
treesatai__panopticon__full_finetune__mc_dropout__44,image_hamming,msp,0.1,0.022333333333333344,0.09273333333333313
treesatai__panopticon__full_finetune__mc_dropout__44,image_hamming,msp,0.11,0.023636363636363646,0.09273333333333313
treesatai__panopticon__full_finetune__mc_dropout__44,image_hamming,msp,0.12,0.024444444444444453,0.09273333333333313
treesatai__panopticon__full_finetune__mc_dropout__44,image_hamming,msp,0.13,0.02615384615384616,0.09273333333333313
treesatai__panopticon__full_finetune__mc_dropout__44,image_hamming,msp,0.14,0.02785714285714287,0.09273333333333313
treesatai__panopticon__full_finetune__mc_dropout__44,image_hamming,msp,0.15,0.02866666666666667,0.09273333333333313
treesatai__panopticon__full_finetune__mc_dropout__44,image_hamming,msp,0.16,0.02979166666666666,0.09273333333333313
treesatai__panopticon__full_finetune__mc_dropout__44,image_hamming,msp,0.17,0.03098039215686273,0.09273333333333313
treesatai__panopticon__full_finetune__mc_dropout__44,image_hamming,msp,0.18,0.031851851851851826,0.09273333333333313
treesatai__panopticon__full_finetune__mc_dropout__44,image_hamming,msp,0.19,0.033157894736842074,0.09273333333333313
treesatai__panopticon__full_finetune__mc_dropout__44,image_hamming,msp,0.2,0.0333333333333333,0.09273333333333313
treesatai__panopticon__full_finetune__mc_dropout__44,image_hamming,msp,0.21,0.033174603174603134,0.09273333333333313
treesatai__panopticon__full_finetune__mc_dropout__44,image_hamming,msp,0.22,0.03424242424242419,0.09273333333333313
treesatai__panopticon__full_finetune__mc_dropout__44,image_hamming,msp,0.23,0.03507246376811589,0.09273333333333313
treesatai__panopticon__full_finetune__mc_dropout__44,image_hamming,msp,0.24,0.03597222222222216,0.09273333333333313
treesatai__panopticon__full_finetune__mc_dropout__44,image_hamming,msp,0.25,0.03733333333333327,0.09273333333333313
treesatai__panopticon__full_finetune__mc_dropout__44,image_hamming,msp,0.26,0.03833333333333326,0.09273333333333313
treesatai__panopticon__full_finetune__mc_dropout__44,image_hamming,msp,0.27,0.03888888888888881,0.09273333333333313
treesatai__panopticon__full_finetune__mc_dropout__44,image_hamming,msp,0.28,0.04047619047619039,0.09273333333333313
treesatai__panopticon__full_finetune__mc_dropout__44,image_hamming,msp,0.29,0.040689655172413706,0.09273333333333313
treesatai__panopticon__full_finetune__mc_dropout__44,image_hamming,msp,0.3,0.04144444444444435,0.09273333333333313
treesatai__panopticon__full_finetune__mc_dropout__44,image_hamming,msp,0.31,0.04301075268817194,0.09273333333333313
treesatai__panopticon__full_finetune__mc_dropout__44,image_hamming,msp,0.32,0.04374999999999989,0.09273333333333313
treesatai__panopticon__full_finetune__mc_dropout__44,image_hamming,msp,0.33,0.04454545454545444,0.09273333333333313
treesatai__panopticon__full_finetune__mc_dropout__44,image_hamming,msp,0.34,0.045588235294117534,0.09273333333333313
treesatai__panopticon__full_finetune__mc_dropout__44,image_hamming,msp,0.35,0.046761904761904664,0.09273333333333313
treesatai__panopticon__full_finetune__mc_dropout__44,image_hamming,msp,0.36,0.04703703703703698,0.09273333333333313
treesatai__panopticon__full_finetune__mc_dropout__44,image_hamming,msp,0.37,0.04792792792792791,0.09273333333333313
treesatai__panopticon__full_finetune__mc_dropout__44,image_hamming,msp,0.38,0.048771929824561425,0.09273333333333313
treesatai__panopticon__full_finetune__mc_dropout__44,image_hamming,msp,0.39,0.04940170940170947,0.09273333333333313
treesatai__panopticon__full_finetune__mc_dropout__44,image_hamming,msp,0.4,0.05033333333333344,0.09273333333333313
treesatai__panopticon__full_finetune__mc_dropout__44,image_hamming,msp,0.41,0.0509756097560977,0.09273333333333313
treesatai__panopticon__full_finetune__mc_dropout__44,image_hamming,msp,0.42,0.05166666666666683,0.09273333333333313
treesatai__panopticon__full_finetune__mc_dropout__44,image_hamming,msp,0.43,0.052558139534883926,0.09273333333333313
treesatai__panopticon__full_finetune__mc_dropout__44,image_hamming,msp,0.44,0.05371212121212145,0.09273333333333313
treesatai__panopticon__full_finetune__mc_dropout__44,image_hamming,msp,0.45,0.05429629629629656,0.09273333333333313
treesatai__panopticon__full_finetune__mc_dropout__44,image_hamming,msp,0.46,0.054782608695652456,0.09273333333333313
treesatai__panopticon__full_finetune__mc_dropout__44,image_hamming,msp,0.47,0.05588652482269533,0.09273333333333313
treesatai__panopticon__full_finetune__mc_dropout__44,image_hamming,msp,0.48,0.05631944444444476,0.09273333333333313
treesatai__panopticon__full_finetune__mc_dropout__44,image_hamming,msp,0.49,0.057074829931973124,0.09273333333333313
treesatai__panopticon__full_finetune__mc_dropout__44,image_hamming,msp,0.5,0.05806666666666702,0.09273333333333313
treesatai__panopticon__full_finetune__mc_dropout__44,image_hamming,msp,0.51,0.0587581699346409,0.09273333333333313
treesatai__panopticon__full_finetune__mc_dropout__44,image_hamming,msp,0.52,0.059487179487179895,0.09273333333333313
treesatai__panopticon__full_finetune__mc_dropout__44,image_hamming,msp,0.53,0.06018867924528344,0.09273333333333313
treesatai__panopticon__full_finetune__mc_dropout__44,image_hamming,msp,0.54,0.061481481481481935,0.09273333333333313
treesatai__panopticon__full_finetune__mc_dropout__44,image_hamming,msp,0.55,0.06218181818181865,0.09273333333333313
treesatai__panopticon__full_finetune__mc_dropout__44,image_hamming,msp,0.56,0.06321428571428621,0.09273333333333313
treesatai__panopticon__full_finetune__mc_dropout__44,image_hamming,msp,0.57,0.06362573099415257,0.09273333333333313
treesatai__panopticon__full_finetune__mc_dropout__44,image_hamming,msp,0.58,0.06459770114942585,0.09273333333333313
treesatai__panopticon__full_finetune__mc_dropout__44,image_hamming,msp,0.59,0.06570621468926614,0.09273333333333313
treesatai__panopticon__full_finetune__mc_dropout__44,image_hamming,msp,0.6,0.06666666666666728,0.09273333333333313
treesatai__panopticon__full_finetune__mc_dropout__44,image_hamming,msp,0.61,0.06726775956284214,0.09273333333333313
treesatai__panopticon__full_finetune__mc_dropout__44,image_hamming,msp,0.62,0.06795698924731244,0.09273333333333313
treesatai__panopticon__full_finetune__mc_dropout__44,image_hamming,msp,0.63,0.06867724867724931,0.09273333333333313
treesatai__panopticon__full_finetune__mc_dropout__44,image_hamming,msp,0.64,0.06947916666666731,0.09273333333333313
treesatai__panopticon__full_finetune__mc_dropout__44,image_hamming,msp,0.65,0.06974358974359039,0.09273333333333313
treesatai__panopticon__full_finetune__mc_dropout__44,image_hamming,msp,0.66,0.0701515151515158,0.09273333333333313
treesatai__panopticon__full_finetune__mc_dropout__44,image_hamming,msp,0.67,0.07064676616915487,0.09273333333333313
treesatai__panopticon__full_finetune__mc_dropout__44,image_hamming,msp,0.68,0.07117647058823594,0.09273333333333313
treesatai__panopticon__full_finetune__mc_dropout__44,image_hamming,msp,0.69,0.07154589371980741,0.09273333333333313
treesatai__panopticon__full_finetune__mc_dropout__44,image_hamming,msp,0.7,0.0721428571428578,0.09273333333333313
treesatai__panopticon__full_finetune__mc_dropout__44,image_hamming,msp,0.71,0.0727699530516439,0.09273333333333313
treesatai__panopticon__full_finetune__mc_dropout__44,image_hamming,msp,0.72,0.07305555555555623,0.09273333333333313
treesatai__panopticon__full_finetune__mc_dropout__44,image_hamming,msp,0.73,0.07351598173516051,0.09273333333333313
treesatai__panopticon__full_finetune__mc_dropout__44,image_hamming,msp,0.74,0.07414414414414486,0.09273333333333313
treesatai__panopticon__full_finetune__mc_dropout__44,image_hamming,msp,0.75,0.07462222222222295,0.09273333333333313
treesatai__panopticon__full_finetune__mc_dropout__44,image_hamming,msp,0.76,0.0760087719298253,0.09273333333333313
treesatai__panopticon__full_finetune__mc_dropout__44,image_hamming,msp,0.77,0.07645021645021721,0.09273333333333313
treesatai__panopticon__full_finetune__mc_dropout__44,image_hamming,msp,0.78,0.07709401709401786,0.09273333333333313
treesatai__panopticon__full_finetune__mc_dropout__44,image_hamming,msp,0.79,0.07793248945147757,0.09273333333333313
treesatai__panopticon__full_finetune__mc_dropout__44,image_hamming,msp,0.8,0.07866666666666745,0.09273333333333313
treesatai__panopticon__full_finetune__mc_dropout__44,image_hamming,msp,0.81,0.07942386831275797,0.09273333333333313
treesatai__panopticon__full_finetune__mc_dropout__44,image_hamming,msp,0.82,0.07995934959349663,0.09273333333333313
treesatai__panopticon__full_finetune__mc_dropout__44,image_hamming,msp,0.83,0.08044176706827369,0.09273333333333313
treesatai__panopticon__full_finetune__mc_dropout__44,image_hamming,msp,0.84,0.08115079365079418,0.09273333333333313
treesatai__panopticon__full_finetune__mc_dropout__44,image_hamming,msp,0.85,0.081960784313726,0.09273333333333313
treesatai__panopticon__full_finetune__mc_dropout__44,image_hamming,msp,0.86,0.08321705426356635,0.09273333333333313
treesatai__panopticon__full_finetune__mc_dropout__44,image_hamming,msp,0.87,0.08375478927203105,0.09273333333333313
treesatai__panopticon__full_finetune__mc_dropout__44,image_hamming,msp,0.88,0.08435606060606095,0.09273333333333313
treesatai__panopticon__full_finetune__mc_dropout__44,image_hamming,msp,0.89,0.0850936329588018,0.09273333333333313
treesatai__panopticon__full_finetune__mc_dropout__44,image_hamming,msp,0.9,0.08574074074074096,0.09273333333333313
treesatai__panopticon__full_finetune__mc_dropout__44,image_hamming,msp,0.91,0.08652014652014671,0.09273333333333313
treesatai__panopticon__full_finetune__mc_dropout__44,image_hamming,msp,0.92,0.08717391304347837,0.09273333333333313
treesatai__panopticon__full_finetune__mc_dropout__44,image_hamming,msp,0.93,0.0876344086021506,0.09273333333333313
treesatai__panopticon__full_finetune__mc_dropout__44,image_hamming,msp,0.94,0.08822695035460995,0.09273333333333313
treesatai__panopticon__full_finetune__mc_dropout__44,image_hamming,msp,0.95,0.08880701754385961,0.09273333333333313
treesatai__panopticon__full_finetune__mc_dropout__44,image_hamming,msp,0.96,0.08961805555555549,0.09273333333333313
treesatai__panopticon__full_finetune__mc_dropout__44,image_hamming,msp,0.97,0.090274914089347,0.09273333333333313
treesatai__panopticon__full_finetune__mc_dropout__44,image_hamming,msp,0.98,0.09105442176870734,0.09273333333333313
treesatai__panopticon__full_finetune__mc_dropout__44,image_hamming,msp,0.99,0.09205387205387187,0.09273333333333313
treesatai__panopticon__full_finetune__mc_dropout__44,image_hamming,msp,1.0,0.09273333333333313,0.09273333333333313
treesatai__panopticon__full_finetune__mc_dropout__44,image_hamming,entropy,0.01,0.006666666666666666,0.0927333333333331
treesatai__panopticon__full_finetune__mc_dropout__44,image_hamming,entropy,0.02,0.011666666666666667,0.0927333333333331
treesatai__panopticon__full_finetune__mc_dropout__44,image_hamming,entropy,0.03,0.014444444444444444,0.0927333333333331
treesatai__panopticon__full_finetune__mc_dropout__44,image_hamming,entropy,0.04,0.015,0.0927333333333331
treesatai__panopticon__full_finetune__mc_dropout__44,image_hamming,entropy,0.05,0.017333333333333333,0.0927333333333331
treesatai__panopticon__full_finetune__mc_dropout__44,image_hamming,entropy,0.06,0.01722222222222222,0.0927333333333331
treesatai__panopticon__full_finetune__mc_dropout__44,image_hamming,entropy,0.07,0.020000000000000007,0.0927333333333331
treesatai__panopticon__full_finetune__mc_dropout__44,image_hamming,entropy,0.08,0.021250000000000012,0.0927333333333331
treesatai__panopticon__full_finetune__mc_dropout__44,image_hamming,entropy,0.09,0.022222222222222237,0.0927333333333331
treesatai__panopticon__full_finetune__mc_dropout__44,image_hamming,entropy,0.1,0.022333333333333337,0.0927333333333331
treesatai__panopticon__full_finetune__mc_dropout__44,image_hamming,entropy,0.11,0.023939393939393948,0.0927333333333331
treesatai__panopticon__full_finetune__mc_dropout__44,image_hamming,entropy,0.12,0.025277777777777784,0.0927333333333331
treesatai__panopticon__full_finetune__mc_dropout__44,image_hamming,entropy,0.13,0.02692307692307693,0.0927333333333331
treesatai__panopticon__full_finetune__mc_dropout__44,image_hamming,entropy,0.14,0.027619047619047626,0.0927333333333331
treesatai__panopticon__full_finetune__mc_dropout__44,image_hamming,entropy,0.15,0.028666666666666667,0.0927333333333331
treesatai__panopticon__full_finetune__mc_dropout__44,image_hamming,entropy,0.16,0.02999999999999999,0.0927333333333331
treesatai__panopticon__full_finetune__mc_dropout__44,image_hamming,entropy,0.17,0.030784313725490176,0.0927333333333331
treesatai__panopticon__full_finetune__mc_dropout__44,image_hamming,entropy,0.18,0.032222222222222194,0.0927333333333331
treesatai__panopticon__full_finetune__mc_dropout__44,image_hamming,entropy,0.19,0.03368421052631575,0.0927333333333331
treesatai__panopticon__full_finetune__mc_dropout__44,image_hamming,entropy,0.2,0.033999999999999954,0.0927333333333331
treesatai__panopticon__full_finetune__mc_dropout__44,image_hamming,entropy,0.21,0.035238095238095186,0.0927333333333331
treesatai__panopticon__full_finetune__mc_dropout__44,image_hamming,entropy,0.22,0.03590909090909085,0.0927333333333331
treesatai__panopticon__full_finetune__mc_dropout__44,image_hamming,entropy,0.23,0.03652173913043472,0.0927333333333331
treesatai__panopticon__full_finetune__mc_dropout__44,image_hamming,entropy,0.24,0.03708333333333327,0.0927333333333331
treesatai__panopticon__full_finetune__mc_dropout__44,image_hamming,entropy,0.25,0.03839999999999993,0.0927333333333331
treesatai__panopticon__full_finetune__mc_dropout__44,image_hamming,entropy,0.26,0.03987179487179479,0.0927333333333331
treesatai__panopticon__full_finetune__mc_dropout__44,image_hamming,entropy,0.27,0.040864197530864114,0.0927333333333331
treesatai__panopticon__full_finetune__mc_dropout__44,image_hamming,entropy,0.28,0.04238095238095229,0.0927333333333331
treesatai__panopticon__full_finetune__mc_dropout__44,image_hamming,entropy,0.29,0.042873563218390705,0.0927333333333331
treesatai__panopticon__full_finetune__mc_dropout__44,image_hamming,entropy,0.3,0.0439999999999999,0.0927333333333331
treesatai__panopticon__full_finetune__mc_dropout__44,image_hamming,entropy,0.31,0.04408602150537624,0.0927333333333331
treesatai__panopticon__full_finetune__mc_dropout__44,image_hamming,entropy,0.32,0.044687499999999894,0.0927333333333331
treesatai__panopticon__full_finetune__mc_dropout__44,image_hamming,entropy,0.33,0.044848484848484735,0.0927333333333331
treesatai__panopticon__full_finetune__mc_dropout__44,image_hamming,entropy,0.34,0.04549019607843126,0.0927333333333331
treesatai__panopticon__full_finetune__mc_dropout__44,image_hamming,entropy,0.35,0.046857142857142764,0.0927333333333331
treesatai__panopticon__full_finetune__mc_dropout__44,image_hamming,entropy,0.36,0.04805555555555549,0.0927333333333331
treesatai__panopticon__full_finetune__mc_dropout__44,image_hamming,entropy,0.37,0.04954954954954953,0.0927333333333331
treesatai__panopticon__full_finetune__mc_dropout__44,image_hamming,entropy,0.38,0.05052631578947368,0.0927333333333331
treesatai__panopticon__full_finetune__mc_dropout__44,image_hamming,entropy,0.39,0.051965811965812,0.0927333333333331
treesatai__panopticon__full_finetune__mc_dropout__44,image_hamming,entropy,0.4,0.052583333333333426,0.0927333333333331
treesatai__panopticon__full_finetune__mc_dropout__44,image_hamming,entropy,0.41,0.053495934959349706,0.0927333333333331
treesatai__panopticon__full_finetune__mc_dropout__44,image_hamming,entropy,0.42,0.05373015873015889,0.0927333333333331
treesatai__panopticon__full_finetune__mc_dropout__44,image_hamming,entropy,0.43,0.05472868217054284,0.0927333333333331
treesatai__panopticon__full_finetune__mc_dropout__44,image_hamming,entropy,0.44,0.05606060606060629,0.0927333333333331
treesatai__panopticon__full_finetune__mc_dropout__44,image_hamming,entropy,0.45,0.05674074074074099,0.0927333333333331
treesatai__panopticon__full_finetune__mc_dropout__44,image_hamming,entropy,0.46,0.057391304347826355,0.0927333333333331
treesatai__panopticon__full_finetune__mc_dropout__44,image_hamming,entropy,0.47,0.058226950354610216,0.0927333333333331
treesatai__panopticon__full_finetune__mc_dropout__44,image_hamming,entropy,0.48,0.05895833333333364,0.0927333333333331
treesatai__panopticon__full_finetune__mc_dropout__44,image_hamming,entropy,0.49,0.05965986394557855,0.0927333333333331
treesatai__panopticon__full_finetune__mc_dropout__44,image_hamming,entropy,0.5,0.06026666666666701,0.0927333333333331
treesatai__panopticon__full_finetune__mc_dropout__44,image_hamming,entropy,0.51,0.061111111111111456,0.0927333333333331
treesatai__panopticon__full_finetune__mc_dropout__44,image_hamming,entropy,0.52,0.06166666666666703,0.0927333333333331
treesatai__panopticon__full_finetune__mc_dropout__44,image_hamming,entropy,0.53,0.06276729559748466,0.0927333333333331
treesatai__panopticon__full_finetune__mc_dropout__44,image_hamming,entropy,0.54,0.06345679012345719,0.0927333333333331
treesatai__panopticon__full_finetune__mc_dropout__44,image_hamming,entropy,0.55,0.06418181818181863,0.0927333333333331
treesatai__panopticon__full_finetune__mc_dropout__44,image_hamming,entropy,0.56,0.06470238095238143,0.0927333333333331
treesatai__panopticon__full_finetune__mc_dropout__44,image_hamming,entropy,0.57,0.0652631578947373,0.0927333333333331
treesatai__panopticon__full_finetune__mc_dropout__44,image_hamming,entropy,0.58,0.06620689655172461,0.0927333333333331
treesatai__panopticon__full_finetune__mc_dropout__44,image_hamming,entropy,0.59,0.06672316384180839,0.0927333333333331
treesatai__panopticon__full_finetune__mc_dropout__44,image_hamming,entropy,0.6,0.06733333333333386,0.0927333333333331
treesatai__panopticon__full_finetune__mc_dropout__44,image_hamming,entropy,0.61,0.06814207650273274,0.0927333333333331
treesatai__panopticon__full_finetune__mc_dropout__44,image_hamming,entropy,0.62,0.06865591397849514,0.0927333333333331
treesatai__panopticon__full_finetune__mc_dropout__44,image_hamming,entropy,0.63,0.06931216931216987,0.0927333333333331
treesatai__panopticon__full_finetune__mc_dropout__44,image_hamming,entropy,0.64,0.07015625000000054,0.0927333333333331
treesatai__panopticon__full_finetune__mc_dropout__44,image_hamming,entropy,0.65,0.07071794871794929,0.0927333333333331
treesatai__panopticon__full_finetune__mc_dropout__44,image_hamming,entropy,0.66,0.07146464646464704,0.0927333333333331
treesatai__panopticon__full_finetune__mc_dropout__44,image_hamming,entropy,0.67,0.07189054726368219,0.0927333333333331
treesatai__panopticon__full_finetune__mc_dropout__44,image_hamming,entropy,0.68,0.07250000000000062,0.0927333333333331
treesatai__panopticon__full_finetune__mc_dropout__44,image_hamming,entropy,0.69,0.07314009661835812,0.0927333333333331
treesatai__panopticon__full_finetune__mc_dropout__44,image_hamming,entropy,0.7,0.07352380952381016,0.0927333333333331
treesatai__panopticon__full_finetune__mc_dropout__44,image_hamming,entropy,0.71,0.07394366197183162,0.0927333333333331
treesatai__panopticon__full_finetune__mc_dropout__44,image_hamming,entropy,0.72,0.07444444444444508,0.0927333333333331
treesatai__panopticon__full_finetune__mc_dropout__44,image_hamming,entropy,0.73,0.07502283105022894,0.0927333333333331
treesatai__panopticon__full_finetune__mc_dropout__44,image_hamming,entropy,0.74,0.07540540540540604,0.0927333333333331
treesatai__panopticon__full_finetune__mc_dropout__44,image_hamming,entropy,0.75,0.07560000000000063,0.0927333333333331
treesatai__panopticon__full_finetune__mc_dropout__44,image_hamming,entropy,0.76,0.07631578947368485,0.0927333333333331
treesatai__panopticon__full_finetune__mc_dropout__44,image_hamming,entropy,0.77,0.07722943722943788,0.0927333333333331
treesatai__panopticon__full_finetune__mc_dropout__44,image_hamming,entropy,0.78,0.07786324786324852,0.0927333333333331
treesatai__panopticon__full_finetune__mc_dropout__44,image_hamming,entropy,0.79,0.0782700421940935,0.0927333333333331
treesatai__panopticon__full_finetune__mc_dropout__44,image_hamming,entropy,0.8,0.07875000000000068,0.0927333333333331
treesatai__panopticon__full_finetune__mc_dropout__44,image_hamming,entropy,0.81,0.07950617283950685,0.0927333333333331
treesatai__panopticon__full_finetune__mc_dropout__44,image_hamming,entropy,0.82,0.08032520325203316,0.0927333333333331
treesatai__panopticon__full_finetune__mc_dropout__44,image_hamming,entropy,0.83,0.08072289156626561,0.0927333333333331
treesatai__panopticon__full_finetune__mc_dropout__44,image_hamming,entropy,0.84,0.08130952380952432,0.0927333333333331
treesatai__panopticon__full_finetune__mc_dropout__44,image_hamming,entropy,0.85,0.08196078431372594,0.0927333333333331
treesatai__panopticon__full_finetune__mc_dropout__44,image_hamming,entropy,0.86,0.082790697674419,0.0927333333333331
treesatai__panopticon__full_finetune__mc_dropout__44,image_hamming,entropy,0.87,0.08352490421455971,0.0927333333333331
treesatai__panopticon__full_finetune__mc_dropout__44,image_hamming,entropy,0.88,0.08412878787878818,0.0927333333333331
treesatai__panopticon__full_finetune__mc_dropout__44,image_hamming,entropy,0.89,0.08468164794007514,0.0927333333333331
treesatai__panopticon__full_finetune__mc_dropout__44,image_hamming,entropy,0.9,0.08551851851851872,0.0927333333333331
treesatai__panopticon__full_finetune__mc_dropout__44,image_hamming,entropy,0.91,0.08633699633699647,0.0927333333333331
treesatai__panopticon__full_finetune__mc_dropout__44,image_hamming,entropy,0.92,0.08684782608695658,0.0927333333333331
treesatai__panopticon__full_finetune__mc_dropout__44,image_hamming,entropy,0.93,0.0877777777777778,0.0927333333333331
treesatai__panopticon__full_finetune__mc_dropout__44,image_hamming,entropy,0.94,0.08854609929078013,0.0927333333333331
treesatai__panopticon__full_finetune__mc_dropout__44,image_hamming,entropy,0.95,0.08905263157894731,0.0927333333333331
treesatai__panopticon__full_finetune__mc_dropout__44,image_hamming,entropy,0.96,0.08975694444444436,0.0927333333333331
treesatai__panopticon__full_finetune__mc_dropout__44,image_hamming,entropy,0.97,0.09072164948453597,0.0927333333333331
treesatai__panopticon__full_finetune__mc_dropout__44,image_hamming,entropy,0.98,0.09125850340136038,0.0927333333333331
treesatai__panopticon__full_finetune__mc_dropout__44,image_hamming,entropy,0.99,0.09195286195286174,0.0927333333333331
treesatai__panopticon__full_finetune__mc_dropout__44,image_hamming,entropy,1.0,0.0927333333333331,0.0927333333333331
treesatai__panopticon__full_finetune__mc_dropout__44,image_hamming,negative_margin,0.01,0.006666666666666666,0.09273333333333313
treesatai__panopticon__full_finetune__mc_dropout__44,image_hamming,negative_margin,0.02,0.011666666666666667,0.09273333333333313
treesatai__panopticon__full_finetune__mc_dropout__44,image_hamming,negative_margin,0.03,0.014444444444444444,0.09273333333333313
treesatai__panopticon__full_finetune__mc_dropout__44,image_hamming,negative_margin,0.04,0.01583333333333333,0.09273333333333313
treesatai__panopticon__full_finetune__mc_dropout__44,image_hamming,negative_margin,0.05,0.013333333333333332,0.09273333333333313
treesatai__panopticon__full_finetune__mc_dropout__44,image_hamming,negative_margin,0.06,0.015555555555555553,0.09273333333333313
treesatai__panopticon__full_finetune__mc_dropout__44,image_hamming,negative_margin,0.07,0.017142857142857144,0.09273333333333313
treesatai__panopticon__full_finetune__mc_dropout__44,image_hamming,negative_margin,0.08,0.022916666666666675,0.09273333333333313
treesatai__panopticon__full_finetune__mc_dropout__44,image_hamming,negative_margin,0.09,0.022592592592592605,0.09273333333333313
treesatai__panopticon__full_finetune__mc_dropout__44,image_hamming,negative_margin,0.1,0.022333333333333344,0.09273333333333313
treesatai__panopticon__full_finetune__mc_dropout__44,image_hamming,negative_margin,0.11,0.023636363636363646,0.09273333333333313
treesatai__panopticon__full_finetune__mc_dropout__44,image_hamming,negative_margin,0.12,0.024444444444444453,0.09273333333333313
treesatai__panopticon__full_finetune__mc_dropout__44,image_hamming,negative_margin,0.13,0.02615384615384616,0.09273333333333313
treesatai__panopticon__full_finetune__mc_dropout__44,image_hamming,negative_margin,0.14,0.02785714285714287,0.09273333333333313
treesatai__panopticon__full_finetune__mc_dropout__44,image_hamming,negative_margin,0.15,0.02866666666666667,0.09273333333333313
treesatai__panopticon__full_finetune__mc_dropout__44,image_hamming,negative_margin,0.16,0.02979166666666666,0.09273333333333313
treesatai__panopticon__full_finetune__mc_dropout__44,image_hamming,negative_margin,0.17,0.03098039215686273,0.09273333333333313
treesatai__panopticon__full_finetune__mc_dropout__44,image_hamming,negative_margin,0.18,0.031851851851851826,0.09273333333333313
treesatai__panopticon__full_finetune__mc_dropout__44,image_hamming,negative_margin,0.19,0.033157894736842074,0.09273333333333313
treesatai__panopticon__full_finetune__mc_dropout__44,image_hamming,negative_margin,0.2,0.0333333333333333,0.09273333333333313
treesatai__panopticon__full_finetune__mc_dropout__44,image_hamming,negative_margin,0.21,0.033174603174603134,0.09273333333333313
treesatai__panopticon__full_finetune__mc_dropout__44,image_hamming,negative_margin,0.22,0.03424242424242419,0.09273333333333313
treesatai__panopticon__full_finetune__mc_dropout__44,image_hamming,negative_margin,0.23,0.03507246376811589,0.09273333333333313
treesatai__panopticon__full_finetune__mc_dropout__44,image_hamming,negative_margin,0.24,0.03597222222222216,0.09273333333333313
treesatai__panopticon__full_finetune__mc_dropout__44,image_hamming,negative_margin,0.25,0.03733333333333327,0.09273333333333313
treesatai__panopticon__full_finetune__mc_dropout__44,image_hamming,negative_margin,0.26,0.03833333333333326,0.09273333333333313
treesatai__panopticon__full_finetune__mc_dropout__44,image_hamming,negative_margin,0.27,0.03888888888888881,0.09273333333333313
treesatai__panopticon__full_finetune__mc_dropout__44,image_hamming,negative_margin,0.28,0.04047619047619039,0.09273333333333313
treesatai__panopticon__full_finetune__mc_dropout__44,image_hamming,negative_margin,0.29,0.040689655172413706,0.09273333333333313
treesatai__panopticon__full_finetune__mc_dropout__44,image_hamming,negative_margin,0.3,0.04144444444444435,0.09273333333333313
treesatai__panopticon__full_finetune__mc_dropout__44,image_hamming,negative_margin,0.31,0.04301075268817194,0.09273333333333313
treesatai__panopticon__full_finetune__mc_dropout__44,image_hamming,negative_margin,0.32,0.04374999999999989,0.09273333333333313
treesatai__panopticon__full_finetune__mc_dropout__44,image_hamming,negative_margin,0.33,0.04454545454545444,0.09273333333333313
treesatai__panopticon__full_finetune__mc_dropout__44,image_hamming,negative_margin,0.34,0.045588235294117534,0.09273333333333313
treesatai__panopticon__full_finetune__mc_dropout__44,image_hamming,negative_margin,0.35,0.046761904761904664,0.09273333333333313
treesatai__panopticon__full_finetune__mc_dropout__44,image_hamming,negative_margin,0.36,0.04703703703703698,0.09273333333333313
treesatai__panopticon__full_finetune__mc_dropout__44,image_hamming,negative_margin,0.37,0.04792792792792791,0.09273333333333313
treesatai__panopticon__full_finetune__mc_dropout__44,image_hamming,negative_margin,0.38,0.048771929824561425,0.09273333333333313
treesatai__panopticon__full_finetune__mc_dropout__44,image_hamming,negative_margin,0.39,0.04940170940170947,0.09273333333333313
treesatai__panopticon__full_finetune__mc_dropout__44,image_hamming,negative_margin,0.4,0.05033333333333344,0.09273333333333313
treesatai__panopticon__full_finetune__mc_dropout__44,image_hamming,negative_margin,0.41,0.0509756097560977,0.09273333333333313
treesatai__panopticon__full_finetune__mc_dropout__44,image_hamming,negative_margin,0.42,0.05166666666666683,0.09273333333333313
treesatai__panopticon__full_finetune__mc_dropout__44,image_hamming,negative_margin,0.43,0.052558139534883926,0.09273333333333313
treesatai__panopticon__full_finetune__mc_dropout__44,image_hamming,negative_margin,0.44,0.05371212121212145,0.09273333333333313
treesatai__panopticon__full_finetune__mc_dropout__44,image_hamming,negative_margin,0.45,0.05429629629629656,0.09273333333333313
treesatai__panopticon__full_finetune__mc_dropout__44,image_hamming,negative_margin,0.46,0.054782608695652456,0.09273333333333313
treesatai__panopticon__full_finetune__mc_dropout__44,image_hamming,negative_margin,0.47,0.05588652482269533,0.09273333333333313
treesatai__panopticon__full_finetune__mc_dropout__44,image_hamming,negative_margin,0.48,0.05631944444444476,0.09273333333333313
treesatai__panopticon__full_finetune__mc_dropout__44,image_hamming,negative_margin,0.49,0.057074829931973124,0.09273333333333313
treesatai__panopticon__full_finetune__mc_dropout__44,image_hamming,negative_margin,0.5,0.05806666666666702,0.09273333333333313
treesatai__panopticon__full_finetune__mc_dropout__44,image_hamming,negative_margin,0.51,0.0587581699346409,0.09273333333333313
treesatai__panopticon__full_finetune__mc_dropout__44,image_hamming,negative_margin,0.52,0.059487179487179895,0.09273333333333313
treesatai__panopticon__full_finetune__mc_dropout__44,image_hamming,negative_margin,0.53,0.06018867924528344,0.09273333333333313
treesatai__panopticon__full_finetune__mc_dropout__44,image_hamming,negative_margin,0.54,0.061481481481481935,0.09273333333333313
treesatai__panopticon__full_finetune__mc_dropout__44,image_hamming,negative_margin,0.55,0.06218181818181865,0.09273333333333313
treesatai__panopticon__full_finetune__mc_dropout__44,image_hamming,negative_margin,0.56,0.06321428571428621,0.09273333333333313
treesatai__panopticon__full_finetune__mc_dropout__44,image_hamming,negative_margin,0.57,0.06362573099415257,0.09273333333333313
treesatai__panopticon__full_finetune__mc_dropout__44,image_hamming,negative_margin,0.58,0.06459770114942585,0.09273333333333313
treesatai__panopticon__full_finetune__mc_dropout__44,image_hamming,negative_margin,0.59,0.06570621468926614,0.09273333333333313
treesatai__panopticon__full_finetune__mc_dropout__44,image_hamming,negative_margin,0.6,0.06666666666666728,0.09273333333333313
treesatai__panopticon__full_finetune__mc_dropout__44,image_hamming,negative_margin,0.61,0.06726775956284214,0.09273333333333313
treesatai__panopticon__full_finetune__mc_dropout__44,image_hamming,negative_margin,0.62,0.06795698924731244,0.09273333333333313
treesatai__panopticon__full_finetune__mc_dropout__44,image_hamming,negative_margin,0.63,0.06867724867724931,0.09273333333333313
treesatai__panopticon__full_finetune__mc_dropout__44,image_hamming,negative_margin,0.64,0.06947916666666731,0.09273333333333313
treesatai__panopticon__full_finetune__mc_dropout__44,image_hamming,negative_margin,0.65,0.06974358974359039,0.09273333333333313
treesatai__panopticon__full_finetune__mc_dropout__44,image_hamming,negative_margin,0.66,0.0701515151515158,0.09273333333333313
treesatai__panopticon__full_finetune__mc_dropout__44,image_hamming,negative_margin,0.67,0.07064676616915487,0.09273333333333313
treesatai__panopticon__full_finetune__mc_dropout__44,image_hamming,negative_margin,0.68,0.07117647058823594,0.09273333333333313
treesatai__panopticon__full_finetune__mc_dropout__44,image_hamming,negative_margin,0.69,0.07154589371980741,0.09273333333333313
treesatai__panopticon__full_finetune__mc_dropout__44,image_hamming,negative_margin,0.7,0.0721428571428578,0.09273333333333313
treesatai__panopticon__full_finetune__mc_dropout__44,image_hamming,negative_margin,0.71,0.0727699530516439,0.09273333333333313
treesatai__panopticon__full_finetune__mc_dropout__44,image_hamming,negative_margin,0.72,0.07305555555555623,0.09273333333333313
treesatai__panopticon__full_finetune__mc_dropout__44,image_hamming,negative_margin,0.73,0.07351598173516051,0.09273333333333313
treesatai__panopticon__full_finetune__mc_dropout__44,image_hamming,negative_margin,0.74,0.07414414414414486,0.09273333333333313
treesatai__panopticon__full_finetune__mc_dropout__44,image_hamming,negative_margin,0.75,0.07462222222222295,0.09273333333333313
treesatai__panopticon__full_finetune__mc_dropout__44,image_hamming,negative_margin,0.76,0.0760087719298253,0.09273333333333313
treesatai__panopticon__full_finetune__mc_dropout__44,image_hamming,negative_margin,0.77,0.07645021645021721,0.09273333333333313
treesatai__panopticon__full_finetune__mc_dropout__44,image_hamming,negative_margin,0.78,0.07709401709401786,0.09273333333333313
treesatai__panopticon__full_finetune__mc_dropout__44,image_hamming,negative_margin,0.79,0.07793248945147757,0.09273333333333313
treesatai__panopticon__full_finetune__mc_dropout__44,image_hamming,negative_margin,0.8,0.07866666666666745,0.09273333333333313
treesatai__panopticon__full_finetune__mc_dropout__44,image_hamming,negative_margin,0.81,0.07942386831275797,0.09273333333333313
treesatai__panopticon__full_finetune__mc_dropout__44,image_hamming,negative_margin,0.82,0.07995934959349663,0.09273333333333313
treesatai__panopticon__full_finetune__mc_dropout__44,image_hamming,negative_margin,0.83,0.08044176706827369,0.09273333333333313
treesatai__panopticon__full_finetune__mc_dropout__44,image_hamming,negative_margin,0.84,0.08115079365079418,0.09273333333333313
treesatai__panopticon__full_finetune__mc_dropout__44,image_hamming,negative_margin,0.85,0.081960784313726,0.09273333333333313
treesatai__panopticon__full_finetune__mc_dropout__44,image_hamming,negative_margin,0.86,0.08321705426356635,0.09273333333333313
treesatai__panopticon__full_finetune__mc_dropout__44,image_hamming,negative_margin,0.87,0.08375478927203105,0.09273333333333313
treesatai__panopticon__full_finetune__mc_dropout__44,image_hamming,negative_margin,0.88,0.08435606060606095,0.09273333333333313
treesatai__panopticon__full_finetune__mc_dropout__44,image_hamming,negative_margin,0.89,0.0850936329588018,0.09273333333333313
treesatai__panopticon__full_finetune__mc_dropout__44,image_hamming,negative_margin,0.9,0.08574074074074096,0.09273333333333313
treesatai__panopticon__full_finetune__mc_dropout__44,image_hamming,negative_margin,0.91,0.08652014652014671,0.09273333333333313
treesatai__panopticon__full_finetune__mc_dropout__44,image_hamming,negative_margin,0.92,0.08717391304347837,0.09273333333333313
treesatai__panopticon__full_finetune__mc_dropout__44,image_hamming,negative_margin,0.93,0.0876344086021506,0.09273333333333313
treesatai__panopticon__full_finetune__mc_dropout__44,image_hamming,negative_margin,0.94,0.08822695035460995,0.09273333333333313
treesatai__panopticon__full_finetune__mc_dropout__44,image_hamming,negative_margin,0.95,0.08880701754385961,0.09273333333333313
treesatai__panopticon__full_finetune__mc_dropout__44,image_hamming,negative_margin,0.96,0.08961805555555549,0.09273333333333313
treesatai__panopticon__full_finetune__mc_dropout__44,image_hamming,negative_margin,0.97,0.090274914089347,0.09273333333333313
treesatai__panopticon__full_finetune__mc_dropout__44,image_hamming,negative_margin,0.98,0.09105442176870734,0.09273333333333313
treesatai__panopticon__full_finetune__mc_dropout__44,image_hamming,negative_margin,0.99,0.09205387205387187,0.09273333333333313
treesatai__panopticon__full_finetune__mc_dropout__44,image_hamming,negative_margin,1.0,0.09273333333333313,0.09273333333333313
treesatai__panopticon__full_finetune__mc_dropout__44,image_hamming,gini_total,0.01,0.006666666666666666,0.0927333333333331
treesatai__panopticon__full_finetune__mc_dropout__44,image_hamming,gini_total,0.02,0.011666666666666667,0.0927333333333331
treesatai__panopticon__full_finetune__mc_dropout__44,image_hamming,gini_total,0.03,0.014444444444444444,0.0927333333333331
treesatai__panopticon__full_finetune__mc_dropout__44,image_hamming,gini_total,0.04,0.015,0.0927333333333331
treesatai__panopticon__full_finetune__mc_dropout__44,image_hamming,gini_total,0.05,0.013999999999999999,0.0927333333333331
treesatai__panopticon__full_finetune__mc_dropout__44,image_hamming,gini_total,0.06,0.016666666666666666,0.0927333333333331
treesatai__panopticon__full_finetune__mc_dropout__44,image_hamming,gini_total,0.07,0.018095238095238098,0.0927333333333331
treesatai__panopticon__full_finetune__mc_dropout__44,image_hamming,gini_total,0.08,0.021666666666666674,0.0927333333333331
treesatai__panopticon__full_finetune__mc_dropout__44,image_hamming,gini_total,0.09,0.022222222222222237,0.0927333333333331
treesatai__panopticon__full_finetune__mc_dropout__44,image_hamming,gini_total,0.1,0.023666666666666683,0.0927333333333331
treesatai__panopticon__full_finetune__mc_dropout__44,image_hamming,gini_total,0.11,0.02393939393939395,0.0927333333333331
treesatai__panopticon__full_finetune__mc_dropout__44,image_hamming,gini_total,0.12,0.023611111111111117,0.0927333333333331
treesatai__panopticon__full_finetune__mc_dropout__44,image_hamming,gini_total,0.13,0.02666666666666668,0.0927333333333331
treesatai__panopticon__full_finetune__mc_dropout__44,image_hamming,gini_total,0.14,0.02690476190476191,0.0927333333333331
treesatai__panopticon__full_finetune__mc_dropout__44,image_hamming,gini_total,0.15,0.02866666666666667,0.0927333333333331
treesatai__panopticon__full_finetune__mc_dropout__44,image_hamming,gini_total,0.16,0.030416666666666658,0.0927333333333331
treesatai__panopticon__full_finetune__mc_dropout__44,image_hamming,gini_total,0.17,0.031176470588235278,0.0927333333333331
treesatai__panopticon__full_finetune__mc_dropout__44,image_hamming,gini_total,0.18,0.03259259259259257,0.0927333333333331
treesatai__panopticon__full_finetune__mc_dropout__44,image_hamming,gini_total,0.19,0.033157894736842074,0.0927333333333331
treesatai__panopticon__full_finetune__mc_dropout__44,image_hamming,gini_total,0.2,0.03349999999999996,0.0927333333333331
treesatai__panopticon__full_finetune__mc_dropout__44,image_hamming,gini_total,0.21,0.03349206349206345,0.0927333333333331
treesatai__panopticon__full_finetune__mc_dropout__44,image_hamming,gini_total,0.22,0.03424242424242419,0.0927333333333331
treesatai__panopticon__full_finetune__mc_dropout__44,image_hamming,gini_total,0.23,0.03594202898550719,0.0927333333333331
treesatai__panopticon__full_finetune__mc_dropout__44,image_hamming,gini_total,0.24,0.037499999999999936,0.0927333333333331
treesatai__panopticon__full_finetune__mc_dropout__44,image_hamming,gini_total,0.25,0.038266666666666595,0.0927333333333331
treesatai__panopticon__full_finetune__mc_dropout__44,image_hamming,gini_total,0.26,0.0389743589743589,0.0927333333333331
treesatai__panopticon__full_finetune__mc_dropout__44,image_hamming,gini_total,0.27,0.039753086419753,0.0927333333333331
treesatai__panopticon__full_finetune__mc_dropout__44,image_hamming,gini_total,0.28,0.04071428571428563,0.0927333333333331
treesatai__panopticon__full_finetune__mc_dropout__44,image_hamming,gini_total,0.29,0.041379310344827495,0.0927333333333331
treesatai__panopticon__full_finetune__mc_dropout__44,image_hamming,gini_total,0.3,0.04144444444444435,0.0927333333333331
treesatai__panopticon__full_finetune__mc_dropout__44,image_hamming,gini_total,0.31,0.042688172043010654,0.0927333333333331
treesatai__panopticon__full_finetune__mc_dropout__44,image_hamming,gini_total,0.32,0.04374999999999989,0.0927333333333331
treesatai__panopticon__full_finetune__mc_dropout__44,image_hamming,gini_total,0.33,0.04434343434343423,0.0927333333333331
treesatai__panopticon__full_finetune__mc_dropout__44,image_hamming,gini_total,0.34,0.04549019607843126,0.0927333333333331
treesatai__panopticon__full_finetune__mc_dropout__44,image_hamming,gini_total,0.35,0.04657142857142848,0.0927333333333331
treesatai__panopticon__full_finetune__mc_dropout__44,image_hamming,gini_total,0.36,0.0469444444444444,0.0927333333333331
treesatai__panopticon__full_finetune__mc_dropout__44,image_hamming,gini_total,0.37,0.047027027027027025,0.0927333333333331
treesatai__panopticon__full_finetune__mc_dropout__44,image_hamming,gini_total,0.38,0.04824561403508775,0.0927333333333331
treesatai__panopticon__full_finetune__mc_dropout__44,image_hamming,gini_total,0.39,0.050000000000000065,0.0927333333333331
treesatai__panopticon__full_finetune__mc_dropout__44,image_hamming,gini_total,0.4,0.05116666666666678,0.0927333333333331
treesatai__panopticon__full_finetune__mc_dropout__44,image_hamming,gini_total,0.41,0.052520325203252186,0.0927333333333331
treesatai__panopticon__full_finetune__mc_dropout__44,image_hamming,gini_total,0.42,0.053809523809524,0.0927333333333331
treesatai__panopticon__full_finetune__mc_dropout__44,image_hamming,gini_total,0.43,0.05480620155038781,0.0927333333333331
treesatai__panopticon__full_finetune__mc_dropout__44,image_hamming,gini_total,0.44,0.0554545454545457,0.0927333333333331
treesatai__panopticon__full_finetune__mc_dropout__44,image_hamming,gini_total,0.45,0.05592592592592619,0.0927333333333331
treesatai__panopticon__full_finetune__mc_dropout__44,image_hamming,gini_total,0.46,0.05688405797101476,0.0927333333333331
treesatai__panopticon__full_finetune__mc_dropout__44,image_hamming,gini_total,0.47,0.057092198581560574,0.0927333333333331
treesatai__panopticon__full_finetune__mc_dropout__44,image_hamming,gini_total,0.48,0.058333333333333647,0.0927333333333331
treesatai__panopticon__full_finetune__mc_dropout__44,image_hamming,gini_total,0.49,0.05965986394557856,0.0927333333333331
treesatai__panopticon__full_finetune__mc_dropout__44,image_hamming,gini_total,0.5,0.05993333333333367,0.0927333333333331
treesatai__panopticon__full_finetune__mc_dropout__44,image_hamming,gini_total,0.51,0.06098039215686311,0.0927333333333331
treesatai__panopticon__full_finetune__mc_dropout__44,image_hamming,gini_total,0.52,0.0616025641025645,0.0927333333333331
treesatai__panopticon__full_finetune__mc_dropout__44,image_hamming,gini_total,0.53,0.06220125786163564,0.0927333333333331
treesatai__panopticon__full_finetune__mc_dropout__44,image_hamming,gini_total,0.54,0.06277777777777822,0.0927333333333331
treesatai__panopticon__full_finetune__mc_dropout__44,image_hamming,gini_total,0.55,0.06369696969697015,0.0927333333333331
treesatai__panopticon__full_finetune__mc_dropout__44,image_hamming,gini_total,0.56,0.06422619047619095,0.0927333333333331
treesatai__panopticon__full_finetune__mc_dropout__44,image_hamming,gini_total,0.57,0.06467836257309989,0.0927333333333331
treesatai__panopticon__full_finetune__mc_dropout__44,image_hamming,gini_total,0.58,0.06505747126436828,0.0927333333333331
treesatai__panopticon__full_finetune__mc_dropout__44,image_hamming,gini_total,0.59,0.06525423728813609,0.0927333333333331
treesatai__panopticon__full_finetune__mc_dropout__44,image_hamming,gini_total,0.6,0.06622222222222275,0.0927333333333331
treesatai__panopticon__full_finetune__mc_dropout__44,image_hamming,gini_total,0.61,0.06704918032786937,0.0927333333333331
treesatai__panopticon__full_finetune__mc_dropout__44,image_hamming,gini_total,0.62,0.06811827956989303,0.0927333333333331
treesatai__panopticon__full_finetune__mc_dropout__44,image_hamming,gini_total,0.63,0.06925925925925985,0.0927333333333331
treesatai__panopticon__full_finetune__mc_dropout__44,image_hamming,gini_total,0.64,0.07026041666666727,0.0927333333333331
treesatai__panopticon__full_finetune__mc_dropout__44,image_hamming,gini_total,0.65,0.07056410256410317,0.0927333333333331
treesatai__panopticon__full_finetune__mc_dropout__44,image_hamming,gini_total,0.66,0.07101010101010162,0.0927333333333331
treesatai__panopticon__full_finetune__mc_dropout__44,image_hamming,gini_total,0.67,0.07139303482587128,0.0927333333333331
treesatai__panopticon__full_finetune__mc_dropout__44,image_hamming,gini_total,0.68,0.071911764705883,0.0927333333333331
treesatai__panopticon__full_finetune__mc_dropout__44,image_hamming,gini_total,0.69,0.07251207729468664,0.0927333333333331
treesatai__panopticon__full_finetune__mc_dropout__44,image_hamming,gini_total,0.7,0.07347619047619115,0.0927333333333331
treesatai__panopticon__full_finetune__mc_dropout__44,image_hamming,gini_total,0.71,0.07375586854460159,0.0927333333333331
treesatai__panopticon__full_finetune__mc_dropout__44,image_hamming,gini_total,0.72,0.07412037037037102,0.0927333333333331
treesatai__panopticon__full_finetune__mc_dropout__44,image_hamming,gini_total,0.73,0.07461187214611939,0.0927333333333331
treesatai__panopticon__full_finetune__mc_dropout__44,image_hamming,gini_total,0.74,0.07486486486486556,0.0927333333333331
treesatai__panopticon__full_finetune__mc_dropout__44,image_hamming,gini_total,0.75,0.0754222222222229,0.0927333333333331
treesatai__panopticon__full_finetune__mc_dropout__44,image_hamming,gini_total,0.76,0.07570175438596559,0.0927333333333331
treesatai__panopticon__full_finetune__mc_dropout__44,image_hamming,gini_total,0.77,0.076320346320347,0.0927333333333331
treesatai__panopticon__full_finetune__mc_dropout__44,image_hamming,gini_total,0.78,0.07705128205128274,0.0927333333333331
treesatai__panopticon__full_finetune__mc_dropout__44,image_hamming,gini_total,0.79,0.07772151898734247,0.0927333333333331
treesatai__panopticon__full_finetune__mc_dropout__44,image_hamming,gini_total,0.8,0.0786250000000007,0.0927333333333331
treesatai__panopticon__full_finetune__mc_dropout__44,image_hamming,gini_total,0.81,0.07930041152263445,0.0927333333333331
treesatai__panopticon__full_finetune__mc_dropout__44,image_hamming,gini_total,0.82,0.08024390243902502,0.0927333333333331
treesatai__panopticon__full_finetune__mc_dropout__44,image_hamming,gini_total,0.83,0.08088353413654675,0.0927333333333331
treesatai__panopticon__full_finetune__mc_dropout__44,image_hamming,gini_total,0.84,0.08146825396825447,0.0927333333333331
treesatai__panopticon__full_finetune__mc_dropout__44,image_hamming,gini_total,0.85,0.08180392156862788,0.0927333333333331
treesatai__panopticon__full_finetune__mc_dropout__44,image_hamming,gini_total,0.86,0.08228682170542674,0.0927333333333331
treesatai__panopticon__full_finetune__mc_dropout__44,image_hamming,gini_total,0.87,0.0827203065134103,0.0927333333333331
treesatai__panopticon__full_finetune__mc_dropout__44,image_hamming,gini_total,0.88,0.08378787878787906,0.0927333333333331
treesatai__panopticon__full_finetune__mc_dropout__44,image_hamming,gini_total,0.89,0.08468164794007513,0.0927333333333331
treesatai__panopticon__full_finetune__mc_dropout__44,image_hamming,gini_total,0.9,0.08555555555555572,0.0927333333333331
treesatai__panopticon__full_finetune__mc_dropout__44,image_hamming,gini_total,0.91,0.08630036630036643,0.0927333333333331
treesatai__panopticon__full_finetune__mc_dropout__44,image_hamming,gini_total,0.92,0.08731884057971025,0.0927333333333331
treesatai__panopticon__full_finetune__mc_dropout__44,image_hamming,gini_total,0.93,0.08792114695340507,0.0927333333333331
treesatai__panopticon__full_finetune__mc_dropout__44,image_hamming,gini_total,0.94,0.08858156028368794,0.0927333333333331
treesatai__panopticon__full_finetune__mc_dropout__44,image_hamming,gini_total,0.95,0.08905263157894734,0.0927333333333331
treesatai__panopticon__full_finetune__mc_dropout__44,image_hamming,gini_total,0.96,0.08979166666666659,0.0927333333333331
treesatai__panopticon__full_finetune__mc_dropout__44,image_hamming,gini_total,0.97,0.09068728522336757,0.0927333333333331
treesatai__panopticon__full_finetune__mc_dropout__44,image_hamming,gini_total,0.98,0.09132653061224474,0.0927333333333331
treesatai__panopticon__full_finetune__mc_dropout__44,image_hamming,gini_total,0.99,0.09198653198653178,0.0927333333333331
treesatai__panopticon__full_finetune__mc_dropout__44,image_hamming,gini_total,1.0,0.0927333333333331,0.0927333333333331
treesatai__panopticon__full_finetune__mc_dropout__44,image_hamming,expected_entropy,0.01,0.006666666666666666,0.0927333333333331
treesatai__panopticon__full_finetune__mc_dropout__44,image_hamming,expected_entropy,0.02,0.011666666666666667,0.0927333333333331
treesatai__panopticon__full_finetune__mc_dropout__44,image_hamming,expected_entropy,0.03,0.014444444444444444,0.0927333333333331
treesatai__panopticon__full_finetune__mc_dropout__44,image_hamming,expected_entropy,0.04,0.01583333333333333,0.0927333333333331
treesatai__panopticon__full_finetune__mc_dropout__44,image_hamming,expected_entropy,0.05,0.017333333333333333,0.0927333333333331
treesatai__panopticon__full_finetune__mc_dropout__44,image_hamming,expected_entropy,0.06,0.01722222222222222,0.0927333333333331
treesatai__panopticon__full_finetune__mc_dropout__44,image_hamming,expected_entropy,0.07,0.020000000000000007,0.0927333333333331
treesatai__panopticon__full_finetune__mc_dropout__44,image_hamming,expected_entropy,0.08,0.021250000000000012,0.0927333333333331
treesatai__panopticon__full_finetune__mc_dropout__44,image_hamming,expected_entropy,0.09,0.022222222222222237,0.0927333333333331
treesatai__panopticon__full_finetune__mc_dropout__44,image_hamming,expected_entropy,0.1,0.022333333333333337,0.0927333333333331
treesatai__panopticon__full_finetune__mc_dropout__44,image_hamming,expected_entropy,0.11,0.02424242424242425,0.0927333333333331
treesatai__panopticon__full_finetune__mc_dropout__44,image_hamming,expected_entropy,0.12,0.024722222222222225,0.0927333333333331
treesatai__panopticon__full_finetune__mc_dropout__44,image_hamming,expected_entropy,0.13,0.02692307692307693,0.0927333333333331
treesatai__panopticon__full_finetune__mc_dropout__44,image_hamming,expected_entropy,0.14,0.027619047619047626,0.0927333333333331
treesatai__panopticon__full_finetune__mc_dropout__44,image_hamming,expected_entropy,0.15,0.028666666666666667,0.0927333333333331
treesatai__panopticon__full_finetune__mc_dropout__44,image_hamming,expected_entropy,0.16,0.03020833333333332,0.0927333333333331
treesatai__panopticon__full_finetune__mc_dropout__44,image_hamming,expected_entropy,0.17,0.030588235294117628,0.0927333333333331
treesatai__panopticon__full_finetune__mc_dropout__44,image_hamming,expected_entropy,0.18,0.032222222222222194,0.0927333333333331
treesatai__panopticon__full_finetune__mc_dropout__44,image_hamming,expected_entropy,0.19,0.03368421052631575,0.0927333333333331
treesatai__panopticon__full_finetune__mc_dropout__44,image_hamming,expected_entropy,0.2,0.033999999999999954,0.0927333333333331
treesatai__panopticon__full_finetune__mc_dropout__44,image_hamming,expected_entropy,0.21,0.035238095238095186,0.0927333333333331
treesatai__panopticon__full_finetune__mc_dropout__44,image_hamming,expected_entropy,0.22,0.036212121212121154,0.0927333333333331
treesatai__panopticon__full_finetune__mc_dropout__44,image_hamming,expected_entropy,0.23,0.036666666666666604,0.0927333333333331
treesatai__panopticon__full_finetune__mc_dropout__44,image_hamming,expected_entropy,0.24,0.03694444444444438,0.0927333333333331
treesatai__panopticon__full_finetune__mc_dropout__44,image_hamming,expected_entropy,0.25,0.03839999999999993,0.0927333333333331
treesatai__panopticon__full_finetune__mc_dropout__44,image_hamming,expected_entropy,0.26,0.040128205128205044,0.0927333333333331
treesatai__panopticon__full_finetune__mc_dropout__44,image_hamming,expected_entropy,0.27,0.040864197530864114,0.0927333333333331
treesatai__panopticon__full_finetune__mc_dropout__44,image_hamming,expected_entropy,0.28,0.04261904761904752,0.0927333333333331
treesatai__panopticon__full_finetune__mc_dropout__44,image_hamming,expected_entropy,0.29,0.04275862068965507,0.0927333333333331
treesatai__panopticon__full_finetune__mc_dropout__44,image_hamming,expected_entropy,0.3,0.04388888888888878,0.0927333333333331
treesatai__panopticon__full_finetune__mc_dropout__44,image_hamming,expected_entropy,0.31,0.04408602150537624,0.0927333333333331
treesatai__panopticon__full_finetune__mc_dropout__44,image_hamming,expected_entropy,0.32,0.044687499999999894,0.0927333333333331
treesatai__panopticon__full_finetune__mc_dropout__44,image_hamming,expected_entropy,0.33,0.044848484848484735,0.0927333333333331
treesatai__panopticon__full_finetune__mc_dropout__44,image_hamming,expected_entropy,0.34,0.04549019607843126,0.0927333333333331
treesatai__panopticon__full_finetune__mc_dropout__44,image_hamming,expected_entropy,0.35,0.04695238095238085,0.0927333333333331
treesatai__panopticon__full_finetune__mc_dropout__44,image_hamming,expected_entropy,0.36,0.04805555555555549,0.0927333333333331
treesatai__panopticon__full_finetune__mc_dropout__44,image_hamming,expected_entropy,0.37,0.04972972972972971,0.0927333333333331
treesatai__panopticon__full_finetune__mc_dropout__44,image_hamming,expected_entropy,0.38,0.050438596491228074,0.0927333333333331
treesatai__panopticon__full_finetune__mc_dropout__44,image_hamming,expected_entropy,0.39,0.05179487179487183,0.0927333333333331
treesatai__panopticon__full_finetune__mc_dropout__44,image_hamming,expected_entropy,0.4,0.052750000000000095,0.0927333333333331
treesatai__panopticon__full_finetune__mc_dropout__44,image_hamming,expected_entropy,0.41,0.05357723577235784,0.0927333333333331
treesatai__panopticon__full_finetune__mc_dropout__44,image_hamming,expected_entropy,0.42,0.05388888888888905,0.0927333333333331
treesatai__panopticon__full_finetune__mc_dropout__44,image_hamming,expected_entropy,0.43,0.05457364341085292,0.0927333333333331
treesatai__panopticon__full_finetune__mc_dropout__44,image_hamming,expected_entropy,0.44,0.05606060606060629,0.0927333333333331
treesatai__panopticon__full_finetune__mc_dropout__44,image_hamming,expected_entropy,0.45,0.05666666666666692,0.0927333333333331
treesatai__panopticon__full_finetune__mc_dropout__44,image_hamming,expected_entropy,0.46,0.057173913043478526,0.0927333333333331
treesatai__panopticon__full_finetune__mc_dropout__44,image_hamming,expected_entropy,0.47,0.058226950354610216,0.0927333333333331
treesatai__panopticon__full_finetune__mc_dropout__44,image_hamming,expected_entropy,0.48,0.0587500000000003,0.0927333333333331
treesatai__panopticon__full_finetune__mc_dropout__44,image_hamming,expected_entropy,0.49,0.05938775510204113,0.0927333333333331
treesatai__panopticon__full_finetune__mc_dropout__44,image_hamming,expected_entropy,0.5,0.06033333333333367,0.0927333333333331
treesatai__panopticon__full_finetune__mc_dropout__44,image_hamming,expected_entropy,0.51,0.061307189542484,0.0927333333333331
treesatai__panopticon__full_finetune__mc_dropout__44,image_hamming,expected_entropy,0.52,0.06153846153846191,0.0927333333333331
treesatai__panopticon__full_finetune__mc_dropout__44,image_hamming,expected_entropy,0.53,0.06264150943396267,0.0927333333333331
treesatai__panopticon__full_finetune__mc_dropout__44,image_hamming,expected_entropy,0.54,0.0634567901234572,0.0927333333333331
treesatai__panopticon__full_finetune__mc_dropout__44,image_hamming,expected_entropy,0.55,0.06418181818181863,0.0927333333333331
treesatai__panopticon__full_finetune__mc_dropout__44,image_hamming,expected_entropy,0.56,0.06488095238095287,0.0927333333333331
treesatai__panopticon__full_finetune__mc_dropout__44,image_hamming,expected_entropy,0.57,0.06532163742690104,0.0927333333333331
treesatai__panopticon__full_finetune__mc_dropout__44,image_hamming,expected_entropy,0.58,0.06620689655172463,0.0927333333333331
treesatai__panopticon__full_finetune__mc_dropout__44,image_hamming,expected_entropy,0.59,0.0667231638418084,0.0927333333333331
treesatai__panopticon__full_finetune__mc_dropout__44,image_hamming,expected_entropy,0.6,0.0672777777777783,0.0927333333333331
treesatai__panopticon__full_finetune__mc_dropout__44,image_hamming,expected_entropy,0.61,0.06814207650273274,0.0927333333333331
treesatai__panopticon__full_finetune__mc_dropout__44,image_hamming,expected_entropy,0.62,0.06860215053763495,0.0927333333333331
treesatai__panopticon__full_finetune__mc_dropout__44,image_hamming,expected_entropy,0.63,0.06936507936507992,0.0927333333333331
treesatai__panopticon__full_finetune__mc_dropout__44,image_hamming,expected_entropy,0.64,0.0702083333333339,0.0927333333333331
treesatai__panopticon__full_finetune__mc_dropout__44,image_hamming,expected_entropy,0.65,0.07061538461538519,0.0927333333333331
treesatai__panopticon__full_finetune__mc_dropout__44,image_hamming,expected_entropy,0.66,0.071414141414142,0.0927333333333331
treesatai__panopticon__full_finetune__mc_dropout__44,image_hamming,expected_entropy,0.67,0.07184079601990111,0.0927333333333331
treesatai__panopticon__full_finetune__mc_dropout__44,image_hamming,expected_entropy,0.68,0.07245098039215749,0.0927333333333331
treesatai__panopticon__full_finetune__mc_dropout__44,image_hamming,expected_entropy,0.69,0.07289855072463833,0.0927333333333331
treesatai__panopticon__full_finetune__mc_dropout__44,image_hamming,expected_entropy,0.7,0.07352380952381017,0.0927333333333331
treesatai__panopticon__full_finetune__mc_dropout__44,image_hamming,expected_entropy,0.71,0.0738967136150241,0.0927333333333331
treesatai__panopticon__full_finetune__mc_dropout__44,image_hamming,expected_entropy,0.72,0.07444444444444509,0.0927333333333331
treesatai__panopticon__full_finetune__mc_dropout__44,image_hamming,expected_entropy,0.73,0.07484018264840246,0.0927333333333331
treesatai__panopticon__full_finetune__mc_dropout__44,image_hamming,expected_entropy,0.74,0.07531531531531595,0.0927333333333331
treesatai__panopticon__full_finetune__mc_dropout__44,image_hamming,expected_entropy,0.75,0.07568888888888951,0.0927333333333331
treesatai__panopticon__full_finetune__mc_dropout__44,image_hamming,expected_entropy,0.76,0.07640350877193049,0.0927333333333331
treesatai__panopticon__full_finetune__mc_dropout__44,image_hamming,expected_entropy,0.77,0.07714285714285782,0.0927333333333331
treesatai__panopticon__full_finetune__mc_dropout__44,image_hamming,expected_entropy,0.78,0.07794871794871862,0.0927333333333331
treesatai__panopticon__full_finetune__mc_dropout__44,image_hamming,expected_entropy,0.79,0.07835443037974751,0.0927333333333331
treesatai__panopticon__full_finetune__mc_dropout__44,image_hamming,expected_entropy,0.8,0.07858333333333402,0.0927333333333331
treesatai__panopticon__full_finetune__mc_dropout__44,image_hamming,expected_entropy,0.81,0.07958847736625581,0.0927333333333331
treesatai__panopticon__full_finetune__mc_dropout__44,image_hamming,expected_entropy,0.82,0.08024390243902502,0.0927333333333331
treesatai__panopticon__full_finetune__mc_dropout__44,image_hamming,expected_entropy,0.83,0.08084337349397644,0.0927333333333331
treesatai__panopticon__full_finetune__mc_dropout__44,image_hamming,expected_entropy,0.84,0.08142857142857195,0.0927333333333331
treesatai__panopticon__full_finetune__mc_dropout__44,image_hamming,expected_entropy,0.85,0.08196078431372594,0.0927333333333331
treesatai__panopticon__full_finetune__mc_dropout__44,image_hamming,expected_entropy,0.86,0.08275193798449651,0.0927333333333331
treesatai__panopticon__full_finetune__mc_dropout__44,image_hamming,expected_entropy,0.87,0.08360153256705015,0.0927333333333331
treesatai__panopticon__full_finetune__mc_dropout__44,image_hamming,expected_entropy,0.88,0.08416666666666697,0.0927333333333331
treesatai__panopticon__full_finetune__mc_dropout__44,image_hamming,expected_entropy,0.89,0.08471910112359575,0.0927333333333331
treesatai__panopticon__full_finetune__mc_dropout__44,image_hamming,expected_entropy,0.9,0.08555555555555575,0.0927333333333331
treesatai__panopticon__full_finetune__mc_dropout__44,image_hamming,expected_entropy,0.91,0.08641025641025656,0.0927333333333331
treesatai__panopticon__full_finetune__mc_dropout__44,image_hamming,expected_entropy,0.92,0.08688405797101456,0.0927333333333331
treesatai__panopticon__full_finetune__mc_dropout__44,image_hamming,expected_entropy,0.93,0.0877777777777778,0.0927333333333331
treesatai__panopticon__full_finetune__mc_dropout__44,image_hamming,expected_entropy,0.94,0.08854609929078013,0.0927333333333331
treesatai__panopticon__full_finetune__mc_dropout__44,image_hamming,expected_entropy,0.95,0.08901754385964906,0.0927333333333331
treesatai__panopticon__full_finetune__mc_dropout__44,image_hamming,expected_entropy,0.96,0.08975694444444436,0.0927333333333331
treesatai__panopticon__full_finetune__mc_dropout__44,image_hamming,expected_entropy,0.97,0.09068728522336758,0.0927333333333331
treesatai__panopticon__full_finetune__mc_dropout__44,image_hamming,expected_entropy,0.98,0.09125850340136038,0.0927333333333331
treesatai__panopticon__full_finetune__mc_dropout__44,image_hamming,expected_entropy,0.99,0.09195286195286174,0.0927333333333331
treesatai__panopticon__full_finetune__mc_dropout__44,image_hamming,expected_entropy,1.0,0.0927333333333331,0.0927333333333331
treesatai__panopticon__full_finetune__mc_dropout__44,image_hamming,mutual_information,0.01,0.006666666666666666,0.09273333333333275
treesatai__panopticon__full_finetune__mc_dropout__44,image_hamming,mutual_information,0.02,0.011666666666666665,0.09273333333333275
treesatai__panopticon__full_finetune__mc_dropout__44,image_hamming,mutual_information,0.03,0.008888888888888889,0.09273333333333275
treesatai__panopticon__full_finetune__mc_dropout__44,image_hamming,mutual_information,0.04,0.012499999999999999,0.09273333333333275
treesatai__panopticon__full_finetune__mc_dropout__44,image_hamming,mutual_information,0.05,0.018666666666666665,0.09273333333333275
treesatai__panopticon__full_finetune__mc_dropout__44,image_hamming,mutual_information,0.06,0.018888888888888893,0.09273333333333275
treesatai__panopticon__full_finetune__mc_dropout__44,image_hamming,mutual_information,0.07,0.01904761904761906,0.09273333333333275
treesatai__panopticon__full_finetune__mc_dropout__44,image_hamming,mutual_information,0.08,0.021666666666666685,0.09273333333333275
treesatai__panopticon__full_finetune__mc_dropout__44,image_hamming,mutual_information,0.09,0.02222222222222224,0.09273333333333275
treesatai__panopticon__full_finetune__mc_dropout__44,image_hamming,mutual_information,0.1,0.02300000000000001,0.09273333333333275
treesatai__panopticon__full_finetune__mc_dropout__44,image_hamming,mutual_information,0.11,0.026969696969696987,0.09273333333333275
treesatai__panopticon__full_finetune__mc_dropout__44,image_hamming,mutual_information,0.12,0.030000000000000023,0.09273333333333275
treesatai__panopticon__full_finetune__mc_dropout__44,image_hamming,mutual_information,0.13,0.031282051282051304,0.09273333333333275
treesatai__panopticon__full_finetune__mc_dropout__44,image_hamming,mutual_information,0.14,0.03333333333333333,0.09273333333333275
treesatai__panopticon__full_finetune__mc_dropout__44,image_hamming,mutual_information,0.15,0.034222222222222216,0.09273333333333275
treesatai__panopticon__full_finetune__mc_dropout__44,image_hamming,mutual_information,0.16,0.03499999999999998,0.09273333333333275
treesatai__panopticon__full_finetune__mc_dropout__44,image_hamming,mutual_information,0.17,0.03686274509803918,0.09273333333333275
treesatai__panopticon__full_finetune__mc_dropout__44,image_hamming,mutual_information,0.18,0.039259259259259216,0.09273333333333275
treesatai__panopticon__full_finetune__mc_dropout__44,image_hamming,mutual_information,0.19,0.04122807017543854,0.09273333333333275
treesatai__panopticon__full_finetune__mc_dropout__44,image_hamming,mutual_information,0.2,0.04249999999999994,0.09273333333333275
treesatai__panopticon__full_finetune__mc_dropout__44,image_hamming,mutual_information,0.21,0.04365079365079358,0.09273333333333275
treesatai__panopticon__full_finetune__mc_dropout__44,image_hamming,mutual_information,0.22,0.044242424242424166,0.09273333333333275
treesatai__panopticon__full_finetune__mc_dropout__44,image_hamming,mutual_information,0.23,0.045652173913043395,0.09273333333333275
treesatai__panopticon__full_finetune__mc_dropout__44,image_hamming,mutual_information,0.24,0.04694444444444435,0.09273333333333275
treesatai__panopticon__full_finetune__mc_dropout__44,image_hamming,mutual_information,0.25,0.048666666666666566,0.09273333333333275
treesatai__panopticon__full_finetune__mc_dropout__44,image_hamming,mutual_information,0.26,0.05064102564102553,0.09273333333333275
treesatai__panopticon__full_finetune__mc_dropout__44,image_hamming,mutual_information,0.27,0.05271604938271593,0.09273333333333275
treesatai__panopticon__full_finetune__mc_dropout__44,image_hamming,mutual_information,0.28,0.05380952380952368,0.09273333333333275
treesatai__panopticon__full_finetune__mc_dropout__44,image_hamming,mutual_information,0.29,0.05563218390804584,0.09273333333333275
treesatai__panopticon__full_finetune__mc_dropout__44,image_hamming,mutual_information,0.3,0.05599999999999991,0.09273333333333275
treesatai__panopticon__full_finetune__mc_dropout__44,image_hamming,mutual_information,0.31,0.0573118279569892,0.09273333333333275
treesatai__panopticon__full_finetune__mc_dropout__44,image_hamming,mutual_information,0.32,0.05760416666666668,0.09273333333333275
treesatai__panopticon__full_finetune__mc_dropout__44,image_hamming,mutual_information,0.33,0.05858585858585864,0.09273333333333275
treesatai__panopticon__full_finetune__mc_dropout__44,image_hamming,mutual_information,0.34,0.05970588235294126,0.09273333333333275
treesatai__panopticon__full_finetune__mc_dropout__44,image_hamming,mutual_information,0.35,0.05980952380952392,0.09273333333333275
treesatai__panopticon__full_finetune__mc_dropout__44,image_hamming,mutual_information,0.36,0.0607407407407409,0.09273333333333275
treesatai__panopticon__full_finetune__mc_dropout__44,image_hamming,mutual_information,0.37,0.06126126126126147,0.09273333333333275
treesatai__panopticon__full_finetune__mc_dropout__44,image_hamming,mutual_information,0.38,0.06315789473684234,0.09273333333333275
treesatai__panopticon__full_finetune__mc_dropout__44,image_hamming,mutual_information,0.39,0.06376068376068403,0.09273333333333275
treesatai__panopticon__full_finetune__mc_dropout__44,image_hamming,mutual_information,0.4,0.06516666666666697,0.09273333333333275
treesatai__panopticon__full_finetune__mc_dropout__44,image_hamming,mutual_information,0.41,0.06552845528455316,0.09273333333333275
treesatai__panopticon__full_finetune__mc_dropout__44,image_hamming,mutual_information,0.42,0.06571428571428606,0.09273333333333275
treesatai__panopticon__full_finetune__mc_dropout__44,image_hamming,mutual_information,0.43,0.06612403100775231,0.09273333333333275
treesatai__panopticon__full_finetune__mc_dropout__44,image_hamming,mutual_information,0.44,0.06659090909090949,0.09273333333333275
treesatai__panopticon__full_finetune__mc_dropout__44,image_hamming,mutual_information,0.45,0.06762962962963007,0.09273333333333275
treesatai__panopticon__full_finetune__mc_dropout__44,image_hamming,mutual_information,0.46,0.06855072463768161,0.09273333333333275
treesatai__panopticon__full_finetune__mc_dropout__44,image_hamming,mutual_information,0.47,0.06865248226950402,0.09273333333333275
treesatai__panopticon__full_finetune__mc_dropout__44,image_hamming,mutual_information,0.48,0.06937500000000049,0.09273333333333275
treesatai__panopticon__full_finetune__mc_dropout__44,image_hamming,mutual_information,0.49,0.06965986394557871,0.09273333333333275
treesatai__panopticon__full_finetune__mc_dropout__44,image_hamming,mutual_information,0.5,0.07046666666666715,0.09273333333333275
treesatai__panopticon__full_finetune__mc_dropout__44,image_hamming,mutual_information,0.51,0.07065359477124233,0.09273333333333275
treesatai__panopticon__full_finetune__mc_dropout__44,image_hamming,mutual_information,0.52,0.0712820512820518,0.09273333333333275
treesatai__panopticon__full_finetune__mc_dropout__44,image_hamming,mutual_information,0.53,0.07176100628930869,0.09273333333333275
treesatai__panopticon__full_finetune__mc_dropout__44,image_hamming,mutual_information,0.54,0.07216049382716101,0.09273333333333275
treesatai__panopticon__full_finetune__mc_dropout__44,image_hamming,mutual_information,0.55,0.0727878787878793,0.09273333333333275
treesatai__panopticon__full_finetune__mc_dropout__44,image_hamming,mutual_information,0.56,0.07321428571428623,0.09273333333333275
treesatai__panopticon__full_finetune__mc_dropout__44,image_hamming,mutual_information,0.57,0.07385964912280754,0.09273333333333275
treesatai__panopticon__full_finetune__mc_dropout__44,image_hamming,mutual_information,0.58,0.07436781609195453,0.09273333333333275
treesatai__panopticon__full_finetune__mc_dropout__44,image_hamming,mutual_information,0.59,0.0745762711864412,0.09273333333333275
treesatai__panopticon__full_finetune__mc_dropout__44,image_hamming,mutual_information,0.6,0.07488888888888941,0.09273333333333275
treesatai__panopticon__full_finetune__mc_dropout__44,image_hamming,mutual_information,0.61,0.07540983606557429,0.09273333333333275
treesatai__panopticon__full_finetune__mc_dropout__44,image_hamming,mutual_information,0.62,0.07586021505376395,0.09273333333333275
treesatai__panopticon__full_finetune__mc_dropout__44,image_hamming,mutual_information,0.63,0.07693121693121745,0.09273333333333275
treesatai__panopticon__full_finetune__mc_dropout__44,image_hamming,mutual_information,0.64,0.0773437500000005,0.09273333333333275
treesatai__panopticon__full_finetune__mc_dropout__44,image_hamming,mutual_information,0.65,0.07800000000000053,0.09273333333333275
treesatai__panopticon__full_finetune__mc_dropout__44,image_hamming,mutual_information,0.66,0.07843434343434398,0.09273333333333275
treesatai__panopticon__full_finetune__mc_dropout__44,image_hamming,mutual_information,0.67,0.07920398009950305,0.09273333333333275
treesatai__panopticon__full_finetune__mc_dropout__44,image_hamming,mutual_information,0.68,0.07970588235294175,0.09273333333333275
treesatai__panopticon__full_finetune__mc_dropout__44,image_hamming,mutual_information,0.69,0.08009661835748849,0.09273333333333275
treesatai__panopticon__full_finetune__mc_dropout__44,image_hamming,mutual_information,0.7,0.08023809523809583,0.09273333333333275
treesatai__panopticon__full_finetune__mc_dropout__44,image_hamming,mutual_information,0.71,0.08056338028169073,0.09273333333333275
treesatai__panopticon__full_finetune__mc_dropout__44,image_hamming,mutual_information,0.72,0.08111111111111172,0.09273333333333275
treesatai__panopticon__full_finetune__mc_dropout__44,image_hamming,mutual_information,0.73,0.08150684931506909,0.09273333333333275
treesatai__panopticon__full_finetune__mc_dropout__44,image_hamming,mutual_information,0.74,0.08207207207207268,0.09273333333333275
treesatai__panopticon__full_finetune__mc_dropout__44,image_hamming,mutual_information,0.75,0.08208888888888949,0.09273333333333275
treesatai__panopticon__full_finetune__mc_dropout__44,image_hamming,mutual_information,0.76,0.0824561403508778,0.09273333333333275
treesatai__panopticon__full_finetune__mc_dropout__44,image_hamming,mutual_information,0.77,0.08303030303030365,0.09273333333333275
treesatai__panopticon__full_finetune__mc_dropout__44,image_hamming,mutual_information,0.78,0.08376068376068428,0.09273333333333275
treesatai__panopticon__full_finetune__mc_dropout__44,image_hamming,mutual_information,0.79,0.08455696202531694,0.09273333333333275
treesatai__panopticon__full_finetune__mc_dropout__44,image_hamming,mutual_information,0.8,0.08504166666666707,0.09273333333333275
treesatai__panopticon__full_finetune__mc_dropout__44,image_hamming,mutual_information,0.81,0.08543209876543244,0.09273333333333275
treesatai__panopticon__full_finetune__mc_dropout__44,image_hamming,mutual_information,0.82,0.08589430894308968,0.09273333333333275
treesatai__panopticon__full_finetune__mc_dropout__44,image_hamming,mutual_information,0.83,0.08610441767068294,0.09273333333333275
treesatai__panopticon__full_finetune__mc_dropout__44,image_hamming,mutual_information,0.84,0.08615079365079381,0.09273333333333275
treesatai__panopticon__full_finetune__mc_dropout__44,image_hamming,mutual_information,0.85,0.08647058823529422,0.09273333333333275
treesatai__panopticon__full_finetune__mc_dropout__44,image_hamming,mutual_information,0.86,0.08689922480620159,0.09273333333333275
treesatai__panopticon__full_finetune__mc_dropout__44,image_hamming,mutual_information,0.87,0.08720306513409959,0.09273333333333275
treesatai__panopticon__full_finetune__mc_dropout__44,image_hamming,mutual_information,0.88,0.08734848484848477,0.09273333333333275
treesatai__panopticon__full_finetune__mc_dropout__44,image_hamming,mutual_information,0.89,0.08794007490636693,0.09273333333333275
treesatai__panopticon__full_finetune__mc_dropout__44,image_hamming,mutual_information,0.9,0.08814814814814799,0.09273333333333275
treesatai__panopticon__full_finetune__mc_dropout__44,image_hamming,mutual_information,0.91,0.0889010989010987,0.09273333333333275
treesatai__panopticon__full_finetune__mc_dropout__44,image_hamming,mutual_information,0.92,0.08942028985507222,0.09273333333333275
treesatai__panopticon__full_finetune__mc_dropout__44,image_hamming,mutual_information,0.93,0.08989247311827926,0.09273333333333275
treesatai__panopticon__full_finetune__mc_dropout__44,image_hamming,mutual_information,0.94,0.09021276595744647,0.09273333333333275
treesatai__panopticon__full_finetune__mc_dropout__44,image_hamming,mutual_information,0.95,0.09073684210526278,0.09273333333333275
treesatai__panopticon__full_finetune__mc_dropout__44,image_hamming,mutual_information,0.96,0.09090277777777735,0.09273333333333275
treesatai__panopticon__full_finetune__mc_dropout__44,image_hamming,mutual_information,0.97,0.09144329896907172,0.09273333333333275
treesatai__panopticon__full_finetune__mc_dropout__44,image_hamming,mutual_information,0.98,0.09170068027210836,0.09273333333333275
treesatai__panopticon__full_finetune__mc_dropout__44,image_hamming,mutual_information,0.99,0.09225589225589172,0.09273333333333275
treesatai__panopticon__full_finetune__mc_dropout__44,image_hamming,mutual_information,1.0,0.09273333333333275,0.09273333333333275
treesatai__panopticon__full_finetune__mc_dropout__44,image_hamming,gini_expected,0.01,0.006666666666666666,0.0927333333333331
treesatai__panopticon__full_finetune__mc_dropout__44,image_hamming,gini_expected,0.02,0.011666666666666667,0.0927333333333331
treesatai__panopticon__full_finetune__mc_dropout__44,image_hamming,gini_expected,0.03,0.014444444444444444,0.0927333333333331
treesatai__panopticon__full_finetune__mc_dropout__44,image_hamming,gini_expected,0.04,0.015,0.0927333333333331
treesatai__panopticon__full_finetune__mc_dropout__44,image_hamming,gini_expected,0.05,0.013999999999999999,0.0927333333333331
treesatai__panopticon__full_finetune__mc_dropout__44,image_hamming,gini_expected,0.06,0.016666666666666666,0.0927333333333331
treesatai__panopticon__full_finetune__mc_dropout__44,image_hamming,gini_expected,0.07,0.0180952380952381,0.0927333333333331
treesatai__panopticon__full_finetune__mc_dropout__44,image_hamming,gini_expected,0.08,0.021666666666666678,0.0927333333333331
treesatai__panopticon__full_finetune__mc_dropout__44,image_hamming,gini_expected,0.09,0.02222222222222224,0.0927333333333331
treesatai__panopticon__full_finetune__mc_dropout__44,image_hamming,gini_expected,0.1,0.02400000000000002,0.0927333333333331
treesatai__panopticon__full_finetune__mc_dropout__44,image_hamming,gini_expected,0.11,0.024242424242424256,0.0927333333333331
treesatai__panopticon__full_finetune__mc_dropout__44,image_hamming,gini_expected,0.12,0.02361111111111112,0.0927333333333331
treesatai__panopticon__full_finetune__mc_dropout__44,image_hamming,gini_expected,0.13,0.026666666666666682,0.0927333333333331
treesatai__panopticon__full_finetune__mc_dropout__44,image_hamming,gini_expected,0.14,0.026904761904761914,0.0927333333333331
treesatai__panopticon__full_finetune__mc_dropout__44,image_hamming,gini_expected,0.15,0.02866666666666667,0.0927333333333331
treesatai__panopticon__full_finetune__mc_dropout__44,image_hamming,gini_expected,0.16,0.030416666666666658,0.0927333333333331
treesatai__panopticon__full_finetune__mc_dropout__44,image_hamming,gini_expected,0.17,0.031176470588235278,0.0927333333333331
treesatai__panopticon__full_finetune__mc_dropout__44,image_hamming,gini_expected,0.18,0.03259259259259257,0.0927333333333331
treesatai__panopticon__full_finetune__mc_dropout__44,image_hamming,gini_expected,0.19,0.033157894736842074,0.0927333333333331
treesatai__panopticon__full_finetune__mc_dropout__44,image_hamming,gini_expected,0.2,0.03366666666666663,0.0927333333333331
treesatai__panopticon__full_finetune__mc_dropout__44,image_hamming,gini_expected,0.21,0.03349206349206345,0.0927333333333331
treesatai__panopticon__full_finetune__mc_dropout__44,image_hamming,gini_expected,0.22,0.03409090909090904,0.0927333333333331
treesatai__panopticon__full_finetune__mc_dropout__44,image_hamming,gini_expected,0.23,0.03594202898550719,0.0927333333333331
treesatai__panopticon__full_finetune__mc_dropout__44,image_hamming,gini_expected,0.24,0.03722222222222216,0.0927333333333331
treesatai__panopticon__full_finetune__mc_dropout__44,image_hamming,gini_expected,0.25,0.03799999999999993,0.0927333333333331
treesatai__panopticon__full_finetune__mc_dropout__44,image_hamming,gini_expected,0.26,0.039102564102564026,0.0927333333333331
treesatai__panopticon__full_finetune__mc_dropout__44,image_hamming,gini_expected,0.27,0.039876543209876464,0.0927333333333331
treesatai__panopticon__full_finetune__mc_dropout__44,image_hamming,gini_expected,0.28,0.04071428571428563,0.0927333333333331
treesatai__panopticon__full_finetune__mc_dropout__44,image_hamming,gini_expected,0.29,0.041379310344827495,0.0927333333333331
treesatai__panopticon__full_finetune__mc_dropout__44,image_hamming,gini_expected,0.3,0.04144444444444435,0.0927333333333331
treesatai__panopticon__full_finetune__mc_dropout__44,image_hamming,gini_expected,0.31,0.042688172043010654,0.0927333333333331
treesatai__panopticon__full_finetune__mc_dropout__44,image_hamming,gini_expected,0.32,0.04364583333333323,0.0927333333333331
treesatai__panopticon__full_finetune__mc_dropout__44,image_hamming,gini_expected,0.33,0.04414141414141403,0.0927333333333331
treesatai__panopticon__full_finetune__mc_dropout__44,image_hamming,gini_expected,0.34,0.04519607843137244,0.0927333333333331
treesatai__panopticon__full_finetune__mc_dropout__44,image_hamming,gini_expected,0.35,0.04647619047619038,0.0927333333333331
treesatai__panopticon__full_finetune__mc_dropout__44,image_hamming,gini_expected,0.36,0.0469444444444444,0.0927333333333331
treesatai__panopticon__full_finetune__mc_dropout__44,image_hamming,gini_expected,0.37,0.04738738738738738,0.0927333333333331
treesatai__panopticon__full_finetune__mc_dropout__44,image_hamming,gini_expected,0.38,0.04842105263157898,0.0927333333333331
treesatai__panopticon__full_finetune__mc_dropout__44,image_hamming,gini_expected,0.39,0.049914529914529986,0.0927333333333331
treesatai__panopticon__full_finetune__mc_dropout__44,image_hamming,gini_expected,0.4,0.05116666666666678,0.0927333333333331
treesatai__panopticon__full_finetune__mc_dropout__44,image_hamming,gini_expected,0.41,0.05260162601626031,0.0927333333333331
treesatai__panopticon__full_finetune__mc_dropout__44,image_hamming,gini_expected,0.42,0.053809523809524,0.0927333333333331
treesatai__panopticon__full_finetune__mc_dropout__44,image_hamming,gini_expected,0.43,0.05472868217054285,0.0927333333333331
treesatai__panopticon__full_finetune__mc_dropout__44,image_hamming,gini_expected,0.44,0.0554545454545457,0.0927333333333331
treesatai__panopticon__full_finetune__mc_dropout__44,image_hamming,gini_expected,0.45,0.05592592592592619,0.0927333333333331
treesatai__panopticon__full_finetune__mc_dropout__44,image_hamming,gini_expected,0.46,0.05681159420289883,0.0927333333333331
treesatai__panopticon__full_finetune__mc_dropout__44,image_hamming,gini_expected,0.47,0.05702127659574497,0.0927333333333331
treesatai__panopticon__full_finetune__mc_dropout__44,image_hamming,gini_expected,0.48,0.05819444444444476,0.0927333333333331
treesatai__panopticon__full_finetune__mc_dropout__44,image_hamming,gini_expected,0.49,0.05972789115646292,0.0927333333333331
treesatai__panopticon__full_finetune__mc_dropout__44,image_hamming,gini_expected,0.5,0.06013333333333368,0.0927333333333331
treesatai__panopticon__full_finetune__mc_dropout__44,image_hamming,gini_expected,0.51,0.061045751633987295,0.0927333333333331
treesatai__panopticon__full_finetune__mc_dropout__44,image_hamming,gini_expected,0.52,0.06147435897435937,0.0927333333333331
treesatai__panopticon__full_finetune__mc_dropout__44,image_hamming,gini_expected,0.53,0.06213836477987464,0.0927333333333331
treesatai__panopticon__full_finetune__mc_dropout__44,image_hamming,gini_expected,0.54,0.06271604938271648,0.0927333333333331
treesatai__panopticon__full_finetune__mc_dropout__44,image_hamming,gini_expected,0.55,0.0639393939393944,0.0927333333333331
treesatai__panopticon__full_finetune__mc_dropout__44,image_hamming,gini_expected,0.56,0.06422619047619095,0.0927333333333331
treesatai__panopticon__full_finetune__mc_dropout__44,image_hamming,gini_expected,0.57,0.06473684210526365,0.0927333333333331
treesatai__panopticon__full_finetune__mc_dropout__44,image_hamming,gini_expected,0.58,0.06517241379310393,0.0927333333333331
treesatai__panopticon__full_finetune__mc_dropout__44,image_hamming,gini_expected,0.59,0.06542372881355982,0.0927333333333331
treesatai__panopticon__full_finetune__mc_dropout__44,image_hamming,gini_expected,0.6,0.06616666666666719,0.0927333333333331
treesatai__panopticon__full_finetune__mc_dropout__44,image_hamming,gini_expected,0.61,0.06693989071038305,0.0927333333333331
treesatai__panopticon__full_finetune__mc_dropout__44,image_hamming,gini_expected,0.62,0.06811827956989303,0.0927333333333331
treesatai__panopticon__full_finetune__mc_dropout__44,image_hamming,gini_expected,0.63,0.06925925925925985,0.0927333333333331
treesatai__panopticon__full_finetune__mc_dropout__44,image_hamming,gini_expected,0.64,0.07020833333333394,0.0927333333333331
treesatai__panopticon__full_finetune__mc_dropout__44,image_hamming,gini_expected,0.65,0.070410256410257,0.0927333333333331
treesatai__panopticon__full_finetune__mc_dropout__44,image_hamming,gini_expected,0.66,0.07111111111111174,0.0927333333333331
treesatai__panopticon__full_finetune__mc_dropout__44,image_hamming,gini_expected,0.67,0.07154228855721456,0.0927333333333331
treesatai__panopticon__full_finetune__mc_dropout__44,image_hamming,gini_expected,0.68,0.07205882352941241,0.0927333333333331
treesatai__panopticon__full_finetune__mc_dropout__44,image_hamming,gini_expected,0.69,0.0725603864734306,0.0927333333333331
treesatai__panopticon__full_finetune__mc_dropout__44,image_hamming,gini_expected,0.7,0.073333333333334,0.0927333333333331
treesatai__panopticon__full_finetune__mc_dropout__44,image_hamming,gini_expected,0.71,0.07375586854460159,0.0927333333333331
treesatai__panopticon__full_finetune__mc_dropout__44,image_hamming,gini_expected,0.72,0.07421296296296362,0.0927333333333331
treesatai__panopticon__full_finetune__mc_dropout__44,image_hamming,gini_expected,0.73,0.07456621004566277,0.0927333333333331
treesatai__panopticon__full_finetune__mc_dropout__44,image_hamming,gini_expected,0.74,0.0749099099099106,0.0927333333333331
treesatai__panopticon__full_finetune__mc_dropout__44,image_hamming,gini_expected,0.75,0.07537777777777847,0.0927333333333331
treesatai__panopticon__full_finetune__mc_dropout__44,image_hamming,gini_expected,0.76,0.07565789473684278,0.0927333333333331
treesatai__panopticon__full_finetune__mc_dropout__44,image_hamming,gini_expected,0.77,0.07636363636363704,0.0927333333333331
treesatai__panopticon__full_finetune__mc_dropout__44,image_hamming,gini_expected,0.78,0.07696581196581266,0.0927333333333331
treesatai__panopticon__full_finetune__mc_dropout__44,image_hamming,gini_expected,0.79,0.07772151898734247,0.0927333333333331
treesatai__panopticon__full_finetune__mc_dropout__44,image_hamming,gini_expected,0.8,0.07858333333333403,0.0927333333333331
treesatai__panopticon__full_finetune__mc_dropout__44,image_hamming,gini_expected,0.81,0.07942386831275791,0.0927333333333331
treesatai__panopticon__full_finetune__mc_dropout__44,image_hamming,gini_expected,0.82,0.08024390243902503,0.0927333333333331
treesatai__panopticon__full_finetune__mc_dropout__44,image_hamming,gini_expected,0.83,0.08088353413654675,0.0927333333333331
treesatai__panopticon__full_finetune__mc_dropout__44,image_hamming,gini_expected,0.84,0.08154761904761954,0.0927333333333331
treesatai__panopticon__full_finetune__mc_dropout__44,image_hamming,gini_expected,0.85,0.08180392156862788,0.0927333333333331
treesatai__panopticon__full_finetune__mc_dropout__44,image_hamming,gini_expected,0.86,0.0821705426356593,0.0927333333333331
treesatai__panopticon__full_finetune__mc_dropout__44,image_hamming,gini_expected,0.87,0.08279693486590073,0.0927333333333331
treesatai__panopticon__full_finetune__mc_dropout__44,image_hamming,gini_expected,0.88,0.08386363636363665,0.0927333333333331
treesatai__panopticon__full_finetune__mc_dropout__44,image_hamming,gini_expected,0.89,0.08464419475655452,0.0927333333333331
treesatai__panopticon__full_finetune__mc_dropout__44,image_hamming,gini_expected,0.9,0.08555555555555572,0.0927333333333331
treesatai__panopticon__full_finetune__mc_dropout__44,image_hamming,gini_expected,0.91,0.08626373626373639,0.0927333333333331
treesatai__panopticon__full_finetune__mc_dropout__44,image_hamming,gini_expected,0.92,0.08728260869565227,0.0927333333333331
treesatai__panopticon__full_finetune__mc_dropout__44,image_hamming,gini_expected,0.93,0.08788530465949826,0.0927333333333331
treesatai__panopticon__full_finetune__mc_dropout__44,image_hamming,gini_expected,0.94,0.08858156028368794,0.0927333333333331
treesatai__panopticon__full_finetune__mc_dropout__44,image_hamming,gini_expected,0.95,0.08912280701754384,0.0927333333333331
treesatai__panopticon__full_finetune__mc_dropout__44,image_hamming,gini_expected,0.96,0.08979166666666659,0.0927333333333331
treesatai__panopticon__full_finetune__mc_dropout__44,image_hamming,gini_expected,0.97,0.09068728522336757,0.0927333333333331
treesatai__panopticon__full_finetune__mc_dropout__44,image_hamming,gini_expected,0.98,0.09132653061224474,0.0927333333333331
treesatai__panopticon__full_finetune__mc_dropout__44,image_hamming,gini_expected,0.99,0.09198653198653178,0.0927333333333331
treesatai__panopticon__full_finetune__mc_dropout__44,image_hamming,gini_expected,1.0,0.0927333333333331,0.0927333333333331
treesatai__panopticon__full_finetune__mc_dropout__44,image_hamming,gini_disagreement,0.01,0.006666666666666666,0.0927333333333328
treesatai__panopticon__full_finetune__mc_dropout__44,image_hamming,gini_disagreement,0.02,0.011666666666666665,0.0927333333333328
treesatai__panopticon__full_finetune__mc_dropout__44,image_hamming,gini_disagreement,0.03,0.012222222222222221,0.0927333333333328
treesatai__panopticon__full_finetune__mc_dropout__44,image_hamming,gini_disagreement,0.04,0.009166666666666667,0.0927333333333328
treesatai__panopticon__full_finetune__mc_dropout__44,image_hamming,gini_disagreement,0.05,0.014666666666666666,0.0927333333333328
treesatai__panopticon__full_finetune__mc_dropout__44,image_hamming,gini_disagreement,0.06,0.014999999999999998,0.0927333333333328
treesatai__panopticon__full_finetune__mc_dropout__44,image_hamming,gini_disagreement,0.07,0.019047619047619053,0.0927333333333328
treesatai__panopticon__full_finetune__mc_dropout__44,image_hamming,gini_disagreement,0.08,0.021250000000000012,0.0927333333333328
treesatai__panopticon__full_finetune__mc_dropout__44,image_hamming,gini_disagreement,0.09,0.022592592592592605,0.0927333333333328
treesatai__panopticon__full_finetune__mc_dropout__44,image_hamming,gini_disagreement,0.1,0.023666666666666676,0.0927333333333328
treesatai__panopticon__full_finetune__mc_dropout__44,image_hamming,gini_disagreement,0.11,0.02696969696969698,0.0927333333333328
treesatai__panopticon__full_finetune__mc_dropout__44,image_hamming,gini_disagreement,0.12,0.027222222222222224,0.0927333333333328
treesatai__panopticon__full_finetune__mc_dropout__44,image_hamming,gini_disagreement,0.13,0.028205128205128212,0.0927333333333328
treesatai__panopticon__full_finetune__mc_dropout__44,image_hamming,gini_disagreement,0.14,0.02904761904761905,0.0927333333333328
treesatai__panopticon__full_finetune__mc_dropout__44,image_hamming,gini_disagreement,0.15,0.030444444444444437,0.0927333333333328
treesatai__panopticon__full_finetune__mc_dropout__44,image_hamming,gini_disagreement,0.16,0.03187499999999998,0.0927333333333328
treesatai__panopticon__full_finetune__mc_dropout__44,image_hamming,gini_disagreement,0.17,0.03294117647058821,0.0927333333333328
treesatai__panopticon__full_finetune__mc_dropout__44,image_hamming,gini_disagreement,0.18,0.0344444444444444,0.0927333333333328
treesatai__panopticon__full_finetune__mc_dropout__44,image_hamming,gini_disagreement,0.19,0.035438596491228026,0.0927333333333328
treesatai__panopticon__full_finetune__mc_dropout__44,image_hamming,gini_disagreement,0.2,0.03816666666666661,0.0927333333333328
treesatai__panopticon__full_finetune__mc_dropout__44,image_hamming,gini_disagreement,0.21,0.040158730158730095,0.0927333333333328
treesatai__panopticon__full_finetune__mc_dropout__44,image_hamming,gini_disagreement,0.22,0.040606060606060534,0.0927333333333328
treesatai__panopticon__full_finetune__mc_dropout__44,image_hamming,gini_disagreement,0.23,0.04130434782608688,0.0927333333333328
treesatai__panopticon__full_finetune__mc_dropout__44,image_hamming,gini_disagreement,0.24,0.04291666666666658,0.0927333333333328
treesatai__panopticon__full_finetune__mc_dropout__44,image_hamming,gini_disagreement,0.25,0.04359999999999991,0.0927333333333328
treesatai__panopticon__full_finetune__mc_dropout__44,image_hamming,gini_disagreement,0.26,0.044230769230769136,0.0927333333333328
treesatai__panopticon__full_finetune__mc_dropout__44,image_hamming,gini_disagreement,0.27,0.045432098765432,0.0927333333333328
treesatai__panopticon__full_finetune__mc_dropout__44,image_hamming,gini_disagreement,0.28,0.04642857142857132,0.0927333333333328
treesatai__panopticon__full_finetune__mc_dropout__44,image_hamming,gini_disagreement,0.29,0.048045977011494136,0.0927333333333328
treesatai__panopticon__full_finetune__mc_dropout__44,image_hamming,gini_disagreement,0.3,0.04888888888888877,0.0927333333333328
treesatai__panopticon__full_finetune__mc_dropout__44,image_hamming,gini_disagreement,0.31,0.04978494623655901,0.0927333333333328
treesatai__panopticon__full_finetune__mc_dropout__44,image_hamming,gini_disagreement,0.32,0.0505208333333332,0.0927333333333328
treesatai__panopticon__full_finetune__mc_dropout__44,image_hamming,gini_disagreement,0.33,0.05050505050505042,0.0927333333333328
treesatai__panopticon__full_finetune__mc_dropout__44,image_hamming,gini_disagreement,0.34,0.05127450980392155,0.0927333333333328
treesatai__panopticon__full_finetune__mc_dropout__44,image_hamming,gini_disagreement,0.35,0.05219047619047621,0.0927333333333328
treesatai__panopticon__full_finetune__mc_dropout__44,image_hamming,gini_disagreement,0.36,0.052962962962963024,0.0927333333333328
treesatai__panopticon__full_finetune__mc_dropout__44,image_hamming,gini_disagreement,0.37,0.053783783783783894,0.0927333333333328
treesatai__panopticon__full_finetune__mc_dropout__44,image_hamming,gini_disagreement,0.38,0.05552631578947382,0.0927333333333328
treesatai__panopticon__full_finetune__mc_dropout__44,image_hamming,gini_disagreement,0.39,0.055641025641025806,0.0927333333333328
treesatai__panopticon__full_finetune__mc_dropout__44,image_hamming,gini_disagreement,0.4,0.057083333333333534,0.0927333333333328
treesatai__panopticon__full_finetune__mc_dropout__44,image_hamming,gini_disagreement,0.41,0.05821138211382138,0.0927333333333328
treesatai__panopticon__full_finetune__mc_dropout__44,image_hamming,gini_disagreement,0.42,0.05936507936507965,0.0927333333333328
treesatai__panopticon__full_finetune__mc_dropout__44,image_hamming,gini_disagreement,0.43,0.06000000000000029,0.0927333333333328
treesatai__panopticon__full_finetune__mc_dropout__44,image_hamming,gini_disagreement,0.44,0.060606060606060934,0.0927333333333328
treesatai__panopticon__full_finetune__mc_dropout__44,image_hamming,gini_disagreement,0.45,0.06111111111111144,0.0927333333333328
treesatai__panopticon__full_finetune__mc_dropout__44,image_hamming,gini_disagreement,0.46,0.06173913043478296,0.0927333333333328
treesatai__panopticon__full_finetune__mc_dropout__44,image_hamming,gini_disagreement,0.47,0.0630496453900713,0.0927333333333328
treesatai__panopticon__full_finetune__mc_dropout__44,image_hamming,gini_disagreement,0.48,0.06409722222222261,0.0927333333333328
treesatai__panopticon__full_finetune__mc_dropout__44,image_hamming,gini_disagreement,0.49,0.06476190476190517,0.0927333333333328
treesatai__panopticon__full_finetune__mc_dropout__44,image_hamming,gini_disagreement,0.5,0.06526666666666711,0.0927333333333328
treesatai__panopticon__full_finetune__mc_dropout__44,image_hamming,gini_disagreement,0.51,0.06549019607843183,0.0927333333333328
treesatai__panopticon__full_finetune__mc_dropout__44,image_hamming,gini_disagreement,0.52,0.06628205128205171,0.0927333333333328
treesatai__panopticon__full_finetune__mc_dropout__44,image_hamming,gini_disagreement,0.53,0.06735849056603817,0.0927333333333328
treesatai__panopticon__full_finetune__mc_dropout__44,image_hamming,gini_disagreement,0.54,0.06790123456790167,0.0927333333333328
treesatai__panopticon__full_finetune__mc_dropout__44,image_hamming,gini_disagreement,0.55,0.06872727272727318,0.0927333333333328
treesatai__panopticon__full_finetune__mc_dropout__44,image_hamming,gini_disagreement,0.56,0.0691666666666671,0.0927333333333328
treesatai__panopticon__full_finetune__mc_dropout__44,image_hamming,gini_disagreement,0.57,0.07023391812865543,0.0927333333333328
treesatai__panopticon__full_finetune__mc_dropout__44,image_hamming,gini_disagreement,0.58,0.07057471264367862,0.0927333333333328
treesatai__panopticon__full_finetune__mc_dropout__44,image_hamming,gini_disagreement,0.59,0.07118644067796655,0.0927333333333328
treesatai__panopticon__full_finetune__mc_dropout__44,image_hamming,gini_disagreement,0.6,0.0718333333333338,0.0927333333333328
treesatai__panopticon__full_finetune__mc_dropout__44,image_hamming,gini_disagreement,0.61,0.07284153005464528,0.0927333333333328
treesatai__panopticon__full_finetune__mc_dropout__44,image_hamming,gini_disagreement,0.62,0.07365591397849511,0.0927333333333328
treesatai__panopticon__full_finetune__mc_dropout__44,image_hamming,gini_disagreement,0.63,0.07370370370370416,0.0927333333333328
treesatai__panopticon__full_finetune__mc_dropout__44,image_hamming,gini_disagreement,0.64,0.07411458333333379,0.0927333333333328
treesatai__panopticon__full_finetune__mc_dropout__44,image_hamming,gini_disagreement,0.65,0.0746153846153851,0.0927333333333328
treesatai__panopticon__full_finetune__mc_dropout__44,image_hamming,gini_disagreement,0.66,0.0752020202020207,0.0927333333333328
treesatai__panopticon__full_finetune__mc_dropout__44,image_hamming,gini_disagreement,0.67,0.0753233830845776,0.0927333333333328
treesatai__panopticon__full_finetune__mc_dropout__44,image_hamming,gini_disagreement,0.68,0.07593137254902015,0.0927333333333328
treesatai__panopticon__full_finetune__mc_dropout__44,image_hamming,gini_disagreement,0.69,0.0764251207729474,0.0927333333333328
treesatai__panopticon__full_finetune__mc_dropout__44,image_hamming,gini_disagreement,0.7,0.07709523809523866,0.0927333333333328
treesatai__panopticon__full_finetune__mc_dropout__44,image_hamming,gini_disagreement,0.71,0.07788732394366253,0.0927333333333328
treesatai__panopticon__full_finetune__mc_dropout__44,image_hamming,gini_disagreement,0.72,0.0783796296296302,0.0927333333333328
treesatai__panopticon__full_finetune__mc_dropout__44,image_hamming,gini_disagreement,0.73,0.07867579908675855,0.0927333333333328
treesatai__panopticon__full_finetune__mc_dropout__44,image_hamming,gini_disagreement,0.74,0.07932432432432489,0.0927333333333328
treesatai__panopticon__full_finetune__mc_dropout__44,image_hamming,gini_disagreement,0.75,0.07977777777777835,0.0927333333333328
treesatai__panopticon__full_finetune__mc_dropout__44,image_hamming,gini_disagreement,0.76,0.08026315789473742,0.0927333333333328
treesatai__panopticon__full_finetune__mc_dropout__44,image_hamming,gini_disagreement,0.77,0.08073593073593134,0.0927333333333328
treesatai__panopticon__full_finetune__mc_dropout__44,image_hamming,gini_disagreement,0.78,0.08149572649572712,0.0927333333333328
treesatai__panopticon__full_finetune__mc_dropout__44,image_hamming,gini_disagreement,0.79,0.08194092827004278,0.0927333333333328
treesatai__panopticon__full_finetune__mc_dropout__44,image_hamming,gini_disagreement,0.8,0.08225000000000049,0.0927333333333328
treesatai__panopticon__full_finetune__mc_dropout__44,image_hamming,gini_disagreement,0.81,0.08283950617283994,0.0927333333333328
treesatai__panopticon__full_finetune__mc_dropout__44,image_hamming,gini_disagreement,0.82,0.08325203252032556,0.0927333333333328
treesatai__panopticon__full_finetune__mc_dropout__44,image_hamming,gini_disagreement,0.83,0.08397590361445816,0.0927333333333328
treesatai__panopticon__full_finetune__mc_dropout__44,image_hamming,gini_disagreement,0.84,0.08444444444444474,0.0927333333333328
treesatai__panopticon__full_finetune__mc_dropout__44,image_hamming,gini_disagreement,0.85,0.08486274509803944,0.0927333333333328
treesatai__panopticon__full_finetune__mc_dropout__44,image_hamming,gini_disagreement,0.86,0.08546511627906993,0.0927333333333328
treesatai__panopticon__full_finetune__mc_dropout__44,image_hamming,gini_disagreement,0.87,0.08590038314176257,0.0927333333333328
treesatai__panopticon__full_finetune__mc_dropout__44,image_hamming,gini_disagreement,0.88,0.086439393939394,0.0927333333333328
treesatai__panopticon__full_finetune__mc_dropout__44,image_hamming,gini_disagreement,0.89,0.08700374531835207,0.0927333333333328
treesatai__panopticon__full_finetune__mc_dropout__44,image_hamming,gini_disagreement,0.9,0.0872592592592592,0.0927333333333328
treesatai__panopticon__full_finetune__mc_dropout__44,image_hamming,gini_disagreement,0.91,0.08758241758241747,0.0927333333333328
treesatai__panopticon__full_finetune__mc_dropout__44,image_hamming,gini_disagreement,0.92,0.0884420289855071,0.0927333333333328
treesatai__panopticon__full_finetune__mc_dropout__44,image_hamming,gini_disagreement,0.93,0.08878136200716825,0.0927333333333328
treesatai__panopticon__full_finetune__mc_dropout__44,image_hamming,gini_disagreement,0.94,0.0893617021276593,0.0927333333333328
treesatai__panopticon__full_finetune__mc_dropout__44,image_hamming,gini_disagreement,0.95,0.0901052631578944,0.0927333333333328
treesatai__panopticon__full_finetune__mc_dropout__44,image_hamming,gini_disagreement,0.96,0.09038194444444407,0.0927333333333328
treesatai__panopticon__full_finetune__mc_dropout__44,image_hamming,gini_disagreement,0.97,0.09092783505154599,0.0927333333333328
treesatai__panopticon__full_finetune__mc_dropout__44,image_hamming,gini_disagreement,0.98,0.09163265306122403,0.0927333333333328
treesatai__panopticon__full_finetune__mc_dropout__44,image_hamming,gini_disagreement,0.99,0.09205387205387157,0.0927333333333328
treesatai__panopticon__full_finetune__mc_dropout__44,image_hamming,gini_disagreement,1.0,0.0927333333333328,0.0927333333333328
treesatai__panopticon__full_finetune__mc_dropout__44,micro_label_decision,msp,0.01,0.0,0.09273333333333333
treesatai__panopticon__full_finetune__mc_dropout__44,micro_label_decision,msp,0.02,0.0,0.09273333333333333
treesatai__panopticon__full_finetune__mc_dropout__44,micro_label_decision,msp,0.03,0.0022222222222222222,0.09273333333333333
treesatai__panopticon__full_finetune__mc_dropout__44,micro_label_decision,msp,0.04,0.0016666666666666668,0.09273333333333333
treesatai__panopticon__full_finetune__mc_dropout__44,micro_label_decision,msp,0.05,0.0013333333333333333,0.09273333333333333
treesatai__panopticon__full_finetune__mc_dropout__44,micro_label_decision,msp,0.06,0.0011111111111111111,0.09273333333333333
treesatai__panopticon__full_finetune__mc_dropout__44,micro_label_decision,msp,0.07,0.0009523809523809524,0.09273333333333333
treesatai__panopticon__full_finetune__mc_dropout__44,micro_label_decision,msp,0.08,0.00125,0.09273333333333333
treesatai__panopticon__full_finetune__mc_dropout__44,micro_label_decision,msp,0.09,0.0011111111111111111,0.09273333333333333
treesatai__panopticon__full_finetune__mc_dropout__44,micro_label_decision,msp,0.1,0.0013333333333333333,0.09273333333333333
treesatai__panopticon__full_finetune__mc_dropout__44,micro_label_decision,msp,0.11,0.0018181818181818182,0.09273333333333333
treesatai__panopticon__full_finetune__mc_dropout__44,micro_label_decision,msp,0.12,0.0016666666666666668,0.09273333333333333
treesatai__panopticon__full_finetune__mc_dropout__44,micro_label_decision,msp,0.13,0.0015384615384615385,0.09273333333333333
treesatai__panopticon__full_finetune__mc_dropout__44,micro_label_decision,msp,0.14,0.0016666666666666668,0.09273333333333333
treesatai__panopticon__full_finetune__mc_dropout__44,micro_label_decision,msp,0.15,0.0022222222222222222,0.09273333333333333
treesatai__panopticon__full_finetune__mc_dropout__44,micro_label_decision,msp,0.16,0.0020833333333333333,0.09273333333333333
treesatai__panopticon__full_finetune__mc_dropout__44,micro_label_decision,msp,0.17,0.00196078431372549,0.09273333333333333
treesatai__panopticon__full_finetune__mc_dropout__44,micro_label_decision,msp,0.18,0.0025925925925925925,0.09273333333333333
treesatai__panopticon__full_finetune__mc_dropout__44,micro_label_decision,msp,0.19,0.002631578947368421,0.09273333333333333
treesatai__panopticon__full_finetune__mc_dropout__44,micro_label_decision,msp,0.2,0.0033333333333333335,0.09273333333333333
treesatai__panopticon__full_finetune__mc_dropout__44,micro_label_decision,msp,0.21,0.004126984126984127,0.09273333333333333
treesatai__panopticon__full_finetune__mc_dropout__44,micro_label_decision,msp,0.22,0.004696969696969697,0.09273333333333333
treesatai__panopticon__full_finetune__mc_dropout__44,micro_label_decision,msp,0.23,0.004782608695652174,0.09273333333333333
treesatai__panopticon__full_finetune__mc_dropout__44,micro_label_decision,msp,0.24,0.004861111111111111,0.09273333333333333
treesatai__panopticon__full_finetune__mc_dropout__44,micro_label_decision,msp,0.25,0.0056,0.09273333333333333
treesatai__panopticon__full_finetune__mc_dropout__44,micro_label_decision,msp,0.26,0.0057692307692307696,0.09273333333333333
treesatai__panopticon__full_finetune__mc_dropout__44,micro_label_decision,msp,0.27,0.005925925925925926,0.09273333333333333
treesatai__panopticon__full_finetune__mc_dropout__44,micro_label_decision,msp,0.28,0.005952380952380952,0.09273333333333333
treesatai__panopticon__full_finetune__mc_dropout__44,micro_label_decision,msp,0.29,0.005977011494252874,0.09273333333333333
treesatai__panopticon__full_finetune__mc_dropout__44,micro_label_decision,msp,0.3,0.0064444444444444445,0.09273333333333333
treesatai__panopticon__full_finetune__mc_dropout__44,micro_label_decision,msp,0.31,0.006881720430107527,0.09273333333333333
treesatai__panopticon__full_finetune__mc_dropout__44,micro_label_decision,msp,0.32,0.007083333333333333,0.09273333333333333
treesatai__panopticon__full_finetune__mc_dropout__44,micro_label_decision,msp,0.33,0.0073737373737373735,0.09273333333333333
treesatai__panopticon__full_finetune__mc_dropout__44,micro_label_decision,msp,0.34,0.00784313725490196,0.09273333333333333
treesatai__panopticon__full_finetune__mc_dropout__44,micro_label_decision,msp,0.35,0.007904761904761904,0.09273333333333333
treesatai__panopticon__full_finetune__mc_dropout__44,micro_label_decision,msp,0.36,0.008425925925925925,0.09273333333333333
treesatai__panopticon__full_finetune__mc_dropout__44,micro_label_decision,msp,0.37,0.009189189189189189,0.09273333333333333
treesatai__panopticon__full_finetune__mc_dropout__44,micro_label_decision,msp,0.38,0.00956140350877193,0.09273333333333333
treesatai__panopticon__full_finetune__mc_dropout__44,micro_label_decision,msp,0.39,0.010256410256410256,0.09273333333333333
treesatai__panopticon__full_finetune__mc_dropout__44,micro_label_decision,msp,0.4,0.010666666666666666,0.09273333333333333
treesatai__panopticon__full_finetune__mc_dropout__44,micro_label_decision,msp,0.41,0.011056910569105691,0.09273333333333333
treesatai__panopticon__full_finetune__mc_dropout__44,micro_label_decision,msp,0.42,0.011587301587301587,0.09273333333333333
treesatai__panopticon__full_finetune__mc_dropout__44,micro_label_decision,msp,0.43,0.012248062015503876,0.09273333333333333
treesatai__panopticon__full_finetune__mc_dropout__44,micro_label_decision,msp,0.44,0.013030303030303031,0.09273333333333333
treesatai__panopticon__full_finetune__mc_dropout__44,micro_label_decision,msp,0.45,0.013407407407407408,0.09273333333333333
treesatai__panopticon__full_finetune__mc_dropout__44,micro_label_decision,msp,0.46,0.014347826086956521,0.09273333333333333
treesatai__panopticon__full_finetune__mc_dropout__44,micro_label_decision,msp,0.47,0.01446808510638298,0.09273333333333333
treesatai__panopticon__full_finetune__mc_dropout__44,micro_label_decision,msp,0.48,0.015,0.09273333333333333
treesatai__panopticon__full_finetune__mc_dropout__44,micro_label_decision,msp,0.49,0.015306122448979591,0.09273333333333333
treesatai__panopticon__full_finetune__mc_dropout__44,micro_label_decision,msp,0.5,0.016266666666666665,0.09273333333333333
treesatai__panopticon__full_finetune__mc_dropout__44,micro_label_decision,msp,0.51,0.0169281045751634,0.09273333333333333
treesatai__panopticon__full_finetune__mc_dropout__44,micro_label_decision,msp,0.52,0.018205128205128204,0.09273333333333333
treesatai__panopticon__full_finetune__mc_dropout__44,micro_label_decision,msp,0.53,0.019308176100628932,0.09273333333333333
treesatai__panopticon__full_finetune__mc_dropout__44,micro_label_decision,msp,0.54,0.01993827160493827,0.09273333333333333
treesatai__panopticon__full_finetune__mc_dropout__44,micro_label_decision,msp,0.55,0.020606060606060607,0.09273333333333333
treesatai__panopticon__full_finetune__mc_dropout__44,micro_label_decision,msp,0.56,0.02095238095238095,0.09273333333333333
treesatai__panopticon__full_finetune__mc_dropout__44,micro_label_decision,msp,0.57,0.02175438596491228,0.09273333333333333
treesatai__panopticon__full_finetune__mc_dropout__44,micro_label_decision,msp,0.58,0.022873563218390805,0.09273333333333333
treesatai__panopticon__full_finetune__mc_dropout__44,micro_label_decision,msp,0.59,0.02344632768361582,0.09273333333333333
treesatai__panopticon__full_finetune__mc_dropout__44,micro_label_decision,msp,0.6,0.02438888888888889,0.09273333333333333
treesatai__panopticon__full_finetune__mc_dropout__44,micro_label_decision,msp,0.61,0.02546448087431694,0.09273333333333333
treesatai__panopticon__full_finetune__mc_dropout__44,micro_label_decision,msp,0.62,0.026559139784946235,0.09273333333333333
treesatai__panopticon__full_finetune__mc_dropout__44,micro_label_decision,msp,0.63,0.027513227513227514,0.09273333333333333
treesatai__panopticon__full_finetune__mc_dropout__44,micro_label_decision,msp,0.64,0.028802083333333332,0.09273333333333333
treesatai__panopticon__full_finetune__mc_dropout__44,micro_label_decision,msp,0.65,0.03,0.09273333333333333
treesatai__panopticon__full_finetune__mc_dropout__44,micro_label_decision,msp,0.66,0.031363636363636364,0.09273333333333333
treesatai__panopticon__full_finetune__mc_dropout__44,micro_label_decision,msp,0.67,0.03213930348258706,0.09273333333333333
treesatai__panopticon__full_finetune__mc_dropout__44,micro_label_decision,msp,0.68,0.03269607843137255,0.09273333333333333
treesatai__panopticon__full_finetune__mc_dropout__44,micro_label_decision,msp,0.69,0.03396135265700483,0.09273333333333333
treesatai__panopticon__full_finetune__mc_dropout__44,micro_label_decision,msp,0.7,0.03514285714285714,0.09273333333333333
treesatai__panopticon__full_finetune__mc_dropout__44,micro_label_decision,msp,0.71,0.036056338028169016,0.09273333333333333
treesatai__panopticon__full_finetune__mc_dropout__44,micro_label_decision,msp,0.72,0.03699074074074074,0.09273333333333333
treesatai__panopticon__full_finetune__mc_dropout__44,micro_label_decision,msp,0.73,0.03831050228310502,0.09273333333333333
treesatai__panopticon__full_finetune__mc_dropout__44,micro_label_decision,msp,0.74,0.03945945945945946,0.09273333333333333
treesatai__panopticon__full_finetune__mc_dropout__44,micro_label_decision,msp,0.75,0.040711111111111115,0.09273333333333333
treesatai__panopticon__full_finetune__mc_dropout__44,micro_label_decision,msp,0.76,0.041710526315789476,0.09273333333333333
treesatai__panopticon__full_finetune__mc_dropout__44,micro_label_decision,msp,0.77,0.04264069264069264,0.09273333333333333
treesatai__panopticon__full_finetune__mc_dropout__44,micro_label_decision,msp,0.78,0.0438034188034188,0.09273333333333333
treesatai__panopticon__full_finetune__mc_dropout__44,micro_label_decision,msp,0.79,0.045274261603375526,0.09273333333333333
treesatai__panopticon__full_finetune__mc_dropout__44,micro_label_decision,msp,0.8,0.04616666666666667,0.09273333333333333
treesatai__panopticon__full_finetune__mc_dropout__44,micro_label_decision,msp,0.81,0.04765432098765432,0.09273333333333333
treesatai__panopticon__full_finetune__mc_dropout__44,micro_label_decision,msp,0.82,0.04878048780487805,0.09273333333333333
treesatai__panopticon__full_finetune__mc_dropout__44,micro_label_decision,msp,0.83,0.05072289156626506,0.09273333333333333
treesatai__panopticon__full_finetune__mc_dropout__44,micro_label_decision,msp,0.84,0.05253968253968254,0.09273333333333333
treesatai__panopticon__full_finetune__mc_dropout__44,micro_label_decision,msp,0.85,0.05380392156862745,0.09273333333333333
treesatai__panopticon__full_finetune__mc_dropout__44,micro_label_decision,msp,0.86,0.05596899224806202,0.09273333333333333
treesatai__panopticon__full_finetune__mc_dropout__44,micro_label_decision,msp,0.87,0.05754789272030651,0.09273333333333333
treesatai__panopticon__full_finetune__mc_dropout__44,micro_label_decision,msp,0.88,0.059621212121212123,0.09273333333333333
treesatai__panopticon__full_finetune__mc_dropout__44,micro_label_decision,msp,0.89,0.061647940074906364,0.09273333333333333
treesatai__panopticon__full_finetune__mc_dropout__44,micro_label_decision,msp,0.9,0.06366666666666666,0.09273333333333333
treesatai__panopticon__full_finetune__mc_dropout__44,micro_label_decision,msp,0.91,0.06608058608058608,0.09273333333333333
treesatai__panopticon__full_finetune__mc_dropout__44,micro_label_decision,msp,0.92,0.06815217391304348,0.09273333333333333
treesatai__panopticon__full_finetune__mc_dropout__44,micro_label_decision,msp,0.93,0.07096774193548387,0.09273333333333333
treesatai__panopticon__full_finetune__mc_dropout__44,micro_label_decision,msp,0.94,0.07361702127659575,0.09273333333333333
treesatai__panopticon__full_finetune__mc_dropout__44,micro_label_decision,msp,0.95,0.07624561403508771,0.09273333333333333
treesatai__panopticon__full_finetune__mc_dropout__44,micro_label_decision,msp,0.96,0.07892361111111111,0.09273333333333333
treesatai__panopticon__full_finetune__mc_dropout__44,micro_label_decision,msp,0.97,0.08195876288659794,0.09273333333333333
treesatai__panopticon__full_finetune__mc_dropout__44,micro_label_decision,msp,0.98,0.08561224489795918,0.09273333333333333
treesatai__panopticon__full_finetune__mc_dropout__44,micro_label_decision,msp,0.99,0.08925925925925926,0.09273333333333333
treesatai__panopticon__full_finetune__mc_dropout__44,micro_label_decision,msp,1.0,0.09273333333333333,0.09273333333333333
treesatai__panopticon__full_finetune__mc_dropout__44,micro_label_decision,entropy,0.01,0.0,0.09273333333333333
treesatai__panopticon__full_finetune__mc_dropout__44,micro_label_decision,entropy,0.02,0.0,0.09273333333333333
treesatai__panopticon__full_finetune__mc_dropout__44,micro_label_decision,entropy,0.03,0.0022222222222222222,0.09273333333333333
treesatai__panopticon__full_finetune__mc_dropout__44,micro_label_decision,entropy,0.04,0.0016666666666666668,0.09273333333333333
treesatai__panopticon__full_finetune__mc_dropout__44,micro_label_decision,entropy,0.05,0.0013333333333333333,0.09273333333333333
treesatai__panopticon__full_finetune__mc_dropout__44,micro_label_decision,entropy,0.06,0.0011111111111111111,0.09273333333333333
treesatai__panopticon__full_finetune__mc_dropout__44,micro_label_decision,entropy,0.07,0.0009523809523809524,0.09273333333333333
treesatai__panopticon__full_finetune__mc_dropout__44,micro_label_decision,entropy,0.08,0.00125,0.09273333333333333
treesatai__panopticon__full_finetune__mc_dropout__44,micro_label_decision,entropy,0.09,0.0011111111111111111,0.09273333333333333
treesatai__panopticon__full_finetune__mc_dropout__44,micro_label_decision,entropy,0.1,0.0013333333333333333,0.09273333333333333
treesatai__panopticon__full_finetune__mc_dropout__44,micro_label_decision,entropy,0.11,0.0018181818181818182,0.09273333333333333
treesatai__panopticon__full_finetune__mc_dropout__44,micro_label_decision,entropy,0.12,0.0016666666666666668,0.09273333333333333
treesatai__panopticon__full_finetune__mc_dropout__44,micro_label_decision,entropy,0.13,0.0015384615384615385,0.09273333333333333
treesatai__panopticon__full_finetune__mc_dropout__44,micro_label_decision,entropy,0.14,0.0016666666666666668,0.09273333333333333
treesatai__panopticon__full_finetune__mc_dropout__44,micro_label_decision,entropy,0.15,0.0022222222222222222,0.09273333333333333
treesatai__panopticon__full_finetune__mc_dropout__44,micro_label_decision,entropy,0.16,0.0020833333333333333,0.09273333333333333
treesatai__panopticon__full_finetune__mc_dropout__44,micro_label_decision,entropy,0.17,0.00196078431372549,0.09273333333333333
treesatai__panopticon__full_finetune__mc_dropout__44,micro_label_decision,entropy,0.18,0.0025925925925925925,0.09273333333333333
treesatai__panopticon__full_finetune__mc_dropout__44,micro_label_decision,entropy,0.19,0.002631578947368421,0.09273333333333333
treesatai__panopticon__full_finetune__mc_dropout__44,micro_label_decision,entropy,0.2,0.0033333333333333335,0.09273333333333333
treesatai__panopticon__full_finetune__mc_dropout__44,micro_label_decision,entropy,0.21,0.004126984126984127,0.09273333333333333
treesatai__panopticon__full_finetune__mc_dropout__44,micro_label_decision,entropy,0.22,0.004696969696969697,0.09273333333333333
treesatai__panopticon__full_finetune__mc_dropout__44,micro_label_decision,entropy,0.23,0.004782608695652174,0.09273333333333333
treesatai__panopticon__full_finetune__mc_dropout__44,micro_label_decision,entropy,0.24,0.004861111111111111,0.09273333333333333
treesatai__panopticon__full_finetune__mc_dropout__44,micro_label_decision,entropy,0.25,0.0056,0.09273333333333333
treesatai__panopticon__full_finetune__mc_dropout__44,micro_label_decision,entropy,0.26,0.0057692307692307696,0.09273333333333333
treesatai__panopticon__full_finetune__mc_dropout__44,micro_label_decision,entropy,0.27,0.005925925925925926,0.09273333333333333
treesatai__panopticon__full_finetune__mc_dropout__44,micro_label_decision,entropy,0.28,0.005952380952380952,0.09273333333333333
treesatai__panopticon__full_finetune__mc_dropout__44,micro_label_decision,entropy,0.29,0.005977011494252874,0.09273333333333333
treesatai__panopticon__full_finetune__mc_dropout__44,micro_label_decision,entropy,0.3,0.0064444444444444445,0.09273333333333333
treesatai__panopticon__full_finetune__mc_dropout__44,micro_label_decision,entropy,0.31,0.006881720430107527,0.09273333333333333
treesatai__panopticon__full_finetune__mc_dropout__44,micro_label_decision,entropy,0.32,0.007083333333333333,0.09273333333333333
treesatai__panopticon__full_finetune__mc_dropout__44,micro_label_decision,entropy,0.33,0.0073737373737373735,0.09273333333333333
treesatai__panopticon__full_finetune__mc_dropout__44,micro_label_decision,entropy,0.34,0.00784313725490196,0.09273333333333333
treesatai__panopticon__full_finetune__mc_dropout__44,micro_label_decision,entropy,0.35,0.007904761904761904,0.09273333333333333
treesatai__panopticon__full_finetune__mc_dropout__44,micro_label_decision,entropy,0.36,0.008425925925925925,0.09273333333333333
treesatai__panopticon__full_finetune__mc_dropout__44,micro_label_decision,entropy,0.37,0.009189189189189189,0.09273333333333333
treesatai__panopticon__full_finetune__mc_dropout__44,micro_label_decision,entropy,0.38,0.00956140350877193,0.09273333333333333
treesatai__panopticon__full_finetune__mc_dropout__44,micro_label_decision,entropy,0.39,0.010256410256410256,0.09273333333333333
treesatai__panopticon__full_finetune__mc_dropout__44,micro_label_decision,entropy,0.4,0.010666666666666666,0.09273333333333333
treesatai__panopticon__full_finetune__mc_dropout__44,micro_label_decision,entropy,0.41,0.011056910569105691,0.09273333333333333
treesatai__panopticon__full_finetune__mc_dropout__44,micro_label_decision,entropy,0.42,0.011587301587301587,0.09273333333333333
treesatai__panopticon__full_finetune__mc_dropout__44,micro_label_decision,entropy,0.43,0.012248062015503876,0.09273333333333333
treesatai__panopticon__full_finetune__mc_dropout__44,micro_label_decision,entropy,0.44,0.013030303030303031,0.09273333333333333
treesatai__panopticon__full_finetune__mc_dropout__44,micro_label_decision,entropy,0.45,0.013407407407407408,0.09273333333333333
treesatai__panopticon__full_finetune__mc_dropout__44,micro_label_decision,entropy,0.46,0.014347826086956521,0.09273333333333333
treesatai__panopticon__full_finetune__mc_dropout__44,micro_label_decision,entropy,0.47,0.01446808510638298,0.09273333333333333
treesatai__panopticon__full_finetune__mc_dropout__44,micro_label_decision,entropy,0.48,0.015,0.09273333333333333
treesatai__panopticon__full_finetune__mc_dropout__44,micro_label_decision,entropy,0.49,0.015306122448979591,0.09273333333333333
treesatai__panopticon__full_finetune__mc_dropout__44,micro_label_decision,entropy,0.5,0.016266666666666665,0.09273333333333333
treesatai__panopticon__full_finetune__mc_dropout__44,micro_label_decision,entropy,0.51,0.0169281045751634,0.09273333333333333
treesatai__panopticon__full_finetune__mc_dropout__44,micro_label_decision,entropy,0.52,0.018205128205128204,0.09273333333333333
treesatai__panopticon__full_finetune__mc_dropout__44,micro_label_decision,entropy,0.53,0.019308176100628932,0.09273333333333333
treesatai__panopticon__full_finetune__mc_dropout__44,micro_label_decision,entropy,0.54,0.01993827160493827,0.09273333333333333
treesatai__panopticon__full_finetune__mc_dropout__44,micro_label_decision,entropy,0.55,0.020606060606060607,0.09273333333333333
treesatai__panopticon__full_finetune__mc_dropout__44,micro_label_decision,entropy,0.56,0.02095238095238095,0.09273333333333333
treesatai__panopticon__full_finetune__mc_dropout__44,micro_label_decision,entropy,0.57,0.02175438596491228,0.09273333333333333
treesatai__panopticon__full_finetune__mc_dropout__44,micro_label_decision,entropy,0.58,0.022873563218390805,0.09273333333333333
treesatai__panopticon__full_finetune__mc_dropout__44,micro_label_decision,entropy,0.59,0.02344632768361582,0.09273333333333333
treesatai__panopticon__full_finetune__mc_dropout__44,micro_label_decision,entropy,0.6,0.02438888888888889,0.09273333333333333
treesatai__panopticon__full_finetune__mc_dropout__44,micro_label_decision,entropy,0.61,0.02546448087431694,0.09273333333333333
treesatai__panopticon__full_finetune__mc_dropout__44,micro_label_decision,entropy,0.62,0.026559139784946235,0.09273333333333333
treesatai__panopticon__full_finetune__mc_dropout__44,micro_label_decision,entropy,0.63,0.027513227513227514,0.09273333333333333
treesatai__panopticon__full_finetune__mc_dropout__44,micro_label_decision,entropy,0.64,0.028802083333333332,0.09273333333333333
treesatai__panopticon__full_finetune__mc_dropout__44,micro_label_decision,entropy,0.65,0.03,0.09273333333333333
treesatai__panopticon__full_finetune__mc_dropout__44,micro_label_decision,entropy,0.66,0.031363636363636364,0.09273333333333333
treesatai__panopticon__full_finetune__mc_dropout__44,micro_label_decision,entropy,0.67,0.03213930348258706,0.09273333333333333
treesatai__panopticon__full_finetune__mc_dropout__44,micro_label_decision,entropy,0.68,0.03269607843137255,0.09273333333333333
treesatai__panopticon__full_finetune__mc_dropout__44,micro_label_decision,entropy,0.69,0.03396135265700483,0.09273333333333333
treesatai__panopticon__full_finetune__mc_dropout__44,micro_label_decision,entropy,0.7,0.03514285714285714,0.09273333333333333
treesatai__panopticon__full_finetune__mc_dropout__44,micro_label_decision,entropy,0.71,0.036056338028169016,0.09273333333333333
treesatai__panopticon__full_finetune__mc_dropout__44,micro_label_decision,entropy,0.72,0.03699074074074074,0.09273333333333333
treesatai__panopticon__full_finetune__mc_dropout__44,micro_label_decision,entropy,0.73,0.03831050228310502,0.09273333333333333
treesatai__panopticon__full_finetune__mc_dropout__44,micro_label_decision,entropy,0.74,0.03945945945945946,0.09273333333333333
treesatai__panopticon__full_finetune__mc_dropout__44,micro_label_decision,entropy,0.75,0.040711111111111115,0.09273333333333333
treesatai__panopticon__full_finetune__mc_dropout__44,micro_label_decision,entropy,0.76,0.041710526315789476,0.09273333333333333
treesatai__panopticon__full_finetune__mc_dropout__44,micro_label_decision,entropy,0.77,0.04264069264069264,0.09273333333333333
treesatai__panopticon__full_finetune__mc_dropout__44,micro_label_decision,entropy,0.78,0.0438034188034188,0.09273333333333333
treesatai__panopticon__full_finetune__mc_dropout__44,micro_label_decision,entropy,0.79,0.045274261603375526,0.09273333333333333
treesatai__panopticon__full_finetune__mc_dropout__44,micro_label_decision,entropy,0.8,0.04616666666666667,0.09273333333333333
treesatai__panopticon__full_finetune__mc_dropout__44,micro_label_decision,entropy,0.81,0.04765432098765432,0.09273333333333333
treesatai__panopticon__full_finetune__mc_dropout__44,micro_label_decision,entropy,0.82,0.04878048780487805,0.09273333333333333
treesatai__panopticon__full_finetune__mc_dropout__44,micro_label_decision,entropy,0.83,0.05072289156626506,0.09273333333333333
treesatai__panopticon__full_finetune__mc_dropout__44,micro_label_decision,entropy,0.84,0.05253968253968254,0.09273333333333333
treesatai__panopticon__full_finetune__mc_dropout__44,micro_label_decision,entropy,0.85,0.05380392156862745,0.09273333333333333
treesatai__panopticon__full_finetune__mc_dropout__44,micro_label_decision,entropy,0.86,0.05596899224806202,0.09273333333333333
treesatai__panopticon__full_finetune__mc_dropout__44,micro_label_decision,entropy,0.87,0.05754789272030651,0.09273333333333333
treesatai__panopticon__full_finetune__mc_dropout__44,micro_label_decision,entropy,0.88,0.059621212121212123,0.09273333333333333
treesatai__panopticon__full_finetune__mc_dropout__44,micro_label_decision,entropy,0.89,0.061647940074906364,0.09273333333333333
treesatai__panopticon__full_finetune__mc_dropout__44,micro_label_decision,entropy,0.9,0.06366666666666666,0.09273333333333333
treesatai__panopticon__full_finetune__mc_dropout__44,micro_label_decision,entropy,0.91,0.06608058608058608,0.09273333333333333
treesatai__panopticon__full_finetune__mc_dropout__44,micro_label_decision,entropy,0.92,0.06815217391304348,0.09273333333333333
treesatai__panopticon__full_finetune__mc_dropout__44,micro_label_decision,entropy,0.93,0.07096774193548387,0.09273333333333333
treesatai__panopticon__full_finetune__mc_dropout__44,micro_label_decision,entropy,0.94,0.07361702127659575,0.09273333333333333
treesatai__panopticon__full_finetune__mc_dropout__44,micro_label_decision,entropy,0.95,0.07624561403508771,0.09273333333333333
treesatai__panopticon__full_finetune__mc_dropout__44,micro_label_decision,entropy,0.96,0.07892361111111111,0.09273333333333333
treesatai__panopticon__full_finetune__mc_dropout__44,micro_label_decision,entropy,0.97,0.08195876288659794,0.09273333333333333
treesatai__panopticon__full_finetune__mc_dropout__44,micro_label_decision,entropy,0.98,0.08561224489795918,0.09273333333333333
treesatai__panopticon__full_finetune__mc_dropout__44,micro_label_decision,entropy,0.99,0.08925925925925926,0.09273333333333333
treesatai__panopticon__full_finetune__mc_dropout__44,micro_label_decision,entropy,1.0,0.09273333333333333,0.09273333333333333
treesatai__panopticon__full_finetune__mc_dropout__44,micro_label_decision,negative_margin,0.01,0.0,0.09273333333333333
treesatai__panopticon__full_finetune__mc_dropout__44,micro_label_decision,negative_margin,0.02,0.0,0.09273333333333333
treesatai__panopticon__full_finetune__mc_dropout__44,micro_label_decision,negative_margin,0.03,0.0022222222222222222,0.09273333333333333
treesatai__panopticon__full_finetune__mc_dropout__44,micro_label_decision,negative_margin,0.04,0.0016666666666666668,0.09273333333333333
treesatai__panopticon__full_finetune__mc_dropout__44,micro_label_decision,negative_margin,0.05,0.0013333333333333333,0.09273333333333333
treesatai__panopticon__full_finetune__mc_dropout__44,micro_label_decision,negative_margin,0.06,0.0011111111111111111,0.09273333333333333
treesatai__panopticon__full_finetune__mc_dropout__44,micro_label_decision,negative_margin,0.07,0.0009523809523809524,0.09273333333333333
treesatai__panopticon__full_finetune__mc_dropout__44,micro_label_decision,negative_margin,0.08,0.00125,0.09273333333333333
treesatai__panopticon__full_finetune__mc_dropout__44,micro_label_decision,negative_margin,0.09,0.0011111111111111111,0.09273333333333333
treesatai__panopticon__full_finetune__mc_dropout__44,micro_label_decision,negative_margin,0.1,0.0013333333333333333,0.09273333333333333
treesatai__panopticon__full_finetune__mc_dropout__44,micro_label_decision,negative_margin,0.11,0.0018181818181818182,0.09273333333333333
treesatai__panopticon__full_finetune__mc_dropout__44,micro_label_decision,negative_margin,0.12,0.0016666666666666668,0.09273333333333333
treesatai__panopticon__full_finetune__mc_dropout__44,micro_label_decision,negative_margin,0.13,0.0015384615384615385,0.09273333333333333
treesatai__panopticon__full_finetune__mc_dropout__44,micro_label_decision,negative_margin,0.14,0.0016666666666666668,0.09273333333333333
treesatai__panopticon__full_finetune__mc_dropout__44,micro_label_decision,negative_margin,0.15,0.0022222222222222222,0.09273333333333333
treesatai__panopticon__full_finetune__mc_dropout__44,micro_label_decision,negative_margin,0.16,0.0020833333333333333,0.09273333333333333
treesatai__panopticon__full_finetune__mc_dropout__44,micro_label_decision,negative_margin,0.17,0.00196078431372549,0.09273333333333333
treesatai__panopticon__full_finetune__mc_dropout__44,micro_label_decision,negative_margin,0.18,0.0025925925925925925,0.09273333333333333
treesatai__panopticon__full_finetune__mc_dropout__44,micro_label_decision,negative_margin,0.19,0.002631578947368421,0.09273333333333333
treesatai__panopticon__full_finetune__mc_dropout__44,micro_label_decision,negative_margin,0.2,0.0033333333333333335,0.09273333333333333
treesatai__panopticon__full_finetune__mc_dropout__44,micro_label_decision,negative_margin,0.21,0.004126984126984127,0.09273333333333333
treesatai__panopticon__full_finetune__mc_dropout__44,micro_label_decision,negative_margin,0.22,0.004696969696969697,0.09273333333333333
treesatai__panopticon__full_finetune__mc_dropout__44,micro_label_decision,negative_margin,0.23,0.004782608695652174,0.09273333333333333
treesatai__panopticon__full_finetune__mc_dropout__44,micro_label_decision,negative_margin,0.24,0.004861111111111111,0.09273333333333333
treesatai__panopticon__full_finetune__mc_dropout__44,micro_label_decision,negative_margin,0.25,0.0056,0.09273333333333333
treesatai__panopticon__full_finetune__mc_dropout__44,micro_label_decision,negative_margin,0.26,0.0057692307692307696,0.09273333333333333
treesatai__panopticon__full_finetune__mc_dropout__44,micro_label_decision,negative_margin,0.27,0.005925925925925926,0.09273333333333333
treesatai__panopticon__full_finetune__mc_dropout__44,micro_label_decision,negative_margin,0.28,0.005952380952380952,0.09273333333333333
treesatai__panopticon__full_finetune__mc_dropout__44,micro_label_decision,negative_margin,0.29,0.005977011494252874,0.09273333333333333
treesatai__panopticon__full_finetune__mc_dropout__44,micro_label_decision,negative_margin,0.3,0.0064444444444444445,0.09273333333333333
treesatai__panopticon__full_finetune__mc_dropout__44,micro_label_decision,negative_margin,0.31,0.006881720430107527,0.09273333333333333
treesatai__panopticon__full_finetune__mc_dropout__44,micro_label_decision,negative_margin,0.32,0.007083333333333333,0.09273333333333333
treesatai__panopticon__full_finetune__mc_dropout__44,micro_label_decision,negative_margin,0.33,0.0073737373737373735,0.09273333333333333
treesatai__panopticon__full_finetune__mc_dropout__44,micro_label_decision,negative_margin,0.34,0.00784313725490196,0.09273333333333333
treesatai__panopticon__full_finetune__mc_dropout__44,micro_label_decision,negative_margin,0.35,0.007904761904761904,0.09273333333333333
treesatai__panopticon__full_finetune__mc_dropout__44,micro_label_decision,negative_margin,0.36,0.008425925925925925,0.09273333333333333
treesatai__panopticon__full_finetune__mc_dropout__44,micro_label_decision,negative_margin,0.37,0.009189189189189189,0.09273333333333333
treesatai__panopticon__full_finetune__mc_dropout__44,micro_label_decision,negative_margin,0.38,0.00956140350877193,0.09273333333333333
treesatai__panopticon__full_finetune__mc_dropout__44,micro_label_decision,negative_margin,0.39,0.010256410256410256,0.09273333333333333
treesatai__panopticon__full_finetune__mc_dropout__44,micro_label_decision,negative_margin,0.4,0.010666666666666666,0.09273333333333333
treesatai__panopticon__full_finetune__mc_dropout__44,micro_label_decision,negative_margin,0.41,0.011056910569105691,0.09273333333333333
treesatai__panopticon__full_finetune__mc_dropout__44,micro_label_decision,negative_margin,0.42,0.011587301587301587,0.09273333333333333
treesatai__panopticon__full_finetune__mc_dropout__44,micro_label_decision,negative_margin,0.43,0.012248062015503876,0.09273333333333333
treesatai__panopticon__full_finetune__mc_dropout__44,micro_label_decision,negative_margin,0.44,0.013030303030303031,0.09273333333333333
treesatai__panopticon__full_finetune__mc_dropout__44,micro_label_decision,negative_margin,0.45,0.013407407407407408,0.09273333333333333
treesatai__panopticon__full_finetune__mc_dropout__44,micro_label_decision,negative_margin,0.46,0.014347826086956521,0.09273333333333333
treesatai__panopticon__full_finetune__mc_dropout__44,micro_label_decision,negative_margin,0.47,0.01446808510638298,0.09273333333333333
treesatai__panopticon__full_finetune__mc_dropout__44,micro_label_decision,negative_margin,0.48,0.015,0.09273333333333333
treesatai__panopticon__full_finetune__mc_dropout__44,micro_label_decision,negative_margin,0.49,0.015306122448979591,0.09273333333333333
treesatai__panopticon__full_finetune__mc_dropout__44,micro_label_decision,negative_margin,0.5,0.016266666666666665,0.09273333333333333
treesatai__panopticon__full_finetune__mc_dropout__44,micro_label_decision,negative_margin,0.51,0.0169281045751634,0.09273333333333333
treesatai__panopticon__full_finetune__mc_dropout__44,micro_label_decision,negative_margin,0.52,0.018205128205128204,0.09273333333333333
treesatai__panopticon__full_finetune__mc_dropout__44,micro_label_decision,negative_margin,0.53,0.019308176100628932,0.09273333333333333
treesatai__panopticon__full_finetune__mc_dropout__44,micro_label_decision,negative_margin,0.54,0.01993827160493827,0.09273333333333333
treesatai__panopticon__full_finetune__mc_dropout__44,micro_label_decision,negative_margin,0.55,0.020606060606060607,0.09273333333333333
treesatai__panopticon__full_finetune__mc_dropout__44,micro_label_decision,negative_margin,0.56,0.02095238095238095,0.09273333333333333
treesatai__panopticon__full_finetune__mc_dropout__44,micro_label_decision,negative_margin,0.57,0.02175438596491228,0.09273333333333333
treesatai__panopticon__full_finetune__mc_dropout__44,micro_label_decision,negative_margin,0.58,0.022873563218390805,0.09273333333333333
treesatai__panopticon__full_finetune__mc_dropout__44,micro_label_decision,negative_margin,0.59,0.02344632768361582,0.09273333333333333
treesatai__panopticon__full_finetune__mc_dropout__44,micro_label_decision,negative_margin,0.6,0.02438888888888889,0.09273333333333333
treesatai__panopticon__full_finetune__mc_dropout__44,micro_label_decision,negative_margin,0.61,0.02546448087431694,0.09273333333333333
treesatai__panopticon__full_finetune__mc_dropout__44,micro_label_decision,negative_margin,0.62,0.026559139784946235,0.09273333333333333
treesatai__panopticon__full_finetune__mc_dropout__44,micro_label_decision,negative_margin,0.63,0.027513227513227514,0.09273333333333333
treesatai__panopticon__full_finetune__mc_dropout__44,micro_label_decision,negative_margin,0.64,0.028802083333333332,0.09273333333333333
treesatai__panopticon__full_finetune__mc_dropout__44,micro_label_decision,negative_margin,0.65,0.03,0.09273333333333333
treesatai__panopticon__full_finetune__mc_dropout__44,micro_label_decision,negative_margin,0.66,0.031363636363636364,0.09273333333333333
treesatai__panopticon__full_finetune__mc_dropout__44,micro_label_decision,negative_margin,0.67,0.03213930348258706,0.09273333333333333
treesatai__panopticon__full_finetune__mc_dropout__44,micro_label_decision,negative_margin,0.68,0.03269607843137255,0.09273333333333333
treesatai__panopticon__full_finetune__mc_dropout__44,micro_label_decision,negative_margin,0.69,0.03396135265700483,0.09273333333333333
treesatai__panopticon__full_finetune__mc_dropout__44,micro_label_decision,negative_margin,0.7,0.03514285714285714,0.09273333333333333
treesatai__panopticon__full_finetune__mc_dropout__44,micro_label_decision,negative_margin,0.71,0.036056338028169016,0.09273333333333333
treesatai__panopticon__full_finetune__mc_dropout__44,micro_label_decision,negative_margin,0.72,0.03699074074074074,0.09273333333333333
treesatai__panopticon__full_finetune__mc_dropout__44,micro_label_decision,negative_margin,0.73,0.03831050228310502,0.09273333333333333
treesatai__panopticon__full_finetune__mc_dropout__44,micro_label_decision,negative_margin,0.74,0.03945945945945946,0.09273333333333333
treesatai__panopticon__full_finetune__mc_dropout__44,micro_label_decision,negative_margin,0.75,0.040711111111111115,0.09273333333333333
treesatai__panopticon__full_finetune__mc_dropout__44,micro_label_decision,negative_margin,0.76,0.041710526315789476,0.09273333333333333
treesatai__panopticon__full_finetune__mc_dropout__44,micro_label_decision,negative_margin,0.77,0.04264069264069264,0.09273333333333333
treesatai__panopticon__full_finetune__mc_dropout__44,micro_label_decision,negative_margin,0.78,0.0438034188034188,0.09273333333333333
treesatai__panopticon__full_finetune__mc_dropout__44,micro_label_decision,negative_margin,0.79,0.045274261603375526,0.09273333333333333
treesatai__panopticon__full_finetune__mc_dropout__44,micro_label_decision,negative_margin,0.8,0.04616666666666667,0.09273333333333333
treesatai__panopticon__full_finetune__mc_dropout__44,micro_label_decision,negative_margin,0.81,0.04765432098765432,0.09273333333333333
treesatai__panopticon__full_finetune__mc_dropout__44,micro_label_decision,negative_margin,0.82,0.04878048780487805,0.09273333333333333
treesatai__panopticon__full_finetune__mc_dropout__44,micro_label_decision,negative_margin,0.83,0.05072289156626506,0.09273333333333333
treesatai__panopticon__full_finetune__mc_dropout__44,micro_label_decision,negative_margin,0.84,0.05253968253968254,0.09273333333333333
treesatai__panopticon__full_finetune__mc_dropout__44,micro_label_decision,negative_margin,0.85,0.05380392156862745,0.09273333333333333
treesatai__panopticon__full_finetune__mc_dropout__44,micro_label_decision,negative_margin,0.86,0.05596899224806202,0.09273333333333333
treesatai__panopticon__full_finetune__mc_dropout__44,micro_label_decision,negative_margin,0.87,0.05754789272030651,0.09273333333333333
treesatai__panopticon__full_finetune__mc_dropout__44,micro_label_decision,negative_margin,0.88,0.059621212121212123,0.09273333333333333
treesatai__panopticon__full_finetune__mc_dropout__44,micro_label_decision,negative_margin,0.89,0.061647940074906364,0.09273333333333333
treesatai__panopticon__full_finetune__mc_dropout__44,micro_label_decision,negative_margin,0.9,0.06366666666666666,0.09273333333333333
treesatai__panopticon__full_finetune__mc_dropout__44,micro_label_decision,negative_margin,0.91,0.06608058608058608,0.09273333333333333
treesatai__panopticon__full_finetune__mc_dropout__44,micro_label_decision,negative_margin,0.92,0.06815217391304348,0.09273333333333333
treesatai__panopticon__full_finetune__mc_dropout__44,micro_label_decision,negative_margin,0.93,0.07096774193548387,0.09273333333333333
treesatai__panopticon__full_finetune__mc_dropout__44,micro_label_decision,negative_margin,0.94,0.07361702127659575,0.09273333333333333
treesatai__panopticon__full_finetune__mc_dropout__44,micro_label_decision,negative_margin,0.95,0.07624561403508771,0.09273333333333333
treesatai__panopticon__full_finetune__mc_dropout__44,micro_label_decision,negative_margin,0.96,0.07892361111111111,0.09273333333333333
treesatai__panopticon__full_finetune__mc_dropout__44,micro_label_decision,negative_margin,0.97,0.08195876288659794,0.09273333333333333
treesatai__panopticon__full_finetune__mc_dropout__44,micro_label_decision,negative_margin,0.98,0.08561224489795918,0.09273333333333333
treesatai__panopticon__full_finetune__mc_dropout__44,micro_label_decision,negative_margin,0.99,0.08925925925925926,0.09273333333333333
treesatai__panopticon__full_finetune__mc_dropout__44,micro_label_decision,negative_margin,1.0,0.09273333333333333,0.09273333333333333
treesatai__panopticon__full_finetune__mc_dropout__44,micro_label_decision,gini_total,0.01,0.0,0.09273333333333333
treesatai__panopticon__full_finetune__mc_dropout__44,micro_label_decision,gini_total,0.02,0.0,0.09273333333333333
treesatai__panopticon__full_finetune__mc_dropout__44,micro_label_decision,gini_total,0.03,0.0022222222222222222,0.09273333333333333
treesatai__panopticon__full_finetune__mc_dropout__44,micro_label_decision,gini_total,0.04,0.0016666666666666668,0.09273333333333333
treesatai__panopticon__full_finetune__mc_dropout__44,micro_label_decision,gini_total,0.05,0.0013333333333333333,0.09273333333333333
treesatai__panopticon__full_finetune__mc_dropout__44,micro_label_decision,gini_total,0.06,0.0011111111111111111,0.09273333333333333
treesatai__panopticon__full_finetune__mc_dropout__44,micro_label_decision,gini_total,0.07,0.0009523809523809524,0.09273333333333333
treesatai__panopticon__full_finetune__mc_dropout__44,micro_label_decision,gini_total,0.08,0.00125,0.09273333333333333
treesatai__panopticon__full_finetune__mc_dropout__44,micro_label_decision,gini_total,0.09,0.0011111111111111111,0.09273333333333333
treesatai__panopticon__full_finetune__mc_dropout__44,micro_label_decision,gini_total,0.1,0.0013333333333333333,0.09273333333333333
treesatai__panopticon__full_finetune__mc_dropout__44,micro_label_decision,gini_total,0.11,0.0018181818181818182,0.09273333333333333
treesatai__panopticon__full_finetune__mc_dropout__44,micro_label_decision,gini_total,0.12,0.0016666666666666668,0.09273333333333333
treesatai__panopticon__full_finetune__mc_dropout__44,micro_label_decision,gini_total,0.13,0.0015384615384615385,0.09273333333333333
treesatai__panopticon__full_finetune__mc_dropout__44,micro_label_decision,gini_total,0.14,0.0016666666666666668,0.09273333333333333
treesatai__panopticon__full_finetune__mc_dropout__44,micro_label_decision,gini_total,0.15,0.0022222222222222222,0.09273333333333333
treesatai__panopticon__full_finetune__mc_dropout__44,micro_label_decision,gini_total,0.16,0.0020833333333333333,0.09273333333333333
treesatai__panopticon__full_finetune__mc_dropout__44,micro_label_decision,gini_total,0.17,0.00196078431372549,0.09273333333333333
treesatai__panopticon__full_finetune__mc_dropout__44,micro_label_decision,gini_total,0.18,0.0025925925925925925,0.09273333333333333
treesatai__panopticon__full_finetune__mc_dropout__44,micro_label_decision,gini_total,0.19,0.002631578947368421,0.09273333333333333
treesatai__panopticon__full_finetune__mc_dropout__44,micro_label_decision,gini_total,0.2,0.0033333333333333335,0.09273333333333333
treesatai__panopticon__full_finetune__mc_dropout__44,micro_label_decision,gini_total,0.21,0.004126984126984127,0.09273333333333333
treesatai__panopticon__full_finetune__mc_dropout__44,micro_label_decision,gini_total,0.22,0.004696969696969697,0.09273333333333333
treesatai__panopticon__full_finetune__mc_dropout__44,micro_label_decision,gini_total,0.23,0.004782608695652174,0.09273333333333333
treesatai__panopticon__full_finetune__mc_dropout__44,micro_label_decision,gini_total,0.24,0.004861111111111111,0.09273333333333333
treesatai__panopticon__full_finetune__mc_dropout__44,micro_label_decision,gini_total,0.25,0.0056,0.09273333333333333
treesatai__panopticon__full_finetune__mc_dropout__44,micro_label_decision,gini_total,0.26,0.0057692307692307696,0.09273333333333333
treesatai__panopticon__full_finetune__mc_dropout__44,micro_label_decision,gini_total,0.27,0.005925925925925926,0.09273333333333333
treesatai__panopticon__full_finetune__mc_dropout__44,micro_label_decision,gini_total,0.28,0.005952380952380952,0.09273333333333333
treesatai__panopticon__full_finetune__mc_dropout__44,micro_label_decision,gini_total,0.29,0.005977011494252874,0.09273333333333333
treesatai__panopticon__full_finetune__mc_dropout__44,micro_label_decision,gini_total,0.3,0.0064444444444444445,0.09273333333333333
treesatai__panopticon__full_finetune__mc_dropout__44,micro_label_decision,gini_total,0.31,0.006881720430107527,0.09273333333333333
treesatai__panopticon__full_finetune__mc_dropout__44,micro_label_decision,gini_total,0.32,0.007083333333333333,0.09273333333333333
treesatai__panopticon__full_finetune__mc_dropout__44,micro_label_decision,gini_total,0.33,0.0073737373737373735,0.09273333333333333
treesatai__panopticon__full_finetune__mc_dropout__44,micro_label_decision,gini_total,0.34,0.00784313725490196,0.09273333333333333
treesatai__panopticon__full_finetune__mc_dropout__44,micro_label_decision,gini_total,0.35,0.007904761904761904,0.09273333333333333
treesatai__panopticon__full_finetune__mc_dropout__44,micro_label_decision,gini_total,0.36,0.008425925925925925,0.09273333333333333
treesatai__panopticon__full_finetune__mc_dropout__44,micro_label_decision,gini_total,0.37,0.009189189189189189,0.09273333333333333
treesatai__panopticon__full_finetune__mc_dropout__44,micro_label_decision,gini_total,0.38,0.00956140350877193,0.09273333333333333
treesatai__panopticon__full_finetune__mc_dropout__44,micro_label_decision,gini_total,0.39,0.010256410256410256,0.09273333333333333
treesatai__panopticon__full_finetune__mc_dropout__44,micro_label_decision,gini_total,0.4,0.010666666666666666,0.09273333333333333
treesatai__panopticon__full_finetune__mc_dropout__44,micro_label_decision,gini_total,0.41,0.011056910569105691,0.09273333333333333
treesatai__panopticon__full_finetune__mc_dropout__44,micro_label_decision,gini_total,0.42,0.011587301587301587,0.09273333333333333
treesatai__panopticon__full_finetune__mc_dropout__44,micro_label_decision,gini_total,0.43,0.012248062015503876,0.09273333333333333
treesatai__panopticon__full_finetune__mc_dropout__44,micro_label_decision,gini_total,0.44,0.013030303030303031,0.09273333333333333
treesatai__panopticon__full_finetune__mc_dropout__44,micro_label_decision,gini_total,0.45,0.013407407407407408,0.09273333333333333
treesatai__panopticon__full_finetune__mc_dropout__44,micro_label_decision,gini_total,0.46,0.014347826086956521,0.09273333333333333
treesatai__panopticon__full_finetune__mc_dropout__44,micro_label_decision,gini_total,0.47,0.01446808510638298,0.09273333333333333
treesatai__panopticon__full_finetune__mc_dropout__44,micro_label_decision,gini_total,0.48,0.015,0.09273333333333333
treesatai__panopticon__full_finetune__mc_dropout__44,micro_label_decision,gini_total,0.49,0.015306122448979591,0.09273333333333333
treesatai__panopticon__full_finetune__mc_dropout__44,micro_label_decision,gini_total,0.5,0.016266666666666665,0.09273333333333333
treesatai__panopticon__full_finetune__mc_dropout__44,micro_label_decision,gini_total,0.51,0.0169281045751634,0.09273333333333333
treesatai__panopticon__full_finetune__mc_dropout__44,micro_label_decision,gini_total,0.52,0.018205128205128204,0.09273333333333333
treesatai__panopticon__full_finetune__mc_dropout__44,micro_label_decision,gini_total,0.53,0.019308176100628932,0.09273333333333333
treesatai__panopticon__full_finetune__mc_dropout__44,micro_label_decision,gini_total,0.54,0.01993827160493827,0.09273333333333333
treesatai__panopticon__full_finetune__mc_dropout__44,micro_label_decision,gini_total,0.55,0.020606060606060607,0.09273333333333333
treesatai__panopticon__full_finetune__mc_dropout__44,micro_label_decision,gini_total,0.56,0.02095238095238095,0.09273333333333333
treesatai__panopticon__full_finetune__mc_dropout__44,micro_label_decision,gini_total,0.57,0.02175438596491228,0.09273333333333333
treesatai__panopticon__full_finetune__mc_dropout__44,micro_label_decision,gini_total,0.58,0.022873563218390805,0.09273333333333333
treesatai__panopticon__full_finetune__mc_dropout__44,micro_label_decision,gini_total,0.59,0.02344632768361582,0.09273333333333333
treesatai__panopticon__full_finetune__mc_dropout__44,micro_label_decision,gini_total,0.6,0.02438888888888889,0.09273333333333333
treesatai__panopticon__full_finetune__mc_dropout__44,micro_label_decision,gini_total,0.61,0.02546448087431694,0.09273333333333333
treesatai__panopticon__full_finetune__mc_dropout__44,micro_label_decision,gini_total,0.62,0.026559139784946235,0.09273333333333333
treesatai__panopticon__full_finetune__mc_dropout__44,micro_label_decision,gini_total,0.63,0.027513227513227514,0.09273333333333333
treesatai__panopticon__full_finetune__mc_dropout__44,micro_label_decision,gini_total,0.64,0.028802083333333332,0.09273333333333333
treesatai__panopticon__full_finetune__mc_dropout__44,micro_label_decision,gini_total,0.65,0.03,0.09273333333333333
treesatai__panopticon__full_finetune__mc_dropout__44,micro_label_decision,gini_total,0.66,0.031363636363636364,0.09273333333333333
treesatai__panopticon__full_finetune__mc_dropout__44,micro_label_decision,gini_total,0.67,0.03213930348258706,0.09273333333333333
treesatai__panopticon__full_finetune__mc_dropout__44,micro_label_decision,gini_total,0.68,0.03269607843137255,0.09273333333333333
treesatai__panopticon__full_finetune__mc_dropout__44,micro_label_decision,gini_total,0.69,0.03396135265700483,0.09273333333333333
treesatai__panopticon__full_finetune__mc_dropout__44,micro_label_decision,gini_total,0.7,0.03514285714285714,0.09273333333333333
treesatai__panopticon__full_finetune__mc_dropout__44,micro_label_decision,gini_total,0.71,0.036056338028169016,0.09273333333333333
treesatai__panopticon__full_finetune__mc_dropout__44,micro_label_decision,gini_total,0.72,0.03699074074074074,0.09273333333333333
treesatai__panopticon__full_finetune__mc_dropout__44,micro_label_decision,gini_total,0.73,0.03831050228310502,0.09273333333333333
treesatai__panopticon__full_finetune__mc_dropout__44,micro_label_decision,gini_total,0.74,0.03945945945945946,0.09273333333333333
treesatai__panopticon__full_finetune__mc_dropout__44,micro_label_decision,gini_total,0.75,0.040711111111111115,0.09273333333333333
treesatai__panopticon__full_finetune__mc_dropout__44,micro_label_decision,gini_total,0.76,0.041710526315789476,0.09273333333333333
treesatai__panopticon__full_finetune__mc_dropout__44,micro_label_decision,gini_total,0.77,0.04264069264069264,0.09273333333333333
treesatai__panopticon__full_finetune__mc_dropout__44,micro_label_decision,gini_total,0.78,0.0438034188034188,0.09273333333333333
treesatai__panopticon__full_finetune__mc_dropout__44,micro_label_decision,gini_total,0.79,0.045274261603375526,0.09273333333333333
treesatai__panopticon__full_finetune__mc_dropout__44,micro_label_decision,gini_total,0.8,0.04616666666666667,0.09273333333333333
treesatai__panopticon__full_finetune__mc_dropout__44,micro_label_decision,gini_total,0.81,0.04765432098765432,0.09273333333333333
treesatai__panopticon__full_finetune__mc_dropout__44,micro_label_decision,gini_total,0.82,0.04878048780487805,0.09273333333333333
treesatai__panopticon__full_finetune__mc_dropout__44,micro_label_decision,gini_total,0.83,0.05072289156626506,0.09273333333333333
treesatai__panopticon__full_finetune__mc_dropout__44,micro_label_decision,gini_total,0.84,0.05253968253968254,0.09273333333333333
treesatai__panopticon__full_finetune__mc_dropout__44,micro_label_decision,gini_total,0.85,0.05380392156862745,0.09273333333333333
treesatai__panopticon__full_finetune__mc_dropout__44,micro_label_decision,gini_total,0.86,0.05596899224806202,0.09273333333333333
treesatai__panopticon__full_finetune__mc_dropout__44,micro_label_decision,gini_total,0.87,0.05754789272030651,0.09273333333333333
treesatai__panopticon__full_finetune__mc_dropout__44,micro_label_decision,gini_total,0.88,0.059621212121212123,0.09273333333333333
treesatai__panopticon__full_finetune__mc_dropout__44,micro_label_decision,gini_total,0.89,0.061647940074906364,0.09273333333333333
treesatai__panopticon__full_finetune__mc_dropout__44,micro_label_decision,gini_total,0.9,0.06366666666666666,0.09273333333333333
treesatai__panopticon__full_finetune__mc_dropout__44,micro_label_decision,gini_total,0.91,0.06608058608058608,0.09273333333333333
treesatai__panopticon__full_finetune__mc_dropout__44,micro_label_decision,gini_total,0.92,0.06815217391304348,0.09273333333333333
treesatai__panopticon__full_finetune__mc_dropout__44,micro_label_decision,gini_total,0.93,0.07096774193548387,0.09273333333333333
treesatai__panopticon__full_finetune__mc_dropout__44,micro_label_decision,gini_total,0.94,0.07361702127659575,0.09273333333333333
treesatai__panopticon__full_finetune__mc_dropout__44,micro_label_decision,gini_total,0.95,0.07624561403508771,0.09273333333333333
treesatai__panopticon__full_finetune__mc_dropout__44,micro_label_decision,gini_total,0.96,0.07892361111111111,0.09273333333333333
treesatai__panopticon__full_finetune__mc_dropout__44,micro_label_decision,gini_total,0.97,0.08195876288659794,0.09273333333333333
treesatai__panopticon__full_finetune__mc_dropout__44,micro_label_decision,gini_total,0.98,0.08561224489795918,0.09273333333333333
treesatai__panopticon__full_finetune__mc_dropout__44,micro_label_decision,gini_total,0.99,0.08925925925925926,0.09273333333333333
treesatai__panopticon__full_finetune__mc_dropout__44,micro_label_decision,gini_total,1.0,0.09273333333333333,0.09273333333333333
treesatai__panopticon__full_finetune__mc_dropout__44,micro_label_decision,expected_entropy,0.01,0.0,0.09273333333333333
treesatai__panopticon__full_finetune__mc_dropout__44,micro_label_decision,expected_entropy,0.02,0.0,0.09273333333333333
treesatai__panopticon__full_finetune__mc_dropout__44,micro_label_decision,expected_entropy,0.03,0.0022222222222222222,0.09273333333333333
treesatai__panopticon__full_finetune__mc_dropout__44,micro_label_decision,expected_entropy,0.04,0.0016666666666666668,0.09273333333333333
treesatai__panopticon__full_finetune__mc_dropout__44,micro_label_decision,expected_entropy,0.05,0.0013333333333333333,0.09273333333333333
treesatai__panopticon__full_finetune__mc_dropout__44,micro_label_decision,expected_entropy,0.06,0.0011111111111111111,0.09273333333333333
treesatai__panopticon__full_finetune__mc_dropout__44,micro_label_decision,expected_entropy,0.07,0.0009523809523809524,0.09273333333333333
treesatai__panopticon__full_finetune__mc_dropout__44,micro_label_decision,expected_entropy,0.08,0.00125,0.09273333333333333
treesatai__panopticon__full_finetune__mc_dropout__44,micro_label_decision,expected_entropy,0.09,0.0011111111111111111,0.09273333333333333
treesatai__panopticon__full_finetune__mc_dropout__44,micro_label_decision,expected_entropy,0.1,0.0013333333333333333,0.09273333333333333
treesatai__panopticon__full_finetune__mc_dropout__44,micro_label_decision,expected_entropy,0.11,0.0018181818181818182,0.09273333333333333
treesatai__panopticon__full_finetune__mc_dropout__44,micro_label_decision,expected_entropy,0.12,0.0016666666666666668,0.09273333333333333
treesatai__panopticon__full_finetune__mc_dropout__44,micro_label_decision,expected_entropy,0.13,0.0015384615384615385,0.09273333333333333
treesatai__panopticon__full_finetune__mc_dropout__44,micro_label_decision,expected_entropy,0.14,0.0016666666666666668,0.09273333333333333
treesatai__panopticon__full_finetune__mc_dropout__44,micro_label_decision,expected_entropy,0.15,0.002,0.09273333333333333
treesatai__panopticon__full_finetune__mc_dropout__44,micro_label_decision,expected_entropy,0.16,0.0020833333333333333,0.09273333333333333
treesatai__panopticon__full_finetune__mc_dropout__44,micro_label_decision,expected_entropy,0.17,0.00196078431372549,0.09273333333333333
treesatai__panopticon__full_finetune__mc_dropout__44,micro_label_decision,expected_entropy,0.18,0.0025925925925925925,0.09273333333333333
treesatai__panopticon__full_finetune__mc_dropout__44,micro_label_decision,expected_entropy,0.19,0.002631578947368421,0.09273333333333333
treesatai__panopticon__full_finetune__mc_dropout__44,micro_label_decision,expected_entropy,0.2,0.0033333333333333335,0.09273333333333333
treesatai__panopticon__full_finetune__mc_dropout__44,micro_label_decision,expected_entropy,0.21,0.004126984126984127,0.09273333333333333
treesatai__panopticon__full_finetune__mc_dropout__44,micro_label_decision,expected_entropy,0.22,0.004696969696969697,0.09273333333333333
treesatai__panopticon__full_finetune__mc_dropout__44,micro_label_decision,expected_entropy,0.23,0.004782608695652174,0.09273333333333333
treesatai__panopticon__full_finetune__mc_dropout__44,micro_label_decision,expected_entropy,0.24,0.004861111111111111,0.09273333333333333
treesatai__panopticon__full_finetune__mc_dropout__44,micro_label_decision,expected_entropy,0.25,0.0056,0.09273333333333333
treesatai__panopticon__full_finetune__mc_dropout__44,micro_label_decision,expected_entropy,0.26,0.0057692307692307696,0.09273333333333333
treesatai__panopticon__full_finetune__mc_dropout__44,micro_label_decision,expected_entropy,0.27,0.005925925925925926,0.09273333333333333
treesatai__panopticon__full_finetune__mc_dropout__44,micro_label_decision,expected_entropy,0.28,0.005952380952380952,0.09273333333333333
treesatai__panopticon__full_finetune__mc_dropout__44,micro_label_decision,expected_entropy,0.29,0.005977011494252874,0.09273333333333333
treesatai__panopticon__full_finetune__mc_dropout__44,micro_label_decision,expected_entropy,0.3,0.0064444444444444445,0.09273333333333333
treesatai__panopticon__full_finetune__mc_dropout__44,micro_label_decision,expected_entropy,0.31,0.0067741935483870966,0.09273333333333333
treesatai__panopticon__full_finetune__mc_dropout__44,micro_label_decision,expected_entropy,0.32,0.0071875,0.09273333333333333
treesatai__panopticon__full_finetune__mc_dropout__44,micro_label_decision,expected_entropy,0.33,0.0073737373737373735,0.09273333333333333
treesatai__panopticon__full_finetune__mc_dropout__44,micro_label_decision,expected_entropy,0.34,0.00784313725490196,0.09273333333333333
treesatai__panopticon__full_finetune__mc_dropout__44,micro_label_decision,expected_entropy,0.35,0.007904761904761904,0.09273333333333333
treesatai__panopticon__full_finetune__mc_dropout__44,micro_label_decision,expected_entropy,0.36,0.008333333333333333,0.09273333333333333
treesatai__panopticon__full_finetune__mc_dropout__44,micro_label_decision,expected_entropy,0.37,0.009189189189189189,0.09273333333333333
treesatai__panopticon__full_finetune__mc_dropout__44,micro_label_decision,expected_entropy,0.38,0.009473684210526316,0.09273333333333333
treesatai__panopticon__full_finetune__mc_dropout__44,micro_label_decision,expected_entropy,0.39,0.010256410256410256,0.09273333333333333
treesatai__panopticon__full_finetune__mc_dropout__44,micro_label_decision,expected_entropy,0.4,0.010583333333333333,0.09273333333333333
treesatai__panopticon__full_finetune__mc_dropout__44,micro_label_decision,expected_entropy,0.41,0.01097560975609756,0.09273333333333333
treesatai__panopticon__full_finetune__mc_dropout__44,micro_label_decision,expected_entropy,0.42,0.011666666666666667,0.09273333333333333
treesatai__panopticon__full_finetune__mc_dropout__44,micro_label_decision,expected_entropy,0.43,0.012248062015503876,0.09273333333333333
treesatai__panopticon__full_finetune__mc_dropout__44,micro_label_decision,expected_entropy,0.44,0.013030303030303031,0.09273333333333333
treesatai__panopticon__full_finetune__mc_dropout__44,micro_label_decision,expected_entropy,0.45,0.013333333333333334,0.09273333333333333
treesatai__panopticon__full_finetune__mc_dropout__44,micro_label_decision,expected_entropy,0.46,0.014347826086956521,0.09273333333333333
treesatai__panopticon__full_finetune__mc_dropout__44,micro_label_decision,expected_entropy,0.47,0.01446808510638298,0.09273333333333333
treesatai__panopticon__full_finetune__mc_dropout__44,micro_label_decision,expected_entropy,0.48,0.015069444444444444,0.09273333333333333
treesatai__panopticon__full_finetune__mc_dropout__44,micro_label_decision,expected_entropy,0.49,0.015306122448979591,0.09273333333333333
treesatai__panopticon__full_finetune__mc_dropout__44,micro_label_decision,expected_entropy,0.5,0.016133333333333333,0.09273333333333333
treesatai__panopticon__full_finetune__mc_dropout__44,micro_label_decision,expected_entropy,0.51,0.0169281045751634,0.09273333333333333
treesatai__panopticon__full_finetune__mc_dropout__44,micro_label_decision,expected_entropy,0.52,0.018205128205128204,0.09273333333333333
treesatai__panopticon__full_finetune__mc_dropout__44,micro_label_decision,expected_entropy,0.53,0.019245283018867923,0.09273333333333333
treesatai__panopticon__full_finetune__mc_dropout__44,micro_label_decision,expected_entropy,0.54,0.019814814814814813,0.09273333333333333
treesatai__panopticon__full_finetune__mc_dropout__44,micro_label_decision,expected_entropy,0.55,0.020606060606060607,0.09273333333333333
treesatai__panopticon__full_finetune__mc_dropout__44,micro_label_decision,expected_entropy,0.56,0.02095238095238095,0.09273333333333333
treesatai__panopticon__full_finetune__mc_dropout__44,micro_label_decision,expected_entropy,0.57,0.02175438596491228,0.09273333333333333
treesatai__panopticon__full_finetune__mc_dropout__44,micro_label_decision,expected_entropy,0.58,0.02293103448275862,0.09273333333333333
treesatai__panopticon__full_finetune__mc_dropout__44,micro_label_decision,expected_entropy,0.59,0.023559322033898305,0.09273333333333333
treesatai__panopticon__full_finetune__mc_dropout__44,micro_label_decision,expected_entropy,0.6,0.024444444444444446,0.09273333333333333
treesatai__panopticon__full_finetune__mc_dropout__44,micro_label_decision,expected_entropy,0.61,0.02551912568306011,0.09273333333333333
treesatai__panopticon__full_finetune__mc_dropout__44,micro_label_decision,expected_entropy,0.62,0.026559139784946235,0.09273333333333333
treesatai__panopticon__full_finetune__mc_dropout__44,micro_label_decision,expected_entropy,0.63,0.027513227513227514,0.09273333333333333
treesatai__panopticon__full_finetune__mc_dropout__44,micro_label_decision,expected_entropy,0.64,0.028697916666666667,0.09273333333333333
treesatai__panopticon__full_finetune__mc_dropout__44,micro_label_decision,expected_entropy,0.65,0.029948717948717948,0.09273333333333333
treesatai__panopticon__full_finetune__mc_dropout__44,micro_label_decision,expected_entropy,0.66,0.031313131313131314,0.09273333333333333
treesatai__panopticon__full_finetune__mc_dropout__44,micro_label_decision,expected_entropy,0.67,0.03213930348258706,0.09273333333333333
treesatai__panopticon__full_finetune__mc_dropout__44,micro_label_decision,expected_entropy,0.68,0.03264705882352941,0.09273333333333333
treesatai__panopticon__full_finetune__mc_dropout__44,micro_label_decision,expected_entropy,0.69,0.03396135265700483,0.09273333333333333
treesatai__panopticon__full_finetune__mc_dropout__44,micro_label_decision,expected_entropy,0.7,0.03514285714285714,0.09273333333333333
treesatai__panopticon__full_finetune__mc_dropout__44,micro_label_decision,expected_entropy,0.71,0.036009389671361504,0.09273333333333333
treesatai__panopticon__full_finetune__mc_dropout__44,micro_label_decision,expected_entropy,0.72,0.036898148148148145,0.09273333333333333
treesatai__panopticon__full_finetune__mc_dropout__44,micro_label_decision,expected_entropy,0.73,0.03831050228310502,0.09273333333333333
treesatai__panopticon__full_finetune__mc_dropout__44,micro_label_decision,expected_entropy,0.74,0.039414414414414414,0.09273333333333333
treesatai__panopticon__full_finetune__mc_dropout__44,micro_label_decision,expected_entropy,0.75,0.040711111111111115,0.09273333333333333
treesatai__panopticon__full_finetune__mc_dropout__44,micro_label_decision,expected_entropy,0.76,0.041710526315789476,0.09273333333333333
treesatai__panopticon__full_finetune__mc_dropout__44,micro_label_decision,expected_entropy,0.77,0.04255411255411255,0.09273333333333333
treesatai__panopticon__full_finetune__mc_dropout__44,micro_label_decision,expected_entropy,0.78,0.04376068376068376,0.09273333333333333
treesatai__panopticon__full_finetune__mc_dropout__44,micro_label_decision,expected_entropy,0.79,0.045274261603375526,0.09273333333333333
treesatai__panopticon__full_finetune__mc_dropout__44,micro_label_decision,expected_entropy,0.8,0.04616666666666667,0.09273333333333333
treesatai__panopticon__full_finetune__mc_dropout__44,micro_label_decision,expected_entropy,0.81,0.04757201646090535,0.09273333333333333
treesatai__panopticon__full_finetune__mc_dropout__44,micro_label_decision,expected_entropy,0.82,0.04878048780487805,0.09273333333333333
treesatai__panopticon__full_finetune__mc_dropout__44,micro_label_decision,expected_entropy,0.83,0.0506425702811245,0.09273333333333333
treesatai__panopticon__full_finetune__mc_dropout__44,micro_label_decision,expected_entropy,0.84,0.05234126984126984,0.09273333333333333
treesatai__panopticon__full_finetune__mc_dropout__44,micro_label_decision,expected_entropy,0.85,0.05392156862745098,0.09273333333333333
treesatai__panopticon__full_finetune__mc_dropout__44,micro_label_decision,expected_entropy,0.86,0.05596899224806202,0.09273333333333333
treesatai__panopticon__full_finetune__mc_dropout__44,micro_label_decision,expected_entropy,0.87,0.05758620689655172,0.09273333333333333
treesatai__panopticon__full_finetune__mc_dropout__44,micro_label_decision,expected_entropy,0.88,0.05950757575757576,0.09273333333333333
treesatai__panopticon__full_finetune__mc_dropout__44,micro_label_decision,expected_entropy,0.89,0.061647940074906364,0.09273333333333333
treesatai__panopticon__full_finetune__mc_dropout__44,micro_label_decision,expected_entropy,0.9,0.06377777777777778,0.09273333333333333
treesatai__panopticon__full_finetune__mc_dropout__44,micro_label_decision,expected_entropy,0.91,0.06604395604395605,0.09273333333333333
treesatai__panopticon__full_finetune__mc_dropout__44,micro_label_decision,expected_entropy,0.92,0.06807971014492753,0.09273333333333333
treesatai__panopticon__full_finetune__mc_dropout__44,micro_label_decision,expected_entropy,0.93,0.07089605734767025,0.09273333333333333
treesatai__panopticon__full_finetune__mc_dropout__44,micro_label_decision,expected_entropy,0.94,0.07358156028368794,0.09273333333333333
treesatai__panopticon__full_finetune__mc_dropout__44,micro_label_decision,expected_entropy,0.95,0.07610526315789473,0.09273333333333333
treesatai__panopticon__full_finetune__mc_dropout__44,micro_label_decision,expected_entropy,0.96,0.07902777777777778,0.09273333333333333
treesatai__panopticon__full_finetune__mc_dropout__44,micro_label_decision,expected_entropy,0.97,0.08178694158075601,0.09273333333333333
treesatai__panopticon__full_finetune__mc_dropout__44,micro_label_decision,expected_entropy,0.98,0.08547619047619047,0.09273333333333333
treesatai__panopticon__full_finetune__mc_dropout__44,micro_label_decision,expected_entropy,0.99,0.0892929292929293,0.09273333333333333
treesatai__panopticon__full_finetune__mc_dropout__44,micro_label_decision,expected_entropy,1.0,0.09273333333333333,0.09273333333333333
treesatai__panopticon__full_finetune__mc_dropout__44,micro_label_decision,mutual_information,0.01,0.0,0.09273333333333333
treesatai__panopticon__full_finetune__mc_dropout__44,micro_label_decision,mutual_information,0.02,0.0016666666666666668,0.09273333333333333
treesatai__panopticon__full_finetune__mc_dropout__44,micro_label_decision,mutual_information,0.03,0.0011111111111111111,0.09273333333333333
treesatai__panopticon__full_finetune__mc_dropout__44,micro_label_decision,mutual_information,0.04,0.0008333333333333334,0.09273333333333333
treesatai__panopticon__full_finetune__mc_dropout__44,micro_label_decision,mutual_information,0.05,0.0006666666666666666,0.09273333333333333
treesatai__panopticon__full_finetune__mc_dropout__44,micro_label_decision,mutual_information,0.06,0.0011111111111111111,0.09273333333333333
treesatai__panopticon__full_finetune__mc_dropout__44,micro_label_decision,mutual_information,0.07,0.0014285714285714286,0.09273333333333333
treesatai__panopticon__full_finetune__mc_dropout__44,micro_label_decision,mutual_information,0.08,0.00125,0.09273333333333333
treesatai__panopticon__full_finetune__mc_dropout__44,micro_label_decision,mutual_information,0.09,0.001851851851851852,0.09273333333333333
treesatai__panopticon__full_finetune__mc_dropout__44,micro_label_decision,mutual_information,0.1,0.0016666666666666668,0.09273333333333333
treesatai__panopticon__full_finetune__mc_dropout__44,micro_label_decision,mutual_information,0.11,0.0018181818181818182,0.09273333333333333
treesatai__panopticon__full_finetune__mc_dropout__44,micro_label_decision,mutual_information,0.12,0.0025,0.09273333333333333
treesatai__panopticon__full_finetune__mc_dropout__44,micro_label_decision,mutual_information,0.13,0.002564102564102564,0.09273333333333333
treesatai__panopticon__full_finetune__mc_dropout__44,micro_label_decision,mutual_information,0.14,0.002619047619047619,0.09273333333333333
treesatai__panopticon__full_finetune__mc_dropout__44,micro_label_decision,mutual_information,0.15,0.0033333333333333335,0.09273333333333333
treesatai__panopticon__full_finetune__mc_dropout__44,micro_label_decision,mutual_information,0.16,0.0033333333333333335,0.09273333333333333
treesatai__panopticon__full_finetune__mc_dropout__44,micro_label_decision,mutual_information,0.17,0.0037254901960784314,0.09273333333333333
treesatai__panopticon__full_finetune__mc_dropout__44,micro_label_decision,mutual_information,0.18,0.0042592592592592595,0.09273333333333333
treesatai__panopticon__full_finetune__mc_dropout__44,micro_label_decision,mutual_information,0.19,0.004736842105263158,0.09273333333333333
treesatai__panopticon__full_finetune__mc_dropout__44,micro_label_decision,mutual_information,0.2,0.005166666666666667,0.09273333333333333
treesatai__panopticon__full_finetune__mc_dropout__44,micro_label_decision,mutual_information,0.21,0.005555555555555556,0.09273333333333333
treesatai__panopticon__full_finetune__mc_dropout__44,micro_label_decision,mutual_information,0.22,0.005454545454545455,0.09273333333333333
treesatai__panopticon__full_finetune__mc_dropout__44,micro_label_decision,mutual_information,0.23,0.0055072463768115944,0.09273333333333333
treesatai__panopticon__full_finetune__mc_dropout__44,micro_label_decision,mutual_information,0.24,0.005833333333333334,0.09273333333333333
treesatai__panopticon__full_finetune__mc_dropout__44,micro_label_decision,mutual_information,0.25,0.006,0.09273333333333333
treesatai__panopticon__full_finetune__mc_dropout__44,micro_label_decision,mutual_information,0.26,0.006025641025641026,0.09273333333333333
treesatai__panopticon__full_finetune__mc_dropout__44,micro_label_decision,mutual_information,0.27,0.0062962962962962955,0.09273333333333333
treesatai__panopticon__full_finetune__mc_dropout__44,micro_label_decision,mutual_information,0.28,0.006666666666666667,0.09273333333333333
treesatai__panopticon__full_finetune__mc_dropout__44,micro_label_decision,mutual_information,0.29,0.006896551724137931,0.09273333333333333
treesatai__panopticon__full_finetune__mc_dropout__44,micro_label_decision,mutual_information,0.3,0.007333333333333333,0.09273333333333333
treesatai__panopticon__full_finetune__mc_dropout__44,micro_label_decision,mutual_information,0.31,0.007634408602150537,0.09273333333333333
treesatai__panopticon__full_finetune__mc_dropout__44,micro_label_decision,mutual_information,0.32,0.0084375,0.09273333333333333
treesatai__panopticon__full_finetune__mc_dropout__44,micro_label_decision,mutual_information,0.33,0.00898989898989899,0.09273333333333333
treesatai__panopticon__full_finetune__mc_dropout__44,micro_label_decision,mutual_information,0.34,0.009509803921568628,0.09273333333333333
treesatai__panopticon__full_finetune__mc_dropout__44,micro_label_decision,mutual_information,0.35,0.009523809523809525,0.09273333333333333
treesatai__panopticon__full_finetune__mc_dropout__44,micro_label_decision,mutual_information,0.36,0.010092592592592592,0.09273333333333333
treesatai__panopticon__full_finetune__mc_dropout__44,micro_label_decision,mutual_information,0.37,0.01108108108108108,0.09273333333333333
treesatai__panopticon__full_finetune__mc_dropout__44,micro_label_decision,mutual_information,0.38,0.011666666666666667,0.09273333333333333
treesatai__panopticon__full_finetune__mc_dropout__44,micro_label_decision,mutual_information,0.39,0.011965811965811967,0.09273333333333333
treesatai__panopticon__full_finetune__mc_dropout__44,micro_label_decision,mutual_information,0.4,0.012666666666666666,0.09273333333333333
treesatai__panopticon__full_finetune__mc_dropout__44,micro_label_decision,mutual_information,0.41,0.013170731707317073,0.09273333333333333
treesatai__panopticon__full_finetune__mc_dropout__44,micro_label_decision,mutual_information,0.42,0.013888888888888888,0.09273333333333333
treesatai__panopticon__full_finetune__mc_dropout__44,micro_label_decision,mutual_information,0.43,0.014651162790697675,0.09273333333333333
treesatai__panopticon__full_finetune__mc_dropout__44,micro_label_decision,mutual_information,0.44,0.015378787878787879,0.09273333333333333
treesatai__panopticon__full_finetune__mc_dropout__44,micro_label_decision,mutual_information,0.45,0.016,0.09273333333333333
treesatai__panopticon__full_finetune__mc_dropout__44,micro_label_decision,mutual_information,0.46,0.01644927536231884,0.09273333333333333
treesatai__panopticon__full_finetune__mc_dropout__44,micro_label_decision,mutual_information,0.47,0.01723404255319149,0.09273333333333333
treesatai__panopticon__full_finetune__mc_dropout__44,micro_label_decision,mutual_information,0.48,0.018125,0.09273333333333333
treesatai__panopticon__full_finetune__mc_dropout__44,micro_label_decision,mutual_information,0.49,0.018775510204081632,0.09273333333333333
treesatai__panopticon__full_finetune__mc_dropout__44,micro_label_decision,mutual_information,0.5,0.0194,0.09273333333333333
treesatai__panopticon__full_finetune__mc_dropout__44,micro_label_decision,mutual_information,0.51,0.020196078431372548,0.09273333333333333
treesatai__panopticon__full_finetune__mc_dropout__44,micro_label_decision,mutual_information,0.52,0.021538461538461538,0.09273333333333333
treesatai__panopticon__full_finetune__mc_dropout__44,micro_label_decision,mutual_information,0.53,0.02220125786163522,0.09273333333333333
treesatai__panopticon__full_finetune__mc_dropout__44,micro_label_decision,mutual_information,0.54,0.022777777777777775,0.09273333333333333
treesatai__panopticon__full_finetune__mc_dropout__44,micro_label_decision,mutual_information,0.55,0.023818181818181818,0.09273333333333333
treesatai__panopticon__full_finetune__mc_dropout__44,micro_label_decision,mutual_information,0.56,0.025,0.09273333333333333
treesatai__panopticon__full_finetune__mc_dropout__44,micro_label_decision,mutual_information,0.57,0.02538011695906433,0.09273333333333333
treesatai__panopticon__full_finetune__mc_dropout__44,micro_label_decision,mutual_information,0.58,0.025919540229885057,0.09273333333333333
treesatai__panopticon__full_finetune__mc_dropout__44,micro_label_decision,mutual_information,0.59,0.027344632768361583,0.09273333333333333
treesatai__panopticon__full_finetune__mc_dropout__44,micro_label_decision,mutual_information,0.6,0.027944444444444445,0.09273333333333333
treesatai__panopticon__full_finetune__mc_dropout__44,micro_label_decision,mutual_information,0.61,0.028633879781420766,0.09273333333333333
treesatai__panopticon__full_finetune__mc_dropout__44,micro_label_decision,mutual_information,0.62,0.02978494623655914,0.09273333333333333
treesatai__panopticon__full_finetune__mc_dropout__44,micro_label_decision,mutual_information,0.63,0.0308994708994709,0.09273333333333333
treesatai__panopticon__full_finetune__mc_dropout__44,micro_label_decision,mutual_information,0.64,0.03203125,0.09273333333333333
treesatai__panopticon__full_finetune__mc_dropout__44,micro_label_decision,mutual_information,0.65,0.03353846153846154,0.09273333333333333
treesatai__panopticon__full_finetune__mc_dropout__44,micro_label_decision,mutual_information,0.66,0.034494949494949495,0.09273333333333333
treesatai__panopticon__full_finetune__mc_dropout__44,micro_label_decision,mutual_information,0.67,0.03572139303482587,0.09273333333333333
treesatai__panopticon__full_finetune__mc_dropout__44,micro_label_decision,mutual_information,0.68,0.03676470588235294,0.09273333333333333
treesatai__panopticon__full_finetune__mc_dropout__44,micro_label_decision,mutual_information,0.69,0.03777777777777778,0.09273333333333333
treesatai__panopticon__full_finetune__mc_dropout__44,micro_label_decision,mutual_information,0.7,0.039047619047619046,0.09273333333333333
treesatai__panopticon__full_finetune__mc_dropout__44,micro_label_decision,mutual_information,0.71,0.04014084507042254,0.09273333333333333
treesatai__panopticon__full_finetune__mc_dropout__44,micro_label_decision,mutual_information,0.72,0.041527777777777775,0.09273333333333333
treesatai__panopticon__full_finetune__mc_dropout__44,micro_label_decision,mutual_information,0.73,0.0426027397260274,0.09273333333333333
treesatai__panopticon__full_finetune__mc_dropout__44,micro_label_decision,mutual_information,0.74,0.043333333333333335,0.09273333333333333
treesatai__panopticon__full_finetune__mc_dropout__44,micro_label_decision,mutual_information,0.75,0.04457777777777778,0.09273333333333333
treesatai__panopticon__full_finetune__mc_dropout__44,micro_label_decision,mutual_information,0.76,0.04631578947368421,0.09273333333333333
treesatai__panopticon__full_finetune__mc_dropout__44,micro_label_decision,mutual_information,0.77,0.047835497835497835,0.09273333333333333
treesatai__panopticon__full_finetune__mc_dropout__44,micro_label_decision,mutual_information,0.78,0.04965811965811966,0.09273333333333333
treesatai__panopticon__full_finetune__mc_dropout__44,micro_label_decision,mutual_information,0.79,0.05126582278481013,0.09273333333333333
treesatai__panopticon__full_finetune__mc_dropout__44,micro_label_decision,mutual_information,0.8,0.05291666666666667,0.09273333333333333
treesatai__panopticon__full_finetune__mc_dropout__44,micro_label_decision,mutual_information,0.81,0.05407407407407407,0.09273333333333333
treesatai__panopticon__full_finetune__mc_dropout__44,micro_label_decision,mutual_information,0.82,0.0559349593495935,0.09273333333333333
treesatai__panopticon__full_finetune__mc_dropout__44,micro_label_decision,mutual_information,0.83,0.05751004016064257,0.09273333333333333
treesatai__panopticon__full_finetune__mc_dropout__44,micro_label_decision,mutual_information,0.84,0.05952380952380952,0.09273333333333333
treesatai__panopticon__full_finetune__mc_dropout__44,micro_label_decision,mutual_information,0.85,0.06105882352941176,0.09273333333333333
treesatai__panopticon__full_finetune__mc_dropout__44,micro_label_decision,mutual_information,0.86,0.06302325581395349,0.09273333333333333
treesatai__panopticon__full_finetune__mc_dropout__44,micro_label_decision,mutual_information,0.87,0.0646360153256705,0.09273333333333333
treesatai__panopticon__full_finetune__mc_dropout__44,micro_label_decision,mutual_information,0.88,0.06696969696969697,0.09273333333333333
treesatai__panopticon__full_finetune__mc_dropout__44,micro_label_decision,mutual_information,0.89,0.06913857677902621,0.09273333333333333
treesatai__panopticon__full_finetune__mc_dropout__44,micro_label_decision,mutual_information,0.9,0.07111111111111111,0.09273333333333333
treesatai__panopticon__full_finetune__mc_dropout__44,micro_label_decision,mutual_information,0.91,0.07329670329670329,0.09273333333333333
treesatai__panopticon__full_finetune__mc_dropout__44,micro_label_decision,mutual_information,0.92,0.075,0.09273333333333333
treesatai__panopticon__full_finetune__mc_dropout__44,micro_label_decision,mutual_information,0.93,0.07738351254480287,0.09273333333333333
treesatai__panopticon__full_finetune__mc_dropout__44,micro_label_decision,mutual_information,0.94,0.079822695035461,0.09273333333333333
treesatai__panopticon__full_finetune__mc_dropout__44,micro_label_decision,mutual_information,0.95,0.08175438596491227,0.09273333333333333
treesatai__panopticon__full_finetune__mc_dropout__44,micro_label_decision,mutual_information,0.96,0.08375,0.09273333333333333
treesatai__panopticon__full_finetune__mc_dropout__44,micro_label_decision,mutual_information,0.97,0.0859106529209622,0.09273333333333333
treesatai__panopticon__full_finetune__mc_dropout__44,micro_label_decision,mutual_information,0.98,0.08755102040816326,0.09273333333333333
treesatai__panopticon__full_finetune__mc_dropout__44,micro_label_decision,mutual_information,0.99,0.08969696969696969,0.09273333333333333
treesatai__panopticon__full_finetune__mc_dropout__44,micro_label_decision,mutual_information,1.0,0.09273333333333333,0.09273333333333333
treesatai__panopticon__full_finetune__mc_dropout__44,micro_label_decision,gini_expected,0.01,0.0,0.09273333333333333
treesatai__panopticon__full_finetune__mc_dropout__44,micro_label_decision,gini_expected,0.02,0.0,0.09273333333333333
treesatai__panopticon__full_finetune__mc_dropout__44,micro_label_decision,gini_expected,0.03,0.0022222222222222222,0.09273333333333333
treesatai__panopticon__full_finetune__mc_dropout__44,micro_label_decision,gini_expected,0.04,0.0016666666666666668,0.09273333333333333
treesatai__panopticon__full_finetune__mc_dropout__44,micro_label_decision,gini_expected,0.05,0.0013333333333333333,0.09273333333333333
treesatai__panopticon__full_finetune__mc_dropout__44,micro_label_decision,gini_expected,0.06,0.0011111111111111111,0.09273333333333333
treesatai__panopticon__full_finetune__mc_dropout__44,micro_label_decision,gini_expected,0.07,0.0009523809523809524,0.09273333333333333
treesatai__panopticon__full_finetune__mc_dropout__44,micro_label_decision,gini_expected,0.08,0.00125,0.09273333333333333
treesatai__panopticon__full_finetune__mc_dropout__44,micro_label_decision,gini_expected,0.09,0.0011111111111111111,0.09273333333333333
treesatai__panopticon__full_finetune__mc_dropout__44,micro_label_decision,gini_expected,0.1,0.0013333333333333333,0.09273333333333333
treesatai__panopticon__full_finetune__mc_dropout__44,micro_label_decision,gini_expected,0.11,0.0018181818181818182,0.09273333333333333
treesatai__panopticon__full_finetune__mc_dropout__44,micro_label_decision,gini_expected,0.12,0.0016666666666666668,0.09273333333333333
treesatai__panopticon__full_finetune__mc_dropout__44,micro_label_decision,gini_expected,0.13,0.0015384615384615385,0.09273333333333333
treesatai__panopticon__full_finetune__mc_dropout__44,micro_label_decision,gini_expected,0.14,0.0016666666666666668,0.09273333333333333
treesatai__panopticon__full_finetune__mc_dropout__44,micro_label_decision,gini_expected,0.15,0.0022222222222222222,0.09273333333333333
treesatai__panopticon__full_finetune__mc_dropout__44,micro_label_decision,gini_expected,0.16,0.0020833333333333333,0.09273333333333333
treesatai__panopticon__full_finetune__mc_dropout__44,micro_label_decision,gini_expected,0.17,0.00196078431372549,0.09273333333333333
treesatai__panopticon__full_finetune__mc_dropout__44,micro_label_decision,gini_expected,0.18,0.0025925925925925925,0.09273333333333333
treesatai__panopticon__full_finetune__mc_dropout__44,micro_label_decision,gini_expected,0.19,0.002631578947368421,0.09273333333333333
treesatai__panopticon__full_finetune__mc_dropout__44,micro_label_decision,gini_expected,0.2,0.0033333333333333335,0.09273333333333333
treesatai__panopticon__full_finetune__mc_dropout__44,micro_label_decision,gini_expected,0.21,0.004126984126984127,0.09273333333333333
treesatai__panopticon__full_finetune__mc_dropout__44,micro_label_decision,gini_expected,0.22,0.004696969696969697,0.09273333333333333
treesatai__panopticon__full_finetune__mc_dropout__44,micro_label_decision,gini_expected,0.23,0.004782608695652174,0.09273333333333333
treesatai__panopticon__full_finetune__mc_dropout__44,micro_label_decision,gini_expected,0.24,0.004861111111111111,0.09273333333333333
treesatai__panopticon__full_finetune__mc_dropout__44,micro_label_decision,gini_expected,0.25,0.0056,0.09273333333333333
treesatai__panopticon__full_finetune__mc_dropout__44,micro_label_decision,gini_expected,0.26,0.0057692307692307696,0.09273333333333333
treesatai__panopticon__full_finetune__mc_dropout__44,micro_label_decision,gini_expected,0.27,0.005925925925925926,0.09273333333333333
treesatai__panopticon__full_finetune__mc_dropout__44,micro_label_decision,gini_expected,0.28,0.005952380952380952,0.09273333333333333
treesatai__panopticon__full_finetune__mc_dropout__44,micro_label_decision,gini_expected,0.29,0.005977011494252874,0.09273333333333333
treesatai__panopticon__full_finetune__mc_dropout__44,micro_label_decision,gini_expected,0.3,0.0064444444444444445,0.09273333333333333
treesatai__panopticon__full_finetune__mc_dropout__44,micro_label_decision,gini_expected,0.31,0.006881720430107527,0.09273333333333333
treesatai__panopticon__full_finetune__mc_dropout__44,micro_label_decision,gini_expected,0.32,0.0071875,0.09273333333333333
treesatai__panopticon__full_finetune__mc_dropout__44,micro_label_decision,gini_expected,0.33,0.0073737373737373735,0.09273333333333333
treesatai__panopticon__full_finetune__mc_dropout__44,micro_label_decision,gini_expected,0.34,0.00784313725490196,0.09273333333333333
treesatai__panopticon__full_finetune__mc_dropout__44,micro_label_decision,gini_expected,0.35,0.007904761904761904,0.09273333333333333
treesatai__panopticon__full_finetune__mc_dropout__44,micro_label_decision,gini_expected,0.36,0.008425925925925925,0.09273333333333333
treesatai__panopticon__full_finetune__mc_dropout__44,micro_label_decision,gini_expected,0.37,0.009189189189189189,0.09273333333333333
treesatai__panopticon__full_finetune__mc_dropout__44,micro_label_decision,gini_expected,0.38,0.009473684210526316,0.09273333333333333
treesatai__panopticon__full_finetune__mc_dropout__44,micro_label_decision,gini_expected,0.39,0.010256410256410256,0.09273333333333333
treesatai__panopticon__full_finetune__mc_dropout__44,micro_label_decision,gini_expected,0.4,0.010666666666666666,0.09273333333333333
treesatai__panopticon__full_finetune__mc_dropout__44,micro_label_decision,gini_expected,0.41,0.011056910569105691,0.09273333333333333
treesatai__panopticon__full_finetune__mc_dropout__44,micro_label_decision,gini_expected,0.42,0.011587301587301587,0.09273333333333333
treesatai__panopticon__full_finetune__mc_dropout__44,micro_label_decision,gini_expected,0.43,0.012248062015503876,0.09273333333333333
treesatai__panopticon__full_finetune__mc_dropout__44,micro_label_decision,gini_expected,0.44,0.013030303030303031,0.09273333333333333
treesatai__panopticon__full_finetune__mc_dropout__44,micro_label_decision,gini_expected,0.45,0.013407407407407408,0.09273333333333333
treesatai__panopticon__full_finetune__mc_dropout__44,micro_label_decision,gini_expected,0.46,0.014347826086956521,0.09273333333333333
treesatai__panopticon__full_finetune__mc_dropout__44,micro_label_decision,gini_expected,0.47,0.01446808510638298,0.09273333333333333
treesatai__panopticon__full_finetune__mc_dropout__44,micro_label_decision,gini_expected,0.48,0.015,0.09273333333333333
treesatai__panopticon__full_finetune__mc_dropout__44,micro_label_decision,gini_expected,0.49,0.015306122448979591,0.09273333333333333
treesatai__panopticon__full_finetune__mc_dropout__44,micro_label_decision,gini_expected,0.5,0.0162,0.09273333333333333
treesatai__panopticon__full_finetune__mc_dropout__44,micro_label_decision,gini_expected,0.51,0.0169281045751634,0.09273333333333333
treesatai__panopticon__full_finetune__mc_dropout__44,micro_label_decision,gini_expected,0.52,0.018205128205128204,0.09273333333333333
treesatai__panopticon__full_finetune__mc_dropout__44,micro_label_decision,gini_expected,0.53,0.019308176100628932,0.09273333333333333
treesatai__panopticon__full_finetune__mc_dropout__44,micro_label_decision,gini_expected,0.54,0.01993827160493827,0.09273333333333333
treesatai__panopticon__full_finetune__mc_dropout__44,micro_label_decision,gini_expected,0.55,0.020606060606060607,0.09273333333333333
treesatai__panopticon__full_finetune__mc_dropout__44,micro_label_decision,gini_expected,0.56,0.02095238095238095,0.09273333333333333
treesatai__panopticon__full_finetune__mc_dropout__44,micro_label_decision,gini_expected,0.57,0.02175438596491228,0.09273333333333333
treesatai__panopticon__full_finetune__mc_dropout__44,micro_label_decision,gini_expected,0.58,0.022873563218390805,0.09273333333333333
treesatai__panopticon__full_finetune__mc_dropout__44,micro_label_decision,gini_expected,0.59,0.02344632768361582,0.09273333333333333
treesatai__panopticon__full_finetune__mc_dropout__44,micro_label_decision,gini_expected,0.6,0.024333333333333332,0.09273333333333333
treesatai__panopticon__full_finetune__mc_dropout__44,micro_label_decision,gini_expected,0.61,0.02551912568306011,0.09273333333333333
treesatai__panopticon__full_finetune__mc_dropout__44,micro_label_decision,gini_expected,0.62,0.026559139784946235,0.09273333333333333
treesatai__panopticon__full_finetune__mc_dropout__44,micro_label_decision,gini_expected,0.63,0.027566137566137565,0.09273333333333333
treesatai__panopticon__full_finetune__mc_dropout__44,micro_label_decision,gini_expected,0.64,0.028697916666666667,0.09273333333333333
treesatai__panopticon__full_finetune__mc_dropout__44,micro_label_decision,gini_expected,0.65,0.03,0.09273333333333333
treesatai__panopticon__full_finetune__mc_dropout__44,micro_label_decision,gini_expected,0.66,0.031313131313131314,0.09273333333333333
treesatai__panopticon__full_finetune__mc_dropout__44,micro_label_decision,gini_expected,0.67,0.03213930348258706,0.09273333333333333
treesatai__panopticon__full_finetune__mc_dropout__44,micro_label_decision,gini_expected,0.68,0.03264705882352941,0.09273333333333333
treesatai__panopticon__full_finetune__mc_dropout__44,micro_label_decision,gini_expected,0.69,0.03400966183574879,0.09273333333333333
treesatai__panopticon__full_finetune__mc_dropout__44,micro_label_decision,gini_expected,0.7,0.035095238095238096,0.09273333333333333
treesatai__panopticon__full_finetune__mc_dropout__44,micro_label_decision,gini_expected,0.71,0.036056338028169016,0.09273333333333333
treesatai__panopticon__full_finetune__mc_dropout__44,micro_label_decision,gini_expected,0.72,0.036898148148148145,0.09273333333333333
treesatai__panopticon__full_finetune__mc_dropout__44,micro_label_decision,gini_expected,0.73,0.03831050228310502,0.09273333333333333
treesatai__panopticon__full_finetune__mc_dropout__44,micro_label_decision,gini_expected,0.74,0.03945945945945946,0.09273333333333333
treesatai__panopticon__full_finetune__mc_dropout__44,micro_label_decision,gini_expected,0.75,0.040711111111111115,0.09273333333333333
treesatai__panopticon__full_finetune__mc_dropout__44,micro_label_decision,gini_expected,0.76,0.041710526315789476,0.09273333333333333
treesatai__panopticon__full_finetune__mc_dropout__44,micro_label_decision,gini_expected,0.77,0.0425974025974026,0.09273333333333333
treesatai__panopticon__full_finetune__mc_dropout__44,micro_label_decision,gini_expected,0.78,0.04376068376068376,0.09273333333333333
treesatai__panopticon__full_finetune__mc_dropout__44,micro_label_decision,gini_expected,0.79,0.04523206751054852,0.09273333333333333
treesatai__panopticon__full_finetune__mc_dropout__44,micro_label_decision,gini_expected,0.8,0.04616666666666667,0.09273333333333333
treesatai__panopticon__full_finetune__mc_dropout__44,micro_label_decision,gini_expected,0.81,0.04757201646090535,0.09273333333333333
treesatai__panopticon__full_finetune__mc_dropout__44,micro_label_decision,gini_expected,0.82,0.04878048780487805,0.09273333333333333
treesatai__panopticon__full_finetune__mc_dropout__44,micro_label_decision,gini_expected,0.83,0.050682730923694776,0.09273333333333333
treesatai__panopticon__full_finetune__mc_dropout__44,micro_label_decision,gini_expected,0.84,0.05234126984126984,0.09273333333333333
treesatai__panopticon__full_finetune__mc_dropout__44,micro_label_decision,gini_expected,0.85,0.05388235294117647,0.09273333333333333
treesatai__panopticon__full_finetune__mc_dropout__44,micro_label_decision,gini_expected,0.86,0.05593023255813954,0.09273333333333333
treesatai__panopticon__full_finetune__mc_dropout__44,micro_label_decision,gini_expected,0.87,0.05758620689655172,0.09273333333333333
treesatai__panopticon__full_finetune__mc_dropout__44,micro_label_decision,gini_expected,0.88,0.05954545454545455,0.09273333333333333
treesatai__panopticon__full_finetune__mc_dropout__44,micro_label_decision,gini_expected,0.89,0.061647940074906364,0.09273333333333333
treesatai__panopticon__full_finetune__mc_dropout__44,micro_label_decision,gini_expected,0.9,0.06377777777777778,0.09273333333333333
treesatai__panopticon__full_finetune__mc_dropout__44,micro_label_decision,gini_expected,0.91,0.06608058608058608,0.09273333333333333
treesatai__panopticon__full_finetune__mc_dropout__44,micro_label_decision,gini_expected,0.92,0.06807971014492753,0.09273333333333333
treesatai__panopticon__full_finetune__mc_dropout__44,micro_label_decision,gini_expected,0.93,0.07089605734767025,0.09273333333333333
treesatai__panopticon__full_finetune__mc_dropout__44,micro_label_decision,gini_expected,0.94,0.07358156028368794,0.09273333333333333
treesatai__panopticon__full_finetune__mc_dropout__44,micro_label_decision,gini_expected,0.95,0.07614035087719298,0.09273333333333333
treesatai__panopticon__full_finetune__mc_dropout__44,micro_label_decision,gini_expected,0.96,0.07902777777777778,0.09273333333333333
treesatai__panopticon__full_finetune__mc_dropout__44,micro_label_decision,gini_expected,0.97,0.08178694158075601,0.09273333333333333
treesatai__panopticon__full_finetune__mc_dropout__44,micro_label_decision,gini_expected,0.98,0.08551020408163265,0.09273333333333333
treesatai__panopticon__full_finetune__mc_dropout__44,micro_label_decision,gini_expected,0.99,0.0892929292929293,0.09273333333333333
treesatai__panopticon__full_finetune__mc_dropout__44,micro_label_decision,gini_expected,1.0,0.09273333333333333,0.09273333333333333
treesatai__panopticon__full_finetune__mc_dropout__44,micro_label_decision,gini_disagreement,0.01,0.0,0.09273333333333333
treesatai__panopticon__full_finetune__mc_dropout__44,micro_label_decision,gini_disagreement,0.02,0.0016666666666666668,0.09273333333333333
treesatai__panopticon__full_finetune__mc_dropout__44,micro_label_decision,gini_disagreement,0.03,0.0011111111111111111,0.09273333333333333
treesatai__panopticon__full_finetune__mc_dropout__44,micro_label_decision,gini_disagreement,0.04,0.0016666666666666668,0.09273333333333333
treesatai__panopticon__full_finetune__mc_dropout__44,micro_label_decision,gini_disagreement,0.05,0.0013333333333333333,0.09273333333333333
treesatai__panopticon__full_finetune__mc_dropout__44,micro_label_decision,gini_disagreement,0.06,0.0011111111111111111,0.09273333333333333
treesatai__panopticon__full_finetune__mc_dropout__44,micro_label_decision,gini_disagreement,0.07,0.0009523809523809524,0.09273333333333333
treesatai__panopticon__full_finetune__mc_dropout__44,micro_label_decision,gini_disagreement,0.08,0.00125,0.09273333333333333
treesatai__panopticon__full_finetune__mc_dropout__44,micro_label_decision,gini_disagreement,0.09,0.0011111111111111111,0.09273333333333333
treesatai__panopticon__full_finetune__mc_dropout__44,micro_label_decision,gini_disagreement,0.1,0.0016666666666666668,0.09273333333333333
treesatai__panopticon__full_finetune__mc_dropout__44,micro_label_decision,gini_disagreement,0.11,0.0015151515151515152,0.09273333333333333
treesatai__panopticon__full_finetune__mc_dropout__44,micro_label_decision,gini_disagreement,0.12,0.0016666666666666668,0.09273333333333333
treesatai__panopticon__full_finetune__mc_dropout__44,micro_label_decision,gini_disagreement,0.13,0.0020512820512820513,0.09273333333333333
treesatai__panopticon__full_finetune__mc_dropout__44,micro_label_decision,gini_disagreement,0.14,0.0019047619047619048,0.09273333333333333
treesatai__panopticon__full_finetune__mc_dropout__44,micro_label_decision,gini_disagreement,0.15,0.0024444444444444444,0.09273333333333333
treesatai__panopticon__full_finetune__mc_dropout__44,micro_label_decision,gini_disagreement,0.16,0.0027083333333333334,0.09273333333333333
treesatai__panopticon__full_finetune__mc_dropout__44,micro_label_decision,gini_disagreement,0.17,0.003137254901960784,0.09273333333333333
treesatai__panopticon__full_finetune__mc_dropout__44,micro_label_decision,gini_disagreement,0.18,0.0035185185185185185,0.09273333333333333
treesatai__panopticon__full_finetune__mc_dropout__44,micro_label_decision,gini_disagreement,0.19,0.004210526315789474,0.09273333333333333
treesatai__panopticon__full_finetune__mc_dropout__44,micro_label_decision,gini_disagreement,0.2,0.004333333333333333,0.09273333333333333
treesatai__panopticon__full_finetune__mc_dropout__44,micro_label_decision,gini_disagreement,0.21,0.004761904761904762,0.09273333333333333
treesatai__panopticon__full_finetune__mc_dropout__44,micro_label_decision,gini_disagreement,0.22,0.005,0.09273333333333333
treesatai__panopticon__full_finetune__mc_dropout__44,micro_label_decision,gini_disagreement,0.23,0.0052173913043478265,0.09273333333333333
treesatai__panopticon__full_finetune__mc_dropout__44,micro_label_decision,gini_disagreement,0.24,0.005277777777777778,0.09273333333333333
treesatai__panopticon__full_finetune__mc_dropout__44,micro_label_decision,gini_disagreement,0.25,0.0056,0.09273333333333333
treesatai__panopticon__full_finetune__mc_dropout__44,micro_label_decision,gini_disagreement,0.26,0.005897435897435898,0.09273333333333333
treesatai__panopticon__full_finetune__mc_dropout__44,micro_label_decision,gini_disagreement,0.27,0.0062962962962962955,0.09273333333333333
treesatai__panopticon__full_finetune__mc_dropout__44,micro_label_decision,gini_disagreement,0.28,0.0064285714285714285,0.09273333333333333
treesatai__panopticon__full_finetune__mc_dropout__44,micro_label_decision,gini_disagreement,0.29,0.006436781609195402,0.09273333333333333
treesatai__panopticon__full_finetune__mc_dropout__44,micro_label_decision,gini_disagreement,0.3,0.006666666666666667,0.09273333333333333
treesatai__panopticon__full_finetune__mc_dropout__44,micro_label_decision,gini_disagreement,0.31,0.006559139784946237,0.09273333333333333
treesatai__panopticon__full_finetune__mc_dropout__44,micro_label_decision,gini_disagreement,0.32,0.007083333333333333,0.09273333333333333
treesatai__panopticon__full_finetune__mc_dropout__44,micro_label_decision,gini_disagreement,0.33,0.007070707070707071,0.09273333333333333
treesatai__panopticon__full_finetune__mc_dropout__44,micro_label_decision,gini_disagreement,0.34,0.007647058823529412,0.09273333333333333
treesatai__panopticon__full_finetune__mc_dropout__44,micro_label_decision,gini_disagreement,0.35,0.008476190476190476,0.09273333333333333
treesatai__panopticon__full_finetune__mc_dropout__44,micro_label_decision,gini_disagreement,0.36,0.009166666666666667,0.09273333333333333
treesatai__panopticon__full_finetune__mc_dropout__44,micro_label_decision,gini_disagreement,0.37,0.00972972972972973,0.09273333333333333
treesatai__panopticon__full_finetune__mc_dropout__44,micro_label_decision,gini_disagreement,0.38,0.010087719298245614,0.09273333333333333
treesatai__panopticon__full_finetune__mc_dropout__44,micro_label_decision,gini_disagreement,0.39,0.010683760683760684,0.09273333333333333
treesatai__panopticon__full_finetune__mc_dropout__44,micro_label_decision,gini_disagreement,0.4,0.011333333333333334,0.09273333333333333
treesatai__panopticon__full_finetune__mc_dropout__44,micro_label_decision,gini_disagreement,0.41,0.011788617886178862,0.09273333333333333
treesatai__panopticon__full_finetune__mc_dropout__44,micro_label_decision,gini_disagreement,0.42,0.01246031746031746,0.09273333333333333
treesatai__panopticon__full_finetune__mc_dropout__44,micro_label_decision,gini_disagreement,0.43,0.013255813953488372,0.09273333333333333
treesatai__panopticon__full_finetune__mc_dropout__44,micro_label_decision,gini_disagreement,0.44,0.013560606060606061,0.09273333333333333
treesatai__panopticon__full_finetune__mc_dropout__44,micro_label_decision,gini_disagreement,0.45,0.014444444444444444,0.09273333333333333
treesatai__panopticon__full_finetune__mc_dropout__44,micro_label_decision,gini_disagreement,0.46,0.014927536231884059,0.09273333333333333
treesatai__panopticon__full_finetune__mc_dropout__44,micro_label_decision,gini_disagreement,0.47,0.015531914893617021,0.09273333333333333
treesatai__panopticon__full_finetune__mc_dropout__44,micro_label_decision,gini_disagreement,0.48,0.015833333333333335,0.09273333333333333
treesatai__panopticon__full_finetune__mc_dropout__44,micro_label_decision,gini_disagreement,0.49,0.01673469387755102,0.09273333333333333
treesatai__panopticon__full_finetune__mc_dropout__44,micro_label_decision,gini_disagreement,0.5,0.017533333333333335,0.09273333333333333
treesatai__panopticon__full_finetune__mc_dropout__44,micro_label_decision,gini_disagreement,0.51,0.018366013071895424,0.09273333333333333
treesatai__panopticon__full_finetune__mc_dropout__44,micro_label_decision,gini_disagreement,0.52,0.01942307692307692,0.09273333333333333
treesatai__panopticon__full_finetune__mc_dropout__44,micro_label_decision,gini_disagreement,0.53,0.020062893081761006,0.09273333333333333
treesatai__panopticon__full_finetune__mc_dropout__44,micro_label_decision,gini_disagreement,0.54,0.020432098765432095,0.09273333333333333
treesatai__panopticon__full_finetune__mc_dropout__44,micro_label_decision,gini_disagreement,0.55,0.02103030303030303,0.09273333333333333
treesatai__panopticon__full_finetune__mc_dropout__44,micro_label_decision,gini_disagreement,0.56,0.021488095238095237,0.09273333333333333
treesatai__panopticon__full_finetune__mc_dropout__44,micro_label_decision,gini_disagreement,0.57,0.02286549707602339,0.09273333333333333
treesatai__panopticon__full_finetune__mc_dropout__44,micro_label_decision,gini_disagreement,0.58,0.024080459770114943,0.09273333333333333
treesatai__panopticon__full_finetune__mc_dropout__44,micro_label_decision,gini_disagreement,0.59,0.02514124293785311,0.09273333333333333
treesatai__panopticon__full_finetune__mc_dropout__44,micro_label_decision,gini_disagreement,0.6,0.025722222222222223,0.09273333333333333
treesatai__panopticon__full_finetune__mc_dropout__44,micro_label_decision,gini_disagreement,0.61,0.026612021857923496,0.09273333333333333
treesatai__panopticon__full_finetune__mc_dropout__44,micro_label_decision,gini_disagreement,0.62,0.027526881720430108,0.09273333333333333
treesatai__panopticon__full_finetune__mc_dropout__44,micro_label_decision,gini_disagreement,0.63,0.028783068783068782,0.09273333333333333
treesatai__panopticon__full_finetune__mc_dropout__44,micro_label_decision,gini_disagreement,0.64,0.029739583333333333,0.09273333333333333
treesatai__panopticon__full_finetune__mc_dropout__44,micro_label_decision,gini_disagreement,0.65,0.030871794871794873,0.09273333333333333
treesatai__panopticon__full_finetune__mc_dropout__44,micro_label_decision,gini_disagreement,0.66,0.03222222222222222,0.09273333333333333
treesatai__panopticon__full_finetune__mc_dropout__44,micro_label_decision,gini_disagreement,0.67,0.033582089552238806,0.09273333333333333
treesatai__panopticon__full_finetune__mc_dropout__44,micro_label_decision,gini_disagreement,0.68,0.03441176470588235,0.09273333333333333
treesatai__panopticon__full_finetune__mc_dropout__44,micro_label_decision,gini_disagreement,0.69,0.035603864734299516,0.09273333333333333
treesatai__panopticon__full_finetune__mc_dropout__44,micro_label_decision,gini_disagreement,0.7,0.037,0.09273333333333333
treesatai__panopticon__full_finetune__mc_dropout__44,micro_label_decision,gini_disagreement,0.71,0.03807511737089202,0.09273333333333333
treesatai__panopticon__full_finetune__mc_dropout__44,micro_label_decision,gini_disagreement,0.72,0.03861111111111111,0.09273333333333333
treesatai__panopticon__full_finetune__mc_dropout__44,micro_label_decision,gini_disagreement,0.73,0.04004566210045662,0.09273333333333333
treesatai__panopticon__full_finetune__mc_dropout__44,micro_label_decision,gini_disagreement,0.74,0.040945945945945944,0.09273333333333333
treesatai__panopticon__full_finetune__mc_dropout__44,micro_label_decision,gini_disagreement,0.75,0.04226666666666667,0.09273333333333333
treesatai__panopticon__full_finetune__mc_dropout__44,micro_label_decision,gini_disagreement,0.76,0.04337719298245614,0.09273333333333333
treesatai__panopticon__full_finetune__mc_dropout__44,micro_label_decision,gini_disagreement,0.77,0.04476190476190476,0.09273333333333333
treesatai__panopticon__full_finetune__mc_dropout__44,micro_label_decision,gini_disagreement,0.78,0.046153846153846156,0.09273333333333333
treesatai__panopticon__full_finetune__mc_dropout__44,micro_label_decision,gini_disagreement,0.79,0.047341772151898734,0.09273333333333333
treesatai__panopticon__full_finetune__mc_dropout__44,micro_label_decision,gini_disagreement,0.8,0.048375,0.09273333333333333
treesatai__panopticon__full_finetune__mc_dropout__44,micro_label_decision,gini_disagreement,0.81,0.04983539094650206,0.09273333333333333
treesatai__panopticon__full_finetune__mc_dropout__44,micro_label_decision,gini_disagreement,0.82,0.05150406504065041,0.09273333333333333
treesatai__panopticon__full_finetune__mc_dropout__44,micro_label_decision,gini_disagreement,0.83,0.05305220883534136,0.09273333333333333
treesatai__panopticon__full_finetune__mc_dropout__44,micro_label_decision,gini_disagreement,0.84,0.054563492063492064,0.09273333333333333
treesatai__panopticon__full_finetune__mc_dropout__44,micro_label_decision,gini_disagreement,0.85,0.056,0.09273333333333333
treesatai__panopticon__full_finetune__mc_dropout__44,micro_label_decision,gini_disagreement,0.86,0.057829457364341086,0.09273333333333333
treesatai__panopticon__full_finetune__mc_dropout__44,micro_label_decision,gini_disagreement,0.87,0.05996168582375479,0.09273333333333333
treesatai__panopticon__full_finetune__mc_dropout__44,micro_label_decision,gini_disagreement,0.88,0.06215909090909091,0.09273333333333333
treesatai__panopticon__full_finetune__mc_dropout__44,micro_label_decision,gini_disagreement,0.89,0.06400749063670412,0.09273333333333333
treesatai__panopticon__full_finetune__mc_dropout__44,micro_label_decision,gini_disagreement,0.9,0.06644444444444444,0.09273333333333333
treesatai__panopticon__full_finetune__mc_dropout__44,micro_label_decision,gini_disagreement,0.91,0.06868131868131869,0.09273333333333333
treesatai__panopticon__full_finetune__mc_dropout__44,micro_label_decision,gini_disagreement,0.92,0.07126811594202899,0.09273333333333333
treesatai__panopticon__full_finetune__mc_dropout__44,micro_label_decision,gini_disagreement,0.93,0.07401433691756272,0.09273333333333333
treesatai__panopticon__full_finetune__mc_dropout__44,micro_label_decision,gini_disagreement,0.94,0.07698581560283688,0.09273333333333333
treesatai__panopticon__full_finetune__mc_dropout__44,micro_label_decision,gini_disagreement,0.95,0.0799298245614035,0.09273333333333333
treesatai__panopticon__full_finetune__mc_dropout__44,micro_label_decision,gini_disagreement,0.96,0.08263888888888889,0.09273333333333333
treesatai__panopticon__full_finetune__mc_dropout__44,micro_label_decision,gini_disagreement,0.97,0.08470790378006873,0.09273333333333333
treesatai__panopticon__full_finetune__mc_dropout__44,micro_label_decision,gini_disagreement,0.98,0.0872108843537415,0.09273333333333333
treesatai__panopticon__full_finetune__mc_dropout__44,micro_label_decision,gini_disagreement,0.99,0.08932659932659932,0.09273333333333333
treesatai__panopticon__full_finetune__mc_dropout__44,micro_label_decision,gini_disagreement,1.0,0.09273333333333333,0.09273333333333333
