sample_id,class_index,class_name,support,iou,recall,union,na_reason
ROI_00001__20190212T142031_20190212T143214_T19FDF,0,clear,34446,0.6693220386524922,0.6927364570632294,35651,
ROI_00001__20190212T142031_20190212T143214_T19FDF,1,thick_cloud,0,,,0,absent_true_and_predicted_class
ROI_00001__20190212T142031_20190212T143214_T19FDF,2,thin_cloud,15730,0.5519875351523904,0.9233947870311506,26314,
ROI_00001__20190212T142031_20190212T143214_T19FDF,3,cloud_shadow,0,,,0,absent_true_and_predicted_class
ROI_00001__20190304T142031_20190304T142654_T19FDF,0,clear,2323,0.11922753988245172,0.48902281532501074,9528,
ROI_00001__20190304T142031_20190304T142654_T19FDF,1,thick_cloud,7607,0.4284879644776817,0.9641120021033259,17116,
ROI_00001__20190304T142031_20190304T142654_T19FDF,2,thin_cloud,0,0.0,,644,no_true_class_for_recall
ROI_00001__20190304T142031_20190304T142654_T19FDF,3,cloud_shadow,40246,0.603027670926914,0.6037618645331213,40295,
ROI_00001__20190316T141049_20190316T142437_T19FDF,0,clear,14750,0.5726682522337212,0.604,15557,
ROI_00001__20190316T141049_20190316T142437_T19FDF,1,thick_cloud,26669,0.7958791572810389,0.9008961715849864,30188,
ROI_00001__20190316T141049_20190316T142437_T19FDF,2,thin_cloud,0,0.0,,979,no_true_class_for_recall
ROI_00001__20190316T141049_20190316T142437_T19FDF,3,cloud_shadow,8757,0.6463521362081311,0.9277149708804385,12569,
ROI_00001__20190525T141059_20190525T142053_T19FDF,0,clear,21319,0.5608582916838901,0.7000797410760354,26611,
ROI_00001__20190525T141059_20190525T142053_T19FDF,1,thick_cloud,12482,0.7043809523809523,0.8887998718154142,15750,
ROI_00001__20190525T141059_20190525T142053_T19FDF,2,thin_cloud,11255,0.35342741935483873,0.623011994669036,19840,
ROI_00001__20190525T141059_20190525T142053_T19FDF,3,cloud_shadow,5120,0.0,0.0,5120,
ROI_00001__20200308T141731_20200308T143551_T19FDF,0,clear,50176,0.9847536670918368,0.9847536670918368,50176,
ROI_00001__20200308T141731_20200308T143551_T19FDF,1,thick_cloud,0,0.0,,765,no_true_class_for_recall
ROI_00001__20200308T141731_20200308T143551_T19FDF,2,thin_cloud,0,,,0,absent_true_and_predicted_class
ROI_00001__20200308T141731_20200308T143551_T19FDF,3,cloud_shadow,0,,,0,absent_true_and_predicted_class
ROI_00010__20190125T112341_20190125T112624_T28QFG,0,clear,46300,0.6005307292219509,0.6109719222462203,47105,
ROI_00010__20190125T112341_20190125T112624_T28QFG,1,thick_cloud,0,0.0,,212,no_true_class_for_recall
ROI_00010__20190125T112341_20190125T112624_T28QFG,2,thin_cloud,3876,0.1382125198246105,0.7644478844169247,21438,
ROI_00010__20190125T112341_20190125T112624_T28QFG,3,cloud_shadow,0,0.0,,346,no_true_class_for_recall
ROI_00010__20190724T112121_20190724T113118_T28QFG,0,clear,13751,0.42804269699082764,0.5803214311686423,18643,
ROI_00010__20190724T112121_20190724T113118_T28QFG,1,thick_cloud,14221,0.5629826758505532,0.758666760424724,19164,
ROI_00010__20190724T112121_20190724T113118_T28QFG,2,thin_cloud,12672,0.12723158159416645,0.1597222222222222,15908,
ROI_00010__20190724T112121_20190724T113118_T28QFG,3,cloud_shadow,9532,0.5446775446775447,0.9560428031892573,16731,
ROI_00010__20190813T112121_20190813T113228_T28QFG,0,clear,9622,0.5615068855932204,0.8814175847017253,15104,
ROI_00010__20190813T112121_20190813T113228_T28QFG,1,thick_cloud,28357,0.5198588744891187,0.5248086892125401,28627,
ROI_00010__20190813T112121_20190813T113228_T28QFG,2,thin_cloud,0,0.0,,11,no_true_class_for_recall
ROI_00010__20190813T112121_20190813T113228_T28QFG,3,cloud_shadow,12197,0.4614065934065934,0.8606214642944986,22750,
ROI_00010__20190907T112119_20190907T112853_T28QFG,0,clear,50176,0.999641262755102,0.999641262755102,50176,
ROI_00010__20190907T112119_20190907T112853_T28QFG,1,thick_cloud,0,0.0,,1,no_true_class_for_recall
ROI_00010__20190907T112119_20190907T112853_T28QFG,2,thin_cloud,0,0.0,,1,no_true_class_for_recall
ROI_00010__20190907T112119_20190907T112853_T28QFG,3,cloud_shadow,0,0.0,,16,no_true_class_for_recall
ROI_00010__20190922T112111_20190922T113547_T28QFG,0,clear,447,0.34044173648134046,1.0,1313,
ROI_00010__20190922T112111_20190922T113547_T28QFG,1,thick_cloud,46611,0.9426465604879701,0.9548818948316921,47216,
ROI_00010__20190922T112111_20190922T113547_T28QFG,2,thin_cloud,0,,,0,absent_true_and_predicted_class
ROI_00010__20190922T112111_20190922T113547_T28QFG,3,cloud_shadow,3118,0.5666058394160584,0.7966645285439384,4384,
ROI_00011__20190130T103251_20190130T104108_T31REP,0,clear,20913,0.3184533970638443,0.35681155262277053,23432,
ROI_00011__20190130T103251_20190130T104108_T31REP,1,thick_cloud,1654,0.07465934897804694,0.9540507859733979,21136,
ROI_00011__20190130T103251_20190130T104108_T31REP,2,thin_cloud,17694,0.0,0.0,17694,
ROI_00011__20190130T103251_20190130T104108_T31REP,3,cloud_shadow,9915,0.4516290225864481,0.9115481593545134,20012,
ROI_00011__20190306T103019_20190306T103540_T31REP,0,clear,50176,0.9488002232142857,0.9488002232142857,50176,
ROI_00011__20190306T103019_20190306T103540_T31REP,1,thick_cloud,0,0.0,,94,no_true_class_for_recall
ROI_00011__20190306T103019_20190306T103540_T31REP,2,thin_cloud,0,,,0,absent_true_and_predicted_class
ROI_00011__20190306T103019_20190306T103540_T31REP,3,cloud_shadow,0,0.0,,2475,no_true_class_for_recall
ROI_00011__20190318T102021_20190318T102646_T31REP,0,clear,13830,0.403062698642011,0.403470715835141,13844,
ROI_00011__20190318T102021_20190318T102646_T31REP,1,thick_cloud,16156,0.6393624613432718,0.9981431047288933,25222,
ROI_00011__20190318T102021_20190318T102646_T31REP,2,thin_cloud,11753,0.21589303733602422,0.36407725687058623,19820,
ROI_00011__20190318T102021_20190318T102646_T31REP,3,cloud_shadow,8437,0.5008240426563257,0.6123029512860021,10315,
ROI_00011__20190517T102031_20190517T102508_T31REP,0,clear,41101,0.8809028106368885,0.9059146979392229,42268,
ROI_00011__20190517T102031_20190517T102508_T31REP,1,thick_cloud,1336,0.16390751128745382,0.8967065868263473,7309,
ROI_00011__20190517T102031_20190517T102508_T31REP,2,thin_cloud,6553,0.0022123893805309734,0.0022890279261406988,6780,
ROI_00011__20190517T102031_20190517T102508_T31REP,3,cloud_shadow,1186,0.25406871609403253,0.9477234401349073,4424,
ROI_00011__20190830T102029_20190830T102552_T31REP,0,clear,18624,0.024001288659793816,0.024001288659793816,18624,
ROI_00011__20190830T102029_20190830T102552_T31REP,1,thick_cloud,1848,0.3610738255033557,0.8733766233766234,4470,
ROI_00011__20190830T102029_20190830T102552_T31REP,2,thin_cloud,19624,0.4032055683136438,0.8678658785161028,42239,
ROI_00011__20190830T102029_20190830T102552_T31REP,3,cloud_shadow,10080,0.5032562529495045,0.528968253968254,10595,
ROI_00032__20190315T032531_20190315T033351_T49TFH,0,clear,27143,0.19723534558180228,0.20764101241572414,28575,
ROI_00032__20190315T032531_20190315T033351_T49TFH,1,thick_cloud,0,0.0,,91,no_true_class_for_recall
ROI_00032__20190315T032531_20190315T033351_T49TFH,2,thin_cloud,21062,0.46692334616730835,0.9500522267590922,42855,
ROI_00032__20190315T032531_20190315T033351_T49TFH,3,cloud_shadow,1971,0.244140625,0.31709791983764585,2560,
ROI_00032__20190330T032539_20190330T033305_T49TFH,0,clear,26139,0.8610830576353822,0.9459428440261678,28715,
ROI_00032__20190330T032539_20190330T033305_T49TFH,1,thick_cloud,11138,0.782342222958423,0.8480876279403843,12074,
ROI_00032__20190330T032539_20190330T033305_T49TFH,2,thin_cloud,0,,,0,absent_true_and_predicted_class
ROI_00032__20190330T032539_20190330T033305_T49TFH,3,cloud_shadow,12899,0.7633863462740468,0.8521590820993875,14399,
ROI_00032__20190713T032541_20190713T033534_T49TFH,0,clear,26393,0.823611249130478,0.9420679725684841,30189,
ROI_00032__20190713T032541_20190713T033534_T49TFH,1,thick_cloud,14177,0.7996244635193133,0.8410806235451788,14912,
ROI_00032__20190713T032541_20190713T033534_T49TFH,2,thin_cloud,0,,,0,absent_true_and_predicted_class
ROI_00032__20190713T032541_20190713T033534_T49TFH,3,cloud_shadow,9606,0.6940086246444628,0.7874245263377057,10899,
ROI_00032__20190817T032539_20190817T033403_T49TFH,0,clear,31070,0.8201584874183234,0.9493723849372385,35965,
ROI_00032__20190817T032539_20190817T033403_T49TFH,1,thick_cloud,10821,0.5909131803868646,0.6069679327234082,11115,
ROI_00032__20190817T032539_20190817T033403_T49TFH,2,thin_cloud,0,,,0,absent_true_and_predicted_class
ROI_00032__20190817T032539_20190817T033403_T49TFH,3,cloud_shadow,8285,0.7333534804069709,0.8786964393482197,9927,
ROI_00032__20191110T032951_20191110T033139_T49TFH,0,clear,50176,1.0,1.0,50176,
ROI_00032__20191110T032951_20191110T033139_T49TFH,1,thick_cloud,0,,,0,absent_true_and_predicted_class
ROI_00032__20191110T032951_20191110T033139_T49TFH,2,thin_cloud,0,,,0,absent_true_and_predicted_class
ROI_00032__20191110T032951_20191110T033139_T49TFH,3,cloud_shadow,0,,,0,absent_true_and_predicted_class
ROI_00044__20190327T100029_20190327T101005_T32QMM,0,clear,7134,0.5769044153323629,0.6666666666666666,8244,
ROI_00044__20190327T100029_20190327T101005_T32QMM,1,thick_cloud,18621,0.6588031598311871,0.9808280973094893,27723,
ROI_00044__20190327T100029_20190327T101005_T32QMM,2,thin_cloud,0,0.0,,293,no_true_class_for_recall
ROI_00044__20190327T100029_20190327T101005_T32QMM,3,cloud_shadow,24421,0.6502732240437158,0.6627083248024241,24888,
ROI_00044__20190526T100039_20190526T100712_T32QMM,0,clear,2373,0.3793324775353017,0.49810366624525915,3116,
ROI_00044__20190526T100039_20190526T100712_T32QMM,1,thick_cloud,33085,0.8280517769840666,0.9880308296811243,39477,
ROI_00044__20190526T100039_20190526T100712_T32QMM,2,thin_cloud,0,,,0,absent_true_and_predicted_class
ROI_00044__20190526T100039_20190526T100712_T32QMM,3,cloud_shadow,14718,0.5897777186210569,0.6021198532409294,15026,
ROI_00044__20190908T100031_20190908T100836_T32QMM,0,clear,447,1.0,1.0,447,
ROI_00044__20190908T100031_20190908T100836_T32QMM,1,thick_cloud,39033,0.9038194122554927,0.9991033228294007,43148,
ROI_00044__20190908T100031_20190908T100836_T32QMM,2,thin_cloud,0,,,0,absent_true_and_predicted_class
ROI_00044__20190908T100031_20190908T100836_T32QMM,3,cloud_shadow,10696,0.6132699655204548,0.6152767389678384,10731,
ROI_00044__20200106T100401_20200106T100404_T32QMM,0,clear,50176,1.0,1.0,50176,
ROI_00044__20200106T100401_20200106T100404_T32QMM,1,thick_cloud,0,,,0,absent_true_and_predicted_class
ROI_00044__20200106T100401_20200106T100404_T32QMM,2,thin_cloud,0,,,0,absent_true_and_predicted_class
ROI_00044__20200106T100401_20200106T100404_T32QMM,3,cloud_shadow,0,,,0,absent_true_and_predicted_class
ROI_00044__20200321T100029_20200321T100458_T32QMM,0,clear,37166,0.8742699668798827,0.9304202765968896,39553,
ROI_00044__20200321T100029_20200321T100458_T32QMM,1,thick_cloud,5195,0.6211523283346487,0.7574590952839269,6335,
ROI_00044__20200321T100029_20200321T100458_T32QMM,2,thin_cloud,0,,,0,absent_true_and_predicted_class
ROI_00044__20200321T100029_20200321T100458_T32QMM,3,cloud_shadow,7815,0.7184570628165069,0.8532309660908509,9281,
ROI_00064__20181217T015619_20181217T020219_T51JVH,0,clear,19911,0.7026511134676564,0.8319521872331876,23575,
ROI_00064__20181217T015619_20181217T020219_T51JVH,1,thick_cloud,20600,0.68520439028606,0.7697572815533981,23142,
ROI_00064__20181217T015619_20181217T020219_T51JVH,2,thin_cloud,0,,,0,absent_true_and_predicted_class
ROI_00064__20181217T015619_20181217T020219_T51JVH,3,cloud_shadow,9665,0.5672700406353898,0.7944128297982411,13535,
ROI_00064__20190317T015619_20190317T020354_T51JVH,0,clear,15692,0.04750382068262863,0.0475401478460362,15704,
ROI_00064__20190317T015619_20190317T020354_T51JVH,1,thick_cloud,0,0.0,,1610,no_true_class_for_recall
ROI_00064__20190317T015619_20190317T020354_T51JVH,2,thin_cloud,34484,0.6681900155750471,0.9455109616053822,48796,
ROI_00064__20190317T015619_20190317T020354_T51JVH,3,cloud_shadow,0,0.0,,891,no_true_class_for_recall
ROI_00064__20190615T015629_20190615T020446_T51JVH,0,clear,31058,0.8677521724945872,0.9420439178311546,33717,
ROI_00064__20190615T015629_20190615T020446_T51JVH,1,thick_cloud,14319,0.7538528091710377,0.9736015084852294,18493,
ROI_00064__20190615T015629_20190615T020446_T51JVH,2,thin_cloud,4589,0.002591792656587473,0.0026149487905861844,4630,
ROI_00064__20190615T015629_20190615T020446_T51JVH,3,cloud_shadow,210,0.0,0.0,301,
ROI_00064__20190622T014709_20190622T015123_T51JVH,0,clear,50176,1.0,1.0,50176,
ROI_00064__20190622T014709_20190622T015123_T51JVH,1,thick_cloud,0,,,0,absent_true_and_predicted_class
ROI_00064__20190622T014709_20190622T015123_T51JVH,2,thin_cloud,0,,,0,absent_true_and_predicted_class
ROI_00064__20190622T014709_20190622T015123_T51JVH,3,cloud_shadow,0,,,0,absent_true_and_predicted_class
ROI_00064__20191102T015619_20191102T020403_T51JVH,0,clear,23076,0.7757476350320415,0.8813052522100884,26216,
ROI_00064__20191102T015619_20191102T020403_T51JVH,1,thick_cloud,17558,0.6924422673198041,0.7889850780271102,20006,
ROI_00064__20191102T015619_20191102T020403_T51JVH,2,thin_cloud,0,,,0,absent_true_and_predicted_class
ROI_00064__20191102T015619_20191102T020403_T51JVH,3,cloud_shadow,9542,0.692555810202869,0.855061831901069,11781,
ROI_00065__20190101T142749_20190101T143756_T19HCA,0,clear,50176,1.0,1.0,50176,
ROI_00065__20190101T142749_20190101T143756_T19HCA,1,thick_cloud,0,,,0,absent_true_and_predicted_class
ROI_00065__20190101T142749_20190101T143756_T19HCA,2,thin_cloud,0,,,0,absent_true_and_predicted_class
ROI_00065__20190101T142749_20190101T143756_T19HCA,3,cloud_shadow,0,,,0,absent_true_and_predicted_class
ROI_00065__20190116T142751_20190116T143701_T19HCA,0,clear,32801,0.7904503447264193,0.985671168561934,40902,
ROI_00065__20190116T142751_20190116T143701_T19HCA,1,thick_cloud,7376,0.6295307134681419,0.6710954446854663,7863,
ROI_00065__20190116T142751_20190116T143701_T19HCA,2,thin_cloud,3339,0.2682926829268293,0.35908954776879304,4469,
ROI_00065__20190116T142751_20190116T143701_T19HCA,3,cloud_shadow,6660,0.23452908389309704,0.2463963963963964,6997,
ROI_00065__20190404T143759_20190404T144906_T19HCA,0,clear,43754,0.9268572887413837,0.9957032499885725,47004,
ROI_00065__20190404T143759_20190404T144906_T19HCA,1,thick_cloud,4049,0.3846334586466165,0.4042973573721907,4256,
ROI_00065__20190404T143759_20190404T144906_T19HCA,2,thin_cloud,0,,,0,absent_true_and_predicted_class
ROI_00065__20190404T143759_20190404T144906_T19HCA,3,cloud_shadow,2373,0.3929083094555874,0.46228402865571006,2792,
ROI_00065__20200129T143659_20200129T144449_T19HCA,0,clear,6121,0.38980891719745225,0.3999346512007842,6280,
ROI_00065__20200129T143659_20200129T144449_T19HCA,1,thick_cloud,33262,0.8576158041844183,0.9501533281221815,36851,
ROI_00065__20200129T143659_20200129T144449_T19HCA,2,thin_cloud,0,,,0,absent_true_and_predicted_class
ROI_00065__20200129T143659_20200129T144449_T19HCA,3,cloud_shadow,10793,0.6650377290693497,0.8574075789863801,13915,
ROI_00065__20200410T142731_20200410T143742_T19HCA,0,clear,19987,0.538654821196213,0.6006404162705758,22287,
ROI_00065__20200410T142731_20200410T143742_T19HCA,1,thick_cloud,18302,0.6084994667322996,0.8105125122937384,24378,
ROI_00065__20200410T142731_20200410T143742_T19HCA,2,thin_cloud,0,0.0,,6,no_true_class_for_recall
ROI_00065__20200410T142731_20200410T143742_T19HCA,3,cloud_shadow,11887,0.6344151494854777,0.8765037435854295,16423,
ROI_00069__20190516T151709_20190516T152114_T18LTM,0,clear,26163,0.6266679443259948,0.9998471123342124,41743,
ROI_00069__20190516T151709_20190516T152114_T18LTM,1,thick_cloud,10940,0.31013513513513513,0.3356489945155393,11840,
ROI_00069__20190516T151709_20190516T152114_T18LTM,2,thin_cloud,13073,0.21419354838709678,0.2285626864529947,13950,
ROI_00069__20190516T151709_20190516T152114_T18LTM,3,cloud_shadow,0,,,0,absent_true_and_predicted_class
ROI_00069__20190913T151709_20190913T152341_T18LTM,0,clear,11431,0.7877886634009797,0.7878575802641938,11432,
ROI_00069__20190913T151709_20190913T152341_T18LTM,1,thick_cloud,38745,0.943640703395197,0.9999741902180926,41058,
ROI_00069__20190913T151709_20190913T152341_T18LTM,2,thin_cloud,0,,,0,absent_true_and_predicted_class
ROI_00069__20190913T151709_20190913T152341_T18LTM,3,cloud_shadow,0,0.0,,112,no_true_class_for_recall
ROI_00069__20200225T151701_20200225T152133_T18LTM,0,clear,46622,0.9678251567841937,0.9897258804856076,47677,
ROI_00069__20200225T151701_20200225T152133_T18LTM,1,thick_cloud,2108,0.6551724137931034,0.7390891840607211,2378,
ROI_00069__20200225T151701_20200225T152133_T18LTM,2,thin_cloud,0,,,0,absent_true_and_predicted_class
ROI_00069__20200225T151701_20200225T152133_T18LTM,3,cloud_shadow,1446,0.3506763787721124,0.4661134163208852,1922,
ROI_00069__20200510T151659_20200510T152614_T18LTM,0,clear,50176,1.0,1.0,50176,
ROI_00069__20200510T151659_20200510T152614_T18LTM,1,thick_cloud,0,,,0,absent_true_and_predicted_class
ROI_00069__20200510T151659_20200510T152614_T18LTM,2,thin_cloud,0,,,0,absent_true_and_predicted_class
ROI_00069__20200510T151659_20200510T152614_T18LTM,3,cloud_shadow,0,,,0,absent_true_and_predicted_class
ROI_00069__20200624T151711_20200624T151850_T18LTM,0,clear,20692,0.7973749678304881,0.8984148463174174,23314,
ROI_00069__20200624T151711_20200624T151850_T18LTM,1,thick_cloud,29484,0.8509523809523809,0.9091371591371591,31500,
ROI_00069__20200624T151711_20200624T151850_T18LTM,2,thin_cloud,0,0.0,,7,no_true_class_for_recall
ROI_00069__20200624T151711_20200624T151850_T18LTM,3,cloud_shadow,0,0.0,,136,no_true_class_for_recall
ROI_00079__20190120T203751_20190120T203749_T08VMM,0,clear,48754,0.45360465592852167,0.4540140296180826,48798,
ROI_00079__20190120T203751_20190120T203749_T08VMM,1,thick_cloud,1422,0.111539091952139,0.9571026722925458,12202,
ROI_00079__20190120T203751_20190120T203749_T08VMM,2,thin_cloud,0,,,0,absent_true_and_predicted_class
ROI_00079__20190120T203751_20190120T203749_T08VMM,3,cloud_shadow,0,0.0,,15856,no_true_class_for_recall
ROI_00079__20190624T202849_20190624T203750_T08VMM,0,clear,2934,0.48729843163242764,0.7518745739604635,4527,
ROI_00079__20190624T202849_20190624T203750_T08VMM,1,thick_cloud,35757,0.8407835258663988,0.9363201610873395,39820,
ROI_00079__20190624T202849_20190624T203750_T08VMM,2,thin_cloud,852,0.0,0.0,852,
ROI_00079__20190624T202849_20190624T203750_T08VMM,3,cloud_shadow,10633,0.5981446515064445,0.685225242170601,12181,
ROI_00079__20190706T201851_20190706T202346_T08VMM,0,clear,33848,0.8222704462227045,0.8955625147719215,36865,
ROI_00079__20190706T201851_20190706T202346_T08VMM,1,thick_cloud,10873,0.6604428670627266,0.7872712222937551,12961,
ROI_00079__20190706T201851_20190706T202346_T08VMM,2,thin_cloud,0,,,0,absent_true_and_predicted_class
ROI_00079__20190706T201851_20190706T202346_T08VMM,3,cloud_shadow,5455,0.5749425598053791,0.7798350137488542,7399,
ROI_00079__20200630T201851_20200630T202618_T08VMM,0,clear,14191,0.7033568406205923,0.8785145514762878,17725,
ROI_00079__20200630T201851_20200630T202618_T08VMM,1,thick_cloud,21464,0.7695297165737615,0.9132966828177413,25474,
ROI_00079__20200630T201851_20200630T202618_T08VMM,2,thin_cloud,1484,0.0,0.0,1484,
ROI_00079__20200630T201851_20200630T202618_T08VMM,3,cloud_shadow,13037,0.6152635181382614,0.6894991178952213,14610,
ROI_00079__20200725T201849_20200725T202524_T08VMM,0,clear,2672,0.408285800060042,0.5089820359281437,3331,
ROI_00079__20200725T201849_20200725T202524_T08VMM,1,thick_cloud,40704,0.8471298158749807,0.9415536556603774,45241,
ROI_00079__20200725T201849_20200725T202524_T08VMM,2,thin_cloud,0,,,0,absent_true_and_predicted_class
ROI_00079__20200725T201849_20200725T202524_T08VMM,3,cloud_shadow,6800,0.3705382436260623,0.4808823529411765,8825,
ROI_00085__20190623T182921_20190623T183717_T11TPJ,0,clear,14618,0.7086797870431297,0.8104391845669722,16717,
ROI_00085__20190623T182921_20190623T183717_T11TPJ,1,thick_cloud,28356,0.8260088807627008,0.8921921286500212,30628,
ROI_00085__20190623T182921_20190623T183717_T11TPJ,2,thin_cloud,0,,,0,absent_true_and_predicted_class
ROI_00085__20190623T182921_20190623T183717_T11TPJ,3,cloud_shadow,7202,0.5453039750584567,0.7771452374340461,10264,
ROI_00085__20190822T182921_20190822T183216_T11TPJ,0,clear,23918,0.8230383303230986,0.8573459319341082,24915,
ROI_00085__20190822T182921_20190822T183216_T11TPJ,1,thick_cloud,16763,0.7981170994869625,0.900196862136849,18907,
ROI_00085__20190822T182921_20190822T183216_T11TPJ,2,thin_cloud,0,,,0,absent_true_and_predicted_class
ROI_00085__20190822T182921_20190822T183216_T11TPJ,3,cloud_shadow,9495,0.7023664308367895,0.9096366508688783,12297,
ROI_00085__20190911T182921_20190911T183249_T11TPJ,0,clear,11785,0.5139169310643208,0.6047518031395842,13868,
ROI_00085__20190911T182921_20190911T183249_T11TPJ,1,thick_cloud,29850,0.7664015904572564,0.8781909547738693,34204,
ROI_00085__20190911T182921_20190911T183249_T11TPJ,2,thin_cloud,0,,,0,absent_true_and_predicted_class
ROI_00085__20190911T182921_20190911T183249_T11TPJ,3,cloud_shadow,8541,0.430222020842773,0.667017913593256,13242,
ROI_00085__20200602T182919_20200602T183556_T11TPJ,0,clear,50176,0.9999800701530612,0.9999800701530612,50176,
ROI_00085__20200602T182919_20200602T183556_T11TPJ,1,thick_cloud,0,0.0,,1,no_true_class_for_recall
ROI_00085__20200602T182919_20200602T183556_T11TPJ,2,thin_cloud,0,,,0,absent_true_and_predicted_class
ROI_00085__20200602T182919_20200602T183556_T11TPJ,3,cloud_shadow,0,,,0,absent_true_and_predicted_class
ROI_00085__20200707T182921_20200707T183250_T11TPJ,0,clear,38260,0.9088144393620967,0.9607161526398327,40445,
ROI_00085__20200707T182921_20200707T183250_T11TPJ,1,thick_cloud,7217,0.7119173474291206,0.8211168075377581,8324,
ROI_00085__20200707T182921_20200707T183250_T11TPJ,2,thin_cloud,0,,,0,absent_true_and_predicted_class
ROI_00085__20200707T182921_20200707T183250_T11TPJ,3,cloud_shadow,4699,0.5757790368271954,0.6920621408810386,5648,
ROI_00106__20190509T152649_20190509T152958_T18LTN,0,clear,50176,0.9229312818877551,0.9229312818877551,50176,
ROI_00106__20190509T152649_20190509T152958_T18LTN,1,thick_cloud,0,,,0,absent_true_and_predicted_class
ROI_00106__20190509T152649_20190509T152958_T18LTN,2,thin_cloud,0,0.0,,3867,no_true_class_for_recall
ROI_00106__20190509T152649_20190509T152958_T18LTN,3,cloud_shadow,0,,,0,absent_true_and_predicted_class
ROI_00106__20191220T152631_20191220T153056_T18LTN,0,clear,14638,0.8281565409910789,0.8688345402377374,15357,
ROI_00106__20191220T152631_20191220T153056_T18LTN,1,thick_cloud,28684,0.8899107476159772,0.9142030400223121,29467,
ROI_00106__20191220T152631_20191220T153056_T18LTN,2,thin_cloud,0,,,0,absent_true_and_predicted_class
ROI_00106__20191220T152631_20191220T153056_T18LTN,3,cloud_shadow,6854,0.5396825396825397,0.8482637875693027,10773,
ROI_00106__20200304T152639_20200304T153356_T18LTN,0,clear,38183,0.8391903968311475,0.9099599298116963,41403,
ROI_00106__20200304T152639_20200304T153356_T18LTN,1,thick_cloud,7874,0.42718446601941745,0.5979171958343916,11021,
ROI_00106__20200304T152639_20200304T153356_T18LTN,2,thin_cloud,0,,,0,absent_true_and_predicted_class
ROI_00106__20200304T152639_20200304T153356_T18LTN,3,cloud_shadow,4119,0.4965565954441109,0.682689973294489,5663,
ROI_00106__20200612T152639_20200612T153318_T18LTN,0,clear,34171,0.8880328141455573,0.9376957068859559,36082,
ROI_00106__20200612T152639_20200612T153318_T18LTN,1,thick_cloud,15973,0.8018907944973032,0.8283979214925187,16501,
ROI_00106__20200612T152639_20200612T153318_T18LTN,2,thin_cloud,0,,,0,absent_true_and_predicted_class
ROI_00106__20200612T152639_20200612T153318_T18LTN,3,cloud_shadow,32,0.0,0.0,2495,
ROI_00106__20200617T152651_20200617T152645_T18LTN,0,clear,10828,0.8338243417418524,0.8364425563354266,10862,
ROI_00106__20200617T152651_20200617T152645_T18LTN,1,thick_cloud,39348,0.9578172242270555,0.998322659347362,41012,
ROI_00106__20200617T152651_20200617T152645_T18LTN,2,thin_cloud,0,,,0,absent_true_and_predicted_class
ROI_00106__20200617T152651_20200617T152645_T18LTN,3,cloud_shadow,0,0.0,,139,no_true_class_for_recall
ROI_00120__20190302T045721_20190302T050545_T45TXE,0,clear,50176,1.0,1.0,50176,
ROI_00120__20190302T045721_20190302T050545_T45TXE,1,thick_cloud,0,,,0,absent_true_and_predicted_class
ROI_00120__20190302T045721_20190302T050545_T45TXE,2,thin_cloud,0,,,0,absent_true_and_predicted_class
ROI_00120__20190302T045721_20190302T050545_T45TXE,3,cloud_shadow,0,,,0,absent_true_and_predicted_class
ROI_00120__20190829T045701_20190829T045729_T45TXE,0,clear,33136,0.8014140411808485,0.9749215354901014,40310,
ROI_00120__20190829T045701_20190829T045729_T45TXE,1,thick_cloud,2975,0.4917383820998279,0.9603361344537815,5810,
ROI_00120__20190829T045701_20190829T045729_T45TXE,2,thin_cloud,9653,0.011565468814539447,0.011602610587382161,9684,
ROI_00120__20190829T045701_20190829T045729_T45TXE,3,cloud_shadow,4412,0.727967207005776,0.8855394378966455,5367,
ROI_00120__20191008T045701_20191008T050028_T45TXE,0,clear,3148,0.1411430375749921,0.141994917407878,3167,
ROI_00120__20191008T045701_20191008T050028_T45TXE,1,thick_cloud,39479,0.8795042406635115,0.9508599508599509,42682,
ROI_00120__20191008T045701_20191008T050028_T45TXE,2,thin_cloud,4167,0.213227869404241,0.3040556755459563,5942,
ROI_00120__20191008T045701_20191008T050028_T45TXE,3,cloud_shadow,3382,0.37855450236966826,0.755765819041987,6752,
ROI_00120__20191020T044819_20191020T044922_T45TXE,0,clear,20213,0.7627330161453865,0.9675951120565972,25642,
ROI_00120__20191020T044819_20191020T044922_T45TXE,1,thick_cloud,2846,0.6724262059035278,0.9845397048489107,4167,
ROI_00120__20191020T044819_20191020T044922_T45TXE,2,thin_cloud,24464,0.7139785802444559,0.73303629823414,25117,
ROI_00120__20191020T044819_20191020T044922_T45TXE,3,cloud_shadow,2653,0.8940959409594096,0.9133056916698078,2710,
ROI_00120__20191219T045209_20191219T045214_T45TXE,0,clear,50176,1.0,1.0,50176,
ROI_00120__20191219T045209_20191219T045214_T45TXE,1,thick_cloud,0,,,0,absent_true_and_predicted_class
ROI_00120__20191219T045209_20191219T045214_T45TXE,2,thin_cloud,0,,,0,absent_true_and_predicted_class
ROI_00120__20191219T045209_20191219T045214_T45TXE,3,cloud_shadow,0,,,0,absent_true_and_predicted_class
ROI_00141__20181226T141039_20181226T142041_T19FDE,0,clear,50176,0.9999800701530612,0.9999800701530612,50176,
ROI_00141__20181226T141039_20181226T142041_T19FDE,1,thick_cloud,0,0.0,,1,no_true_class_for_recall
ROI_00141__20181226T141039_20181226T142041_T19FDE,2,thin_cloud,0,,,0,absent_true_and_predicted_class
ROI_00141__20181226T141039_20181226T142041_T19FDE,3,cloud_shadow,0,,,0,absent_true_and_predicted_class
ROI_00141__20190316T141049_20190316T142437_T19FDE,0,clear,37934,0.8266058499213959,0.9841303316286181,45163,
ROI_00141__20190316T141049_20190316T142437_T19FDE,1,thick_cloud,0,,,0,absent_true_and_predicted_class
ROI_00141__20190316T141049_20190316T142437_T19FDE,2,thin_cloud,10986,0.4016570294295331,0.4236300746404515,11587,
ROI_00141__20190316T141049_20190316T142437_T19FDE,3,cloud_shadow,1256,0.27949326999208235,0.28105095541401276,1263,
ROI_00141__20190420T141051_20190420T142048_T19FDE,0,clear,10532,0.6466205027848864,0.8157045195594379,13286,
ROI_00141__20190420T141051_20190420T142048_T19FDE,1,thick_cloud,31963,0.8013816430659864,0.8746675843944561,34886,
ROI_00141__20190420T141051_20190420T142048_T19FDE,2,thin_cloud,0,,,0,absent_true_and_predicted_class
ROI_00141__20190420T141051_20190420T142048_T19FDE,3,cloud_shadow,7681,0.6480759093305218,0.8002864210389272,9485,
ROI_00141__20191126T141051_20191126T142045_T19FDE,0,clear,3045,0.07572897000209776,0.23711001642036125,9534,
ROI_00141__20191126T141051_20191126T142045_T19FDE,1,thick_cloud,2062,0.20773780187284377,0.4088263821532493,4058,
ROI_00141__20191126T141051_20191126T142045_T19FDE,2,thin_cloud,37552,0.8438622539393649,0.9383787814230933,41758,
ROI_00141__20191126T141051_20191126T142045_T19FDE,3,cloud_shadow,7517,0.09072768391645604,0.09072768391645604,7517,
ROI_00141__20200419T141039_20200419T142040_T19FDE,0,clear,30966,0.7437779810330718,0.9979009235936188,41546,
ROI_00141__20200419T141039_20200419T142040_T19FDE,1,thick_cloud,0,0.0,,1,no_true_class_for_recall
ROI_00141__20200419T141039_20200419T142040_T19FDE,2,thin_cloud,19210,0.44767833981841765,0.4491931285788652,19275,
ROI_00141__20200419T141039_20200419T142040_T19FDE,3,cloud_shadow,0,,,0,absent_true_and_predicted_class
ROI_00153__20190405T141049_20190405T142048_T20JPM,0,clear,29948,0.7958072420364825,0.9760251101909977,36730,
ROI_00153__20190405T141049_20190405T142048_T20JPM,1,thick_cloud,4069,0.7072463768115942,0.8994839026787909,5175,
ROI_00153__20190405T141049_20190405T142048_T20JPM,2,thin_cloud,16159,0.4784796945505033,0.5118509808775296,17286,
ROI_00153__20190405T141049_20190405T142048_T20JPM,3,cloud_shadow,0,,,0,absent_true_and_predicted_class
ROI_00153__20190709T141051_20190709T141051_T20JPM,0,clear,22879,0.5390186225243866,0.7970191004851611,33830,
ROI_00153__20190709T141051_20190709T141051_T20JPM,1,thick_cloud,2187,0.0,0.0,2187,
ROI_00153__20190709T141051_20190709T141051_T20JPM,2,thin_cloud,25110,0.44328605867067405,0.563878932696137,31941,
ROI_00153__20190709T141051_20190709T141051_T20JPM,3,cloud_shadow,0,,,0,absent_true_and_predicted_class
ROI_00153__20191201T141039_20191201T142051_T20JPM,0,clear,43178,0.9307620312125895,0.9903654638936495,45943,
ROI_00153__20191201T141039_20191201T142051_T20JPM,1,thick_cloud,6998,0.5709468572970057,0.6048871106030295,7414,
ROI_00153__20191201T141039_20191201T142051_T20JPM,2,thin_cloud,0,,,0,absent_true_and_predicted_class
ROI_00153__20191201T141039_20191201T142051_T20JPM,3,cloud_shadow,0,,,0,absent_true_and_predicted_class
ROI_00153__20200411T140051_20200411T140833_T20JPM,0,clear,50176,1.0,1.0,50176,
ROI_00153__20200411T140051_20200411T140833_T20JPM,1,thick_cloud,0,,,0,absent_true_and_predicted_class
ROI_00153__20200411T140051_20200411T140833_T20JPM,2,thin_cloud,0,,,0,absent_true_and_predicted_class
ROI_00153__20200411T140051_20200411T140833_T20JPM,3,cloud_shadow,0,,,0,absent_true_and_predicted_class
ROI_00153__20200628T141049_20200628T141048_T20JPM,0,clear,7031,0.33897853047072946,0.3615417437064429,7499,
ROI_00153__20200628T141049_20200628T141048_T20JPM,1,thick_cloud,20930,0.33507496592457975,0.35236502627806976,22010,
ROI_00153__20200628T141049_20200628T141048_T20JPM,2,thin_cloud,22215,0.5262590288924559,0.9445419761422462,39872,
ROI_00153__20200628T141049_20200628T141048_T20JPM,3,cloud_shadow,0,0.0,,71,no_true_class_for_recall
ROI_00154__20190326T141049_20190326T141445_T20HNJ,0,clear,30628,0.7928715934785195,0.870118845500849,33612,
ROI_00154__20190326T141049_20190326T141445_T20HNJ,1,thick_cloud,9749,0.6796454311987408,0.8415222074058878,12071,
ROI_00154__20190326T141049_20190326T141445_T20HNJ,2,thin_cloud,0,,,0,absent_true_and_predicted_class
ROI_00154__20190326T141049_20190326T141445_T20HNJ,3,cloud_shadow,9799,0.6385512279831307,0.7880395958771303,12093,
ROI_00154__20191113T140051_20191113T140054_T20HNJ,0,clear,2221,0.15962606931828205,0.814948221521837,11339,
ROI_00154__20191113T140051_20191113T140054_T20HNJ,1,thick_cloud,20420,0.6517654993015077,0.6625857002938296,20759,
ROI_00154__20191113T140051_20191113T140054_T20HNJ,2,thin_cloud,19795,0.3975696136725477,0.618135892902248,30777,
ROI_00154__20191113T140051_20191113T140054_T20HNJ,3,cloud_shadow,7740,0.26854580397181294,0.27080103359173124,7805,
ROI_00154__20191231T141039_20191231T142033_T20HNJ,0,clear,44261,0.943026680712919,0.9910078850455254,46513,
ROI_00154__20191231T141039_20191231T142033_T20HNJ,1,thick_cloud,3795,0.5650299401197605,0.6216073781291173,4175,
ROI_00154__20191231T141039_20191231T142033_T20HNJ,2,thin_cloud,0,,,0,absent_true_and_predicted_class
ROI_00154__20191231T141039_20191231T142033_T20HNJ,3,cloud_shadow,2120,0.5024006983849847,0.5429245283018868,2291,
ROI_00154__20200120T140639_20200120T141746_T20HNJ,0,clear,17308,0.3498642653777395,0.6105847007164317,30206,
ROI_00154__20200120T140639_20200120T141746_T20HNJ,1,thick_cloud,8127,0.48276797829036633,0.6566998892580288,11055,
ROI_00154__20200120T140639_20200120T141746_T20HNJ,2,thin_cloud,14612,0.5202315265606405,0.658157678620312,18486,
ROI_00154__20200120T140639_20200120T141746_T20HNJ,3,cloud_shadow,10129,0.18904217579818683,0.2367459768980156,12685,
ROI_00154__20200201T135641_20200201T140849_T20HNJ,0,clear,50176,0.9993622448979592,0.9993622448979592,50176,
ROI_00154__20200201T135641_20200201T140849_T20HNJ,1,thick_cloud,0,,,0,absent_true_and_predicted_class
ROI_00154__20200201T135641_20200201T140849_T20HNJ,2,thin_cloud,0,,,0,absent_true_and_predicted_class
ROI_00154__20200201T135641_20200201T140849_T20HNJ,3,cloud_shadow,0,0.0,,32,no_true_class_for_recall
ROI_00159__20190718T143751_20190718T144610_T19HBV,0,clear,35484,0.7474429233875441,0.9493856385976778,45071,
ROI_00159__20190718T143751_20190718T144610_T19HBV,1,thick_cloud,10504,0.3225187912256481,0.4003236862147753,13038,
ROI_00159__20190718T143751_20190718T144610_T19HBV,2,thin_cloud,0,,,0,absent_true_and_predicted_class
ROI_00159__20190718T143751_20190718T144610_T19HBV,3,cloud_shadow,4188,0.0142224294707391,0.014565425023877745,4289,
ROI_00159__20191016T143731_20191016T144649_T18HYE,0,clear,4988,0.3342887853815837,0.3740978348035285,5582,
ROI_00159__20191016T143731_20191016T144649_T18HYE,1,thick_cloud,41540,0.8847695390781564,0.9565479056331248,44910,
ROI_00159__20191016T143731_20191016T144649_T18HYE,2,thin_cloud,0,,,0,absent_true_and_predicted_class
ROI_00159__20191016T143731_20191016T144649_T18HYE,3,cloud_shadow,3648,0.4224939717533586,0.6724232456140351,5806,
ROI_00159__20200129T143659_20200129T144449_T18HYE,0,clear,50176,1.0,1.0,50176,
ROI_00159__20200129T143659_20200129T144449_T18HYE,1,thick_cloud,0,,,0,absent_true_and_predicted_class
ROI_00159__20200129T143659_20200129T144449_T18HYE,2,thin_cloud,0,,,0,absent_true_and_predicted_class
ROI_00159__20200129T143659_20200129T144449_T18HYE,3,cloud_shadow,0,,,0,absent_true_and_predicted_class
ROI_00159__20200403T143721_20200403T144642_T19HBV,0,clear,31003,0.407605715575912,0.407605715575912,31003,
ROI_00159__20200403T143721_20200403T144642_T19HBV,1,thick_cloud,0,0.0,,49,no_true_class_for_recall
ROI_00159__20200403T143721_20200403T144642_T19HBV,2,thin_cloud,19173,0.5114163777007202,1.0,37490,
ROI_00159__20200403T143721_20200403T144642_T19HBV,3,cloud_shadow,0,,,0,absent_true_and_predicted_class
ROI_00159__20200607T143729_20200607T144648_T19HBV,0,clear,8048,0.2755182584853143,0.8240556660039762,24071,
ROI_00159__20200607T143729_20200607T144648_T19HBV,1,thick_cloud,29290,0.5532054486378405,0.6045407989074769,32008,
ROI_00159__20200607T143729_20200607T144648_T19HBV,2,thin_cloud,0,,,0,absent_true_and_predicted_class
ROI_00159__20200607T143729_20200607T144648_T19HBV,3,cloud_shadow,12838,0.28374549201442556,0.3431998753699953,15528,
ROI_00165__20190224T145721_20190224T150622_T19LBD,0,clear,20912,0.8495903406640793,0.9421384850803366,23190,
ROI_00165__20190224T145721_20190224T150622_T19LBD,1,thick_cloud,16659,0.7978687223670785,0.8449486763911399,17642,
ROI_00165__20190224T145721_20190224T150622_T19LBD,2,thin_cloud,0,,,0,absent_true_and_predicted_class
ROI_00165__20190224T145721_20190224T150622_T19LBD,3,cloud_shadow,12605,0.7200320726981158,0.8548988496628322,14966,
ROI_00165__20190331T145729_20190331T150118_T19LBD,0,clear,12524,0.611457424261314,0.7832162248482912,16042,
ROI_00165__20190331T145729_20190331T150118_T19LBD,1,thick_cloud,27859,0.7642451084082496,0.8300010768512869,30256,
ROI_00165__20190331T145729_20190331T150118_T19LBD,2,thin_cloud,0,,,0,absent_true_and_predicted_class
ROI_00165__20190331T145729_20190331T150118_T19LBD,3,cloud_shadow,9793,0.554459817486017,0.7693250280812826,13588,
ROI_00165__20190917T145729_20190917T150535_T19LBD,0,clear,50176,0.9999800701530612,0.9999800701530612,50176,
ROI_00165__20190917T145729_20190917T150535_T19LBD,1,thick_cloud,0,0.0,,1,no_true_class_for_recall
ROI_00165__20190917T145729_20190917T150535_T19LBD,2,thin_cloud,0,,,0,absent_true_and_predicted_class
ROI_00165__20190917T145729_20190917T150535_T19LBD,3,cloud_shadow,0,,,0,absent_true_and_predicted_class
ROI_00165__20191022T145731_20191022T150543_T19LBD,0,clear,35278,0.9096970025475636,0.9514711718351381,36898,
ROI_00165__20191022T145731_20191022T150543_T19LBD,1,thick_cloud,9071,0.749240865902635,0.843236688347481,10209,
ROI_00165__20191022T145731_20191022T150543_T19LBD,2,thin_cloud,0,,,0,absent_true_and_predicted_class
ROI_00165__20191022T145731_20191022T150543_T19LBD,3,cloud_shadow,5827,0.627214933044772,0.7957782735541445,7393,
ROI_00165__20191221T145721_20191221T145719_T19LBD,0,clear,11203,0.5756026918817616,0.603142015531554,11739,
ROI_00165__20191221T145721_20191221T145719_T19LBD,1,thick_cloud,18256,0.6261725682413589,0.8117331288343558,23666,
ROI_00165__20191221T145721_20191221T145719_T19LBD,2,thin_cloud,14488,0.4990886572884049,0.7370927664273882,21397,
ROI_00165__20191221T145721_20191221T145719_T19LBD,3,cloud_shadow,6229,0.49503639973527463,0.6004174024723069,7555,
ROI_00197__20190609T175919_20190609T180009_T14VPM,0,clear,1661,0.497709049255441,0.5231788079470199,1746,
ROI_00197__20190609T175919_20190609T180009_T14VPM,1,thick_cloud,44467,0.9419505649106099,0.9787033080711539,46202,
ROI_00197__20190609T175919_20190609T180009_T14VPM,2,thin_cloud,0,,,0,absent_true_and_predicted_class
ROI_00197__20190609T175919_20190609T180009_T14VPM,3,cloud_shadow,4048,0.49199553239017124,0.6529150197628458,5372,
ROI_00197__20190621T174911_20190621T175233_T14VPM,0,clear,24043,0.6670321945733164,0.9866905128311775,35565,
ROI_00197__20190621T174911_20190621T175233_T14VPM,1,thick_cloud,14844,0.8318153067678684,0.8859471840474266,15810,
ROI_00197__20190621T174911_20190621T175233_T14VPM,2,thin_cloud,2199,0.0,0.0,2199,
ROI_00197__20190621T174911_20190621T175233_T14VPM,3,cloud_shadow,9090,0.0702398962610763,0.07150715071507151,9254,
ROI_00197__20190714T175921_20190714T180011_T14VPM,0,clear,19621,0.5767810501666216,0.6527699913358137,22206,
ROI_00197__20190714T175921_20190714T180011_T14VPM,1,thick_cloud,24461,0.7962502823582561,0.8646416745022689,26562,
ROI_00197__20190714T175921_20190714T180011_T14VPM,2,thin_cloud,0,,,0,absent_true_and_predicted_class
ROI_00197__20190714T175921_20190714T180011_T14VPM,3,cloud_shadow,6094,0.3307663269158173,0.718903839842468,13245,
ROI_00197__20200712T173911_20200712T174044_T14VPM,0,clear,50176,0.9900350765306123,0.9900350765306123,50176,
ROI_00197__20200712T173911_20200712T174044_T14VPM,1,thick_cloud,0,0.0,,465,no_true_class_for_recall
ROI_00197__20200712T173911_20200712T174044_T14VPM,2,thin_cloud,0,0.0,,1,no_true_class_for_recall
ROI_00197__20200712T173911_20200712T174044_T14VPM,3,cloud_shadow,0,0.0,,34,no_true_class_for_recall
ROI_00197__20200720T174909_20200720T174909_T14VPM,0,clear,42938,0.8660751179835149,0.9274535376589501,45981,
ROI_00197__20200720T174909_20200720T174909_T14VPM,1,thick_cloud,5021,0.6595783023968282,0.7289384584744075,5549,
ROI_00197__20200720T174909_20200720T174909_T14VPM,2,thin_cloud,0,,,0,absent_true_and_predicted_class
ROI_00197__20200720T174909_20200720T174909_T14VPM,3,cloud_shadow,2217,0.035693501454898156,0.08299503834009923,5155,
ROI_00201__20190902T161901_20190902T162451_T16TGL,0,clear,16966,0.7001130049910538,0.8763998585406106,21238,
ROI_00201__20190902T161901_20190902T162451_T16TGL,1,thick_cloud,25161,0.7773926654740608,0.8290211040896626,26832,
ROI_00201__20190902T161901_20190902T162451_T16TGL,2,thin_cloud,0,,,0,absent_true_and_predicted_class
ROI_00201__20190902T161901_20190902T162451_T16TGL,3,cloud_shadow,8049,0.5533452191048137,0.7326375947322649,10657,
ROI_00201__20190922T162001_20190922T162717_T16TGL,0,clear,50176,0.9999800701530612,0.9999800701530612,50176,
ROI_00201__20190922T162001_20190922T162717_T16TGL,1,thick_cloud,0,,,0,absent_true_and_predicted_class
ROI_00201__20190922T162001_20190922T162717_T16TGL,2,thin_cloud,0,,,0,absent_true_and_predicted_class
ROI_00201__20190922T162001_20190922T162717_T16TGL,3,cloud_shadow,0,0.0,,1,no_true_class_for_recall
ROI_00201__20191101T162431_20191101T162426_T17TKF,0,clear,39998,0.8731706176649366,0.9337716885844293,42774,
ROI_00201__20191101T162431_20191101T162426_T17TKF,1,thick_cloud,4662,0.5515927977839336,0.6833976833976834,5776,
ROI_00201__20191101T162431_20191101T162426_T17TKF,2,thin_cloud,0,,,0,absent_true_and_predicted_class
ROI_00201__20191101T162431_20191101T162426_T17TKF,3,cloud_shadow,5516,0.571189513317529,0.7425670775924583,7171,
ROI_00201__20200320T161951_20200320T162706_T16TGL,0,clear,447,0.5775193798449613,1.0,774,
ROI_00201__20200320T161951_20200320T162706_T16TGL,1,thick_cloud,19580,0.5093941313067342,0.6161899897854954,23685,
ROI_00201__20200320T161951_20200320T162706_T16TGL,2,thin_cloud,24748,0.6180169362992922,0.7903264910295782,31648,
ROI_00201__20200320T161951_20200320T162706_T16TGL,3,cloud_shadow,5401,0.4070735090152566,0.652101462692094,8652,
ROI_00201__20200402T162851_20200402T164102_T17TKF,0,clear,23952,0.7724700968293146,0.8493236472945892,26335,
ROI_00201__20200402T162851_20200402T164102_T17TKF,1,thick_cloud,15176,0.7268257249818405,0.8571428571428571,17897,
ROI_00201__20200402T162851_20200402T164102_T17TKF,2,thin_cloud,0,,,0,absent_true_and_predicted_class
ROI_00201__20200402T162851_20200402T164102_T17TKF,3,cloud_shadow,11048,0.6853441894892672,0.8380702389572773,13510,
ROI_00212__20190523T053651_20190523T053645_T48XVG,0,clear,18663,0.39287217918491074,1.0,47504,
ROI_00212__20190523T053651_20190523T053645_T48XVG,1,thick_cloud,10166,0.1468154704637291,0.15010820381664372,10394,
ROI_00212__20190523T053651_20190523T053645_T48XVG,2,thin_cloud,16805,0.0,0.0,16805,
ROI_00212__20190523T053651_20190523T053645_T48XVG,3,cloud_shadow,4542,0.05060611891475852,0.05790400704535447,5197,
ROI_00212__20190812T055639_20190812T055642_T48XVG,0,clear,50176,1.0,1.0,50176,
ROI_00212__20190812T055639_20190812T055642_T48XVG,1,thick_cloud,0,,,0,absent_true_and_predicted_class
ROI_00212__20190812T055639_20190812T055642_T48XVG,2,thin_cloud,0,,,0,absent_true_and_predicted_class
ROI_00212__20190812T055639_20190812T055642_T48XVG,3,cloud_shadow,0,,,0,absent_true_and_predicted_class
ROI_00212__20190824T054641_20190824T054640_T48XVG,0,clear,36930,0.8334138564112474,0.934199837530463,41396,
ROI_00212__20190824T054641_20190824T054640_T48XVG,1,thick_cloud,7171,0.5167364016736402,0.585552921489332,8126,
ROI_00212__20190824T054641_20190824T054640_T48XVG,2,thin_cloud,0,,,0,absent_true_and_predicted_class
ROI_00212__20190824T054641_20190824T054640_T48XVG,3,cloud_shadow,6075,0.538881136623113,0.6992592592592592,7883,
ROI_00212__20190917T052651_20190917T052645_T48XVG,0,clear,1085,0.4119815668202765,0.4119815668202765,1085,
ROI_00212__20190917T052651_20190917T052645_T48XVG,1,thick_cloud,42645,0.9358675631893127,0.9889318794700434,45063,
ROI_00212__20190917T052651_20190917T052645_T48XVG,2,thin_cloud,0,,,0,absent_true_and_predicted_class
ROI_00212__20190917T052651_20190917T052645_T48XVG,3,cloud_shadow,6446,0.6610266704903929,0.7151721998138381,6974,
ROI_00212__20190920T053641_20190920T053750_T48XVG,0,clear,8142,0.44407868325973504,0.6793171211004667,12455,
ROI_00212__20190920T053641_20190920T053750_T48XVG,1,thick_cloud,21087,0.6763103269330566,0.7416417698107839,23124,
ROI_00212__20190920T053641_20190920T053750_T48XVG,2,thin_cloud,0,,,0,absent_true_and_predicted_class
ROI_00212__20190920T053641_20190920T053750_T48XVG,3,cloud_shadow,20947,0.6661444401987008,0.8322432806607152,26170,
ROI_00235__20190607T053649_20190607T053649_T44UNV,0,clear,10904,0.6999196082730396,0.8783015407190022,13683,
ROI_00235__20190607T053649_20190607T053649_T44UNV,1,thick_cloud,29858,0.8274185237665851,0.8605063969455422,31052,
ROI_00235__20190607T053649_20190607T053649_T44UNV,2,thin_cloud,0,,,0,absent_true_and_predicted_class
ROI_00235__20190607T053649_20190607T053649_T44UNV,3,cloud_shadow,9414,0.7352038205696743,0.9157637561079244,11726,
ROI_00235__20200402T053639_20200402T053638_T44UNV,0,clear,8792,0.06842164983547033,0.06858507734303913,8813,
ROI_00235__20200402T053639_20200402T053638_T44UNV,1,thick_cloud,189,0.0,0.0,537,
ROI_00235__20200402T053639_20200402T053638_T44UNV,2,thin_cloud,40356,0.8200442967884828,0.9908563782337199,48762,
ROI_00235__20200402T053639_20200402T053638_T44UNV,3,cloud_shadow,839,0.0,0.0,1650,
ROI_00235__20200512T053639_20200512T054139_T44UNV,0,clear,50176,0.9999800701530612,0.9999800701530612,50176,
ROI_00235__20200512T053639_20200512T054139_T44UNV,1,thick_cloud,0,0.0,,1,no_true_class_for_recall
ROI_00235__20200512T053639_20200512T054139_T44UNV,2,thin_cloud,0,,,0,absent_true_and_predicted_class
ROI_00235__20200512T053639_20200512T054139_T44UNV,3,cloud_shadow,0,,,0,absent_true_and_predicted_class
ROI_00235__20200601T053649_20200601T053643_T44UNV,0,clear,939,0.23374934997399896,0.9574014909478168,3846,
ROI_00235__20200601T053649_20200601T053643_T44UNV,1,thick_cloud,40378,0.9248192657966389,0.9758036554559414,42604,
ROI_00235__20200601T053649_20200601T053643_T44UNV,2,thin_cloud,4499,0.0,0.0,4499,
ROI_00235__20200601T053649_20200601T053643_T44UNV,3,cloud_shadow,4360,0.7901671583087513,0.921559633027523,5085,
ROI_00235__20200711T053649_20200711T053643_T44UNV,0,clear,39306,0.8588904630191819,0.9717091538187554,44469,
ROI_00235__20200711T053649_20200711T053643_T44UNV,1,thick_cloud,7254,0.5905234303615716,0.6236559139784946,7661,
ROI_00235__20200711T053649_20200711T053643_T44UNV,2,thin_cloud,2343,0.0,0.0,2343,
ROI_00235__20200711T053649_20200711T053643_T44UNV,3,cloud_shadow,1273,0.49526963103122046,0.8224666142969363,2114,
ROI_00243__20180516T090549_20180516T091106_T35TLJ,0,clear,43083,0.9309250402239316,0.9803634844370169,45371,
ROI_00243__20180516T090549_20180516T091106_T35TLJ,1,thick_cloud,4345,0.5749791144527987,0.6336018411967779,4788,
ROI_00243__20180516T090549_20180516T091106_T35TLJ,2,thin_cloud,0,,,0,absent_true_and_predicted_class
ROI_00243__20180516T090549_20180516T091106_T35TLJ,3,cloud_shadow,2748,0.556852184320766,0.6772197962154294,3342,
ROI_00243__20180802T092031_20180802T092224_T35TLJ,0,clear,10646,0.4146965634901292,0.9589517189554763,24618,
ROI_00243__20180802T092031_20180802T092224_T35TLJ,1,thick_cloud,24094,0.595233174898395,0.7172740101270025,29034,
ROI_00243__20180802T092031_20180802T092224_T35TLJ,2,thin_cloud,7518,0.11410622501427756,0.13288108539505186,8755,
ROI_00243__20180802T092031_20180802T092224_T35TLJ,3,cloud_shadow,7918,0.1317931529806081,0.1390502652184895,8354,
ROI_00243__20190524T092039_20190524T092605_T35TLJ,0,clear,15262,0.6448077193311162,0.9019787708033024,21349,
ROI_00243__20190524T092039_20190524T092605_T35TLJ,1,thick_cloud,24973,0.7321875583784794,0.7847275057061627,26765,
ROI_00243__20190524T092039_20190524T092605_T35TLJ,2,thin_cloud,718,0.0,0.0,718,
ROI_00243__20190524T092039_20190524T092605_T35TLJ,3,cloud_shadow,9223,0.5404258929328921,0.6906646427409736,11787,
ROI_00243__20190728T092031_20190728T092427_T35TLJ,0,clear,50176,1.0,1.0,50176,
ROI_00243__20190728T092031_20190728T092427_T35TLJ,1,thick_cloud,0,,,0,absent_true_and_predicted_class
ROI_00243__20190728T092031_20190728T092427_T35TLJ,2,thin_cloud,0,,,0,absent_true_and_predicted_class
ROI_00243__20190728T092031_20190728T092427_T35TLJ,3,cloud_shadow,0,,,0,absent_true_and_predicted_class
ROI_00243__20191001T092029_20191001T092623_T35TLJ,0,clear,33418,0.7362510664791201,0.9554431743371835,43367,
ROI_00243__20191001T092029_20191001T092623_T35TLJ,1,thick_cloud,2908,0.24678362573099416,0.43535075653370015,5130,
ROI_00243__20191001T092029_20191001T092623_T35TLJ,2,thin_cloud,13644,0.13598030163127117,0.1619026678393433,16245,
ROI_00243__20191001T092029_20191001T092623_T35TLJ,3,cloud_shadow,206,0.0,0.0,206,
ROI_00245__20180213T110141_20180213T110143_T31UDR,0,clear,8260,0.19588221762134805,0.20617433414043584,8694,
ROI_00245__20180213T110141_20180213T110143_T31UDR,1,thick_cloud,3887,0.2517435168257837,0.9565217391304348,14769,
ROI_00245__20180213T110141_20180213T110143_T31UDR,2,thin_cloud,38029,0.5918536787868428,0.6373294065055616,40951,
ROI_00245__20180213T110141_20180213T110143_T31UDR,3,cloud_shadow,0,0.0,,6280,no_true_class_for_recall
ROI_00245__20180526T105029_20180526T105635_T31UDR,0,clear,50176,1.0,1.0,50176,
ROI_00245__20180526T105029_20180526T105635_T31UDR,1,thick_cloud,0,,,0,absent_true_and_predicted_class
ROI_00245__20180526T105029_20180526T105635_T31UDR,2,thin_cloud,0,,,0,absent_true_and_predicted_class
ROI_00245__20180526T105029_20180526T105635_T31UDR,3,cloud_shadow,0,,,0,absent_true_and_predicted_class
ROI_00245__20180625T105029_20180625T105253_T31UDR,0,clear,40914,0.8971326819468541,0.9605025174756807,43804,
ROI_00245__20180625T105029_20180625T105253_T31UDR,1,thick_cloud,5517,0.5436526663520529,0.6264274061990212,6357,
ROI_00245__20180625T105029_20180625T105253_T31UDR,2,thin_cloud,0,,,0,absent_true_and_predicted_class
ROI_00245__20180625T105029_20180625T105253_T31UDR,3,cloud_shadow,3745,0.44016266460108444,0.6069425901201602,5164,
ROI_00245__20190708T105621_20190708T110438_T31UDR,0,clear,31195,0.8634155228956638,0.9114922263183203,32932,
ROI_00245__20190708T105621_20190708T110438_T31UDR,1,thick_cloud,12932,0.790135071567771,0.9092174450974327,14881,
ROI_00245__20190708T105621_20190708T110438_T31UDR,2,thin_cloud,0,,,0,absent_true_and_predicted_class
ROI_00245__20190708T105621_20190708T110438_T31UDR,3,cloud_shadow,6049,0.6753052917232022,0.8227806248966771,7370,
ROI_00245__20200614T104629_20200614T104648_T31UDR,0,clear,14535,0.7245959152988347,0.795734434124527,15962,
ROI_00245__20200614T104629_20200614T104648_T31UDR,1,thick_cloud,26386,0.8144985877998896,0.9508451451527326,30803,
ROI_00245__20200614T104629_20200614T104648_T31UDR,2,thin_cloud,0,,,0,absent_true_and_predicted_class
ROI_00245__20200614T104629_20200614T104648_T31UDR,3,cloud_shadow,9255,0.5686492495831017,0.6632090761750405,10794,
ROI_00264__20190120T080239_20190120T082812_T35HLD,0,clear,50176,1.0,1.0,50176,
ROI_00264__20190120T080239_20190120T082812_T35HLD,1,thick_cloud,0,,,0,absent_true_and_predicted_class
ROI_00264__20190120T080239_20190120T082812_T35HLD,2,thin_cloud,0,,,0,absent_true_and_predicted_class
ROI_00264__20190120T080239_20190120T082812_T35HLD,3,cloud_shadow,0,,,0,absent_true_and_predicted_class
ROI_00264__20190321T075619_20190321T081839_T35HKD,0,clear,5678,0.46357096141268805,0.6241634378302219,7645,
ROI_00264__20190321T075619_20190321T081839_T35HKD,1,thick_cloud,32286,0.7836098398169337,0.8485101901753082,34960,
ROI_00264__20190321T075619_20190321T081839_T35HKD,2,thin_cloud,0,,,0,absent_true_and_predicted_class
ROI_00264__20190321T075619_20190321T081839_T35HKD,3,cloud_shadow,12212,0.6072906049523352,0.8294300687848019,16679,
ROI_00264__20190410T075619_20190410T082613_T35HKD,0,clear,11189,0.23128213703440492,0.9889176870140316,47842,
ROI_00264__20190410T075619_20190410T082613_T35HKD,1,thick_cloud,4753,0.286839378238342,0.29118451504313064,4825,
ROI_00264__20190410T075619_20190410T082613_T35HKD,2,thin_cloud,31915,0.0009036238432056834,0.000908663637787874,32093,
ROI_00264__20190410T075619_20190410T082613_T35HKD,3,cloud_shadow,2319,0.21403508771929824,0.23673997412677877,2565,
ROI_00264__20190719T075619_20190719T082310_T35HKD,0,clear,4079,0.46285829632620107,0.5621475851924491,4954,
ROI_00264__20190719T075619_20190719T082310_T35HKD,1,thick_cloud,39689,0.9022029528943051,0.9699664894555167,42670,
ROI_00264__20190719T075619_20190719T082310_T35HKD,2,thin_cloud,0,,,0,absent_true_and_predicted_class
ROI_00264__20190719T075619_20190719T082310_T35HKD,3,cloud_shadow,6408,0.5291405149225055,0.6446629213483146,7807,
ROI_00264__20200628T075611_20200628T082104_T35HKD,0,clear,24155,0.8269174792606607,0.9408818050093148,27484,
ROI_00264__20200628T075611_20200628T082104_T35HKD,1,thick_cloud,8076,0.7205710024501971,0.8375433382862804,9387,
ROI_00264__20200628T075611_20200628T082104_T35HKD,2,thin_cloud,0,,,0,absent_true_and_predicted_class
ROI_00264__20200628T075611_20200628T082104_T35HKD,3,cloud_shadow,17945,0.8491921005385996,0.8698244636388966,18381,
ROI_00268__20190129T071209_20190129T071208_T38KNV,0,clear,44569,0.9051562372521824,0.9957145100854854,49028,
ROI_00268__20190129T071209_20190129T071208_T38KNV,1,thick_cloud,7,0.0,0.0,113,
ROI_00268__20190129T071209_20190129T071208_T38KNV,2,thin_cloud,5600,0.19857142857142857,0.19857142857142857,5600,
ROI_00268__20190129T071209_20190129T071208_T38KNV,3,cloud_shadow,0,0.0,,121,no_true_class_for_recall
ROI_00268__20190213T071201_20190213T071519_T38KNV,0,clear,12022,0.4877008855362414,0.7421394110796873,18294,
ROI_00268__20190213T071201_20190213T071519_T38KNV,1,thick_cloud,23068,0.6948325571080062,0.8148950927692041,27054,
ROI_00268__20190213T071201_20190213T071519_T38KNV,2,thin_cloud,0,,,0,absent_true_and_predicted_class
ROI_00268__20190213T071201_20190213T071519_T38KNV,3,cloud_shadow,15086,0.4914994806756683,0.59598303062442,18293,
ROI_00268__20190218T071209_20190218T071207_T38KNV,0,clear,447,0.9254658385093167,1.0,483,
ROI_00268__20190218T071209_20190218T071207_T38KNV,1,thick_cloud,21646,0.6885192551075755,0.8796544396193292,27655,
ROI_00268__20190218T071209_20190218T071207_T38KNV,2,thin_cloud,26483,0.6225456064614956,0.6752256164331836,28724,
ROI_00268__20190218T071209_20190218T071207_T38KNV,3,cloud_shadow,1600,0.10290142367994233,0.356875,5549,
ROI_00268__20190603T071211_20190603T071210_T38KNV,0,clear,28415,0.6760136597566254,0.9892662326236142,41582,
ROI_00268__20190603T071211_20190603T071210_T38KNV,1,thick_cloud,5823,0.4171270718232044,0.4667697063369397,6516,
ROI_00268__20190603T071211_20190603T071210_T38KNV,2,thin_cloud,12267,0.11363142256685267,0.12782261351593707,13799,
ROI_00268__20190603T071211_20190603T071210_T38KNV,3,cloud_shadow,3671,0.5343124841732084,0.5747752655952056,3949,
ROI_00268__20190613T071211_20190613T071210_T38KNV,0,clear,50176,0.9999800701530612,0.9999800701530612,50176,
ROI_00268__20190613T071211_20190613T071210_T38KNV,1,thick_cloud,0,0.0,,1,no_true_class_for_recall
ROI_00268__20190613T071211_20190613T071210_T38KNV,2,thin_cloud,0,,,0,absent_true_and_predicted_class
ROI_00268__20190613T071211_20190613T071210_T38KNV,3,cloud_shadow,0,,,0,absent_true_and_predicted_class
ROI_00271__20181226T053229_20181226T053653_T43QFG,0,clear,50176,1.0,1.0,50176,
ROI_00271__20181226T053229_20181226T053653_T43QFG,1,thick_cloud,0,,,0,absent_true_and_predicted_class
ROI_00271__20181226T053229_20181226T053653_T43QFG,2,thin_cloud,0,,,0,absent_true_and_predicted_class
ROI_00271__20181226T053229_20181226T053653_T43QFG,3,cloud_shadow,0,,,0,absent_true_and_predicted_class
ROI_00271__20190214T052929_20190214T054115_T43QFG,0,clear,447,0.4438927507447865,1.0,1007,
ROI_00271__20190214T052929_20190214T054115_T43QFG,1,thick_cloud,21485,0.5710962284102926,0.7541075168722364,28370,
ROI_00271__20190214T052929_20190214T054115_T43QFG,2,thin_cloud,24122,0.5397651113806089,0.7011441837326922,31334,
ROI_00271__20190214T052929_20190214T054115_T43QFG,3,cloud_shadow,4122,0.3831626848691695,0.40853954391072295,4395,
ROI_00271__20190724T052659_20190724T053718_T43QFG,0,clear,5752,0.4138048282896974,0.42315716272600834,5882,
ROI_00271__20190724T052659_20190724T053718_T43QFG,1,thick_cloud,19073,0.7002836432398362,0.9319981125150737,25384,
ROI_00271__20190724T052659_20190724T053718_T43QFG,2,thin_cloud,18217,0.5747116392869626,0.722072789152989,22888,
ROI_00271__20190724T052659_20190724T053718_T43QFG,3,cloud_shadow,7134,0.5701003180817226,0.6532099803756658,8174,
ROI_00271__20190922T052649_20190922T054154_T43QFG,0,clear,30774,0.7985027170771187,0.8976733606291025,34596,
ROI_00271__20190922T052649_20190922T054154_T43QFG,1,thick_cloud,13177,0.6475113122171946,0.760188206723837,15470,
ROI_00271__20190922T052649_20190922T054154_T43QFG,2,thin_cloud,0,0.0,,182,no_true_class_for_recall
ROI_00271__20190922T052649_20190922T054154_T43QFG,3,cloud_shadow,6225,0.4803991446899501,0.6496385542168674,8418,
ROI_00271__20200224T052811_20200224T053954_T43QFG,0,clear,45128,0.927056792099223,0.9755584116291438,47489,
ROI_00271__20200224T052811_20200224T053954_T43QFG,1,thick_cloud,3323,0.4337084820203129,0.47547396930484503,3643,
ROI_00271__20200224T052811_20200224T053954_T43QFG,2,thin_cloud,0,,,0,absent_true_and_predicted_class
ROI_00271__20200224T052811_20200224T053954_T43QFG,3,cloud_shadow,1725,0.40388349514563104,0.6028985507246377,2575,
ROI_00285__20190220T001631_20190220T001625_T55HBB,0,clear,50176,0.998405612244898,0.998405612244898,50176,
ROI_00285__20190220T001631_20190220T001625_T55HBB,1,thick_cloud,0,,,0,absent_true_and_predicted_class
ROI_00285__20190220T001631_20190220T001625_T55HBB,2,thin_cloud,0,0.0,,80,no_true_class_for_recall
ROI_00285__20190220T001631_20190220T001625_T55HBB,3,cloud_shadow,0,,,0,absent_true_and_predicted_class
ROI_00285__20190312T002051_20190312T002050_T55HBB,0,clear,47159,0.8138681717395686,0.8561674335757755,49610,
ROI_00285__20190312T002051_20190312T002050_T55HBB,1,thick_cloud,2067,0.01644895984518626,0.01644895984518626,2067,
ROI_00285__20190312T002051_20190312T002050_T55HBB,2,thin_cloud,0,0.0,,7315,no_true_class_for_recall
ROI_00285__20190312T002051_20190312T002050_T55HBB,3,cloud_shadow,950,0.0,0.0,950,
ROI_00285__20190715T002109_20190715T002258_T55HBB,0,clear,38600,0.7872517113679721,0.9087046632124353,44555,
ROI_00285__20190715T002109_20190715T002258_T55HBB,1,thick_cloud,6565,0.2816938802601885,0.32322924600152325,7533,
ROI_00285__20190715T002109_20190715T002258_T55HBB,2,thin_cloud,0,0.0,,2395,no_true_class_for_recall
ROI_00285__20190715T002109_20190715T002258_T55HBB,3,cloud_shadow,5011,0.3851437699680511,0.48114148872480544,6260,
ROI_00285__20200210T002049_20200210T002418_T55HBB,0,clear,6728,0.5069284064665127,0.7829964328180737,10392,
ROI_00285__20200210T002049_20200210T002418_T55HBB,1,thick_cloud,32693,0.798171805551673,0.8733673875141468,35773,
ROI_00285__20200210T002049_20200210T002418_T55HBB,2,thin_cloud,22,0.0,0.0,22,
ROI_00285__20200210T002049_20200210T002418_T55HBB,3,cloud_shadow,10733,0.4727088460981613,0.6084039877014814,13814,
ROI_00285__20200410T002049_20200410T002250_T55HBB,0,clear,447,1.0,1.0,447,
ROI_00285__20200410T002049_20200410T002250_T55HBB,1,thick_cloud,46293,0.945016611295681,0.9831291987989544,48160,
ROI_00285__20200410T002049_20200410T002250_T55HBB,2,thin_cloud,0,,,0,absent_true_and_predicted_class
ROI_00285__20200410T002049_20200410T002250_T55HBB,3,cloud_shadow,3436,0.3720654493715912,0.45663562281722936,4217,
ROI_00309__20181220T130241_20181220T130239_T24LTJ,0,clear,34950,0.8101301860910526,0.8955937052932761,38637,
ROI_00309__20181220T130241_20181220T130239_T24LTJ,1,thick_cloud,9499,0.5427653820148749,0.6760711653858301,11832,
ROI_00309__20181220T130241_20181220T130239_T24LTJ,2,thin_cloud,40,0.0,0.0,40,
ROI_00309__20181220T130241_20181220T130239_T24LTJ,3,cloud_shadow,5687,0.48949244193191593,0.7003692632319325,8137,
ROI_00309__20190109T130241_20190109T130243_T24LTJ,0,clear,11840,0.5229390939960985,0.6113175675675676,13841,
ROI_00309__20190109T130241_20190109T130243_T24LTJ,1,thick_cloud,32641,0.8042873635600336,0.9390950032168132,38112,
ROI_00309__20190109T130241_20190109T130243_T24LTJ,2,thin_cloud,0,,,0,absent_true_and_predicted_class
ROI_00309__20190109T130241_20190109T130243_T24LTJ,3,cloud_shadow,5695,0.5396336996336997,0.6467076382791923,6825,
ROI_00309__20190218T130241_20190218T130244_T24LTJ,0,clear,12149,0.10619325551232166,0.10782780475759322,12336,
ROI_00309__20190218T130241_20190218T130244_T24LTJ,1,thick_cloud,14901,0.5969817390481598,0.846855915710355,21138,
ROI_00309__20190218T130241_20190218T130244_T24LTJ,2,thin_cloud,17312,0.4948992112182296,0.8154459334565619,28525,
ROI_00309__20190218T130241_20190218T130244_T24LTJ,3,cloud_shadow,5814,0.39264964194027835,0.499828001375989,7401,
ROI_00309__20191120T130249_20191120T130245_T24LTJ,0,clear,50176,0.9991629464285714,0.9991629464285714,50176,
ROI_00309__20191120T130249_20191120T130245_T24LTJ,1,thick_cloud,0,0.0,,2,no_true_class_for_recall
ROI_00309__20191120T130249_20191120T130245_T24LTJ,2,thin_cloud,0,,,0,absent_true_and_predicted_class
ROI_00309__20191120T130249_20191120T130245_T24LTJ,3,cloud_shadow,0,0.0,,40,no_true_class_for_recall
ROI_00309__20200503T130251_20200503T130251_T24LTJ,0,clear,26508,0.8073347808386484,0.8977289874754791,29476,
ROI_00309__20200503T130251_20200503T130251_T24LTJ,1,thick_cloud,16048,0.7354845913354175,0.8209122632103689,17912,
ROI_00309__20200503T130251_20200503T130251_T24LTJ,2,thin_cloud,0,,,0,absent_true_and_predicted_class
ROI_00309__20200503T130251_20200503T130251_T24LTJ,3,cloud_shadow,7620,0.5730303924461493,0.7645669291338583,10167,
ROI_00331__20181222T073319_20181222T074542_T37NHJ,0,clear,50176,1.0,1.0,50176,
ROI_00331__20181222T073319_20181222T074542_T37NHJ,1,thick_cloud,0,,,0,absent_true_and_predicted_class
ROI_00331__20181222T073319_20181222T074542_T37NHJ,2,thin_cloud,0,,,0,absent_true_and_predicted_class
ROI_00331__20181222T073319_20181222T074542_T37NHJ,3,cloud_shadow,0,,,0,absent_true_and_predicted_class
ROI_00331__20190416T072621_20190416T074442_T37PHK,0,clear,30751,0.8628848599568187,0.9487496341582388,33811,
ROI_00331__20190416T072621_20190416T074442_T37PHK,1,thick_cloud,14522,0.7047309359857179,0.7611210577055502,15684,
ROI_00331__20190416T072621_20190416T074442_T37PHK,2,thin_cloud,0,,,0,absent_true_and_predicted_class
ROI_00331__20190416T072621_20190416T074442_T37PHK,3,cloud_shadow,4903,0.5683930942895087,0.785641444013869,6777,
ROI_00331__20190421T072619_20190421T073927_T37PHK,0,clear,14586,0.6838850074447371,0.8187302893185247,17462,
ROI_00331__20190421T072619_20190421T073927_T37PHK,1,thick_cloud,27025,0.7807738220630573,0.8228677150786309,28482,
ROI_00331__20190421T072619_20190421T073927_T37PHK,2,thin_cloud,0,,,0,absent_true_and_predicted_class
ROI_00331__20190421T072619_20190421T073927_T37PHK,3,cloud_shadow,8565,0.5543261103427078,0.8422650321074139,13014,
ROI_00331__20191008T072759_20191008T074520_T38NKP,0,clear,8083,0.1799068211683192,0.18631696152418656,8371,
ROI_00331__20191008T072759_20191008T074520_T38NKP,1,thick_cloud,29611,0.772635232860862,0.9020296511431563,34570,
ROI_00331__20191008T072759_20191008T074520_T38NKP,2,thin_cloud,7788,0.2736359468133884,0.38315356959424757,10905,
ROI_00331__20191008T072759_20191008T074520_T38NKP,3,cloud_shadow,4694,0.38365575845235944,0.9041329356625479,11062,
ROI_00331__20191117T073109_20191117T073737_T37PHK,0,clear,46960,0.9705998462465457,0.9947614991482112,48129,
ROI_00331__20191117T073109_20191117T073737_T37PHK,1,thick_cloud,1985,0.5301618440411967,0.5445843828715365,2039,
ROI_00331__20191117T073109_20191117T073737_T37PHK,2,thin_cloud,0,,,0,absent_true_and_predicted_class
ROI_00331__20191117T073109_20191117T073737_T37PHK,3,cloud_shadow,1231,0.6788475052705552,0.784727863525589,1423,
ROI_00342__20181228T084351_20181228T090053_T33KZT,0,clear,794,0.07894440058644411,0.8816120906801007,8867,
ROI_00342__20181228T084351_20181228T090053_T33KZT,1,thick_cloud,44291,0.6306512231038045,0.6478517080219458,45499,
ROI_00342__20181228T084351_20181228T090053_T33KZT,2,thin_cloud,0,0.0,,2302,no_true_class_for_recall
ROI_00342__20181228T084351_20181228T090053_T33KZT,3,cloud_shadow,5091,0.23690816238206527,0.5376153997250049,11553,
ROI_00342__20190201T084159_20190201T090346_T33KZT,0,clear,8347,0.6474902371654443,0.8144243440757158,10499,
ROI_00342__20190201T084159_20190201T090346_T33KZT,1,thick_cloud,25772,0.8285195403904586,0.9204951109731492,28633,
ROI_00342__20190201T084159_20190201T090346_T33KZT,2,thin_cloud,0,,,0,absent_true_and_predicted_class
ROI_00342__20190201T084159_20190201T090346_T33KZT,3,cloud_shadow,16057,0.7436669317278201,0.8154076103879928,17606,
ROI_00342__20190402T083559_20190402T085915_T34KBC,0,clear,9062,0.34266877906679616,0.7399028911939969,19567,
ROI_00342__20190402T083559_20190402T085915_T34KBC,1,thick_cloud,14760,0.4762109398980907,0.5255420054200542,16289,
ROI_00342__20190402T083559_20190402T085915_T34KBC,2,thin_cloud,15710,0.1783688273040082,0.24417568427753022,21506,
ROI_00342__20190402T083559_20190402T085915_T34KBC,3,cloud_shadow,10644,0.6237259156967186,0.8911123637730176,15207,
ROI_00342__20190427T083601_20190427T090252_T33KZT,0,clear,50176,0.3077367665816326,0.3077367665816326,50176,
ROI_00342__20190427T083601_20190427T090252_T33KZT,1,thick_cloud,0,0.0,,42,no_true_class_for_recall
ROI_00342__20190427T083601_20190427T090252_T33KZT,2,thin_cloud,0,0.0,,34232,no_true_class_for_recall
ROI_00342__20190427T083601_20190427T090252_T33KZT,3,cloud_shadow,0,0.0,,461,no_true_class_for_recall
ROI_00342__20191103T084121_20191103T090537_T34KBC,0,clear,49536,0.9941879237972231,0.9945090439276486,49552,
ROI_00342__20191103T084121_20191103T090537_T34KBC,1,thick_cloud,235,0.512087912087912,0.9914893617021276,455,
ROI_00342__20191103T084121_20191103T090537_T34KBC,2,thin_cloud,0,,,0,absent_true_and_predicted_class
ROI_00342__20191103T084121_20191103T090537_T34KBC,3,cloud_shadow,405,0.8555798687089715,0.9654320987654321,457,
ROI_00343__20181221T023241_20181221T023241_T49KHR,0,clear,8539,0.36923742875694393,0.599367607448179,13861,
ROI_00343__20181221T023241_20181221T023241_T49KHR,1,thick_cloud,13317,0.3220186033597112,0.3483517308703161,14406,
ROI_00343__20181221T023241_20181221T023241_T49KHR,2,thin_cloud,9460,0.21056736769124104,0.7705073995771671,34616,
ROI_00343__20181221T023241_20181221T023241_T49KHR,3,cloud_shadow,18860,0.07642439255784536,0.07688229056203605,18973,
ROI_00343__20181221T023241_20181221T023241_T50KKA,0,clear,8334,0.3805933682373473,0.654187664986801,14325,
ROI_00343__20181221T023241_20181221T023241_T50KKA,1,thick_cloud,12876,0.3689988188702842,0.4124728176452314,14393,
ROI_00343__20181221T023241_20181221T023241_T50KKA,2,thin_cloud,9187,0.19133288761927916,0.685316207684772,32906,
ROI_00343__20181221T023241_20181221T023241_T50KKA,3,cloud_shadow,19779,0.086873652003812,0.0875676222255928,19937,
ROI_00343__20190130T023251_20190130T023246_T50KKA,0,clear,50176,0.9999800701530612,0.9999800701530612,50176,
ROI_00343__20190130T023251_20190130T023246_T50KKA,1,thick_cloud,0,0.0,,1,no_true_class_for_recall
ROI_00343__20190130T023251_20190130T023246_T50KKA,2,thin_cloud,0,,,0,absent_true_and_predicted_class
ROI_00343__20190130T023251_20190130T023246_T50KKA,3,cloud_shadow,0,,,0,absent_true_and_predicted_class
ROI_00343__20200414T023251_20200414T023307_T50KKA,0,clear,35027,0.771476407196925,0.9340223256345105,42407,
ROI_00343__20200414T023251_20200414T023307_T50KKA,1,thick_cloud,630,0.30857966834895456,0.6793650793650794,1387,
ROI_00343__20200414T023251_20200414T023307_T50KKA,2,thin_cloud,0,,,0,absent_true_and_predicted_class
ROI_00343__20200414T023251_20200414T023307_T50KKA,3,cloud_shadow,14519,0.452571499472672,0.5024450719746539,16119,
ROI_00343__20200429T023249_20200429T023245_T49KHR,0,clear,447,0.3348314606741573,1.0,1335,
ROI_00343__20200429T023249_20200429T023245_T49KHR,1,thick_cloud,40142,0.8479168875225273,0.9962632654078023,47165,
ROI_00343__20200429T023249_20200429T023245_T49KHR,2,thin_cloud,0,0.0,,347,no_true_class_for_recall
ROI_00343__20200429T023249_20200429T023245_T49KHR,3,cloud_shadow,9587,0.14875947264611233,0.14947324501929696,9633,
ROI_00362__20190706T201851_20190706T202346_T08VNL,0,clear,48871,0.9202787315693799,0.9323115958339302,49510,
ROI_00362__20190706T201851_20190706T202346_T08VNL,1,thick_cloud,1001,0.16032739528165624,0.6653346653346653,4154,
ROI_00362__20190706T201851_20190706T202346_T08VNL,2,thin_cloud,0,,,0,absent_true_and_predicted_class
ROI_00362__20190706T201851_20190706T202346_T08VNL,3,cloud_shadow,304,0.0,0.0,459,
ROI_00362__20190904T201931_20190904T202032_T08VNL,0,clear,3666,0.4168567655180694,0.9470812875068194,8329,
ROI_00362__20190904T201931_20190904T202032_T08VNL,1,thick_cloud,37276,0.8473253807487433,0.9089494580963623,39987,
ROI_00362__20190904T201931_20190904T202032_T08VNL,2,thin_cloud,0,,,0,absent_true_and_predicted_class
ROI_00362__20190904T201931_20190904T202032_T08VNL,3,cloud_shadow,9234,0.4378611301537558,0.4841888672298029,10211,
ROI_00362__20190929T202229_20190929T202710_T08VNL,0,clear,447,0.015752193677978643,1.0,28377,
ROI_00362__20190929T202229_20190929T202710_T08VNL,1,thick_cloud,1712,0.04260701684308635,0.37383177570093457,15021,
ROI_00362__20190929T202229_20190929T202710_T08VNL,2,thin_cloud,48017,0.0,0.0,48017,
ROI_00362__20190929T202229_20190929T202710_T08VNL,3,cloud_shadow,0,0.0,,7850,no_true_class_for_recall
ROI_00362__20200521T201901_20200521T202253_T08VNL,0,clear,50176,0.9999800701530612,0.9999800701530612,50176,
ROI_00362__20200521T201901_20200521T202253_T08VNL,1,thick_cloud,0,0.0,,1,no_true_class_for_recall
ROI_00362__20200521T201901_20200521T202253_T08VNL,2,thin_cloud,0,,,0,absent_true_and_predicted_class
ROI_00362__20200521T201901_20200521T202253_T08VNL,3,cloud_shadow,0,,,0,absent_true_and_predicted_class
ROI_00362__20200630T201851_20200630T202618_T08VNL,0,clear,33115,0.8741716345487315,0.9520459006492527,36065,
ROI_00362__20200630T201851_20200630T202618_T08VNL,1,thick_cloud,13992,0.7325485579752796,0.8895082904516867,16990,
ROI_00362__20200630T201851_20200630T202618_T08VNL,2,thin_cloud,0,,,0,absent_true_and_predicted_class
ROI_00362__20200630T201851_20200630T202618_T08VNL,3,cloud_shadow,3069,0.05523809523809524,0.056695992179863146,3150,
ROI_00374__20190505T043701_20190505T043704_T46RBU,0,clear,31760,0.7572149880414563,0.8971662468513854,37630,
ROI_00374__20190505T043701_20190505T043704_T46RBU,1,thick_cloud,7991,0.5382059800664452,0.7095482417719935,10535,
ROI_00374__20190505T043701_20190505T043704_T46RBU,2,thin_cloud,0,,,0,absent_true_and_predicted_class
ROI_00374__20190505T043701_20190505T043704_T46RBU,3,cloud_shadow,10425,0.5140288978494624,0.5869544364508393,11904,
ROI_00374__20191017T043759_20191017T044357_T46RBU,0,clear,21988,0.8599015990159902,0.9538384573403674,24390,
ROI_00374__20191017T043759_20191017T044357_T46RBU,1,thick_cloud,28188,0.8808277666827353,0.9075138356747552,29042,
ROI_00374__20191017T043759_20191017T044357_T46RBU,2,thin_cloud,0,,,0,absent_true_and_predicted_class
ROI_00374__20191017T043759_20191017T044357_T46RBU,3,cloud_shadow,0,0.0,,366,no_true_class_for_recall
ROI_00374__20191226T044209_20191226T044950_T46RBV,0,clear,16431,0.8269890795631826,0.9678656198648895,19230,
ROI_00374__20191226T044209_20191226T044950_T46RBV,1,thick_cloud,22959,0.7822708750604324,0.986671893375147,28958,
ROI_00374__20191226T044209_20191226T044950_T46RBV,2,thin_cloud,0,,,0,absent_true_and_predicted_class
ROI_00374__20191226T044209_20191226T044950_T46RBV,3,cloud_shadow,10786,0.24970153365781983,0.2520860374559614,10889,
ROI_00374__20200209T043931_20200209T044913_T46RBU,0,clear,50176,0.9182477678571429,0.9182477678571429,50176,
ROI_00374__20200209T043931_20200209T044913_T46RBU,1,thick_cloud,0,,,0,absent_true_and_predicted_class
ROI_00374__20200209T043931_20200209T044913_T46RBU,2,thin_cloud,0,0.0,,4102,no_true_class_for_recall
ROI_00374__20200209T043931_20200209T044913_T46RBU,3,cloud_shadow,0,,,0,absent_true_and_predicted_class
ROI_00374__20200723T043659_20200723T043734_T46RBU,0,clear,1162,0.3846815834767642,0.3846815834767642,1162,
ROI_00374__20200723T043659_20200723T043734_T46RBU,1,thick_cloud,39877,0.8638480990195644,0.9766030543922561,45082,
ROI_00374__20200723T043659_20200723T043734_T46RBU,2,thin_cloud,0,,,0,absent_true_and_predicted_class
ROI_00374__20200723T043659_20200723T043734_T46RBU,3,cloud_shadow,9137,0.46146971201588877,0.5085914413921419,10070,
ROI_00391__20190331T120701_20190331T120655_T33XWF,0,clear,50176,0.9637276785714286,0.9637276785714286,50176,
ROI_00391__20190331T120701_20190331T120655_T33XWF,1,thick_cloud,0,0.0,,1404,no_true_class_for_recall
ROI_00391__20190331T120701_20190331T120655_T33XWF,2,thin_cloud,0,0.0,,9,no_true_class_for_recall
ROI_00391__20190331T120701_20190331T120655_T33XWF,3,cloud_shadow,0,0.0,,407,no_true_class_for_recall
ROI_00391__20190618T123701_20190618T123701_T33XWF,0,clear,35423,0.7053970025510204,0.9991813228693222,50176,
ROI_00391__20190618T123701_20190618T123701_T33XWF,1,thick_cloud,394,0.0,0.0,423,
ROI_00391__20190618T123701_20190618T123701_T33XWF,2,thin_cloud,13837,0.0,0.0,13837,
ROI_00391__20190618T123701_20190618T123701_T33XWF,3,cloud_shadow,522,0.0,0.0,522,
ROI_00391__20190723T123709_20190723T123706_T33XWF,0,clear,23318,0.5308013636145388,0.9481945278325757,41654,
ROI_00391__20190723T123709_20190723T123706_T33XWF,1,thick_cloud,12060,0.30636500322188015,0.3548092868988391,13967,
ROI_00391__20190723T123709_20190723T123706_T33XWF,2,thin_cloud,0,0.0,,656,no_true_class_for_recall
ROI_00391__20190723T123709_20190723T123706_T33XWF,3,cloud_shadow,14798,0.14294946361638877,0.14947965941343425,15474,
ROI_00391__20200503T123701_20200503T123712_T33XWF,0,clear,1458,0.13527054108216433,0.6481481481481481,6986,
ROI_00391__20200503T123701_20200503T123712_T33XWF,1,thick_cloud,40068,0.8355125583105453,0.9074323649795348,43517,
ROI_00391__20200503T123701_20200503T123712_T33XWF,2,thin_cloud,0,,,0,absent_true_and_predicted_class
ROI_00391__20200503T123701_20200503T123712_T33XWF,3,cloud_shadow,8650,0.2778853010084547,0.3153757225433526,9817,
ROI_00391__20200620T115651_20200620T115648_T33XWF,0,clear,3588,0.5292259083728278,0.9336677814938684,6330,
ROI_00391__20200620T115651_20200620T115648_T33XWF,1,thick_cloud,36050,0.7869757427216713,0.9530374479889043,43657,
ROI_00391__20200620T115651_20200620T115648_T33XWF,2,thin_cloud,0,,,0,absent_true_and_predicted_class
ROI_00391__20200620T115651_20200620T115648_T33XWF,3,cloud_shadow,10538,0.15229858898497953,0.15875877775669006,10985,
ROI_00400__20190328T051651_20190328T052823_T44SME,0,clear,50176,0.9990632971938775,0.9990632971938775,50176,
ROI_00400__20190328T051651_20190328T052823_T44SME,1,thick_cloud,0,0.0,,36,no_true_class_for_recall
ROI_00400__20190328T051651_20190328T052823_T44SME,2,thin_cloud,0,,,0,absent_true_and_predicted_class
ROI_00400__20190328T051651_20190328T052823_T44SME,3,cloud_shadow,0,0.0,,11,no_true_class_for_recall
ROI_00400__20190407T051651_20190407T051652_T44SME,0,clear,32148,0.8675380132144609,0.9352992410103272,34659,
ROI_00400__20190407T051651_20190407T051652_T44SME,1,thick_cloud,13118,0.7391332895600788,0.8581338618691874,15230,
ROI_00400__20190407T051651_20190407T051652_T44SME,2,thin_cloud,0,,,0,absent_true_and_predicted_class
ROI_00400__20190407T051651_20190407T051652_T44SME,3,cloud_shadow,4910,0.5556690500510725,0.664765784114053,5874,
ROI_00400__20190502T051659_20190502T052248_T44SME,0,clear,8306,0.229585090977775,0.8780399711052251,31766,
ROI_00400__20190502T051659_20190502T052248_T44SME,1,thick_cloud,31447,0.5337431048069345,0.5384615384615384,31725,
ROI_00400__20190502T051659_20190502T052248_T44SME,2,thin_cloud,0,0.0,,196,no_true_class_for_recall
ROI_00400__20190502T051659_20190502T052248_T44SME,3,cloud_shadow,10423,0.04970464135021097,0.05650964213758035,11850,
ROI_00400__20190701T051659_20190701T052112_T44SME,0,clear,29355,0.7592557068866296,0.9438255833759155,36491,
ROI_00400__20190701T051659_20190701T052112_T44SME,1,thick_cloud,13307,0.5680394761814386,0.6747576463515443,15807,
ROI_00400__20190701T051659_20190701T052112_T44SME,2,thin_cloud,0,,,0,absent_true_and_predicted_class
ROI_00400__20190701T051659_20190701T052112_T44SME,3,cloud_shadow,7514,0.3238239403819283,0.37010912962470055,8588,
ROI_00400__20200725T051649_20200725T052448_T44SME,0,clear,23343,0.6387899034892354,0.7372231504091162,26940,
ROI_00400__20200725T051649_20200725T052448_T44SME,1,thick_cloud,10286,0.4043995395830669,0.9222243826560373,23457,
ROI_00400__20200725T051649_20200725T052448_T44SME,2,thin_cloud,746,0.0,0.0,746,
ROI_00400__20200725T051649_20200725T052448_T44SME,3,cloud_shadow,15801,0.3361424332344214,0.3584583254224416,16850,
ROI_00405__20180705T122649_20180705T122651_T33XWG,0,clear,17301,0.6952493261455526,0.9541644991618982,23744,
ROI_00405__20180705T122649_20180705T122651_T33XWG,1,thick_cloud,21370,0.7888842488895638,0.972391202620496,26341,
ROI_00405__20180705T122649_20180705T122651_T33XWG,2,thin_cloud,0,,,0,absent_true_and_predicted_class
ROI_00405__20180705T122649_20180705T122651_T33XWG,3,cloud_shadow,11505,0.10337498937345915,0.10569317687961756,11763,
ROI_00405__20180728T123659_20180728T123654_T33XWG,0,clear,13592,0.7023729572419969,0.9233372572101236,17868,
ROI_00405__20180728T123659_20180728T123654_T33XWG,1,thick_cloud,22495,0.8043613707165109,0.9756390308957547,27285,
ROI_00405__20180728T123659_20180728T123654_T33XWG,2,thin_cloud,0,,,0,absent_true_and_predicted_class
ROI_00405__20180728T123659_20180728T123654_T33XWG,3,cloud_shadow,14089,0.4292026234035209,0.44126623607069343,14485,
ROI_00405__20190807T123701_20190807T123701_T33XWG,0,clear,38725,0.7981064174093665,0.8532989025177534,41403,
ROI_00405__20190807T123701_20190807T123701_T33XWG,1,thick_cloud,8982,0.5826179442376358,0.8538187486083277,13163,
ROI_00405__20190807T123701_20190807T123701_T33XWG,2,thin_cloud,0,,,0,absent_true_and_predicted_class
ROI_00405__20190807T123701_20190807T123701_T33XWG,3,cloud_shadow,2469,0.06285355122564425,0.12150668286755771,4773,
ROI_00405__20200617T114651_20200617T114651_T33XWG,0,clear,50176,1.0,1.0,50176,
ROI_00405__20200617T114651_20200617T114651_T33XWG,1,thick_cloud,0,,,0,absent_true_and_predicted_class
ROI_00405__20200617T114651_20200617T114651_T33XWG,2,thin_cloud,0,,,0,absent_true_and_predicted_class
ROI_00405__20200617T114651_20200617T114651_T33XWG,3,cloud_shadow,0,,,0,absent_true_and_predicted_class
ROI_00405__20200724T122659_20200724T122654_T33XWG,0,clear,4284,0.39745403111739747,0.4591503267973856,4949,
ROI_00405__20200724T122659_20200724T122654_T33XWG,1,thick_cloud,43921,0.9201011432646798,0.9693312993784294,46271,
ROI_00405__20200724T122659_20200724T122654_T33XWG,2,thin_cloud,1967,0.0,0.0,1967,
ROI_00405__20200724T122659_20200724T122654_T33XWG,3,cloud_shadow,4,0.0,0.0,2624,
ROI_00413__20190112T144731_20190112T144727_T19LEC,0,clear,5571,0.6484884410195614,0.7854963202297612,6748,
ROI_00413__20190112T144731_20190112T144727_T19LEC,1,thick_cloud,41394,0.8996612173438531,0.9558873266657003,43981,
ROI_00413__20190112T144731_20190112T144727_T19LEC,2,thin_cloud,2333,0.0,0.0,2333,
ROI_00413__20190112T144731_20190112T144727_T19LEC,3,cloud_shadow,878,0.18610421836228289,0.5979498861047836,2821,
ROI_00413__20190402T144731_20190402T144934_T19LEC,0,clear,8713,0.6537873381588337,0.7360266268793757,9809,
ROI_00413__20190402T144731_20190402T144934_T19LEC,1,thick_cloud,38097,0.8890173688901737,0.9686851983095782,41511,
ROI_00413__20190402T144731_20190402T144934_T19LEC,2,thin_cloud,2715,0.0,0.0,2715,
ROI_00413__20190402T144731_20190402T144934_T19LEC,3,cloud_shadow,651,0.0395010395010395,0.17511520737327188,2886,
ROI_00413__20190731T144741_20190731T145634_T19LEC,0,clear,50176,0.663703762755102,0.663703762755102,50176,
ROI_00413__20190731T144741_20190731T145634_T19LEC,1,thick_cloud,0,0.0,,16564,no_true_class_for_recall
ROI_00413__20190731T144741_20190731T145634_T19LEC,2,thin_cloud,0,0.0,,236,no_true_class_for_recall
ROI_00413__20190731T144741_20190731T145634_T19LEC,3,cloud_shadow,0,0.0,,74,no_true_class_for_recall
ROI_00413__20200327T144721_20200327T145522_T19LEC,0,clear,8464,0.46507850568489445,0.8119092627599244,14776,
ROI_00413__20200327T144721_20200327T145522_T19LEC,1,thick_cloud,15504,0.5696949266812742,0.8720330237358102,23732,
ROI_00413__20200327T144721_20200327T145522_T19LEC,2,thin_cloud,25235,0.32554213251294367,0.3438478303942936,26654,
ROI_00413__20200327T144721_20200327T145522_T19LEC,3,cloud_shadow,973,0.06304272316776659,0.37307297019527236,5758,
ROI_00413__20200730T144729_20200730T145622_T19LEC,0,clear,50176,0.8072185905612245,0.8072185905612245,50176,
ROI_00413__20200730T144729_20200730T145622_T19LEC,1,thick_cloud,0,0.0,,9622,no_true_class_for_recall
ROI_00413__20200730T144729_20200730T145622_T19LEC,2,thin_cloud,0,0.0,,1,no_true_class_for_recall
ROI_00413__20200730T144729_20200730T145622_T19LEC,3,cloud_shadow,0,0.0,,50,no_true_class_for_recall
ROI_00428__20190127T144729_20190127T144731_T19LDD,0,clear,2718,0.32891607203533807,0.3561442236938926,2943,
ROI_00428__20190127T144729_20190127T144731_T19LDD,1,thick_cloud,43820,0.9166138505091478,0.9901186672752168,47334,
ROI_00428__20190127T144729_20190127T144731_T19LDD,2,thin_cloud,0,,,0,absent_true_and_predicted_class
ROI_00428__20190127T144729_20190127T144731_T19LDD,3,cloud_shadow,3638,0.25521176212420454,0.31968114348543153,4557,
ROI_00428__20190303T144731_20190303T145229_T19LDD,0,clear,17835,0.5988266758692089,0.7783571628819737,23182,
ROI_00428__20190303T144731_20190303T145229_T19LDD,1,thick_cloud,22867,0.7084841807020306,0.7873354615821927,25412,
ROI_00428__20190303T144731_20190303T145229_T19LDD,2,thin_cloud,0,0.0,,1118,no_true_class_for_recall
ROI_00428__20190303T144731_20190303T145229_T19LDD,3,cloud_shadow,9474,0.24644423767114182,0.3913869537682077,15046,
ROI_00428__20190407T144739_20190407T145613_T19LDD,0,clear,31806,0.8144767395307871,0.9594416147896623,37467,
ROI_00428__20190407T144739_20190407T145613_T19LDD,1,thick_cloud,11734,0.6962811482238885,0.7834498039884098,13203,
ROI_00428__20190407T144739_20190407T145613_T19LDD,2,thin_cloud,0,,,0,absent_true_and_predicted_class
ROI_00428__20190407T144739_20190407T145613_T19LDD,3,cloud_shadow,6636,0.2168130795510005,0.2677817962628089,8196,
ROI_00428__20190502T144741_20190502T145234_T19LDD,0,clear,50176,0.9999601403061225,0.9999601403061225,50176,
ROI_00428__20190502T144741_20190502T145234_T19LDD,1,thick_cloud,0,0.0,,2,no_true_class_for_recall
ROI_00428__20190502T144741_20190502T145234_T19LDD,2,thin_cloud,0,,,0,absent_true_and_predicted_class
ROI_00428__20190502T144741_20190502T145234_T19LDD,3,cloud_shadow,0,,,0,absent_true_and_predicted_class
ROI_00428__20200127T144701_20200127T145626_T19LDD,0,clear,28286,0.8671235546316747,0.9438237997595984,30788,
ROI_00428__20200127T144701_20200127T145626_T19LDD,1,thick_cloud,16689,0.8341018654370153,0.9538019054467014,19084,
ROI_00428__20200127T144701_20200127T145626_T19LDD,2,thin_cloud,0,,,0,absent_true_and_predicted_class
ROI_00428__20200127T144701_20200127T145626_T19LDD,3,cloud_shadow,5201,0.33079526226734346,0.3758892520669102,5910,
ROI_00489__20190427T015701_20190427T015656_T53TPN,0,clear,50176,0.9999800701530612,0.9999800701530612,50176,
ROI_00489__20190427T015701_20190427T015656_T53TPN,1,thick_cloud,0,0.0,,1,no_true_class_for_recall
ROI_00489__20190427T015701_20190427T015656_T53TPN,2,thin_cloud,0,,,0,absent_true_and_predicted_class
ROI_00489__20190427T015701_20190427T015656_T53TPN,3,cloud_shadow,0,,,0,absent_true_and_predicted_class
ROI_00489__20190623T014701_20190623T014656_T53TPN,0,clear,447,1.0,1.0,447,
ROI_00489__20190623T014701_20190623T014656_T53TPN,1,thick_cloud,45277,0.9474570917131726,0.9936612408065906,47485,
ROI_00489__20190623T014701_20190623T014656_T53TPN,2,thin_cloud,0,,,0,absent_true_and_predicted_class
ROI_00489__20190623T014701_20190623T014656_T53TPN,3,cloud_shadow,4452,0.4735176197510023,0.5040431266846361,4739,
ROI_00489__20190906T014659_20190906T015218_T53TPN,0,clear,40507,0.9330439295993961,0.9763250796158689,42386,
ROI_00489__20190906T014659_20190906T015218_T53TPN,1,thick_cloud,6246,0.7087591240875912,0.7772974703810439,6850,
ROI_00489__20190906T014659_20190906T015218_T53TPN,2,thin_cloud,0,,,0,absent_true_and_predicted_class
ROI_00489__20190906T014659_20190906T015218_T53TPN,3,cloud_shadow,3423,0.6090604026845637,0.7423312883435583,4172,
ROI_00489__20191014T015701_20191014T015655_T53TPN,0,clear,42638,0.963880501418245,0.9882499179135982,43716,
ROI_00489__20191014T015701_20191014T015655_T53TPN,1,thick_cloud,5233,0.667531625040545,0.7865469138161666,6166,
ROI_00489__20191014T015701_20191014T015655_T53TPN,2,thin_cloud,0,,,0,absent_true_and_predicted_class
ROI_00489__20191014T015701_20191014T015655_T53TPN,3,cloud_shadow,2305,0.657625786163522,0.7258134490238611,2544,
ROI_00489__20200528T014701_20200528T014658_T53TPN,0,clear,32347,0.844613680420936,0.9428695087643367,36110,
ROI_00489__20200528T014701_20200528T014658_T53TPN,1,thick_cloud,11286,0.7002029573789504,0.8559276980329612,13796,
ROI_00489__20200528T014701_20200528T014658_T53TPN,2,thin_cloud,2059,0.054066130473637175,0.05876639145216124,2238,
ROI_00489__20200528T014701_20200528T014658_T53TPN,3,cloud_shadow,4484,0.4983934983934984,0.5880909901873327,5291,
ROI_00502__20180207T104211_20180207T104212_T33VWJ,0,clear,23207,0.13069425958524752,0.13116732020511052,23291,
ROI_00502__20180207T104211_20180207T104212_T33VWJ,1,thick_cloud,3796,0.091243419945677,1.0,41603,
ROI_00502__20180207T104211_20180207T104212_T33VWJ,2,thin_cloud,23173,0.004806476094105743,0.004919518405040349,23718,
ROI_00502__20180207T104211_20180207T104212_T33VWJ,3,cloud_shadow,0,0.0,,4786,no_true_class_for_recall
ROI_00502__20180316T103021_20180316T103018_T33VWJ,0,clear,50176,0.9999601403061225,0.9999601403061225,50176,
ROI_00502__20180316T103021_20180316T103018_T33VWJ,1,thick_cloud,0,0.0,,2,no_true_class_for_recall
ROI_00502__20180316T103021_20180316T103018_T33VWJ,2,thin_cloud,0,,,0,absent_true_and_predicted_class
ROI_00502__20180316T103021_20180316T103018_T33VWJ,3,cloud_shadow,0,,,0,absent_true_and_predicted_class
ROI_00502__20180520T103019_20180520T103020_T33VWJ,0,clear,47760,0.9071069834183674,0.9529941373534339,50176,
ROI_00502__20180520T103019_20180520T103020_T33VWJ,1,thick_cloud,0,0.0,,14,no_true_class_for_recall
ROI_00502__20180520T103019_20180520T103020_T33VWJ,2,thin_cloud,2416,0.0,0.0,4647,
ROI_00502__20180520T103019_20180520T103020_T33VWJ,3,cloud_shadow,0,,,0,absent_true_and_predicted_class
ROI_00502__20180707T104021_20180707T104023_T33VWJ,0,clear,17886,0.6472760849492152,0.7838532930783854,21660,
ROI_00502__20180707T104021_20180707T104023_T33VWJ,1,thick_cloud,20380,0.6729559748427673,0.8400392541707556,25440,
ROI_00502__20180707T104021_20180707T104023_T33VWJ,2,thin_cloud,0,,,0,absent_true_and_predicted_class
ROI_00502__20180707T104021_20180707T104023_T33VWJ,3,cloud_shadow,11910,0.44042733372418735,0.5676742233417297,15351,
ROI_00502__20200427T104031_20200427T104025_T33VVJ,0,clear,447,1.0,1.0,447,
ROI_00502__20200427T104031_20200427T104025_T33VVJ,1,thick_cloud,44025,0.9263059701492538,0.9924361158432708,47168,
ROI_00502__20200427T104031_20200427T104025_T33VVJ,2,thin_cloud,0,,,0,absent_true_and_predicted_class
ROI_00502__20200427T104031_20200427T104025_T33VVJ,3,cloud_shadow,5704,0.42421732648666555,0.44898316970546986,6037,
ROI_00503__20190319T190109_20190319T191114_T10TDK,0,clear,447,1.0,1.0,447,
ROI_00503__20190319T190109_20190319T191114_T10TDK,1,thick_cloud,8558,0.26617922270096184,0.7146529562982005,22977,
ROI_00503__20190319T190109_20190319T191114_T10TDK,2,thin_cloud,38103,0.5137263506924127,0.5530010760307588,41016,
ROI_00503__20190319T190109_20190319T191114_T10TDK,3,cloud_shadow,3068,0.45355575065847237,0.8419165580182529,5695,
ROI_00503__20190324T190031_20190324T191219_T10TDK,0,clear,50176,1.0,1.0,50176,
ROI_00503__20190324T190031_20190324T191219_T10TDK,1,thick_cloud,0,,,0,absent_true_and_predicted_class
ROI_00503__20190324T190031_20190324T191219_T10TDK,2,thin_cloud,0,,,0,absent_true_and_predicted_class
ROI_00503__20190324T190031_20190324T191219_T10TDK,3,cloud_shadow,0,,,0,absent_true_and_predicted_class
ROI_00503__20190428T185929_20190428T190154_T10TDK,0,clear,50176,0.9999800701530612,0.9999800701530612,50176,
ROI_00503__20190428T185929_20190428T190154_T10TDK,1,thick_cloud,0,0.0,,1,no_true_class_for_recall
ROI_00503__20190428T185929_20190428T190154_T10TDK,2,thin_cloud,0,,,0,absent_true_and_predicted_class
ROI_00503__20190428T185929_20190428T190154_T10TDK,3,cloud_shadow,0,,,0,absent_true_and_predicted_class
ROI_00503__20200318T190111_20200318T191148_T10TDK,0,clear,15188,0.7465842734848914,0.8670661048195945,17639,
ROI_00503__20200318T190111_20200318T191148_T10TDK,1,thick_cloud,29360,0.8877798419345697,0.9603201634877384,31759,
ROI_00503__20200318T190111_20200318T191148_T10TDK,2,thin_cloud,2068,0.0,0.0,2068,
ROI_00503__20200318T190111_20200318T191148_T10TDK,3,cloud_shadow,3560,0.42165942165942166,0.626685393258427,5291,
ROI_00503__20200323T185939_20200323T191124_T10TDK,0,clear,447,1.0,1.0,447,
ROI_00503__20200323T185939_20200323T191124_T10TDK,1,thick_cloud,48441,0.9834494595533397,0.9936004624181994,48941,
ROI_00503__20200323T185939_20200323T191124_T10TDK,2,thin_cloud,0,,,0,absent_true_and_predicted_class
ROI_00503__20200323T185939_20200323T191124_T10TDK,3,cloud_shadow,1288,0.493116395494368,0.6118012422360248,1598,
ROI_00535__20190429T182929_20190429T183604_T11TPN,0,clear,50176,1.0,1.0,50176,
ROI_00535__20190429T182929_20190429T183604_T11TPN,1,thick_cloud,0,,,0,absent_true_and_predicted_class
ROI_00535__20190429T182929_20190429T183604_T11TPN,2,thin_cloud,0,,,0,absent_true_and_predicted_class
ROI_00535__20190429T182929_20190429T183604_T11TPN,3,cloud_shadow,0,,,0,absent_true_and_predicted_class
ROI_00535__20190512T183929_20190512T184617_T11TPN,0,clear,30056,0.33159892663132406,0.3371373436252329,30558,
ROI_00535__20190512T183929_20190512T184617_T11TPN,1,thick_cloud,0,0.0,,1419,no_true_class_for_recall
ROI_00535__20190512T183929_20190512T184617_T11TPN,2,thin_cloud,20120,0.45888660620333716,0.910337972166998,39914,
ROI_00535__20190512T183929_20190512T184617_T11TPN,3,cloud_shadow,0,0.0,,12,no_true_class_for_recall
ROI_00535__20190628T182929_20190628T183312_T11TPN,0,clear,17378,0.45950858718816595,0.8437104384854414,31908,
ROI_00535__20190628T182929_20190628T183312_T11TPN,1,thick_cloud,3419,0.16188063063063063,0.16817782977478796,3552,
ROI_00535__20190628T182929_20190628T183312_T11TPN,2,thin_cloud,28824,0.4257393850658858,0.504406050513461,34150,
ROI_00535__20190628T182929_20190628T183312_T11TPN,3,cloud_shadow,555,0.5555555555555556,0.6216216216216216,621,
ROI_00535__20200307T184219_20200307T184220_T11TPN,0,clear,6746,0.08199975189182483,0.09798399051289654,8061,
ROI_00535__20200307T184219_20200307T184220_T11TPN,1,thick_cloud,252,0.10687022900763359,0.1111111111111111,262,
ROI_00535__20200307T184219_20200307T184220_T11TPN,2,thin_cloud,43178,0.8523454482660545,0.9716753902450322,49223,
ROI_00535__20200307T184219_20200307T184220_T11TPN,3,cloud_shadow,0,0.0,,162,no_true_class_for_recall
ROI_00535__20200610T183921_20200610T184818_T11TPM,0,clear,31685,0.857395773843518,0.9476408395139656,35020,
ROI_00535__20200610T183921_20200610T184818_T11TPM,1,thick_cloud,13112,0.7184310586351811,0.8213849908480781,14991,
ROI_00535__20200610T183921_20200610T184818_T11TPM,2,thin_cloud,0,,,0,absent_true_and_predicted_class
ROI_00535__20200610T183921_20200610T184818_T11TPM,3,cloud_shadow,5379,0.43404447115384615,0.5370886781929727,6656,
ROI_00539__20190322T163951_20190322T164744_T16SBB,0,clear,26622,0.8981170376592468,0.9639020359101494,28572,
ROI_00539__20190322T163951_20190322T164744_T16SBB,1,thick_cloud,9319,0.7225893916285375,0.9151196480309046,11802,
ROI_00539__20190322T163951_20190322T164744_T16SBB,2,thin_cloud,14235,0.6495458615837277,0.7133825079030558,15634,
ROI_00539__20190322T163951_20190322T164744_T16SBB,3,cloud_shadow,0,,,0,absent_true_and_predicted_class
ROI_00539__20190403T162839_20190403T163509_T16SBB,0,clear,33675,0.7727223427331887,0.8462657757980698,36880,
ROI_00539__20190403T162839_20190403T163509_T16SBB,1,thick_cloud,0,,,0,absent_true_and_predicted_class
ROI_00539__20190403T162839_20190403T163509_T16SBB,2,thin_cloud,16501,0.6133407140880155,0.8057693473122841,21678,
ROI_00539__20190403T162839_20190403T163509_T16SBB,3,cloud_shadow,0,,,0,absent_true_and_predicted_class
ROI_00539__20190720T163901_20190720T165426_T16SBB,0,clear,447,1.0,1.0,447,
ROI_00539__20190720T163901_20190720T165426_T16SBB,1,thick_cloud,48457,0.9828094302554028,0.9910642425242999,48864,
ROI_00539__20190720T163901_20190720T165426_T16SBB,2,thin_cloud,0,,,0,absent_true_and_predicted_class
ROI_00539__20190720T163901_20190720T165426_T16SBB,3,cloud_shadow,1272,0.5073313782991202,0.6800314465408805,1705,
ROI_00539__20191219T163709_20191219T164030_T16SBB,0,clear,50176,1.0,1.0,50176,
ROI_00539__20191219T163709_20191219T164030_T16SBB,1,thick_cloud,0,,,0,absent_true_and_predicted_class
ROI_00539__20191219T163709_20191219T164030_T16SBB,2,thin_cloud,0,,,0,absent_true_and_predicted_class
ROI_00539__20191219T163709_20191219T164030_T16SBB,3,cloud_shadow,0,,,0,absent_true_and_predicted_class
ROI_00539__20200308T163019_20200308T164006_T16SBB,0,clear,5669,0.6626764886433395,0.7616863644381725,6516,
ROI_00539__20200308T163019_20200308T164006_T16SBB,1,thick_cloud,27688,0.43214323929093695,0.4375902918231725,28037,
ROI_00539__20200308T163019_20200308T164006_T16SBB,2,thin_cloud,16819,0.46122351394160366,0.9175931981687377,33461,
ROI_00539__20200308T163019_20200308T164006_T16SBB,3,cloud_shadow,0,0.0,,471,no_true_class_for_recall
ROI_00583__20190512T144741_20190512T144833_T19LDE,0,clear,447,1.0,1.0,447,
ROI_00583__20190512T144741_20190512T144833_T19LDE,1,thick_cloud,48203,0.9815102357700323,0.9966392133269714,48946,
ROI_00583__20190512T144741_20190512T144833_T19LDE,2,thin_cloud,0,,,0,absent_true_and_predicted_class
ROI_00583__20190512T144741_20190512T144833_T19LDE,3,cloud_shadow,1526,0.46386255924170616,0.5131061598951507,1688,
ROI_00583__20190731T144741_20190731T145634_T19LDE,0,clear,35784,0.8983199067203731,0.9473228258439526,37736,
ROI_00583__20190731T144741_20190731T145634_T19LDE,1,thick_cloud,7550,0.7260335698997409,0.8536423841059603,8877,
ROI_00583__20190731T144741_20190731T145634_T19LDE,2,thin_cloud,0,,,0,absent_true_and_predicted_class
ROI_00583__20190731T144741_20190731T145634_T19LDE,3,cloud_shadow,6842,0.7592592592592593,0.8449283835135926,7614,
ROI_00583__20190929T144731_20190929T145611_T19LDE,0,clear,45097,0.9373854357607065,0.9978934297181631,48008,
ROI_00583__20190929T144731_20190929T145611_T19LDE,1,thick_cloud,1567,0.5186321788689171,0.7549457562220804,2281,
ROI_00583__20190929T144731_20190929T145611_T19LDE,2,thin_cloud,3512,0.06860530773574251,0.06919134396355353,3542,
ROI_00583__20190929T144731_20190929T145611_T19LDE,3,cloud_shadow,0,0.0,,93,no_true_class_for_recall
ROI_00583__20200401T144729_20200401T145602_T19LDE,0,clear,5928,0.4113002042205582,0.5096153846153846,7345,
ROI_00583__20200401T144729_20200401T145602_T19LDE,1,thick_cloud,35659,0.8676331466850759,0.9516251156790712,39111,
ROI_00583__20200401T144729_20200401T145602_T19LDE,2,thin_cloud,0,,,0,absent_true_and_predicted_class
ROI_00583__20200401T144729_20200401T145602_T19LDE,3,cloud_shadow,8589,0.612046817013988,0.7488648271044359,10509,
ROI_00583__20200526T144731_20200526T145503_T19LDE,0,clear,50176,0.9999800701530612,0.9999800701530612,50176,
ROI_00583__20200526T144731_20200526T145503_T19LDE,1,thick_cloud,0,0.0,,1,no_true_class_for_recall
ROI_00583__20200526T144731_20200526T145503_T19LDE,2,thin_cloud,0,,,0,absent_true_and_predicted_class
ROI_00583__20200526T144731_20200526T145503_T19LDE,3,cloud_shadow,0,,,0,absent_true_and_predicted_class
ROI_00591__20190308T144729_20190308T144826_T20NKJ,0,clear,37318,0.7437420280612245,1.0,50176,
ROI_00591__20190308T144729_20190308T144826_T20NKJ,1,thick_cloud,0,,,0,absent_true_and_predicted_class
ROI_00591__20190308T144729_20190308T144826_T20NKJ,2,thin_cloud,12858,0.0,0.0,12858,
ROI_00591__20190308T144729_20190308T144826_T20NKJ,3,cloud_shadow,0,,,0,absent_true_and_predicted_class
ROI_00591__20190830T144731_20190830T144732_T20NLJ,0,clear,39784,0.9135034802784223,0.9896440780213152,43100,
ROI_00591__20190830T144731_20190830T144732_T20NLJ,1,thick_cloud,6246,0.6269430051813472,0.6586615433877682,6562,
ROI_00591__20190830T144731_20190830T144732_T20NLJ,2,thin_cloud,0,,,0,absent_true_and_predicted_class
ROI_00591__20190830T144731_20190830T144732_T20NLJ,3,cloud_shadow,4146,0.6232537178909419,0.6671490593342981,4438,
ROI_00591__20191118T144731_20191118T144727_T20NKJ,0,clear,50176,0.9999800701530612,0.9999800701530612,50176,
ROI_00591__20191118T144731_20191118T144727_T20NKJ,1,thick_cloud,0,,,0,absent_true_and_predicted_class
ROI_00591__20191118T144731_20191118T144727_T20NKJ,2,thin_cloud,0,0.0,,1,no_true_class_for_recall
ROI_00591__20191118T144731_20191118T144727_T20NKJ,3,cloud_shadow,0,,,0,absent_true_and_predicted_class
ROI_00591__20200406T144721_20200406T144723_T20NLJ,0,clear,5752,0.5857996018579961,0.7673852573018081,7535,
ROI_00591__20200406T144721_20200406T144723_T20NLJ,1,thick_cloud,356,0.0,0.0,399,
ROI_00591__20200406T144721_20200406T144723_T20NLJ,2,thin_cloud,44068,0.9230802849525808,0.9585640373967504,45762,
ROI_00591__20200406T144721_20200406T144723_T20NLJ,3,cloud_shadow,0,,,0,absent_true_and_predicted_class
ROI_00591__20200710T144729_20200710T144727_T20NKJ,0,clear,447,0.22496225465525918,1.0,1987,
ROI_00591__20200710T144729_20200710T144727_T20NKJ,1,thick_cloud,29924,0.349766408572642,0.3577730249966582,30609,
ROI_00591__20200710T144729_20200710T144727_T20NKJ,2,thin_cloud,0,0.0,,35125,no_true_class_for_recall
ROI_00591__20200710T144729_20200710T144727_T20NKJ,3,cloud_shadow,19805,0.08185160932856496,0.08204998737692502,19853,
ROI_00593__20190218T143751_20190218T143748_T20MKT,0,clear,8417,0.4961138098542679,0.8493525008910539,14410,
ROI_00593__20190218T143751_20190218T143748_T20MKT,1,thick_cloud,32642,0.7504653917752581,0.8151154953740579,35454,
ROI_00593__20190218T143751_20190218T143748_T20MKT,2,thin_cloud,0,0.0,,72,no_true_class_for_recall
ROI_00593__20190218T143751_20190218T143748_T20MKT,3,cloud_shadow,9117,0.4835262689225289,0.5955906548206646,11230,
ROI_00593__20190509T143751_20190509T143840_T20MKT,0,clear,29715,0.7538157308377896,0.9108194514554938,35904,
ROI_00593__20190509T143751_20190509T143840_T20MKT,1,thick_cloud,12917,0.5324464852454588,0.6104358597197491,14809,
ROI_00593__20190509T143751_20190509T143840_T20MKT,2,thin_cloud,0,,,0,absent_true_and_predicted_class
ROI_00593__20190509T143751_20190509T143840_T20MKT,3,cloud_shadow,7544,0.5493091446049995,0.6903499469777307,9481,
ROI_00593__20190618T143751_20190618T143750_T20MKT,0,clear,50176,1.0,1.0,50176,
ROI_00593__20190618T143751_20190618T143750_T20MKT,1,thick_cloud,0,,,0,absent_true_and_predicted_class
ROI_00593__20190618T143751_20190618T143750_T20MKT,2,thin_cloud,0,,,0,absent_true_and_predicted_class
ROI_00593__20190618T143751_20190618T143750_T20MKT,3,cloud_shadow,0,,,0,absent_true_and_predicted_class
ROI_00593__20191215T143721_20191215T143722_T20MKT,0,clear,7858,0.6616925002406855,0.8746500381776533,10387,
ROI_00593__20191215T143721_20191215T143722_T20MKT,1,thick_cloud,33074,0.9098825665172746,0.9698554756001693,35254,
ROI_00593__20191215T143721_20191215T143722_T20MKT,2,thin_cloud,4627,0.2013314141777618,0.24184136589582883,5558,
ROI_00593__20191215T143721_20191215T143722_T20MKT,3,cloud_shadow,4617,0.6797337278106509,0.7961880008663634,5408,
ROI_00593__20200612T143731_20200612T143733_T20MKT,0,clear,1529,0.25318761384335153,1.0,6039,
ROI_00593__20200612T143731_20200612T143733_T20MKT,1,thick_cloud,20585,0.7881336136416726,0.8195287830944863,21405,
ROI_00593__20200612T143731_20200612T143733_T20MKT,2,thin_cloud,0,0.0,,74,no_true_class_for_recall
ROI_00593__20200612T143731_20200612T143733_T20MKT,3,cloud_shadow,28062,0.7774113498334748,0.8484427339462618,30626,
ROI_00628__20190217T163341_20190217T164121_T15QXU,0,clear,50176,1.0,1.0,50176,
ROI_00628__20190217T163341_20190217T164121_T15QXU,1,thick_cloud,0,,,0,absent_true_and_predicted_class
ROI_00628__20190217T163341_20190217T164121_T15QXU,2,thin_cloud,0,,,0,absent_true_and_predicted_class
ROI_00628__20190217T163341_20190217T164121_T15QXU,3,cloud_shadow,0,,,0,absent_true_and_predicted_class
ROI_00628__20190622T162839_20190622T164451_T15QXU,0,clear,447,1.0,1.0,447,
ROI_00628__20190622T162839_20190622T164451_T15QXU,1,thick_cloud,42999,0.8931955391581419,0.9909300216284099,47704,
ROI_00628__20190622T162839_20190622T164451_T15QXU,2,thin_cloud,0,,,0,absent_true_and_predicted_class
ROI_00628__20190622T162839_20190622T164451_T15QXU,3,cloud_shadow,6730,0.28441011235955055,0.30089153046062406,7120,
ROI_00628__20191214T163701_20191214T164645_T15QXU,0,clear,35290,0.776216295071604,0.9046472088410314,41129,
ROI_00628__20191214T163701_20191214T164645_T15QXU,1,thick_cloud,7572,0.4695138824831658,0.6722134178552562,10841,
ROI_00628__20191214T163701_20191214T164645_T15QXU,2,thin_cloud,3600,0.4118136439267887,0.4125,3606,
ROI_00628__20191214T163701_20191214T164645_T15QXU,3,cloud_shadow,3714,0.2080846968238691,0.2910608508346796,5195,
ROI_00628__20200427T162829_20200427T164229_T15QXU,0,clear,30837,0.7239402107326636,0.9580698511528358,40810,
ROI_00628__20200427T162829_20200427T164229_T15QXU,1,thick_cloud,7925,0.5694808599895124,0.6851735015772871,9535,
ROI_00628__20200427T162829_20200427T164229_T15QXU,2,thin_cloud,7548,0.0,0.0,7548,
ROI_00628__20200427T162829_20200427T164229_T15QXU,3,cloud_shadow,3866,0.5244399185336049,0.6660631143300569,4910,
ROI_00628__20200616T162839_20200616T164323_T15QXU,0,clear,7732,0.652539559588359,0.762674599068805,9037,
ROI_00628__20200616T162839_20200616T164323_T15QXU,1,thick_cloud,38211,0.9021919953028672,0.965114757530554,40876,
ROI_00628__20200616T162839_20200616T164323_T15QXU,2,thin_cloud,0,,,0,absent_true_and_predicted_class
ROI_00628__20200616T162839_20200616T164323_T15QXU,3,cloud_shadow,4233,0.5273017138302113,0.6250885896527285,5018,
ROI_00634__20190407T165851_20190407T171414_T14QLE,0,clear,50176,1.0,1.0,50176,
ROI_00634__20190407T165851_20190407T171414_T14QLE,1,thick_cloud,0,,,0,absent_true_and_predicted_class
ROI_00634__20190407T165851_20190407T171414_T14QLE,2,thin_cloud,0,,,0,absent_true_and_predicted_class
ROI_00634__20190407T165851_20190407T171414_T14QLE,3,cloud_shadow,0,,,0,absent_true_and_predicted_class
ROI_00634__20190507T165901_20190507T171141_T14QLE,0,clear,3142,0.16370205669816565,0.5623806492679821,10794,
ROI_00634__20190507T165901_20190507T171141_T14QLE,1,thick_cloud,0,0.0,,24,no_true_class_for_recall
ROI_00634__20190507T165901_20190507T171141_T14QLE,2,thin_cloud,47034,0.8130306347993141,0.8367989114257771,48409,
ROI_00634__20190507T165901_20190507T171141_T14QLE,3,cloud_shadow,0,,,0,absent_true_and_predicted_class
ROI_00634__20190621T165859_20190621T171322_T14QLE,0,clear,3088,0.46936936936936935,0.5061528497409327,3330,
ROI_00634__20190621T165859_20190621T171322_T14QLE,1,thick_cloud,3995,0.0,0.0,4134,
ROI_00634__20190621T165859_20190621T171322_T14QLE,2,thin_cloud,43093,0.8786127167630058,0.9911586568584225,48613,
ROI_00634__20190621T165859_20190621T171322_T14QLE,3,cloud_shadow,0,,,0,absent_true_and_predicted_class
ROI_00634__20190721T165859_20190721T171631_T14QLE,0,clear,447,0.8904382470119522,1.0,502,
ROI_00634__20190721T165859_20190721T171631_T14QLE,1,thick_cloud,26136,0.5809081725912743,0.924127640036731,41578,
ROI_00634__20190721T165859_20190721T171631_T14QLE,2,thin_cloud,20968,0.15502230692597566,0.17068866844715758,23087,
ROI_00634__20190721T165859_20190721T171631_T14QLE,3,cloud_shadow,2625,0.38787638668779717,0.745904761904762,5048,
ROI_00634__20200201T170521_20200201T171604_T14QLE,0,clear,28880,0.8089083075429334,0.9231301939058172,32958,
ROI_00634__20200201T170521_20200201T171604_T14QLE,1,thick_cloud,0,,,0,absent_true_and_predicted_class
ROI_00634__20200201T170521_20200201T171604_T14QLE,2,thin_cloud,21296,0.7321823439360435,0.8085086401202104,23516,
ROI_00634__20200201T170521_20200201T171604_T14QLE,3,cloud_shadow,0,,,0,absent_true_and_predicted_class
ROI_00679__20181215T183751_20181215T183748_T11TNJ,0,clear,1575,0.2838095238095238,0.2838095238095238,1575,
ROI_00679__20181215T183751_20181215T183748_T11TNJ,1,thick_cloud,18931,0.5282800281352146,0.6744493159368232,24169,
ROI_00679__20181215T183751_20181215T183748_T11TNJ,2,thin_cloud,28519,0.6341931416353719,0.811248641256706,36481,
ROI_00679__20181215T183751_20181215T183748_T11TNJ,3,cloud_shadow,1151,0.37037037037037035,0.41702867072111205,1296,
ROI_00679__20190201T184609_20190201T184610_T11TNJ,0,clear,808,0.24452954048140044,0.5532178217821783,1828,
ROI_00679__20190201T184609_20190201T184610_T11TNJ,1,thick_cloud,20356,0.5229514415781487,0.5417567302023973,21088,
ROI_00679__20190201T184609_20190201T184610_T11TNJ,2,thin_cloud,27782,0.6814140889004419,0.9435605787920236,38470,
ROI_00679__20190201T184609_20190201T184610_T11TNJ,3,cloud_shadow,1230,0.005511811023622047,0.005691056910569106,1270,
ROI_00679__20190527T183921_20190527T184435_T11TNJ,0,clear,50176,0.9999601403061225,0.9999601403061225,50176,
ROI_00679__20190527T183921_20190527T184435_T11TNJ,1,thick_cloud,0,0.0,,2,no_true_class_for_recall
ROI_00679__20190527T183921_20190527T184435_T11TNJ,2,thin_cloud,0,,,0,absent_true_and_predicted_class
ROI_00679__20190527T183921_20190527T184435_T11TNJ,3,cloud_shadow,0,,,0,absent_true_and_predicted_class
ROI_00679__20191120T183651_20191120T184011_T11TNJ,0,clear,48760,0.9703643176020408,0.9985438884331419,50176,
ROI_00679__20191120T183651_20191120T184011_T11TNJ,1,thick_cloud,0,0.0,,17,no_true_class_for_recall
ROI_00679__20191120T183651_20191120T184011_T11TNJ,2,thin_cloud,1416,0.0,0.0,1470,
ROI_00679__20191120T183651_20191120T184011_T11TNJ,3,cloud_shadow,0,,,0,absent_true_and_predicted_class
ROI_00679__20200322T184031_20200322T184859_T11TNJ,0,clear,14831,0.6532756776863347,0.9473400310161149,21507,
ROI_00679__20200322T184031_20200322T184859_T11TNJ,1,thick_cloud,0,0.0,,24,no_true_class_for_recall
ROI_00679__20200322T184031_20200322T184859_T11TNJ,2,thin_cloud,35345,0.7941111295773088,0.8111189701513651,36102,
ROI_00679__20200322T184031_20200322T184859_T11TNJ,3,cloud_shadow,0,,,0,absent_true_and_predicted_class
ROI_00687__20190430T052651_20190430T052819_T43QCA,0,clear,36266,0.87554711371707,0.8770197981580544,36327,
ROI_00687__20190430T052651_20190430T052819_T43QCA,1,thick_cloud,2,0.0,0.0,2,
ROI_00687__20190430T052651_20190430T052819_T43QCA,2,thin_cloud,13908,0.7537833424060969,0.9956140350877193,18370,
ROI_00687__20190430T052651_20190430T052819_T43QCA,3,cloud_shadow,0,,,0,absent_true_and_predicted_class
ROI_00687__20191017T052821_20191017T053726_T43QCA,0,clear,24120,0.8355601627889119,0.9022802653399669,26046,
ROI_00687__20191017T052821_20191017T053726_T43QCA,1,thick_cloud,17255,0.7980869089915278,0.8461895102868734,18295,
ROI_00687__20191017T052821_20191017T053726_T43QCA,2,thin_cloud,0,,,0,absent_true_and_predicted_class
ROI_00687__20191017T052821_20191017T053726_T43QCA,3,cloud_shadow,8801,0.6586745462220346,0.8864901715714123,11845,
ROI_00687__20191101T052949_20191101T054200_T43QCA,0,clear,447,1.0,1.0,447,
ROI_00687__20191101T052949_20191101T054200_T43QCA,1,thick_cloud,49729,0.9787246878079189,0.9787246878079189,49729,
ROI_00687__20191101T052949_20191101T054200_T43QCA,2,thin_cloud,0,,,0,absent_true_and_predicted_class
ROI_00687__20191101T052949_20191101T054200_T43QCA,3,cloud_shadow,0,0.0,,1058,no_true_class_for_recall
ROI_00687__20200514T052651_20200514T053617_T43QCA,0,clear,50176,0.9998804209183674,0.9998804209183674,50176,
ROI_00687__20200514T052651_20200514T053617_T43QCA,1,thick_cloud,0,,,0,absent_true_and_predicted_class
ROI_00687__20200514T052651_20200514T053617_T43QCA,2,thin_cloud,0,,,0,absent_true_and_predicted_class
ROI_00687__20200514T052651_20200514T053617_T43QCA,3,cloud_shadow,0,0.0,,6,no_true_class_for_recall
ROI_00687__20200713T052651_20200713T053533_T43QCA,0,clear,447,0.11961466416911962,1.0,3737,
ROI_00687__20200713T052651_20200713T053533_T43QCA,1,thick_cloud,44091,0.9095847468544681,0.9608083282302511,46574,
ROI_00687__20200713T052651_20200713T053533_T43QCA,2,thin_cloud,4354,0.10146587265231333,0.10174552135966927,4366,
ROI_00687__20200713T052651_20200713T053533_T43QCA,3,cloud_shadow,1284,0.054878048780487805,0.09813084112149532,2296,
ROI_00702__20190119T143751_20190119T144606_T19KEB,0,clear,20336,0.5908589516090356,0.6058221872541306,20851,
ROI_00702__20190119T143751_20190119T144606_T19KEB,1,thick_cloud,20393,0.6997427675393777,0.9737655077722748,28379,
ROI_00702__20190119T143751_20190119T144606_T19KEB,2,thin_cloud,4692,0.12065439672801637,0.17604433077578857,6846,
ROI_00702__20190119T143751_20190119T144606_T19KEB,3,cloud_shadow,4755,0.3641534551615636,0.632807570977918,8263,
ROI_00702__20190124T143749_20190124T144523_T19KEB,0,clear,24571,0.954653171064787,0.9673191974278621,24897,
ROI_00702__20190124T143749_20190124T144523_T19KEB,1,thick_cloud,18560,0.9003510531594784,0.9672952586206897,19940,
ROI_00702__20190124T143749_20190124T144523_T19KEB,2,thin_cloud,0,,,0,absent_true_and_predicted_class
ROI_00702__20190124T143749_20190124T144523_T19KEB,3,cloud_shadow,7045,0.6912702305051496,0.8002838892831795,8156,
ROI_00702__20190407T144739_20190407T145613_T19KEB,0,clear,50176,1.0,1.0,50176,
ROI_00702__20190407T144739_20190407T145613_T19KEB,1,thick_cloud,0,,,0,absent_true_and_predicted_class
ROI_00702__20190407T144739_20190407T145613_T19KEB,2,thin_cloud,0,,,0,absent_true_and_predicted_class
ROI_00702__20190407T144739_20190407T145613_T19KEB,3,cloud_shadow,0,,,0,absent_true_and_predicted_class
ROI_00702__20190916T143751_20190916T144705_T19KEB,0,clear,39254,0.9132524212332965,0.9488714525908187,40785,
ROI_00702__20190916T143751_20190916T144705_T19KEB,1,thick_cloud,7160,0.6880444388334807,0.7611731843575419,7921,
ROI_00702__20190916T143751_20190916T144705_T19KEB,2,thin_cloud,0,,,0,absent_true_and_predicted_class
ROI_00702__20190916T143751_20190916T144705_T19KEB,3,cloud_shadow,3762,0.586420847367488,0.8793195108984583,5641,
ROI_00702__20191110T143729_20191110T144457_T19KEB,0,clear,9882,0.4540559942569993,0.5120420967415503,11144,
ROI_00702__20191110T143729_20191110T144457_T19KEB,1,thick_cloud,29820,0.8268492335168924,0.9315224681421864,33595,
ROI_00702__20191110T143729_20191110T144457_T19KEB,2,thin_cloud,7012,0.4198989716759877,0.6638619509412436,11086,
ROI_00702__20191110T143729_20191110T144457_T19KEB,3,cloud_shadow,3462,0.33675408589889777,0.511842865395725,5262,
ROI_00709__20190122T084249_20190122T084621_T36UXU,0,clear,50176,0.9999800701530612,0.9999800701530612,50176,
ROI_00709__20190122T084249_20190122T084621_T36UXU,1,thick_cloud,0,,,0,absent_true_and_predicted_class
ROI_00709__20190122T084249_20190122T084621_T36UXU,2,thin_cloud,0,,,0,absent_true_and_predicted_class
ROI_00709__20190122T084249_20190122T084621_T36UXU,3,cloud_shadow,0,0.0,,1,no_true_class_for_recall
ROI_00709__20190407T083601_20190407T083648_T36UXU,0,clear,6409,0.18632499466772295,0.9541270088937431,32819,
ROI_00709__20190407T083601_20190407T083648_T36UXU,1,thick_cloud,5822,0.6623097032139013,0.739780144280316,6503,
ROI_00709__20190407T083601_20190407T083648_T36UXU,2,thin_cloud,35543,0.09640703993079024,0.100329178741243,36989,
ROI_00709__20190407T083601_20190407T083648_T36UXU,3,cloud_shadow,2402,0.1528669724770642,0.5549542048293089,8720,
ROI_00709__20190412T083609_20190412T084433_T36UXU,0,clear,2712,0.16309778729478944,0.16851032448377581,2802,
ROI_00709__20190412T083609_20190412T084433_T36UXU,1,thick_cloud,5624,0.4425814911952042,0.840149359886202,10676,
ROI_00709__20190412T083609_20190412T084433_T36UXU,2,thin_cloud,36327,0.7054719311890928,0.8489277947532139,43714,
ROI_00709__20190412T083609_20190412T084433_T36UXU,3,cloud_shadow,5513,0.09342931536223005,0.11064756031198984,6529,
ROI_00709__20190709T084601_20190709T085041_T36UXU,0,clear,26633,0.9138691452524148,0.9413885029850186,27435,
ROI_00709__20190709T084601_20190709T085041_T36UXU,1,thick_cloud,16074,0.88984618942986,0.957384596242379,17294,
ROI_00709__20190709T084601_20190709T085041_T36UXU,2,thin_cloud,0,,,0,absent_true_and_predicted_class
ROI_00709__20190709T084601_20190709T085041_T36UXU,3,cloud_shadow,7469,0.7599535693557748,0.8765564332574642,8615,
ROI_00709__20200715T083559_20200715T083706_T36UXU,0,clear,23343,0.8543779172702398,0.9096088763226663,24852,
ROI_00709__20200715T083559_20200715T083706_T36UXU,1,thick_cloud,23487,0.8816643950934018,0.9364329203389109,24946,
ROI_00709__20200715T083559_20200715T083706_T36UXU,2,thin_cloud,0,,,0,absent_true_and_predicted_class
ROI_00709__20200715T083559_20200715T083706_T36UXU,3,cloud_shadow,3346,0.5696229648671808,0.7946802151823072,4668,
ROI_00724__20181210T110431_20181210T110434_T31UDQ,0,clear,15748,0.2806595470015256,0.30372110744221487,17042,
ROI_00724__20181210T110431_20181210T110434_T31UDQ,1,thick_cloud,27803,0.7576438019071055,0.885911592274215,32510,
ROI_00724__20181210T110431_20181210T110434_T31UDQ,2,thin_cloud,602,0.0,0.0,602,
ROI_00724__20181210T110431_20181210T110434_T31UDQ,3,cloud_shadow,6023,0.19689029657356752,0.5676573136310809,17365,
ROI_00724__20190608T105621_20190608T110433_T31UDQ,0,clear,31990,0.8596039145289247,0.9280712722725852,34538,
ROI_00724__20190608T105621_20190608T110433_T31UDQ,1,thick_cloud,12775,0.7363013698630136,0.8246575342465754,14308,
ROI_00724__20190608T105621_20190608T110433_T31UDQ,2,thin_cloud,0,,,0,absent_true_and_predicted_class
ROI_00724__20190608T105621_20190608T110433_T31UDQ,3,cloud_shadow,5411,0.6441270766540367,0.8168545555350213,6862,
ROI_00724__20190918T105029_20190918T105246_T31UDQ,0,clear,44436,0.8856026785714286,1.0,50176,
ROI_00724__20190918T105029_20190918T105246_T31UDQ,1,thick_cloud,0,,,0,absent_true_and_predicted_class
ROI_00724__20190918T105029_20190918T105246_T31UDQ,2,thin_cloud,5740,0.0,0.0,5740,
ROI_00724__20190918T105029_20190918T105246_T31UDQ,3,cloud_shadow,0,,,0,absent_true_and_predicted_class
ROI_00724__20191006T105941_20191006T110430_T31UDQ,0,clear,821,0.08083093377211024,0.9573690621193667,9724,
ROI_00724__20191006T105941_20191006T110430_T31UDQ,1,thick_cloud,35593,0.7301491056417606,0.7443036552131037,36283,
ROI_00724__20191006T105941_20191006T110430_T31UDQ,2,thin_cloud,2693,0.0,0.0,2693,
ROI_00724__20191006T105941_20191006T110430_T31UDQ,3,cloud_shadow,11069,0.5421701993040177,0.7741440057819134,15805,
ROI_00724__20191217T105349_20191217T105345_T31UDQ,0,clear,50176,0.3275868941326531,0.3275868941326531,50176,
ROI_00724__20191217T105349_20191217T105345_T31UDQ,1,thick_cloud,0,0.0,,2810,no_true_class_for_recall
ROI_00724__20191217T105349_20191217T105345_T31UDQ,2,thin_cloud,0,0.0,,30929,no_true_class_for_recall
ROI_00724__20191217T105349_20191217T105345_T31UDQ,3,cloud_shadow,0,,,0,absent_true_and_predicted_class
ROI_00736__20190322T151701_20190322T152502_T18LTM,0,clear,50176,0.9785355548469388,0.9785355548469388,50176,
ROI_00736__20190322T151701_20190322T152502_T18LTM,1,thick_cloud,0,0.0,,711,no_true_class_for_recall
ROI_00736__20190322T151701_20190322T152502_T18LTM,2,thin_cloud,0,,,0,absent_true_and_predicted_class
ROI_00736__20190322T151701_20190322T152502_T18LTM,3,cloud_shadow,0,0.0,,366,no_true_class_for_recall
ROI_00736__20191003T151709_20191003T152153_T18LTM,0,clear,447,1.0,1.0,447,
ROI_00736__20191003T151709_20191003T152153_T18LTM,1,thick_cloud,48737,0.9827190357098929,0.9836264029382195,48782,
ROI_00736__20191003T151709_20191003T152153_T18LTM,2,thin_cloud,0,,,0,absent_true_and_predicted_class
ROI_00736__20191003T151709_20191003T152153_T18LTM,3,cloud_shadow,992,0.5290502793296089,0.9546370967741935,1790,
ROI_00736__20200111T151659_20200111T151911_T18LTM,0,clear,8715,0.7270824151608638,0.7572002294893861,9076,
ROI_00736__20200111T151659_20200111T151911_T18LTM,1,thick_cloud,37963,0.8996360106770201,0.9765824618707689,41210,
ROI_00736__20200111T151659_20200111T151911_T18LTM,2,thin_cloud,741,0.0,0.0,741,
ROI_00736__20200111T151659_20200111T151911_T18LTM,3,cloud_shadow,2757,0.3553956834532374,0.5375408052230686,4170,
ROI_00736__20200510T151659_20200510T152614_T18LTM,0,clear,40031,0.827224314267252,0.927406260148385,44879,
ROI_00736__20200510T151659_20200510T152614_T18LTM,1,thick_cloud,5940,0.3137910968868199,0.36313131313131314,6874,
ROI_00736__20200510T151659_20200510T152614_T18LTM,2,thin_cloud,0,,,0,absent_true_and_predicted_class
ROI_00736__20200510T151659_20200510T152614_T18LTM,3,cloud_shadow,4205,0.36452841241944933,0.5919143876337694,6828,
ROI_00736__20200530T151709_20200530T151705_T18LTM,0,clear,31455,0.8359587339626502,0.9093625814655858,34217,
ROI_00736__20200530T151709_20200530T151705_T18LTM,1,thick_cloud,14284,0.7010554768953533,0.7626015121814618,15538,
ROI_00736__20200530T151709_20200530T151705_T18LTM,2,thin_cloud,0,,,0,absent_true_and_predicted_class
ROI_00736__20200530T151709_20200530T151705_T18LTM,3,cloud_shadow,4437,0.41545524100994646,0.7342799188640974,7842,
ROI_00747__20191202T151659_20191202T151911_T18LTM,0,clear,35135,0.01910216980333512,0.01926853564821403,35441,
ROI_00747__20191202T151659_20191202T151911_T18LTM,1,thick_cloud,2945,0.12581274382314694,0.13140916808149405,3076,
ROI_00747__20191202T151659_20191202T151911_T18LTM,2,thin_cloud,8472,0.17430318101751113,0.9927998111425873,48255,
ROI_00747__20191202T151659_20191202T151911_T18LTM,3,cloud_shadow,3624,0.12527412280701755,0.1261037527593819,3648,
ROI_00747__20200225T151701_20200225T152133_T18LTM,0,clear,44923,0.9099550711373658,0.9738218729826592,48076,
ROI_00747__20200225T151701_20200225T152133_T18LTM,1,thick_cloud,3487,0.30995475113122173,0.43217665615141954,4862,
ROI_00747__20200225T151701_20200225T152133_T18LTM,2,thin_cloud,0,0.0,,2,no_true_class_for_recall
ROI_00747__20200225T151701_20200225T152133_T18LTM,3,cloud_shadow,1766,0.11237113402061856,0.12344280860702152,1940,
ROI_00747__20200228T152631_20200228T152735_T18LTM,0,clear,7172,0.17791069689803868,0.1783324037925265,7189,
ROI_00747__20200228T152631_20200228T152735_T18LTM,1,thick_cloud,28350,0.7340960727036676,0.9573544973544974,36972,
ROI_00747__20200228T152631_20200228T152735_T18LTM,2,thin_cloud,2647,0.0,0.0,2975,
ROI_00747__20200228T152631_20200228T152735_T18LTM,3,cloud_shadow,12007,0.5064398541919806,0.6942616806862664,16460,
ROI_00747__20200304T152639_20200304T153356_T18LTM,0,clear,50176,1.0,1.0,50176,
ROI_00747__20200304T152639_20200304T153356_T18LTM,1,thick_cloud,0,,,0,absent_true_and_predicted_class
ROI_00747__20200304T152639_20200304T153356_T18LTM,2,thin_cloud,0,,,0,absent_true_and_predicted_class
ROI_00747__20200304T152639_20200304T153356_T18LTM,3,cloud_shadow,0,,,0,absent_true_and_predicted_class
ROI_00747__20200316T151701_20200316T151812_T18LTM,0,clear,447,0.01827847066039665,1.0,24455,
ROI_00747__20200316T151701_20200316T151812_T18LTM,1,thick_cloud,11567,0.2379860757344201,0.24232731045214836,11778,
ROI_00747__20200316T151701_20200316T151812_T18LTM,2,thin_cloud,32800,0.12448578540547622,0.14484756097560975,38165,
ROI_00747__20200316T151701_20200316T151812_T18LTM,3,cloud_shadow,5362,0.3787727517087781,0.9198060425214473,13021,
ROI_00754__20190704T025551_20190704T031529_T48MXU,0,clear,20320,0.778813744801926,0.8755905511811024,22845,
ROI_00754__20190704T025551_20190704T031529_T48MXU,1,thick_cloud,18613,0.780835881753313,0.8230806425616505,19620,
ROI_00754__20190704T025551_20190704T031529_T48MXU,2,thin_cloud,0,,,0,absent_true_and_predicted_class
ROI_00754__20190704T025551_20190704T031529_T48MXU,3,cloud_shadow,11243,0.7115716753022453,0.9161255892555368,14475,
ROI_00754__20190818T025549_20190818T031522_T48MXU,0,clear,50176,0.9999800701530612,0.9999800701530612,50176,
ROI_00754__20190818T025549_20190818T031522_T48MXU,1,thick_cloud,0,0.0,,1,no_true_class_for_recall
ROI_00754__20190818T025549_20190818T031522_T48MXU,2,thin_cloud,0,,,0,absent_true_and_predicted_class
ROI_00754__20190818T025549_20190818T031522_T48MXU,3,cloud_shadow,0,,,0,absent_true_and_predicted_class
ROI_00754__20191211T030121_20191211T030708_T48MXU,0,clear,34448,0.8981525720656155,0.982263121226196,37674,
ROI_00754__20191211T030121_20191211T030708_T48MXU,1,thick_cloud,9788,0.672540091071075,0.6941152431548835,10102,
ROI_00754__20191211T030121_20191211T030708_T48MXU,2,thin_cloud,0,,,0,absent_true_and_predicted_class
ROI_00754__20191211T030121_20191211T030708_T48MXU,3,cloud_shadow,5940,0.6652725498396765,0.8033670033670034,7173,
ROI_00754__20200414T025539_20200414T031737_T48MXU,0,clear,4736,0.627766219027804,0.7008023648648649,5287,
ROI_00754__20200414T025539_20200414T031737_T48MXU,1,thick_cloud,39309,0.9052404529633805,0.9395303874430792,40798,
ROI_00754__20200414T025539_20200414T031737_T48MXU,2,thin_cloud,0,,,0,absent_true_and_predicted_class
ROI_00754__20200414T025539_20200414T031737_T48MXU,3,cloud_shadow,6131,0.6038448335049776,0.860707877997064,8739,
ROI_00754__20200524T025549_20200524T031633_T48MXU,0,clear,42979,0.9220461223399519,0.9637730054212522,44924,
ROI_00754__20200524T025549_20200524T031633_T48MXU,1,thick_cloud,4195,0.5099480968858131,0.5620977353992849,4624,
ROI_00754__20200524T025549_20200524T031633_T48MXU,2,thin_cloud,0,,,0,absent_true_and_predicted_class
ROI_00754__20200524T025549_20200524T031633_T48MXU,3,cloud_shadow,3002,0.6199261992619927,0.8954030646235843,4336,
ROI_00792__20190313T074711_20190313T080640_T35JPM,0,clear,24810,0.7578950750152601,0.9508665860540105,31127,
ROI_00792__20190313T074711_20190313T080640_T35JPM,1,thick_cloud,13203,0.6950037798089478,0.7659622812997046,14551,
ROI_00792__20190313T074711_20190313T080640_T35JPM,2,thin_cloud,0,,,0,absent_true_and_predicted_class
ROI_00792__20190313T074711_20190313T080640_T35JPM,3,cloud_shadow,12163,0.5975925643760476,0.6449066842061991,13126,
ROI_00792__20190606T074619_20190606T081648_T35JPM,0,clear,21818,0.2836921667430142,0.28384819873498945,21830,
ROI_00792__20190606T074619_20190606T081648_T35JPM,1,thick_cloud,52,0.0,0.0,116,
ROI_00792__20190606T074619_20190606T081648_T35JPM,2,thin_cloud,28306,0.6419556566230813,0.9973150568784004,43975,
ROI_00792__20190606T074619_20190606T081648_T35JPM,3,cloud_shadow,0,0.0,,8,no_true_class_for_recall
ROI_00792__20190830T074611_20190830T080820_T35JPM,0,clear,50176,0.9999800701530612,0.9999800701530612,50176,
ROI_00792__20190830T074611_20190830T080820_T35JPM,1,thick_cloud,0,0.0,,1,no_true_class_for_recall
ROI_00792__20190830T074611_20190830T080820_T35JPM,2,thin_cloud,0,,,0,absent_true_and_predicted_class
ROI_00792__20190830T074611_20190830T080820_T35JPM,3,cloud_shadow,0,,,0,absent_true_and_predicted_class
ROI_00792__20200107T075311_20200107T081135_T35JPM,0,clear,39711,0.8967140505066902,0.9737604190274735,43123,
ROI_00792__20200107T075311_20200107T081135_T35JPM,1,thick_cloud,5393,0.5885576148267526,0.6771741145929909,6205,
ROI_00792__20200107T075311_20200107T081135_T35JPM,2,thin_cloud,0,,,0,absent_true_and_predicted_class
ROI_00792__20200107T075311_20200107T081135_T35JPM,3,cloud_shadow,5072,0.5057093425605537,0.576301261829653,5780,
ROI_00792__20200307T074751_20200307T081122_T35JPM,0,clear,28220,0.785171158910027,0.940396881644224,33799,
ROI_00792__20200307T074751_20200307T081122_T35JPM,1,thick_cloud,12303,0.6523015248049252,0.7406323660895716,13969,
ROI_00792__20200307T074751_20200307T081122_T35JPM,2,thin_cloud,0,,,0,absent_true_and_predicted_class
ROI_00792__20200307T074751_20200307T081122_T35JPM,3,cloud_shadow,9653,0.5904949751103598,0.6513001139542112,10647,
ROI_00836__20190107T075319_20190107T080915_T35JNM,0,clear,18922,0.7199522673031026,0.797114469929183,20950,
ROI_00836__20190107T075319_20190107T080915_T35JNM,1,thick_cloud,24881,0.7894169217923741,0.9119810297013785,28744,
ROI_00836__20190107T075319_20190107T080915_T35JNM,2,thin_cloud,0,,,0,absent_true_and_predicted_class
ROI_00836__20190107T075319_20190107T080915_T35JNM,3,cloud_shadow,6373,0.3886613494287562,0.5658245724148753,9278,
ROI_00836__20190313T074711_20190313T080640_T35JNM,0,clear,46364,0.9620713726651577,0.9809334828746441,47273,
ROI_00836__20190313T074711_20190313T080640_T35JNM,1,thick_cloud,2339,0.587034035656402,0.7742625053441642,3085,
ROI_00836__20190313T074711_20190313T080640_T35JNM,2,thin_cloud,0,,,0,absent_true_and_predicted_class
ROI_00836__20190313T074711_20190313T080640_T35JNM,3,cloud_shadow,1473,0.5436893203883495,0.6463000678886626,1751,
ROI_00836__20190904T074619_20190904T081209_T35JNM,0,clear,43146,0.8598931760204082,1.0,50176,
ROI_00836__20190904T074619_20190904T081209_T35JNM,1,thick_cloud,0,,,0,absent_true_and_predicted_class
ROI_00836__20190904T074619_20190904T081209_T35JNM,2,thin_cloud,7030,0.0,0.0,7030,
ROI_00836__20190904T074619_20190904T081209_T35JNM,3,cloud_shadow,0,,,0,absent_true_and_predicted_class
ROI_00836__20200206T075111_20200206T081031_T35JPM,0,clear,13147,0.7321637426900585,0.8094622347303567,14535,
ROI_00836__20200206T075111_20200206T081031_T35JPM,1,thick_cloud,23074,0.8615160907664638,0.9757302591661611,26133,
ROI_00836__20200206T075111_20200206T081031_T35JPM,2,thin_cloud,3281,0.2848116646415553,0.35720816824138985,4115,
ROI_00836__20200206T075111_20200206T081031_T35JPM,3,cloud_shadow,10674,0.7413510411542876,0.8471988008244332,12198,
ROI_00836__20200605T074621_20200605T080829_T35JNM,0,clear,50176,0.9999800701530612,0.9999800701530612,50176,
ROI_00836__20200605T074621_20200605T080829_T35JNM,1,thick_cloud,0,0.0,,1,no_true_class_for_recall
ROI_00836__20200605T074621_20200605T080829_T35JNM,2,thin_cloud,0,,,0,absent_true_and_predicted_class
ROI_00836__20200605T074621_20200605T080829_T35JNM,3,cloud_shadow,0,,,0,absent_true_and_predicted_class
ROI_00846__20190210T031851_20190210T032505_T49TFF,0,clear,50176,1.0,1.0,50176,
ROI_00846__20190210T031851_20190210T032505_T49TFF,1,thick_cloud,0,,,0,absent_true_and_predicted_class
ROI_00846__20190210T031851_20190210T032505_T49TFF,2,thin_cloud,0,,,0,absent_true_and_predicted_class
ROI_00846__20190210T031851_20190210T032505_T49TFF,3,cloud_shadow,0,,,0,absent_true_and_predicted_class
ROI_00846__20190610T031541_20190610T032154_T49TFF,0,clear,44961,0.9274823588709677,0.9822512844465203,47616,
ROI_00846__20190610T031541_20190610T032154_T49TFF,1,thick_cloud,2747,0.4239740183052849,0.5227520931925738,3387,
ROI_00846__20190610T031541_20190610T032154_T49TFF,2,thin_cloud,0,,,0,absent_true_and_predicted_class
ROI_00846__20190610T031541_20190610T032154_T49TFF,3,cloud_shadow,2468,0.3766519823788546,0.41572123176661263,2724,
ROI_00846__20190630T031541_20190630T032156_T49TFF,0,clear,31675,0.8824373617173952,0.9317758484609313,33446,
ROI_00846__20190630T031541_20190630T032156_T49TFF,1,thick_cloud,11448,0.7586804247947578,0.8798916841369672,13277,
ROI_00846__20190630T031541_20190630T032156_T49TFF,2,thin_cloud,0,,,0,absent_true_and_predicted_class
ROI_00846__20190630T031541_20190630T032156_T49TFF,3,cloud_shadow,7053,0.7484746606898269,0.8522614490287821,8031,
ROI_00846__20200321T031539_20200321T031617_T49TFF,0,clear,20237,0.8611071981969292,0.9062113949696101,21297,
ROI_00846__20200321T031539_20200321T031617_T49TFF,1,thick_cloud,25906,0.8772962621462516,0.9549139195553153,28198,
ROI_00846__20200321T031539_20200321T031617_T49TFF,2,thin_cloud,0,,,0,absent_true_and_predicted_class
ROI_00846__20200321T031539_20200321T031617_T49TFF,3,cloud_shadow,4033,0.6031320832474758,0.7257624597074138,4853,
ROI_00846__20200719T031539_20200719T032500_T49TFF,0,clear,50176,1.0,1.0,50176,
ROI_00846__20200719T031539_20200719T032500_T49TFF,1,thick_cloud,0,,,0,absent_true_and_predicted_class
ROI_00846__20200719T031539_20200719T032500_T49TFF,2,thin_cloud,0,,,0,absent_true_and_predicted_class
ROI_00846__20200719T031539_20200719T032500_T49TFF,3,cloud_shadow,0,,,0,absent_true_and_predicted_class
ROI_00868__20190113T072241_20190113T072649_T39TWF,0,clear,34475,0.7800551925843809,0.959303843364757,42397,
ROI_00868__20190113T072241_20190113T072649_T39TWF,1,thick_cloud,12346,0.5386535552193646,0.5767860035639073,13220,
ROI_00868__20190113T072241_20190113T072649_T39TWF,2,thin_cloud,0,,,0,absent_true_and_predicted_class
ROI_00868__20190113T072241_20190113T072649_T39TWF,3,cloud_shadow,3355,0.08271752085816449,0.10342771982116244,4195,
ROI_00868__20190829T072619_20190829T073328_T39TWF,0,clear,9924,0.4071081123489722,0.5228738411930673,12746,
ROI_00868__20190829T072619_20190829T073328_T39TWF,1,thick_cloud,27660,0.7570306389635121,0.8048445408532177,29407,
ROI_00868__20190829T072619_20190829T073328_T39TWF,2,thin_cloud,0,,,0,absent_true_and_predicted_class
ROI_00868__20190829T072619_20190829T073328_T39TWF,3,cloud_shadow,12592,0.5406353342018239,0.8568932655654383,19958,
ROI_00868__20200417T071621_20200417T072348_T39TWF,0,clear,50176,0.998664700255102,0.998664700255102,50176,
ROI_00868__20200417T071621_20200417T072348_T39TWF,1,thick_cloud,0,0.0,,66,no_true_class_for_recall
ROI_00868__20200417T071621_20200417T072348_T39TWF,2,thin_cloud,0,,,0,absent_true_and_predicted_class
ROI_00868__20200417T071621_20200417T072348_T39TWF,3,cloud_shadow,0,0.0,,1,no_true_class_for_recall
ROI_00868__20200706T071621_20200706T072026_T39TWF,0,clear,447,1.0,1.0,447,
ROI_00868__20200706T071621_20200706T072026_T39TWF,1,thick_cloud,45222,0.903880767373458,0.910596612268365,45558,
ROI_00868__20200706T071621_20200706T072026_T39TWF,2,thin_cloud,0,,,0,absent_true_and_predicted_class
ROI_00868__20200706T071621_20200706T072026_T39TWF,3,cloud_shadow,4507,0.4878362573099415,0.9254493010871977,8550,
ROI_00868__20200709T072621_20200709T073339_T39TWF,0,clear,27359,0.5339251523063534,0.5605833546547754,28725,
ROI_00868__20200709T072621_20200709T073339_T39TWF,1,thick_cloud,9595,0.3934792317999107,0.8263678999478895,20151,
ROI_00868__20200709T072621_20200709T073339_T39TWF,2,thin_cloud,0,,,0,absent_true_and_predicted_class
ROI_00868__20200709T072621_20200709T073339_T39TWF,3,cloud_shadow,13222,0.5531575180311622,0.7598699137800635,18163,
ROI_00870__20190617T142049_20190617T143032_T18FXL,0,clear,50176,0.9819036989795918,0.9819036989795918,50176,
ROI_00870__20190617T142049_20190617T143032_T18FXL,1,thick_cloud,0,0.0,,265,no_true_class_for_recall
ROI_00870__20190617T142049_20190617T143032_T18FXL,2,thin_cloud,0,,,0,absent_true_and_predicted_class
ROI_00870__20190617T142049_20190617T143032_T18FXL,3,cloud_shadow,0,0.0,,643,no_true_class_for_recall
ROI_00870__20191124T141729_20191124T142742_T18FXL,0,clear,26634,0.7890964519686061,0.9135315761808215,30834,
ROI_00870__20191124T141729_20191124T142742_T18FXL,1,thick_cloud,17052,0.7439947846146131,0.8700445695519587,19941,
ROI_00870__20191124T141729_20191124T142742_T18FXL,2,thin_cloud,0,,,0,absent_true_and_predicted_class
ROI_00870__20191124T141729_20191124T142742_T18FXL,3,cloud_shadow,6490,0.48142877472605666,0.5212634822804314,7027,
ROI_00870__20191214T141729_20191214T142749_T18FXL,0,clear,11794,0.4051574118019301,0.43428862133288115,12642,
ROI_00870__20191214T141729_20191214T142749_T18FXL,1,thick_cloud,31854,0.868237347294939,0.9370879638349972,34380,
ROI_00870__20191214T141729_20191214T142749_T18FXL,2,thin_cloud,0,,,0,absent_true_and_predicted_class
ROI_00870__20191214T141729_20191214T142749_T18FXL,3,cloud_shadow,6528,0.4053433361402434,0.8111213235294118,13063,
ROI_00870__20200311T142731_20200311T143845_T18FXL,0,clear,38849,0.952368078255954,0.9974259311693995,40687,
ROI_00870__20200311T142731_20200311T143845_T18FXL,1,thick_cloud,6720,0.8930549637835534,0.9357142857142857,7041,
ROI_00870__20200311T142731_20200311T143845_T18FXL,2,thin_cloud,0,,,0,absent_true_and_predicted_class
ROI_00870__20200311T142731_20200311T143845_T18FXL,3,cloud_shadow,4607,0.6009706689174932,0.6181897113088778,4739,
ROI_00870__20200614T142739_20200614T143609_T18FXL,0,clear,6128,0.3812926957435628,0.5920365535248042,9515,
ROI_00870__20200614T142739_20200614T143609_T18FXL,1,thick_cloud,14597,0.3991878531073446,0.9293690484346099,33984,
ROI_00870__20200614T142739_20200614T143609_T18FXL,2,thin_cloud,19243,0.03419945558030191,0.0359091617731123,20205,
ROI_00870__20200614T142739_20200614T143609_T18FXL,3,cloud_shadow,10208,0.4586799346964161,0.5779780564263323,12863,
ROI_00873__20190316T162021_20190316T163656_T16PBC,0,clear,24601,0.5595704542156436,0.6269663834803463,27564,
ROI_00873__20190316T162021_20190316T163656_T16PBC,1,thick_cloud,17118,0.6682569827226829,0.8427970557308097,21589,
ROI_00873__20190316T162021_20190316T163656_T16PBC,2,thin_cloud,0,0.0,,120,no_true_class_for_recall
ROI_00873__20190316T162021_20190316T163656_T16PBC,3,cloud_shadow,8457,0.40834604922709483,0.7277994560718931,15073,
ROI_00873__20190405T161901_20190405T162954_T16PBC,0,clear,45404,0.46224181028812,0.4642982997092767,45606,
ROI_00873__20190405T161901_20190405T162954_T16PBC,1,thick_cloud,3011,0.13035439137134053,0.9833942211889738,22715,
ROI_00873__20190405T161901_20190405T162954_T16PBC,2,thin_cloud,0,0.0,,1950,no_true_class_for_recall
ROI_00873__20190405T161901_20190405T162954_T16PBC,3,cloud_shadow,1761,0.1600076834421821,0.4730266893810335,5206,
ROI_00873__20190530T161839_20190530T162652_T16PBC,0,clear,2623,0.1704155547083492,0.1704155547083492,2623,
ROI_00873__20190530T161839_20190530T162652_T16PBC,1,thick_cloud,24495,0.5888686896937492,0.8595631761583997,35755,
ROI_00873__20190530T161839_20190530T162652_T16PBC,2,thin_cloud,21088,0.24502784407319014,0.27750379362670713,23883,
ROI_00873__20190530T161839_20190530T162652_T16PBC,3,cloud_shadow,1970,0.1796308503625577,0.8299492385786802,9102,
ROI_00873__20190714T161911_20190714T163415_T16PBC,0,clear,50176,0.9998206313775511,0.9998206313775511,50176,
ROI_00873__20190714T161911_20190714T163415_T16PBC,1,thick_cloud,0,0.0,,9,no_true_class_for_recall
ROI_00873__20190714T161911_20190714T163415_T16PBC,2,thin_cloud,0,,,0,absent_true_and_predicted_class
ROI_00873__20190714T161911_20190714T163415_T16PBC,3,cloud_shadow,0,,,0,absent_true_and_predicted_class
ROI_00873__20200130T162521_20200130T163545_T16PBC,0,clear,5309,0.08419664720286306,0.08419664720286306,5309,
ROI_00873__20200130T162521_20200130T163545_T16PBC,1,thick_cloud,41963,0.9080510957459276,0.9232419035817268,42665,
ROI_00873__20200130T162521_20200130T163545_T16PBC,2,thin_cloud,0,,,0,absent_true_and_predicted_class
ROI_00873__20200130T162521_20200130T163545_T16PBC,3,cloud_shadow,2904,0.2115561271357707,0.7930440771349863,10886,
ROI_00877__20190505T084609_20190505T090416_T33MZT,0,clear,3003,0.14885114885114886,0.14885114885114886,3003,
ROI_00877__20190505T084609_20190505T090416_T33MZT,1,thick_cloud,47173,0.8937478934951129,0.8994127996947406,47472,
ROI_00877__20190505T084609_20190505T090416_T33MZT,2,thin_cloud,0,,,0,absent_true_and_predicted_class
ROI_00877__20190505T084609_20190505T090416_T33MZT,3,cloud_shadow,0,0.0,,7002,no_true_class_for_recall
ROI_00877__20190609T084601_20190609T090631_T33MZT,0,clear,50176,0.9966717155612245,0.9966717155612245,50176,
ROI_00877__20190609T084601_20190609T090631_T33MZT,1,thick_cloud,0,0.0,,164,no_true_class_for_recall
ROI_00877__20190609T084601_20190609T090631_T33MZT,2,thin_cloud,0,,,0,absent_true_and_predicted_class
ROI_00877__20190609T084601_20190609T090631_T33MZT,3,cloud_shadow,0,0.0,,3,no_true_class_for_recall
ROI_00877__20190808T084601_20190808T090719_T33MZT,0,clear,566,0.7897526501766784,0.7897526501766784,566,
ROI_00877__20190808T084601_20190808T090719_T33MZT,1,thick_cloud,44042,0.9447091611975187,0.9543617456064666,44492,
ROI_00877__20190808T084601_20190808T090719_T33MZT,2,thin_cloud,0,,,0,absent_true_and_predicted_class
ROI_00877__20190808T084601_20190808T090719_T33MZT,3,cloud_shadow,5568,0.6884057971014492,0.9383979885057471,7590,
ROI_00877__20190922T084639_20190922T090622_T33MZT,0,clear,7401,0.17606556595906891,0.9985137143629239,41973,
ROI_00877__20190922T084639_20190922T090622_T33MZT,1,thick_cloud,9058,0.6353718346511861,0.7008169573857363,9991,
ROI_00877__20190922T084639_20190922T090622_T33MZT,2,thin_cloud,33717,0.0,0.0,33717,
ROI_00877__20190922T084639_20190922T090622_T33MZT,3,cloud_shadow,0,0.0,,933,no_true_class_for_recall
ROI_00877__20200120T085159_20200120T090942_T33MZT,0,clear,31204,0.7478771035973445,0.7761825406999102,32385,
ROI_00877__20200120T085159_20200120T090942_T33MZT,1,thick_cloud,18482,0.7295294708640322,0.9429174331782275,23888,
ROI_00877__20200120T085159_20200120T090942_T33MZT,2,thin_cloud,490,0.0,0.0,490,
ROI_00877__20200120T085159_20200120T090942_T33MZT,3,cloud_shadow,0,0.0,,1942,no_true_class_for_recall
ROI_00902__20190308T144729_20190308T144826_T19KEB,0,clear,49531,0.9883019922545614,0.9995356443439463,50094,
ROI_00902__20190308T144729_20190308T144826_T19KEB,1,thick_cloud,344,0.22343324250681199,0.23837209302325582,367,
ROI_00902__20190308T144729_20190308T144826_T19KEB,2,thin_cloud,0,,,0,absent_true_and_predicted_class
ROI_00902__20190308T144729_20190308T144826_T19KEB,3,cloud_shadow,301,0.0,0.0,301,
ROI_00902__20190502T144741_20190502T145234_T19KEB,0,clear,17276,0.5149305213363555,0.6048853901366057,20294,
ROI_00902__20190502T144741_20190502T145234_T19KEB,1,thick_cloud,0,0.0,,1547,no_true_class_for_recall
ROI_00902__20190502T144741_20190502T145234_T19KEB,2,thin_cloud,32900,0.7132608367316116,0.8612462006079027,39726,
ROI_00902__20190502T144741_20190502T145234_T19KEB,3,cloud_shadow,0,,,0,absent_true_and_predicted_class
ROI_00902__20190507T144739_20190507T145618_T19KEB,0,clear,27769,0.7017417259815659,0.7704274550758039,30487,
ROI_00902__20190507T144739_20190507T145618_T19KEB,1,thick_cloud,0,0.0,,1501,no_true_class_for_recall
ROI_00902__20190507T144739_20190507T145618_T19KEB,2,thin_cloud,22407,0.6320928454776052,0.8118445128754407,28779,
ROI_00902__20190507T144739_20190507T145618_T19KEB,3,cloud_shadow,0,,,0,absent_true_and_predicted_class
ROI_00902__20190706T144739_20190706T145618_T19KEB,0,clear,13176,0.7458254682735589,0.779675166970249,13774,
ROI_00902__20190706T144739_20190706T145618_T19KEB,1,thick_cloud,33665,0.8786846741045214,0.8889945046784494,34060,
ROI_00902__20190706T144739_20190706T145618_T19KEB,2,thin_cloud,0,,,0,absent_true_and_predicted_class
ROI_00902__20190706T144739_20190706T145618_T19KEB,3,cloud_shadow,3335,0.30573518498886887,0.864767616191904,9433,
ROI_00902__20200630T144729_20200630T145607_T19KEB,0,clear,50176,0.9997608418367347,0.9997608418367347,50176,
ROI_00902__20200630T144729_20200630T145607_T19KEB,1,thick_cloud,0,0.0,,12,no_true_class_for_recall
ROI_00902__20200630T144729_20200630T145607_T19KEB,2,thin_cloud,0,,,0,absent_true_and_predicted_class
ROI_00902__20200630T144729_20200630T145607_T19KEB,3,cloud_shadow,0,,,0,absent_true_and_predicted_class
ROI_00906__20181217T164709_20181217T164715_T16TEM,0,clear,6360,0.07465495608531995,0.07484276729559748,6376,
ROI_00906__20181217T164709_20181217T164715_T16TEM,1,thick_cloud,34967,0.9012469776413378,0.948723081762805,36809,
ROI_00906__20181217T164709_20181217T164715_T16TEM,2,thin_cloud,0,,,0,absent_true_and_predicted_class
ROI_00906__20181217T164709_20181217T164715_T16TEM,3,cloud_shadow,8849,0.5064377682403434,0.8934342863600406,15611,
ROI_00906__20190131T164521_20190131T164523_T16TEM,0,clear,447,1.0,1.0,447,
ROI_00906__20190131T164521_20190131T164523_T16TEM,1,thick_cloud,40718,0.9194788702584483,0.9602387150645906,42523,
ROI_00906__20190131T164521_20190131T164523_T16TEM,2,thin_cloud,0,,,0,absent_true_and_predicted_class
ROI_00906__20190131T164521_20190131T164523_T16TEM,3,cloud_shadow,9011,0.6778927563499529,0.7996892686716236,10630,
ROI_00906__20190717T162901_20190717T163927_T16TEM,0,clear,50176,0.9985052614795918,0.9985052614795918,50176,
ROI_00906__20190717T162901_20190717T163927_T16TEM,1,thick_cloud,0,0.0,,70,no_true_class_for_recall
ROI_00906__20190717T162901_20190717T163927_T16TEM,2,thin_cloud,0,,,0,absent_true_and_predicted_class
ROI_00906__20190717T162901_20190717T163927_T16TEM,3,cloud_shadow,0,0.0,,5,no_true_class_for_recall
ROI_00906__20190730T163901_20190730T164152_T16TEM,0,clear,39466,0.6634565739555974,0.7488724471697157,44547,
ROI_00906__20190730T163901_20190730T164152_T16TEM,1,thick_cloud,6072,0.2174512630853131,0.5713109354413702,15953,
ROI_00906__20190730T163901_20190730T164152_T16TEM,2,thin_cloud,0,,,0,absent_true_and_predicted_class
ROI_00906__20190730T163901_20190730T164152_T16TEM,3,cloud_shadow,4638,0.17622739018087855,0.2205692108667529,5805,
ROI_00906__20191102T164439_20191102T164519_T16TEM,0,clear,15769,0.23576269171323266,0.2515061196017503,16822,
ROI_00906__20191102T164439_20191102T164519_T16TEM,1,thick_cloud,23063,0.8030943368490684,0.9475350127910506,27211,
ROI_00906__20191102T164439_20191102T164519_T16TEM,2,thin_cloud,0,,,0,absent_true_and_predicted_class
ROI_00906__20191102T164439_20191102T164519_T16TEM,3,cloud_shadow,11344,0.4665576765879694,0.8553420310296191,20797,
ROI_00908__20190426T151709_20190426T151711_T19PBN,0,clear,17540,0.5305428340517241,0.8982326111744584,29696,
ROI_00908__20190426T151709_20190426T151711_T19PBN,1,thick_cloud,23131,0.6087449202875899,0.6735117374951364,25592,
ROI_00908__20190426T151709_20190426T151711_T19PBN,2,thin_cloud,0,,,0,absent_true_and_predicted_class
ROI_00908__20190426T151709_20190426T151711_T19PBN,3,cloud_shadow,9505,0.2577867350677904,0.29605470804839557,10916,
ROI_00908__20190531T151711_20190531T151804_T18PZT,0,clear,8439,0.5153690667038405,0.8761701623415097,14347,
ROI_00908__20190531T151711_20190531T151804_T18PZT,1,thick_cloud,30558,0.8551722109473808,0.9514693369984947,33999,
ROI_00908__20190531T151711_20190531T151804_T18PZT,2,thin_cloud,244,0.0,0.0,244,
ROI_00908__20190531T151711_20190531T151804_T18PZT,3,cloud_shadow,10935,0.3293636995827538,0.3465020576131687,11504,
ROI_00908__20200126T151701_20200126T151657_T19PBN,0,clear,43351,0.8768360662407942,0.9942100528246176,49154,
ROI_00908__20200126T151701_20200126T151657_T19PBN,1,thick_cloud,3787,0.16587082181452625,0.17428043306047003,3979,
ROI_00908__20200126T151701_20200126T151657_T19PBN,2,thin_cloud,0,,,0,absent_true_and_predicted_class
ROI_00908__20200126T151701_20200126T151657_T19PBN,3,cloud_shadow,3038,0.10617204988807163,0.10928242264647794,3127,
ROI_00908__20200609T151709_20200609T151945_T18PZT,0,clear,50176,0.9160754145408163,0.9160754145408163,50176,
ROI_00908__20200609T151709_20200609T151945_T18PZT,1,thick_cloud,0,0.0,,3438,no_true_class_for_recall
ROI_00908__20200609T151709_20200609T151945_T18PZT,2,thin_cloud,0,0.0,,566,no_true_class_for_recall
ROI_00908__20200609T151709_20200609T151945_T18PZT,3,cloud_shadow,0,0.0,,207,no_true_class_for_recall
ROI_00908__20200619T151709_20200619T151919_T19PBN,0,clear,24775,0.820808601187143,0.8874672048435923,26787,
ROI_00908__20200619T151709_20200619T151919_T19PBN,1,thick_cloud,18912,0.7972401897369555,0.977580372250423,23190,
ROI_00908__20200619T151709_20200619T151919_T19PBN,2,thin_cloud,0,,,0,absent_true_and_predicted_class
ROI_00908__20200619T151709_20200619T151919_T19PBN,3,cloud_shadow,6489,0.2706969580284944,0.32501155802126674,7791,
ROI_00913__20190410T084601_20190410T090655_T33MZU,0,clear,12142,0.4242241639047906,0.8117278866743535,23233,
ROI_00913__20190410T084601_20190410T090655_T33MZU,1,thick_cloud,22894,0.7022551226771473,0.8038787455228444,26207,
ROI_00913__20190410T084601_20190410T090655_T33MZU,2,thin_cloud,15140,0.0,0.0,15140,
ROI_00913__20190410T084601_20190410T090655_T33MZU,3,cloud_shadow,0,0.0,,7512,no_true_class_for_recall
ROI_00913__20190808T084601_20190808T090719_T33MZU,0,clear,2933,0.07112199616867529,1.0,41239,
ROI_00913__20190808T084601_20190808T090719_T33MZU,1,thick_cloud,10534,0.5099245406824147,0.5901841655591418,12192,
ROI_00913__20190808T084601_20190808T090719_T33MZU,2,thin_cloud,36709,0.0,0.0,36709,
ROI_00913__20190808T084601_20190808T090719_T33MZU,3,cloud_shadow,0,0.0,,1062,no_true_class_for_recall
ROI_00913__20191007T084831_20191007T090219_T33MZU,0,clear,447,0.8904382470119522,1.0,502,
ROI_00913__20191007T084831_20191007T090219_T33MZU,1,thick_cloud,38828,0.8890145046063551,0.9518646337694447,41573,
ROI_00913__20191007T084831_20191007T090219_T33MZU,2,thin_cloud,0,,,0,absent_true_and_predicted_class
ROI_00913__20191007T084831_20191007T090219_T33MZU,3,cloud_shadow,10901,0.6414471097129375,0.7481882396110449,12715,
ROI_00913__20200429T084559_20200429T085926_T33MZU,0,clear,50176,0.9986049107142857,0.9986049107142857,50176,
ROI_00913__20200429T084559_20200429T085926_T33MZU,1,thick_cloud,0,0.0,,68,no_true_class_for_recall
ROI_00913__20200429T084559_20200429T085926_T33MZU,2,thin_cloud,0,,,0,absent_true_and_predicted_class
ROI_00913__20200429T084559_20200429T085926_T33MZU,3,cloud_shadow,0,0.0,,2,no_true_class_for_recall
ROI_00913__20200628T084559_20200628T085951_T33MZU,0,clear,24656,0.7701239980817977,0.9118672939649578,29194,
ROI_00913__20200628T084559_20200628T085951_T33MZU,1,thick_cloud,25520,0.7572496479000397,0.8216692789968651,27691,
ROI_00913__20200628T084559_20200628T085951_T33MZU,2,thin_cloud,0,,,0,absent_true_and_predicted_class
ROI_00913__20200628T084559_20200628T085951_T33MZU,3,cloud_shadow,0,0.0,,15,no_true_class_for_recall
ROI_00922__20190430T184921_20190430T185638_T12VVL,0,clear,36905,0.9068521117774658,0.9628776588538138,39185,
ROI_00922__20190430T184921_20190430T185638_T12VVL,1,thick_cloud,3372,0.4387824432667482,0.9575919335705813,7359,
ROI_00922__20190430T184921_20190430T185638_T12VVL,2,thin_cloud,7060,0.2815880684802017,0.37974504249291785,9521,
ROI_00922__20190430T184921_20190430T185638_T12VVL,3,cloud_shadow,2839,0.0010567101091933778,0.0010567101091933778,2839,
ROI_00922__20190517T183921_20190517T184620_T12VVL,0,clear,50176,0.6854272959183674,0.6854272959183674,50176,
ROI_00922__20190517T183921_20190517T184620_T12VVL,1,thick_cloud,0,0.0,,6122,no_true_class_for_recall
ROI_00922__20190517T183921_20190517T184620_T12VVL,2,thin_cloud,0,0.0,,8520,no_true_class_for_recall
ROI_00922__20190517T183921_20190517T184620_T12VVL,3,cloud_shadow,0,0.0,,1142,no_true_class_for_recall
ROI_00922__20190606T183921_20190606T184137_T12VVL,0,clear,3817,0.24182839632277833,0.24810060256746136,3916,
ROI_00922__20190606T183921_20190606T184137_T12VVL,1,thick_cloud,39487,0.8816108685104318,0.9663180287183124,43281,
ROI_00922__20190606T183921_20190606T184137_T12VVL,2,thin_cloud,0,,,0,absent_true_and_predicted_class
ROI_00922__20190606T183921_20190606T184137_T12VVL,3,cloud_shadow,6872,0.39699741499304037,0.5810535506402794,10058,
ROI_00922__20190626T183921_20190626T184541_T12VVL,0,clear,18107,0.7941146779729457,0.8688904843430717,19812,
ROI_00922__20190626T183921_20190626T184541_T12VVL,1,thick_cloud,30017,0.8993510545363784,0.9603224839257753,32052,
ROI_00922__20190626T183921_20190626T184541_T12VVL,2,thin_cloud,0,,,0,absent_true_and_predicted_class
ROI_00922__20190626T183921_20190626T184541_T12VVL,3,cloud_shadow,2052,0.2492845786963434,0.3820662768031189,3145,
ROI_00922__20190704T184929_20190704T185009_T12VVL,0,clear,35949,0.8827693326203753,0.9643940026148154,39273,
ROI_00922__20190704T184929_20190704T185009_T12VVL,1,thick_cloud,8373,0.7245247740729199,0.8330347545682552,9627,
ROI_00922__20190704T184929_20190704T185009_T12VVL,2,thin_cloud,0,,,0,absent_true_and_predicted_class
ROI_00922__20190704T184929_20190704T185009_T12VVL,3,cloud_shadow,5854,0.5161539650641521,0.5703792278783738,6469,
ROI_00930__20180601T102021_20180601T102024_T33VVF,0,clear,50176,0.9953364158163265,0.9953364158163265,50176,
ROI_00930__20180601T102021_20180601T102024_T33VVF,1,thick_cloud,0,0.0,,225,no_true_class_for_recall
ROI_00930__20180601T102021_20180601T102024_T33VVF,2,thin_cloud,0,0.0,,6,no_true_class_for_recall
ROI_00930__20180601T102021_20180601T102024_T33VVF,3,cloud_shadow,0,0.0,,3,no_true_class_for_recall
ROI_00930__20190614T103029_20190614T103029_T33VVF,0,clear,9331,0.34067970159442196,0.7487943414425035,20509,
ROI_00930__20190614T103029_20190614T103029_T33VVF,1,thick_cloud,33792,0.7604099396321774,0.8014322916666666,35615,
ROI_00930__20190614T103029_20190614T103029_T33VVF,2,thin_cloud,0,,,0,absent_true_and_predicted_class
ROI_00930__20190614T103029_20190614T103029_T33VVF,3,cloud_shadow,7053,0.10966684871654833,0.14235077272082802,9155,
ROI_00930__20190922T103019_20190922T103021_T33VVF,0,clear,44330,0.9220920048379697,0.9974734942476878,47954,
ROI_00930__20190922T103019_20190922T103021_T33VVF,1,thick_cloud,4065,0.5185097294731846,0.5375153751537516,4214,
ROI_00930__20190922T103019_20190922T103021_T33VVF,2,thin_cloud,0,,,0,absent_true_and_predicted_class
ROI_00930__20190922T103019_20190922T103021_T33VVF,3,cloud_shadow,1781,0.0,0.0,1781,
ROI_00930__20200630T102031_20200630T102422_T33VVF,0,clear,26706,0.7408540070881445,0.9706058563618662,34988,
ROI_00930__20200630T102031_20200630T102422_T33VVF,1,thick_cloud,15062,0.8249767008387698,0.8815562342318417,16095,
ROI_00930__20200630T102031_20200630T102422_T33VVF,2,thin_cloud,0,,,0,absent_true_and_predicted_class
ROI_00930__20200630T102031_20200630T102422_T33VVF,3,cloud_shadow,8408,0.16094074244869724,0.16603235014272122,8674,
ROI_00930__20200713T103031_20200713T103026_T33VVF,0,clear,4514,0.5973113964686998,0.6595037660611431,4984,
ROI_00930__20200713T103031_20200713T103026_T33VVF,1,thick_cloud,28964,0.5111417799919213,0.5242715094600193,29708,
ROI_00930__20200713T103031_20200713T103026_T33VVF,2,thin_cloud,16698,0.4502806994902239,0.8357887172116422,30994,
ROI_00930__20200713T103031_20200713T103026_T33VVF,3,cloud_shadow,0,0.0,,2548,no_true_class_for_recall
ROI_00936__20190329T080611_20190329T082339_T35LPK,0,clear,10609,0.36678264054202525,0.566405881798473,16383,
ROI_00936__20190329T080611_20190329T082339_T35LPK,1,thick_cloud,33365,0.7961513040825665,0.9386782556571257,39338,
ROI_00936__20190329T080611_20190329T082339_T35LPK,2,thin_cloud,0,0.0,,120,no_true_class_for_recall
ROI_00936__20190329T080611_20190329T082339_T35LPK,3,cloud_shadow,6202,0.004334451901565996,0.004998387616897775,7152,
ROI_00936__20191015T080911_20191015T083220_T35LPK,0,clear,5561,0.02128417138109744,0.09674518971408021,25277,
ROI_00936__20191015T080911_20191015T083220_T35LPK,1,thick_cloud,44615,0.2317916358998456,0.23218648436624453,44691,
ROI_00936__20191015T080911_20191015T083220_T35LPK,2,thin_cloud,0,0.0,,3416,no_true_class_for_recall
ROI_00936__20191015T080911_20191015T083220_T35LPK,3,cloud_shadow,0,0.0,,16071,no_true_class_for_recall
ROI_00936__20191030T081009_20191030T082935_T35LPK,0,clear,41068,0.9503629678514188,0.9818350053569689,42428,
ROI_00936__20191030T081009_20191030T082935_T35LPK,1,thick_cloud,5561,0.7593503937007874,0.8324042438410358,6096,
ROI_00936__20191030T081009_20191030T082935_T35LPK,2,thin_cloud,0,,,0,absent_true_and_predicted_class
ROI_00936__20191030T081009_20191030T082935_T35LPK,3,cloud_shadow,3547,0.5140907089387935,0.6583027910910628,4542,
ROI_00936__20200407T080609_20200407T082847_T35LPK,0,clear,447,1.0,1.0,447,
ROI_00936__20200407T080609_20200407T082847_T35LPK,1,thick_cloud,42497,0.9361988370767301,0.9661152551944843,43855,
ROI_00936__20200407T080609_20200407T082847_T35LPK,2,thin_cloud,0,,,0,absent_true_and_predicted_class
ROI_00936__20200407T080609_20200407T082847_T35LPK,3,cloud_shadow,7232,0.6773523985239852,0.8122234513274337,8672,
ROI_00936__20200606T080609_20200606T083047_T35LPK,0,clear,50176,0.9985052614795918,0.9985052614795918,50176,
ROI_00936__20200606T080609_20200606T083047_T35LPK,1,thick_cloud,0,0.0,,71,no_true_class_for_recall
ROI_00936__20200606T080609_20200606T083047_T35LPK,2,thin_cloud,0,,,0,absent_true_and_predicted_class
ROI_00936__20200606T080609_20200606T083047_T35LPK,3,cloud_shadow,0,0.0,,4,no_true_class_for_recall
ROI_00944__20190402T144731_20190402T144934_T19LDC,0,clear,2280,0.14253563390847712,1.0,15996,
ROI_00944__20190402T144731_20190402T144934_T19LDC,1,thick_cloud,29008,0.8083231334149327,0.9106453392167678,32680,
ROI_00944__20190402T144731_20190402T144934_T19LDC,2,thin_cloud,18888,0.0,0.0,18888,
ROI_00944__20190402T144731_20190402T144934_T19LDC,3,cloud_shadow,0,0.0,,4092,no_true_class_for_recall
ROI_00944__20190412T144731_20190412T145504_T19LDC,0,clear,34034,0.861370959359734,0.9739965916436505,38484,
ROI_00944__20190412T144731_20190412T145504_T19LDC,1,thick_cloud,9460,0.7167934970598409,0.876215644820296,11564,
ROI_00944__20190412T144731_20190412T145504_T19LDC,2,thin_cloud,0,,,0,absent_true_and_predicted_class
ROI_00944__20190412T144731_20190412T145504_T19LDC,3,cloud_shadow,6682,0.17648619957537154,0.1990422029332535,7536,
ROI_00944__20190810T144741_20190810T144851_T19LDC,0,clear,41781,0.8951219512195122,0.9486608745602068,44280,
ROI_00944__20190810T144741_20190810T144851_T19LDC,1,thick_cloud,4895,0.5950621430970776,0.723799795709908,5954,
ROI_00944__20190810T144741_20190810T144851_T19LDC,2,thin_cloud,0,,,0,absent_true_and_predicted_class
ROI_00944__20190810T144741_20190810T144851_T19LDC,3,cloud_shadow,3500,0.43813471502590673,0.604,4825,
ROI_00944__20200605T144731_20200605T145459_T19LDC,0,clear,447,0.03846484811978315,1.0,11621,
ROI_00944__20200605T144731_20200605T145459_T19LDC,1,thick_cloud,34478,0.6833760972316003,0.733859272579616,37025,
ROI_00944__20200605T144731_20200605T145459_T19LDC,2,thin_cloud,10174,0.0,0.0,10186,
ROI_00944__20200605T144731_20200605T145459_T19LDC,3,cloud_shadow,5077,0.2838651904916965,0.6868229269253496,12284,
ROI_00944__20200610T144729_20200610T145607_T19LDC,0,clear,50176,0.9771404655612245,0.9771404655612245,50176,
ROI_00944__20200610T144729_20200610T145607_T19LDC,1,thick_cloud,0,0.0,,891,no_true_class_for_recall
ROI_00944__20200610T144729_20200610T145607_T19LDC,2,thin_cloud,0,0.0,,109,no_true_class_for_recall
ROI_00944__20200610T144729_20200610T145607_T19LDC,3,cloud_shadow,0,0.0,,147,no_true_class_for_recall
ROI_00949__20190310T160051_20190310T161852_T16PFT,0,clear,46498,0.9160986057623,0.9566648027872167,48557,
ROI_00949__20190310T160051_20190310T161852_T16PFT,1,thick_cloud,2406,0.5076361221779548,0.6354945968412302,3012,
ROI_00949__20190310T160051_20190310T161852_T16PFT,2,thin_cloud,0,,,0,absent_true_and_predicted_class
ROI_00949__20190310T160051_20190310T161852_T16PFT,3,cloud_shadow,1272,0.015762463343108504,0.03380503144654088,2728,
ROI_00949__20190906T155901_20190906T161914_T16PFT,0,clear,14506,0.382782475019216,0.4119674617399697,15612,
ROI_00949__20190906T155901_20190906T161914_T16PFT,1,thick_cloud,26462,0.7320378419841472,0.9737359232106417,35199,
ROI_00949__20190906T155901_20190906T161914_T16PFT,2,thin_cloud,0,,,0,absent_true_and_predicted_class
ROI_00949__20190906T155901_20190906T161914_T16PFT,3,cloud_shadow,9208,0.4081810269799826,0.5602736750651607,12639,
ROI_00949__20191016T160241_20191016T161055_T16PFT,0,clear,31992,0.6693160426688978,0.8002000500125032,38248,
ROI_00949__20191016T160241_20191016T161055_T16PFT,1,thick_cloud,10491,0.5013990905911158,0.8198455819273663,17154,
ROI_00949__20191016T160241_20191016T161055_T16PFT,2,thin_cloud,0,,,0,absent_true_and_predicted_class
ROI_00949__20191016T160241_20191016T161055_T16PFT,3,cloud_shadow,7693,0.19194943446440452,0.22500974912257896,9018,
ROI_00949__20200304T160131_20200304T161939_T16PFT,0,clear,50176,0.9877630739795918,0.9877630739795918,50176,
ROI_00949__20200304T160131_20200304T161939_T16PFT,1,thick_cloud,0,0.0,,564,no_true_class_for_recall
ROI_00949__20200304T160131_20200304T161939_T16PFT,2,thin_cloud,0,,,0,absent_true_and_predicted_class
ROI_00949__20200304T160131_20200304T161939_T16PFT,3,cloud_shadow,0,0.0,,50,no_true_class_for_recall
ROI_00949__20200702T155911_20200702T161714_T16PFT,0,clear,11079,0.21965317919075145,0.2503836086289376,12629,
ROI_00949__20200702T155911_20200702T161714_T16PFT,1,thick_cloud,33839,0.8462417507070823,0.8753509264458169,35003,
ROI_00949__20200702T155911_20200702T161714_T16PFT,2,thin_cloud,0,,,0,absent_true_and_predicted_class
ROI_00949__20200702T155911_20200702T161714_T16PFT,3,cloud_shadow,5258,0.2732569065965044,0.8295930011411183,15963,
ROI_00963__20190720T163901_20190720T163909_T17ULA,0,clear,2037,0.23992229237493928,0.242513500245459,2059,
ROI_00963__20190720T163901_20190720T163909_T17ULA,1,thick_cloud,41881,0.8791133767238632,0.9223753014493445,43942,
ROI_00963__20190720T163901_20190720T163909_T17ULA,2,thin_cloud,0,,,0,absent_true_and_predicted_class
ROI_00963__20190720T163901_20190720T163909_T17ULA,3,cloud_shadow,6258,0.46554379210779595,0.772930648769575,10390,
ROI_00963__20191028T164411_20191028T164410_T17ULA,0,clear,15272,0.6439680311048709,0.7808407543216344,18518,
ROI_00963__20191028T164411_20191028T164410_T17ULA,1,thick_cloud,18447,0.699491883627861,0.8432807502574945,22239,
ROI_00963__20191028T164411_20191028T164410_T17ULA,2,thin_cloud,0,,,0,absent_true_and_predicted_class
ROI_00963__20191028T164411_20191028T164410_T17ULA,3,cloud_shadow,16457,0.6432482218697232,0.7638694780336635,19543,
ROI_00963__20200503T164839_20200503T165142_T17ULA,0,clear,6375,0.5570909942616231,0.7461960784313726,8539,
ROI_00963__20200503T164839_20200503T165142_T17ULA,1,thick_cloud,34512,0.8629672447013488,0.9733136300417247,38925,
ROI_00963__20200503T164839_20200503T165142_T17ULA,2,thin_cloud,0,,,0,absent_true_and_predicted_class
ROI_00963__20200503T164839_20200503T165142_T17ULA,3,cloud_shadow,9289,0.4614534124032566,0.49424049951555604,9949,
ROI_00963__20200609T163839_20200609T164248_T17ULA,0,clear,39698,0.8116811660403214,0.984759937528339,48163,
ROI_00963__20200609T163839_20200609T164248_T17ULA,1,thick_cloud,10112,0.024488989829169548,0.0245253164556962,10127,
ROI_00963__20200609T163839_20200609T164248_T17ULA,2,thin_cloud,0,0.0,,2355,no_true_class_for_recall
ROI_00963__20200609T163839_20200609T164248_T17ULA,3,cloud_shadow,366,0.0,0.0,366,
ROI_00963__20200624T163901_20200624T164200_T17ULA,0,clear,50176,1.0,1.0,50176,
ROI_00963__20200624T163901_20200624T164200_T17ULA,1,thick_cloud,0,,,0,absent_true_and_predicted_class
ROI_00963__20200624T163901_20200624T164200_T17ULA,2,thin_cloud,0,,,0,absent_true_and_predicted_class
ROI_00963__20200624T163901_20200624T164200_T17ULA,3,cloud_shadow,0,,,0,absent_true_and_predicted_class
ROI_00986__20190602T162839_20190602T163008_T17UMU,0,clear,16563,0.5244772209014604,0.6526595423534384,20611,
ROI_00986__20190602T162839_20190602T163008_T17UMU,1,thick_cloud,25624,0.7626290817750488,0.853106462691227,28664,
ROI_00986__20190602T162839_20190602T163008_T17UMU,2,thin_cloud,0,,,0,absent_true_and_predicted_class
ROI_00986__20190602T162839_20190602T163008_T17UMU,3,cloud_shadow,7989,0.32063423733677715,0.559394166979597,13938,
ROI_00986__20190814T163849_20190814T164716_T17UMU,0,clear,32616,0.7558894867434275,0.8312791268089281,35869,
ROI_00986__20190814T163849_20190814T164716_T17UMU,1,thick_cloud,9829,0.6031576538784227,0.8045579407874657,13111,
ROI_00986__20190814T163849_20190814T164716_T17UMU,2,thin_cloud,0,0.0,,11,no_true_class_for_recall
ROI_00986__20190814T163849_20190814T164716_T17UMU,3,cloud_shadow,7731,0.5756991321118612,0.7722157547535895,10370,
ROI_00986__20190826T162901_20190826T163500_T17UMU,0,clear,50176,1.0,1.0,50176,
ROI_00986__20190826T162901_20190826T163500_T17UMU,1,thick_cloud,0,,,0,absent_true_and_predicted_class
ROI_00986__20190826T162901_20190826T163500_T17UMU,2,thin_cloud,0,,,0,absent_true_and_predicted_class
ROI_00986__20190826T162901_20190826T163500_T17UMU,3,cloud_shadow,0,,,0,absent_true_and_predicted_class
ROI_00986__20190905T162901_20190905T163208_T17UMU,0,clear,447,1.0,1.0,447,
ROI_00986__20190905T162901_20190905T163208_T17UMU,1,thick_cloud,46639,0.9535586298858238,0.9813032011835588,47996,
ROI_00986__20190905T162901_20190905T163208_T17UMU,2,thin_cloud,0,,,0,absent_true_and_predicted_class
ROI_00986__20190905T162901_20190905T163208_T17UMU,3,cloud_shadow,3090,0.43740535083291265,0.5608414239482201,3962,
ROI_00986__20191023T164339_20191023T164338_T17UMU,0,clear,9517,0.05777310924369748,0.057791320794367974,9520,
ROI_00986__20191023T164339_20191023T164338_T17UMU,1,thick_cloud,32257,0.7888274221900528,0.9459962178751898,38684,
ROI_00986__20191023T164339_20191023T164338_T17UMU,2,thin_cloud,0,,,0,absent_true_and_predicted_class
ROI_00986__20191023T164339_20191023T164338_T17UMU,3,cloud_shadow,8402,0.3576534226286303,0.6610330873601523,15529,
ROI_00994__20190515T084609_20190515T085208_T37VFG,0,clear,50176,0.8713528380102041,0.8713528380102041,50176,
ROI_00994__20190515T084609_20190515T085208_T37VFG,1,thick_cloud,0,,,0,absent_true_and_predicted_class
ROI_00994__20190515T084609_20190515T085208_T37VFG,2,thin_cloud,0,0.0,,6455,no_true_class_for_recall
ROI_00994__20190515T084609_20190515T085208_T37VFG,3,cloud_shadow,0,,,0,absent_true_and_predicted_class
ROI_00994__20190527T083601_20190527T083603_T37VFG,0,clear,782,0.5558282208588957,0.5792838874680307,815,
ROI_00994__20190527T083601_20190527T083603_T37VFG,1,thick_cloud,40810,0.9078984551620196,0.9446949277137956,42464,
ROI_00994__20190527T083601_20190527T083603_T37VFG,2,thin_cloud,0,,,0,absent_true_and_predicted_class
ROI_00994__20190527T083601_20190527T083603_T37VFG,3,cloud_shadow,8584,0.638878809869376,0.820479962721342,11024,
ROI_00994__20190701T083609_20190701T083608_T37VFG,0,clear,17209,0.7467779730521382,0.8888953454587716,20484,
ROI_00994__20190701T083609_20190701T083608_T37VFG,1,thick_cloud,22194,0.806449097360315,0.9319185365414075,25647,
ROI_00994__20190701T083609_20190701T083608_T37VFG,2,thin_cloud,3332,0.0,0.0,3332,
ROI_00994__20190701T083609_20190701T083608_T37VFG,3,cloud_shadow,7441,0.6578449905482041,0.795054428168257,8993,
ROI_00994__20190714T084609_20190714T085208_T37VFG,0,clear,10426,0.8026348291477975,0.9349702666410896,12145,
ROI_00994__20190714T084609_20190714T085208_T37VFG,1,thick_cloud,30601,0.923751394224811,0.9743145648835005,32276,
ROI_00994__20190714T084609_20190714T085208_T37VFG,2,thin_cloud,0,,,0,absent_true_and_predicted_class
ROI_00994__20190714T084609_20190714T085208_T37VFG,3,cloud_shadow,9149,0.713209127067197,0.7447808503661603,9554,
ROI_00994__20190726T083611_20190726T083840_T37VFG,0,clear,42892,0.9195870193073022,0.9427632192483447,43973,
ROI_00994__20190726T083611_20190726T083840_T37VFG,1,thick_cloud,4470,0.6842713955281419,0.7941834451901566,5188,
ROI_00994__20190726T083611_20190726T083840_T37VFG,2,thin_cloud,0,0.0,,754,no_true_class_for_recall
ROI_00994__20190726T083611_20190726T083840_T37VFG,3,cloud_shadow,2814,0.649616368286445,0.9026297085998578,3910,
ROI_00995__20190818T084601_20190818T085006_T38VLQ,0,clear,36390,0.8946554656496418,0.9540533113492717,38806,
ROI_00995__20190818T084601_20190818T085006_T38VLQ,1,thick_cloud,7307,0.7666544432221,0.8583550020528261,8181,
ROI_00995__20190818T084601_20190818T085006_T38VLQ,2,thin_cloud,0,,,0,absent_true_and_predicted_class
ROI_00995__20190818T084601_20190818T085006_T38VLQ,3,cloud_shadow,6479,0.6447368421052632,0.7487266553480475,7524,
ROI_00995__20190911T082601_20190911T083052_T38VLQ,0,clear,50176,1.0,1.0,50176,
ROI_00995__20190911T082601_20190911T083052_T38VLQ,1,thick_cloud,0,,,0,absent_true_and_predicted_class
ROI_00995__20190911T082601_20190911T083052_T38VLQ,2,thin_cloud,0,,,0,absent_true_and_predicted_class
ROI_00995__20190911T082601_20190911T083052_T38VLQ,3,cloud_shadow,0,,,0,absent_true_and_predicted_class
ROI_00995__20191029T084009_20191029T084012_T38VLQ,0,clear,2032,0.21998031496062992,0.21998031496062992,2032,
ROI_00995__20191029T084009_20191029T084012_T38VLQ,1,thick_cloud,46278,0.916606010190288,0.952396387052163,48085,
ROI_00995__20191029T084009_20191029T084012_T38VLQ,2,thin_cloud,0,,,0,absent_true_and_predicted_class
ROI_00995__20191029T084009_20191029T084012_T38VLQ,3,cloud_shadow,1866,0.35991430611759107,0.8102893890675241,4201,
ROI_00995__20200330T084559_20200330T084556_T38VMQ,0,clear,10929,0.37732572562639544,0.4175130387043645,12093,
ROI_00995__20200330T084559_20200330T084556_T38VMQ,1,thick_cloud,29659,0.8386647710443694,0.954684918574463,33762,
ROI_00995__20200330T084559_20200330T084556_T38VMQ,2,thin_cloud,0,,,0,absent_true_and_predicted_class
ROI_00995__20200330T084559_20200330T084556_T38VMQ,3,cloud_shadow,9588,0.5387188612099644,0.7894242803504381,14050,
ROI_00995__20200509T084559_20200509T085153_T38VLQ,0,clear,6262,0.6235487127713276,0.7890450335356116,7924,
ROI_00995__20200509T084559_20200509T085153_T38VLQ,1,thick_cloud,30067,0.8138610111721265,0.8576845046063791,31686,
ROI_00995__20200509T084559_20200509T085153_T38VLQ,2,thin_cloud,0,,,0,absent_true_and_predicted_class
ROI_00995__20200509T084559_20200509T085153_T38VLQ,3,cloud_shadow,13847,0.6667407119453546,0.8670470137936015,18007,
ROI_00997__20190905T080611_20190905T080606_T40WFB,0,clear,42609,0.881779440806569,0.9955173789574973,48105,
ROI_00997__20190905T080611_20190905T080606_T40WFB,1,thick_cloud,2742,0.4614029938362195,0.5733041575492341,3407,
ROI_00997__20190905T080611_20190905T080606_T40WFB,2,thin_cloud,4825,0.0012386457473162675,0.001243523316062176,4844,
ROI_00997__20190905T080611_20190905T080606_T40WFB,3,cloud_shadow,0,,,0,absent_true_and_predicted_class
ROI_00997__20200616T080609_20200616T080609_T40WFB,0,clear,629,0.6973478939157566,0.7106518282988871,641,
ROI_00997__20200616T080609_20200616T080609_T40WFB,1,thick_cloud,40653,0.9031510338971381,0.9680220401938356,43573,
ROI_00997__20200616T080609_20200616T080609_T40WFB,2,thin_cloud,0,,,0,absent_true_and_predicted_class
ROI_00997__20200616T080609_20200616T080609_T40WFB,3,cloud_shadow,8894,0.5922424714940064,0.6832696199685181,10261,
ROI_00997__20200621T080611_20200621T080612_T40WFB,0,clear,14965,0.580447172292854,0.7077848312729703,18248,
ROI_00997__20200621T080611_20200621T080612_T40WFB,1,thick_cloud,21499,0.7717135447835627,0.8997162658728313,25065,
ROI_00997__20200621T080611_20200621T080612_T40WFB,2,thin_cloud,0,,,0,absent_true_and_predicted_class
ROI_00997__20200621T080611_20200621T080612_T40WFB,3,cloud_shadow,13712,0.5511932696159789,0.70237747957993,17473,
ROI_00997__20200703T075609_20200703T075951_T40WFB,0,clear,9414,0.5283127335441219,0.58572339069471,10437,
ROI_00997__20200703T075609_20200703T075951_T40WFB,1,thick_cloud,29974,0.843325148230221,0.93954760792687,33394,
ROI_00997__20200703T075609_20200703T075951_T40WFB,2,thin_cloud,0,,,0,absent_true_and_predicted_class
ROI_00997__20200703T075609_20200703T075951_T40WFB,3,cloud_shadow,10788,0.6636323914943199,0.8447348906192065,13732,
ROI_00997__20200725T074621_20200725T074617_T40WFB,0,clear,50176,0.9999800701530612,0.9999800701530612,50176,
ROI_00997__20200725T074621_20200725T074617_T40WFB,1,thick_cloud,0,0.0,,1,no_true_class_for_recall
ROI_00997__20200725T074621_20200725T074617_T40WFB,2,thin_cloud,0,,,0,absent_true_and_predicted_class
ROI_00997__20200725T074621_20200725T074617_T40WFB,3,cloud_shadow,0,,,0,absent_true_and_predicted_class
ROI_01000__20190403T080609_20190403T080837_T40WFB,0,clear,17104,0.4901131400667148,0.8332553788587465,29079,
ROI_01000__20190403T080609_20190403T080837_T40WFB,1,thick_cloud,9582,0.43492897057833435,0.6741807555833855,14853,
ROI_01000__20190403T080609_20190403T080837_T40WFB,2,thin_cloud,0,,,0,absent_true_and_predicted_class
ROI_01000__20190403T080609_20190403T080837_T40WFB,3,cloud_shadow,23490,0.45237126820141543,0.47347807577692635,24586,
ROI_01000__20190708T073621_20190708T073617_T41WMS,0,clear,30079,0.6344301087385205,0.7487283486818046,35498,
ROI_01000__20190708T073621_20190708T073617_T41WMS,1,thick_cloud,12107,0.512306506138426,0.7134715453869662,16861,
ROI_01000__20190708T073621_20190708T073617_T41WMS,2,thin_cloud,0,0.0,,188,no_true_class_for_recall
ROI_01000__20190708T073621_20190708T073617_T41WMS,3,cloud_shadow,7990,0.4211559805344489,0.6173967459324156,11713,
ROI_01000__20190801T080619_20190801T081001_T41WMS,0,clear,50176,0.9999800701530612,0.9999800701530612,50176,
ROI_01000__20190801T080619_20190801T081001_T41WMS,1,thick_cloud,0,0.0,,1,no_true_class_for_recall
ROI_01000__20190801T080619_20190801T081001_T41WMS,2,thin_cloud,0,,,0,absent_true_and_predicted_class
ROI_01000__20190801T080619_20190801T081001_T41WMS,3,cloud_shadow,0,,,0,absent_true_and_predicted_class
ROI_01000__20200608T075621_20200608T075651_T40WFB,0,clear,447,1.0,1.0,447,
ROI_01000__20200608T075621_20200608T075651_T40WFB,1,thick_cloud,44879,0.933831855570986,0.973907618262439,46805,
ROI_01000__20200608T075621_20200608T075651_T40WFB,2,thin_cloud,0,,,0,absent_true_and_predicted_class
ROI_01000__20200608T075621_20200608T075651_T40WFB,3,cloud_shadow,4850,0.48563361567845875,0.6028865979381444,6021,
ROI_01000__20200616T080609_20200616T080609_T40WFB,0,clear,11495,0.6265599394932561,0.8648107872988255,15866,
ROI_01000__20200616T080609_20200616T080609_T40WFB,1,thick_cloud,27075,0.8058107096686399,0.8748291782086796,29394,
ROI_01000__20200616T080609_20200616T080609_T40WFB,2,thin_cloud,0,,,0,absent_true_and_predicted_class
ROI_01000__20200616T080609_20200616T080609_T40WFB,3,cloud_shadow,11606,0.5444668297596776,0.6519903498190591,13898,
ROI_01048__20190119T074231_20190119T080045_T36JTS,0,clear,46286,0.9678794466824392,0.9810741909000562,46917,
ROI_01048__20190119T074231_20190119T080045_T36JTS,1,thick_cloud,2685,0.6002284408909194,0.7828677839851024,3502,
ROI_01048__20190119T074231_20190119T080045_T36JTS,2,thin_cloud,0,,,0,absent_true_and_predicted_class
ROI_01048__20190119T074231_20190119T080045_T36JTS,3,cloud_shadow,1205,0.35858585858585856,0.5302904564315353,1782,
ROI_01048__20190315T073659_20190315T080639_T35JRM,0,clear,25298,0.7608695652173914,0.874377421140011,29072,
ROI_01048__20190315T073659_20190315T080639_T35JRM,1,thick_cloud,15843,0.6831770061982337,0.786151612699615,18231,
ROI_01048__20190315T073659_20190315T080639_T35JRM,2,thin_cloud,0,,,0,absent_true_and_predicted_class
ROI_01048__20190315T073659_20190315T080639_T35JRM,3,cloud_shadow,9035,0.5564917010700143,0.7310459324847814,11869,
ROI_01048__20190509T073621_20190509T080631_T35JRM,0,clear,50176,1.0,1.0,50176,
ROI_01048__20190509T073621_20190509T080631_T35JRM,1,thick_cloud,0,,,0,absent_true_and_predicted_class
ROI_01048__20190509T073621_20190509T080631_T35JRM,2,thin_cloud,0,,,0,absent_true_and_predicted_class
ROI_01048__20190509T073621_20190509T080631_T35JRM,3,cloud_shadow,0,,,0,absent_true_and_predicted_class
ROI_01048__20200104T074311_20200104T080039_T35JRM,0,clear,8971,0.39410403461112786,0.4366291383346338,9939,
ROI_01048__20200104T074311_20200104T080039_T35JRM,1,thick_cloud,26849,0.7608742496536863,0.9205929457335469,32485,
ROI_01048__20200104T074311_20200104T080039_T35JRM,2,thin_cloud,0,,,0,absent_true_and_predicted_class
ROI_01048__20200104T074311_20200104T080039_T35JRM,3,cloud_shadow,14356,0.6749957115901424,0.8223042630259125,17489,
ROI_01048__20200304T073801_20200304T080109_T36JTS,0,clear,38956,0.8806667972192304,0.9235291097648629,40852,
ROI_01048__20200304T073801_20200304T080109_T36JTS,1,thick_cloud,6724,0.6241935483870967,0.8057703747769185,8680,
ROI_01048__20200304T073801_20200304T080109_T36JTS,2,thin_cloud,0,,,0,absent_true_and_predicted_class
ROI_01048__20200304T073801_20200304T080109_T36JTS,3,cloud_shadow,4496,0.539781081522627,0.7348754448398577,6121,
ROI_01057__20190305T160229_20190305T160228_T18UVB,0,clear,41086,0.9180887372013652,0.9493501436012267,42485,
ROI_01057__20190305T160229_20190305T160228_T18UVB,1,thick_cloud,2780,0.5893536121673004,0.947841726618705,4471,
ROI_01057__20190305T160229_20190305T160228_T18UVB,2,thin_cloud,0,,,0,absent_true_and_predicted_class
ROI_01057__20190305T160229_20190305T160228_T18UVB,3,cloud_shadow,6310,0.6485766372177815,0.7329635499207607,7131,
ROI_01057__20190621T160911_20190621T161509_T18UVB,0,clear,9876,0.7813661298885153,0.8941879303361685,11302,
ROI_01057__20190621T160911_20190621T161509_T18UVB,1,thick_cloud,36703,0.931324919469821,0.9610386071983217,37874,
ROI_01057__20190621T160911_20190621T161509_T18UVB,2,thin_cloud,0,,,0,absent_true_and_predicted_class
ROI_01057__20190621T160911_20190621T161509_T18UVB,3,cloud_shadow,3597,0.5764600980829246,0.718932443703086,4486,
ROI_01057__20190703T155829_20190703T160727_T18UVB,0,clear,38468,0.8361014662626888,0.9827908911302901,45217,
ROI_01057__20190703T155829_20190703T160727_T18UVB,1,thick_cloud,0,,,0,absent_true_and_predicted_class
ROI_01057__20190703T155829_20190703T160727_T18UVB,2,thin_cloud,11708,0.4008892481810833,0.4235565425350188,12370,
ROI_01057__20190703T155829_20190703T160727_T18UVB,3,cloud_shadow,0,,,0,absent_true_and_predicted_class
ROI_01057__20190921T155939_20190921T160251_T18UVB,0,clear,50176,1.0,1.0,50176,
ROI_01057__20190921T155939_20190921T160251_T18UVB,1,thick_cloud,0,,,0,absent_true_and_predicted_class
ROI_01057__20190921T155939_20190921T160251_T18UVB,2,thin_cloud,0,,,0,absent_true_and_predicted_class
ROI_01057__20190921T155939_20190921T160251_T18UVB,3,cloud_shadow,0,,,0,absent_true_and_predicted_class
ROI_01057__20200705T160911_20200705T161840_T18UVB,0,clear,23720,0.7755806892363747,0.8615092748735245,26348,
ROI_01057__20200705T160911_20200705T161840_T18UVB,1,thick_cloud,15447,0.7943690002341373,0.8785524697352237,17084,
ROI_01057__20200705T160911_20200705T161840_T18UVB,2,thin_cloud,0,,,0,absent_true_and_predicted_class
ROI_01057__20200705T160911_20200705T161840_T18UVB,3,cloud_shadow,11009,0.7249322493224932,0.8747388500317922,13284,
ROI_01071__20190209T085121_20190209T090412_T34NCL,0,clear,50176,1.0,1.0,50176,
ROI_01071__20190209T085121_20190209T090412_T34NCL,1,thick_cloud,0,,,0,absent_true_and_predicted_class
ROI_01071__20190209T085121_20190209T090412_T34NCL,2,thin_cloud,0,,,0,absent_true_and_predicted_class
ROI_01071__20190209T085121_20190209T090412_T34NCL,3,cloud_shadow,0,,,0,absent_true_and_predicted_class
ROI_01071__20190329T085739_20190329T091105_T34NCL,0,clear,42929,0.913209786981468,0.9676675440844185,45489,
ROI_01071__20190329T085739_20190329T091105_T34NCL,1,thick_cloud,6967,0.11655211912943872,0.11683651499928233,6984,
ROI_01071__20190329T085739_20190329T091105_T34NCL,2,thin_cloud,280,0.0,0.0,5524,
ROI_01071__20190329T085739_20190329T091105_T34NCL,3,cloud_shadow,0,,,0,absent_true_and_predicted_class
ROI_01071__20190902T084559_20190902T090541_T34NCL,0,clear,31022,0.8411983902220898,0.9096125330410676,33545,
ROI_01071__20190902T084559_20190902T090541_T34NCL,1,thick_cloud,12747,0.7059049570897912,0.8646740409508119,15614,
ROI_01071__20190902T084559_20190902T090541_T34NCL,2,thin_cloud,0,,,0,absent_true_and_predicted_class
ROI_01071__20190902T084559_20190902T090541_T34NCL,3,cloud_shadow,6407,0.4883576142448014,0.6121429686280631,8031,
ROI_01071__20200422T085549_20200422T091822_T34NCL,0,clear,33791,0.8538901001849143,0.9155988280903199,36233,
ROI_01071__20200422T085549_20200422T091822_T34NCL,1,thick_cloud,10722,0.7007737899242674,0.7939750046633091,12148,
ROI_01071__20200422T085549_20200422T091822_T34NCL,2,thin_cloud,0,,,0,absent_true_and_predicted_class
ROI_01071__20200422T085549_20200422T091822_T34NCL,3,cloud_shadow,5663,0.6228934404977963,0.8484901995408793,7714,
ROI_01071__20200618T084559_20200618T090240_T34NCL,0,clear,16381,0.48210297233835403,0.5138880410231366,17461,
ROI_01071__20200618T084559_20200618T090240_T34NCL,1,thick_cloud,11249,0.521670656419302,0.7361543248288737,15874,
ROI_01071__20200618T084559_20200618T090240_T34NCL,2,thin_cloud,19610,0.5066597474485384,0.7468128505864355,28905,
ROI_01071__20200618T084559_20200618T090240_T34NCL,3,cloud_shadow,2936,0.39201974496092146,0.6491825613079019,4862,
ROI_01077__20190922T013321_20190922T014010_T52LGM,0,clear,4428,0.5148678414096917,0.6334688346883469,5448,
ROI_01077__20190922T013321_20190922T014010_T52LGM,1,thick_cloud,35836,0.88554247828545,0.9616028574617703,38914,
ROI_01077__20190922T013321_20190922T014010_T52LGM,2,thin_cloud,0,,,0,absent_true_and_predicted_class
ROI_01077__20190922T013321_20190922T014010_T52LGM,3,cloud_shadow,9912,0.6196695787561629,0.7227602905569007,11561,
ROI_01077__20191012T013321_20191012T014010_T52LGM,0,clear,40211,0.8277987853787098,0.8982865385093631,43635,
ROI_01077__20191012T013321_20191012T014010_T52LGM,1,thick_cloud,2936,0.4388334311998434,0.7636239782016349,5109,
ROI_01077__20191012T013321_20191012T014010_T52LGM,2,thin_cloud,3615,0.29328018223234625,0.42738589211618255,5268,
ROI_01077__20191012T013321_20191012T014010_T52LGM,3,cloud_shadow,3414,0.44506852392720736,0.5802577621558289,4451,
ROI_01077__20191211T013711_20191211T013709_T52LGM,0,clear,39520,0.898070825163992,0.9388157894736842,41313,
ROI_01077__20191211T013711_20191211T013709_T52LGM,1,thick_cloud,6251,0.6053250773993808,0.7819548872180451,8075,
ROI_01077__20191211T013711_20191211T013709_T52LGM,2,thin_cloud,0,,,0,absent_true_and_predicted_class
ROI_01077__20191211T013711_20191211T013709_T52LGM,3,cloud_shadow,4405,0.6027862118235399,0.7661748013620885,5599,
ROI_01077__20200424T013709_20200424T014000_T52LGM,0,clear,30360,0.7155211242230429,0.7848814229249012,33303,
ROI_01077__20200424T013709_20200424T014000_T52LGM,1,thick_cloud,0,0.0,,1,no_true_class_for_recall
ROI_01077__20200424T013709_20200424T014000_T52LGM,2,thin_cloud,19816,0.640438776284825,0.8514836495761001,26346,
ROI_01077__20200424T013709_20200424T014000_T52LGM,3,cloud_shadow,0,,,0,absent_true_and_predicted_class
ROI_01077__20200718T013721_20200718T013717_T52LGM,0,clear,50176,0.9999800701530612,0.9999800701530612,50176,
ROI_01077__20200718T013721_20200718T013717_T52LGM,1,thick_cloud,0,,,0,absent_true_and_predicted_class
ROI_01077__20200718T013721_20200718T013717_T52LGM,2,thin_cloud,0,,,0,absent_true_and_predicted_class
ROI_01077__20200718T013721_20200718T013717_T52LGM,3,cloud_shadow,0,0.0,,1,no_true_class_for_recall
ROI_01079__20190507T021351_20190507T021348_T51NWJ,0,clear,43626,0.934008158991252,0.9813872461376244,45839,
ROI_01079__20190507T021351_20190507T021348_T51NWJ,1,thick_cloud,4737,0.6442915582000743,0.7314756174794174,5378,
ROI_01079__20190507T021351_20190507T021348_T51NWJ,2,thin_cloud,0,,,0,absent_true_and_predicted_class
ROI_01079__20190507T021351_20190507T021348_T51NWJ,3,cloud_shadow,1813,0.27956989247311825,0.34418091560948705,2232,
ROI_01079__20191111T022329_20191111T022408_T51NWJ,0,clear,19751,0.598370024350246,0.6096400182269253,20123,
ROI_01079__20191111T022329_20191111T022408_T51NWJ,1,thick_cloud,20132,0.6093720428479503,0.7996721637194516,26419,
ROI_01079__20191111T022329_20191111T022408_T51NWJ,2,thin_cloud,2709,0.0,0.0,3139,
ROI_01079__20191111T022329_20191111T022408_T51NWJ,3,cloud_shadow,7584,0.4638123700623701,0.9413238396624473,15392,
ROI_01079__20191121T022329_20191121T022453_T51NWJ,0,clear,50176,0.20184948979591838,0.20184948979591838,50176,
ROI_01079__20191121T022329_20191121T022453_T51NWJ,1,thick_cloud,0,0.0,,22725,no_true_class_for_recall
ROI_01079__20191121T022329_20191121T022453_T51NWJ,2,thin_cloud,0,0.0,,15977,no_true_class_for_recall
ROI_01079__20191121T022329_20191121T022453_T51NWJ,3,cloud_shadow,0,0.0,,1346,no_true_class_for_recall
ROI_01079__20200120T022319_20200120T022500_T51NWJ,0,clear,17313,0.6102011930037408,0.6972217408883498,19782,
ROI_01079__20200120T022319_20200120T022500_T51NWJ,1,thick_cloud,28618,0.8785365687177912,0.8995038087916696,29301,
ROI_01079__20200120T022319_20200120T022500_T51NWJ,2,thin_cloud,0,,,0,absent_true_and_predicted_class
ROI_01079__20200120T022319_20200120T022500_T51NWJ,3,cloud_shadow,4245,0.262999812277079,0.6600706713780918,10654,
ROI_01079__20200723T022331_20200723T022331_T51NWJ,0,clear,14831,0.4146593255333792,0.4874924145371182,17436,
ROI_01079__20200723T022331_20200723T022331_T51NWJ,1,thick_cloud,0,0.0,,29847,no_true_class_for_recall
ROI_01079__20200723T022331_20200723T022331_T51NWJ,2,thin_cloud,35345,0.0799900185765381,0.08162399207808742,36067,
ROI_01079__20200723T022331_20200723T022331_T51NWJ,3,cloud_shadow,0,0.0,,6887,no_true_class_for_recall
ROI_01086__20190717T044711_20190717T044705_T50WME,0,clear,8121,0.3579288025889968,0.40857037310676025,9270,
ROI_01086__20190717T044711_20190717T044705_T50WME,1,thick_cloud,33999,0.7850482502034647,0.9929997941115916,43005,
ROI_01086__20190717T044711_20190717T044705_T50WME,2,thin_cloud,8056,0.0,0.0,8056,
ROI_01086__20190717T044711_20190717T044705_T50WME,3,cloud_shadow,0,0.0,,2942,no_true_class_for_recall
ROI_01086__20200625T042711_20200625T042709_T50WME,0,clear,17111,0.7223903540375655,0.8788498626614458,20817,
ROI_01086__20200625T042711_20200625T042709_T50WME,1,thick_cloud,26188,0.8570112009074153,0.9232472888345807,28212,
ROI_01086__20200625T042711_20200625T042709_T50WME,2,thin_cloud,0,,,0,absent_true_and_predicted_class
ROI_01086__20200625T042711_20200625T042709_T50WME,3,cloud_shadow,6877,0.5432759719566603,0.619746982695943,7845,
ROI_01086__20200628T043711_20200628T043706_T49WFV,0,clear,32879,0.6552734375,1.0,50176,
ROI_01086__20200628T043711_20200628T043706_T49WFV,1,thick_cloud,0,,,0,absent_true_and_predicted_class
ROI_01086__20200628T043711_20200628T043706_T49WFV,2,thin_cloud,17297,0.0,0.0,17297,
ROI_01086__20200628T043711_20200628T043706_T49WFV,3,cloud_shadow,0,,,0,absent_true_and_predicted_class
ROI_01086__20200707T041549_20200707T041551_T49WFV,0,clear,15030,0.7200047587888883,0.8053226879574185,16811,
ROI_01086__20200707T041549_20200707T041551_T49WFV,1,thick_cloud,25527,0.8455866561672274,0.9254514827437615,27938,
ROI_01086__20200707T041549_20200707T041551_T49WFV,2,thin_cloud,0,,,0,absent_true_and_predicted_class
ROI_01086__20200707T041549_20200707T041551_T49WFV,3,cloud_shadow,9619,0.6323094612352168,0.8003950514606508,12176,
ROI_01086__20200710T042709_20200710T042705_T50WME,0,clear,50176,1.0,1.0,50176,
ROI_01086__20200710T042709_20200710T042705_T50WME,1,thick_cloud,0,,,0,absent_true_and_predicted_class
ROI_01086__20200710T042709_20200710T042705_T50WME,2,thin_cloud,0,,,0,absent_true_and_predicted_class
ROI_01086__20200710T042709_20200710T042705_T50WME,3,cloud_shadow,0,,,0,absent_true_and_predicted_class
ROI_01096__20190505T011701_20190505T011656_T54TXN,0,clear,50176,0.9999800701530612,0.9999800701530612,50176,
ROI_01096__20190505T011701_20190505T011656_T54TXN,1,thick_cloud,0,,,0,absent_true_and_predicted_class
ROI_01096__20190505T011701_20190505T011656_T54TXN,2,thin_cloud,0,,,0,absent_true_and_predicted_class
ROI_01096__20190505T011701_20190505T011656_T54TXN,3,cloud_shadow,0,0.0,,1,no_true_class_for_recall
ROI_01096__20190614T011701_20190614T011656_T54TXN,0,clear,48189,0.965353983188557,0.9985681379567951,49847,
ROI_01096__20190614T011701_20190614T011656_T54TXN,1,thick_cloud,1888,0.16811446090955545,0.1742584745762712,1957,
ROI_01096__20190614T011701_20190614T011656_T54TXN,2,thin_cloud,0,,,0,absent_true_and_predicted_class
ROI_01096__20190614T011701_20190614T011656_T54TXN,3,cloud_shadow,99,0.0,0.0,99,
ROI_01096__20190801T012709_20190801T012703_T54TXN,0,clear,447,1.0,1.0,447,
ROI_01096__20190801T012709_20190801T012703_T54TXN,1,thick_cloud,44887,0.9502635116393198,0.9921803640252189,46867,
ROI_01096__20190801T012709_20190801T012703_T54TXN,2,thin_cloud,0,,,0,absent_true_and_predicted_class
ROI_01096__20190801T012709_20190801T012703_T54TXN,3,cloud_shadow,4842,0.5511265164644714,0.5910780669144982,5193,
ROI_01096__20190813T011701_20190813T011656_T54TXN,0,clear,29479,0.8426291722400224,0.9188914142270769,32147,
ROI_01096__20190813T011701_20190813T011656_T54TXN,1,thick_cloud,16701,0.766326148579986,0.8579126998383331,18697,
ROI_01096__20190813T011701_20190813T011656_T54TXN,2,thin_cloud,0,,,0,absent_true_and_predicted_class
ROI_01096__20190813T011701_20190813T011656_T54TXN,3,cloud_shadow,3996,0.43577004968062455,0.6146146146146146,5636,
ROI_01096__20190910T012659_20190910T012656_T54TXN,0,clear,8037,0.6193413486670152,0.7370909543361951,9565,
ROI_01096__20190910T012659_20190910T012656_T54TXN,1,thick_cloud,28847,0.8101304966293524,0.9081706936596526,32338,
ROI_01096__20190910T012659_20190910T012656_T54TXN,2,thin_cloud,0,,,0,absent_true_and_predicted_class
ROI_01096__20190910T012659_20190910T012656_T54TXN,3,cloud_shadow,13292,0.6645801719777441,0.7907764068612699,15816,
ROI_01129__20190105T080321_20190105T080909_T37RFP,0,clear,22226,0.3458688819039066,0.4158643030684784,26724,
ROI_01129__20190105T080321_20190105T080909_T37RFP,1,thick_cloud,21978,0.02037112653690849,0.02042952042952043,22041,
ROI_01129__20190105T080321_20190105T080909_T37RFP,2,thin_cloud,5972,0.10968046778099344,0.6219022103148024,33862,
ROI_01129__20190105T080321_20190105T080909_T37RFP,3,cloud_shadow,0,0.0,,4319,no_true_class_for_recall
ROI_01129__20190130T080159_20190130T080445_T37RFP,0,clear,447,1.0,1.0,447,
ROI_01129__20190130T080159_20190130T080445_T37RFP,1,thick_cloud,46759,0.917922525590096,0.9339806240509848,47577,
ROI_01129__20190130T080159_20190130T080445_T37RFP,2,thin_cloud,334,0.0,0.0,334,
ROI_01129__20190130T080159_20190130T080445_T37RFP,3,cloud_shadow,2636,0.3456937799043062,0.7674506828528073,5852,
ROI_01129__20190530T075619_20190530T080326_T37RFP,0,clear,22773,0.7125063462514808,0.9243841391121065,29545,
ROI_01129__20190530T075619_20190530T080326_T37RFP,1,thick_cloud,8757,0.4387240056531395,0.496288683339043,9906,
ROI_01129__20190530T075619_20190530T080326_T37RFP,2,thin_cloud,1399,0.0,0.0,1399,
ROI_01129__20190530T075619_20190530T080326_T37RFP,3,cloud_shadow,17247,0.6396634615384615,0.7714385110453992,20800,
ROI_01129__20191121T080231_20191121T080831_T37RFP,0,clear,50176,1.0,1.0,50176,
ROI_01129__20191121T080231_20191121T080831_T37RFP,1,thick_cloud,0,,,0,absent_true_and_predicted_class
ROI_01129__20191121T080231_20191121T080831_T37RFP,2,thin_cloud,0,,,0,absent_true_and_predicted_class
ROI_01129__20191121T080231_20191121T080831_T37RFP,3,cloud_shadow,0,,,0,absent_true_and_predicted_class
ROI_01129__20200219T075951_20200219T080811_T37RFP,0,clear,447,1.0,1.0,447,
ROI_01129__20200219T075951_20200219T080811_T37RFP,1,thick_cloud,44219,0.9069242348218766,0.9810262556819467,47832,
ROI_01129__20200219T075951_20200219T080811_T37RFP,2,thin_cloud,694,0.0,0.0,694,
ROI_01129__20200219T075951_20200219T080811_T37RFP,3,cloud_shadow,4816,0.3354553492484527,0.3938953488372093,5655,
ROI_01140__20190106T105431_20190106T110544_T29QPV,0,clear,19959,0.024192336589030805,0.02419960919885766,19965,
ROI_01140__20190106T105431_20190106T110544_T29QPV,1,thick_cloud,19012,0.7062718486530948,0.9032716179255207,24315,
ROI_01140__20190106T105431_20190106T110544_T29QPV,2,thin_cloud,11205,0.19207480646892006,0.22365015618027667,13047,
ROI_01140__20190106T105431_20190106T110544_T29QPV,3,cloud_shadow,0,0.0,,22863,no_true_class_for_recall
ROI_01140__20190119T110401_20190119T111543_T29QPV,0,clear,50176,0.9997807716836735,0.9997807716836735,50176,
ROI_01140__20190119T110401_20190119T111543_T29QPV,1,thick_cloud,0,0.0,,1,no_true_class_for_recall
ROI_01140__20190119T110401_20190119T111543_T29QPV,2,thin_cloud,0,,,0,absent_true_and_predicted_class
ROI_01140__20190119T110401_20190119T111543_T29QPV,3,cloud_shadow,0,0.0,,10,no_true_class_for_recall
ROI_01140__20190531T105039_20190531T105900_T29QPV,0,clear,1942,0.30398089171974524,0.9830072090628218,6280,
ROI_01140__20190531T105039_20190531T105900_T29QPV,1,thick_cloud,42257,0.8628737484959248,0.8994249473460019,44047,
ROI_01140__20190531T105039_20190531T105900_T29QPV,2,thin_cloud,0,,,0,absent_true_and_predicted_class
ROI_01140__20190531T105039_20190531T105900_T29QPV,3,cloud_shadow,5977,0.5593089619003547,0.6066588589593441,6483,
ROI_01140__20191013T105031_20191013T110554_T29QPV,0,clear,24903,0.07376621290607557,0.07376621290607557,24903,
ROI_01140__20191013T105031_20191013T110554_T29QPV,1,thick_cloud,2680,0.07572760666855044,1.0,35390,
ROI_01140__20191013T105031_20191013T110554_T29QPV,2,thin_cloud,18857,0.0,0.0,20506,
ROI_01140__20191013T105031_20191013T110554_T29QPV,3,cloud_shadow,3736,0.3050950438330006,0.940845824411135,11521,
ROI_01140__20200210T105201_20200210T110253_T29QPV,0,clear,11499,0.37677505468836897,0.8837290199147751,26971,
ROI_01140__20200210T105201_20200210T110253_T29QPV,1,thick_cloud,1258,0.35101186322400557,0.7996820349761526,2866,
ROI_01140__20200210T105201_20200210T110253_T29QPV,2,thin_cloud,22336,0.6263280009769202,0.688887893982808,24567,
ROI_01140__20200210T105201_20200210T110253_T29QPV,3,cloud_shadow,15083,0.2849002849002849,0.2850891732413976,15093,
ROI_01144__20180119T092309_20180119T092446_T34RCU,0,clear,50176,0.9989437181122449,0.9989437181122449,50176,
ROI_01144__20180119T092309_20180119T092446_T34RCU,1,thick_cloud,0,0.0,,45,no_true_class_for_recall
ROI_01144__20180119T092309_20180119T092446_T34RCU,2,thin_cloud,0,0.0,,1,no_true_class_for_recall
ROI_01144__20180119T092309_20180119T092446_T34RCU,3,cloud_shadow,0,0.0,,7,no_true_class_for_recall
ROI_01144__20180223T092031_20180223T092713_T34RCU,0,clear,447,0.0681506327184022,1.0,6559,
ROI_01144__20180223T092031_20180223T092713_T34RCU,1,thick_cloud,21119,0.16730867406135425,0.1706993702353331,21547,
ROI_01144__20180223T092031_20180223T092713_T34RCU,2,thin_cloud,17212,0.28257346205341416,0.46595398559144785,28382,
ROI_01144__20180223T092031_20180223T092713_T34RCU,3,cloud_shadow,11398,0.39463063695385153,0.7892612739077031,22796,
ROI_01144__20190119T092311_20190119T092328_T34RCU,0,clear,447,0.4955654101995565,1.0,902,
ROI_01144__20190119T092311_20190119T092328_T34RCU,1,thick_cloud,10084,0.03575927899990309,0.03659262197540659,10319,
ROI_01144__20190119T092311_20190119T092328_T34RCU,2,thin_cloud,35346,0.6596388126286891,0.8701126011429865,46624,
ROI_01144__20190119T092311_20190119T092328_T34RCU,3,cloud_shadow,4299,0.2977334757327637,0.5836240986275878,8427,
ROI_01144__20190208T092141_20190208T092538_T34RCU,0,clear,12049,0.8042744656917885,0.9494563864221097,14224,
ROI_01144__20190208T092141_20190208T092538_T34RCU,1,thick_cloud,30117,0.8252271854601305,0.8563269914002059,31252,
ROI_01144__20190208T092141_20190208T092538_T34RCU,2,thin_cloud,777,0.0,0.0,777,
ROI_01144__20190208T092141_20190208T092538_T34RCU,3,cloud_shadow,7233,0.49680567879325643,0.7740909719341905,11270,
ROI_01144__20190414T092039_20190414T093213_T34RCU,0,clear,1851,0.17369500797811716,0.41166936790923825,4387,
ROI_01144__20190414T092039_20190414T093213_T34RCU,1,thick_cloud,40544,0.7985672863721645,0.8083563535911602,41041,
ROI_01144__20190414T092039_20190414T093213_T34RCU,2,thin_cloud,6153,0.3235843186060983,0.7606045831301804,14463,
ROI_01144__20190414T092039_20190414T093213_T34RCU,3,cloud_shadow,1628,0.04370060437006044,0.05773955773955774,2151,
ROI_01174__20190116T142751_20190116T142749_T20MMT,0,clear,11226,0.5929114819838415,0.895599501158026,16957,
ROI_01174__20190116T142751_20190116T142749_T20MMT,1,thick_cloud,20950,0.6983135540287321,0.8538424821002386,25616,
ROI_01174__20190116T142751_20190116T142749_T20MMT,2,thin_cloud,10996,0.372367527173913,0.39878137504547106,11776,
ROI_01174__20190116T142751_20190116T142749_T20MMT,3,cloud_shadow,7004,0.5345601436265709,0.6801827527127355,8912,
ROI_01174__20190401T142759_20190401T143320_T20MMT,0,clear,32614,0.8253815002547805,0.9436438339363463,37287,
ROI_01174__20190401T142759_20190401T143320_T20MMT,1,thick_cloud,11429,0.6078743741465635,0.7011112083296877,13182,
ROI_01174__20190401T142759_20190401T143320_T20MMT,2,thin_cloud,0,,,0,absent_true_and_predicted_class
ROI_01174__20190401T142759_20190401T143320_T20MMT,3,cloud_shadow,6133,0.44679186228482004,0.5586173161584869,7668,
ROI_01174__20190715T142801_20190715T142758_T20MMT,0,clear,50176,0.9988639987244898,0.9988639987244898,50176,
ROI_01174__20190715T142801_20190715T142758_T20MMT,1,thick_cloud,0,,,0,absent_true_and_predicted_class
ROI_01174__20190715T142801_20190715T142758_T20MMT,2,thin_cloud,0,0.0,,51,no_true_class_for_recall
ROI_01174__20190715T142801_20190715T142758_T20MMT,3,cloud_shadow,0,0.0,,6,no_true_class_for_recall
ROI_01174__20190824T142751_20190824T142754_T20MMT,0,clear,8642,0.17243993934072951,1.0,50116,
ROI_01174__20190824T142751_20190824T142754_T20MMT,1,thick_cloud,0,,,0,absent_true_and_predicted_class
ROI_01174__20190824T142751_20190824T142754_T20MMT,2,thin_cloud,41534,0.0014205229450570617,0.0014205229450570617,41534,
ROI_01174__20190824T142751_20190824T142754_T20MMT,3,cloud_shadow,0,0.0,,1,no_true_class_for_recall
ROI_01174__20200111T142701_20200111T142659_T20MMT,0,clear,447,0.21469740634005763,1.0,2082,
ROI_01174__20200111T142701_20200111T142659_T20MMT,1,thick_cloud,33818,0.5448058025269069,0.5508309184457981,34192,
ROI_01174__20200111T142701_20200111T142659_T20MMT,2,thin_cloud,9707,0.32925284930350357,0.9642526012156176,28428,
ROI_01174__20200111T142701_20200111T142659_T20MMT,3,cloud_shadow,6204,0.11531921471633946,0.12024500322372662,6469,
ROI_01190__20190519T032549_20190519T034051_T47NPA,0,clear,4507,0.2305932054215807,0.29065897492788995,5681,
ROI_01190__20190519T032549_20190519T034051_T47NPA,1,thick_cloud,8875,0.48853615520282184,0.5305915492957747,9639,
ROI_01190__20190519T032549_20190519T034051_T47NPA,2,thin_cloud,35858,0.7932564330079858,0.9474036477215684,42826,
ROI_01190__20190519T032549_20190519T034051_T47NPA,3,cloud_shadow,936,0.3655980271270037,0.6335470085470085,1622,
ROI_01190__20190524T032541_20190524T034646_T47NPA,0,clear,17189,0.28653311389818964,0.29373436500087263,17621,
ROI_01190__20190524T032541_20190524T034646_T47NPA,1,thick_cloud,4896,0.4632156862745098,0.6031454248366013,6375,
ROI_01190__20190524T032541_20190524T034646_T47NPA,2,thin_cloud,24432,0.5604268607538911,0.9328749181401441,40669,
ROI_01190__20190524T032541_20190524T034646_T47NPA,3,cloud_shadow,3659,0.1578324656885944,0.1822902432358568,4226,
ROI_01190__20190703T032541_20190703T033920_T47NPA,0,clear,50176,0.9999800701530612,0.9999800701530612,50176,
ROI_01190__20190703T032541_20190703T033920_T47NPA,1,thick_cloud,0,0.0,,1,no_true_class_for_recall
ROI_01190__20190703T032541_20190703T033920_T47NPA,2,thin_cloud,0,,,0,absent_true_and_predicted_class
ROI_01190__20190703T032541_20190703T033920_T47NPA,3,cloud_shadow,0,,,0,absent_true_and_predicted_class
ROI_01190__20200314T032539_20200314T033902_T47NPA,0,clear,447,0.18357289527720738,1.0,2435,
ROI_01190__20200314T032539_20200314T033902_T47NPA,1,thick_cloud,41696,0.9286802318972377,0.9796623177283192,43985,
ROI_01190__20200314T032539_20200314T033902_T47NPA,2,thin_cloud,4176,0.0,0.0,4176,
ROI_01190__20200314T032539_20200314T033902_T47NPA,3,cloud_shadow,3857,0.3843259162303665,0.6090225563909775,6112,
ROI_01190__20200413T032529_20200413T034714_T47NPA,0,clear,36956,0.9237444324988481,0.9764855503842407,39066,
ROI_01190__20200413T032529_20200413T034714_T47NPA,1,thick_cloud,9561,0.7473571913490447,0.8059826377993934,10311,
ROI_01190__20200413T032529_20200413T034714_T47NPA,2,thin_cloud,0,,,0,absent_true_and_predicted_class
ROI_01190__20200413T032529_20200413T034714_T47NPA,3,cloud_shadow,3659,0.5826355222565006,0.7226018037715223,4538,
ROI_01200__20190821T150729_20190821T150808_T19PDN,0,clear,39037,0.6815186478300076,0.7550528985321618,43249,
ROI_01200__20190821T150729_20190821T150808_T19PDN,1,thick_cloud,8650,0.6099328013439731,0.6715606936416185,9524,
ROI_01200__20190821T150729_20190821T150808_T19PDN,2,thin_cloud,0,0.0,,9019,no_true_class_for_recall
ROI_01200__20190821T150729_20190821T150808_T19PDN,3,cloud_shadow,2489,0.1563713378044476,0.1779831257533146,2833,
ROI_01200__20190824T151709_20190824T151708_T19PDN,0,clear,50176,0.9999402104591837,0.9999402104591837,50176,
ROI_01200__20190824T151709_20190824T151708_T19PDN,1,thick_cloud,0,,,0,absent_true_and_predicted_class
ROI_01200__20190824T151709_20190824T151708_T19PDN,2,thin_cloud,0,,,0,absent_true_and_predicted_class
ROI_01200__20190824T151709_20190824T151708_T19PDN,3,cloud_shadow,0,0.0,,3,no_true_class_for_recall
ROI_01200__20191107T151711_20191107T151707_T19PDN,0,clear,1421,0.47525773195876286,0.6488388458831809,1940,
ROI_01200__20191107T151711_20191107T151707_T19PDN,1,thick_cloud,45668,0.9448144010998454,0.9631032670578962,46552,
ROI_01200__20191107T151711_20191107T151707_T19PDN,2,thin_cloud,0,,,0,absent_true_and_predicted_class
ROI_01200__20191107T151711_20191107T151707_T19PDN,3,cloud_shadow,3087,0.4432454866154804,0.6919339164237124,4819,
ROI_01200__20191207T151701_20191207T151701_T19PDN,0,clear,17346,0.5822464732499335,0.7566585956416465,22542,
ROI_01200__20191207T151701_20191207T151701_T19PDN,1,thick_cloud,17796,0.799913405855929,0.8305237131939762,18477,
ROI_01200__20191207T151701_20191207T151701_T19PDN,2,thin_cloud,9944,0.4738939816660024,0.5978479485116653,12545,
ROI_01200__20191207T151701_20191207T151701_T19PDN,3,cloud_shadow,5090,0.5007539728569772,0.8481335952848723,8621,
ROI_01200__20200505T151711_20200505T151755_T19PDN,0,clear,11904,0.8620957108508494,0.9337197580645161,12893,
ROI_01200__20200505T151711_20200505T151755_T19PDN,1,thick_cloud,33809,0.9325339911651656,0.9615782779733207,34862,
ROI_01200__20200505T151711_20200505T151755_T19PDN,2,thin_cloud,0,,,0,absent_true_and_predicted_class
ROI_01200__20200505T151711_20200505T151755_T19PDN,3,cloud_shadow,4463,0.5326272634096344,0.6986332063634326,5854,
ROI_01218__20181227T160501_20181227T160504_T16PGS,0,clear,3871,0.7144188213370604,0.7923017308189099,4293,
ROI_01218__20181227T160501_20181227T160504_T16PGS,1,thick_cloud,36527,0.9122306635206264,0.9631779231801133,38567,
ROI_01218__20181227T160501_20181227T160504_T16PGS,2,thin_cloud,0,,,0,absent_true_and_predicted_class
ROI_01218__20181227T160501_20181227T160504_T16PGS,3,cloud_shadow,9778,0.6915436005625879,0.8045612599713643,11376,
ROI_01218__20190116T160511_20190116T160507_T16PGS,0,clear,36738,0.9005970924195223,0.9442811258097882,38520,
ROI_01218__20190116T160511_20190116T160507_T16PGS,1,thick_cloud,10377,0.7113053516945659,0.8312614435771417,12127,
ROI_01218__20190116T160511_20190116T160507_T16PGS,2,thin_cloud,0,,,0,absent_true_and_predicted_class
ROI_01218__20190116T160511_20190116T160507_T16PGS,3,cloud_shadow,3061,0.45115856428895956,0.6488075792224763,4402,
ROI_01218__20190205T160511_20190205T160508_T16PGS,0,clear,50176,1.0,1.0,50176,
ROI_01218__20190205T160511_20190205T160508_T16PGS,1,thick_cloud,0,,,0,absent_true_and_predicted_class
ROI_01218__20190205T160511_20190205T160508_T16PGS,2,thin_cloud,0,,,0,absent_true_and_predicted_class
ROI_01218__20190205T160511_20190205T160508_T16PGS,3,cloud_shadow,0,,,0,absent_true_and_predicted_class
ROI_01218__20190720T160519_20190720T160614_T16PGS,0,clear,15748,0.7792500261862365,0.9448183896367792,19094,
ROI_01218__20190720T160519_20190720T160614_T16PGS,1,thick_cloud,31893,0.8599283724631914,0.8808515975292384,32669,
ROI_01218__20190720T160519_20190720T160614_T16PGS,2,thin_cloud,0,,,0,absent_true_and_predicted_class
ROI_01218__20190720T160519_20190720T160614_T16PGS,3,cloud_shadow,2535,0.4608582574772432,0.6990138067061143,3845,
ROI_01218__20191023T160511_20191023T160514_T16PGS,0,clear,1613,0.3798494499131442,0.8133911965282083,3454,
ROI_01218__20191023T160511_20191023T160514_T16PGS,1,thick_cloud,45672,0.9227721084812203,0.948370993168681,46939,
ROI_01218__20191023T160511_20191023T160514_T16PGS,2,thin_cloud,0,,,0,absent_true_and_predicted_class
ROI_01218__20191023T160511_20191023T160514_T16PGS,3,cloud_shadow,2891,0.29851473094716335,0.42407471463161533,4107,
ROI_01232__20190307T155111_20190307T155625_T18UXV,0,clear,39909,0.8394113456229406,0.9447242476634343,44916,
ROI_01232__20190307T155111_20190307T155625_T18UXV,1,thick_cloud,3618,0.4211320754716981,0.7711442786069652,6625,
ROI_01232__20190307T155111_20190307T155625_T18UXV,2,thin_cloud,4444,0.0018001800180018,0.0018001800180018,4444,
ROI_01232__20190307T155111_20190307T155625_T18UXV,3,cloud_shadow,2205,0.13073998245100907,0.20272108843537415,3419,
ROI_01232__20190705T154911_20190705T155424_T18UXV,0,clear,447,0.3443759630200308,1.0,1298,
ROI_01232__20190705T154911_20190705T155424_T18UXV,1,thick_cloud,13587,0.4354472630173565,0.9601825274159123,29960,
ROI_01232__20190705T154911_20190705T155424_T18UXV,2,thin_cloud,28244,0.3450767060990703,0.4244795354765614,34743,
ROI_01232__20190705T154911_20190705T155424_T18UXV,3,cloud_shadow,7898,0.11126425259992483,0.1124335274753102,7981,
ROI_01232__20190908T154809_20190908T154946_T18UXV,0,clear,21553,0.7367222413200413,0.7954809075302742,23272,
ROI_01232__20190908T154809_20190908T154946_T18UXV,1,thick_cloud,18493,0.8545844175723252,0.9056940463959336,19599,
ROI_01232__20190908T154809_20190908T154946_T18UXV,2,thin_cloud,0,,,0,absent_true_and_predicted_class
ROI_01232__20190908T154809_20190908T154946_T18UXV,3,cloud_shadow,10130,0.7088314134608419,0.9658440276406712,13803,
ROI_01232__20200321T154931_20200321T155632_T18UXV,0,clear,29613,0.7064531323598681,0.759700131698916,31845,
ROI_01232__20200321T154931_20200321T155632_T18UXV,1,thick_cloud,9040,0.5092374676394446,0.9574115044247787,16996,
ROI_01232__20200321T154931_20200321T155632_T18UXV,2,thin_cloud,0,,,0,absent_true_and_predicted_class
ROI_01232__20200321T154931_20200321T155632_T18UXV,3,cloud_shadow,11523,0.45765017541347464,0.5547166536492233,13967,
ROI_01232__20200520T154911_20200520T155359_T18UXV,0,clear,50176,1.0,1.0,50176,
ROI_01232__20200520T154911_20200520T155359_T18UXV,1,thick_cloud,0,,,0,absent_true_and_predicted_class
ROI_01232__20200520T154911_20200520T155359_T18UXV,2,thin_cloud,0,,,0,absent_true_and_predicted_class
ROI_01232__20200520T154911_20200520T155359_T18UXV,3,cloud_shadow,0,,,0,absent_true_and_predicted_class
ROI_01237__20190507T174919_20190507T174933_T14VNK,0,clear,3101,0.6361940298507462,0.6597871654305063,3216,
ROI_01237__20190507T174919_20190507T174933_T14VNK,1,thick_cloud,37209,0.8124651928618126,0.9017710768899997,41299,
ROI_01237__20190507T174919_20190507T174933_T14VNK,2,thin_cloud,3141,0.0,0.0,3141,
ROI_01237__20190507T174919_20190507T174933_T14VNK,3,cloud_shadow,6725,0.47493745147096883,0.8185873605947955,11591,
ROI_01237__20190904T174909_20190904T175713_T14VNK,0,clear,50176,0.9931042729591837,0.9931042729591837,50176,
ROI_01237__20190904T174909_20190904T175713_T14VNK,1,thick_cloud,0,0.0,,22,no_true_class_for_recall
ROI_01237__20190904T174909_20190904T175713_T14VNK,2,thin_cloud,0,,,0,absent_true_and_predicted_class
ROI_01237__20190904T174909_20190904T175713_T14VNK,3,cloud_shadow,0,0.0,,324,no_true_class_for_recall
ROI_01237__20200603T175909_20200603T180042_T14VNK,0,clear,1011,0.5416666666666666,0.552917903066271,1032,
ROI_01237__20200603T175909_20200603T180042_T14VNK,1,thick_cloud,46385,0.927205913590212,0.9410585318529697,47078,
ROI_01237__20200603T175909_20200603T180042_T14VNK,2,thin_cloud,0,,,0,absent_true_and_predicted_class
ROI_01237__20200603T175909_20200603T180042_T14VNK,3,cloud_shadow,2780,0.372991452991453,0.7848920863309352,5850,
ROI_01237__20200627T173909_20200627T174744_T14VNK,0,clear,1380,0.3286118980169972,0.336231884057971,1412,
ROI_01237__20200627T173909_20200627T174744_T14VNK,1,thick_cloud,44871,0.9445223053537162,0.9762652938423481,46379,
ROI_01237__20200627T173909_20200627T174744_T14VNK,2,thin_cloud,0,,,0,absent_true_and_predicted_class
ROI_01237__20200627T173909_20200627T174744_T14VNK,3,cloud_shadow,3925,0.5702651515151516,0.7671337579617834,5280,
ROI_01237__20200720T174909_20200720T175738_T14VNK,0,clear,38314,0.8395533141210375,0.9124340971968471,41640,
ROI_01237__20200720T174909_20200720T175738_T14VNK,1,thick_cloud,2509,0.5476392422957308,0.772020725388601,3537,
ROI_01237__20200720T174909_20200720T175738_T14VNK,2,thin_cloud,0,,,0,absent_true_and_predicted_class
ROI_01237__20200720T174909_20200720T175738_T14VNK,3,cloud_shadow,9353,0.48779098160507894,0.6407569763712178,12286,
ROI_01245__20190608T014659_20190608T014659_T56WMU,0,clear,32587,0.6045729466960601,0.6564274097032559,35382,
ROI_01245__20190608T014659_20190608T014659_T56WMU,1,thick_cloud,2158,0.3542882801975752,0.36561631139944395,2227,
ROI_01245__20190608T014659_20190608T014659_T56WMU,2,thin_cloud,13723,0.48039867109634554,0.8956496392917,25585,
ROI_01245__20190608T014659_20190608T014659_T56WMU,3,cloud_shadow,1708,0.4579489962018448,0.49414519906323184,1843,
ROI_01245__20190612T012659_20190612T012702_T56WMU,0,clear,20316,0.8964790023840088,0.9624926166568222,21812,
ROI_01245__20190612T012659_20190612T012702_T56WMU,1,thick_cloud,25206,0.8662244137784242,0.9687376021582162,28189,
ROI_01245__20190612T012659_20190612T012702_T56WMU,2,thin_cloud,3187,0.0,0.0,3187,
ROI_01245__20190612T012659_20190612T012702_T56WMU,3,cloud_shadow,1467,0.46422018348623856,0.6898432174505794,2180,
ROI_01245__20190617T012701_20190617T012658_T56WMU,0,clear,50176,1.0,1.0,50176,
ROI_01245__20190617T012701_20190617T012658_T56WMU,1,thick_cloud,0,,,0,absent_true_and_predicted_class
ROI_01245__20190617T012701_20190617T012658_T56WMU,2,thin_cloud,0,,,0,absent_true_and_predicted_class
ROI_01245__20190617T012701_20190617T012658_T56WMU,3,cloud_shadow,0,,,0,absent_true_and_predicted_class
ROI_01245__20190804T013659_20190804T013700_T56WMU,0,clear,675,0.6651851851851852,0.6651851851851852,675,
ROI_01245__20190804T013659_20190804T013700_T56WMU,1,thick_cloud,41308,0.9352367356650012,0.9515832284303283,42030,
ROI_01245__20190804T013659_20190804T013700_T56WMU,2,thin_cloud,0,,,0,absent_true_and_predicted_class
ROI_01245__20190804T013659_20190804T013700_T56WMU,3,cloud_shadow,8193,0.7373992424978149,0.9267667521054559,10297,
ROI_01245__20200614T013701_20200614T013659_T56WMU,0,clear,40953,0.9637949888270813,0.989988523429297,42066,
ROI_01245__20200614T013701_20200614T013659_T56WMU,1,thick_cloud,2309,0.8808664259927798,0.9510610653962754,2493,
ROI_01245__20200614T013701_20200614T013659_T56WMU,2,thin_cloud,0,,,0,absent_true_and_predicted_class
ROI_01245__20200614T013701_20200614T013659_T56WMU,3,cloud_shadow,6914,0.8107920654737134,0.8453861729823546,7209,
ROI_01256__20190720T054649_20190720T054813_T45WWN,0,clear,50176,0.9999800701530612,0.9999800701530612,50176,
ROI_01256__20190720T054649_20190720T054813_T45WWN,1,thick_cloud,0,0.0,,1,no_true_class_for_recall
ROI_01256__20190720T054649_20190720T054813_T45WWN,2,thin_cloud,0,,,0,absent_true_and_predicted_class
ROI_01256__20190720T054649_20190720T054813_T45WWN,3,cloud_shadow,0,,,0,absent_true_and_predicted_class
ROI_01256__20190801T053651_20190801T053831_T45WWN,0,clear,447,0.8646034816247582,1.0,517,
ROI_01256__20190801T053651_20190801T053831_T45WWN,1,thick_cloud,14502,0.5071571143427431,0.613225761963867,17535,
ROI_01256__20190801T053651_20190801T053831_T45WWN,2,thin_cloud,28993,0.6515471604324593,0.9041837684958438,40235,
ROI_01256__20190801T053651_20190801T053831_T45WWN,3,cloud_shadow,6234,0.0175054704595186,0.017965992941931345,6398,
ROI_01256__20190816T053649_20190816T053944_T45WWN,0,clear,44018,0.9349840498253076,0.978804125584988,46081,
ROI_01256__20190816T053649_20190816T053944_T45WWN,1,thick_cloud,3507,0.5772953178132357,0.6293128029654976,3823,
ROI_01256__20190816T053649_20190816T053944_T45WWN,2,thin_cloud,0,,,0,absent_true_and_predicted_class
ROI_01256__20190816T053649_20190816T053944_T45WWN,3,cloud_shadow,2651,0.547883518462924,0.6884194643530743,3331,
ROI_01256__20200726T053651_20200726T053647_T45WWN,0,clear,6589,0.5713496339273381,0.6277128547579299,7239,
ROI_01256__20200726T053651_20200726T053647_T45WWN,1,thick_cloud,35310,0.816521114304665,0.8367318040215237,36184,
ROI_01256__20200726T053651_20200726T053647_T45WWN,2,thin_cloud,0,,,0,absent_true_and_predicted_class
ROI_01256__20200726T053651_20200726T053647_T45WWN,3,cloud_shadow,8277,0.4914036438285861,0.9254560831219041,15588,
ROI_01256__20200729T054641_20200729T054849_T45WWN,0,clear,30276,0.8068885229144188,0.9385982296208217,35218,
ROI_01256__20200729T054641_20200729T054849_T45WWN,1,thick_cloud,12490,0.6151087200179332,0.6590872698158526,13383,
ROI_01256__20200729T054641_20200729T054849_T45WWN,2,thin_cloud,0,,,0,absent_true_and_predicted_class
ROI_01256__20200729T054641_20200729T054849_T45WWN,3,cloud_shadow,7410,0.6637655613088025,0.8130904183535762,9077,
ROI_01261__20191122T125311_20191122T125309_T23KRS,0,clear,3363,0.4196615632554392,0.7743086529884032,6205,
ROI_01261__20191122T125311_20191122T125309_T23KRS,1,thick_cloud,38460,0.8466279151201065,0.9429797191887676,42837,
ROI_01261__20191122T125311_20191122T125309_T23KRS,2,thin_cloud,5219,0.0,0.0,5219,
ROI_01261__20191122T125311_20191122T125309_T23KRS,3,cloud_shadow,3134,0.45213193885760256,0.7172941927249521,4972,
ROI_01261__20191227T125309_20191227T125303_T24KTB,0,clear,20209,0.7140919787802641,0.8858924241674502,25071,
ROI_01261__20191227T125309_20191227T125303_T24KTB,1,thick_cloud,21498,0.7223985588058677,0.7834217136477812,23314,
ROI_01261__20191227T125309_20191227T125303_T24KTB,2,thin_cloud,0,,,0,absent_true_and_predicted_class
ROI_01261__20191227T125309_20191227T125303_T24KTB,3,cloud_shadow,8469,0.5215125011043379,0.6970126343133782,11319,
ROI_01261__20200129T130239_20200129T130239_T24KTB,0,clear,46755,0.9529083599967183,0.9936905143834884,48756,
ROI_01261__20200129T130239_20200129T130239_T24KTB,1,thick_cloud,1657,0.3895378364652108,0.46288473144236575,1969,
ROI_01261__20200129T130239_20200129T130239_T24KTB,2,thin_cloud,398,0.0,0.0,398,
ROI_01261__20200129T130239_20200129T130239_T24KTB,3,cloud_shadow,1366,0.38068965517241377,0.404099560761347,1450,
ROI_01261__20200520T125311_20200520T125314_T24KTB,0,clear,22045,0.6944024205748865,0.9161261056929009,29084,
ROI_01261__20200520T125311_20200520T125314_T24KTB,1,thick_cloud,20944,0.6662918821677536,0.7073624904507257,22235,
ROI_01261__20200520T125311_20200520T125314_T24KTB,2,thin_cloud,0,,,0,absent_true_and_predicted_class
ROI_01261__20200520T125311_20200520T125314_T24KTB,3,cloud_shadow,7187,0.44556701030927837,0.6013635731181299,9700,
ROI_01261__20200624T125309_20200624T125520_T24KTB,0,clear,50176,1.0,1.0,50176,
ROI_01261__20200624T125309_20200624T125520_T24KTB,1,thick_cloud,0,,,0,absent_true_and_predicted_class
ROI_01261__20200624T125309_20200624T125520_T24KTB,2,thin_cloud,0,,,0,absent_true_and_predicted_class
ROI_01261__20200624T125309_20200624T125520_T24KTB,3,cloud_shadow,0,,,0,absent_true_and_predicted_class
ROI_01276__20191028T031831_20191028T032444_T49RBN,0,clear,34301,0.8706552245250432,0.9405848225999242,37056,
ROI_01276__20191028T031831_20191028T032444_T49RBN,1,thick_cloud,11094,0.638209982788296,0.6684694429421308,11620,
ROI_01276__20191028T031831_20191028T032444_T49RBN,2,thin_cloud,0,,,0,absent_true_and_predicted_class
ROI_01276__20191028T031831_20191028T032444_T49RBN,3,cloud_shadow,4781,0.5514030777188672,0.8918636268563062,7733,
ROI_01276__20191031T032851_20191031T033502_T49RBN,0,clear,50176,1.0,1.0,50176,
ROI_01276__20191031T032851_20191031T033502_T49RBN,1,thick_cloud,0,,,0,absent_true_and_predicted_class
ROI_01276__20191031T032851_20191031T033502_T49RBN,2,thin_cloud,0,,,0,absent_true_and_predicted_class
ROI_01276__20191031T032851_20191031T033502_T49RBN,3,cloud_shadow,0,,,0,absent_true_and_predicted_class
ROI_01276__20200129T033001_20200129T033624_T49RBN,0,clear,39245,0.8467238514393497,0.9608357752579947,44534,
ROI_01276__20200129T033001_20200129T033624_T49RBN,1,thick_cloud,8434,0.3869965477560414,0.3987431823571259,8690,
ROI_01276__20200129T033001_20200129T033624_T49RBN,2,thin_cloud,0,,,0,absent_true_and_predicted_class
ROI_01276__20200129T033001_20200129T033624_T49RBN,3,cloud_shadow,2497,0.4662309368191721,0.7713255907088507,4131,
ROI_01276__20200604T031551_20200604T031600_T49RBN,0,clear,5968,0.7944878126493548,0.8356233243967829,6277,
ROI_01276__20200604T031551_20200604T031600_T49RBN,1,thick_cloud,34247,0.805881511161992,0.9866265658305837,41928,
ROI_01276__20200604T031551_20200604T031600_T49RBN,2,thin_cloud,5571,0.1518746338605741,0.1861425237838808,6828,
ROI_01276__20200604T031551_20200604T031600_T49RBN,3,cloud_shadow,4390,0.18663793103448276,0.19726651480637813,4640,
ROI_01276__20200624T031551_20200624T032157_T49RBN,0,clear,447,1.0,1.0,447,
ROI_01276__20200624T031551_20200624T032157_T49RBN,1,thick_cloud,48022,0.9724702990577632,0.9886302111532215,48820,
ROI_01276__20200624T031551_20200624T032157_T49RBN,2,thin_cloud,0,,,0,absent_true_and_predicted_class
ROI_01276__20200624T031551_20200624T032157_T49RBN,3,cloud_shadow,1707,0.40346205059920104,0.5325131810193322,2253,
ROI_01280__20190922T034539_20190922T035037_T48UXU,0,clear,50176,1.0,1.0,50176,
ROI_01280__20190922T034539_20190922T035037_T48UXU,1,thick_cloud,0,,,0,absent_true_and_predicted_class
ROI_01280__20190922T034539_20190922T035037_T48UXU,2,thin_cloud,0,,,0,absent_true_and_predicted_class
ROI_01280__20190922T034539_20190922T035037_T48UXU,3,cloud_shadow,0,,,0,absent_true_and_predicted_class
ROI_01280__20200611T035539_20200611T035539_T48UXU,0,clear,42617,0.9234534150535738,0.9828472205927212,45358,
ROI_01280__20200611T035539_20200611T035539_T48UXU,1,thick_cloud,3964,0.5657527881040892,0.6142785065590313,4304,
ROI_01280__20200611T035539_20200611T035539_T48UXU,2,thin_cloud,0,,,0,absent_true_and_predicted_class
ROI_01280__20200611T035539_20200611T035539_T48UXU,3,cloud_shadow,3595,0.5070989115002367,0.596105702364395,4226,
ROI_01280__20200616T035541_20200616T040014_T48UXU,0,clear,447,1.0,1.0,447,
ROI_01280__20200616T035541_20200616T040014_T48UXU,1,thick_cloud,45964,0.9314591931545625,0.9378426594726308,46279,
ROI_01280__20200616T035541_20200616T040014_T48UXU,2,thin_cloud,0,0.0,,1908,no_true_class_for_recall
ROI_01280__20200616T035541_20200616T040014_T48UXU,3,cloud_shadow,3765,0.5447492904446547,0.7646746347941568,5285,
ROI_01280__20200623T034541_20200623T035007_T48UXU,0,clear,21688,0.7666438668490652,0.9302379195868683,26316,
ROI_01280__20200623T034541_20200623T035007_T48UXU,1,thick_cloud,19538,0.7422332942555686,0.7777152216194083,20472,
ROI_01280__20200623T034541_20200623T035007_T48UXU,2,thin_cloud,0,,,0,absent_true_and_predicted_class
ROI_01280__20200623T034541_20200623T035007_T48UXU,3,cloud_shadow,8950,0.6266428252123379,0.7831284916201118,11185,
ROI_01280__20200706T035541_20200706T035653_T48UXU,0,clear,6318,0.8105463441152487,0.9439696106362773,7358,
ROI_01280__20200706T035541_20200706T035653_T48UXU,1,thick_cloud,32851,0.9110291102911029,0.9469422544214788,34146,
ROI_01280__20200706T035541_20200706T035653_T48UXU,2,thin_cloud,0,,,0,absent_true_and_predicted_class
ROI_01280__20200706T035541_20200706T035653_T48UXU,3,cloud_shadow,11007,0.7139708776072412,0.8241119287725992,12705,
ROI_01298__20190513T080619_20190513T080937_T38UNA,0,clear,447,0.03888308977035491,1.0,11496,
ROI_01298__20190513T080619_20190513T080937_T38UNA,1,thick_cloud,20368,0.6045925644195113,0.6243617439120188,21034,
ROI_01298__20190513T080619_20190513T080937_T38UNA,2,thin_cloud,11830,0.4113325936411983,0.9087912087912088,26137,
ROI_01298__20190513T080619_20190513T080937_T38UNA,3,cloud_shadow,17531,0.013632992983857168,0.013632992983857168,17531,
ROI_01298__20190629T075619_20190629T080033_T38UNA,0,clear,447,0.045973464979944464,1.0,9723,
ROI_01298__20190629T075619_20190629T080033_T38UNA,1,thick_cloud,739,0.0,0.0,812,
ROI_01298__20190629T075619_20190629T080033_T38UNA,2,thin_cloud,44680,0.8141876039756004,0.8543867502238138,46886,
ROI_01298__20190629T075619_20190629T080033_T38UNA,3,cloud_shadow,4310,0.0,0.0,4310,
ROI_01298__20200608T075621_20200608T080252_T38UNA,0,clear,47672,0.9720427460874203,0.9940845779493204,48753,
ROI_01298__20200608T075621_20200608T080252_T38UNA,1,thick_cloud,1415,0.47700797057020233,0.5498233215547703,1631,
ROI_01298__20200608T075621_20200608T080252_T38UNA,2,thin_cloud,0,,,0,absent_true_and_predicted_class
ROI_01298__20200608T075621_20200608T080252_T38UNA,3,cloud_shadow,1089,0.5358361774744027,0.5766758494031221,1172,
ROI_01298__20200628T075611_20200628T075614_T38UNA,0,clear,50176,1.0,1.0,50176,
ROI_01298__20200628T075611_20200628T075614_T38UNA,1,thick_cloud,0,,,0,absent_true_and_predicted_class
ROI_01298__20200628T075611_20200628T075614_T38UNA,2,thin_cloud,0,,,0,absent_true_and_predicted_class
ROI_01298__20200628T075611_20200628T075614_T38UNA,3,cloud_shadow,0,,,0,absent_true_and_predicted_class
ROI_01298__20200723T075609_20200723T080317_T38UNA,0,clear,40575,0.9166628244732353,0.9799876771410967,43378,
ROI_01298__20200723T075609_20200723T080317_T38UNA,1,thick_cloud,5730,0.5871218249474195,0.6333333333333333,6181,
ROI_01298__20200723T075609_20200723T080317_T38UNA,2,thin_cloud,0,,,0,absent_true_and_predicted_class
ROI_01298__20200723T075609_20200723T080317_T38UNA,3,cloud_shadow,3871,0.6893403332572472,0.7801601653319555,4381,
ROI_01321__20191023T070229_20191023T070227_T39LTD,0,clear,28429,0.8209729118220099,0.9189559956382567,31822,
ROI_01321__20191023T070229_20191023T070227_T39LTD,1,thick_cloud,13316,0.6913781228476614,0.8292279963953139,15971,
ROI_01321__20191023T070229_20191023T070227_T39LTD,2,thin_cloud,0,,,0,absent_true_and_predicted_class
ROI_01321__20191023T070229_20191023T070227_T39LTD,3,cloud_shadow,8431,0.5435218612113919,0.6428656149922903,9972,
ROI_01321__20200205T070221_20200205T070218_T39LTD,0,clear,36031,0.8319439579684763,0.9888151869223724,42825,
ROI_01321__20200205T070221_20200205T070218_T39LTD,1,thick_cloud,7411,0.6685608400247066,0.7302658210767777,8095,
ROI_01321__20200205T070221_20200205T070218_T39LTD,2,thin_cloud,3789,0.0,0.0,3789,
ROI_01321__20200205T070221_20200205T070218_T39LTD,3,cloud_shadow,2945,0.4819703799098519,0.5083191850594228,3106,
ROI_01321__20200316T070221_20200316T070223_T38LRJ,0,clear,2432,0.20416276894293733,0.3589638157894737,4276,
ROI_01321__20200316T070221_20200316T070223_T38LRJ,1,thick_cloud,6661,0.5590972842024735,0.6583095631286594,7843,
ROI_01321__20200316T070221_20200316T070223_T38LRJ,2,thin_cloud,37715,0.8169050838611724,0.9130319501524592,42153,
ROI_01321__20200316T070221_20200316T070223_T38LRJ,3,cloud_shadow,3368,0.6243641912512716,0.7289192399049881,3932,
ROI_01321__20200619T070229_20200619T070229_T39LTD,0,clear,447,1.0,1.0,447,
ROI_01321__20200619T070229_20200619T070229_T39LTD,1,thick_cloud,48232,0.9499270582917257,0.958533753524631,48669,
ROI_01321__20200619T070229_20200619T070229_T39LTD,2,thin_cloud,0,,,0,absent_true_and_predicted_class
ROI_01321__20200619T070229_20200619T070229_T39LTD,3,cloud_shadow,1497,0.3031169573920503,0.7080828323313293,3497,
ROI_01321__20200714T070231_20200714T070231_T39LTD,0,clear,50176,1.0,1.0,50176,
ROI_01321__20200714T070231_20200714T070231_T39LTD,1,thick_cloud,0,,,0,absent_true_and_predicted_class
ROI_01321__20200714T070231_20200714T070231_T39LTD,2,thin_cloud,0,,,0,absent_true_and_predicted_class
ROI_01321__20200714T070231_20200714T070231_T39LTD,3,cloud_shadow,0,,,0,absent_true_and_predicted_class
ROI_01322__20191207T070221_20191207T070224_T39KTB,0,clear,44779,0.9432277591611717,0.9743183188548203,46255,
ROI_01322__20191207T070221_20191207T070224_T39KTB,1,thick_cloud,2903,0.5472492761252962,0.7161557009989666,3799,
ROI_01322__20191207T070221_20191207T070224_T39KTB,2,thin_cloud,0,,,0,absent_true_and_predicted_class
ROI_01322__20191207T070221_20191207T070224_T39KTB,3,cloud_shadow,2494,0.5098684210526315,0.6214915797914996,3040,
ROI_01322__20200405T070221_20200405T070223_T39KTB,0,clear,6361,0.595519864750634,0.6645181575224022,7098,
ROI_01322__20200405T070221_20200405T070223_T39KTB,1,thick_cloud,35012,0.8763558628698108,0.9484176853650177,37891,
ROI_01322__20200405T070221_20200405T070223_T39KTB,2,thin_cloud,0,,,0,absent_true_and_predicted_class
ROI_01322__20200405T070221_20200405T070223_T39KTB,3,cloud_shadow,8803,0.6240942028985508,0.782687720095422,11040,
ROI_01322__20200515T070231_20200515T070232_T39KTB,0,clear,23637,0.7966198037060896,0.8893683631594534,26389,
ROI_01322__20200515T070231_20200515T070232_T39KTB,1,thick_cloud,14645,0.7609575778912163,0.8855582109935132,17043,
ROI_01322__20200515T070231_20200515T070232_T39KTB,2,thin_cloud,0,,,0,absent_true_and_predicted_class
ROI_01322__20200515T070231_20200515T070232_T39KTB,3,cloud_shadow,11894,0.6284801136363637,0.7439885656633597,14080,
ROI_01322__20200604T070231_20200604T070302_T38KRG,0,clear,447,1.0,1.0,447,
ROI_01322__20200604T070231_20200604T070302_T38KRG,1,thick_cloud,47845,0.9673189222415736,0.9867279757550423,48805,
ROI_01322__20200604T070231_20200604T070302_T38KRG,2,thin_cloud,0,,,0,absent_true_and_predicted_class
ROI_01322__20200604T070231_20200604T070302_T38KRG,3,cloud_shadow,1884,0.36681222707423583,0.49044585987261147,2519,
ROI_01322__20200714T070231_20200714T070231_T38KRG,0,clear,50176,1.0,1.0,50176,
ROI_01322__20200714T070231_20200714T070231_T38KRG,1,thick_cloud,0,,,0,absent_true_and_predicted_class
ROI_01322__20200714T070231_20200714T070231_T38KRG,2,thin_cloud,0,,,0,absent_true_and_predicted_class
ROI_01322__20200714T070231_20200714T070231_T38KRG,3,cloud_shadow,0,,,0,absent_true_and_predicted_class
ROI_01330__20181213T140049_20181213T140046_T21JTF,0,clear,5761,0.5755880219666356,0.964242319041833,9651,
ROI_01330__20181213T140049_20181213T140046_T21JTF,1,thick_cloud,32695,0.7839606236552802,0.8135494723963909,33929,
ROI_01330__20181213T140049_20181213T140046_T21JTF,2,thin_cloud,0,,,0,absent_true_and_predicted_class
ROI_01330__20181213T140049_20181213T140046_T21JTF,3,cloud_shadow,11720,0.599298382381602,0.7871160409556314,15393,
ROI_01330__20190112T140049_20190112T140051_T21JTF,0,clear,4179,0.49465781114640484,0.8198133524766691,6926,
ROI_01330__20190112T140049_20190112T140051_T21JTF,1,thick_cloud,36042,0.8282846296909633,0.9020309638754787,39251,
ROI_01330__20190112T140049_20190112T140051_T21JTF,2,thin_cloud,0,,,0,absent_true_and_predicted_class
ROI_01330__20190112T140049_20190112T140051_T21JTF,3,cloud_shadow,9955,0.5179359134415314,0.6251130085384229,12015,
ROI_01330__20200401T140051_20200401T140826_T21JTF,0,clear,447,1.0,1.0,447,
ROI_01330__20200401T140051_20200401T140826_T21JTF,1,thick_cloud,48017,0.9658004961164653,0.9892329799862549,49182,
ROI_01330__20200401T140051_20200401T140826_T21JTF,2,thin_cloud,0,,,0,absent_true_and_predicted_class
ROI_01330__20200401T140051_20200401T140826_T21JTF,3,cloud_shadow,1712,0.24540152534768955,0.3195093457943925,2229,
ROI_01330__20200620T140101_20200620T140058_T21JTF,0,clear,45445,0.925564808707124,0.9880294861921003,48512,
ROI_01330__20200620T140101_20200620T140058_T21JTF,1,thick_cloud,2693,0.4393893129770992,0.5343483104344597,3275,
ROI_01330__20200620T140101_20200620T140058_T21JTF,2,thin_cloud,0,,,0,absent_true_and_predicted_class
ROI_01330__20200620T140101_20200620T140058_T21JTF,3,cloud_shadow,2038,0.06357552581261951,0.06526005888125613,2092,
ROI_01330__20200730T140101_20200730T140058_T21JTF,0,clear,50176,1.0,1.0,50176,
ROI_01330__20200730T140101_20200730T140058_T21JTF,1,thick_cloud,0,,,0,absent_true_and_predicted_class
ROI_01330__20200730T140101_20200730T140058_T21JTF,2,thin_cloud,0,,,0,absent_true_and_predicted_class
ROI_01330__20200730T140101_20200730T140058_T21JTF,3,cloud_shadow,0,,,0,absent_true_and_predicted_class
ROI_01333__20190201T170529_20190201T170648_T14QND,0,clear,44451,0.9065796873242605,0.9066612674630492,44455,
ROI_01333__20190201T170529_20190201T170648_T14QND,1,thick_cloud,0,,,0,absent_true_and_predicted_class
ROI_01333__20190201T170529_20190201T170648_T14QND,2,thin_cloud,5725,0.5794004456147458,0.9993013100436681,9874,
ROI_01333__20190201T170529_20190201T170648_T14QND,3,cloud_shadow,0,,,0,absent_true_and_predicted_class
ROI_01333__20190830T165849_20190830T171517_T14QND,0,clear,447,1.0,1.0,447,
ROI_01333__20190830T165849_20190830T171517_T14QND,1,thick_cloud,47250,0.9535281888223065,0.9900952380952381,49062,
ROI_01333__20190830T165849_20190830T171517_T14QND,2,thin_cloud,0,,,0,absent_true_and_predicted_class
ROI_01333__20190830T165849_20190830T171517_T14QND,3,cloud_shadow,2479,0.22633186291143537,0.2690601048810004,2947,
ROI_01333__20191228T170719_20191228T171451_T14QND,0,clear,24897,0.556643488955111,0.9453347792906776,42282,
ROI_01333__20191228T170719_20191228T171451_T14QND,1,thick_cloud,3712,0.6640926640926641,0.7877155172413793,4403,
ROI_01333__20191228T170719_20191228T171451_T14QND,2,thin_cloud,16672,0.0,0.0,16672,
ROI_01333__20191228T170719_20191228T171451_T14QND,3,cloud_shadow,4895,0.7093947752717832,0.8931562819203268,6163,
ROI_01333__20200607T164901_20200607T170704_T14QND,0,clear,18342,0.8837580411908442,0.9661977974048631,20053,
ROI_01333__20200607T164901_20200607T170704_T14QND,1,thick_cloud,24117,0.8719514537005031,0.9413691586847452,26037,
ROI_01333__20200607T164901_20200607T170704_T14QND,2,thin_cloud,0,,,0,absent_true_and_predicted_class
ROI_01333__20200607T164901_20200607T170704_T14QND,3,cloud_shadow,7717,0.6537588143898649,0.708824672800311,8367,
ROI_01333__20200725T165849_20200725T171158_T14QND,0,clear,50176,1.0,1.0,50176,
ROI_01333__20200725T165849_20200725T171158_T14QND,1,thick_cloud,0,,,0,absent_true_and_predicted_class
ROI_01333__20200725T165849_20200725T171158_T14QND,2,thin_cloud,0,,,0,absent_true_and_predicted_class
ROI_01333__20200725T165849_20200725T171158_T14QND,3,cloud_shadow,0,,,0,absent_true_and_predicted_class
ROI_01346__20190212T181459_20190212T181453_T14VMN,0,clear,50176,0.9998604910714286,0.9998604910714286,50176,
ROI_01346__20190212T181459_20190212T181453_T14VMN,1,thick_cloud,0,0.0,,6,no_true_class_for_recall
ROI_01346__20190212T181459_20190212T181453_T14VMN,2,thin_cloud,0,0.0,,1,no_true_class_for_recall
ROI_01346__20190212T181459_20190212T181453_T14VMN,3,cloud_shadow,0,,,0,absent_true_and_predicted_class
ROI_01346__20190811T180929_20190811T180955_T14VMN,0,clear,1466,0.38813096862210095,0.38813096862210095,1466,
ROI_01346__20190811T180929_20190811T180955_T14VMN,1,thick_cloud,44160,0.9442627184298872,0.9936141304347826,46468,
ROI_01346__20190811T180929_20190811T180955_T14VMN,2,thin_cloud,0,,,0,absent_true_and_predicted_class
ROI_01346__20190811T180929_20190811T180955_T14VMN,3,cloud_shadow,4550,0.5136726167869351,0.5945054945054945,5266,
ROI_01346__20191005T181221_20191005T181658_T14VMN,0,clear,10085,0.42628916851714777,0.6852751611303917,16212,
ROI_01346__20191005T181221_20191005T181658_T14VMN,1,thick_cloud,26083,0.6796591669307419,0.7400605758540045,28401,
ROI_01346__20191005T181221_20191005T181658_T14VMN,2,thin_cloud,0,,,0,absent_true_and_predicted_class
ROI_01346__20191005T181221_20191005T181658_T14VMN,3,cloud_shadow,14008,0.48973207528129575,0.6928897772701313,19819,
ROI_01346__20200613T175919_20200613T180445_T14VMN,0,clear,4033,0.34686763047267505,0.8388296553434168,9753,
ROI_01346__20200613T175919_20200613T180445_T14VMN,1,thick_cloud,32129,0.38814248736595586,0.3920445703258738,32452,
ROI_01346__20200613T175919_20200613T180445_T14VMN,2,thin_cloud,0,0.0,,22231,no_true_class_for_recall
ROI_01346__20200613T175919_20200613T180445_T14VMN,3,cloud_shadow,14014,0.3515693851264321,0.3700585129156558,14751,
ROI_01346__20200718T175921_20200718T180015_T14VMN,0,clear,25175,0.7387431801748504,0.8928301886792452,30426,
ROI_01346__20200718T175921_20200718T180015_T14VMN,1,thick_cloud,480,0.0,0.0,487,
ROI_01346__20200718T175921_20200718T180015_T14VMN,2,thin_cloud,24521,0.6958688429871444,0.7858570205130296,27692,
ROI_01346__20200718T175921_20200718T180015_T14VMN,3,cloud_shadow,0,,,0,absent_true_and_predicted_class
ROI_01348__20190818T112119_20190818T113216_T28QDD,0,clear,3712,0.46129458388375166,0.9407327586206896,7570,
ROI_01348__20190818T112119_20190818T113216_T28QDD,1,thick_cloud,39745,0.782534331465966,0.7942885897597182,40342,
ROI_01348__20190818T112119_20190818T113216_T28QDD,2,thin_cloud,0,,,0,absent_true_and_predicted_class
ROI_01348__20190818T112119_20190818T113216_T28QDD,3,cloud_shadow,6719,0.462263357172907,0.8176812025599047,11885,
ROI_01348__20190831T113319_20190831T113521_T28QDD,0,clear,8929,0.4092236431376498,0.4551461529846567,9931,
ROI_01348__20190831T113319_20190831T113521_T28QDD,1,thick_cloud,28413,0.7252753084781743,0.9619540351247668,37685,
ROI_01348__20190831T113319_20190831T113521_T28QDD,2,thin_cloud,0,,,0,absent_true_and_predicted_class
ROI_01348__20190831T113319_20190831T113521_T28QDD,3,cloud_shadow,12834,0.4776346766375848,0.5374785725416862,14442,
ROI_01348__20191114T113331_20191114T114025_T28QDD,0,clear,32727,0.40554982087558444,0.40816451248204844,32938,
ROI_01348__20191114T113331_20191114T114025_T28QDD,1,thick_cloud,599,0.17234468937875752,0.7178631051752922,2495,
ROI_01348__20191114T113331_20191114T114025_T28QDD,2,thin_cloud,16850,0.40907209668073835,0.8798813056379822,36243,
ROI_01348__20191114T113331_20191114T114025_T28QDD,3,cloud_shadow,0,0.0,,62,no_true_class_for_recall
ROI_01348__20200113T113431_20200113T114014_T28QDD,0,clear,50176,1.0,1.0,50176,
ROI_01348__20200113T113431_20200113T114014_T28QDD,1,thick_cloud,0,,,0,absent_true_and_predicted_class
ROI_01348__20200113T113431_20200113T114014_T28QDD,2,thin_cloud,0,,,0,absent_true_and_predicted_class
ROI_01348__20200113T113431_20200113T114014_T28QDD,3,cloud_shadow,0,,,0,absent_true_and_predicted_class
ROI_01348__20200427T113319_20200427T113745_T28QDD,0,clear,39287,0.8820489935880874,0.9559141700817064,42577,
ROI_01348__20200427T113319_20200427T113745_T28QDD,1,thick_cloud,8572,0.624630021141649,0.6893373775081661,9460,
ROI_01348__20200427T113319_20200427T113745_T28QDD,2,thin_cloud,0,,,0,absent_true_and_predicted_class
ROI_01348__20200427T113319_20200427T113745_T28QDD,3,cloud_shadow,2317,0.3121449824181769,0.49805783340526544,3697,
ROI_01368__20190801T012709_20190801T012703_T55VEH,0,clear,14533,0.6646331409727947,0.8321062409688296,18195,
ROI_01368__20190801T012709_20190801T012703_T55VEH,1,thick_cloud,22664,0.7501505570611262,0.8793681609601129,26568,
ROI_01368__20190801T012709_20190801T012703_T55VEH,2,thin_cloud,0,,,0,absent_true_and_predicted_class
ROI_01368__20190801T012709_20190801T012703_T55VEH,3,cloud_shadow,12979,0.5643919277748274,0.65505817089144,15064,
ROI_01368__20190906T014659_20190906T014653_T55VEH,0,clear,44282,0.9584080791973956,0.9772593830450296,45153,
ROI_01368__20190906T014659_20190906T014653_T55VEH,1,thick_cloud,2621,0.6817217338587451,0.8580694391453644,3299,
ROI_01368__20190906T014659_20190906T014653_T55VEH,2,thin_cloud,0,,,0,absent_true_and_predicted_class
ROI_01368__20190906T014659_20190906T014653_T55VEH,3,cloud_shadow,3273,0.739699863574352,0.8282920867705469,3665,
ROI_01368__20190910T012659_20190910T012656_T55VEH,0,clear,3845,0.40615586116568436,0.8065019505851756,7635,
ROI_01368__20190910T012659_20190910T012656_T55VEH,1,thick_cloud,32968,0.8282236248872858,0.891531181752002,35488,
ROI_01368__20190910T012659_20190910T012656_T55VEH,2,thin_cloud,0,,,0,absent_true_and_predicted_class
ROI_01368__20190910T012659_20190910T012656_T55VEH,3,cloud_shadow,13363,0.6062337662337662,0.6986455137319464,15400,
ROI_01368__20200527T012659_20200527T012656_T55VEH,0,clear,50176,0.9999800701530612,0.9999800701530612,50176,
ROI_01368__20200527T012659_20200527T012656_T55VEH,1,thick_cloud,0,,,0,absent_true_and_predicted_class
ROI_01368__20200527T012659_20200527T012656_T55VEH,2,thin_cloud,0,,,0,absent_true_and_predicted_class
ROI_01368__20200527T012659_20200527T012656_T55VEH,3,cloud_shadow,0,0.0,,1,no_true_class_for_recall
ROI_01368__20200624T013701_20200624T013659_T55VEH,0,clear,30010,0.8999876680231841,0.9727424191936022,32436,
ROI_01368__20200624T013701_20200624T013659_T55VEH,1,thick_cloud,12998,0.8211310182113102,0.8568241267887368,13563,
ROI_01368__20200624T013701_20200624T013659_T55VEH,2,thin_cloud,0,,,0,absent_true_and_predicted_class
ROI_01368__20200624T013701_20200624T013659_T55VEH,3,cloud_shadow,7168,0.7649131638560281,0.8479352678571429,7946,
ROI_01369__20190507T024559_20190507T024554_T53WNM,0,clear,4505,0.6126739709801599,0.918534961154273,6754,
ROI_01369__20190507T024559_20190507T024554_T53WNM,1,thick_cloud,30176,0.73624953857512,0.9253380169671261,37926,
ROI_01369__20190507T024559_20190507T024554_T53WNM,2,thin_cloud,0,,,0,absent_true_and_predicted_class
ROI_01369__20190507T024559_20190507T024554_T53WNM,3,cloud_shadow,15495,0.3684363046250145,0.41026137463697965,17254,
ROI_01369__20190723T023559_20190723T023557_T53WNM,0,clear,50176,0.9965521364795918,0.9965521364795918,50176,
ROI_01369__20190723T023559_20190723T023557_T53WNM,1,thick_cloud,0,0.0,,172,no_true_class_for_recall
ROI_01369__20190723T023559_20190723T023557_T53WNM,2,thin_cloud,0,,,0,absent_true_and_predicted_class
ROI_01369__20190723T023559_20190723T023557_T53WNM,3,cloud_shadow,0,0.0,,1,no_true_class_for_recall
ROI_01369__20190909T024551_20190909T024545_T53WNM,0,clear,27488,0.7276515272925415,0.8258876600698487,31199,
ROI_01369__20190909T024551_20190909T024545_T53WNM,1,thick_cloud,8793,0.6234012707319085,0.8592061867394518,12119,
ROI_01369__20190909T024551_20190909T024545_T53WNM,2,thin_cloud,0,,,0,absent_true_and_predicted_class
ROI_01369__20190909T024551_20190909T024545_T53WNM,3,cloud_shadow,13895,0.5845316290904787,0.71090320259086,16899,
ROI_01369__20200712T023551_20200712T023553_T53WNM,0,clear,15047,0.7790975364504776,0.8238851598325247,15912,
ROI_01369__20200712T023551_20200712T023553_T53WNM,1,thick_cloud,19982,0.8395317107521676,0.95460914823341,22721,
ROI_01369__20200712T023551_20200712T023553_T53WNM,2,thin_cloud,0,,,0,absent_true_and_predicted_class
ROI_01369__20200712T023551_20200712T023553_T53WNM,3,cloud_shadow,15147,0.7810163104280752,0.8756849541163266,16983,
ROI_01369__20200724T022549_20200724T022551_T53WNM,0,clear,31917,0.7859649122807018,0.8000751950371275,32490,
ROI_01369__20200724T022549_20200724T022551_T53WNM,1,thick_cloud,1881,0.0,0.0,4101,
ROI_01369__20200724T022549_20200724T022551_T53WNM,2,thin_cloud,16378,0.5847187098379005,0.8611552082061302,24121,
ROI_01369__20200724T022549_20200724T022551_T53WNM,3,cloud_shadow,0,,,0,absent_true_and_predicted_class
ROI_01392__20180509T101031_20180509T101621_T32SNE,0,clear,23290,0.6860934974511999,0.9477458136539287,32172,
ROI_01392__20180509T101031_20180509T101621_T32SNE,1,thick_cloud,14696,0.533194751201767,0.5585193249863909,15394,
ROI_01392__20180509T101031_20180509T101621_T32SNE,2,thin_cloud,1469,0.0,0.0,1572,
ROI_01392__20180509T101031_20180509T101621_T32SNE,3,cloud_shadow,10721,0.7348748549643627,0.8270683704878277,12066,
ROI_01392__20181115T101251_20181115T101927_T32SNE,0,clear,447,1.0,1.0,447,
ROI_01392__20181115T101251_20181115T101927_T32SNE,1,thick_cloud,29484,0.6655944182674882,0.9965404965404966,44144,
ROI_01392__20181115T101251_20181115T101927_T32SNE,2,thin_cloud,11271,0.0381011315417256,0.03823973028125277,11312,
ROI_01392__20181115T101251_20181115T101927_T32SNE,3,cloud_shadow,8974,0.556323351979818,0.565188321818587,9117,
ROI_01392__20200121T100229_20200121T100529_T32SNE,0,clear,20989,0.7268130015757265,0.9449711753775787,27289,
ROI_01392__20200121T100229_20200121T100529_T32SNE,1,thick_cloud,13488,0.7131638236240747,0.8213967971530249,15535,
ROI_01392__20200121T100229_20200121T100529_T32SNE,2,thin_cloud,0,,,0,absent_true_and_predicted_class
ROI_01392__20200121T100229_20200121T100529_T32SNE,3,cloud_shadow,15699,0.6268337408312958,0.6532263201477801,16360,
ROI_01392__20200408T101021_20200408T101923_T32SNE,0,clear,19722,0.7606985791610285,0.9121285873643646,23648,
ROI_01392__20200408T101021_20200408T101923_T32SNE,1,thick_cloud,17950,0.7437910433022268,0.8392200557103064,20253,
ROI_01392__20200408T101021_20200408T101923_T32SNE,2,thin_cloud,0,,,0,absent_true_and_predicted_class
ROI_01392__20200408T101021_20200408T101923_T32SNE,3,cloud_shadow,12504,0.6834304626232103,0.7596769033909149,13899,
ROI_01392__20200614T100031_20200614T100243_T32SNE,0,clear,50176,0.9999800701530612,0.9999800701530612,50176,
ROI_01392__20200614T100031_20200614T100243_T32SNE,1,thick_cloud,0,0.0,,1,no_true_class_for_recall
ROI_01392__20200614T100031_20200614T100243_T32SNE,2,thin_cloud,0,,,0,absent_true_and_predicted_class
ROI_01392__20200614T100031_20200614T100243_T32SNE,3,cloud_shadow,0,,,0,absent_true_and_predicted_class
ROI_01395__20190612T053641_20190612T053857_T44UQE,0,clear,29042,0.8568865239450563,0.9537221954410853,32324,
ROI_01395__20190612T053641_20190612T053857_T44UQE,1,thick_cloud,11518,0.7291745622678694,0.835214446952596,13193,
ROI_01395__20190612T053641_20190612T053857_T44UQE,2,thin_cloud,0,,,0,absent_true_and_predicted_class
ROI_01395__20190612T053641_20190612T053857_T44UQE,3,cloud_shadow,9616,0.676267942583732,0.7349209650582362,10450,
ROI_01395__20190811T053651_20190811T053645_T45UUV,0,clear,14882,0.7929583308636121,0.8989383147426421,16871,
ROI_01395__20190811T053651_20190811T053645_T45UUV,1,thick_cloud,30824,0.8846012156934979,0.9348235141448222,32574,
ROI_01395__20190811T053651_20190811T053645_T45UUV,2,thin_cloud,0,,,0,absent_true_and_predicted_class
ROI_01395__20190811T053651_20190811T053645_T45UUV,3,cloud_shadow,4470,0.6575993912878068,0.7733780760626399,5257,
ROI_01395__20190823T052649_20190823T052651_T45UUV,0,clear,30519,0.8080338146435562,0.9333202267439955,35251,
ROI_01395__20190823T052649_20190823T052651_T45UUV,1,thick_cloud,10301,0.675463269358041,0.7926414911173673,12088,
ROI_01395__20190823T052649_20190823T052651_T45UUV,2,thin_cloud,0,,,0,absent_true_and_predicted_class
ROI_01395__20190823T052649_20190823T052651_T45UUV,3,cloud_shadow,9356,0.5565490345286788,0.6253740914920907,10513,
ROI_01395__20190917T052651_20190917T052645_T45UUV,0,clear,50176,1.0,1.0,50176,
ROI_01395__20190917T052651_20190917T052645_T45UUV,1,thick_cloud,0,,,0,absent_true_and_predicted_class
ROI_01395__20190917T052651_20190917T052645_T45UUV,2,thin_cloud,0,,,0,absent_true_and_predicted_class
ROI_01395__20190917T052651_20190917T052645_T45UUV,3,cloud_shadow,0,,,0,absent_true_and_predicted_class
ROI_01395__20200606T053651_20200606T053648_T44UQE,0,clear,21067,0.8402989436766732,0.9553329852375754,23951,
ROI_01395__20200606T053651_20200606T053648_T44UQE,1,thick_cloud,16801,0.8103167013556843,0.8573894411046962,17777,
ROI_01395__20200606T053651_20200606T053648_T44UQE,2,thin_cloud,0,,,0,absent_true_and_predicted_class
ROI_01395__20200606T053651_20200606T053648_T44UQE,3,cloud_shadow,12308,0.8110952416748102,0.876665583360416,13303,
ROI_01399__20190305T073809_20190305T080422_T36KWV,0,clear,15109,0.7012364932605547,0.8332781785690648,17954,
ROI_01399__20190305T073809_20190305T080422_T36KWV,1,thick_cloud,21192,0.7858705974648004,0.898121932804832,24219,
ROI_01399__20190305T073809_20190305T080422_T36KWV,2,thin_cloud,0,,,0,absent_true_and_predicted_class
ROI_01399__20190305T073809_20190305T080422_T36KWV,3,cloud_shadow,13875,0.6644312127859605,0.764036036036036,15955,
ROI_01399__20190526T072621_20190526T075408_T36KWV,0,clear,50176,1.0,1.0,50176,
ROI_01399__20190526T072621_20190526T075408_T36KWV,1,thick_cloud,0,,,0,absent_true_and_predicted_class
ROI_01399__20190526T072621_20190526T075408_T36KWV,2,thin_cloud,0,,,0,absent_true_and_predicted_class
ROI_01399__20190526T072621_20190526T075408_T36KWV,3,cloud_shadow,0,,,0,absent_true_and_predicted_class
ROI_01399__20191105T074111_20191105T075932_T36KWV,0,clear,6024,0.6083883129123469,0.8572377158034529,8488,
ROI_01399__20191105T074111_20191105T075932_T36KWV,1,thick_cloud,34155,0.8418774145820205,0.899604743083004,36497,
ROI_01399__20191105T074111_20191105T075932_T36KWV,2,thin_cloud,0,,,0,absent_true_and_predicted_class
ROI_01399__20191105T074111_20191105T075932_T36KWV,3,cloud_shadow,9997,0.6233538923153858,0.7481244373311994,11998,
ROI_01399__20200420T072621_20200420T074849_T36KWV,0,clear,26704,0.8172098749433033,0.9445775913720791,30866,
ROI_01399__20200420T072621_20200420T074849_T36KWV,1,thick_cloud,12121,0.6935355724088118,0.7921788631301048,13845,
ROI_01399__20200420T072621_20200420T074849_T36KWV,2,thin_cloud,0,,,0,absent_true_and_predicted_class
ROI_01399__20200420T072621_20200420T074849_T36KWV,3,cloud_shadow,11351,0.6910390770980583,0.7493612897542067,12309,
ROI_01399__20200508T073609_20200508T075941_T36KWV,0,clear,34528,0.8669967973733078,0.933010889712697,37157,
ROI_01399__20200508T073609_20200508T075941_T36KWV,1,thick_cloud,7799,0.6679563040509786,0.7526605975125016,8788,
ROI_01399__20200508T073609_20200508T075941_T36KWV,2,thin_cloud,0,,,0,absent_true_and_predicted_class
ROI_01399__20200508T073609_20200508T075941_T36KWV,3,cloud_shadow,7849,0.7505362505362505,0.8915785450375844,9324,
ROI_01400__20190606T131249_20190606T131250_T24LTR,0,clear,14727,0.7624003542958371,0.9351531201195084,18064,
ROI_01400__20190606T131249_20190606T131250_T24LTR,1,thick_cloud,23486,0.8450624519988682,0.8901473218087371,24739,
ROI_01400__20190606T131249_20190606T131250_T24LTR,2,thin_cloud,0,,,0,absent_true_and_predicted_class
ROI_01400__20190606T131249_20190606T131250_T24LTR,3,cloud_shadow,11963,0.6497872033470389,0.7529883808409262,13863,
ROI_01400__20191004T131249_20191004T131243_T23LRL,0,clear,37015,0.8964060260053821,0.9629069296231257,39761,
ROI_01400__20191004T131249_20191004T131243_T23LRL,1,thick_cloud,7019,0.6340518285299104,0.7459752101438951,8258,
ROI_01400__20191004T131249_20191004T131243_T23LRL,2,thin_cloud,0,,,0,absent_true_and_predicted_class
ROI_01400__20191004T131249_20191004T131243_T23LRL,3,cloud_shadow,6142,0.5555404671374253,0.6660696841419733,7364,
ROI_01400__20191108T131251_20191108T131245_T23LRL,0,clear,43773,0.8189462649833644,0.8209855390309094,43882,
ROI_01400__20191108T131251_20191108T131245_T23LRL,1,thick_cloud,60,0.0,0.0,557,
ROI_01400__20191108T131251_20191108T131245_T23LRL,2,thin_cloud,6267,0.4112943528235882,0.9192596138503271,14007,
ROI_01400__20191108T131251_20191108T131245_T23LRL,3,cloud_shadow,76,0.0,0.0,208,
ROI_01400__20200312T131239_20200312T131240_T24LTR,0,clear,7296,0.6435110393107162,0.8189418859649122,9285,
ROI_01400__20200312T131239_20200312T131240_T24LTR,1,thick_cloud,32773,0.8551534427920571,0.9106276508101181,34899,
ROI_01400__20200312T131239_20200312T131240_T24LTR,2,thin_cloud,0,,,0,absent_true_and_predicted_class
ROI_01400__20200312T131239_20200312T131240_T24LTR,3,cloud_shadow,10107,0.6110363391655451,0.7636291679034333,12631,
ROI_01400__20200730T131249_20200730T131245_T23LRL,0,clear,50176,1.0,1.0,50176,
ROI_01400__20200730T131249_20200730T131245_T23LRL,1,thick_cloud,0,,,0,absent_true_and_predicted_class
ROI_01400__20200730T131249_20200730T131245_T23LRL,2,thin_cloud,0,,,0,absent_true_and_predicted_class
ROI_01400__20200730T131249_20200730T131245_T23LRL,3,cloud_shadow,0,,,0,absent_true_and_predicted_class
ROI_01403__20191115T083119_20191115T085223_T34KCE,0,clear,36307,0.9310845025846608,0.9723469303440108,37916,
ROI_01403__20191115T083119_20191115T085223_T34KCE,1,thick_cloud,9252,0.7953727506426735,0.8360354517942067,9725,
ROI_01403__20191115T083119_20191115T085223_T34KCE,2,thin_cloud,0,,,0,absent_true_and_predicted_class
ROI_01403__20191115T083119_20191115T085223_T34KCE,3,cloud_shadow,4617,0.7536258158085569,0.9003682044617717,5516,
ROI_01403__20200114T083219_20200114T084628_T34KCE,0,clear,44979,0.9467311827956989,0.9787456368527535,46500,
ROI_01403__20200114T083219_20200114T084628_T34KCE,1,thick_cloud,2709,0.4991408934707904,0.6434108527131783,3492,
ROI_01403__20200114T083219_20200114T084628_T34KCE,2,thin_cloud,0,,,0,absent_true_and_predicted_class
ROI_01403__20200114T083219_20200114T084628_T34KCE,3,cloud_shadow,2488,0.4910743265173645,0.6081189710610932,3081,
ROI_01403__20200228T082901_20200228T085149_T34KCE,0,clear,15723,0.6737151788176887,0.9321376327672836,21754,
ROI_01403__20200228T082901_20200228T085149_T34KCE,1,thick_cloud,21707,0.7097692847414255,0.7922329202561386,24229,
ROI_01403__20200228T082901_20200228T085149_T34KCE,2,thin_cloud,0,,,0,absent_true_and_predicted_class
ROI_01403__20200228T082901_20200228T085149_T34KCE,3,cloud_shadow,12746,0.5375580442502048,0.6176055233014279,14644,
ROI_01403__20200314T082719_20200314T085231_T34KCE,0,clear,447,1.0,1.0,447,
ROI_01403__20200314T082719_20200314T085231_T34KCE,1,thick_cloud,34735,0.7425603895963971,0.9920829134878365,46407,
ROI_01403__20200314T082719_20200314T085231_T34KCE,2,thin_cloud,6193,0.0,0.0,6193,
ROI_01403__20200314T082719_20200314T085231_T34KCE,3,cloud_shadow,8801,0.3660202732481269,0.3774571071469151,9076,
ROI_01403__20200712T082609_20200712T084612_T34KCE,0,clear,50176,0.9971101721938775,0.9971101721938775,50176,
ROI_01403__20200712T082609_20200712T084612_T34KCE,1,thick_cloud,0,0.0,,145,no_true_class_for_recall
ROI_01403__20200712T082609_20200712T084612_T34KCE,2,thin_cloud,0,,,0,absent_true_and_predicted_class
ROI_01403__20200712T082609_20200712T084612_T34KCE,3,cloud_shadow,0,,,0,absent_true_and_predicted_class
ROI_01423__20190508T180921_20190508T181528_T12STF,0,clear,11377,0.7754421943091515,0.7976619495473324,11703,
ROI_01423__20190508T180921_20190508T181528_T12STF,1,thick_cloud,34130,0.9001620307858493,0.9766481101670085,37030,
ROI_01423__20190508T180921_20190508T181528_T12STF,2,thin_cloud,0,,,0,absent_true_and_predicted_class
ROI_01423__20190508T180921_20190508T181528_T12STF,3,cloud_shadow,4669,0.5648997621474686,0.712143928035982,5886,
ROI_01423__20190602T180929_20190602T182216_T11SQA,0,clear,25939,0.8759836782279219,0.9269439839623732,27448,
ROI_01423__20190602T180929_20190602T182216_T11SQA,1,thick_cloud,18502,0.8333500955446043,0.8956869527618636,19886,
ROI_01423__20190602T180929_20190602T182216_T11SQA,2,thin_cloud,0,,,0,absent_true_and_predicted_class
ROI_01423__20190602T180929_20190602T182216_T11SQA,3,cloud_shadow,5735,0.6014979338842975,0.812205754141238,7744,
ROI_01423__20190809T181921_20190809T183133_T12STF,0,clear,8727,0.8349525161008623,0.8764753065199954,9161,
ROI_01423__20190809T181921_20190809T183133_T12STF,1,thick_cloud,27590,0.9041271123678718,0.9734686480608916,29706,
ROI_01423__20190809T181921_20190809T183133_T12STF,2,thin_cloud,0,,,0,absent_true_and_predicted_class
ROI_01423__20190809T181921_20190809T183133_T12STF,3,cloud_shadow,13859,0.7668478616805292,0.8448661519590158,15269,
ROI_01423__20190918T182021_20190918T182459_T12STF,0,clear,50176,0.9999800701530612,0.9999800701530612,50176,
ROI_01423__20190918T182021_20190918T182459_T12STF,1,thick_cloud,0,0.0,,1,no_true_class_for_recall
ROI_01423__20190918T182021_20190918T182459_T12STF,2,thin_cloud,0,,,0,absent_true_and_predicted_class
ROI_01423__20190918T182021_20190918T182459_T12STF,3,cloud_shadow,0,,,0,absent_true_and_predicted_class
ROI_01423__20200128T181609_20200128T182122_T11SQA,0,clear,48025,0.9571308992346939,1.0,50176,
ROI_01423__20200128T181609_20200128T182122_T11SQA,1,thick_cloud,0,,,0,absent_true_and_predicted_class
ROI_01423__20200128T181609_20200128T182122_T11SQA,2,thin_cloud,2151,0.0,0.0,2151,
ROI_01423__20200128T181609_20200128T182122_T11SQA,3,cloud_shadow,0,,,0,absent_true_and_predicted_class
ROI_01424__20190322T182031_20190322T183105_T11SQV,0,clear,43843,0.9357696806897449,0.9852656068243505,46162,
ROI_01424__20190322T182031_20190322T183105_T11SQV,1,thick_cloud,4218,0.5699493280458251,0.6133238501659555,4539,
ROI_01424__20190322T182031_20190322T183105_T11SQV,2,thin_cloud,0,,,0,absent_true_and_predicted_class
ROI_01424__20190322T182031_20190322T183105_T11SQV,3,cloud_shadow,2115,0.4669954476479514,0.5820330969267139,2636,
ROI_01424__20190508T180921_20190508T181528_T12STE,0,clear,21255,0.8189025402623278,0.9282051282051282,24092,
ROI_01424__20190508T180921_20190508T181528_T12STE,1,thick_cloud,20969,0.7797421059825944,0.8161094949687634,21947,
ROI_01424__20190508T180921_20190508T181528_T12STE,2,thin_cloud,0,,,0,absent_true_and_predicted_class
ROI_01424__20190508T180921_20190508T181528_T12STE,3,cloud_shadow,7952,0.5942148006204946,0.8189134808853119,10959,
ROI_01424__20190521T181921_20190521T183010_T12STE,0,clear,18979,0.8752280559497263,0.9099531060645977,19732,
ROI_01424__20190521T181921_20190521T183010_T12STE,1,thick_cloud,25190,0.8988070441204318,0.942159587137753,26405,
ROI_01424__20190521T181921_20190521T183010_T12STE,2,thin_cloud,0,,,0,absent_true_and_predicted_class
ROI_01424__20190521T181921_20190521T183010_T12STE,3,cloud_shadow,6007,0.6871408504660963,0.8957882470451141,7831,
ROI_01424__20191023T182419_20191023T182537_T12STE,0,clear,3916,0.14707981220657276,1.0,26625,
ROI_01424__20191023T182419_20191023T182537_T12STE,1,thick_cloud,0,0.0,,8,no_true_class_for_recall
ROI_01424__20191023T182419_20191023T182537_T12STE,2,thin_cloud,46260,0.5089277993947254,0.5089277993947254,46260,
ROI_01424__20191023T182419_20191023T182537_T12STE,3,cloud_shadow,0,,,0,absent_true_and_predicted_class
ROI_01424__20200303T181231_20200303T182027_T12STE,0,clear,50176,1.0,1.0,50176,
ROI_01424__20200303T181231_20200303T182027_T12STE,1,thick_cloud,0,,,0,absent_true_and_predicted_class
ROI_01424__20200303T181231_20200303T182027_T12STE,2,thin_cloud,0,,,0,absent_true_and_predicted_class
ROI_01424__20200303T181231_20200303T182027_T12STE,3,cloud_shadow,0,,,0,absent_true_and_predicted_class
ROI_01435__20190407T083601_20190407T090337_T33KXS,0,clear,36333,0.7557113533974888,0.7802548647235296,37513,
ROI_01435__20190407T083601_20190407T090337_T33KXS,1,thick_cloud,7177,0.5475586234900011,0.7515675073150342,9851,
ROI_01435__20190407T083601_20190407T090337_T33KXS,2,thin_cloud,0,,,0,absent_true_and_predicted_class
ROI_01435__20190407T083601_20190407T090337_T33KXS,3,cloud_shadow,6666,0.43362634088200236,0.8732373237323733,13424,
ROI_01435__20190701T083609_20190701T085823_T33KXS,0,clear,50176,0.9999601403061225,0.9999601403061225,50176,
ROI_01435__20190701T083609_20190701T085823_T33KXS,1,thick_cloud,0,0.0,,2,no_true_class_for_recall
ROI_01435__20190701T083609_20190701T085823_T33KXS,2,thin_cloud,0,,,0,absent_true_and_predicted_class
ROI_01435__20190701T083609_20190701T085823_T33KXS,3,cloud_shadow,0,,,0,absent_true_and_predicted_class
ROI_01435__20200112T084321_20200112T090335_T33KXS,0,clear,26444,0.8043382923455791,0.9016412040538496,29643,
ROI_01435__20200112T084321_20200112T090335_T33KXS,1,thick_cloud,16261,0.7392204015435379,0.8128651374454215,17881,
ROI_01435__20200112T084321_20200112T090335_T33KXS,2,thin_cloud,0,,,0,absent_true_and_predicted_class
ROI_01435__20200112T084321_20200112T090335_T33KXS,3,cloud_shadow,7471,0.5331583041618048,0.7339044304644626,10284,
ROI_01435__20200201T084151_20200201T085750_T33KXS,0,clear,29750,0.886362927620295,0.9553949579831933,32067,
ROI_01435__20200201T084151_20200201T085750_T33KXS,1,thick_cloud,14696,0.7910158771137215,0.833968426782798,15494,
ROI_01435__20200201T084151_20200201T085750_T33KXS,2,thin_cloud,0,,,0,absent_true_and_predicted_class
ROI_01435__20200201T084151_20200201T085750_T33KXS,3,cloud_shadow,5730,0.6423050847457628,0.8267015706806282,7375,
ROI_01435__20200312T083731_20200312T090440_T33KXS,0,clear,14070,0.6705485930480019,0.806183368869936,16916,
ROI_01435__20200312T083731_20200312T090440_T33KXS,1,thick_cloud,29411,0.7609771277423371,0.8314576178980654,32135,
ROI_01435__20200312T083731_20200312T090440_T33KXS,2,thin_cloud,0,,,0,absent_true_and_predicted_class
ROI_01435__20200312T083731_20200312T090440_T33KXS,3,cloud_shadow,6695,0.5018889857599536,0.7738610903659447,10323,
ROI_01447__20190501T190919_20190501T190921_T11VPL,0,clear,8661,0.6615252784918595,0.802216834083824,10503,
ROI_01447__20190501T190919_20190501T190921_T11VPL,1,thick_cloud,28844,0.8245614035087719,0.9173831646096242,32091,
ROI_01447__20190501T190919_20190501T190921_T11VPL,2,thin_cloud,206,0.0,0.0,206,
ROI_01447__20190501T190919_20190501T190921_T11VPL,3,cloud_shadow,12465,0.6176214405360134,0.7395106297633374,14925,
ROI_01447__20190610T190919_20190610T190921_T11VPL,0,clear,41623,0.8451904113209849,0.9987026403671048,49183,
ROI_01447__20190610T190919_20190610T190921_T11VPL,1,thick_cloud,3140,0.25953488372093025,0.2665605095541401,3225,
ROI_01447__20190610T190919_20190610T190921_T11VPL,2,thin_cloud,5413,0.011508951406649617,0.011638647699981526,5474,
ROI_01447__20190610T190919_20190610T190921_T11VPL,3,cloud_shadow,0,0.0,,1,no_true_class_for_recall
ROI_01447__20190713T191919_20190713T191919_T11VPL,0,clear,10997,0.5476656982636309,0.7371101209420751,14801,
ROI_01447__20190713T191919_20190713T191919_T11VPL,1,thick_cloud,22373,0.7999347391605824,0.8765923211013275,24517,
ROI_01447__20190713T191919_20190713T191919_T11VPL,2,thin_cloud,163,0.0,0.0,163,
ROI_01447__20190713T191919_20190713T191919_T11VPL,3,cloud_shadow,16643,0.6406690750729945,0.7778645676861142,20207,
ROI_01447__20190910T185931_20190910T190602_T11VPL,0,clear,50176,0.9999800701530612,0.9999800701530612,50176,
ROI_01447__20190910T185931_20190910T190602_T11VPL,1,thick_cloud,0,,,0,absent_true_and_predicted_class
ROI_01447__20190910T185931_20190910T190602_T11VPL,2,thin_cloud,0,,,0,absent_true_and_predicted_class
ROI_01447__20190910T185931_20190910T190602_T11VPL,3,cloud_shadow,0,0.0,,1,no_true_class_for_recall
ROI_01447__20200624T190919_20200624T191618_T12VUR,0,clear,10881,0.6231846916111395,0.6704347026927672,11706,
ROI_01447__20200624T190919_20200624T191618_T12VUR,1,thick_cloud,31165,0.8180335436220957,0.8529440077009466,32495,
ROI_01447__20200624T190919_20200624T191618_T12VUR,2,thin_cloud,248,0.0,0.0,248,
ROI_01447__20200624T190919_20200624T191618_T12VUR,3,cloud_shadow,7882,0.4841317970487164,0.9115706673433139,14841,
ROI_01580__20180526T105029_20180526T105635_T31UDP,0,clear,447,0.9675324675324676,1.0,462,
ROI_01580__20180526T105029_20180526T105635_T31UDP,1,thick_cloud,43819,0.9159744743173972,0.9990871539743034,47795,
ROI_01580__20180526T105029_20180526T105635_T31UDP,2,thin_cloud,0,,,0,absent_true_and_predicted_class
ROI_01580__20180526T105029_20180526T105635_T31UDP,3,cloud_shadow,5910,0.32252100840336134,0.32470389170896785,5950,
ROI_01580__20181212T105439_20181212T105647_T31UDP,0,clear,17208,0.6266447368421053,0.8192119944211994,22496,
ROI_01580__20181212T105439_20181212T105647_T31UDP,1,thick_cloud,14824,0.6613403001397412,0.734282245008095,16459,
ROI_01580__20181212T105439_20181212T105647_T31UDP,2,thin_cloud,0,,,0,absent_true_and_predicted_class
ROI_01580__20181212T105439_20181212T105647_T31UDP,3,cloud_shadow,18144,0.7619024579059416,0.8678902116402116,20668,
ROI_01580__20181222T105449_20181222T105730_T31UDP,0,clear,447,0.036920789625836295,1.0,12107,
ROI_01580__20181222T105449_20181222T105730_T31UDP,1,thick_cloud,18183,0.671667628390075,0.768190067645603,20796,
ROI_01580__20181222T105449_20181222T105730_T31UDP,2,thin_cloud,31546,0.0539859356524986,0.05499904900779814,32138,
ROI_01580__20181222T105449_20181222T105730_T31UDP,3,cloud_shadow,0,0.0,,19161,no_true_class_for_recall
ROI_01580__20190215T105131_20190215T105128_T31UDP,0,clear,50176,1.0,1.0,50176,
ROI_01580__20190215T105131_20190215T105128_T31UDP,1,thick_cloud,0,,,0,absent_true_and_predicted_class
ROI_01580__20190215T105131_20190215T105128_T31UDP,2,thin_cloud,0,,,0,absent_true_and_predicted_class
ROI_01580__20190215T105131_20190215T105128_T31UDP,3,cloud_shadow,0,,,0,absent_true_and_predicted_class
ROI_01580__20190720T105039_20190720T105035_T31UDP,0,clear,447,0.8993963782696177,1.0,497,
ROI_01580__20190720T105039_20190720T105035_T31UDP,1,thick_cloud,28968,0.6228868370578527,0.9641328362330848,44838,
ROI_01580__20190720T105039_20190720T105035_T31UDP,2,thin_cloud,0,,,0,absent_true_and_predicted_class
ROI_01580__20190720T105039_20190720T105035_T31UDP,3,cloud_shadow,20761,0.22290566903832912,0.23390010115119694,21785,
ROI_01661__20180107T093351_20180107T093419_T34SCC,0,clear,5983,0.14554247151717167,0.890356008691292,36601,
ROI_01661__20180107T093351_20180107T093419_T34SCC,1,thick_cloud,2642,0.19440765268579838,1.0,13590,
ROI_01661__20180107T093351_20180107T093419_T34SCC,2,thin_cloud,41551,0.0,0.0,41551,
ROI_01661__20180107T093351_20180107T093419_T34SCC,3,cloud_shadow,0,0.0,,641,no_true_class_for_recall
ROI_01661__20180320T092019_20180320T092416_T34SCC,0,clear,50176,0.998664700255102,0.998664700255102,50176,
ROI_01661__20180320T092019_20180320T092416_T34SCC,1,thick_cloud,0,0.0,,67,no_true_class_for_recall
ROI_01661__20180320T092019_20180320T092416_T34SCC,2,thin_cloud,0,,,0,absent_true_and_predicted_class
ROI_01661__20180320T092019_20180320T092416_T34SCC,3,cloud_shadow,0,,,0,absent_true_and_predicted_class
ROI_01661__20180402T093029_20180402T093345_T34SCC,0,clear,20664,0.49097636286201024,0.8926151761517616,37568,
ROI_01661__20180402T093029_20180402T093345_T34SCC,1,thick_cloud,6702,0.48091789405159086,0.8818263205013429,12289,
ROI_01661__20180402T093029_20180402T093345_T34SCC,2,thin_cloud,17848,0.00044822949350067237,0.00044822949350067237,17848,
ROI_01661__20180402T093029_20180402T093345_T34SCC,3,cloud_shadow,4962,0.34284324850056735,0.42623941958887546,6169,
ROI_01661__20190320T092031_20190320T092026_T34SCC,0,clear,3019,0.10021527726226709,0.44716793640278235,13471,
ROI_01661__20190320T092031_20190320T092026_T34SCC,1,thick_cloud,27772,0.7578524004085802,0.854889817081953,31328,
ROI_01661__20190320T092031_20190320T092026_T34SCC,2,thin_cloud,16273,0.0,0.0,16273,
ROI_01661__20190320T092031_20190320T092026_T34SCC,3,cloud_shadow,3112,0.23891023402025846,0.8791773778920309,11452,
ROI_01661__20190328T093039_20190328T093600_T34SCC,0,clear,36022,0.5925495624660108,0.6654544445061351,40454,
ROI_01661__20190328T093039_20190328T093600_T34SCC,1,thick_cloud,8662,0.28867333535414774,0.6596628954052182,19794,
ROI_01661__20190328T093039_20190328T093600_T34SCC,2,thin_cloud,0,0.0,,3,no_true_class_for_recall
ROI_01661__20190328T093039_20190328T093600_T34SCC,3,cloud_shadow,5492,0.12144702842377261,0.20538965768390385,9288,
ROI_01952__20190314T030539_20190314T030800_T50TLP,0,clear,1406,0.40130387540746104,0.7880512091038406,2761,
ROI_01952__20190314T030539_20190314T030800_T50TLP,1,thick_cloud,41182,0.6103674571773793,0.6255888494973532,42209,
ROI_01952__20190314T030539_20190314T030800_T50TLP,2,thin_cloud,3337,0.09685343926406022,0.5552891818999101,19132,
ROI_01952__20190314T030539_20190314T030800_T50TLP,3,cloud_shadow,4251,0.5777777777777777,0.6483180428134556,4770,
ROI_01952__20190630T031541_20190630T032156_T50TLP,0,clear,20382,0.6065949236030496,0.9485820822294181,31873,
ROI_01952__20190630T031541_20190630T032156_T50TLP,1,thick_cloud,9899,0.6129795504478621,0.732801293059905,11834,
ROI_01952__20190630T031541_20190630T032156_T50TLP,2,thin_cloud,7343,0.0,0.0,7343,
ROI_01952__20190630T031541_20190630T032156_T50TLP,3,cloud_shadow,12552,0.5463271836067806,0.63934034416826,14689,
ROI_01952__20190804T031549_20190804T031710_T50TLP,0,clear,7030,0.1643361408673372,0.8576102418207682,36687,
ROI_01952__20190804T031549_20190804T031710_T50TLP,1,thick_cloud,155,0.0,0.0,530,
ROI_01952__20190804T031549_20190804T031710_T50TLP,2,thin_cloud,40337,0.2640405616224649,0.26853757096462305,41024,
ROI_01952__20190804T031549_20190804T031710_T50TLP,3,cloud_shadow,2654,0.6339869281045751,0.7675207234363225,3213,
ROI_01952__20200328T030539_20200328T031148_T50TLP,0,clear,50176,0.9997010522959183,0.9997010522959183,50176,
ROI_01952__20200328T030539_20200328T031148_T50TLP,1,thick_cloud,0,0.0,,15,no_true_class_for_recall
ROI_01952__20200328T030539_20200328T031148_T50TLP,2,thin_cloud,0,,,0,absent_true_and_predicted_class
ROI_01952__20200328T030539_20200328T031148_T50TLP,3,cloud_shadow,0,,,0,absent_true_and_predicted_class
ROI_01952__20200729T031539_20200729T032541_T50TLP,0,clear,17991,0.675090892967988,0.8463120449113446,22554,
ROI_01952__20200729T031539_20200729T032541_T50TLP,1,thick_cloud,20387,0.7317270520543019,0.7984499926423702,22246,
ROI_01952__20200729T031539_20200729T032541_T50TLP,2,thin_cloud,0,,,0,absent_true_and_predicted_class
ROI_01952__20200729T031539_20200729T032541_T50TLP,3,cloud_shadow,11798,0.5959649588531988,0.7611459569418546,15068,
ROI_02193__20180625T105029_20180625T105253_T31UEQ,0,clear,15942,0.6965835275449993,0.8811943294442354,20167,
ROI_02193__20180625T105029_20180625T105253_T31UEQ,1,thick_cloud,25688,0.757133140013604,0.8233027094363127,27933,
ROI_02193__20180625T105029_20180625T105253_T31UEQ,2,thin_cloud,0,,,0,absent_true_and_predicted_class
ROI_02193__20180625T105029_20180625T105253_T31UEQ,3,cloud_shadow,8546,0.4770070148090413,0.6445120524221858,11547,
ROI_02193__20191018T105039_20191018T105338_T31UEQ,0,clear,32569,0.8023460705834969,0.978660689612822,39726,
ROI_02193__20191018T105039_20191018T105338_T31UEQ,1,thick_cloud,8644,0.5835427822095945,0.6177695511337343,9151,
ROI_02193__20191018T105039_20191018T105338_T31UEQ,2,thin_cloud,0,,,0,absent_true_and_predicted_class
ROI_02193__20191018T105039_20191018T105338_T31UEQ,3,cloud_shadow,8963,0.4862949452840021,0.5205846256833649,9595,
ROI_02193__20191117T105229_20191117T105529_T31UEQ,0,clear,16300,0.6958704300056829,0.9014723926380368,21116,
ROI_02193__20191117T105229_20191117T105529_T31UEQ,1,thick_cloud,30347,0.7675841919114255,0.8224206676112961,32515,
ROI_02193__20191117T105229_20191117T105529_T31UEQ,2,thin_cloud,0,,,0,absent_true_and_predicted_class
ROI_02193__20191117T105229_20191117T105529_T31UEQ,3,cloud_shadow,3529,0.1312209953592575,0.2323604420515727,6249,
ROI_02193__20200116T105309_20200116T105304_T31UEQ,0,clear,50176,0.9979073660714286,0.9979073660714286,50176,
ROI_02193__20200116T105309_20200116T105304_T31UEQ,1,thick_cloud,0,,,0,absent_true_and_predicted_class
ROI_02193__20200116T105309_20200116T105304_T31UEQ,2,thin_cloud,0,0.0,,105,no_true_class_for_recall
ROI_02193__20200116T105309_20200116T105304_T31UEQ,3,cloud_shadow,0,,,0,absent_true_and_predicted_class
ROI_02193__20200714T104619_20200714T105055_T31UEQ,0,clear,447,1.0,1.0,447,
ROI_02193__20200714T104619_20200714T105055_T31UEQ,1,thick_cloud,46764,0.9464672866897655,0.9988666495594902,49353,
ROI_02193__20200714T104619_20200714T105055_T31UEQ,2,thin_cloud,0,,,0,absent_true_and_predicted_class
ROI_02193__20200714T104619_20200714T105055_T31UEQ,3,cloud_shadow,2965,0.12458581842279655,0.12681281618887016,3018,
ROI_02299__20190608T182929_20190608T183120_T11TNH,0,clear,6360,0.6052601745833806,0.8394654088050314,8821,
ROI_02299__20190608T182929_20190608T183120_T11TNH,1,thick_cloud,35577,0.8929678315699476,0.939427157995334,37428,
ROI_02299__20190608T182929_20190608T183120_T11TNH,2,thin_cloud,0,,,0,absent_true_and_predicted_class
ROI_02299__20190608T182929_20190608T183120_T11TNH,3,cloud_shadow,8239,0.545637719121499,0.6573613302585265,9926,
ROI_02299__20190721T183929_20190721T184610_T11TNH,0,clear,50176,1.0,1.0,50176,
ROI_02299__20190721T183929_20190721T184610_T11TNH,1,thick_cloud,0,,,0,absent_true_and_predicted_class
ROI_02299__20190721T183929_20190721T184610_T11TNH,2,thin_cloud,0,,,0,absent_true_and_predicted_class
ROI_02299__20190721T183929_20190721T184610_T11TNH,3,cloud_shadow,0,,,0,absent_true_and_predicted_class
ROI_02299__20190911T182921_20190911T183249_T11TNH,0,clear,16843,0.739847959969207,0.9129608739535712,20784,
ROI_02299__20190911T182921_20190911T183249_T11TNH,1,thick_cloud,20548,0.7670529947801469,0.8438777496593343,22606,
ROI_02299__20190911T182921_20190911T183249_T11TNH,2,thin_cloud,0,,,0,absent_true_and_predicted_class
ROI_02299__20190911T182921_20190911T183249_T11TNH,3,cloud_shadow,12785,0.6476384641522256,0.745404771216269,14715,
ROI_02299__20200403T182919_20200403T183109_T11TNH,0,clear,2800,0.48339100346020764,0.49892857142857144,2890,
ROI_02299__20200403T182919_20200403T183109_T11TNH,1,thick_cloud,44033,0.9433773900210517,0.9871687143733109,46077,
ROI_02299__20200403T182919_20200403T183109_T11TNH,2,thin_cloud,0,,,0,absent_true_and_predicted_class
ROI_02299__20200403T182919_20200403T183109_T11TNH,3,cloud_shadow,3343,0.5523809523809524,0.6939874364343405,4200,
ROI_02299__20200602T182919_20200602T183556_T11TNH,0,clear,35726,0.8886178653041312,0.9687342551643061,38947,
ROI_02299__20200602T182919_20200602T183556_T11TNH,1,thick_cloud,10304,0.6979628791308284,0.7481560559006211,11045,
ROI_02299__20200602T182919_20200602T183556_T11TNH,2,thin_cloud,0,,,0,absent_true_and_predicted_class
ROI_02299__20200602T182919_20200602T183556_T11TNH,3,cloud_shadow,4146,0.4981371087928465,0.6449589966232513,5368,
ROI_02301__20190507T183921_20190507T185033_T11TMG,0,clear,3503,0.2310022026431718,0.23950899229232087,3632,
ROI_02301__20190507T183921_20190507T185033_T11TMG,1,thick_cloud,24749,0.6828737907385207,0.9896965533960969,35869,
ROI_02301__20190507T183921_20190507T185033_T11TMG,2,thin_cloud,12363,0.20634612899056481,0.25827064628326457,15474,
ROI_02301__20190507T183921_20190507T185033_T11TMG,3,cloud_shadow,9561,0.6718920527830142,0.7082941114946135,10079,
ROI_02301__20190601T183929_20190601T185229_T11TMG,0,clear,5871,0.6018653453803556,0.7034576733094873,6862,
ROI_02301__20190601T183929_20190601T185229_T11TMG,1,thick_cloud,32330,0.8681827159100528,0.9517785338694711,35443,
ROI_02301__20190601T183929_20190601T185229_T11TMG,2,thin_cloud,0,,,0,absent_true_and_predicted_class
ROI_02301__20190601T183929_20190601T185229_T11TMG,3,cloud_shadow,11975,0.6875182268883057,0.7874739039665971,13716,
ROI_02301__20190904T183921_20190904T184852_T11TMG,0,clear,30512,0.6853237214363439,0.9907905086523335,44112,
ROI_02301__20190904T183921_20190904T184852_T11TMG,1,thick_cloud,3264,0.42664698283816205,0.7083333333333334,5419,
ROI_02301__20190904T183921_20190904T184852_T11TMG,2,thin_cloud,13022,0.0,0.0,13022,
ROI_02301__20190904T183921_20190904T184852_T11TMG,3,cloud_shadow,3378,0.3641318453153387,0.4153345174659562,3853,
ROI_02301__20191108T184559_20191108T184559_T11TMG,0,clear,50176,0.9999800701530612,0.9999800701530612,50176,
ROI_02301__20191108T184559_20191108T184559_T11TMG,1,thick_cloud,0,0.0,,1,no_true_class_for_recall
ROI_02301__20191108T184559_20191108T184559_T11TMG,2,thin_cloud,0,,,0,absent_true_and_predicted_class
ROI_02301__20191108T184559_20191108T184559_T11TMG,3,cloud_shadow,0,,,0,absent_true_and_predicted_class
ROI_02301__20200521T183921_20200521T184912_T11TMG,0,clear,38044,0.8109856720014669,0.8138208390284933,38177,
ROI_02301__20200521T183921_20200521T184912_T11TMG,1,thick_cloud,0,,,0,absent_true_and_predicted_class
ROI_02301__20200521T183921_20200521T184912_T11TMG,2,thin_cloud,12132,0.6244600572469425,0.9890372568414112,19215,
ROI_02301__20200521T183921_20200521T184912_T11TMG,3,cloud_shadow,0,,,0,absent_true_and_predicted_class
ROI_02519__20190206T144729_20190206T145614_T19LCD,0,clear,15561,0.8296537437111572,0.9007775849881113,16895,
ROI_02519__20190206T144729_20190206T145614_T19LCD,1,thick_cloud,25885,0.8491050417171789,0.9199922735174811,28046,
ROI_02519__20190206T144729_20190206T145614_T19LCD,2,thin_cloud,0,,,0,absent_true_and_predicted_class
ROI_02519__20190206T144729_20190206T145614_T19LCD,3,cloud_shadow,8730,0.625219561800869,0.7746849942726232,10817,
ROI_02519__20191103T144729_20191103T145605_T19LCD,0,clear,43190,0.9441851204566069,0.9881917110442232,45203,
ROI_02519__20191103T144729_20191103T145605_T19LCD,1,thick_cloud,4062,0.5795268212696182,0.6090595765632694,4269,
ROI_02519__20191103T144729_20191103T145605_T19LCD,2,thin_cloud,0,,,0,absent_true_and_predicted_class
ROI_02519__20191103T144729_20191103T145605_T19LCD,3,cloud_shadow,2924,0.4915342537119041,0.6453488372093024,3839,
ROI_02519__20191121T145731_20191121T150656_T19LCD,0,clear,23369,0.810317552185824,0.8986691771149814,25917,
ROI_02519__20191121T145731_20191121T150656_T19LCD,1,thick_cloud,13989,0.7680790258449304,0.8837658159982844,16096,
ROI_02519__20191121T145731_20191121T150656_T19LCD,2,thin_cloud,0,,,0,absent_true_and_predicted_class
ROI_02519__20191121T145731_20191121T150656_T19LCD,3,cloud_shadow,12818,0.6957495926127105,0.799422686846622,14728,
ROI_02519__20191203T144719_20191203T144720_T19LCD,0,clear,3616,0.6117558022199798,0.6706305309734514,3964,
ROI_02519__20191203T144719_20191203T144720_T19LCD,1,thick_cloud,41010,0.9333028675882554,0.9960009753718605,43765,
ROI_02519__20191203T144719_20191203T144720_T19LCD,2,thin_cloud,0,,,0,absent_true_and_predicted_class
ROI_02519__20191203T144719_20191203T144720_T19LCD,3,cloud_shadow,5550,0.6306887532693984,0.6517117117117117,5735,
ROI_02519__20200730T144729_20200730T145622_T19LCD,0,clear,50176,0.8879743303571429,0.8879743303571429,50176,
ROI_02519__20200730T144729_20200730T145622_T19LCD,1,thick_cloud,0,,,0,absent_true_and_predicted_class
ROI_02519__20200730T144729_20200730T145622_T19LCD,2,thin_cloud,0,0.0,,5621,no_true_class_for_recall
ROI_02519__20200730T144729_20200730T145622_T19LCD,3,cloud_shadow,0,,,0,absent_true_and_predicted_class
ROI_02537__20190112T140049_20190112T141130_T20HNG,0,clear,40602,0.9020147374312097,0.9527116890793557,42884,
ROI_02537__20190112T140049_20190112T141130_T20HNG,1,thick_cloud,5637,0.5742574257425742,0.679084619478446,6666,
ROI_02537__20190112T140049_20190112T141130_T20HNG,2,thin_cloud,0,,,0,absent_true_and_predicted_class
ROI_02537__20190112T140049_20190112T141130_T20HNG,3,cloud_shadow,3937,0.5112083105522143,0.7124714249428499,5487,
ROI_02537__20190805T140101_20190805T140831_T20HNG,0,clear,50176,0.9808872767857143,0.9808872767857143,50176,
ROI_02537__20190805T140101_20190805T140831_T20HNG,1,thick_cloud,0,0.0,,1,no_true_class_for_recall
ROI_02537__20190805T140101_20190805T140831_T20HNG,2,thin_cloud,0,,,0,absent_true_and_predicted_class
ROI_02537__20190805T140101_20190805T140831_T20HNG,3,cloud_shadow,0,0.0,,958,no_true_class_for_recall
ROI_02537__20191002T141049_20191002T141614_T20HNG,0,clear,28187,0.6656534082762181,0.8235001951254124,34871,
ROI_02537__20191002T141049_20191002T141614_T20HNG,1,thick_cloud,4298,0.3634193475048312,0.7438343415542112,8797,
ROI_02537__20191002T141049_20191002T141614_T20HNG,2,thin_cloud,6140,0.0,0.0,6140,
ROI_02537__20191002T141049_20191002T141614_T20HNG,3,cloud_shadow,11551,0.5644648992026966,0.7538741234525149,15427,
ROI_02537__20200120T140639_20200120T141746_T20HNG,0,clear,45216,0.918183983199463,0.9379423213021939,46189,
ROI_02537__20200120T140639_20200120T141746_T20HNG,1,thick_cloud,2566,0.5064834024896265,0.7611067809820733,3856,
ROI_02537__20200120T140639_20200120T141746_T20HNG,2,thin_cloud,0,,,0,absent_true_and_predicted_class
ROI_02537__20200120T140639_20200120T141746_T20HNG,3,cloud_shadow,2394,0.29895104895104896,0.5714285714285714,4576,
ROI_02537__20200312T140051_20200312T140048_T20HNG,0,clear,14364,0.4418208054571691,0.46895015316067945,15246,
ROI_02537__20200312T140051_20200312T140048_T20HNG,1,thick_cloud,1283,0.47017543859649125,0.8355416991426344,2280,
ROI_02537__20200312T140051_20200312T140048_T20HNG,2,thin_cloud,34529,0.7675388428176533,0.9328101016536824,41964,
ROI_02537__20200312T140051_20200312T140048_T20HNG,3,cloud_shadow,0,0.0,,845,no_true_class_for_recall
ROI_02582__20190117T140051_20190117T140048_T20HPH,0,clear,512,0.873046875,0.873046875,512,
ROI_02582__20190117T140051_20190117T140048_T20HPH,1,thick_cloud,44236,0.9122548816384064,0.9948684329505381,48242,
ROI_02582__20190117T140051_20190117T140048_T20HPH,2,thin_cloud,1229,0.0,0.0,1229,
ROI_02582__20190117T140051_20190117T140048_T20HPH,3,cloud_shadow,4199,0.3350643486114247,0.3534174803524649,4429,
ROI_02582__20190318T140051_20190318T140226_T20HPH,0,clear,50176,0.9633689413265306,0.9633689413265306,50176,
ROI_02582__20190318T140051_20190318T140226_T20HPH,1,thick_cloud,0,0.0,,213,no_true_class_for_recall
ROI_02582__20190318T140051_20190318T140226_T20HPH,2,thin_cloud,0,,,0,absent_true_and_predicted_class
ROI_02582__20190318T140051_20190318T140226_T20HPH,3,cloud_shadow,0,0.0,,1625,no_true_class_for_recall
ROI_02582__20191009T140059_20191009T140053_T20HPH,0,clear,36889,0.857125364288688,0.9487652145626068,40833,
ROI_02582__20191009T140059_20191009T140053_T20HPH,1,thick_cloud,8478,0.7246814535158094,0.9056381221986317,10595,
ROI_02582__20191009T140059_20191009T140053_T20HPH,2,thin_cloud,4688,0.010622786919391794,0.010878839590443687,4801,
ROI_02582__20191009T140059_20191009T140053_T20HPH,3,cloud_shadow,121,0.0,0.0,1395,
ROI_02582__20191208T140049_20191208T140046_T20HPH,0,clear,604,0.7805255023183926,0.8360927152317881,647,
ROI_02582__20191208T140049_20191208T140046_T20HPH,1,thick_cloud,46392,0.9450385476249689,0.9829280910501811,48252,
ROI_02582__20191208T140049_20191208T140046_T20HPH,2,thin_cloud,0,,,0,absent_true_and_predicted_class
ROI_02582__20191208T140049_20191208T140046_T20HPH,3,cloud_shadow,3180,0.33001740860482465,0.41729559748427675,4021,
ROI_02582__20200206T135639_20200206T140850_T20HPH,0,clear,16179,0.604566394977978,0.7381173125656716,19753,
ROI_02582__20200206T135639_20200206T140850_T20HPH,1,thick_cloud,22472,0.7421481933221528,0.8664560341758633,26236,
ROI_02582__20200206T135639_20200206T140850_T20HPH,2,thin_cloud,1385,0.0,0.0,1389,
ROI_02582__20200206T135639_20200206T140850_T20HPH,3,cloud_shadow,10140,0.4598821856591509,0.6698224852071006,14769,
ROI_02696__20190109T152639_20190109T153112_T18NXM,0,clear,20500,0.6967665453950864,0.8314634146341463,24463,
ROI_02696__20190109T152639_20190109T153112_T18NXM,1,thick_cloud,18398,0.691345297783609,0.8019349929340146,21341,
ROI_02696__20190109T152639_20190109T153112_T18NXM,2,thin_cloud,0,,,0,absent_true_and_predicted_class
ROI_02696__20190109T152639_20190109T153112_T18NXM,3,cloud_shadow,11278,0.5758520365752285,0.7370987763787906,14436,
ROI_02696__20190404T152641_20190404T152640_T18NXM,0,clear,5465,0.5627112914131169,0.6091491308325709,5916,
ROI_02696__20190404T152641_20190404T152640_T18NXM,1,thick_cloud,39589,0.8793863808801214,0.9368511455202203,42176,
ROI_02696__20190404T152641_20190404T152640_T18NXM,2,thin_cloud,0,,,0,absent_true_and_predicted_class
ROI_02696__20190404T152641_20190404T152640_T18NXM,3,cloud_shadow,5122,0.37906137184115524,0.6354939476766888,8587,
ROI_02696__20200104T152639_20200104T153054_T18NXM,0,clear,41127,0.8876135608242854,0.9740073431079339,45130,
ROI_02696__20200104T152639_20200104T153054_T18NXM,1,thick_cloud,4797,0.44605700297254763,0.5317907025224098,5719,
ROI_02696__20200104T152639_20200104T153054_T18NXM,2,thin_cloud,0,,,0,absent_true_and_predicted_class
ROI_02696__20200104T152639_20200104T153054_T18NXM,3,cloud_shadow,4252,0.3496476115896633,0.42003762935089367,5108,
ROI_02696__20200218T152631_20200218T152633_T18NXM,0,clear,34754,0.8775715282623866,0.9046152960810266,35825,
ROI_02696__20200218T152631_20200218T152633_T18NXM,1,thick_cloud,0,,,0,absent_true_and_predicted_class
ROI_02696__20200218T152631_20200218T152633_T18NXM,2,thin_cloud,15422,0.7659177029407056,0.9305537543768643,18737,
ROI_02696__20200218T152631_20200218T152633_T18NXM,3,cloud_shadow,0,,,0,absent_true_and_predicted_class
ROI_02696__20200304T152639_20200304T152636_T18NXM,0,clear,50176,1.0,1.0,50176,
ROI_02696__20200304T152639_20200304T152636_T18NXM,1,thick_cloud,0,,,0,absent_true_and_predicted_class
ROI_02696__20200304T152639_20200304T152636_T18NXM,2,thin_cloud,0,,,0,absent_true_and_predicted_class
ROI_02696__20200304T152639_20200304T152636_T18NXM,3,cloud_shadow,0,,,0,absent_true_and_predicted_class
ROI_02780__20190323T074611_20190323T080452_T35HLB,0,clear,41283,0.8540505881312461,0.9356635903398494,45228,
ROI_02780__20190323T074611_20190323T080452_T35HLB,1,thick_cloud,7193,0.5361795434025538,0.5779229806756568,7753,
ROI_02780__20190323T074611_20190323T080452_T35HLB,2,thin_cloud,0,,,0,absent_true_and_predicted_class
ROI_02780__20190323T074611_20190323T080452_T35HLB,3,cloud_shadow,1700,0.08439716312056737,0.21,4230,
ROI_02780__20190525T075611_20190525T082742_T35HLB,0,clear,3913,0.10105549169192184,0.24712496805520062,9569,
ROI_02780__20190525T075611_20190525T082742_T35HLB,1,thick_cloud,34365,0.7155588562940958,0.7289684271788156,35009,
ROI_02780__20190525T075611_20190525T082742_T35HLB,2,thin_cloud,0,,,0,absent_true_and_predicted_class
ROI_02780__20190525T075611_20190525T082742_T35HLB,3,cloud_shadow,11898,0.4773844397001142,0.808119011598588,20141,
ROI_02780__20191218T075331_20191218T081511_T35HLB,0,clear,447,0.10844250363901019,1.0,4122,
ROI_02780__20191218T075331_20191218T081511_T35HLB,1,thick_cloud,26936,0.683081871792908,0.9933546183546184,39171,
ROI_02780__20191218T075331_20191218T081511_T35HLB,2,thin_cloud,21930,0.0010487916096671226,0.0010487916096671226,21930,
ROI_02780__20191218T075331_20191218T081511_T35HLB,3,cloud_shadow,863,0.0030464584920030465,0.027809965237543453,7878,
ROI_02780__20200112T075209_20200112T081135_T35HLB,0,clear,17723,0.5589375448671932,0.6589742142978051,20895,
ROI_02780__20200112T075209_20200112T081135_T35HLB,1,thick_cloud,28173,0.7568941241114049,0.7823093032335925,29119,
ROI_02780__20200112T075209_20200112T081135_T35HLB,2,thin_cloud,0,,,0,absent_true_and_predicted_class
ROI_02780__20200112T075209_20200112T081135_T35HLB,3,cloud_shadow,4280,0.2338703689954711,0.735981308411215,13469,
ROI_02780__20200404T075609_20200404T082657_T35HLB,0,clear,50176,0.998664700255102,0.998664700255102,50176,
ROI_02780__20200404T075609_20200404T082657_T35HLB,1,thick_cloud,0,0.0,,66,no_true_class_for_recall
ROI_02780__20200404T075609_20200404T082657_T35HLB,2,thin_cloud,0,,,0,absent_true_and_predicted_class
ROI_02780__20200404T075609_20200404T082657_T35HLB,3,cloud_shadow,0,0.0,,1,no_true_class_for_recall
ROI_02874__20180411T100029_20180411T100024_T33TWL,0,clear,46248,0.9217155612244898,1.0,50176,
ROI_02874__20180411T100029_20180411T100024_T33TWL,1,thick_cloud,702,0.0,0.0,702,
ROI_02874__20180411T100029_20180411T100024_T33TWL,2,thin_cloud,3226,0.0,0.0,3226,
ROI_02874__20180411T100029_20180411T100024_T33TWL,3,cloud_shadow,0,,,0,absent_true_and_predicted_class
ROI_02874__20190406T100029_20190406T100222_T33TWL,0,clear,3803,0.5959854793935512,0.7338942939784381,4683,
ROI_02874__20190406T100029_20190406T100222_T33TWL,1,thick_cloud,34646,0.8649257580281766,0.919673266755181,36839,
ROI_02874__20190406T100029_20190406T100222_T33TWL,2,thin_cloud,0,,,0,absent_true_and_predicted_class
ROI_02874__20190406T100029_20190406T100222_T33TWL,3,cloud_shadow,11727,0.6502389078498294,0.8123134646542167,14650,
ROI_02874__20190605T100039_20190605T100530_T33TWL,0,clear,21268,0.7417184057680754,0.8706507429001317,24965,
ROI_02874__20190605T100039_20190605T100530_T33TWL,1,thick_cloud,11273,0.5168892785312774,0.889115585913244,19391,
ROI_02874__20190605T100039_20190605T100530_T33TWL,2,thin_cloud,11767,0.3228424714262051,0.33126540324636694,12074,
ROI_02874__20190605T100039_20190605T100530_T33TWL,3,cloud_shadow,5868,0.5826901874310915,0.7205180640763463,7256,
ROI_02874__20190705T100039_20190705T100759_T33TWL,0,clear,43237,0.9143580743340812,0.951916182898906,45013,
ROI_02874__20190705T100039_20190705T100759_T33TWL,1,thick_cloud,3877,0.5575238466030757,0.7387155016765541,5137,
ROI_02874__20190705T100039_20190705T100759_T33TWL,2,thin_cloud,0,,,0,absent_true_and_predicted_class
ROI_02874__20190705T100039_20190705T100759_T33TWL,3,cloud_shadow,3062,0.5025528811086798,0.6750489875898106,4113,
ROI_02874__20190913T100029_20190913T100548_T33TWL,0,clear,50176,1.0,1.0,50176,
ROI_02874__20190913T100029_20190913T100548_T33TWL,1,thick_cloud,0,,,0,absent_true_and_predicted_class
ROI_02874__20190913T100029_20190913T100548_T33TWL,2,thin_cloud,0,,,0,absent_true_and_predicted_class
ROI_02874__20190913T100029_20190913T100548_T33TWL,3,cloud_shadow,0,,,0,absent_true_and_predicted_class
ROI_03168__20190401T063631_20190401T063626_T43WEN,0,clear,448,0.06080347448425624,1.0,7368,
ROI_03168__20190401T063631_20190401T063626_T43WEN,1,thick_cloud,33493,0.743138822275513,0.8327113128116322,37530,
ROI_03168__20190401T063631_20190401T063626_T43WEN,2,thin_cloud,3853,0.0,0.0,3853,
ROI_03168__20190401T063631_20190401T063626_T43WEN,3,cloud_shadow,12382,0.4987115062491947,0.6251817153933129,15522,
ROI_03168__20190421T063631_20190421T063629_T43WEN,0,clear,6064,0.1059022440823855,0.11362137203166227,6506,
ROI_03168__20190421T063631_20190421T063629_T43WEN,1,thick_cloud,10432,0.43532231008866523,0.8706863496932515,20865,
ROI_03168__20190421T063631_20190421T063629_T43WEN,2,thin_cloud,11619,0.27077543079488603,0.6707978311386522,28784,
ROI_03168__20190421T063631_20190421T063629_T43WEN,3,cloud_shadow,22061,0.18118513261775926,0.18516839671819046,22546,
ROI_03168__20190623T064631_20190623T064838_T43WEN,0,clear,50176,1.0,1.0,50176,
ROI_03168__20190623T064631_20190623T064838_T43WEN,1,thick_cloud,0,,,0,absent_true_and_predicted_class
ROI_03168__20190623T064631_20190623T064838_T43WEN,2,thin_cloud,0,,,0,absent_true_and_predicted_class
ROI_03168__20190623T064631_20190623T064838_T43WEN,3,cloud_shadow,0,,,0,absent_true_and_predicted_class
ROI_03168__20190717T062631_20190717T062633_T43WEN,0,clear,49942,0.9953164859693877,0.9999799767730567,50176,
ROI_03168__20190717T062631_20190717T062633_T43WEN,1,thick_cloud,98,0.0,0.0,98,
ROI_03168__20190717T062631_20190717T062633_T43WEN,2,thin_cloud,0,0.0,,1,no_true_class_for_recall
ROI_03168__20190717T062631_20190717T062633_T43WEN,3,cloud_shadow,136,0.0,0.0,136,
ROI_03168__20200712T064629_20200712T064625_T43WEN,0,clear,17590,0.2552348613469157,0.25639567936327456,17670,
ROI_03168__20200712T064629_20200712T064625_T43WEN,1,thick_cloud,15997,0.7236358139769234,0.897793336250547,19847,
ROI_03168__20200712T064629_20200712T064625_T43WEN,2,thin_cloud,13832,0.36903521566993125,0.7682186234817814,28794,
ROI_03168__20200712T064629_20200712T064625_T43WEN,3,cloud_shadow,2757,0.4117464263517713,0.480594849474066,3218,
ROI_03188__20190319T080641_20190319T081002_T38UPD,0,clear,50176,0.9887197066326531,0.9887197066326531,50176,
ROI_03188__20190319T080641_20190319T081002_T38UPD,1,thick_cloud,0,0.0,,441,no_true_class_for_recall
ROI_03188__20190319T080641_20190319T081002_T38UPD,2,thin_cloud,0,0.0,,125,no_true_class_for_recall
ROI_03188__20190319T080641_20190319T081002_T38UPD,3,cloud_shadow,0,,,0,absent_true_and_predicted_class
ROI_03188__20190629T075619_20190629T080033_T38UPD,0,clear,25231,0.8244596131968146,0.8616780944076731,26370,
ROI_03188__20190629T075619_20190629T080033_T38UPD,1,thick_cloud,14227,0.7805121176250701,0.8805791804315738,16051,
ROI_03188__20190629T075619_20190629T080033_T38UPD,2,thin_cloud,2278,0.6525754884547069,0.8064091308165057,2815,
ROI_03188__20190629T075619_20190629T080033_T38UPD,3,cloud_shadow,8440,0.6637493436023105,0.8985781990521327,11426,
ROI_03188__20190704T075611_20190704T075614_T38UPD,0,clear,41720,0.9344567522979025,0.95035953978907,42430,
ROI_03188__20190704T075611_20190704T075614_T38UPD,1,thick_cloud,5016,0.7689542483660131,0.9381977671451356,6120,
ROI_03188__20190704T075611_20190704T075614_T38UPD,2,thin_cloud,0,,,0,absent_true_and_predicted_class
ROI_03188__20190704T075611_20190704T075614_T38UPD,3,cloud_shadow,3440,0.6652504472271914,0.8648255813953488,4472,
ROI_03188__20191015T080911_20191015T081349_T38UPD,0,clear,3627,0.3382283278067267,0.5905707196029777,6333,
ROI_03188__20191015T080911_20191015T081349_T38UPD,1,thick_cloud,21820,0.7077354132747719,0.8566452795600367,26411,
ROI_03188__20191015T080911_20191015T081349_T38UPD,2,thin_cloud,0,,,0,absent_true_and_predicted_class
ROI_03188__20191015T080911_20191015T081349_T38UPD,3,cloud_shadow,24729,0.699883704026748,0.7787617776699421,27516,
ROI_03188__20200212T081041_20200212T081223_T38UPD,0,clear,6810,0.1205870311466633,0.5622613803230543,31753,
ROI_03188__20200212T081041_20200212T081223_T38UPD,1,thick_cloud,4869,0.18492566414818426,0.6233312795235161,16412,
ROI_03188__20200212T081041_20200212T081223_T38UPD,2,thin_cloud,35998,0.0029446080337796545,0.0029446080337796545,35998,
ROI_03188__20200212T081041_20200212T081223_T38UPD,3,cloud_shadow,2499,0.2178335535006605,0.6598639455782312,7570,
ROI_03257__20190310T073731_20190310T073726_T39VXE,0,clear,10168,0.4915362347284235,0.9852478363493312,20381,
ROI_03257__20190310T073731_20190310T073726_T39VXE,1,thick_cloud,32585,0.740380414202907,0.7800521712444376,34331,
ROI_03257__20190310T073731_20190310T073726_T39VXE,2,thin_cloud,0,,,0,absent_true_and_predicted_class
ROI_03257__20190310T073731_20190310T073726_T39VXE,3,cloud_shadow,7423,0.34316177438462553,0.3512057119762899,7597,
ROI_03257__20190414T073619_20190414T073736_T39VXE,0,clear,50176,0.9999800701530612,0.9999800701530612,50176,
ROI_03257__20190414T073619_20190414T073736_T39VXE,1,thick_cloud,0,0.0,,1,no_true_class_for_recall
ROI_03257__20190414T073619_20190414T073736_T39VXE,2,thin_cloud,0,,,0,absent_true_and_predicted_class
ROI_03257__20190414T073619_20190414T073736_T39VXE,3,cloud_shadow,0,,,0,absent_true_and_predicted_class
ROI_03257__20190626T074619_20190626T075216_T39VXE,0,clear,447,0.01874842714537371,1.0,23842,
ROI_03257__20190626T074619_20190626T075216_T39VXE,1,thick_cloud,48295,0.4868431855500821,0.4911274459053732,48720,
ROI_03257__20190626T074619_20190626T075216_T39VXE,2,thin_cloud,0,,,0,absent_true_and_predicted_class
ROI_03257__20190626T074619_20190626T075216_T39VXE,3,cloud_shadow,1434,0.3323529411764706,0.6304044630404463,2720,
ROI_03257__20190906T073611_20190906T073611_T39VXE,0,clear,21227,0.5914893617021276,0.6744711923493664,24205,
ROI_03257__20190906T073611_20190906T073611_T39VXE,1,thick_cloud,14879,0.7343489508479448,0.8585254385375362,17395,
ROI_03257__20190906T073611_20190906T073611_T39VXE,2,thin_cloud,0,,,0,absent_true_and_predicted_class
ROI_03257__20190906T073611_20190906T073611_T39VXE,3,cloud_shadow,14070,0.6362273901808786,0.8749822316986496,19350,
ROI_03257__20200607T073619_20200607T073708_T39VXE,0,clear,31661,0.8389401338397541,0.8790309844919617,33174,
ROI_03257__20200607T073619_20200607T073708_T39VXE,1,thick_cloud,10221,0.7253215368231343,0.8662557479698659,12207,
ROI_03257__20200607T073619_20200607T073708_T39VXE,2,thin_cloud,53,0.0,0.0,53,
ROI_03257__20200607T073619_20200607T073708_T39VXE,3,cloud_shadow,8241,0.6579976357188324,0.8780487804878049,10997,
ROI_03381__20190507T174919_20190507T174933_T14VNJ,0,clear,50176,0.9999601403061225,0.9999601403061225,50176,
ROI_03381__20190507T174919_20190507T174933_T14VNJ,1,thick_cloud,0,0.0,,1,no_true_class_for_recall
ROI_03381__20190507T174919_20190507T174933_T14VNJ,2,thin_cloud,0,,,0,absent_true_and_predicted_class
ROI_03381__20190507T174919_20190507T174933_T14VNJ,3,cloud_shadow,0,0.0,,1,no_true_class_for_recall
ROI_03381__20190718T173911_20190718T174740_T14VNJ,0,clear,5789,0.2867262607522348,0.8809811711867335,17787,
ROI_03381__20190718T173911_20190718T174740_T14VNJ,1,thick_cloud,24680,0.6946447607700508,0.8976904376012966,31894,
ROI_03381__20190718T173911_20190718T174740_T14VNJ,2,thin_cloud,17041,0.018357771260997066,0.018367466697963734,17050,
ROI_03381__20190718T173911_20190718T174740_T14VNJ,3,cloud_shadow,2666,0.1887274155538099,0.36046511627906974,5092,
ROI_03381__20190916T173951_20190916T173948_T14VNJ,0,clear,20433,0.3139146902335648,0.3407233396955905,22178,
ROI_03381__20190916T173951_20190916T173948_T14VNJ,1,thick_cloud,17398,0.4377428960783324,0.9970111507069778,39626,
ROI_03381__20190916T173951_20190916T173948_T14VNJ,2,thin_cloud,12165,0.0018551379254718504,0.0018906699547883272,12398,
ROI_03381__20190916T173951_20190916T173948_T14VNJ,3,cloud_shadow,180,0.0,0.0,1819,
ROI_03381__20200322T174919_20200322T175638_T14VNJ,0,clear,6176,0.44007601852951655,0.5999028497409327,8419,
ROI_03381__20200322T174919_20200322T175638_T14VNJ,1,thick_cloud,29108,0.8044295096990989,0.9046653840868489,32735,
ROI_03381__20200322T174919_20200322T175638_T14VNJ,2,thin_cloud,0,,,0,absent_true_and_predicted_class
ROI_03381__20200322T174919_20200322T175638_T14VNJ,3,cloud_shadow,14892,0.6258712015611932,0.7537604082728983,17935,
ROI_03381__20200615T174911_20200615T174914_T14VNJ,0,clear,39328,0.9003270331361516,0.9520189178193653,41586,
ROI_03381__20200615T174911_20200615T174914_T14VNJ,1,thick_cloud,4194,0.5894928737156115,0.8481163567000477,6034,
ROI_03381__20200615T174911_20200615T174914_T14VNJ,2,thin_cloud,758,0.0,0.0,758,
ROI_03381__20200615T174911_20200615T174914_T14VNJ,3,cloud_shadow,5896,0.6977571539056457,0.7650949796472184,6465,
ROI_03449__20190223T130249_20190223T130246_T23KRV,0,clear,39378,0.8861005232131443,0.9504799634313577,42239,
ROI_03449__20190223T130249_20190223T130246_T23KRV,1,thick_cloud,5512,0.5146884272997032,0.6293541364296081,6740,
ROI_03449__20190223T130249_20190223T130246_T23KRV,2,thin_cloud,84,0.0,0.0,84,
ROI_03449__20190223T130249_20190223T130246_T23KRV,3,cloud_shadow,5202,0.6061823802163833,0.7539407920030757,6470,
ROI_03449__20190315T130249_20190315T130244_T24KTE,0,clear,50176,1.0,1.0,50176,
ROI_03449__20190315T130249_20190315T130244_T24KTE,1,thick_cloud,0,,,0,absent_true_and_predicted_class
ROI_03449__20190315T130249_20190315T130244_T24KTE,2,thin_cloud,0,,,0,absent_true_and_predicted_class
ROI_03449__20190315T130249_20190315T130244_T24KTE,3,cloud_shadow,0,,,0,absent_true_and_predicted_class
ROI_03449__20190802T130259_20190802T130428_T24KTE,0,clear,21748,0.6935223089889573,0.926981791429097,29069,
ROI_03449__20190802T130259_20190802T130428_T24KTE,1,thick_cloud,17237,0.6502607215068639,0.7089980855137205,18794,
ROI_03449__20190802T130259_20190802T130428_T24KTE,2,thin_cloud,0,,,0,absent_true_and_predicted_class
ROI_03449__20190802T130259_20190802T130428_T24KTE,3,cloud_shadow,11191,0.49757950398450884,0.5969975873469753,13427,
ROI_03449__20191215T130241_20191215T130242_T23KRV,0,clear,30249,0.8905804281896526,0.980495222982578,33303,
ROI_03449__20191215T130241_20191215T130242_T23KRV,1,thick_cloud,11136,0.7166666666666667,0.953753591954023,14820,
ROI_03449__20191215T130241_20191215T130242_T23KRV,2,thin_cloud,5259,0.033673855467272036,0.033846738923749765,5286,
ROI_03449__20191215T130241_20191215T130242_T23KRV,3,cloud_shadow,3532,0.6087819399652692,0.6947904869762175,4031,
ROI_03449__20200129T130239_20200129T130239_T24KTE,0,clear,1041,0.4312896405919662,0.5878962536023055,1419,
ROI_03449__20200129T130239_20200129T130239_T24KTE,1,thick_cloud,37992,0.7286154548567515,0.8400979153506001,43805,
ROI_03449__20200129T130239_20200129T130239_T24KTE,2,thin_cloud,4819,0.003315375051802735,0.0033201909109773814,4826,
ROI_03449__20200129T130239_20200129T130239_T24KTE,3,cloud_shadow,6324,0.31787145613774676,0.6772612270714737,13474,
ROI_03466__20181224T120639_20181224T120639_T24FXF,0,clear,33574,0.6322963898295356,0.6562518615595401,34846,
ROI_03466__20181224T120639_20181224T120639_T24FXF,1,thick_cloud,13825,0.7364447945385322,0.811500904159132,15234,
ROI_03466__20181224T120639_20181224T120639_T24FXF,2,thin_cloud,0,,,0,absent_true_and_predicted_class
ROI_03466__20181224T120639_20181224T120639_T24FXF,3,cloud_shadow,2777,0.10951760104302477,0.6049693914296003,15340,
ROI_03466__20190329T120641_20190329T120643_T24FXF,0,clear,39115,0.7028722197792024,0.776402914482935,43207,
ROI_03466__20190329T120641_20190329T120643_T24FXF,1,thick_cloud,11061,0.5570293949070663,0.6150438477533677,12213,
ROI_03466__20190329T120641_20190329T120643_T24FXF,2,thin_cloud,0,,,0,absent_true_and_predicted_class
ROI_03466__20190329T120641_20190329T120643_T24FXF,3,cloud_shadow,0,0.0,,7760,no_true_class_for_recall
ROI_03466__20191020T120649_20191020T120655_T24FXF,0,clear,50176,0.9936224489795918,0.9936224489795918,50176,
ROI_03466__20191020T120649_20191020T120655_T24FXF,1,thick_cloud,0,0.0,,200,no_true_class_for_recall
ROI_03466__20191020T120649_20191020T120655_T24FXF,2,thin_cloud,0,,,0,absent_true_and_predicted_class
ROI_03466__20191020T120649_20191020T120655_T24FXF,3,cloud_shadow,0,0.0,,120,no_true_class_for_recall
ROI_03466__20200308T120639_20200308T120641_T24FXF,0,clear,20214,0.27610759493670883,0.2935094488968042,21488,
ROI_03466__20200308T120639_20200308T120641_T24FXF,1,thick_cloud,22520,0.8041076196344219,0.8692717584369449,24345,
ROI_03466__20200308T120639_20200308T120641_T24FXF,2,thin_cloud,0,,,0,absent_true_and_predicted_class
ROI_03466__20200308T120639_20200308T120641_T24FXF,3,cloud_shadow,7442,0.32344890510948904,0.9527008868583714,21920,
ROI_03466__20200405T121641_20200405T121637_T24FXF,0,clear,447,0.23814597762386788,1.0,1877,
ROI_03466__20200405T121641_20200405T121637_T24FXF,1,thick_cloud,41511,0.8547980997624703,0.8669268386692683,42100,
ROI_03466__20200405T121641_20200405T121637_T24FXF,2,thin_cloud,5595,0.0,0.0,5595,
ROI_03466__20200405T121641_20200405T121637_T24FXF,3,cloud_shadow,2623,0.2017088289495728,0.9180327868852459,11938,
ROI_03652__20180708T101031_20180708T101803_T32SME,0,clear,43138,0.859733737244898,1.0,50176,
ROI_03652__20180708T101031_20180708T101803_T32SME,1,thick_cloud,0,,,0,absent_true_and_predicted_class
ROI_03652__20180708T101031_20180708T101803_T32SME,2,thin_cloud,7038,0.0,0.0,7038,
ROI_03652__20180708T101031_20180708T101803_T32SME,3,cloud_shadow,0,,,0,absent_true_and_predicted_class
ROI_03652__20181006T101021_20181006T101651_T32SME,0,clear,50176,0.9999800701530612,0.9999800701530612,50176,
ROI_03652__20181006T101021_20181006T101651_T32SME,1,thick_cloud,0,,,0,absent_true_and_predicted_class
ROI_03652__20181006T101021_20181006T101651_T32SME,2,thin_cloud,0,,,0,absent_true_and_predicted_class
ROI_03652__20181006T101021_20181006T101651_T32SME,3,cloud_shadow,0,0.0,,1,no_true_class_for_recall
ROI_03652__20190213T101131_20190213T101610_T32SME,0,clear,15761,0.718893499308437,0.8244400735993909,18075,
ROI_03652__20190213T101131_20190213T101610_T32SME,1,thick_cloud,23236,0.8001621073961499,0.8497159579962128,24675,
ROI_03652__20190213T101131_20190213T101610_T32SME,2,thin_cloud,0,,,0,absent_true_and_predicted_class
ROI_03652__20190213T101131_20190213T101610_T32SME,3,cloud_shadow,11179,0.6616988571810466,0.8856785043384918,14963,
ROI_03652__20190911T101021_20190911T101023_T32SME,0,clear,16875,0.6357747628277058,0.7386666666666667,19606,
ROI_03652__20190911T101021_20190911T101023_T32SME,1,thick_cloud,22563,0.7053527094574464,0.9443779639232371,30209,
ROI_03652__20190911T101021_20190911T101023_T32SME,2,thin_cloud,5840,0.0027252597513200477,0.0027397260273972603,5871,
ROI_03652__20190911T101021_20190911T101023_T32SME,3,cloud_shadow,4898,0.3456637387108747,0.5704369130257247,8083,
ROI_03652__20200309T101021_20200309T101020_T32SME,0,clear,10003,0.07917624712586224,0.07917624712586224,10003,
ROI_03652__20200309T101021_20200309T101020_T32SME,1,thick_cloud,13860,0.42988801902685564,0.938961038961039,30273,
ROI_03652__20200309T101021_20200309T101020_T32SME,2,thin_cloud,6537,0.04590307726043418,0.09606853296619244,13681,
ROI_03652__20200309T101021_20200309T101020_T32SME,3,cloud_shadow,19776,0.5272614325990347,0.5579490291262136,20927,
ROI_03815__20190326T075611_20190326T081034_T35LQK,0,clear,13702,0.6988694143686068,0.852649248284922,16717,
ROI_03815__20190326T075611_20190326T081034_T35LQK,1,thick_cloud,24779,0.78792455610403,0.863190604947738,27146,
ROI_03815__20190326T075611_20190326T081034_T35LQK,2,thin_cloud,0,,,0,absent_true_and_predicted_class
ROI_03815__20190326T075611_20190326T081034_T35LQK,3,cloud_shadow,11695,0.6444522471910112,0.7846943138093202,14240,
ROI_03815__20190413T080609_20190413T083217_T35LQK,0,clear,9823,0.6517167734516182,0.8076962231497505,12174,
ROI_03815__20190413T080609_20190413T083217_T35LQK,1,thick_cloud,31566,0.8487764560025977,0.9109168092251156,33877,
ROI_03815__20190413T080609_20190413T083217_T35LQK,2,thin_cloud,0,,,0,absent_true_and_predicted_class
ROI_03815__20190413T080609_20190413T083217_T35LQK,3,cloud_shadow,8787,0.5662961316140507,0.7247069534539661,11245,
ROI_03815__20200222T080931_20200222T082541_T35LQK,0,clear,42916,0.9281433093137585,0.963416907447106,44547,
ROI_03815__20200222T080931_20200222T082541_T35LQK,1,thick_cloud,3616,0.5734402079722704,0.7320243362831859,4616,
ROI_03815__20200222T080931_20200222T082541_T35LQK,2,thin_cloud,0,,,0,absent_true_and_predicted_class
ROI_03815__20200222T080931_20200222T082541_T35LQK,3,cloud_shadow,3644,0.5798024149286498,0.7247530186608123,4555,
ROI_03815__20200419T075611_20200419T082215_T35LQK,0,clear,30774,0.8136942200494828,0.8870150126730357,33547,
ROI_03815__20200419T075611_20200419T082215_T35LQK,1,thick_cloud,12978,0.6756808838643371,0.810525504700262,15568,
ROI_03815__20200419T075611_20200419T082215_T35LQK,2,thin_cloud,0,0.0,,453,no_true_class_for_recall
ROI_03815__20200419T075611_20200419T082215_T35LQK,3,cloud_shadow,6424,0.5667512383713906,0.7302303860523038,8277,
ROI_03815__20200422T080611_20200422T082942_T35LQK,0,clear,50176,1.0,1.0,50176,
ROI_03815__20200422T080611_20200422T082942_T35LQK,1,thick_cloud,0,,,0,absent_true_and_predicted_class
ROI_03815__20200422T080611_20200422T082942_T35LQK,2,thin_cloud,0,,,0,absent_true_and_predicted_class
ROI_03815__20200422T080611_20200422T082942_T35LQK,3,cloud_shadow,0,,,0,absent_true_and_predicted_class
ROI_03824__20191103T084121_20191103T085335_T34KCG,0,clear,39386,0.8948995722521852,0.9773777484385314,43016,
ROI_03824__20191103T084121_20191103T085335_T34KCG,1,thick_cloud,4443,0.6678995522678606,0.7722259734413685,5137,
ROI_03824__20191103T084121_20191103T085335_T34KCG,2,thin_cloud,2413,0.0,0.0,2413,
ROI_03824__20191103T084121_20191103T085335_T34KCG,3,cloud_shadow,3934,0.6273291925465838,0.7702084392475852,4830,
ROI_03824__20191123T084301_20191123T085344_T34KCG,0,clear,50176,1.0,1.0,50176,
ROI_03824__20191123T084301_20191123T085344_T34KCG,1,thick_cloud,0,,,0,absent_true_and_predicted_class
ROI_03824__20191123T084301_20191123T085344_T34KCG,2,thin_cloud,0,,,0,absent_true_and_predicted_class
ROI_03824__20191123T084301_20191123T085344_T34KCG,3,cloud_shadow,0,,,0,absent_true_and_predicted_class
ROI_03824__20200122T084241_20200122T085337_T34KCG,0,clear,9565,0.15690188641580996,0.1643491897543126,10019,
ROI_03824__20200122T084241_20200122T085337_T34KCG,1,thick_cloud,13678,0.48514266730648553,0.9608860944582541,27091,
ROI_03824__20200122T084241_20200122T085337_T34KCG,2,thin_cloud,18854,0.27504430117256723,0.3869205473639546,26523,
ROI_03824__20200122T084241_20200122T085337_T34KCG,3,cloud_shadow,8079,0.5684580934101088,0.6598588934274043,9378,
ROI_03824__20200302T083841_20200302T090207_T34KCG,0,clear,46411,0.9542184297486092,0.9830643597423024,47814,
ROI_03824__20200302T083841_20200302T090207_T34KCG,1,thick_cloud,2613,0.4772370486656201,0.5817068503635667,3185,
ROI_03824__20200302T083841_20200302T090207_T34KCG,2,thin_cloud,0,,,0,absent_true_and_predicted_class
ROI_03824__20200302T083841_20200302T090207_T34KCG,3,cloud_shadow,1152,0.5164835164835165,0.6527777777777778,1456,
ROI_03824__20200322T083621_20200322T090310_T34KCG,0,clear,6545,0.4903237641016234,0.8168067226890756,10903,
ROI_03824__20200322T083621_20200322T090310_T34KCG,1,thick_cloud,27136,0.7617757712565839,0.9327093160377359,33225,
ROI_03824__20200322T083621_20200322T090310_T34KCG,2,thin_cloud,7710,0.0,0.0,7710,
ROI_03824__20200322T083621_20200322T090310_T34KCG,3,cloud_shadow,8785,0.5348517404383326,0.7083665338645418,11635,
ROI_03838__20190321T075619_20190321T081839_T35HLE,0,clear,41590,0.9185788980980433,0.9673238759317143,43797,
ROI_03838__20190321T075619_20190321T081839_T35HLE,1,thick_cloud,4289,0.5653646871263451,0.661459547680112,5018,
ROI_03838__20190321T075619_20190321T081839_T35HLE,2,thin_cloud,0,,,0,absent_true_and_predicted_class
ROI_03838__20190321T075619_20190321T081839_T35HLE,3,cloud_shadow,4297,0.6339957553540421,0.7647195717942751,5183,
ROI_03838__20190410T075619_20190410T082613_T35HLE,0,clear,47158,0.9403014834901898,1.0,50152,
ROI_03838__20190410T075619_20190410T082613_T35HLE,1,thick_cloud,0,0.0,,24,no_true_class_for_recall
ROI_03838__20190410T075619_20190410T082613_T35HLE,2,thin_cloud,3018,0.0,0.0,3018,
ROI_03838__20190410T075619_20190410T082613_T35HLE,3,cloud_shadow,0,,,0,absent_true_and_predicted_class
ROI_03838__20190505T075611_20190505T082331_T35HLE,0,clear,7800,0.2553351206434316,0.30525641025641026,9325,
ROI_03838__20190505T075611_20190505T082331_T35HLE,1,thick_cloud,2312,0.41397849462365593,0.9325259515570934,5208,
ROI_03838__20190505T075611_20190505T082331_T35HLE,2,thin_cloud,40064,0.7604586518415566,0.8194139376996805,43170,
ROI_03838__20190505T075611_20190505T082331_T35HLE,3,cloud_shadow,0,0.0,,5283,no_true_class_for_recall
ROI_03838__20200229T075841_20200229T082630_T35HLE,0,clear,31488,0.8217164532954007,0.9356262703252033,35853,
ROI_03838__20200229T075841_20200229T082630_T35HLE,1,thick_cloud,10555,0.6214068312478864,0.6963524396020844,11828,
ROI_03838__20200229T075841_20200229T082630_T35HLE,2,thin_cloud,0,,,0,absent_true_and_predicted_class
ROI_03838__20200229T075841_20200229T082630_T35HLE,3,cloud_shadow,8133,0.6054256503694706,0.7353989917619574,9879,
ROI_03838__20200713T075609_20200713T082205_T35HLE,0,clear,50176,1.0,1.0,50176,
ROI_03838__20200713T075609_20200713T082205_T35HLE,1,thick_cloud,0,,,0,absent_true_and_predicted_class
ROI_03838__20200713T075609_20200713T082205_T35HLE,2,thin_cloud,0,,,0,absent_true_and_predicted_class
ROI_03838__20200713T075609_20200713T082205_T35HLE,3,cloud_shadow,0,,,0,absent_true_and_predicted_class
ROI_03927__20191006T082819_20191006T084959_T34KCD,0,clear,50176,0.1670719068877551,0.1670719068877551,50176,
ROI_03927__20191006T082819_20191006T084959_T34KCD,1,thick_cloud,0,0.0,,22,no_true_class_for_recall
ROI_03927__20191006T082819_20191006T084959_T34KCD,2,thin_cloud,0,0.0,,41722,no_true_class_for_recall
ROI_03927__20191006T082819_20191006T084959_T34KCD,3,cloud_shadow,0,0.0,,49,no_true_class_for_recall
ROI_03927__20191031T083101_20191031T083825_T34KCD,0,clear,18807,0.3040195661420672,0.3040357313766151,18808,
ROI_03927__20191031T083101_20191031T083825_T34KCD,1,thick_cloud,24198,0.8075806726993341,0.9773535002892801,29285,
ROI_03927__20191031T083101_20191031T083825_T34KCD,2,thin_cloud,3309,0.11830078936435397,0.34421275309761257,9628,
ROI_03927__20191031T083101_20191031T083825_T34KCD,3,cloud_shadow,3862,0.1677904064727413,0.4510616261004661,10382,
ROI_03927__20191230T083341_20191230T084321_T34KCD,0,clear,5943,0.38916524172236905,0.8425037859666835,12866,
ROI_03927__20191230T083341_20191230T084321_T34KCD,1,thick_cloud,24754,0.7482745520167162,0.9547951846166276,31586,
ROI_03927__20191230T083341_20191230T084321_T34KCD,2,thin_cloud,8452,0.0,0.0,8452,
ROI_03927__20191230T083341_20191230T084321_T34KCD,3,cloud_shadow,11027,0.5211518239909407,0.5842930987575949,12363,
ROI_03927__20200314T082719_20200314T085231_T34KCD,0,clear,36203,0.2661643500258412,0.2702814683865978,36763,
ROI_03927__20200314T082719_20200314T085231_T34KCD,1,thick_cloud,0,0.0,,1276,no_true_class_for_recall
ROI_03927__20200314T082719_20200314T085231_T34KCD,2,thin_cloud,6449,0.15415268456375839,0.7977981082338347,33376,
ROI_03927__20200314T082719_20200314T085231_T34KCD,3,cloud_shadow,7524,0.4963144963144963,0.6174906964380649,9361,
ROI_03927__20200428T082601_20200428T085242_T34KCD,0,clear,46515,0.9338477387036177,0.9939159410942706,49507,
ROI_03927__20200428T082601_20200428T085242_T34KCD,1,thick_cloud,2131,0.17380457380457381,0.19615204129516658,2405,
ROI_03927__20200428T082601_20200428T085242_T34KCD,2,thin_cloud,0,,,0,absent_true_and_predicted_class
ROI_03927__20200428T082601_20200428T085242_T34KCD,3,cloud_shadow,1530,0.14890885750962773,0.15163398692810456,1558,
ROI_04348__20190316T052649_20190316T053602_T44SMF,0,clear,50176,0.9999800701530612,0.9999800701530612,50176,
ROI_04348__20190316T052649_20190316T053602_T44SMF,1,thick_cloud,0,,,0,absent_true_and_predicted_class
ROI_04348__20190316T052649_20190316T053602_T44SMF,2,thin_cloud,0,,,0,absent_true_and_predicted_class
ROI_04348__20190316T052649_20190316T053602_T44SMF,3,cloud_shadow,0,0.0,,1,no_true_class_for_recall
ROI_04348__20190502T051659_20190502T052248_T44SMF,0,clear,45519,0.9439293505621749,0.988576198949889,47672,
ROI_04348__20190502T051659_20190502T052248_T44SMF,1,thick_cloud,1497,0.2871508379888268,0.34335337341349365,1790,
ROI_04348__20190502T051659_20190502T052248_T44SMF,2,thin_cloud,622,0.0,0.0,622,
ROI_04348__20190502T051659_20190502T052248_T44SMF,3,cloud_shadow,2538,0.65852807813045,0.7438928289992119,2867,
ROI_04348__20190706T051701_20190706T051655_T44SMF,0,clear,41905,0.9334379253858754,0.9654695143777592,43343,
ROI_04348__20190706T051701_20190706T051655_T44SMF,1,thick_cloud,3489,0.6178640776699029,0.9120091716824305,5150,
ROI_04348__20190706T051701_20190706T051655_T44SMF,2,thin_cloud,1829,0.0,0.0,1829,
ROI_04348__20190706T051701_20190706T051655_T44SMF,3,cloud_shadow,2953,0.5939136941880768,0.8062986793091771,4009,
ROI_04348__20200117T052139_20200117T052324_T44SMF,0,clear,2161,0.13987665660674453,0.9865802869042111,15242,
ROI_04348__20200117T052139_20200117T052324_T44SMF,1,thick_cloud,22091,0.7589994604177908,0.8914490063826898,25946,
ROI_04348__20200117T052139_20200117T052324_T44SMF,2,thin_cloud,1929,0.0,0.0,1929,
ROI_04348__20200117T052139_20200117T052324_T44SMF,3,cloud_shadow,23995,0.47247172322022624,0.47351531569076893,24048,
ROI_04348__20200120T053129_20200120T053410_T44SMF,0,clear,17677,0.8018682399213373,0.9226678735079482,20340,
ROI_04348__20200120T053129_20200120T053410_T44SMF,1,thick_cloud,2470,0.151417004048583,0.151417004048583,2470,
ROI_04348__20200120T053129_20200120T053410_T44SMF,2,thin_cloud,30029,0.8177962304728337,0.9117519730926771,33479,
ROI_04348__20200120T053129_20200120T053410_T44SMF,3,cloud_shadow,0,,,0,absent_true_and_predicted_class
ROI_04463__20190623T014701_20190623T014656_T55WFP,0,clear,1936,0.273514043109079,0.8651859504132231,6124,
ROI_04463__20190623T014701_20190623T014656_T55WFP,1,thick_cloud,35650,0.8305930779967353,0.9848527349228612,42271,
ROI_04463__20190623T014701_20190623T014656_T55WFP,2,thin_cloud,7165,0.0034775351231047433,0.0034891835310537334,7189,
ROI_04463__20190623T014701_20190623T014656_T55WFP,3,cloud_shadow,5425,0.3591801878736123,0.38764976958525343,5855,
ROI_04463__20200406T015649_20200406T015649_T55WFP,0,clear,50176,0.9999601403061225,0.9999601403061225,50176,
ROI_04463__20200406T015649_20200406T015649_T55WFP,1,thick_cloud,0,0.0,,2,no_true_class_for_recall
ROI_04463__20200406T015649_20200406T015649_T55WFP,2,thin_cloud,0,,,0,absent_true_and_predicted_class
ROI_04463__20200406T015649_20200406T015649_T55WFP,3,cloud_shadow,0,,,0,absent_true_and_predicted_class
ROI_04463__20200525T013701_20200525T013659_T55WFP,0,clear,14022,0.6879831741700773,0.8631436314363143,17592,
ROI_04463__20200525T013701_20200525T013659_T55WFP,1,thick_cloud,21467,0.772314870820012,0.8327199888200494,23146,
ROI_04463__20200525T013701_20200525T013659_T55WFP,2,thin_cloud,0,,,0,absent_true_and_predicted_class
ROI_04463__20200525T013701_20200525T013659_T55WFP,3,cloud_shadow,14687,0.7679871137095812,0.8764894124055287,16762,
ROI_04463__20200602T014659_20200602T014653_T55WFP,0,clear,49249,0.9858815979464143,0.9981928567077504,49864,
ROI_04463__20200602T014659_20200602T014653_T55WFP,1,thick_cloud,478,0.5502645502645502,0.6527196652719666,567,
ROI_04463__20200602T014659_20200602T014653_T55WFP,2,thin_cloud,0,,,0,absent_true_and_predicted_class
ROI_04463__20200602T014659_20200602T014653_T55WFP,3,cloud_shadow,449,0.0,0.0,449,
ROI_04463__20200720T015701_20200720T015657_T55WFP,0,clear,17004,0.4655292277388332,0.9451305575158786,34522,
ROI_04463__20200720T015701_20200720T015657_T55WFP,1,thick_cloud,591,0.5109612141652614,0.5126903553299492,593,
ROI_04463__20200720T015701_20200720T015657_T55WFP,2,thin_cloud,32581,0.4455653511626531,0.46226328228108404,33802,
ROI_04463__20200720T015701_20200720T015657_T55WFP,3,cloud_shadow,0,,,0,absent_true_and_predicted_class
ROI_04477__20190505T025551_20190505T025852_T52VCH,0,clear,16165,0.7179139201240791,0.9163006495515001,20632,
ROI_04477__20190505T025551_20190505T025852_T52VCH,1,thick_cloud,16795,0.8107350963693412,0.8615659422447157,17848,
ROI_04477__20190505T025551_20190505T025852_T52VCH,2,thin_cloud,1373,0.0,0.0,1373,
ROI_04477__20190505T025551_20190505T025852_T52VCH,3,cloud_shadow,15843,0.7595964150837045,0.8505964779397841,17741,
ROI_04477__20190614T025551_20190614T030137_T52VCH,0,clear,38188,0.8950759878419453,0.9639153660835865,41125,
ROI_04477__20190614T025551_20190614T030137_T52VCH,1,thick_cloud,6815,0.647141041931385,0.7473220836390315,7870,
ROI_04477__20190614T025551_20190614T030137_T52VCH,2,thin_cloud,0,,,0,absent_true_and_predicted_class
ROI_04477__20190614T025551_20190614T030137_T52VCH,3,cloud_shadow,5173,0.5618701470345283,0.6574521554223854,6053,
ROI_04477__20191128T025041_20191128T025044_T52VCH,0,clear,37908,0.8644700415265968,0.9225757096127466,40456,
ROI_04477__20191128T025041_20191128T025044_T52VCH,1,thick_cloud,605,0.07680921052631579,0.771900826446281,6080,
ROI_04477__20191128T025041_20191128T025044_T52VCH,2,thin_cloud,7273,0.0,0.0,7276,
ROI_04477__20191128T025041_20191128T025044_T52VCH,3,cloud_shadow,4390,0.5640411441454135,0.9118451025056947,7097,
ROI_04477__20200416T024551_20200416T024734_T52VCH,0,clear,50176,0.9999800701530612,0.9999800701530612,50176,
ROI_04477__20200416T024551_20200416T024734_T52VCH,1,thick_cloud,0,,,0,absent_true_and_predicted_class
ROI_04477__20200416T024551_20200416T024734_T52VCH,2,thin_cloud,0,,,0,absent_true_and_predicted_class
ROI_04477__20200416T024551_20200416T024734_T52VCH,3,cloud_shadow,0,0.0,,1,no_true_class_for_recall
ROI_04477__20200615T024551_20200615T024740_T52VCH,0,clear,4795,0.6700898587933247,0.762043795620438,5453,
ROI_04477__20200615T024551_20200615T024740_T52VCH,1,thick_cloud,33599,0.8889508306388673,0.9491949165153725,35876,
ROI_04477__20200615T024551_20200615T024740_T52VCH,2,thin_cloud,0,,,0,absent_true_and_predicted_class
ROI_04477__20200615T024551_20200615T024740_T52VCH,3,cloud_shadow,11782,0.7102790121658046,0.8275335257171957,13727,
ROI_04547__20190316T052649_20190316T053407_T45TUN,0,clear,43600,0.9394115745231167,0.9996330275229358,46395,
ROI_04547__20190316T052649_20190316T053407_T45TUN,1,thick_cloud,917,0.28165374677002586,0.95092693565976,3096,
ROI_04547__20190316T052649_20190316T053407_T45TUN,2,thin_cloud,4025,0.0,0.0,4025,
ROI_04547__20190316T052649_20190316T053407_T45TUN,3,cloud_shadow,1634,0.4565483476132191,0.4565483476132191,1634,
ROI_04547__20190430T052651_20190430T052819_T45TUN,0,clear,32792,0.906078143445337,0.959654793852159,34731,
ROI_04547__20190430T052651_20190430T052819_T45TUN,1,thick_cloud,6069,0.7128415300546448,0.859779205799967,7320,
ROI_04547__20190430T052651_20190430T052819_T45TUN,2,thin_cloud,0,0.0,,1,no_true_class_for_recall
ROI_04547__20190430T052651_20190430T052819_T45TUN,3,cloud_shadow,11315,0.7571544715447155,0.823066725585506,12300,
ROI_04547__20190820T051659_20190820T052145_T45TUN,0,clear,34183,0.9329088851160159,0.9644852704560747,35340,
ROI_04547__20190820T051659_20190820T052145_T45TUN,1,thick_cloud,14525,0.8633398564905415,0.9111876075731498,15330,
ROI_04547__20190820T051659_20190820T052145_T45TUN,2,thin_cloud,0,,,0,absent_true_and_predicted_class
ROI_04547__20190820T051659_20190820T052145_T45TUN,3,cloud_shadow,1468,0.5348631950573698,0.8256130790190735,2266,
ROI_04547__20200310T052649_20200310T053327_T45TUN,0,clear,50176,0.9999800701530612,0.9999800701530612,50176,
ROI_04547__20200310T052649_20200310T053327_T45TUN,1,thick_cloud,0,,,0,absent_true_and_predicted_class
ROI_04547__20200310T052649_20200310T053327_T45TUN,2,thin_cloud,0,,,0,absent_true_and_predicted_class
ROI_04547__20200310T052649_20200310T053327_T45TUN,3,cloud_shadow,0,0.0,,1,no_true_class_for_recall
ROI_04547__20200618T052649_20200618T052648_T45TUN,0,clear,447,1.0,1.0,447,
ROI_04547__20200618T052649_20200618T052648_T45TUN,1,thick_cloud,46993,0.9748020308810932,0.9928074394058689,47861,
ROI_04547__20200618T052649_20200618T052648_T45TUN,2,thin_cloud,0,,,0,absent_true_and_predicted_class
ROI_04547__20200618T052649_20200618T052648_T45TUN,3,cloud_shadow,2736,0.6076772934287573,0.6827485380116959,3074,
ROI_04704__20190322T013651_20190322T013651_T56WNV,0,clear,50176,0.9989437181122449,0.9989437181122449,50176,
ROI_04704__20190322T013651_20190322T013651_T56WNV,1,thick_cloud,0,0.0,,26,no_true_class_for_recall
ROI_04704__20190322T013651_20190322T013651_T56WNV,2,thin_cloud,0,,,0,absent_true_and_predicted_class
ROI_04704__20190322T013651_20190322T013651_T56WNV,3,cloud_shadow,0,0.0,,27,no_true_class_for_recall
ROI_04704__20190529T014659_20190529T014700_T56WNV,0,clear,7810,0.5756131380535575,0.8504481434058899,11539,
ROI_04704__20190529T014659_20190529T014700_T56WNV,1,thick_cloud,23990,0.8493661446681581,0.9020842017507295,25479,
ROI_04704__20190529T014659_20190529T014700_T56WNV,2,thin_cloud,0,,,0,absent_true_and_predicted_class
ROI_04704__20190529T014659_20190529T014700_T56WNV,3,cloud_shadow,18376,0.7175969030234723,0.7969090117544624,20407,
ROI_04704__20190625T013659_20190625T013701_T56WNV,0,clear,39038,0.9370251603354711,0.9730775142169169,40540,
ROI_04704__20190625T013659_20190625T013701_T56WNV,1,thick_cloud,5111,0.7166444296197465,0.8407356681666993,5996,
ROI_04704__20190625T013659_20190625T013701_T56WNV,2,thin_cloud,0,,,0,absent_true_and_predicted_class
ROI_04704__20190625T013659_20190625T013701_T56WNV,3,cloud_shadow,6027,0.7856921647568906,0.8418782147005144,6458,
ROI_04704__20200527T012659_20200527T012656_T56WNV,0,clear,1454,0.3068477318694019,0.7303988995873453,3461,
ROI_04704__20200527T012659_20200527T012656_T56WNV,1,thick_cloud,26687,0.7842295923750572,0.8355379023494586,28433,
ROI_04704__20200527T012659_20200527T012656_T56WNV,2,thin_cloud,0,,,0,absent_true_and_predicted_class
ROI_04704__20200527T012659_20200527T012656_T56WNV,3,cloud_shadow,22035,0.7555373895441628,0.8808259587020649,25689,
ROI_04704__20200619T013659_20200619T013655_T56WNV,0,clear,45674,0.9799604425221152,0.9871480492183737,46009,
ROI_04704__20200619T013659_20200619T013655_T56WNV,1,thick_cloud,4502,0.823611387616962,0.9189249222567748,5023,
ROI_04704__20200619T013659_20200619T013655_T56WNV,2,thin_cloud,0,0.0,,9,no_true_class_for_recall
ROI_04704__20200619T013659_20200619T013655_T56WNV,3,cloud_shadow,0,0.0,,87,no_true_class_for_recall
ROI_04797__20190225T090941_20190225T091520_T34RDT,0,clear,16086,0.64075593575419,0.912656968792739,22912,
ROI_04797__20190225T090941_20190225T091520_T34RDT,1,thick_cloud,16778,0.6523276983094929,0.7474669209679342,19225,
ROI_04797__20190225T090941_20190225T091520_T34RDT,2,thin_cloud,0,,,0,absent_true_and_predicted_class
ROI_04797__20190225T090941_20190225T091520_T34RDT,3,cloud_shadow,17312,0.6365508501425705,0.6963378003696857,18938,
ROI_04797__20191006T092031_20191006T092031_T34RDT,0,clear,14187,0.6313389992683064,0.7906534150983294,17767,
ROI_04797__20191006T092031_20191006T092031_T34RDT,1,thick_cloud,18920,0.7310001334104149,0.8688160676532769,22487,
ROI_04797__20191006T092031_20191006T092031_T34RDT,2,thin_cloud,0,,,0,absent_true_and_predicted_class
ROI_04797__20191006T092031_20191006T092031_T34RDT,3,cloud_shadow,17069,0.7449978485370051,0.8114710879371961,18592,
ROI_04797__20191220T092309_20191220T092838_T34RDT,0,clear,50176,1.0,1.0,50176,
ROI_04797__20191220T092309_20191220T092838_T34RDT,1,thick_cloud,0,,,0,absent_true_and_predicted_class
ROI_04797__20191220T092309_20191220T092838_T34RDT,2,thin_cloud,0,,,0,absent_true_and_predicted_class
ROI_04797__20191220T092309_20191220T092838_T34RDT,3,cloud_shadow,0,,,0,absent_true_and_predicted_class
ROI_04797__20200225T090849_20200225T091800_T34RDT,0,clear,38174,0.8393572479348195,0.9715251218106564,44185,
ROI_04797__20200225T090849_20200225T091800_T34RDT,1,thick_cloud,5706,0.37558533828516066,0.40764107956536977,6193,
ROI_04797__20200225T090849_20200225T091800_T34RDT,2,thin_cloud,0,,,0,absent_true_and_predicted_class
ROI_04797__20200225T090849_20200225T091800_T34RDT,3,cloud_shadow,6296,0.5152080344332856,0.5703621346886912,6970,
ROI_04797__20200309T092029_20200309T092902_T34RDT,0,clear,47329,0.9664919965611823,0.997633586173382,48854,
ROI_04797__20200309T092029_20200309T092902_T34RDT,1,thick_cloud,822,0.1406060606060606,0.1411192214111922,825,
ROI_04797__20200309T092029_20200309T092902_T34RDT,2,thin_cloud,0,,,0,absent_true_and_predicted_class
ROI_04797__20200309T092029_20200309T092902_T34RDT,3,cloud_shadow,2025,0.5651358950328023,0.5955555555555555,2134,
ROI_05145__20190706T201851_20190706T202346_T08VNM,0,clear,23063,0.7389264413518887,0.805792828339765,25150,
ROI_05145__20190706T201851_20190706T202346_T08VNM,1,thick_cloud,19162,0.7028788701792504,0.8103538252791984,22092,
ROI_05145__20190706T201851_20190706T202346_T08VNM,2,thin_cloud,1222,0.0,0.0,1530,
ROI_05145__20190706T201851_20190706T202346_T08VNM,3,cloud_shadow,6729,0.4666666666666667,0.8259771139842473,11910,
ROI_05145__20190924T202151_20190924T202154_T08VNM,0,clear,10159,0.2718976886698195,0.4018112018899498,15013,
ROI_05145__20190924T202151_20190924T202154_T08VNM,1,thick_cloud,27102,0.7652901855438246,0.9039923252896466,32014,
ROI_05145__20190924T202151_20190924T202154_T08VNM,2,thin_cloud,12915,0.0,0.0,12915,
ROI_05145__20190924T202151_20190924T202154_T08VNM,3,cloud_shadow,0,0.0,,11828,no_true_class_for_recall
ROI_05145__20200114T201759_20200114T201801_T08VNM,0,clear,50176,1.0,1.0,50176,
ROI_05145__20200114T201759_20200114T201801_T08VNM,1,thick_cloud,0,,,0,absent_true_and_predicted_class
ROI_05145__20200114T201759_20200114T201801_T08VNM,2,thin_cloud,0,,,0,absent_true_and_predicted_class
ROI_05145__20200114T201759_20200114T201801_T08VNM,3,cloud_shadow,0,,,0,absent_true_and_predicted_class
ROI_05145__20200521T201901_20200521T202253_T08VNM,0,clear,48972,0.9909253319257786,0.9967124070897656,49258,
ROI_05145__20200521T201901_20200521T202253_T08VNM,1,thick_cloud,1024,0.659852820932134,0.7880859375,1223,
ROI_05145__20200521T201901_20200521T202253_T08VNM,2,thin_cloud,0,,,0,absent_true_and_predicted_class
ROI_05145__20200521T201901_20200521T202253_T08VNM,3,cloud_shadow,180,0.29743589743589743,0.32222222222222224,195,
ROI_05145__20200630T201851_20200630T202618_T08VNM,0,clear,26488,0.8254506452617375,0.9007097553609181,28903,
ROI_05145__20200630T201851_20200630T202618_T08VNM,1,thick_cloud,12985,0.7820568655509239,0.9680400462071621,16073,
ROI_05145__20200630T201851_20200630T202618_T08VNM,2,thin_cloud,3866,0.0,0.0,3866,
ROI_05145__20200630T201851_20200630T202618_T08VNM,3,cloud_shadow,6837,0.7024494863980133,0.9101945297645166,8859,
ROI_05244__20181227T032139_20181227T032421_T50TLM,0,clear,50176,0.9999800701530612,0.9999800701530612,50176,
ROI_05244__20181227T032139_20181227T032421_T50TLM,1,thick_cloud,0,0.0,,1,no_true_class_for_recall
ROI_05244__20181227T032139_20181227T032421_T50TLM,2,thin_cloud,0,,,0,absent_true_and_predicted_class
ROI_05244__20181227T032139_20181227T032421_T50TLM,3,cloud_shadow,0,,,0,absent_true_and_predicted_class
ROI_05244__20190801T030549_20190801T031104_T50TLM,0,clear,40754,0.9477375348256316,0.9682485154831427,41636,
ROI_05244__20190801T030549_20190801T031104_T50TLM,1,thick_cloud,5083,0.7352989622796904,0.8782215227228015,6071,
ROI_05244__20190801T030549_20190801T031104_T50TLM,2,thin_cloud,94,0.0,0.0,94,
ROI_05244__20190801T030549_20190801T031104_T50TLM,3,cloud_shadow,4245,0.8101133025597985,0.9095406360424029,4766,
ROI_05244__20200515T031541_20200515T031910_T50TLM,0,clear,447,1.0,1.0,447,
ROI_05244__20200515T031541_20200515T031910_T50TLM,1,thick_cloud,42689,0.9544750488248367,0.996017709480194,44547,
ROI_05244__20200515T031541_20200515T031910_T50TLM,2,thin_cloud,0,,,0,absent_true_and_predicted_class
ROI_05244__20200515T031541_20200515T031910_T50TLM,3,cloud_shadow,7040,0.7187239944521497,0.7360795454545455,7210,
ROI_05244__20200527T030549_20200527T030612_T50TLM,0,clear,28890,0.8722880642445437,0.9324333679473866,30882,
ROI_05244__20200527T030549_20200527T030612_T50TLM,1,thick_cloud,12719,0.7793554673905477,0.8803365044421732,14367,
ROI_05244__20200527T030549_20200527T030612_T50TLM,2,thin_cloud,86,0.0,0.0,86,
ROI_05244__20200527T030549_20200527T030612_T50TLM,3,cloud_shadow,8481,0.7431078988125968,0.8486027591085957,9685,
ROI_05244__20200729T031539_20200729T032541_T50TLM,0,clear,16523,0.8500969797727902,0.9284028324154209,18045,
ROI_05244__20200729T031539_20200729T032541_T50TLM,1,thick_cloud,22182,0.8553971486761711,0.9656478225588315,25041,
ROI_05244__20200729T031539_20200729T032541_T50TLM,2,thin_cloud,2325,0.0,0.0,2325,
ROI_05244__20200729T031539_20200729T032541_T50TLM,3,cloud_shadow,9146,0.7885882931628135,0.8764487207522415,10165,
ROI_05305__20190602T012709_20190602T012703_T54TXP,0,clear,10141,0.7764915405164737,0.8598757518982348,11230,
ROI_05305__20190602T012709_20190602T012703_T54TXP,1,thick_cloud,31479,0.9032023510164511,0.9470440611201119,33007,
ROI_05305__20190602T012709_20190602T012703_T54TXP,2,thin_cloud,0,,,0,absent_true_and_predicted_class
ROI_05305__20190602T012709_20190602T012703_T54TXP,3,cloud_shadow,8556,0.6782475899589577,0.8305282842449743,10477,
ROI_05305__20190930T012659_20190930T012655_T54TXP,0,clear,14815,0.6421178527071162,0.942220722240972,21739,
ROI_05305__20190930T012659_20190930T012655_T54TXP,1,thick_cloud,13651,0.7411962638510181,0.9359021317119625,17237,
ROI_05305__20190930T012659_20190930T012655_T54TXP,2,thin_cloud,1812,0.0,0.0,1812,
ROI_05305__20190930T012659_20190930T012655_T54TXP,3,cloud_shadow,19898,0.5768011527377521,0.6035279927630918,20820,
ROI_05305__20191121T011941_20191121T011942_T54TXP,0,clear,447,1.0,1.0,447,
ROI_05305__20191121T011941_20191121T011942_T54TXP,1,thick_cloud,48282,0.9751503576072822,0.994014332463444,49216,
ROI_05305__20191121T011941_20191121T011942_T54TXP,2,thin_cloud,0,,,0,absent_true_and_predicted_class
ROI_05305__20191121T011941_20191121T011942_T54TXP,3,cloud_shadow,1447,0.2955069124423963,0.35452660677263304,1736,
ROI_05305__20200128T012919_20200128T012915_T54TXP,0,clear,50176,0.9999800701530612,0.9999800701530612,50176,
ROI_05305__20200128T012919_20200128T012915_T54TXP,1,thick_cloud,0,,,0,absent_true_and_predicted_class
ROI_05305__20200128T012919_20200128T012915_T54TXP,2,thin_cloud,0,,,0,absent_true_and_predicted_class
ROI_05305__20200128T012919_20200128T012915_T54TXP,3,cloud_shadow,0,0.0,,1,no_true_class_for_recall
ROI_05305__20200706T012659_20200706T012657_T54TXP,0,clear,31199,0.8599033816425121,0.9413763261643001,34155,
ROI_05305__20200706T012659_20200706T012657_T54TXP,1,thick_cloud,9775,0.7040013393604554,0.8603580562659846,11946,
ROI_05305__20200706T012659_20200706T012657_T54TXP,2,thin_cloud,0,,,0,absent_true_and_predicted_class
ROI_05305__20200706T012659_20200706T012657_T54TXP,3,cloud_shadow,9202,0.5884849069341306,0.6631167137578787,10369,
ROI_05607__20190404T073619_20190404T080232_T36KVU,0,clear,5775,0.5992438563327032,0.6587012987012987,6348,
ROI_05607__20190404T073619_20190404T080232_T36KVU,1,thick_cloud,34652,0.8931361456818059,0.956799030358998,37122,
ROI_05607__20190404T073619_20190404T080232_T36KVU,2,thin_cloud,59,0.0,0.0,59,
ROI_05607__20190404T073619_20190404T080232_T36KVU,3,cloud_shadow,9690,0.6791208791208792,0.8291021671826625,11830,
ROI_05607__20200213T074021_20200213T080323_T36KVU,0,clear,25471,0.7133516411664705,0.8566605158808056,30588,
ROI_05607__20200213T074021_20200213T080323_T36KVU,1,thick_cloud,11747,0.6668409699980391,0.8684770579722483,15299,
ROI_05607__20200213T074021_20200213T080323_T36KVU,2,thin_cloud,4387,0.026897652154091633,0.026897652154091633,4387,
ROI_05607__20200213T074021_20200213T080323_T36KVU,3,cloud_shadow,8571,0.5825319805910896,0.7703885194259713,11335,
ROI_05607__20200314T073651_20200314T080510_T36KVU,0,clear,1327,0.4688736955739475,0.9819140919366993,2779,
ROI_05607__20200314T073651_20200314T080510_T36KVU,1,thick_cloud,27880,0.6951225753620963,0.9743185078909613,39078,
ROI_05607__20200314T073651_20200314T080510_T36KVU,2,thin_cloud,3507,0.0,0.0,3507,
ROI_05607__20200314T073651_20200314T080510_T36KVU,3,cloud_shadow,17462,0.45201204489460717,0.47279807582178446,18265,
ROI_05607__20200413T073611_20200413T074903_T36KVU,0,clear,22403,0.7347864872202614,0.845645672454582,25783,
ROI_05607__20200413T073611_20200413T074903_T36KVU,1,thick_cloud,17312,0.727922077922078,0.8417860443622921,20020,
ROI_05607__20200413T073611_20200413T074903_T36KVU,2,thin_cloud,678,0.0,0.0,678,
ROI_05607__20200413T073611_20200413T074903_T36KVU,3,cloud_shadow,9783,0.6204617834394904,0.7965859143412042,12560,
ROI_05607__20200712T073621_20200712T080432_T36KVU,0,clear,50176,1.0,1.0,50176,
ROI_05607__20200712T073621_20200712T080432_T36KVU,1,thick_cloud,0,,,0,absent_true_and_predicted_class
ROI_05607__20200712T073621_20200712T080432_T36KVU,2,thin_cloud,0,,,0,absent_true_and_predicted_class
ROI_05607__20200712T073621_20200712T080432_T36KVU,3,cloud_shadow,0,,,0,absent_true_and_predicted_class
ROI_05622__20190811T080619_20190811T082415_T35LPK,0,clear,50176,0.9435188137755102,0.9435188137755102,50176,
ROI_05622__20190811T080619_20190811T082415_T35LPK,1,thick_cloud,0,0.0,,2822,no_true_class_for_recall
ROI_05622__20190811T080619_20190811T082415_T35LPK,2,thin_cloud,0,0.0,,5,no_true_class_for_recall
ROI_05622__20190811T080619_20190811T082415_T35LPK,3,cloud_shadow,0,0.0,,7,no_true_class_for_recall
ROI_05622__20191224T081341_20191224T082110_T35LPK,0,clear,28672,0.566576586314993,0.9140276227678571,46255,
ROI_05622__20191224T081341_20191224T082110_T35LPK,1,thick_cloud,6465,0.12973118762923672,0.2232018561484919,11123,
ROI_05622__20191224T081341_20191224T082110_T35LPK,2,thin_cloud,14403,0.004730563554092966,0.0047906686107061025,14586,
ROI_05622__20191224T081341_20191224T082110_T35LPK,3,cloud_shadow,636,0.02607361963190184,0.026729559748427674,652,
ROI_05622__20200222T080931_20200222T082541_T35LPK,0,clear,14479,0.32554239223522696,0.6300849506181366,28024,
ROI_05622__20200222T080931_20200222T082541_T35LPK,1,thick_cloud,32523,0.4401528250320709,0.48528733511668665,35858,
ROI_05622__20200222T080931_20200222T082541_T35LPK,2,thin_cloud,3174,0.02430523709070898,0.08349086326402017,10903,
ROI_05622__20200222T080931_20200222T082541_T35LPK,3,cloud_shadow,0,0.0,,396,no_true_class_for_recall
ROI_05622__20200227T080859_20200227T082855_T35LPK,0,clear,29985,0.5574967037106799,0.7896614974153744,42472,
ROI_05622__20200227T080859_20200227T082855_T35LPK,1,thick_cloud,17022,0.31584188422738885,0.42856303607096696,23097,
ROI_05622__20200227T080859_20200227T082855_T35LPK,2,thin_cloud,3169,0.0,0.0,3190,
ROI_05622__20200227T080859_20200227T082855_T35LPK,3,cloud_shadow,0,0.0,,620,no_true_class_for_recall
ROI_05622__20200606T080609_20200606T083047_T35LPK,0,clear,50176,0.9487005739795918,0.9487005739795918,50176,
ROI_05622__20200606T080609_20200606T083047_T35LPK,1,thick_cloud,0,0.0,,2569,no_true_class_for_recall
ROI_05622__20200606T080609_20200606T083047_T35LPK,2,thin_cloud,0,0.0,,2,no_true_class_for_recall
ROI_05622__20200606T080609_20200606T083047_T35LPK,3,cloud_shadow,0,0.0,,3,no_true_class_for_recall
ROI_05830__20190103T090351_20190103T090811_T34NBM,0,clear,50176,1.0,1.0,50176,
ROI_05830__20190103T090351_20190103T090811_T34NBM,1,thick_cloud,0,,,0,absent_true_and_predicted_class
ROI_05830__20190103T090351_20190103T090811_T34NBM,2,thin_cloud,0,,,0,absent_true_and_predicted_class
ROI_05830__20190103T090351_20190103T090811_T34NBM,3,cloud_shadow,0,,,0,absent_true_and_predicted_class
ROI_05830__20190528T085609_20190528T090917_T34NBM,0,clear,22905,0.7346358183376178,0.9357345557738485,29175,
ROI_05830__20190528T085609_20190528T090917_T34NBM,1,thick_cloud,17758,0.6586817287810782,0.7354994931861696,19829,
ROI_05830__20190528T085609_20190528T090917_T34NBM,2,thin_cloud,59,0.0,0.0,59,
ROI_05830__20190528T085609_20190528T090917_T34NBM,3,cloud_shadow,9454,0.48352619026587756,0.5790141738946478,11321,
ROI_05830__20190925T085709_20190925T091045_T34NBM,0,clear,3989,0.40818858560794047,0.7422913010779644,7254,
ROI_05830__20190925T085709_20190925T091045_T34NBM,1,thick_cloud,33690,0.859814386444079,0.9157316711190264,35881,
ROI_05830__20190925T085709_20190925T091045_T34NBM,2,thin_cloud,1730,0.0,0.0,1730,
ROI_05830__20190925T085709_20190925T091045_T34NBM,3,cloud_shadow,10767,0.6514285714285715,0.7940930621342992,13125,
ROI_05830__20191030T090111_20191030T091429_T34NBM,0,clear,18099,0.7313833239582883,0.9339190010497818,23111,
ROI_05830__20191030T090111_20191030T091429_T34NBM,1,thick_cloud,21987,0.8322173577131085,0.881839268658753,23298,
ROI_05830__20191030T090111_20191030T091429_T34NBM,2,thin_cloud,1927,0.0,0.0,1927,
ROI_05830__20191030T090111_20191030T091429_T34NBM,3,cloud_shadow,8163,0.6670907548770144,0.7707950508391522,9432,
ROI_05830__20200611T085559_20200611T091323_T34NBM,0,clear,899,0.6358325219084713,0.7263626251390434,1027,
ROI_05830__20200611T085559_20200611T091323_T34NBM,1,thick_cloud,45617,0.9443566639620788,0.9695508253501984,46834,
ROI_05830__20200611T085559_20200611T091323_T34NBM,2,thin_cloud,58,0.0,0.0,58,
ROI_05830__20200611T085559_20200611T091323_T34NBM,3,cloud_shadow,3602,0.4939663699307616,0.6932259855635758,5055,
ROI_05860__20190327T125311_20190327T125307_T24KTB,0,clear,24668,0.7925769842150013,0.8691422085292687,27051,
ROI_05860__20190327T125311_20190327T125307_T24KTB,1,thick_cloud,14487,0.7254340328520489,0.8566300821426106,17107,
ROI_05860__20190327T125311_20190327T125307_T24KTB,2,thin_cloud,0,,,0,absent_true_and_predicted_class
ROI_05860__20190327T125311_20190327T125307_T24KTB,3,cloud_shadow,11021,0.7090408444240477,0.8411214953271028,13074,
ROI_05860__20190501T125319_20190501T125521_T24KTB,0,clear,14915,0.28926866046745414,0.30868253436138116,15916,
ROI_05860__20190501T125319_20190501T125521_T24KTB,1,thick_cloud,31742,0.8239600278875203,0.8935794845945435,34424,
ROI_05860__20190501T125319_20190501T125521_T24KTB,2,thin_cloud,494,0.0,0.0,494,
ROI_05860__20190501T125319_20190501T125521_T24KTB,3,cloud_shadow,3025,0.19884099963781238,0.9074380165289256,13805,
ROI_05860__20191028T125309_20191028T125309_T24KTB,0,clear,50176,1.0,1.0,50176,
ROI_05860__20191028T125309_20191028T125309_T24KTB,1,thick_cloud,0,,,0,absent_true_and_predicted_class
ROI_05860__20191028T125309_20191028T125309_T24KTB,2,thin_cloud,0,,,0,absent_true_and_predicted_class
ROI_05860__20191028T125309_20191028T125309_T24KTB,3,cloud_shadow,0,,,0,absent_true_and_predicted_class
ROI_05860__20191227T125309_20191227T125303_T24KTB,0,clear,42555,0.9523287921316264,0.9806603219363177,43821,
ROI_05860__20191227T125309_20191227T125303_T24KTB,1,thick_cloud,5830,0.7140027426481792,0.8037735849056604,6563,
ROI_05860__20191227T125309_20191227T125303_T24KTB,2,thin_cloud,0,,,0,absent_true_and_predicted_class
ROI_05860__20191227T125309_20191227T125303_T24KTB,3,cloud_shadow,1791,0.5522518583296896,0.7051926298157454,2287,
ROI_05860__20200425T125309_20200425T125346_T24KTB,0,clear,1925,0.2322077922077922,0.2322077922077922,1925,
ROI_05860__20200425T125309_20200425T125346_T24KTB,1,thick_cloud,31270,0.6662861327704304,0.9892228973456988,46426,
ROI_05860__20200425T125309_20200425T125346_T24KTB,2,thin_cloud,15158,0.0,0.0,15158,
ROI_05860__20200425T125309_20200425T125346_T24KTB,3,cloud_shadow,1823,0.4721099434114794,0.9610532089961602,3711,
ROI_05940__20191115T143731_20191115T144536_T19HCV,0,clear,40888,0.9141228009178778,0.9645372725494032,43143,
ROI_05940__20191115T143731_20191115T144536_T19HCV,1,thick_cloud,6215,0.649632848793646,0.6975060337892196,6673,
ROI_05940__20191115T143731_20191115T144536_T19HCV,2,thin_cloud,479,0.0,0.0,479,
ROI_05940__20191115T143731_20191115T144536_T19HCV,3,cloud_shadow,2594,0.48242510025949514,0.7883577486507325,4239,
ROI_05940__20200126T142649_20200126T143543_T19HCV,0,clear,24389,0.2037784595511061,0.20697855590635122,24772,
ROI_05940__20200126T142649_20200126T143543_T19HCV,1,thick_cloud,16735,0.6677819083023544,0.9660591574544368,24210,
ROI_05940__20200126T142649_20200126T143543_T19HCV,2,thin_cloud,5119,0.0960327694758401,0.24731392850166048,13183,
ROI_05940__20200126T142649_20200126T143543_T19HCV,3,cloud_shadow,3933,0.23952332096914214,0.771675565725909,12671,
ROI_05940__20200403T143721_20200403T144642_T19HCV,0,clear,21590,0.19765719048060004,0.19773043075497915,21598,
ROI_05940__20200403T143721_20200403T144642_T19HCV,1,thick_cloud,0,0.0,,400,no_true_class_for_recall
ROI_05940__20200403T143721_20200403T144642_T19HCV,2,thin_cloud,28586,0.6196629953047523,0.9880011194290912,45578,
ROI_05940__20200403T143721_20200403T144642_T19HCV,3,cloud_shadow,0,0.0,,264,no_true_class_for_recall
ROI_05940__20200410T142731_20200410T143742_T19HCV,0,clear,50176,1.0,1.0,50176,
ROI_05940__20200410T142731_20200410T143742_T19HCV,1,thick_cloud,0,,,0,absent_true_and_predicted_class
ROI_05940__20200410T142731_20200410T143742_T19HCV,2,thin_cloud,0,,,0,absent_true_and_predicted_class
ROI_05940__20200410T142731_20200410T143742_T19HCV,3,cloud_shadow,0,,,0,absent_true_and_predicted_class
ROI_05940__20200528T143729_20200528T144647_T19HCV,0,clear,447,0.14400773195876287,1.0,3104,
ROI_05940__20200528T143729_20200528T144647_T19HCV,1,thick_cloud,48582,0.848194396190554,0.854287596229056,48931,
ROI_05940__20200528T143729_20200528T144647_T19HCV,2,thin_cloud,0,,,0,absent_true_and_predicted_class
ROI_05940__20200528T143729_20200528T144647_T19HCV,3,cloud_shadow,1147,0.11545199719691661,0.5745422842197035,5708,
ROI_06118__20190316T132231_20190316T132230_T23MMQ,0,clear,447,1.0,1.0,447,
ROI_06118__20190316T132231_20190316T132230_T23MMQ,1,thick_cloud,46278,0.9302267474545568,0.9653831194087904,48027,
ROI_06118__20190316T132231_20190316T132230_T23MMQ,2,thin_cloud,1129,0.0,0.0,1129,
ROI_06118__20190316T132231_20190316T132230_T23MMQ,3,cloud_shadow,2322,0.36354823073194376,0.6459948320413437,4126,
ROI_06118__20190609T132239_20190609T132240_T23MMQ,0,clear,32845,0.42730593607305933,0.427370984929213,32850,
ROI_06118__20190609T132239_20190609T132240_T23MMQ,1,thick_cloud,0,0.0,,54,no_true_class_for_recall
ROI_06118__20190609T132239_20190609T132240_T23MMQ,2,thin_cloud,17331,0.47801422364889173,0.9967110957244244,36137,
ROI_06118__20190609T132239_20190609T132240_T23MMQ,3,cloud_shadow,0,,,0,absent_true_and_predicted_class
ROI_06118__20190808T132239_20190808T132240_T23MMQ,0,clear,50176,1.0,1.0,50176,
ROI_06118__20190808T132239_20190808T132240_T23MMQ,1,thick_cloud,0,,,0,absent_true_and_predicted_class
ROI_06118__20190808T132239_20190808T132240_T23MMQ,2,thin_cloud,0,,,0,absent_true_and_predicted_class
ROI_06118__20190808T132239_20190808T132240_T23MMQ,3,cloud_shadow,0,,,0,absent_true_and_predicted_class
ROI_06118__20190912T132231_20190912T132231_T23MMQ,0,clear,45657,0.9399506151815743,0.9671463302450883,46978,
ROI_06118__20190912T132231_20190912T132231_T23MMQ,1,thick_cloud,2705,0.45557122708039494,0.5970425138632163,3545,
ROI_06118__20190912T132231_20190912T132231_T23MMQ,2,thin_cloud,0,0.0,,2,no_true_class_for_recall
ROI_06118__20190912T132231_20190912T132231_T23MMQ,3,cloud_shadow,1814,0.447180585296217,0.6907386990077178,2802,
ROI_06118__20191111T132241_20191111T132235_T23MMQ,0,clear,19696,0.7729310499417197,0.8753554021121039,22306,
ROI_06118__20191111T132241_20191111T132235_T23MMQ,1,thick_cloud,25175,0.7818539263325791,0.8372591857000993,26959,
ROI_06118__20191111T132241_20191111T132235_T23MMQ,2,thin_cloud,0,,,0,absent_true_and_predicted_class
ROI_06118__20191111T132241_20191111T132235_T23MMQ,3,cloud_shadow,5305,0.4086496028243601,0.6982092365692742,9064,
ROI_06213__20190125T145721_20190125T145722_T19PGP,0,clear,50176,0.950554049744898,0.950554049744898,50176,
ROI_06213__20190125T145721_20190125T145722_T19PGP,1,thick_cloud,0,0.0,,1866,no_true_class_for_recall
ROI_06213__20190125T145721_20190125T145722_T19PGP,2,thin_cloud,0,0.0,,83,no_true_class_for_recall
ROI_06213__20190125T145721_20190125T145722_T19PGP,3,cloud_shadow,0,0.0,,532,no_true_class_for_recall
ROI_06213__20190326T145731_20190326T145725_T19PGP,0,clear,45333,0.8041593338198051,0.8265281362362958,46594,
ROI_06213__20190326T145731_20190326T145725_T19PGP,1,thick_cloud,2192,0.19499586435070307,0.8604014598540146,9672,
ROI_06213__20190326T145731_20190326T145725_T19PGP,2,thin_cloud,1725,0.0,0.0,1725,
ROI_06213__20190326T145731_20190326T145725_T19PGP,3,cloud_shadow,926,0.0013324450366422385,0.004319654427645789,3002,
ROI_06213__20190724T145731_20190724T145730_T19PGP,0,clear,18116,0.3091089545655051,0.30945020975932874,18136,
ROI_06213__20190724T145731_20190724T145730_T19PGP,1,thick_cloud,10629,0.3266340923757721,1.0,32541,
ROI_06213__20190724T145731_20190724T145730_T19PGP,2,thin_cloud,21431,0.043755976286096766,0.053380616863422145,26145,
ROI_06213__20190724T145731_20190724T145730_T19PGP,3,cloud_shadow,0,0.0,,6151,no_true_class_for_recall
ROI_06213__20200330T145721_20200330T145721_T19PGP,0,clear,8794,0.691790445604175,0.7838298840118263,9964,
ROI_06213__20200330T145721_20200330T145721_T19PGP,1,thick_cloud,33107,0.8167653397408903,0.9959223125018878,40369,
ROI_06213__20200330T145721_20200330T145721_T19PGP,2,thin_cloud,6534,0.0,0.0,6534,
ROI_06213__20200330T145721_20200330T145721_T19PGP,3,cloud_shadow,1741,0.36141406543813465,0.5519816197587594,2659,
ROI_06213__20200424T145719_20200424T145720_T19PGP,0,clear,32090,0.8414850377806269,0.9612963540043628,36659,
ROI_06213__20200424T145719_20200424T145720_T19PGP,1,thick_cloud,9116,0.6124557875026008,0.9687362878455463,14419,
ROI_06213__20200424T145719_20200424T145720_T19PGP,2,thin_cloud,4912,0.0,0.0,4912,
ROI_06213__20200424T145719_20200424T145720_T19PGP,3,cloud_shadow,4058,0.13444767441860464,0.13676688023656974,4128,
ROI_06461__20190713T143759_20190713T143800_T19MHP,0,clear,33019,0.6580636160714286,1.0,50176,
ROI_06461__20190713T143759_20190713T143800_T19MHP,1,thick_cloud,0,,,0,absent_true_and_predicted_class
ROI_06461__20190713T143759_20190713T143800_T19MHP,2,thin_cloud,17157,0.0,0.0,17157,
ROI_06461__20190713T143759_20190713T143800_T19MHP,3,cloud_shadow,0,,,0,absent_true_and_predicted_class
ROI_06461__20190728T143751_20190728T144229_T20MKU,0,clear,50176,1.0,1.0,50176,
ROI_06461__20190728T143751_20190728T144229_T20MKU,1,thick_cloud,0,,,0,absent_true_and_predicted_class
ROI_06461__20190728T143751_20190728T144229_T20MKU,2,thin_cloud,0,,,0,absent_true_and_predicted_class
ROI_06461__20190728T143751_20190728T144229_T20MKU,3,cloud_shadow,0,,,0,absent_true_and_predicted_class
ROI_06461__20190926T143751_20190926T143747_T20MKU,0,clear,37289,0.7884009556631498,1.0,47297,
ROI_06461__20190926T143751_20190926T143747_T20MKU,1,thick_cloud,429,0.0,0.0,430,
ROI_06461__20190926T143751_20190926T143747_T20MKU,2,thin_cloud,12458,0.1938346567024755,0.1998715684700594,12846,
ROI_06461__20190926T143751_20190926T143747_T20MKU,3,cloud_shadow,0,,,0,absent_true_and_predicted_class
ROI_06461__20191220T143719_20191220T143721_T19MHP,0,clear,6872,0.42745709828393136,0.6778230500582072,10897,
ROI_06461__20191220T143719_20191220T143721_T19MHP,1,thick_cloud,30894,0.7673927569156755,0.9293713989771477,37415,
ROI_06461__20191220T143719_20191220T143721_T19MHP,2,thin_cloud,10208,0.04227123234668214,0.042809561128526644,10338,
ROI_06461__20191220T143719_20191220T143721_T19MHP,3,cloud_shadow,2202,0.28415744957709826,0.793369663941871,6148,
ROI_06461__20200109T143719_20200109T143721_T19MHP,0,clear,19558,0.9528808961671774,0.969884446262399,19907,
ROI_06461__20200109T143719_20200109T143721_T19MHP,1,thick_cloud,18811,0.9233905124947056,0.9271702727127744,18888,
ROI_06461__20200109T143719_20200109T143721_T19MHP,2,thin_cloud,3131,0.0,0.0,3131,
ROI_06461__20200109T143719_20200109T143721_T19MHP,3,cloud_shadow,8676,0.6111233077204538,0.9625403411710466,13665,
ROI_06641__20190722T185921_20190722T190551_T10TDN,0,clear,50176,1.0,1.0,50176,
ROI_06641__20190722T185921_20190722T190551_T10TDN,1,thick_cloud,0,,,0,absent_true_and_predicted_class
ROI_06641__20190722T185921_20190722T190551_T10TDN,2,thin_cloud,0,,,0,absent_true_and_predicted_class
ROI_06641__20190722T185921_20190722T190551_T10TDN,3,cloud_shadow,0,,,0,absent_true_and_predicted_class
ROI_06641__20190920T190051_20190920T190914_T10TDN,0,clear,15440,0.6194801485289917,0.7023316062176166,17505,
ROI_06641__20190920T190051_20190920T190914_T10TDN,1,thick_cloud,28388,0.8385701275045537,0.9081654220092997,30744,
ROI_06641__20190920T190051_20190920T190914_T10TDN,2,thin_cloud,1495,0.0,0.0,1495,
ROI_06641__20190920T190051_20190920T190914_T10TDN,3,cloud_shadow,4853,0.451120797011208,0.8957345971563981,9636,
ROI_06641__20191124T190719_20191124T190716_T10TDN,0,clear,447,1.0,1.0,447,
ROI_06641__20191124T190719_20191124T190716_T10TDN,1,thick_cloud,48285,0.9428263653177781,0.9607124365745056,49201,
ROI_06641__20191124T190719_20191124T190716_T10TDN,2,thin_cloud,0,,,0,absent_true_and_predicted_class
ROI_06641__20191124T190719_20191124T190716_T10TDN,3,cloud_shadow,1444,0.1580365160131697,0.3656509695290859,3341,
ROI_06641__20200621T185919_20200621T190712_T10TDN,0,clear,40671,0.9259855376720317,0.9760517321924713,42870,
ROI_06641__20200621T185919_20200621T190712_T10TDN,1,thick_cloud,7877,0.6943712025679238,0.7689475688713977,8723,
ROI_06641__20200621T185919_20200621T190712_T10TDN,2,thin_cloud,0,,,0,absent_true_and_predicted_class
ROI_06641__20200621T185919_20200621T190712_T10TDN,3,cloud_shadow,1628,0.3803399173174093,0.5085995085995086,2177,
ROI_06641__20200711T185919_20200711T190544_T10TDN,0,clear,48438,0.9816912272155239,0.9984722738345927,49266,
ROI_06641__20200711T185919_20200711T190544_T10TDN,1,thick_cloud,1567,0.5545399146861669,0.5807275047862157,1641,
ROI_06641__20200711T185919_20200711T190544_T10TDN,2,thin_cloud,0,,,0,absent_true_and_predicted_class
ROI_06641__20200711T185919_20200711T190544_T10TDN,3,cloud_shadow,171,0.0,0.0,171,
ROI_06833__20190102T140049_20190102T140050_T21JTF,0,clear,45251,0.9497955426149136,0.9803982232436852,46709,
ROI_06833__20190102T140049_20190102T140050_T21JTF,1,thick_cloud,2401,0.5631288542680948,0.722615576842982,3081,
ROI_06833__20190102T140049_20190102T140050_T21JTF,2,thin_cloud,0,,,0,absent_true_and_predicted_class
ROI_06833__20190102T140049_20190102T140050_T21JTF,3,cloud_shadow,2524,0.5357880247763248,0.616877971473851,2906,
ROI_06833__20190206T140051_20190206T140049_T21JTF,0,clear,50176,1.0,1.0,50176,
ROI_06833__20190206T140051_20190206T140049_T21JTF,1,thick_cloud,0,,,0,absent_true_and_predicted_class
ROI_06833__20190206T140051_20190206T140049_T21JTF,2,thin_cloud,0,,,0,absent_true_and_predicted_class
ROI_06833__20190206T140051_20190206T140049_T21JTF,3,cloud_shadow,0,,,0,absent_true_and_predicted_class
ROI_06833__20190419T135119_20190419T135715_T21JTF,0,clear,447,0.8355140186915888,1.0,535,
ROI_06833__20190419T135119_20190419T135715_T21JTF,1,thick_cloud,23516,0.6902565048902012,0.9543714917502977,32514,
ROI_06833__20190419T135119_20190419T135715_T21JTF,2,thin_cloud,25100,0.492977141283393,0.499203187250996,25417,
ROI_06833__20190419T135119_20190419T135715_T21JTF,3,cloud_shadow,1113,0.10284837114105407,0.5417789757412399,5863,
ROI_06833__20190517T140101_20190517T140056_T21JTF,0,clear,38675,0.7072079420195287,0.7846670976082741,42911,
ROI_06833__20190517T140101_20190517T140056_T21JTF,1,thick_cloud,1198,0.0,0.0,1339,
ROI_06833__20190517T140101_20190517T140056_T21JTF,2,thin_cloud,8623,0.39552499708658667,0.7871970311956396,17162,
ROI_06833__20190517T140101_20190517T140056_T21JTF,3,cloud_shadow,1680,0.0744047619047619,0.0744047619047619,1680,
ROI_06833__20200511T140101_20200511T140057_T21JTF,0,clear,4859,0.48584736653529204,0.5581395348837209,5582,
ROI_06833__20200511T140101_20200511T140057_T21JTF,1,thick_cloud,24482,0.7033054677576581,0.9725104158157013,33853,
ROI_06833__20200511T140101_20200511T140057_T21JTF,2,thin_cloud,0,0.0,,917,no_true_class_for_recall
ROI_06833__20200511T140101_20200511T140057_T21JTF,3,cloud_shadow,20835,0.5594838829886343,0.5764818814494841,21468,
ROI_06860__20190228T152639_20190228T152637_T18PZU,0,clear,21030,0.7179068208479973,0.8147883975273419,23868,
ROI_06860__20190228T152639_20190228T152637_T18PZU,1,thick_cloud,19731,0.7233141685608593,0.8225127971212812,22437,
ROI_06860__20190228T152639_20190228T152637_T18PZU,2,thin_cloud,0,,,0,absent_true_and_predicted_class
ROI_06860__20190228T152639_20190228T152637_T18PZU,3,cloud_shadow,9415,0.6257663889325578,0.8455655868295273,12722,
ROI_06860__20190305T152631_20190305T152846_T18PZU,0,clear,19532,0.7716892862105702,0.8529592463649396,21589,
ROI_06860__20190305T152631_20190305T152846_T18PZU,1,thick_cloud,25133,0.7796217250515161,0.8429952651891935,27176,
ROI_06860__20190305T152631_20190305T152846_T18PZU,2,thin_cloud,0,,,0,absent_true_and_predicted_class
ROI_06860__20190305T152631_20190305T152846_T18PZU,3,cloud_shadow,5511,0.5336533095211519,0.8675376519687897,8959,
ROI_06860__20200208T152631_20200208T152631_T18PZU,0,clear,50176,1.0,1.0,50176,
ROI_06860__20200208T152631_20200208T152631_T18PZU,1,thick_cloud,0,,,0,absent_true_and_predicted_class
ROI_06860__20200208T152631_20200208T152631_T18PZU,2,thin_cloud,0,,,0,absent_true_and_predicted_class
ROI_06860__20200208T152631_20200208T152631_T18PZU,3,cloud_shadow,0,,,0,absent_true_and_predicted_class
ROI_06860__20200707T152641_20200707T152643_T18PZU,0,clear,46246,0.9706447891295987,0.9823984777061799,46806,
ROI_06860__20200707T152641_20200707T152643_T18PZU,1,thick_cloud,1781,0.6824264049955397,0.8590679393599102,2242,
ROI_06860__20200707T152641_20200707T152643_T18PZU,2,thin_cloud,78,0.0,0.0,78,
ROI_06860__20200707T152641_20200707T152643_T18PZU,3,cloud_shadow,2071,0.6807252660622782,0.8338966682761951,2537,
ROI_06860__20200709T151709_20200709T151705_T18PZU,0,clear,38316,0.890895447723862,0.9295855517277377,39980,
ROI_06860__20200709T151709_20200709T151705_T18PZU,1,thick_cloud,8105,0.660641521262146,0.7801357186921654,9571,
ROI_06860__20200709T151709_20200709T151705_T18PZU,2,thin_cloud,0,,,0,absent_true_and_predicted_class
ROI_06860__20200709T151709_20200709T151705_T18PZU,3,cloud_shadow,3755,0.4781448114781448,0.7632490013315579,5994,
ROI_06908__20190227T181311_20190227T181919_T12TYT,0,clear,50176,1.0,1.0,50176,
ROI_06908__20190227T181311_20190227T181919_T12TYT,1,thick_cloud,0,,,0,absent_true_and_predicted_class
ROI_06908__20190227T181311_20190227T181919_T12TYT,2,thin_cloud,0,,,0,absent_true_and_predicted_class
ROI_06908__20190227T181311_20190227T181919_T12TYT,3,cloud_shadow,0,,,0,absent_true_and_predicted_class
ROI_06908__20190617T180921_20190617T180949_T12TYT,0,clear,49857,0.9931403046980937,0.9989369597047556,50148,
ROI_06908__20190617T180921_20190617T180949_T12TYT,1,thick_cloud,131,0.0,0.0,156,
ROI_06908__20190617T180921_20190617T180949_T12TYT,2,thin_cloud,0,,,0,absent_true_and_predicted_class
ROI_06908__20190617T180921_20190617T180949_T12TYT,3,cloud_shadow,188,0.12962962962962962,0.14893617021276595,216,
ROI_06908__20190627T180921_20190627T181359_T12TYT,0,clear,39571,0.8974022384966146,0.9847362967829977,43422,
ROI_06908__20190627T180921_20190627T181359_T12TYT,1,thick_cloud,7053,0.7194510424914226,0.7730043952927832,7578,
ROI_06908__20190627T180921_20190627T181359_T12TYT,2,thin_cloud,1233,0.022291748142354323,0.046228710462287104,2557,
ROI_06908__20190627T180921_20190627T181359_T12TYT,3,cloud_shadow,2319,0.0,0.0,2319,
ROI_06908__20190717T180921_20190717T181847_T12TYT,0,clear,24844,0.573221066534588,0.6987602640476573,30285,
ROI_06908__20190717T180921_20190717T181847_T12TYT,1,thick_cloud,14183,0.10635484095496624,0.10773461185926814,14367,
ROI_06908__20190717T180921_20190717T181847_T12TYT,2,thin_cloud,581,0.017731734761184184,0.7865748709122203,25773,
ROI_06908__20190717T180921_20190717T181847_T12TYT,3,cloud_shadow,10568,0.0013247539742619228,0.0013247539742619228,10568,
ROI_06908__20190831T180919_20190831T181408_T12TYT,0,clear,26476,0.2070110162690596,0.21434506723069952,27414,
ROI_06908__20190831T180919_20190831T181408_T12TYT,1,thick_cloud,318,0.05533980582524272,0.3584905660377358,2060,
ROI_06908__20190831T180919_20190831T181408_T12TYT,2,thin_cloud,14501,0.294071601243237,0.8808358044272808,43435,
ROI_06908__20190831T180919_20190831T181408_T12TYT,3,cloud_shadow,8881,0.0,0.0,8881,
ROI_07063__20181226T080331_20181226T082041_T35JNK,0,clear,50176,0.9999800701530612,0.9999800701530612,50176,
ROI_07063__20181226T080331_20181226T082041_T35JNK,1,thick_cloud,0,0.0,,1,no_true_class_for_recall
ROI_07063__20181226T080331_20181226T082041_T35JNK,2,thin_cloud,0,,,0,absent_true_and_predicted_class
ROI_07063__20181226T080331_20181226T082041_T35JNK,3,cloud_shadow,0,,,0,absent_true_and_predicted_class
ROI_07063__20190308T074749_20190308T081646_T35JNK,0,clear,8574,0.46515665693315444,0.6874271052017727,12671,
ROI_07063__20190308T074749_20190308T081646_T35JNK,1,thick_cloud,21657,0.769317363112392,0.7888904280371243,22208,
ROI_07063__20190308T074749_20190308T081646_T35JNK,2,thin_cloud,2790,0.2399796022437532,0.8433691756272401,9805,
ROI_07063__20190308T074749_20190308T081646_T35JNK,3,cloud_shadow,17155,0.7149641019842841,0.7372194695424075,17689,
ROI_07063__20191108T075131_20191108T081042_T35JNK,0,clear,14437,0.6072438600843463,0.8477523031100644,20155,
ROI_07063__20191108T075131_20191108T081042_T35JNK,1,thick_cloud,17728,0.6895192351261951,0.8583596570397112,22069,
ROI_07063__20191108T075131_20191108T081042_T35JNK,2,thin_cloud,7200,0.05416275640166242,0.05611111111111111,7459,
ROI_07063__20191108T075131_20191108T081042_T35JNK,3,cloud_shadow,10811,0.5715171558495246,0.7672740727037277,14514,
ROI_07063__20191221T080331_20191221T080920_T35JNK,0,clear,5182,0.18272300469483568,0.18776534156696256,5325,
ROI_07063__20191221T080331_20191221T080920_T35JNK,1,thick_cloud,13020,0.435728813559322,0.9872503840245775,29500,
ROI_07063__20191221T080331_20191221T080920_T35JNK,2,thin_cloud,31974,0.41046174816834213,0.4520547945205479,35214,
ROI_07063__20191221T080331_20191221T080920_T35JNK,3,cloud_shadow,0,0.0,,2032,no_true_class_for_recall
ROI_07063__20200224T075919_20200224T082412_T35JNK,0,clear,43124,0.6982411527866074,0.7640756887116223,47190,
ROI_07063__20200224T075919_20200224T082412_T35JNK,1,thick_cloud,0,,,0,absent_true_and_predicted_class
ROI_07063__20200224T075919_20200224T082412_T35JNK,2,thin_cloud,7052,0.17334262161848368,0.42342597844583096,17226,
ROI_07063__20200224T075919_20200224T082412_T35JNK,3,cloud_shadow,0,,,0,absent_true_and_predicted_class
ROI_07640__20190111T073259_20190111T075530_T36KWU,0,clear,50176,1.0,1.0,50176,
ROI_07640__20190111T073259_20190111T075530_T36KWU,1,thick_cloud,0,,,0,absent_true_and_predicted_class
ROI_07640__20190111T073259_20190111T075530_T36KWU,2,thin_cloud,0,,,0,absent_true_and_predicted_class
ROI_07640__20190111T073259_20190111T075530_T36KWU,3,cloud_shadow,0,,,0,absent_true_and_predicted_class
ROI_07640__20190322T072619_20190322T074833_T36KWU,0,clear,3994,0.6464944649446495,0.8773159739609414,5420,
ROI_07640__20190322T072619_20190322T074833_T36KWU,1,thick_cloud,27432,0.8308830533769409,0.95388597258676,31493,
ROI_07640__20190322T072619_20190322T074833_T36KWU,2,thin_cloud,0,,,0,absent_true_and_predicted_class
ROI_07640__20190322T072619_20190322T074833_T36KWU,3,cloud_shadow,18750,0.6981644455619814,0.7404266666666667,19885,
ROI_07640__20190620T072629_20190620T075504_T36KWU,0,clear,45141,0.9673275862068965,0.9943067278084226,46400,
ROI_07640__20190620T072629_20190620T075504_T36KWU,1,thick_cloud,1733,0.5887096774193549,0.6318522792844777,1860,
ROI_07640__20190620T072629_20190620T075504_T36KWU,2,thin_cloud,0,,,0,absent_true_and_predicted_class
ROI_07640__20190620T072629_20190620T075504_T36KWU,3,cloud_shadow,3302,0.7027855153203343,0.7640823743185948,3590,
ROI_07640__20190908T072619_20190908T075454_T36KWU,0,clear,28971,0.8690721649484536,0.9602360981671326,32010,
ROI_07640__20190908T072619_20190908T075454_T36KWU,1,thick_cloud,11410,0.7502837684449489,0.811042944785276,12334,
ROI_07640__20190908T072619_20190908T075454_T36KWU,2,thin_cloud,0,,,0,absent_true_and_predicted_class
ROI_07640__20190908T072619_20190908T075454_T36KWU,3,cloud_shadow,9795,0.7600855177542294,0.8348136804492088,10758,
ROI_07640__20200106T073209_20200106T075445_T36KWU,0,clear,35246,0.8638462310549031,0.9767349486466549,39852,
ROI_07640__20200106T073209_20200106T075445_T36KWU,1,thick_cloud,8089,0.650057273768614,0.7015700333786624,8730,
ROI_07640__20200106T073209_20200106T075445_T36KWU,2,thin_cloud,0,,,0,absent_true_and_predicted_class
ROI_07640__20200106T073209_20200106T075445_T36KWU,3,cloud_shadow,6841,0.5785984848484849,0.6252009940067241,7392,
ROI_08052__20190503T085601_20190503T091441_T34NBM,0,clear,33215,0.5259520484722255,0.6690350745145266,42251,
ROI_08052__20190503T085601_20190503T091441_T34NBM,1,thick_cloud,0,,,0,absent_true_and_predicted_class
ROI_08052__20190503T085601_20190503T091441_T34NBM,2,thin_cloud,3101,0.14903720711788343,0.9209932279909706,19163,
ROI_08052__20190503T085601_20190503T091441_T34NBM,3,cloud_shadow,13860,0.0,0.0,13860,
ROI_08052__20190528T085609_20190528T090917_T34NBM,0,clear,14324,0.7014185609297556,0.8595364423345434,17553,
ROI_08052__20190528T085609_20190528T090917_T34NBM,1,thick_cloud,25960,0.7871488814237724,0.8484591679506934,27982,
ROI_08052__20190528T085609_20190528T090917_T34NBM,2,thin_cloud,0,,,0,absent_true_and_predicted_class
ROI_08052__20190528T085609_20190528T090917_T34NBM,3,cloud_shadow,9892,0.6167206126154575,0.7897290739991912,12667,
ROI_08052__20190816T085559_20190816T090748_T34NBM,0,clear,48685,0.9720310499359796,0.9979665194618466,49984,
ROI_08052__20190816T085559_20190816T090748_T34NBM,1,thick_cloud,677,0.030927835051546393,0.0310192023633678,679,
ROI_08052__20190816T085559_20190816T090748_T34NBM,2,thin_cloud,0,,,0,absent_true_and_predicted_class
ROI_08052__20190816T085559_20190816T090748_T34NBM,3,cloud_shadow,814,0.1877058177826564,0.21007371007371006,911,
ROI_08052__20200626T085601_20200626T091809_T34NBM,0,clear,50176,0.9999800701530612,0.9999800701530612,50176,
ROI_08052__20200626T085601_20200626T091809_T34NBM,1,thick_cloud,0,0.0,,1,no_true_class_for_recall
ROI_08052__20200626T085601_20200626T091809_T34NBM,2,thin_cloud,0,,,0,absent_true_and_predicted_class
ROI_08052__20200626T085601_20200626T091809_T34NBM,3,cloud_shadow,0,,,0,absent_true_and_predicted_class
ROI_08052__20200721T085559_20200721T091544_T34NBM,0,clear,997,0.5382755842062853,0.6700100300902708,1241,
ROI_08052__20200721T085559_20200721T091544_T34NBM,1,thick_cloud,45658,0.9258185971740418,0.9586271847211879,47276,
ROI_08052__20200721T085559_20200721T091544_T34NBM,2,thin_cloud,0,,,0,absent_true_and_predicted_class
ROI_08052__20200721T085559_20200721T091544_T34NBM,3,cloud_shadow,3521,0.3966396073249009,0.5967054813973303,5297,
ROI_08234__20181222T064251_20181222T064254_T40QEM,0,clear,16781,0.7279881003790605,0.9041177522197723,20841,
ROI_08234__20181222T064251_20181222T064254_T40QEM,1,thick_cloud,16403,0.7809210892688088,0.8549045906236664,17957,
ROI_08234__20181222T064251_20181222T064254_T40QEM,2,thin_cloud,0,,,0,absent_true_and_predicted_class
ROI_08234__20181222T064251_20181222T064254_T40QEM,3,cloud_shadow,16992,0.7479068762491222,0.8148540489642184,18513,
ROI_08234__20200116T064221_20200116T064216_T40QEM,0,clear,50176,1.0,1.0,50176,
ROI_08234__20200116T064221_20200116T064216_T40QEM,1,thick_cloud,0,,,0,absent_true_and_predicted_class
ROI_08234__20200116T064221_20200116T064216_T40QEM,2,thin_cloud,0,,,0,absent_true_and_predicted_class
ROI_08234__20200116T064221_20200116T064216_T40QEM,3,cloud_shadow,0,,,0,absent_true_and_predicted_class
ROI_08234__20200316T063621_20200316T065200_T40QEM,0,clear,447,1.0,1.0,447,
ROI_08234__20200316T063621_20200316T065200_T40QEM,1,thick_cloud,48020,0.9714097659303139,0.9835068721366097,48618,
ROI_08234__20200316T063621_20200316T065200_T40QEM,2,thin_cloud,0,,,0,absent_true_and_predicted_class
ROI_08234__20200316T063621_20200316T065200_T40QEM,3,cloud_shadow,1709,0.44422231107556975,0.6500877706260971,2501,
ROI_08234__20200321T063629_20200321T064926_T40QEM,0,clear,447,1.0,1.0,447,
ROI_08234__20200321T063629_20200321T064926_T40QEM,1,thick_cloud,44273,0.9117301387657477,0.9987577078580625,48499,
ROI_08234__20200321T063629_20200321T064926_T40QEM,2,thin_cloud,985,0.0,0.0,985,
ROI_08234__20200321T063629_20200321T064926_T40QEM,3,cloud_shadow,4471,0.27176314626601855,0.2751062402147171,4526,
ROI_08234__20200619T063629_20200619T064225_T40QEM,0,clear,47579,0.9604320198144426,0.9943042098404758,49257,
ROI_08234__20200619T063629_20200619T064225_T40QEM,1,thick_cloud,1686,0.31837160751565763,0.36180308422301305,1916,
ROI_08234__20200619T063629_20200619T064225_T40QEM,2,thin_cloud,0,,,0,absent_true_and_predicted_class
ROI_08234__20200619T063629_20200619T064225_T40QEM,3,cloud_shadow,911,0.19639468690702086,0.22722283205268934,1054,
ROI_08347__20180504T082559_20180504T083219_T37TCF,0,clear,5036,0.7294081757169005,0.9495631453534551,6556,
ROI_08347__20180504T082559_20180504T083219_T37TCF,1,thick_cloud,24317,0.9209096553865259,0.9758605091088539,25768,
ROI_08347__20180504T082559_20180504T083219_T37TCF,2,thin_cloud,0,,,0,absent_true_and_predicted_class
ROI_08347__20180504T082559_20180504T083219_T37TCF,3,cloud_shadow,20823,0.841465119530267,0.8671661143927388,21459,
ROI_08347__20180608T082601_20180608T083239_T37TCF,0,clear,38773,0.9055491976916896,0.95917262012225,41069,
ROI_08347__20180608T082601_20180608T083239_T37TCF,1,thick_cloud,7112,0.6807710960232783,0.7895106861642295,8248,
ROI_08347__20180608T082601_20180608T083239_T37TCF,2,thin_cloud,0,,,0,absent_true_and_predicted_class
ROI_08347__20180608T082601_20180608T083239_T37TCF,3,cloud_shadow,4291,0.5866589550800078,0.7091587042647401,5187,
ROI_08347__20180807T082601_20180807T083604_T37TCF,0,clear,2622,0.6770262035344302,0.84744469870328,3282,
ROI_08347__20180807T082601_20180807T083604_T37TCF,1,thick_cloud,41052,0.9234312984312985,0.9521338789827536,42328,
ROI_08347__20180807T082601_20180807T083604_T37TCF,2,thin_cloud,0,,,0,absent_true_and_predicted_class
ROI_08347__20180807T082601_20180807T083604_T37TCF,3,cloud_shadow,6502,0.6643538594969645,0.824669332513073,8071,
ROI_08347__20190802T082611_20190802T082606_T37TCF,0,clear,19092,0.7580126774395143,0.8894301278022209,22402,
ROI_08347__20190802T082611_20190802T082606_T37TCF,1,thick_cloud,20058,0.7964710151501406,0.8754113072090937,22046,
ROI_08347__20190802T082611_20190802T082606_T37TCF,2,thin_cloud,0,,,0,absent_true_and_predicted_class
ROI_08347__20190802T082611_20190802T082606_T37TCF,3,cloud_shadow,11026,0.6695842450765864,0.7770723743878106,12796,
ROI_08347__20200622T082609_20200622T083740_T37TCF,0,clear,50176,1.0,1.0,50176,
ROI_08347__20200622T082609_20200622T083740_T37TCF,1,thick_cloud,0,,,0,absent_true_and_predicted_class
ROI_08347__20200622T082609_20200622T083740_T37TCF,2,thin_cloud,0,,,0,absent_true_and_predicted_class
ROI_08347__20200622T082609_20200622T083740_T37TCF,3,cloud_shadow,0,,,0,absent_true_and_predicted_class
ROI_08676__20180703T105621_20180703T105938_T31TCN,0,clear,30137,0.8236096791800595,0.9012509539768391,32978,
ROI_08676__20180703T105621_20180703T105938_T31TCN,1,thick_cloud,10190,0.6416712565898183,0.8002944062806673,12709,
ROI_08676__20180703T105621_20180703T105938_T31TCN,2,thin_cloud,0,,,0,absent_true_and_predicted_class
ROI_08676__20180703T105621_20180703T105938_T31TCN,3,cloud_shadow,9849,0.651502219187436,0.7750025383287643,11716,
ROI_08676__20180814T105019_20180814T105021_T30TYT,0,clear,7609,0.6707174075258501,0.8269154948087791,9381,
ROI_08676__20180814T105019_20180814T105021_T30TYT,1,thick_cloud,29603,0.8531402725920529,0.9493970205722393,32943,
ROI_08676__20180814T105019_20180814T105021_T30TYT,2,thin_cloud,0,,,0,absent_true_and_predicted_class
ROI_08676__20180814T105019_20180814T105021_T30TYT,3,cloud_shadow,12964,0.7099131693198263,0.7567880283863005,13820,
ROI_08676__20180817T105619_20180817T110514_T31TCN,0,clear,28312,0.8356794294294294,0.9435928228313083,31968,
ROI_08676__20180817T105619_20180817T110514_T31TCN,1,thick_cloud,13576,0.746727706493004,0.8530494991160872,15509,
ROI_08676__20180817T105619_20180817T110514_T31TCN,2,thin_cloud,0,,,0,absent_true_and_predicted_class
ROI_08676__20180817T105619_20180817T110514_T31TCN,3,cloud_shadow,8288,0.5961243704839063,0.6569739382239382,9134,
ROI_08676__20190908T105029_20190908T105028_T31TCN,0,clear,12023,0.6971660495585303,0.8143558180154703,14044,
ROI_08676__20190908T105029_20190908T105028_T31TCN,1,thick_cloud,24181,0.826188707280832,0.919771721599603,26920,
ROI_08676__20190908T105029_20190908T105028_T31TCN,2,thin_cloud,0,,,0,absent_true_and_predicted_class
ROI_08676__20190908T105029_20190908T105028_T31TCN,3,cloud_shadow,13972,0.7746350956860201,0.8546378471228171,15415,
ROI_08676__20200405T104619_20200405T105015_T30TYT,0,clear,50176,0.9968311543367347,0.9968311543367347,50176,
ROI_08676__20200405T104619_20200405T105015_T30TYT,1,thick_cloud,0,0.0,,159,no_true_class_for_recall
ROI_08676__20200405T104619_20200405T105015_T30TYT,2,thin_cloud,0,,,0,absent_true_and_predicted_class
ROI_08676__20200405T104619_20200405T105015_T30TYT,3,cloud_shadow,0,,,0,absent_true_and_predicted_class
ROI_08710__20190220T105059_20190220T105057_T31UDQ,0,clear,24597,0.8352771432006734,0.8472984510306135,24951,
ROI_08710__20190220T105059_20190220T105057_T31UDQ,1,thick_cloud,21671,0.8432875157117949,0.9597157491578607,24663,
ROI_08710__20190220T105059_20190220T105057_T31UDQ,2,thin_cloud,0,,,0,absent_true_and_predicted_class
ROI_08710__20190220T105059_20190220T105057_T31UDQ,3,cloud_shadow,3908,0.2259498787388844,0.4291197543500512,7422,
ROI_08710__20190322T105029_20190322T105540_T31UDQ,0,clear,50176,1.0,1.0,50176,
ROI_08710__20190322T105029_20190322T105540_T31UDQ,1,thick_cloud,0,,,0,absent_true_and_predicted_class
ROI_08710__20190322T105029_20190322T105540_T31UDQ,2,thin_cloud,0,,,0,absent_true_and_predicted_class
ROI_08710__20190322T105029_20190322T105540_T31UDQ,3,cloud_shadow,0,,,0,absent_true_and_predicted_class
ROI_08710__20190524T105629_20190524T110120_T31UDQ,0,clear,20806,0.6304466844868121,0.9408824377583389,31051,
ROI_08710__20190524T105629_20190524T110120_T31UDQ,1,thick_cloud,6198,0.6053732658004845,0.8870603420458212,9082,
ROI_08710__20190524T105629_20190524T110120_T31UDQ,2,thin_cloud,18436,0.3515086536988819,0.37345411152093727,19587,
ROI_08710__20190524T105629_20190524T110120_T31UDQ,3,cloud_shadow,4736,0.4293012524719842,0.5500422297297297,6068,
ROI_08710__20190720T105039_20190720T105035_T31UDQ,0,clear,3532,0.31314603763583354,0.669026047565119,7546,
ROI_08710__20190720T105039_20190720T105035_T31UDQ,1,thick_cloud,28502,0.7478557259799402,0.9391621640586626,35793,
ROI_08710__20190720T105039_20190720T105035_T31UDQ,2,thin_cloud,12205,0.03842687423187218,0.03842687423187218,12205,
ROI_08710__20190720T105039_20190720T105035_T31UDQ,3,cloud_shadow,5937,0.5103783891151058,0.865588681152097,10069,
ROI_08710__20190918T105029_20190918T105246_T31UDQ,0,clear,1981,0.22831632653061223,0.27107521453811206,2352,
ROI_08710__20190918T105029_20190918T105246_T31UDQ,1,thick_cloud,28665,0.8181585432201491,0.8918541775684633,31247,
ROI_08710__20190918T105029_20190918T105246_T31UDQ,2,thin_cloud,14775,0.5446017699115044,0.8330287648054145,22600,
ROI_08710__20190918T105029_20190918T105246_T31UDQ,3,cloud_shadow,4755,0.20524658971668416,0.2056782334384858,4765,
ROI_08711__20190620T105039_20190620T105034_T31UDQ,0,clear,11002,0.725121359223301,0.8689329212870387,13184,
ROI_08711__20190620T105039_20190620T105034_T31UDQ,1,thick_cloud,30706,0.8583242125744862,0.9194294274734579,32892,
ROI_08711__20190620T105039_20190620T105034_T31UDQ,2,thin_cloud,0,,,0,absent_true_and_predicted_class
ROI_08711__20190620T105039_20190620T105034_T31UDQ,3,cloud_shadow,8468,0.5762096003059859,0.711620217288616,10458,
ROI_08711__20190807T105621_20190807T110430_T31UDQ,0,clear,1535,0.4469240048250905,0.4827361563517915,1658,
ROI_08711__20190807T105621_20190807T110430_T31UDQ,1,thick_cloud,34164,0.9089224901239613,0.9765249970729423,36705,
ROI_08711__20190807T105621_20190807T110430_T31UDQ,2,thin_cloud,0,,,0,absent_true_and_predicted_class
ROI_08711__20190807T105621_20190807T110430_T31UDQ,3,cloud_shadow,14477,0.7823085772721462,0.8454790357118187,15646,
ROI_08711__20190819T105029_20190819T105032_T31UDQ,0,clear,14649,0.7260639747152744,0.909550139941293,18351,
ROI_08711__20190819T105029_20190819T105032_T31UDQ,1,thick_cloud,21103,0.8171715835427966,0.8781215940861489,22677,
ROI_08711__20190819T105029_20190819T105032_T31UDQ,2,thin_cloud,0,,,0,absent_true_and_predicted_class
ROI_08711__20190819T105029_20190819T105032_T31UDQ,3,cloud_shadow,14424,0.7663815831779307,0.8262617859123683,15551,
ROI_08711__20191018T105039_20191018T105338_T31UDQ,0,clear,15559,0.6121889389000983,0.7605244552991838,19329,
ROI_08711__20191018T105039_20191018T105338_T31UDQ,1,thick_cloud,17434,0.7051088491696293,0.8304462544453367,20533,
ROI_08711__20191018T105039_20191018T105338_T31UDQ,2,thin_cloud,0,,,0,absent_true_and_predicted_class
ROI_08711__20191018T105039_20191018T105338_T31UDQ,3,cloud_shadow,17183,0.6747023372041746,0.8013734505034046,20409,
ROI_08711__20200104T110441_20200104T110437_T31UDQ,0,clear,50176,1.0,1.0,50176,
ROI_08711__20200104T110441_20200104T110437_T31UDQ,1,thick_cloud,0,,,0,absent_true_and_predicted_class
ROI_08711__20200104T110441_20200104T110437_T31UDQ,2,thin_cloud,0,,,0,absent_true_and_predicted_class
ROI_08711__20200104T110441_20200104T110437_T31UDQ,3,cloud_shadow,0,,,0,absent_true_and_predicted_class
ROI_08713__20180426T105029_20180426T105202_T31UDP,0,clear,30108,0.8879913339523368,0.9529360967184801,32310,
ROI_08713__20180426T105029_20180426T105202_T31UDP,1,thick_cloud,14124,0.8276515151515151,0.8972670631549137,15312,
ROI_08713__20180426T105029_20180426T105202_T31UDP,2,thin_cloud,0,,,0,absent_true_and_predicted_class
ROI_08713__20180426T105029_20180426T105202_T31UDP,3,cloud_shadow,5944,0.5740202188062595,0.6973418573351279,7221,
ROI_08713__20180526T105029_20180526T105635_T31UDP,0,clear,447,0.05256968128895684,1.0,8503,
ROI_08713__20180526T105029_20180526T105635_T31UDP,1,thick_cloud,27936,0.7786244405416124,0.9839275486827033,35302,
ROI_08713__20180526T105029_20180526T105635_T31UDP,2,thin_cloud,12774,0.07825817449248412,0.07906685454830124,12906,
ROI_08713__20180526T105029_20180526T105635_T31UDP,3,cloud_shadow,9019,0.47441813804173355,0.5243375097017408,9968,
ROI_08713__20180715T105029_20180715T105300_T31UDP,0,clear,50176,1.0,1.0,50176,
ROI_08713__20180715T105029_20180715T105300_T31UDP,1,thick_cloud,0,,,0,absent_true_and_predicted_class
ROI_08713__20180715T105029_20180715T105300_T31UDP,2,thin_cloud,0,,,0,absent_true_and_predicted_class
ROI_08713__20180715T105029_20180715T105300_T31UDP,3,cloud_shadow,0,,,0,absent_true_and_predicted_class
ROI_08713__20190819T105029_20190819T105032_T31UDP,0,clear,14282,0.7305212413377523,0.8488306959809551,16595,
ROI_08713__20190819T105029_20190819T105032_T31UDP,1,thick_cloud,20584,0.7995301487862176,0.8928293820443063,22986,
ROI_08713__20190819T105029_20190819T105032_T31UDP,2,thin_cloud,0,,,0,absent_true_and_predicted_class
ROI_08713__20190819T105029_20190819T105032_T31UDP,3,cloud_shadow,15310,0.7443669682475652,0.8436969301110385,17353,
ROI_08713__20200614T104629_20200614T105727_T31UDP,0,clear,1781,0.349873417721519,0.3879842784952274,1975,
ROI_08713__20200614T104629_20200614T105727_T31UDP,1,thick_cloud,42771,0.910756422242999,0.9565593509621005,44922,
ROI_08713__20200614T104629_20200614T105727_T31UDP,2,thin_cloud,0,,,0,absent_true_and_predicted_class
ROI_08713__20200614T104629_20200614T105727_T31UDP,3,cloud_shadow,5624,0.5581120168288194,0.754800853485064,7606,
ROI_08945__20180705T100031_20180705T100508_T33TWL,0,clear,50176,0.9666573660714286,0.9666573660714286,50176,
ROI_08945__20180705T100031_20180705T100508_T33TWL,1,thick_cloud,0,0.0,,970,no_true_class_for_recall
ROI_08945__20180705T100031_20180705T100508_T33TWL,2,thin_cloud,0,,,0,absent_true_and_predicted_class
ROI_08945__20180705T100031_20180705T100508_T33TWL,3,cloud_shadow,0,0.0,,703,no_true_class_for_recall
ROI_08945__20190804T100039_20190804T100758_T33TWL,0,clear,7184,0.5069103051664966,0.7607182628062361,10781,
ROI_08945__20190804T100039_20190804T100758_T33TWL,1,thick_cloud,25793,0.7623877046358031,0.9442872097080603,31947,
ROI_08945__20190804T100039_20190804T100758_T33TWL,2,thin_cloud,6061,0.22518833933835572,0.22686025408348456,6106,
ROI_08945__20190804T100039_20190804T100758_T33TWL,3,cloud_shadow,11138,0.5804946336910872,0.6701382653977375,12858,
ROI_08945__20191015T095031_20191015T095354_T33TWL,0,clear,8992,0.3187655550024888,0.35609430604982206,10045,
ROI_08945__20191015T095031_20191015T095354_T33TWL,1,thick_cloud,8271,0.4725221817181374,0.8306129851287631,14539,
ROI_08945__20191015T095031_20191015T095354_T33TWL,2,thin_cloud,23343,0.5075879512531617,0.7565437176027074,34792,
ROI_08945__20191015T095031_20191015T095354_T33TWL,3,cloud_shadow,9570,0.3142800436637888,0.3309299895506792,10077,
ROI_08945__20200629T100029_20200629T100503_T33TWL,0,clear,40515,0.9364445078730793,0.9717388621498211,42042,
ROI_08945__20200629T100029_20200629T100503_T33TWL,1,thick_cloud,5396,0.6912163239279452,0.8035581912527798,6273,
ROI_08945__20200629T100029_20200629T100503_T33TWL,2,thin_cloud,0,,,0,absent_true_and_predicted_class
ROI_08945__20200629T100029_20200629T100503_T33TWL,3,cloud_shadow,4265,0.7008983258472846,0.8049237983587338,4898,
ROI_08945__20200729T100029_20200729T100152_T33TWL,0,clear,8291,0.639795918367347,0.8318658786636112,10780,
ROI_08945__20200729T100029_20200729T100152_T33TWL,1,thick_cloud,32646,0.8908591264101823,0.9433621270599767,34570,
ROI_08945__20200729T100029_20200729T100152_T33TWL,2,thin_cloud,0,,,0,absent_true_and_predicted_class
ROI_08945__20200729T100029_20200729T100152_T33TWL,3,cloud_shadow,9239,0.540954415954416,0.6576469314860915,11232,
ROI_09177__20190530T084601_20190530T084608_T36UWV,0,clear,50176,0.9999800701530612,0.9999800701530612,50176,
ROI_09177__20190530T084601_20190530T084608_T36UWV,1,thick_cloud,0,0.0,,1,no_true_class_for_recall
ROI_09177__20190530T084601_20190530T084608_T36UWV,2,thin_cloud,0,,,0,absent_true_and_predicted_class
ROI_09177__20190530T084601_20190530T084608_T36UWV,3,cloud_shadow,0,,,0,absent_true_and_predicted_class
ROI_09177__20190616T083601_20190616T084207_T36UWV,0,clear,36252,0.7659642401021711,0.9926348891095663,46980,
ROI_09177__20190616T083601_20190616T084207_T36UWV,1,thick_cloud,2595,0.710362504577078,0.7475915221579962,2731,
ROI_09177__20190616T083601_20190616T084207_T36UWV,2,thin_cloud,10079,0.0,0.0,10079,
ROI_09177__20190616T083601_20190616T084207_T36UWV,3,cloud_shadow,1250,0.6470955652717052,0.8288,1601,
ROI_09177__20190711T083609_20190711T084452_T36UWV,0,clear,13607,0.8086806017840501,0.8927757771735136,15022,
ROI_09177__20190711T083609_20190711T084452_T36UWV,1,thick_cloud,27731,0.899421887149667,0.9593595615015686,29579,
ROI_09177__20190711T083609_20190711T084452_T36UWV,2,thin_cloud,0,,,0,absent_true_and_predicted_class
ROI_09177__20190711T083609_20190711T084452_T36UWV,3,cloud_shadow,8838,0.7096449763652821,0.7983706720977597,9943,
ROI_09177__20190803T084609_20190803T085254_T36UWV,0,clear,5051,0.3169128388248661,0.7731142348049891,12322,
ROI_09177__20190803T084609_20190803T085254_T36UWV,1,thick_cloud,26591,0.8109689935225068,0.9275318716859088,30413,
ROI_09177__20190803T084609_20190803T085254_T36UWV,2,thin_cloud,8637,0.0,0.0,8637,
ROI_09177__20190803T084609_20190803T085254_T36UWV,3,cloud_shadow,9897,0.6407556270096463,0.8053955744164898,12440,
ROI_09177__20200715T083559_20200715T083706_T36UWV,0,clear,31514,0.8655651859877213,0.9126420003807831,33228,
ROI_09177__20200715T083559_20200715T083706_T36UWV,1,thick_cloud,12773,0.7477275810609144,0.8629922492758162,14742,
ROI_09177__20200715T083559_20200715T083706_T36UWV,2,thin_cloud,0,,,0,absent_true_and_predicted_class
ROI_09177__20200715T083559_20200715T083706_T36UWV,3,cloud_shadow,5889,0.6097623306925632,0.8103243335031415,7826,
ROI_09184__20190102T084349_20190102T084604_T36UXU,0,clear,50176,0.884147799744898,0.884147799744898,50176,
ROI_09184__20190102T084349_20190102T084604_T36UXU,1,thick_cloud,0,0.0,,5813,no_true_class_for_recall
ROI_09184__20190102T084349_20190102T084604_T36UXU,2,thin_cloud,0,,,0,absent_true_and_predicted_class
ROI_09184__20190102T084349_20190102T084604_T36UXU,3,cloud_shadow,0,,,0,absent_true_and_predicted_class
ROI_09184__20190507T083601_20190507T084614_T36UXU,0,clear,14182,0.7310716275614437,0.832675222112537,16153,
ROI_09184__20190507T083601_20190507T084614_T36UXU,1,thick_cloud,26199,0.8424655079734814,0.8973243253559297,27905,
ROI_09184__20190507T083601_20190507T084614_T36UXU,2,thin_cloud,0,,,0,absent_true_and_predicted_class
ROI_09184__20190507T083601_20190507T084614_T36UXU,3,cloud_shadow,9795,0.7133055623621661,0.8915773353751915,12243,
ROI_09184__20190805T083601_20190805T083629_T36UXU,0,clear,34812,0.8858482337549063,0.9335861197288291,36688,
ROI_09184__20190805T083601_20190805T083629_T36UXU,1,thick_cloud,10555,0.7708370357206327,0.8218853623874941,11254,
ROI_09184__20190805T083601_20190805T083629_T36UXU,2,thin_cloud,0,,,0,absent_true_and_predicted_class
ROI_09184__20190805T083601_20190805T083629_T36UXU,3,cloud_shadow,4809,0.6170120898100173,0.8914535246412976,6948,
ROI_09184__20190820T083609_20190820T084332_T36UXU,0,clear,28947,0.8478211931178646,0.9107334093343006,31095,
ROI_09184__20190820T083609_20190820T084332_T36UXU,1,thick_cloud,11875,0.7826319407316887,0.8629052631578947,13093,
ROI_09184__20190820T083609_20190820T084332_T36UXU,2,thin_cloud,0,,,0,absent_true_and_predicted_class
ROI_09184__20190820T083609_20190820T084332_T36UXU,3,cloud_shadow,9354,0.708519003931848,0.8669018601667736,11445,
ROI_09184__20200317T083659_20200317T084226_T36UXU,0,clear,447,0.024277645014121225,1.0,18412,
ROI_09184__20200317T083659_20200317T084226_T36UXU,1,thick_cloud,13861,0.1677596022194999,0.1679532501262535,13877,
ROI_09184__20200317T083659_20200317T084226_T36UXU,2,thin_cloud,35868,0.37735490812430117,0.49868963979034236,47401,
ROI_09184__20200317T083659_20200317T084226_T36UXU,3,cloud_shadow,0,,,0,absent_true_and_predicted_class
ROI_09251__20190216T084031_20190216T084027_T37VEG,0,clear,40728,0.7744283616530313,0.9064280102141034,47670,
ROI_09251__20190216T084031_20190216T084027_T37VEG,1,thick_cloud,2162,0.20806832636743594,0.5296022201665125,5503,
ROI_09251__20190216T084031_20190216T084027_T37VEG,2,thin_cloud,0,0.0,,393,no_true_class_for_recall
ROI_09251__20190216T084031_20190216T084027_T37VEG,3,cloud_shadow,7286,0.17100671140939597,0.17485588800439197,7450,
ROI_09251__20190818T084601_20190818T085006_T37VEG,0,clear,5352,0.3578390993959363,0.9740284005979073,14568,
ROI_09251__20190818T084601_20190818T085006_T37VEG,1,thick_cloud,8056,0.6940497810063028,0.8064796425024826,9361,
ROI_09251__20190818T084601_20190818T085006_T37VEG,2,thin_cloud,30063,0.6273749280324838,0.6886870904434022,33001,
ROI_09251__20190818T084601_20190818T085006_T37VEG,3,cloud_shadow,6705,0.5355000697447343,0.5725577926920209,7169,
ROI_09251__20191123T084301_20191123T084306_T37VEG,0,clear,50176,0.998046875,0.998046875,50176,
ROI_09251__20191123T084301_20191123T084306_T37VEG,1,thick_cloud,0,0.0,,98,no_true_class_for_recall
ROI_09251__20191123T084301_20191123T084306_T37VEG,2,thin_cloud,0,,,0,absent_true_and_predicted_class
ROI_09251__20191123T084301_20191123T084306_T37VEG,3,cloud_shadow,0,,,0,absent_true_and_predicted_class
ROI_09251__20200122T084241_20200122T084258_T37VEG,0,clear,29524,0.6422903225806451,0.6744004877387888,31000,
ROI_09251__20200122T084241_20200122T084258_T37VEG,1,thick_cloud,204,0.0,0.0,12910,
ROI_09251__20200122T084241_20200122T084258_T37VEG,2,thin_cloud,8885,0.05042606516290727,0.056612267867191896,9975,
ROI_09251__20200122T084241_20200122T084258_T37VEG,3,cloud_shadow,11563,0.7004764702042947,0.928132837498919,15321,
ROI_09251__20200411T083601_20200411T083902_T37VEG,0,clear,16430,0.4574803601123918,0.48557516737674983,17439,
ROI_09251__20200411T083601_20200411T083902_T37VEG,1,thick_cloud,33561,0.852625734241211,0.8693423914662852,34219,
ROI_09251__20200411T083601_20200411T083902_T37VEG,2,thin_cloud,185,0.0,0.0,1663,
ROI_09251__20200411T083601_20200411T083902_T37VEG,3,cloud_shadow,0,0.0,,9877,no_true_class_for_recall
ROI_09277__20190316T084719_20190316T084715_T37VFK,0,clear,46608,0.925790999114403,0.9868906625472021,49684,
ROI_09277__20190316T084719_20190316T084715_T37VFK,1,thick_cloud,947,0.3157894736842105,0.5195353748680043,1558,
ROI_09277__20190316T084719_20190316T084715_T37VFK,2,thin_cloud,0,,,0,absent_true_and_predicted_class
ROI_09277__20190316T084719_20190316T084715_T37VFK,3,cloud_shadow,2621,0.0,0.0,2621,
ROI_09277__20190417T083601_20190417T083603_T37VFK,0,clear,9039,0.6313367649352675,0.8955636685474057,12822,
ROI_09277__20190417T083601_20190417T083603_T37VFK,1,thick_cloud,33160,0.8519853462538407,0.8696622436670688,33848,
ROI_09277__20190417T083601_20190417T083603_T37VFK,2,thin_cloud,0,,,0,absent_true_and_predicted_class
ROI_09277__20190417T083601_20190417T083603_T37VFK,3,cloud_shadow,7977,0.6914764694001212,0.858342735364172,9902,
ROI_09277__20190502T083609_20190502T084027_T37VFK,0,clear,50176,0.9999800701530612,0.9999800701530612,50176,
ROI_09277__20190502T083609_20190502T084027_T37VFK,1,thick_cloud,0,,,0,absent_true_and_predicted_class
ROI_09277__20190502T083609_20190502T084027_T37VFK,2,thin_cloud,0,,,0,absent_true_and_predicted_class
ROI_09277__20190502T083609_20190502T084027_T37VFK,3,cloud_shadow,0,0.0,,1,no_true_class_for_recall
ROI_09277__20190616T083601_20190616T084207_T37VFK,0,clear,5432,0.12978217096833242,0.13052282768777615,5463,
ROI_09277__20190616T083601_20190616T084207_T37VFK,1,thick_cloud,39199,0.7730608500662521,0.773948315008036,39244,
ROI_09277__20190616T083601_20190616T084207_T37VFK,2,thin_cloud,5047,0.002970113235567106,0.0031702001188825043,5387,
ROI_09277__20190616T083601_20190616T084207_T37VFK,3,cloud_shadow,498,0.02658038292865547,0.9979919678714859,18698,
ROI_09277__20190818T084601_20190818T085006_T38VLQ,0,clear,28472,0.8365584895518376,0.8745785332958697,29766,
ROI_09277__20190818T084601_20190818T085006_T38VLQ,1,thick_cloud,10606,0.7547780761333123,0.9010937205355459,12662,
ROI_09277__20190818T084601_20190818T085006_T38VLQ,2,thin_cloud,0,,,0,absent_true_and_predicted_class
ROI_09277__20190818T084601_20190818T085006_T38VLQ,3,cloud_shadow,11098,0.7203812316715542,0.8853847540097315,13640,
ROI_09659__20190104T024109_20190104T024110_T51TXF,0,clear,50176,0.9999800701530612,0.9999800701530612,50176,
ROI_09659__20190104T024109_20190104T024110_T51TXF,1,thick_cloud,0,,,0,absent_true_and_predicted_class
ROI_09659__20190104T024109_20190104T024110_T51TXF,2,thin_cloud,0,,,0,absent_true_and_predicted_class
ROI_09659__20190104T024109_20190104T024110_T51TXF,3,cloud_shadow,0,0.0,,1,no_true_class_for_recall
ROI_09659__20190504T023559_20190504T024226_T51TXF,0,clear,34278,0.8189115646258504,0.8779683762179824,36750,
ROI_09659__20190504T023559_20190504T024226_T51TXF,1,thick_cloud,249,0.0,0.0,249,
ROI_09659__20190504T023559_20190504T024226_T51TXF,2,thin_cloud,15649,0.6561924206961804,0.8420346348009458,20081,
ROI_09659__20190504T023559_20190504T024226_T51TXF,3,cloud_shadow,0,,,0,absent_true_and_predicted_class
ROI_09659__20190605T022551_20190605T023452_T51TXF,0,clear,18757,0.6720927204063029,0.8254518313163086,23037,
ROI_09659__20190605T022551_20190605T023452_T51TXF,1,thick_cloud,23285,0.7661123429416112,0.8903156538544127,27060,
ROI_09659__20190605T022551_20190605T023452_T51TXF,2,thin_cloud,5100,0.0,0.0,5100,
ROI_09659__20190605T022551_20190605T023452_T51TXF,3,cloud_shadow,3034,0.3187315634218289,0.7122610415293342,6780,
ROI_09659__20200119T024019_20200119T024022_T51TXF,0,clear,22095,0.37025790349417637,0.4028513238289206,24040,
ROI_09659__20200119T024019_20200119T024022_T51TXF,1,thick_cloud,26735,0.7881826320501343,0.8232653824574527,27925,
ROI_09659__20200119T024019_20200119T024022_T51TXF,2,thin_cloud,0,0.0,,1,no_true_class_for_recall
ROI_09659__20200119T024019_20200119T024022_T51TXF,3,cloud_shadow,1346,0.06522401706796709,0.7949479940564635,16405,
ROI_09659__20200530T022601_20200530T023518_T51TXF,0,clear,47277,0.9508097776883613,0.9996404171161453,49705,
ROI_09659__20200530T022601_20200530T023518_T51TXF,1,thick_cloud,722,0.5872801082543978,0.6011080332409973,739,
ROI_09659__20200530T022601_20200530T023518_T51TXF,2,thin_cloud,1825,0.0,0.0,1862,
ROI_09659__20200530T022601_20200530T023518_T51TXF,3,cloud_shadow,352,0.0,0.0,352,
ROI_09761__20190120T035051_20190120T035439_T48TYT,0,clear,50176,1.0,1.0,50176,
ROI_09761__20190120T035051_20190120T035439_T48TYT,1,thick_cloud,0,,,0,absent_true_and_predicted_class
ROI_09761__20190120T035051_20190120T035439_T48TYT,2,thin_cloud,0,,,0,absent_true_and_predicted_class
ROI_09761__20190120T035051_20190120T035439_T48TYT,3,cloud_shadow,0,,,0,absent_true_and_predicted_class
ROI_09761__20190609T034541_20190609T035004_T48TYT,0,clear,447,0.09863195057369814,1.0,4532,
ROI_09761__20190609T034541_20190609T035004_T48TYT,1,thick_cloud,36917,0.09692011810277108,0.09692011810277108,36917,
ROI_09761__20190609T034541_20190609T035004_T48TYT,2,thin_cloud,11021,0.19254240434368983,0.7529262317394065,43097,
ROI_09761__20190609T034541_20190609T035004_T48TYT,3,cloud_shadow,1791,0.3458268933539413,0.4997208263539922,2588,
ROI_09761__20190629T034541_20190629T034539_T48TYT,0,clear,27541,0.8413732572663133,0.904978032751171,29623,
ROI_09761__20190629T034541_20190629T034539_T48TYT,1,thick_cloud,13709,0.7581427581427581,0.8778174921584361,15873,
ROI_09761__20190629T034541_20190629T034539_T48TYT,2,thin_cloud,0,,,0,absent_true_and_predicted_class
ROI_09761__20190629T034541_20190629T034539_T48TYT,3,cloud_shadow,8926,0.660913140311804,0.7978937934125028,10776,
ROI_09761__20200419T034529_20200419T034529_T48TYT,0,clear,45896,0.9671116900032563,0.9706728255185637,46065,
ROI_09761__20200419T034529_20200419T034529_T48TYT,1,thick_cloud,1173,0.6861660079051384,0.7399829497016198,1265,
ROI_09761__20200419T034529_20200419T034529_T48TYT,2,thin_cloud,0,,,0,absent_true_and_predicted_class
ROI_09761__20200419T034529_20200419T034529_T48TYT,3,cloud_shadow,3107,0.6763668430335097,0.9874476987447699,4536,
ROI_09761__20200618T034539_20200618T034537_T48TYT,0,clear,30087,0.6775546825743246,0.9286735134775816,41238,
ROI_09761__20200618T034539_20200618T034537_T48TYT,1,thick_cloud,0,0.0,,10,no_true_class_for_recall
ROI_09761__20200618T034539_20200618T034537_T48TYT,2,thin_cloud,20089,0.4021597300337458,0.44492010553038974,22225,
ROI_09761__20200618T034539_20200618T034537_T48TYT,3,cloud_shadow,0,,,0,absent_true_and_predicted_class
ROI_09770__20190403T053641_20190403T054058_T45VWJ,0,clear,447,0.862934362934363,1.0,518,
ROI_09770__20190403T053641_20190403T054058_T45VWJ,1,thick_cloud,41222,0.9253717275019441,0.9526466449953908,42437,
ROI_09770__20190403T053641_20190403T054058_T45VWJ,2,thin_cloud,0,,,0,absent_true_and_predicted_class
ROI_09770__20190403T053641_20190403T054058_T45VWJ,3,cloud_shadow,8507,0.6910569105691057,0.8493005759962384,10455,
ROI_09770__20190605T054641_20190605T055100_T45VWJ,0,clear,50176,1.0,1.0,50176,
ROI_09770__20190605T054641_20190605T055100_T45VWJ,1,thick_cloud,0,,,0,absent_true_and_predicted_class
ROI_09770__20190605T054641_20190605T055100_T45VWJ,2,thin_cloud,0,,,0,absent_true_and_predicted_class
ROI_09770__20190605T054641_20190605T055100_T45VWJ,3,cloud_shadow,0,,,0,absent_true_and_predicted_class
ROI_09770__20190804T054641_20190804T054642_T45VWJ,0,clear,19934,0.7696857344632768,0.8747867964282131,22656,
ROI_09770__20190804T054641_20190804T054642_T45VWJ,1,thick_cloud,16654,0.806069200226886,0.853308514470998,17630,
ROI_09770__20190804T054641_20190804T054642_T45VWJ,2,thin_cloud,0,,,0,absent_true_and_predicted_class
ROI_09770__20190804T054641_20190804T054642_T45VWJ,3,cloud_shadow,13588,0.8176410387616733,0.9407565498969679,15634,
ROI_09770__20190816T053649_20190816T053944_T45VWJ,0,clear,50089,0.5742984693877551,0.5752959731677614,50176,
ROI_09770__20190816T053649_20190816T053944_T45VWJ,1,thick_cloud,43,0.0,0.0,43,
ROI_09770__20190816T053649_20190816T053944_T45VWJ,2,thin_cloud,0,0.0,,21273,no_true_class_for_recall
ROI_09770__20190816T053649_20190816T053944_T45VWJ,3,cloud_shadow,44,0.0,0.0,44,
ROI_09770__20200729T054641_20200729T054849_T45VWJ,0,clear,6772,0.7151477058453802,0.8400767867690491,7955,
ROI_09770__20200729T054641_20200729T054849_T45VWJ,1,thick_cloud,28248,0.8599322306840675,0.907391673746814,29807,
ROI_09770__20200729T054641_20200729T054849_T45VWJ,2,thin_cloud,0,,,0,absent_true_and_predicted_class
ROI_09770__20200729T054641_20200729T054849_T45VWJ,3,cloud_shadow,15156,0.786187592825317,0.9080892055951438,17506,
ROI_09795__20190506T063639_20190506T063634_T43WER,0,clear,50176,0.9999202806122449,0.9999202806122449,50176,
ROI_09795__20190506T063639_20190506T063634_T43WER,1,thick_cloud,0,0.0,,4,no_true_class_for_recall
ROI_09795__20190506T063639_20190506T063634_T43WER,2,thin_cloud,0,,,0,absent_true_and_predicted_class
ROI_09795__20190506T063639_20190506T063634_T43WER,3,cloud_shadow,0,,,0,absent_true_and_predicted_class
ROI_09795__20190804T063639_20190804T063633_T43WER,0,clear,28126,0.7646388067061144,0.8821375239991467,32448,
ROI_09795__20190804T063639_20190804T063633_T43WER,1,thick_cloud,11146,0.6407161373946857,0.7095819127938274,12344,
ROI_09795__20190804T063639_20190804T063633_T43WER,2,thin_cloud,0,,,0,absent_true_and_predicted_class
ROI_09795__20190804T063639_20190804T063633_T43WER,3,cloud_shadow,10904,0.6253914033589525,0.8059427732942039,14052,
ROI_09795__20200607T064631_20200607T064858_T43WER,0,clear,49721,0.31648599183443615,0.31648599183443615,49721,
ROI_09795__20200607T064631_20200607T064858_T43WER,1,thick_cloud,0,0.0,,16,no_true_class_for_recall
ROI_09795__20200607T064631_20200607T064858_T43WER,2,thin_cloud,455,0.013217522658610271,1.0,34424,
ROI_09795__20200607T064631_20200607T064858_T43WER,3,cloud_shadow,0,,,0,absent_true_and_predicted_class
ROI_09795__20200617T064631_20200617T064630_T43WER,0,clear,13116,0.6720536756126021,0.8782403171698688,17140,
ROI_09795__20200617T064631_20200617T064630_T43WER,1,thick_cloud,27158,0.8451045878010195,0.8851535459164886,28445,
ROI_09795__20200617T064631_20200617T064630_T43WER,2,thin_cloud,0,,,0,absent_true_and_predicted_class
ROI_09795__20200617T064631_20200617T064630_T43WER,3,cloud_shadow,9902,0.6535250064560558,0.7667137951928903,11617,
ROI_09795__20200722T064629_20200722T064811_T43WER,0,clear,36371,0.7792273719478147,0.8440790739875176,39398,
ROI_09795__20200722T064629_20200722T064811_T43WER,1,thick_cloud,11504,0.6052755905511811,0.668202364394993,12700,
ROI_09795__20200722T064629_20200722T064811_T43WER,2,thin_cloud,0,,,0,absent_true_and_predicted_class
ROI_09795__20200722T064629_20200722T064811_T43WER,3,cloud_shadow,2301,0.24004021616187005,0.8300738809213386,7957,
ROI_10279__20190104T033131_20190104T033127_T47NPB,0,clear,45634,0.9089332695527386,0.9993206819476705,50172,
ROI_10279__20190104T033131_20190104T033127_T47NPB,1,thick_cloud,264,0.0,0.0,264,
ROI_10279__20190104T033131_20190104T033127_T47NPB,2,thin_cloud,3962,0.0002523977788995457,0.0002523977788995457,3962,
ROI_10279__20190104T033131_20190104T033127_T47NPB,3,cloud_shadow,316,0.008645533141210375,0.00949367088607595,347,
ROI_10279__20190807T032549_20190807T034614_T47NPB,0,clear,12897,0.6935850486172497,0.851748468636117,15838,
ROI_10279__20190807T032549_20190807T034614_T47NPB,1,thick_cloud,26422,0.8155596908101919,0.8625387934297176,27944,
ROI_10279__20190807T032549_20190807T034614_T47NPB,2,thin_cloud,0,,,0,absent_true_and_predicted_class
ROI_10279__20190807T032549_20190807T034614_T47NPB,3,cloud_shadow,10857,0.677459710059607,0.8479322096343372,13589,
ROI_10279__20190817T032539_20190817T034637_T47NPB,0,clear,38995,0.7771643813775511,1.0,50176,
ROI_10279__20190817T032539_20190817T034637_T47NPB,1,thick_cloud,0,,,0,absent_true_and_predicted_class
ROI_10279__20190817T032539_20190817T034637_T47NPB,2,thin_cloud,11181,0.0,0.0,11181,
ROI_10279__20190817T032539_20190817T034637_T47NPB,3,cloud_shadow,0,,,0,absent_true_and_predicted_class
ROI_10279__20200309T032551_20200309T034649_T47NPB,0,clear,15936,0.397875,0.5992093373493976,24000,
ROI_10279__20200309T032551_20200309T034649_T47NPB,1,thick_cloud,7374,0.5947198543408094,0.9745050176295091,12083,
ROI_10279__20200309T032551_20200309T034649_T47NPB,2,thin_cloud,26866,0.2585831345296131,0.2783815975582521,28923,
ROI_10279__20200309T032551_20200309T034649_T47NPB,3,cloud_shadow,0,0.0,,11132,no_true_class_for_recall
ROI_10279__20200329T032531_20200329T033022_T47NPB,0,clear,3691,0.3963066592053721,0.9593606068816039,8935,
ROI_10279__20200329T032531_20200329T033022_T47NPB,1,thick_cloud,13974,0.46075208466966006,0.8224559896951481,24944,
ROI_10279__20200329T032531_20200329T033022_T47NPB,2,thin_cloud,31027,0.4180476047002109,0.4471911560898572,33190,
ROI_10279__20200329T032531_20200329T033022_T47NPB,3,cloud_shadow,1484,0.2616094606287857,0.6111859838274932,3467,
ROI_10560__20180301T103019_20180301T103013_T33VVJ,0,clear,50176,1.0,1.0,50176,
ROI_10560__20180301T103019_20180301T103013_T33VVJ,1,thick_cloud,0,,,0,absent_true_and_predicted_class
ROI_10560__20180301T103019_20180301T103013_T33VVJ,2,thin_cloud,0,,,0,absent_true_and_predicted_class
ROI_10560__20180301T103019_20180301T103013_T33VVJ,3,cloud_shadow,0,,,0,absent_true_and_predicted_class
ROI_10560__20180425T103021_20180425T103024_T33VVJ,0,clear,15542,0.360313315926893,0.4261999742632866,18384,
ROI_10560__20180425T103021_20180425T103024_T33VVJ,1,thick_cloud,18253,0.5651260504201681,0.8989755108749247,29036,
ROI_10560__20180425T103021_20180425T103024_T33VVJ,2,thin_cloud,12549,0.0,0.0,12549,
ROI_10560__20180425T103021_20180425T103024_T33VVJ,3,cloud_shadow,3832,0.27339449541284405,0.9720772442588727,13625,
ROI_10560__20180724T103021_20180724T103023_T33VVJ,0,clear,12074,0.364380996957641,0.38686433659102204,12819,
ROI_10560__20180724T103021_20180724T103023_T33VVJ,1,thick_cloud,3297,0.25138646807162096,0.9623900515620261,12622,
ROI_10560__20180724T103021_20180724T103023_T33VVJ,2,thin_cloud,34805,0.585990422073894,0.6785232006895561,40301,
ROI_10560__20180724T103021_20180724T103023_T33VVJ,3,cloud_shadow,0,0.0,,3150,no_true_class_for_recall
ROI_10560__20181010T104019_20181010T104018_T33VVJ,0,clear,29459,0.5871133609693877,1.0,50176,
ROI_10560__20181010T104019_20181010T104018_T33VVJ,1,thick_cloud,0,,,0,absent_true_and_predicted_class
ROI_10560__20181010T104019_20181010T104018_T33VVJ,2,thin_cloud,20717,0.0,0.0,20717,
ROI_10560__20181010T104019_20181010T104018_T33VVJ,3,cloud_shadow,0,,,0,absent_true_and_predicted_class
ROI_10560__20200601T103629_20200601T103625_T33VVJ,0,clear,47282,0.9656632758978617,0.9837993316695571,48170,
ROI_10560__20200601T103629_20200601T103625_T33VVJ,1,thick_cloud,1415,0.59565962307253,0.7371024734982332,1751,
ROI_10560__20200601T103629_20200601T103625_T33VVJ,2,thin_cloud,145,0.0,0.0,145,
ROI_10560__20200601T103629_20200601T103625_T33VVJ,3,cloud_shadow,1334,0.490978676872608,0.6731634182908546,1829,
ROI_10783__20190122T015959_20190122T020002_T53TPM,0,clear,50176,1.0,1.0,50176,
ROI_10783__20190122T015959_20190122T020002_T53TPM,1,thick_cloud,0,,,0,absent_true_and_predicted_class
ROI_10783__20190122T015959_20190122T020002_T53TPM,2,thin_cloud,0,,,0,absent_true_and_predicted_class
ROI_10783__20190122T015959_20190122T020002_T53TPM,3,cloud_shadow,0,,,0,absent_true_and_predicted_class
ROI_10783__20190608T014659_20190608T015224_T53TPM,0,clear,15327,0.7505133470225873,0.8584850264239577,17532,
ROI_10783__20190608T014659_20190608T015224_T53TPM,1,thick_cloud,25513,0.820114191373736,0.9345823697722729,29074,
ROI_10783__20190608T014659_20190608T015224_T53TPM,2,thin_cloud,2590,0.0,0.0,2590,
ROI_10783__20190608T014659_20190608T015224_T53TPM,3,cloud_shadow,6746,0.5873051474711226,0.7763118885265342,8917,
ROI_10783__20190616T015701_20190616T015656_T53TPM,0,clear,32810,0.874392989880904,0.9823529411764705,36861,
ROI_10783__20190616T015701_20190616T015656_T53TPM,1,thick_cloud,5503,0.3968024307313897,0.9967290568780665,13823,
ROI_10783__20190616T015701_20190616T015656_T53TPM,2,thin_cloud,11616,0.004132231404958678,0.004132231404958678,11616,
ROI_10783__20190616T015701_20190616T015656_T53TPM,3,cloud_shadow,247,0.0,0.0,288,
ROI_10783__20190623T014701_20190623T014656_T53TPM,0,clear,18240,0.6360412973198457,0.66875,19178,
ROI_10783__20190623T014701_20190623T014656_T53TPM,1,thick_cloud,27733,0.8058559413141086,0.918977391555187,31626,
ROI_10783__20190623T014701_20190623T014656_T53TPM,2,thin_cloud,429,0.0,0.0,2578,
ROI_10783__20190623T014701_20190623T014656_T53TPM,3,cloud_shadow,3774,0.3617832526763455,0.6536830948595654,6819,
ROI_10783__20190827T014659_20190827T014656_T53TPM,0,clear,46789,0.9501712862036749,0.9781145140951933,48165,
ROI_10783__20190827T014659_20190827T014656_T53TPM,1,thick_cloud,1613,0.4433285509325681,0.5747055176689398,2091,
ROI_10783__20190827T014659_20190827T014656_T53TPM,2,thin_cloud,347,0.0,0.0,347,
ROI_10783__20190827T014659_20190827T014656_T53TPM,3,cloud_shadow,1427,0.5014734774066798,0.7154870357393133,2036,
ROI_10961__20190122T043101_20190122T043322_T47ULQ,0,clear,50176,1.0,1.0,50176,
ROI_10961__20190122T043101_20190122T043322_T47ULQ,1,thick_cloud,0,,,0,absent_true_and_predicted_class
ROI_10961__20190122T043101_20190122T043322_T47ULQ,2,thin_cloud,0,,,0,absent_true_and_predicted_class
ROI_10961__20190122T043101_20190122T043322_T47ULQ,3,cloud_shadow,0,,,0,absent_true_and_predicted_class
ROI_10961__20190407T042709_20190407T042906_T47ULQ,0,clear,792,0.061686151506510786,0.8194444444444444,10521,
ROI_10961__20190407T042709_20190407T042906_T47ULQ,1,thick_cloud,42788,0.730902816680485,0.7623165373469197,44627,
ROI_10961__20190407T042709_20190407T042906_T47ULQ,2,thin_cloud,410,0.0,0.0,410,
ROI_10961__20190407T042709_20190407T042906_T47ULQ,3,cloud_shadow,6186,0.5758031442241969,0.6808923375363725,7315,
ROI_10961__20190522T042711_20190522T042707_T47ULQ,0,clear,44454,0.9437151081646895,0.9734782021865299,45856,
ROI_10961__20190522T042711_20190522T042707_T47ULQ,1,thick_cloud,1280,0.19383697813121273,0.3046875,2012,
ROI_10961__20190522T042711_20190522T042707_T47ULQ,2,thin_cloud,30,0.0,0.0,100,
ROI_10961__20190522T042711_20190522T042707_T47ULQ,3,cloud_shadow,4412,0.6098596750369276,0.7486400725294651,5416,
ROI_10961__20190525T043701_20190525T044442_T47ULQ,0,clear,15387,0.775108211530017,0.8030155325924482,15941,
ROI_10961__20190525T043701_20190525T044442_T47ULQ,1,thick_cloud,24804,0.8468324869333136,0.9210208030962748,26977,
ROI_10961__20190525T043701_20190525T044442_T47ULQ,2,thin_cloud,612,0.0,0.0,612,
ROI_10961__20190525T043701_20190525T044442_T47ULQ,3,cloud_shadow,9373,0.7271928423070778,0.9711938546890003,12518,
ROI_10961__20200730T042709_20200730T043035_T47ULQ,0,clear,13408,0.5407603370566334,0.8232398568019093,20412,
ROI_10961__20200730T042709_20200730T043035_T47ULQ,1,thick_cloud,12984,0.776294680100109,0.9316851509550216,15583,
ROI_10961__20200730T042709_20200730T043035_T47ULQ,2,thin_cloud,19083,0.5240764331210191,0.5389613792380653,19625,
ROI_10961__20200730T042709_20200730T043035_T47ULQ,3,cloud_shadow,4701,0.6391827271409941,0.9383109976600723,6901,
ROI_11023__20190301T013709_20190301T014011_T52LGL,0,clear,31253,0.7356284218043323,0.7910600582344095,33608,
ROI_11023__20190301T013709_20190301T014011_T52LGL,1,thick_cloud,11410,0.6155209769548946,0.8216476774758983,15231,
ROI_11023__20190301T013709_20190301T014011_T52LGL,2,thin_cloud,1156,0.0,0.0,1156,
ROI_11023__20190301T013709_20190301T014011_T52LGL,3,cloud_shadow,6357,0.4555953446732319,0.8005348434796288,11170,
ROI_11023__20190629T013719_20190629T014021_T52LGL,0,clear,50176,1.0,1.0,50176,
ROI_11023__20190629T013719_20190629T014021_T52LGL,1,thick_cloud,0,,,0,absent_true_and_predicted_class
ROI_11023__20190629T013719_20190629T014021_T52LGL,2,thin_cloud,0,,,0,absent_true_and_predicted_class
ROI_11023__20190629T013719_20190629T014021_T52LGL,3,cloud_shadow,0,,,0,absent_true_and_predicted_class
ROI_11023__20191012T013321_20191012T014010_T52LGL,0,clear,43813,0.9491139184495232,0.9791386118275398,45199,
ROI_11023__20191012T013321_20191012T014010_T52LGL,1,thick_cloud,3011,0.6607717041800643,0.818997010959814,3732,
ROI_11023__20191012T013321_20191012T014010_T52LGL,2,thin_cloud,328,0.0,0.0,328,
ROI_11023__20191012T013321_20191012T014010_T52LGL,3,cloud_shadow,3024,0.6807511737089202,0.7671957671957672,3408,
ROI_11023__20200409T013711_20200409T013710_T52LGL,0,clear,8340,0.46110714649811396,0.5423261390887291,9809,
ROI_11023__20200409T013711_20200409T013710_T52LGL,1,thick_cloud,28327,0.7267841455221953,0.9929749002718254,38702,
ROI_11023__20200409T013711_20200409T013710_T52LGL,2,thin_cloud,12151,0.12283475391806434,0.14706608509587688,14548,
ROI_11023__20200409T013711_20200409T013710_T52LGL,3,cloud_shadow,1358,0.4618535586277522,0.6642120765832106,1953,
ROI_11023__20200608T013721_20200608T013719_T52LGL,0,clear,22134,0.31244646222374506,0.3295834462817385,23348,
ROI_11023__20200608T013721_20200608T013719_T52LGL,1,thick_cloud,13434,0.6146696528555431,0.8171802888194134,17860,
ROI_11023__20200608T013721_20200608T013719_T52LGL,2,thin_cloud,9510,0.2158939719578344,0.4436382754994742,19542,
ROI_11023__20200608T013721_20200608T013719_T52LGL,3,cloud_shadow,5098,0.3441747191452589,0.8593566104354649,12729,
ROI_11037__20190107T012719_20190107T012714_T52LHL,0,clear,50176,0.9999800701530612,0.9999800701530612,50176,
ROI_11037__20190107T012719_20190107T012714_T52LHL,1,thick_cloud,0,,,0,absent_true_and_predicted_class
ROI_11037__20190107T012719_20190107T012714_T52LHL,2,thin_cloud,0,,,0,absent_true_and_predicted_class
ROI_11037__20190107T012719_20190107T012714_T52LHL,3,cloud_shadow,0,0.0,,1,no_true_class_for_recall
ROI_11037__20190206T012719_20190206T012716_T52LHL,0,clear,9742,0.46945447115712047,0.7075549168548553,14683,
ROI_11037__20190206T012719_20190206T012716_T52LHL,1,thick_cloud,16531,0.5154135484121137,0.8040650898312262,25789,
ROI_11037__20190206T012719_20190206T012716_T52LHL,2,thin_cloud,18087,0.28364498288122203,0.2977276496931498,18985,
ROI_11037__20190206T012719_20190206T012716_T52LHL,3,cloud_shadow,5816,0.3938153706230105,0.7444979367262724,10995,
ROI_11037__20191024T012719_20191024T012717_T52LHL,0,clear,41608,0.935693674712591,0.9819746202653336,43666,
ROI_11037__20191024T012719_20191024T012717_T52LHL,1,thick_cloud,5122,0.7277554009520322,0.7760640374853572,5462,
ROI_11037__20191024T012719_20191024T012717_T52LHL,2,thin_cloud,0,,,0,absent_true_and_predicted_class
ROI_11037__20191024T012719_20191024T012717_T52LHL,3,cloud_shadow,3446,0.527120669056153,0.6401625072547882,4185,
ROI_11037__20191203T012709_20191203T012710_T52LHL,0,clear,14936,0.4728266509841907,0.915104445634708,28907,
ROI_11037__20191203T012709_20191203T012710_T52LHL,1,thick_cloud,2579,0.20506329113924052,0.2198526560682435,2765,
ROI_11037__20191203T012709_20191203T012710_T52LHL,2,thin_cloud,30010,0.5503967532860864,0.6055648117294236,33018,
ROI_11037__20191203T012709_20191203T012710_T52LHL,3,cloud_shadow,2651,0.17092479309103994,0.1791776688042248,2779,
ROI_11037__20200401T012719_20200401T013031_T52LHL,0,clear,29661,0.7922621017479466,0.8878325073328613,33239,
ROI_11037__20200401T012719_20200401T013031_T52LHL,1,thick_cloud,13788,0.6391175713918189,0.7206991586887148,15548,
ROI_11037__20200401T012719_20200401T013031_T52LHL,2,thin_cloud,0,,,0,absent_true_and_predicted_class
ROI_11037__20200401T012719_20200401T013031_T52LHL,3,cloud_shadow,6727,0.570709664167608,0.8260740300282444,9737,
ROI_11121__20190407T051651_20190407T051652_T44SME,0,clear,18873,0.6043025406405139,0.6578710326922058,20546,
ROI_11121__20190407T051651_20190407T051652_T44SME,1,thick_cloud,20546,0.5021263669501823,0.7240825464810668,29628,
ROI_11121__20190407T051651_20190407T051652_T44SME,2,thin_cloud,8769,0.1560251458001969,0.23491846276656403,13203,
ROI_11121__20190407T051651_20190407T051652_T44SME,3,cloud_shadow,1988,0.21137952956134776,0.6690140845070423,6292,
ROI_11121__20190507T051651_20190507T051654_T44SME,0,clear,7383,0.265860634425377,0.27698767438710553,7692,
ROI_11121__20190507T051651_20190507T051654_T44SME,1,thick_cloud,33002,0.6768465345224548,0.7749833343433731,37787,
ROI_11121__20190507T051651_20190507T051654_T44SME,2,thin_cloud,9791,0.28307823582742253,0.5421305280359514,18751,
ROI_11121__20190507T051651_20190507T051654_T44SME,3,cloud_shadow,0,0.0,,3193,no_true_class_for_recall
ROI_11121__20190522T051659_20190522T052814_T44SME,0,clear,30657,0.8187979611269814,0.9536484326581205,35706,
ROI_11121__20190522T051659_20190522T052814_T44SME,1,thick_cloud,4686,0.44333563877087245,0.9575330772513871,10121,
ROI_11121__20190522T051659_20190522T052814_T44SME,2,thin_cloud,10482,0.1433243015976829,0.14634611715321502,10703,
ROI_11121__20190522T051659_20190522T052814_T44SME,3,cloud_shadow,4351,0.6618160651920838,0.7839577108710641,5154,
ROI_11121__20200521T051701_20200521T052402_T44SME,0,clear,50176,0.9963926977040817,0.9963926977040817,50176,
ROI_11121__20200521T051701_20200521T052402_T44SME,1,thick_cloud,0,0.0,,181,no_true_class_for_recall
ROI_11121__20200521T051701_20200521T052402_T44SME,2,thin_cloud,0,,,0,absent_true_and_predicted_class
ROI_11121__20200521T051701_20200521T052402_T44SME,3,cloud_shadow,0,,,0,absent_true_and_predicted_class
ROI_11121__20200725T051649_20200725T052448_T44SME,0,clear,45478,0.9383182587866022,0.9991424424996702,48426,
ROI_11121__20200725T051649_20200725T052448_T44SME,1,thick_cloud,3514,0.4255558682803265,0.4302788844621514,3553,
ROI_11121__20200725T051649_20200725T052448_T44SME,2,thin_cloud,0,,,0,absent_true_and_predicted_class
ROI_11121__20200725T051649_20200725T052448_T44SME,3,cloud_shadow,1184,0.19696969696969696,0.19763513513513514,1188,
ROI_11144__20181226T053229_20181226T053230_T45UVU,0,clear,50176,0.9999800701530612,0.9999800701530612,50176,
ROI_11144__20181226T053229_20181226T053230_T45UVU,1,thick_cloud,0,,,0,absent_true_and_predicted_class
ROI_11144__20181226T053229_20181226T053230_T45UVU,2,thin_cloud,0,,,0,absent_true_and_predicted_class
ROI_11144__20181226T053229_20181226T053230_T45UVU,3,cloud_shadow,0,0.0,,1,no_true_class_for_recall
ROI_11144__20190904T051651_20190904T051650_T45UVU,0,clear,49960,0.9956951530612245,1.0,50176,
ROI_11144__20190904T051651_20190904T051650_T45UVU,1,thick_cloud,138,0.0,0.0,138,
ROI_11144__20190904T051651_20190904T051650_T45UVU,2,thin_cloud,0,,,0,absent_true_and_predicted_class
ROI_11144__20190904T051651_20190904T051650_T45UVU,3,cloud_shadow,78,0.0,0.0,78,
ROI_11144__20190917T052651_20190917T052645_T45UVU,0,clear,39087,0.8751212415130941,0.9233248906285978,41240,
ROI_11144__20190917T052651_20190917T052645_T45UVU,1,thick_cloud,0,0.0,,1058,no_true_class_for_recall
ROI_11144__20190917T052651_20190917T052645_T45UVU,2,thin_cloud,11089,0.5592787164560556,0.7104337631887456,14086,
ROI_11144__20190917T052651_20190917T052645_T45UVU,3,cloud_shadow,0,,,0,absent_true_and_predicted_class
ROI_11144__20200713T052651_20200713T052650_T45UVU,0,clear,7098,0.4322141560798548,0.6710340941110172,11020,
ROI_11144__20200713T052651_20200713T052650_T45UVU,1,thick_cloud,24169,0.5774598878793736,0.6179817121105549,25865,
ROI_11144__20200713T052651_20200713T052650_T45UVU,2,thin_cloud,12111,0.4880085003035823,0.7963834530592023,19764,
ROI_11144__20200713T052651_20200713T052650_T45UVU,3,cloud_shadow,6798,0.4643075667958393,0.6697558105325095,9806,
ROI_11144__20200725T051649_20200725T051652_T45UVU,0,clear,9868,0.4864143751701606,0.9052492906364005,18365,
ROI_11144__20200725T051649_20200725T051652_T45UVU,1,thick_cloud,15146,0.7164762630109165,0.9316651261059026,19695,
ROI_11144__20200725T051649_20200725T051652_T45UVU,2,thin_cloud,14673,0.10294217571515935,0.10325086894295644,14717,
ROI_11144__20200725T051649_20200725T051652_T45UVU,3,cloud_shadow,10489,0.6366351418616227,0.8535608732958337,14063,
ROI_11216__20181222T073319_20181222T074542_T37NHJ,0,clear,50176,1.0,1.0,50176,
ROI_11216__20181222T073319_20181222T074542_T37NHJ,1,thick_cloud,0,,,0,absent_true_and_predicted_class
ROI_11216__20181222T073319_20181222T074542_T37NHJ,2,thin_cloud,0,,,0,absent_true_and_predicted_class
ROI_11216__20181222T073319_20181222T074542_T37NHJ,3,cloud_shadow,0,,,0,absent_true_and_predicted_class
ROI_11216__20190220T072939_20190220T074111_T37NHJ,0,clear,45611,0.9694358710562414,0.9916467518800289,46656,
ROI_11216__20190220T072939_20190220T074111_T37NHJ,1,thick_cloud,986,0.5535117056856187,0.6713995943204868,1196,
ROI_11216__20190220T072939_20190220T074111_T37NHJ,2,thin_cloud,0,,,0,absent_true_and_predicted_class
ROI_11216__20190220T072939_20190220T074111_T37NHJ,3,cloud_shadow,3579,0.7248760114852519,0.775915060072646,3831,
ROI_11216__20191018T072909_20191018T074707_T37NHJ,0,clear,36785,0.8021166185229683,0.853010738072584,39119,
ROI_11216__20191018T072909_20191018T074707_T37NHJ,1,thick_cloud,2412,0.4281081081081081,0.8208955223880597,4625,
ROI_11216__20191018T072909_20191018T074707_T37NHJ,2,thin_cloud,7376,0.32918437563246306,0.44102494577006507,9882,
ROI_11216__20191018T072909_20191018T074707_T37NHJ,3,cloud_shadow,3603,0.4474813966800229,0.8678878712184291,6988,
ROI_11216__20191107T073019_20191107T074712_T37NHJ,0,clear,23779,0.7690723166335613,0.8792632154421969,27186,
ROI_11216__20191107T073019_20191107T074712_T37NHJ,1,thick_cloud,3801,0.5636117991443369,0.6585109181794264,4441,
ROI_11216__20191107T073019_20191107T074712_T37NHJ,2,thin_cloud,20302,0.7076285520974289,0.8242537681016648,23648,
ROI_11216__20191107T073019_20191107T074712_T37NHJ,3,cloud_shadow,2294,0.6207689779822544,0.8234524847428073,3043,
ROI_11216__20200520T072621_20200520T073953_T37NHJ,0,clear,2404,0.18242368177613322,0.4101497504159734,5405,
ROI_11216__20200520T072621_20200520T073953_T37NHJ,1,thick_cloud,30247,0.5864224853380546,0.7008298343637386,36148,
ROI_11216__20200520T072621_20200520T073953_T37NHJ,2,thin_cloud,13459,0.2707140129820542,0.47410654580578054,23571,
ROI_11216__20200520T072621_20200520T073953_T37NHJ,3,cloud_shadow,4066,0.37070561612836866,0.44318740777176585,4861,
ROI_11264__20190504T014701_20190504T014655_T55WER,0,clear,50176,0.9999800701530612,0.9999800701530612,50176,
ROI_11264__20190504T014701_20190504T014655_T55WER,1,thick_cloud,0,0.0,,1,no_true_class_for_recall
ROI_11264__20190504T014701_20190504T014655_T55WER,2,thin_cloud,0,,,0,absent_true_and_predicted_class
ROI_11264__20190504T014701_20190504T014655_T55WER,3,cloud_shadow,0,,,0,absent_true_and_predicted_class
ROI_11264__20190606T015651_20190606T015654_T55WER,0,clear,13983,0.6153445280833816,0.7599942787670743,17270,
ROI_11264__20190606T015651_20190606T015654_T55WER,1,thick_cloud,22513,0.7934773645584233,0.854839426109359,24254,
ROI_11264__20190606T015651_20190606T015654_T55WER,2,thin_cloud,3018,0.17255717255717257,0.19251159708416168,3367,
ROI_11264__20190606T015651_20190606T015654_T55WER,3,cloud_shadow,10662,0.6593457633866366,0.9320015006565372,15071,
ROI_11264__20190808T020701_20190808T020657_T55WER,0,clear,13286,0.6120597985863514,0.7364895378594009,15987,
ROI_11264__20190808T020701_20190808T020657_T55WER,1,thick_cloud,20595,0.744874620534786,0.8697256615683419,24047,
ROI_11264__20190808T020701_20190808T020657_T55WER,2,thin_cloud,0,,,0,absent_true_and_predicted_class
ROI_11264__20190808T020701_20190808T020657_T55WER,3,cloud_shadow,16295,0.6439550471198912,0.7841669223688248,19843,
ROI_11264__20191019T015659_20191019T015659_T55WER,0,clear,7031,0.08462523111932868,0.08462523111932868,7031,
ROI_11264__20191019T015659_20191019T015659_T55WER,1,thick_cloud,18294,0.4120006309006106,0.9995080354214496,44381,
ROI_11264__20191019T015659_20191019T015659_T55WER,2,thin_cloud,24851,0.023082358483159298,0.02366101967727657,25474,
ROI_11264__20191019T015659_20191019T015659_T55WER,3,cloud_shadow,0,0.0,,3998,no_true_class_for_recall
ROI_11264__20200531T015701_20200531T015659_T55WER,0,clear,40189,0.8128019814040359,0.9962178705615965,49258,
ROI_11264__20200531T015701_20200531T015659_T55WER,1,thick_cloud,1643,0.0,0.0,1643,
ROI_11264__20200531T015701_20200531T015659_T55WER,2,thin_cloud,8344,0.02410437859354268,0.026126558005752636,9044,
ROI_11264__20200531T015701_20200531T015659_T55WER,3,cloud_shadow,0,0.0,,152,no_true_class_for_recall
ROI_11511__20190419T191911_20190419T191913_T11VNL,0,clear,15188,0.2931966979789354,0.949433763497498,49182,
ROI_11511__20190419T191911_20190419T191913_T11VNL,1,thick_cloud,0,0.0,,110,no_true_class_for_recall
ROI_11511__20190419T191911_20190419T191913_T11VNL,2,thin_cloud,34988,0.02673406346531873,0.027209328912770094,35610,
ROI_11511__20190419T191911_20190419T191913_T11VNL,3,cloud_shadow,0,0.0,,78,no_true_class_for_recall
ROI_11511__20190630T190919_20190630T190922_T11VNL,0,clear,28337,0.7317632013640966,0.9692628012845397,37534,
ROI_11511__20190630T190919_20190630T190922_T11VNL,1,thick_cloud,10699,0.7794673384919921,0.8097018412935788,11114,
ROI_11511__20190630T190919_20190630T190922_T11VNL,2,thin_cloud,0,,,0,absent_true_and_predicted_class
ROI_11511__20190630T190919_20190630T190922_T11VNL,3,cloud_shadow,11140,0.3114685079151229,0.3320466786355476,11876,
ROI_11511__20190713T191919_20190713T191919_T11VNL,0,clear,50176,0.9999800701530612,0.9999800701530612,50176,
ROI_11511__20190713T191919_20190713T191919_T11VNL,1,thick_cloud,0,,,0,absent_true_and_predicted_class
ROI_11511__20190713T191919_20190713T191919_T11VNL,2,thin_cloud,0,,,0,absent_true_and_predicted_class
ROI_11511__20190713T191919_20190713T191919_T11VNL,3,cloud_shadow,0,0.0,,1,no_true_class_for_recall
ROI_11511__20200604T190919_20200604T191606_T11VNL,0,clear,50176,0.8865991709183674,0.8865991709183674,50176,
ROI_11511__20200604T190919_20200604T191606_T11VNL,1,thick_cloud,0,,,0,absent_true_and_predicted_class
ROI_11511__20200604T190919_20200604T191606_T11VNL,2,thin_cloud,0,0.0,,5690,no_true_class_for_recall
ROI_11511__20200604T190919_20200604T191606_T11VNL,3,cloud_shadow,0,,,0,absent_true_and_predicted_class
ROI_11511__20200624T190919_20200624T191618_T11VNL,0,clear,9464,0.5429981203007519,0.7325655114116653,12768,
ROI_11511__20200624T190919_20200624T191618_T11VNL,1,thick_cloud,31784,0.745250037999696,0.7713000251698968,32895,
ROI_11511__20200624T190919_20200624T191618_T11VNL,2,thin_cloud,0,,,0,absent_true_and_predicted_class
ROI_11511__20200624T190919_20200624T191618_T11VNL,3,cloud_shadow,8928,0.3799429996437478,0.7167338709677419,16842,
ROI_11640__20181224T040151_20181224T040854_T47RMP,0,clear,50176,1.0,1.0,50176,
ROI_11640__20181224T040151_20181224T040854_T47RMP,1,thick_cloud,0,,,0,absent_true_and_predicted_class
ROI_11640__20181224T040151_20181224T040854_T47RMP,2,thin_cloud,0,,,0,absent_true_and_predicted_class
ROI_11640__20181224T040151_20181224T040854_T47RMP,3,cloud_shadow,0,,,0,absent_true_and_predicted_class
ROI_11640__20190121T041059_20190121T041732_T47RMP,0,clear,38285,0.9026050917702783,0.9556745461669061,40536,
ROI_11640__20190121T041059_20190121T041732_T47RMP,1,thick_cloud,3915,0.3333333333333333,0.40587484035759896,4767,
ROI_11640__20190121T041059_20190121T041732_T47RMP,2,thin_cloud,7976,0.4346938775510204,0.6409227683049148,11760,
ROI_11640__20190121T041059_20190121T041732_T47RMP,3,cloud_shadow,0,,,0,absent_true_and_predicted_class
ROI_11640__20191109T040001_20191109T040459_T47RMP,0,clear,46298,0.9516375816723183,0.9941034169942546,48364,
ROI_11640__20191109T040001_20191109T040459_T47RMP,1,thick_cloud,2396,0.5091627739849084,0.5914023372287145,2783,
ROI_11640__20191109T040001_20191109T040459_T47RMP,2,thin_cloud,0,,,0,absent_true_and_predicted_class
ROI_11640__20191109T040001_20191109T040459_T47RMP,3,cloud_shadow,1482,0.18960863697705804,0.18960863697705804,1482,
ROI_11640__20200225T040739_20200225T040826_T47RMP,0,clear,20349,0.7442438613937122,0.9562632070372008,26146,
ROI_11640__20200225T040739_20200225T040826_T47RMP,1,thick_cloud,23780,0.7864914231257941,0.8329268292682926,25184,
ROI_11640__20200225T040739_20200225T040826_T47RMP,2,thin_cloud,3945,0.0,0.0,3945,
ROI_11640__20200225T040739_20200225T040826_T47RMP,3,cloud_shadow,2102,0.3482598607888631,0.7140818268315889,4310,
ROI_11640__20200711T035539_20200711T040645_T47RMP,0,clear,447,0.3856773080241588,1.0,1159,
ROI_11640__20200711T035539_20200711T040645_T47RMP,1,thick_cloud,27646,0.7182358255537,0.9489618751356435,36527,
ROI_11640__20200711T035539_20200711T040645_T47RMP,2,thin_cloud,15639,0.5173432968993977,0.5931964959396381,17932,
ROI_11640__20200711T035539_20200711T040645_T47RMP,3,cloud_shadow,6444,0.303475935828877,0.3170391061452514,6732,
ROI_11670__20190306T070749_20190306T070745_T43WDQ,0,clear,50176,0.9998405612244898,0.9998405612244898,50176,
ROI_11670__20190306T070749_20190306T070745_T43WDQ,1,thick_cloud,0,0.0,,8,no_true_class_for_recall
ROI_11670__20190306T070749_20190306T070745_T43WDQ,2,thin_cloud,0,,,0,absent_true_and_predicted_class
ROI_11670__20190306T070749_20190306T070745_T43WDQ,3,cloud_shadow,0,,,0,absent_true_and_predicted_class
ROI_11670__20190820T065629_20190820T065815_T43WDQ,0,clear,25721,0.6134815108817887,0.7211228179308736,30234,
ROI_11670__20190820T065629_20190820T065815_T43WDQ,1,thick_cloud,13315,0.5401803436737934,0.7153586180998873,17633,
ROI_11670__20190820T065629_20190820T065815_T43WDQ,2,thin_cloud,0,0.0,,127,no_true_class_for_recall
ROI_11670__20190820T065629_20190820T065815_T43WDQ,3,cloud_shadow,11140,0.48088298066955304,0.7078994614003591,16399,
ROI_11670__20190926T064629_20190926T064624_T43WDQ,0,clear,5721,0.33385748572374413,0.7051214822583465,12083,
ROI_11670__20190926T064629_20190926T064624_T43WDQ,1,thick_cloud,29508,0.7718475877192983,0.9542158058831504,36480,
ROI_11670__20190926T064629_20190926T064624_T43WDQ,2,thin_cloud,7034,0.0,0.0,7034,
ROI_11670__20190926T064629_20190926T064624_T43WDQ,3,cloud_shadow,7913,0.28400613183444046,0.3511942373309743,9785,
ROI_11670__20200429T070619_20200429T070616_T43WDQ,0,clear,13175,0.4760703908776931,0.6591271347248577,18241,
ROI_11670__20200429T070619_20200429T070616_T43WDQ,1,thick_cloud,20585,0.6526000443819809,0.8571775564731601,27038,
ROI_11670__20200429T070619_20200429T070616_T43WDQ,2,thin_cloud,0,,,0,absent_true_and_predicted_class
ROI_11670__20200429T070619_20200429T070616_T43WDQ,3,cloud_shadow,16416,0.4970833333333333,0.5813840155945419,19200,
ROI_11670__20200710T065631_20200710T065731_T43WDQ,0,clear,41181,0.8868262236398265,0.9384667686554479,43579,
ROI_11670__20200710T065631_20200710T065731_T43WDQ,1,thick_cloud,6277,0.5407236752947554,0.6356539748287399,7379,
ROI_11670__20200710T065631_20200710T065731_T43WDQ,2,thin_cloud,0,,,0,absent_true_and_predicted_class
ROI_11670__20200710T065631_20200710T065731_T43WDQ,3,cloud_shadow,2718,0.28289348775393963,0.5481972038263428,5267,
ROI_11764__20190103T142031_20190103T143026_T18GYN,0,clear,40971,0.9542657342657342,0.9991945522442703,42900,
ROI_11764__20190103T142031_20190103T143026_T18GYN,1,thick_cloud,6595,0.7839393939393939,0.7845337376800606,6600,
ROI_11764__20190103T142031_20190103T143026_T18GYN,2,thin_cloud,2610,0.19245283018867926,0.29310344827586204,3975,
ROI_11764__20190103T142031_20190103T143026_T18GYN,3,cloud_shadow,0,,,0,absent_true_and_predicted_class
ROI_11764__20190118T142039_20190118T143025_T18GYN,0,clear,10042,0.0792234532797333,0.08046205935072695,10199,
ROI_11764__20190118T142039_20190118T143025_T18GYN,1,thick_cloud,3703,0.3284035656401945,0.4377531731028895,4936,
ROI_11764__20190118T142039_20190118T143025_T18GYN,2,thin_cloud,33831,0.7101757272457211,0.9186249297981142,43761,
ROI_11764__20190118T142039_20190118T143025_T18GYN,3,cloud_shadow,2600,0.48440709617180205,0.9976923076923077,5355,
ROI_11764__20191114T141739_20191114T142744_T18GYN,0,clear,12187,0.818499371244935,0.9613522606055633,14314,
ROI_11764__20191114T141739_20191114T142744_T18GYN,1,thick_cloud,28769,0.9264605514605515,0.9436893878827906,29304,
ROI_11764__20191114T141739_20191114T142744_T18GYN,2,thin_cloud,148,0.0,0.0,148,
ROI_11764__20191114T141739_20191114T142744_T18GYN,3,cloud_shadow,9072,0.644182594173316,0.7653218694885362,10778,
ROI_11764__20191214T141729_20191214T142749_T19GCH,0,clear,15862,0.09317866599419998,0.09317866599419998,15862,
ROI_11764__20191214T141729_20191214T142749_T19GCH,1,thick_cloud,2564,0.32157506152584087,0.45865834633385333,3657,
ROI_11764__20191214T141729_20191214T142749_T19GCH,2,thin_cloud,31609,0.6590501695354513,0.9654212407858521,46303,
ROI_11764__20191214T141729_20191214T142749_T19GCH,3,cloud_shadow,141,0.0,0.0,1360,
ROI_11764__20200626T141741_20200626T143200_T19GCH,0,clear,50176,1.0,1.0,50176,
ROI_11764__20200626T141741_20200626T143200_T19GCH,1,thick_cloud,0,,,0,absent_true_and_predicted_class
ROI_11764__20200626T141741_20200626T143200_T19GCH,2,thin_cloud,0,,,0,absent_true_and_predicted_class
ROI_11764__20200626T141741_20200626T143200_T19GCH,3,cloud_shadow,0,,,0,absent_true_and_predicted_class
ROI_11924__20190211T075041_20190211T081352_T35JQN,0,clear,50176,1.0,1.0,50176,
ROI_11924__20190211T075041_20190211T081352_T35JQN,1,thick_cloud,0,,,0,absent_true_and_predicted_class
ROI_11924__20190211T075041_20190211T081352_T35JQN,2,thin_cloud,0,,,0,absent_true_and_predicted_class
ROI_11924__20190211T075041_20190211T081352_T35JQN,3,cloud_shadow,0,,,0,absent_true_and_predicted_class
ROI_11924__20190303T074821_20190303T081357_T35JQN,0,clear,48297,0.9769392033542977,0.9938091392840135,49131,
ROI_11924__20190303T074821_20190303T081357_T35JQN,1,thick_cloud,526,0.4792176039119804,0.7452471482889734,818,
ROI_11924__20190303T074821_20190303T081357_T35JQN,2,thin_cloud,0,,,0,absent_true_and_predicted_class
ROI_11924__20190303T074821_20190303T081357_T35JQN,3,cloud_shadow,1353,0.44924406047516197,0.4611973392461197,1389,
ROI_11924__20190308T074749_20190308T081646_T35JQN,0,clear,16667,0.7684530357797684,0.8801223975520489,19089,
ROI_11924__20190308T074749_20190308T081646_T35JQN,1,thick_cloud,26355,0.8311636939010357,0.8769872889394802,27808,
ROI_11924__20190308T074749_20190308T081646_T35JQN,2,thin_cloud,0,,,0,absent_true_and_predicted_class
ROI_11924__20190308T074749_20190308T081646_T35JQN,3,cloud_shadow,7154,0.5502472799208704,0.7776069331842326,10110,
ROI_11924__20190407T074619_20190407T081445_T35JQN,0,clear,25850,0.7639403343678046,0.8856092843326886,29967,
ROI_11924__20190407T074619_20190407T081445_T35JQN,1,thick_cloud,14508,0.6899503202250553,0.7945271574303833,16707,
ROI_11924__20190407T074619_20190407T081445_T35JQN,2,thin_cloud,695,0.0,0.0,695,
ROI_11924__20190407T074619_20190407T081445_T35JQN,3,cloud_shadow,9123,0.6195253882393997,0.7783623807957909,11462,
ROI_11924__20190606T074619_20190606T081648_T35JQN,0,clear,20143,0.11162109375,0.11348855681874596,20480,
ROI_11924__20190606T074619_20190606T081648_T35JQN,1,thick_cloud,1747,0.06208791208791209,0.06468231253577561,1820,
ROI_11924__20190606T074619_20190606T081648_T35JQN,2,thin_cloud,24479,0.532378223495702,0.9867233138608603,45370,
ROI_11924__20190606T074619_20190606T081648_T35JQN,3,cloud_shadow,3807,0.5099778270509978,0.5437352245862884,4059,
ROI_12023__20181219T133221_20181219T133216_T23MMR,0,clear,17806,0.7123834886817576,0.901381556778614,22530,
ROI_12023__20181219T133221_20181219T133216_T23MMR,1,thick_cloud,22088,0.7458826556870818,0.7873505976095617,23316,
ROI_12023__20181219T133221_20181219T133216_T23MMR,2,thin_cloud,0,,,0,absent_true_and_predicted_class
ROI_12023__20181219T133221_20181219T133216_T23MMR,3,cloud_shadow,10282,0.5709598031173093,0.7446022174674188,13409,
ROI_12023__20190617T133231_20190617T133228_T23MMR,0,clear,20734,0.7102600088639386,0.927510369441497,27076,
ROI_12023__20190617T133231_20190617T133228_T23MMR,1,thick_cloud,17807,0.6764458464773923,0.7225248497781771,19020,
ROI_12023__20190617T133231_20190617T133228_T23MMR,2,thin_cloud,0,,,0,absent_true_and_predicted_class
ROI_12023__20190617T133231_20190617T133228_T23MMR,3,cloud_shadow,11635,0.5867525957751522,0.704254404813064,13965,
ROI_12023__20190816T133231_20190816T133227_T23MMR,0,clear,50176,1.0,1.0,50176,
ROI_12023__20190816T133231_20190816T133227_T23MMR,1,thick_cloud,0,,,0,absent_true_and_predicted_class
ROI_12023__20190816T133231_20190816T133227_T23MMR,2,thin_cloud,0,,,0,absent_true_and_predicted_class
ROI_12023__20190816T133231_20190816T133227_T23MMR,3,cloud_shadow,0,,,0,absent_true_and_predicted_class
ROI_12023__20200412T133221_20200412T133223_T23MMR,0,clear,5106,0.2724925111042248,0.5166470818644732,9681,
ROI_12023__20200412T133221_20200412T133223_T23MMR,1,thick_cloud,28195,0.7116566107391795,0.916155346692676,36297,
ROI_12023__20200412T133221_20200412T133223_T23MMR,2,thin_cloud,0,0.0,,113,no_true_class_for_recall
ROI_12023__20200412T133221_20200412T133223_T23MMR,3,cloud_shadow,16875,0.4521704858960644,0.4759111111111111,17761,
ROI_12023__20200721T133231_20200721T133230_T23MMR,0,clear,447,0.249025069637883,1.0,1795,
ROI_12023__20200721T133231_20200721T133230_T23MMR,1,thick_cloud,47088,0.9192946189381315,0.9255224260958206,47407,
ROI_12023__20200721T133231_20200721T133230_T23MMR,2,thin_cloud,0,,,0,absent_true_and_predicted_class
ROI_12023__20200721T133231_20200721T133230_T23MMR,3,cloud_shadow,2641,0.30105955425648523,0.6240060583112458,5474,
