task,dataset,model,adaptation,uq_method,seed,contributing_seeds,record_type,run_id,checkpoint_path,checkpoint_sha256,checkpoint_selection_criterion,metric_semantics,source_paths,artifact_path,artifact_exists,artifact_bytes,manifest_path,manifest_sha256,audit_snapshot,config_path,config_sha256,run_code_revision,checkpoint_exists,pretrained_weight_version,data_contract,training_recipe,model_contract
classification,eurosat,dofa,frozen,deterministic,42,42,INDIVIDUAL_SEED,20260807T103233022656Z_eurosat_dofa_frozen_bnlinear_seed42_338e2700,/workspace/results/baselines/dofa_eurosat_frozen_bnlinear/runs/20260807T103233022656Z_eurosat_dofa_frozen_bnlinear_seed42_338e2700/best.pt,7cb285a3e45dcf6acb67c58e474d0b2bfed1aa78ddb6139ecd1dc261c84b54d0,minimum validation NLL (earliest tie),multiclass image-level metrics,reports/dofa_eurosat_final_manifest.json;results/baselines/dofa_eurosat_frozen_bnlinear/runs/20260807T103233022656Z_eurosat_dofa_frozen_bnlinear_seed42_338e2700/run_summary.json,results/baselines/dofa_eurosat_frozen_bnlinear/runs/20260807T103233022656Z_eurosat_dofa_frozen_bnlinear_seed42_338e2700/predictions/test/deterministic/predictions.parquet,True,362617,results/baselines/dofa_eurosat_frozen_bnlinear/runs/20260807T103233022656Z_eurosat_dofa_frozen_bnlinear_seed42_338e2700/predictions/test/deterministic/manifest.json,cd61e5994dc68494ee16bbf94bf42ac1e9a8b0eb23c45658d2364a89f5e80324,sha256:af23e14b2d75b8e64a69f582c35734075b5316873fc12c1f6e32af5e9e5890df,results/baselines/dofa_eurosat_frozen_bnlinear/runs/20260807T103233022656Z_eurosat_dofa_frozen_bnlinear_seed42_338e2700/resolved_config.yaml,742fadd1cc53eae6abb3e579befd5b523a432232a0ad542242e3b1fc97d445f2,UNKNOWN: no run code_snapshot.json,True,"{""weights_path"": ""./DOFA/checkpoints/DOFA_ViT_base_e100.pth""}","{""augmentations"": {""calibration"": ""none"", ""test"": ""none"", ""train"": ""none"", ""val"": ""none""}, ""channels"": [""B04"", ""B03"", ""B02""], ""class_names"": [""AnnualCrop"", ""Forest"", ""HerbaceousVegetation"", ""Highway"", ""Industrial"", ""Pasture"", ""PermanentCrop"", ""Residential"", ""River"", ""SeaLake""], ""download"": false, ""image_size"": 224, ""input_bands"": ""rgb"", ""name"": ""eurosat"", ""normalize"": true, ""num_classes"": 10, ""num_workers"": 4, ""root"": ""./data"", ""source"": ""torchgeo_all_bands"", ""split_manifest"": ""./splits/eurosat_70_10_10_10_spatial20m/eurosat_splits.csv""}","{""backbone_learning_rate"": 0.001, ""batch_size"": 64, ""checkpoint"": {""metric"": ""nll"", ""mode"": ""min"", ""split"": ""val""}, ""early_stopping"": {""enabled"": true, ""min_delta"": 0.0, ""patience"": 10}, ""epochs"": 50, ""head_learning_rate"": 0.001, ""learning_rate"": 0.001, ""limit_train_batches"": null, ""limit_val_batches"": null, ""optimizer"": {""name"": ""adamw""}, ""weight_decay"": 0.01}","{""adaptation_mode"": ""frozen"", ""dofa_root"": ""./DOFA"", ""freeze_backbone"": true, ""global_pool"": false, ""head"": {""architecture"": ""batchnorm_linear"", ""batchnorm_affine"": false, ""batchnorm_eps"": 1e-06, ""dropout"": 0.0}, ""name"": ""dofa"", ""pretrained"": true, ""size"": ""base"", ""weights_path"": ""./DOFA/checkpoints/DOFA_ViT_base_e100.pth""}"
classification,eurosat,dofa,frozen,deterministic,43,43,INDIVIDUAL_SEED,20260807T104927933179Z_eurosat_dofa_frozen_bnlinear_seed43_3567033c,/workspace/results/baselines/dofa_eurosat_frozen_bnlinear/runs/20260807T104927933179Z_eurosat_dofa_frozen_bnlinear_seed43_3567033c/best.pt,67b3eb2be1b5f7bd2fb280fd975ac0583fc83bc3d4b3bc0eed2fb9f64c0b7960,minimum validation NLL (earliest tie),multiclass image-level metrics,reports/dofa_eurosat_final_manifest.json;results/baselines/dofa_eurosat_frozen_bnlinear/runs/20260807T104927933179Z_eurosat_dofa_frozen_bnlinear_seed43_3567033c/run_summary.json,results/baselines/dofa_eurosat_frozen_bnlinear/runs/20260807T104927933179Z_eurosat_dofa_frozen_bnlinear_seed43_3567033c/predictions/test/deterministic/predictions.parquet,True,360363,results/baselines/dofa_eurosat_frozen_bnlinear/runs/20260807T104927933179Z_eurosat_dofa_frozen_bnlinear_seed43_3567033c/predictions/test/deterministic/manifest.json,50e434ee80a64934a72926a9f7adfa268c471f68dcdb931a4ef306d273ab25e9,sha256:af23e14b2d75b8e64a69f582c35734075b5316873fc12c1f6e32af5e9e5890df,results/baselines/dofa_eurosat_frozen_bnlinear/runs/20260807T104927933179Z_eurosat_dofa_frozen_bnlinear_seed43_3567033c/resolved_config.yaml,26b254f3a40765aa01484f1d1b2cc562529a3987dc4eb55fc8803705d9374245,UNKNOWN: no run code_snapshot.json,True,"{""weights_path"": ""./DOFA/checkpoints/DOFA_ViT_base_e100.pth""}","{""augmentations"": {""calibration"": ""none"", ""test"": ""none"", ""train"": ""none"", ""val"": ""none""}, ""channels"": [""B04"", ""B03"", ""B02""], ""class_names"": [""AnnualCrop"", ""Forest"", ""HerbaceousVegetation"", ""Highway"", ""Industrial"", ""Pasture"", ""PermanentCrop"", ""Residential"", ""River"", ""SeaLake""], ""download"": false, ""image_size"": 224, ""input_bands"": ""rgb"", ""name"": ""eurosat"", ""normalize"": true, ""num_classes"": 10, ""num_workers"": 4, ""root"": ""./data"", ""source"": ""torchgeo_all_bands"", ""split_manifest"": ""./splits/eurosat_70_10_10_10_spatial20m/eurosat_splits.csv""}","{""backbone_learning_rate"": 0.001, ""batch_size"": 64, ""checkpoint"": {""metric"": ""nll"", ""mode"": ""min"", ""split"": ""val""}, ""early_stopping"": {""enabled"": true, ""min_delta"": 0.0, ""patience"": 10}, ""epochs"": 50, ""head_learning_rate"": 0.001, ""learning_rate"": 0.001, ""limit_train_batches"": null, ""limit_val_batches"": null, ""optimizer"": {""name"": ""adamw""}, ""weight_decay"": 0.01}","{""adaptation_mode"": ""frozen"", ""dofa_root"": ""./DOFA"", ""freeze_backbone"": true, ""global_pool"": false, ""head"": {""architecture"": ""batchnorm_linear"", ""batchnorm_affine"": false, ""batchnorm_eps"": 1e-06, ""dropout"": 0.0}, ""name"": ""dofa"", ""pretrained"": true, ""size"": ""base"", ""weights_path"": ""./DOFA/checkpoints/DOFA_ViT_base_e100.pth""}"
classification,eurosat,dofa,frozen,deterministic,44,44,INDIVIDUAL_SEED,20260807T110954653187Z_eurosat_dofa_frozen_bnlinear_seed44_36c48b49,/workspace/results/baselines/dofa_eurosat_frozen_bnlinear/runs/20260807T110954653187Z_eurosat_dofa_frozen_bnlinear_seed44_36c48b49/best.pt,22e7fa5dae5d6e50606fc2c0e0707db513962efc13d62d6d71b22e2fe506a0b7,minimum validation NLL (earliest tie),multiclass image-level metrics,reports/dofa_eurosat_final_manifest.json;results/baselines/dofa_eurosat_frozen_bnlinear/runs/20260807T110954653187Z_eurosat_dofa_frozen_bnlinear_seed44_36c48b49/run_summary.json,results/baselines/dofa_eurosat_frozen_bnlinear/runs/20260807T110954653187Z_eurosat_dofa_frozen_bnlinear_seed44_36c48b49/predictions/test/deterministic/predictions.parquet,True,360957,results/baselines/dofa_eurosat_frozen_bnlinear/runs/20260807T110954653187Z_eurosat_dofa_frozen_bnlinear_seed44_36c48b49/predictions/test/deterministic/manifest.json,7fcbea37bb85c317e58e3b9ca14f03744ae07a5c2c0befd3f1879c2ae8c5abad,sha256:af23e14b2d75b8e64a69f582c35734075b5316873fc12c1f6e32af5e9e5890df,results/baselines/dofa_eurosat_frozen_bnlinear/runs/20260807T110954653187Z_eurosat_dofa_frozen_bnlinear_seed44_36c48b49/resolved_config.yaml,dba98569c91df2d49c8fc3ebbe5de3ccdaf0dea6a75a18bdcf0d0fc982686589,UNKNOWN: no run code_snapshot.json,True,"{""weights_path"": ""./DOFA/checkpoints/DOFA_ViT_base_e100.pth""}","{""augmentations"": {""calibration"": ""none"", ""test"": ""none"", ""train"": ""none"", ""val"": ""none""}, ""channels"": [""B04"", ""B03"", ""B02""], ""class_names"": [""AnnualCrop"", ""Forest"", ""HerbaceousVegetation"", ""Highway"", ""Industrial"", ""Pasture"", ""PermanentCrop"", ""Residential"", ""River"", ""SeaLake""], ""download"": false, ""image_size"": 224, ""input_bands"": ""rgb"", ""name"": ""eurosat"", ""normalize"": true, ""num_classes"": 10, ""num_workers"": 4, ""root"": ""./data"", ""source"": ""torchgeo_all_bands"", ""split_manifest"": ""./splits/eurosat_70_10_10_10_spatial20m/eurosat_splits.csv""}","{""backbone_learning_rate"": 0.001, ""batch_size"": 64, ""checkpoint"": {""metric"": ""nll"", ""mode"": ""min"", ""split"": ""val""}, ""early_stopping"": {""enabled"": true, ""min_delta"": 0.0, ""patience"": 10}, ""epochs"": 50, ""head_learning_rate"": 0.001, ""learning_rate"": 0.001, ""limit_train_batches"": null, ""limit_val_batches"": null, ""optimizer"": {""name"": ""adamw""}, ""weight_decay"": 0.01}","{""adaptation_mode"": ""frozen"", ""dofa_root"": ""./DOFA"", ""freeze_backbone"": true, ""global_pool"": false, ""head"": {""architecture"": ""batchnorm_linear"", ""batchnorm_affine"": false, ""batchnorm_eps"": 1e-06, ""dropout"": 0.0}, ""name"": ""dofa"", ""pretrained"": true, ""size"": ""base"", ""weights_path"": ""./DOFA/checkpoints/DOFA_ViT_base_e100.pth""}"
classification,eurosat,dofa,frozen,temperature_scaling,42,42,INDIVIDUAL_SEED,20260807T103233022656Z_eurosat_dofa_frozen_bnlinear_seed42_338e2700,/workspace/results/baselines/dofa_eurosat_frozen_bnlinear/runs/20260807T103233022656Z_eurosat_dofa_frozen_bnlinear_seed42_338e2700/best.pt,7cb285a3e45dcf6acb67c58e474d0b2bfed1aa78ddb6139ecd1dc261c84b54d0,minimum validation NLL; scalar T minimizes dedicated calibration-split multiclass NLL,multiclass image-level metrics,reports/c3_classification_results.csv;results/final_thesis/c3_temperature_scaling_and_ensembles/classification/temperature_scaling/eurosat/dofa/frozen/seed42/metrics_and_manifest.json,results/final_thesis/c3_temperature_scaling_and_ensembles/classification/temperature_scaling/eurosat/dofa/frozen/seed42/test_predictions.parquet,True,738847,results/final_thesis/c3_temperature_scaling_and_ensembles/classification/temperature_scaling/eurosat/dofa/frozen/seed42/metrics_and_manifest.json,54341d74aa944a182bb9efd8f47f400ce11de3cb700afc6da3380fae89554bbd,sha256:af23e14b2d75b8e64a69f582c35734075b5316873fc12c1f6e32af5e9e5890df,results/baselines/dofa_eurosat_frozen_bnlinear/runs/20260807T103233022656Z_eurosat_dofa_frozen_bnlinear_seed42_338e2700/resolved_config.yaml,742fadd1cc53eae6abb3e579befd5b523a432232a0ad542242e3b1fc97d445f2,UNKNOWN: no run code_snapshot.json,True,"{""weights_path"": ""./DOFA/checkpoints/DOFA_ViT_base_e100.pth""}","{""augmentations"": {""calibration"": ""none"", ""test"": ""none"", ""train"": ""none"", ""val"": ""none""}, ""channels"": [""B04"", ""B03"", ""B02""], ""class_names"": [""AnnualCrop"", ""Forest"", ""HerbaceousVegetation"", ""Highway"", ""Industrial"", ""Pasture"", ""PermanentCrop"", ""Residential"", ""River"", ""SeaLake""], ""download"": false, ""image_size"": 224, ""input_bands"": ""rgb"", ""name"": ""eurosat"", ""normalize"": true, ""num_classes"": 10, ""num_workers"": 4, ""root"": ""./data"", ""source"": ""torchgeo_all_bands"", ""split_manifest"": ""./splits/eurosat_70_10_10_10_spatial20m/eurosat_splits.csv""}","{""backbone_learning_rate"": 0.001, ""batch_size"": 64, ""checkpoint"": {""metric"": ""nll"", ""mode"": ""min"", ""split"": ""val""}, ""early_stopping"": {""enabled"": true, ""min_delta"": 0.0, ""patience"": 10}, ""epochs"": 50, ""head_learning_rate"": 0.001, ""learning_rate"": 0.001, ""limit_train_batches"": null, ""limit_val_batches"": null, ""optimizer"": {""name"": ""adamw""}, ""weight_decay"": 0.01}","{""adaptation_mode"": ""frozen"", ""dofa_root"": ""./DOFA"", ""freeze_backbone"": true, ""global_pool"": false, ""head"": {""architecture"": ""batchnorm_linear"", ""batchnorm_affine"": false, ""batchnorm_eps"": 1e-06, ""dropout"": 0.0}, ""name"": ""dofa"", ""pretrained"": true, ""size"": ""base"", ""weights_path"": ""./DOFA/checkpoints/DOFA_ViT_base_e100.pth""}"
classification,eurosat,dofa,frozen,temperature_scaling,43,43,INDIVIDUAL_SEED,20260807T104927933179Z_eurosat_dofa_frozen_bnlinear_seed43_3567033c,/workspace/results/baselines/dofa_eurosat_frozen_bnlinear/runs/20260807T104927933179Z_eurosat_dofa_frozen_bnlinear_seed43_3567033c/best.pt,67b3eb2be1b5f7bd2fb280fd975ac0583fc83bc3d4b3bc0eed2fb9f64c0b7960,minimum validation NLL; scalar T minimizes dedicated calibration-split multiclass NLL,multiclass image-level metrics,reports/c3_classification_results.csv;results/final_thesis/c3_temperature_scaling_and_ensembles/classification/temperature_scaling/eurosat/dofa/frozen/seed43/metrics_and_manifest.json,results/final_thesis/c3_temperature_scaling_and_ensembles/classification/temperature_scaling/eurosat/dofa/frozen/seed43/test_predictions.parquet,True,738278,results/final_thesis/c3_temperature_scaling_and_ensembles/classification/temperature_scaling/eurosat/dofa/frozen/seed43/metrics_and_manifest.json,57d40cf081cce13ebac86da24496dca9091fdcb6f3937fc4f6ba63df3de47cb4,sha256:af23e14b2d75b8e64a69f582c35734075b5316873fc12c1f6e32af5e9e5890df,results/baselines/dofa_eurosat_frozen_bnlinear/runs/20260807T104927933179Z_eurosat_dofa_frozen_bnlinear_seed43_3567033c/resolved_config.yaml,26b254f3a40765aa01484f1d1b2cc562529a3987dc4eb55fc8803705d9374245,UNKNOWN: no run code_snapshot.json,True,"{""weights_path"": ""./DOFA/checkpoints/DOFA_ViT_base_e100.pth""}","{""augmentations"": {""calibration"": ""none"", ""test"": ""none"", ""train"": ""none"", ""val"": ""none""}, ""channels"": [""B04"", ""B03"", ""B02""], ""class_names"": [""AnnualCrop"", ""Forest"", ""HerbaceousVegetation"", ""Highway"", ""Industrial"", ""Pasture"", ""PermanentCrop"", ""Residential"", ""River"", ""SeaLake""], ""download"": false, ""image_size"": 224, ""input_bands"": ""rgb"", ""name"": ""eurosat"", ""normalize"": true, ""num_classes"": 10, ""num_workers"": 4, ""root"": ""./data"", ""source"": ""torchgeo_all_bands"", ""split_manifest"": ""./splits/eurosat_70_10_10_10_spatial20m/eurosat_splits.csv""}","{""backbone_learning_rate"": 0.001, ""batch_size"": 64, ""checkpoint"": {""metric"": ""nll"", ""mode"": ""min"", ""split"": ""val""}, ""early_stopping"": {""enabled"": true, ""min_delta"": 0.0, ""patience"": 10}, ""epochs"": 50, ""head_learning_rate"": 0.001, ""learning_rate"": 0.001, ""limit_train_batches"": null, ""limit_val_batches"": null, ""optimizer"": {""name"": ""adamw""}, ""weight_decay"": 0.01}","{""adaptation_mode"": ""frozen"", ""dofa_root"": ""./DOFA"", ""freeze_backbone"": true, ""global_pool"": false, ""head"": {""architecture"": ""batchnorm_linear"", ""batchnorm_affine"": false, ""batchnorm_eps"": 1e-06, ""dropout"": 0.0}, ""name"": ""dofa"", ""pretrained"": true, ""size"": ""base"", ""weights_path"": ""./DOFA/checkpoints/DOFA_ViT_base_e100.pth""}"
classification,eurosat,dofa,frozen,temperature_scaling,44,44,INDIVIDUAL_SEED,20260807T110954653187Z_eurosat_dofa_frozen_bnlinear_seed44_36c48b49,/workspace/results/baselines/dofa_eurosat_frozen_bnlinear/runs/20260807T110954653187Z_eurosat_dofa_frozen_bnlinear_seed44_36c48b49/best.pt,22e7fa5dae5d6e50606fc2c0e0707db513962efc13d62d6d71b22e2fe506a0b7,minimum validation NLL; scalar T minimizes dedicated calibration-split multiclass NLL,multiclass image-level metrics,reports/c3_classification_results.csv;results/final_thesis/c3_temperature_scaling_and_ensembles/classification/temperature_scaling/eurosat/dofa/frozen/seed44/metrics_and_manifest.json,results/final_thesis/c3_temperature_scaling_and_ensembles/classification/temperature_scaling/eurosat/dofa/frozen/seed44/test_predictions.parquet,True,738260,results/final_thesis/c3_temperature_scaling_and_ensembles/classification/temperature_scaling/eurosat/dofa/frozen/seed44/metrics_and_manifest.json,323ac55abf0c9bde33cbbe10e9f0bdd0b807cad17e38a213abfdaaa17adf0a91,sha256:af23e14b2d75b8e64a69f582c35734075b5316873fc12c1f6e32af5e9e5890df,results/baselines/dofa_eurosat_frozen_bnlinear/runs/20260807T110954653187Z_eurosat_dofa_frozen_bnlinear_seed44_36c48b49/resolved_config.yaml,dba98569c91df2d49c8fc3ebbe5de3ccdaf0dea6a75a18bdcf0d0fc982686589,UNKNOWN: no run code_snapshot.json,True,"{""weights_path"": ""./DOFA/checkpoints/DOFA_ViT_base_e100.pth""}","{""augmentations"": {""calibration"": ""none"", ""test"": ""none"", ""train"": ""none"", ""val"": ""none""}, ""channels"": [""B04"", ""B03"", ""B02""], ""class_names"": [""AnnualCrop"", ""Forest"", ""HerbaceousVegetation"", ""Highway"", ""Industrial"", ""Pasture"", ""PermanentCrop"", ""Residential"", ""River"", ""SeaLake""], ""download"": false, ""image_size"": 224, ""input_bands"": ""rgb"", ""name"": ""eurosat"", ""normalize"": true, ""num_classes"": 10, ""num_workers"": 4, ""root"": ""./data"", ""source"": ""torchgeo_all_bands"", ""split_manifest"": ""./splits/eurosat_70_10_10_10_spatial20m/eurosat_splits.csv""}","{""backbone_learning_rate"": 0.001, ""batch_size"": 64, ""checkpoint"": {""metric"": ""nll"", ""mode"": ""min"", ""split"": ""val""}, ""early_stopping"": {""enabled"": true, ""min_delta"": 0.0, ""patience"": 10}, ""epochs"": 50, ""head_learning_rate"": 0.001, ""learning_rate"": 0.001, ""limit_train_batches"": null, ""limit_val_batches"": null, ""optimizer"": {""name"": ""adamw""}, ""weight_decay"": 0.01}","{""adaptation_mode"": ""frozen"", ""dofa_root"": ""./DOFA"", ""freeze_backbone"": true, ""global_pool"": false, ""head"": {""architecture"": ""batchnorm_linear"", ""batchnorm_affine"": false, ""batchnorm_eps"": 1e-06, ""dropout"": 0.0}, ""name"": ""dofa"", ""pretrained"": true, ""size"": ""base"", ""weights_path"": ""./DOFA/checkpoints/DOFA_ViT_base_e100.pth""}"
classification,eurosat,dofa,frozen,mc_dropout,42,42,INDIVIDUAL_SEED,20260826T071945460412Z_c5_mcd_eurosat_dofa_frozen_seed42_f8504b02,/workspace/results/final_thesis/mc_dropout/classification/eurosat/dofa/frozen/runs/20260826T071945460412Z_c5_mcd_eurosat_dofa_frozen_seed42_f8504b02/best.pt,ec70e79875dc95a24e5190ea7c94af1e547365823fc4f99c1d8207044decf8dc,minimum validation NLL (earliest tie),multiclass image-level metrics,reports/mc_dropout_results.csv;results/final_thesis/mc_dropout/inference/classification/eurosat/dofa/frozen/seed42/c5_audit.json,results/final_thesis/mc_dropout/inference/classification/eurosat/dofa/frozen/seed42/predictions.parquet,True,8705295,results/final_thesis/mc_dropout/inference/classification/eurosat/dofa/frozen/seed42/c5_audit.json,4f66b717b505a8f4be5f5851b1130e3dc626518e8981c716aa0f9423db7bcd73,sha256:af23e14b2d75b8e64a69f582c35734075b5316873fc12c1f6e32af5e9e5890df,results/final_thesis/mc_dropout/classification/eurosat/dofa/frozen/runs/20260826T071945460412Z_c5_mcd_eurosat_dofa_frozen_seed42_f8504b02/resolved_config.yaml,5b99f1ac6c847d7bc0b0ced7b87e1462b7958fd32a3199d5be9315c246698cdb,df93ce2e979426f3bbe928a0a79969487f3c225c84a38bb313b8c7362e034bac,True,"{""weights_path"": ""./DOFA/checkpoints/DOFA_ViT_base_e100.pth"", ""weights_sha256"": ""4720985e42b918ac0307009eb06121a3435d9bbce6fd95446f84824a538165b1""}","{""artifact_path"": ""./data/EuroSATallBands.zip"", ""artifact_sha256"": ""751f070f9bffa2eed48b24ca2dd0b02959280c08837e8c9a5532a67ba611df59"", ""augmentations"": {""calibration"": ""none"", ""test"": ""none"", ""train"": ""none"", ""val"": ""none""}, ""channels"": [""B04"", ""B03"", ""B02""], ""class_names"": [""AnnualCrop"", ""Forest"", ""HerbaceousVegetation"", ""Highway"", ""Industrial"", ""Pasture"", ""PermanentCrop"", ""Residential"", ""River"", ""SeaLake""], ""download"": false, ""image_size"": 224, ""input_bands"": ""rgb"", ""name"": ""eurosat"", ""normalize"": true, ""num_classes"": 10, ""num_workers"": 4, ""root"": ""./data"", ""source"": ""torchgeo_all_bands"", ""split_manifest"": ""./splits/eurosat_70_10_10_10_spatial20m/eurosat_splits.csv"", ""split_manifest_sha256"": ""c5cadc7936394f0678307f7db25c55a2dc19f73ddb93891b772c16221e8abf22"", ""wavelength_source"": ""immutable historical nominal Sentinel-2 RGB centers"", ""wavelengths_nm"": [665.0, 560.0, 490.0]}","{""backbone_learning_rate"": 0.001, ""batch_size"": 64, ""checkpoint"": {""metric"": ""nll"", ""mode"": ""min"", ""split"": ""val""}, ""early_stopping"": {""enabled"": true, ""min_delta"": 0.0, ""patience"": 10}, ""epochs"": 50, ""gradient_clipping"": {""enabled"": false}, ""head_learning_rate"": 0.001, ""layerwise_lr_decay"": {""enabled"": false}, ""learning_rate"": 0.001, ""limit_train_batches"": null, ""limit_val_batches"": null, ""optimizer"": {""name"": ""adamw""}, ""warmup"": {""enabled"": false, ""epochs"": 0, ""type"": ""linear""}, ""weight_decay"": 0.01}","{""actual_wavelength_units"": ""micrometers"", ""actual_wavelengths"": [0.665, 0.56, 0.49], ""adaptation_mode"": ""frozen"", ""dofa_root"": ""./DOFA"", ""drop_rate"": 0.0, ""freeze_backbone"": true, ""global_pool"": false, ""head"": {""architecture"": ""batchnorm_linear"", ""batchnorm_affine"": false, ""batchnorm_eps"": 1e-06, ""dropout"": 0.1}, ""name"": ""dofa"", ""pretrained"": true, ""size"": ""base"", ""weights_path"": ""./DOFA/checkpoints/DOFA_ViT_base_e100.pth"", ""weights_sha256"": ""4720985e42b918ac0307009eb06121a3435d9bbce6fd95446f84824a538165b1""}"
classification,eurosat,dofa,frozen,mc_dropout,43,43,INDIVIDUAL_SEED,20260826T111327093147Z_c5_mcd_eurosat_dofa_frozen_seed43_436609ea,/workspace/results/final_thesis/mc_dropout/classification/eurosat/dofa/frozen/runs/20260826T111327093147Z_c5_mcd_eurosat_dofa_frozen_seed43_436609ea/best.pt,a8998a85797d9681deed58ac129f57e9a8ce0ffc29bd11a9be02f0a896ff9ef3,minimum validation NLL (earliest tie),multiclass image-level metrics,reports/mc_dropout_results.csv;results/final_thesis/mc_dropout/inference/classification/eurosat/dofa/frozen/seed43/c5_audit.json,results/final_thesis/mc_dropout/inference/classification/eurosat/dofa/frozen/seed43/predictions.parquet,True,8713798,results/final_thesis/mc_dropout/inference/classification/eurosat/dofa/frozen/seed43/c5_audit.json,651d7acfdd5bbeb90f0bbb8268c9d5479a20d82fafb0d3ea0dccf962178c08a2,sha256:af23e14b2d75b8e64a69f582c35734075b5316873fc12c1f6e32af5e9e5890df,results/final_thesis/mc_dropout/classification/eurosat/dofa/frozen/runs/20260826T111327093147Z_c5_mcd_eurosat_dofa_frozen_seed43_436609ea/resolved_config.yaml,9082f37e96a5e1bc4c2f24e56521eb5bf1884dee34c585dcb91cfc11aa7448a3,3f02889656dfd2c6c3cb99e5cc1760c5eceaa842095f26884230a89ef4df913b,True,"{""weights_path"": ""./DOFA/checkpoints/DOFA_ViT_base_e100.pth"", ""weights_sha256"": ""4720985e42b918ac0307009eb06121a3435d9bbce6fd95446f84824a538165b1""}","{""artifact_path"": ""./data/EuroSATallBands.zip"", ""artifact_sha256"": ""751f070f9bffa2eed48b24ca2dd0b02959280c08837e8c9a5532a67ba611df59"", ""augmentations"": {""calibration"": ""none"", ""test"": ""none"", ""train"": ""none"", ""val"": ""none""}, ""channels"": [""B04"", ""B03"", ""B02""], ""class_names"": [""AnnualCrop"", ""Forest"", ""HerbaceousVegetation"", ""Highway"", ""Industrial"", ""Pasture"", ""PermanentCrop"", ""Residential"", ""River"", ""SeaLake""], ""download"": false, ""image_size"": 224, ""input_bands"": ""rgb"", ""name"": ""eurosat"", ""normalize"": true, ""num_classes"": 10, ""num_workers"": 4, ""root"": ""./data"", ""source"": ""torchgeo_all_bands"", ""split_manifest"": ""./splits/eurosat_70_10_10_10_spatial20m/eurosat_splits.csv"", ""split_manifest_sha256"": ""c5cadc7936394f0678307f7db25c55a2dc19f73ddb93891b772c16221e8abf22"", ""wavelength_source"": ""immutable historical nominal Sentinel-2 RGB centers"", ""wavelengths_nm"": [665.0, 560.0, 490.0]}","{""backbone_learning_rate"": 0.001, ""batch_size"": 64, ""checkpoint"": {""metric"": ""nll"", ""mode"": ""min"", ""split"": ""val""}, ""early_stopping"": {""enabled"": true, ""min_delta"": 0.0, ""patience"": 10}, ""epochs"": 50, ""gradient_clipping"": {""enabled"": false}, ""head_learning_rate"": 0.001, ""layerwise_lr_decay"": {""enabled"": false}, ""learning_rate"": 0.001, ""limit_train_batches"": null, ""limit_val_batches"": null, ""optimizer"": {""name"": ""adamw""}, ""warmup"": {""enabled"": false, ""epochs"": 0, ""type"": ""linear""}, ""weight_decay"": 0.01}","{""actual_wavelength_units"": ""micrometers"", ""actual_wavelengths"": [0.665, 0.56, 0.49], ""adaptation_mode"": ""frozen"", ""dofa_root"": ""./DOFA"", ""drop_rate"": 0.0, ""freeze_backbone"": true, ""global_pool"": false, ""head"": {""architecture"": ""batchnorm_linear"", ""batchnorm_affine"": false, ""batchnorm_eps"": 1e-06, ""dropout"": 0.1}, ""name"": ""dofa"", ""pretrained"": true, ""size"": ""base"", ""weights_path"": ""./DOFA/checkpoints/DOFA_ViT_base_e100.pth"", ""weights_sha256"": ""4720985e42b918ac0307009eb06121a3435d9bbce6fd95446f84824a538165b1""}"
classification,eurosat,dofa,frozen,mc_dropout,44,44,INDIVIDUAL_SEED,20260826T112829704413Z_c5_mcd_eurosat_dofa_frozen_seed44_1ebcff7b,/workspace/results/final_thesis/mc_dropout/classification/eurosat/dofa/frozen/runs/20260826T112829704413Z_c5_mcd_eurosat_dofa_frozen_seed44_1ebcff7b/best.pt,c3898274172c2c1e488db2941679120bcc03621e6ba8e343a4d1c28991c9a4e0,minimum validation NLL (earliest tie),multiclass image-level metrics,reports/mc_dropout_results.csv;results/final_thesis/mc_dropout/inference/classification/eurosat/dofa/frozen/seed44/c5_audit.json,results/final_thesis/mc_dropout/inference/classification/eurosat/dofa/frozen/seed44/predictions.parquet,True,8708545,results/final_thesis/mc_dropout/inference/classification/eurosat/dofa/frozen/seed44/c5_audit.json,24b6300c9c59ca8c39432ec56ede90ae1eae5ebc675a812dd4c13107524d5706,sha256:af23e14b2d75b8e64a69f582c35734075b5316873fc12c1f6e32af5e9e5890df,results/final_thesis/mc_dropout/classification/eurosat/dofa/frozen/runs/20260826T112829704413Z_c5_mcd_eurosat_dofa_frozen_seed44_1ebcff7b/resolved_config.yaml,b146a808291b87371c9d8439b00631dd9d6828fa61fb97ebb9b04f034364c2d5,3f02889656dfd2c6c3cb99e5cc1760c5eceaa842095f26884230a89ef4df913b,True,"{""weights_path"": ""./DOFA/checkpoints/DOFA_ViT_base_e100.pth"", ""weights_sha256"": ""4720985e42b918ac0307009eb06121a3435d9bbce6fd95446f84824a538165b1""}","{""artifact_path"": ""./data/EuroSATallBands.zip"", ""artifact_sha256"": ""751f070f9bffa2eed48b24ca2dd0b02959280c08837e8c9a5532a67ba611df59"", ""augmentations"": {""calibration"": ""none"", ""test"": ""none"", ""train"": ""none"", ""val"": ""none""}, ""channels"": [""B04"", ""B03"", ""B02""], ""class_names"": [""AnnualCrop"", ""Forest"", ""HerbaceousVegetation"", ""Highway"", ""Industrial"", ""Pasture"", ""PermanentCrop"", ""Residential"", ""River"", ""SeaLake""], ""download"": false, ""image_size"": 224, ""input_bands"": ""rgb"", ""name"": ""eurosat"", ""normalize"": true, ""num_classes"": 10, ""num_workers"": 4, ""root"": ""./data"", ""source"": ""torchgeo_all_bands"", ""split_manifest"": ""./splits/eurosat_70_10_10_10_spatial20m/eurosat_splits.csv"", ""split_manifest_sha256"": ""c5cadc7936394f0678307f7db25c55a2dc19f73ddb93891b772c16221e8abf22"", ""wavelength_source"": ""immutable historical nominal Sentinel-2 RGB centers"", ""wavelengths_nm"": [665.0, 560.0, 490.0]}","{""backbone_learning_rate"": 0.001, ""batch_size"": 64, ""checkpoint"": {""metric"": ""nll"", ""mode"": ""min"", ""split"": ""val""}, ""early_stopping"": {""enabled"": true, ""min_delta"": 0.0, ""patience"": 10}, ""epochs"": 50, ""gradient_clipping"": {""enabled"": false}, ""head_learning_rate"": 0.001, ""layerwise_lr_decay"": {""enabled"": false}, ""learning_rate"": 0.001, ""limit_train_batches"": null, ""limit_val_batches"": null, ""optimizer"": {""name"": ""adamw""}, ""warmup"": {""enabled"": false, ""epochs"": 0, ""type"": ""linear""}, ""weight_decay"": 0.01}","{""actual_wavelength_units"": ""micrometers"", ""actual_wavelengths"": [0.665, 0.56, 0.49], ""adaptation_mode"": ""frozen"", ""dofa_root"": ""./DOFA"", ""drop_rate"": 0.0, ""freeze_backbone"": true, ""global_pool"": false, ""head"": {""architecture"": ""batchnorm_linear"", ""batchnorm_affine"": false, ""batchnorm_eps"": 1e-06, ""dropout"": 0.1}, ""name"": ""dofa"", ""pretrained"": true, ""size"": ""base"", ""weights_path"": ""./DOFA/checkpoints/DOFA_ViT_base_e100.pth"", ""weights_sha256"": ""4720985e42b918ac0307009eb06121a3435d9bbce6fd95446f84824a538165b1""}"
classification,eurosat,dofa,frozen,deep_ensemble,,42;43;44,ENSEMBLE,,,,N/A — post-hoc probability mean; members use minimum validation NLL,multiclass image-level metrics,reports/c3_classification_results.csv;results/final_thesis/dofa_eurosat_ensembles/frozen/manifest.json,results/final_thesis/dofa_eurosat_ensembles/frozen/ensemble_predictions.parquet,True,285666,results/final_thesis/dofa_eurosat_ensembles/frozen/manifest.json,796abf2ba8c414ff0171335c8744ba45a55c601f02cbff9e76fe13877956646a,sha256:af23e14b2d75b8e64a69f582c35734075b5316873fc12c1f6e32af5e9e5890df,,,,,,,,
classification,eurosat,dofa,full_finetune,deterministic,42,42,INDIVIDUAL_SEED,20260808T211626550846Z_eurosat_dofa_full_finetune_seed42_466f9f00,/workspace/results/baselines/dofa_eurosat_full_finetune/runs/20260808T211626550846Z_eurosat_dofa_full_finetune_seed42_466f9f00/best.pt,dc5cbeaaada0ae763de0b916fa9de099613c0ca495156b4984c09105e7010ae6,minimum validation NLL (earliest tie),multiclass image-level metrics,reports/dofa_eurosat_final_manifest.json;results/baselines/dofa_eurosat_full_finetune/runs/20260808T211626550846Z_eurosat_dofa_full_finetune_seed42_466f9f00/run_summary.json,results/baselines/dofa_eurosat_full_finetune/runs/20260808T211626550846Z_eurosat_dofa_full_finetune_seed42_466f9f00/predictions/test/deterministic/predictions.parquet,True,364277,results/baselines/dofa_eurosat_full_finetune/runs/20260808T211626550846Z_eurosat_dofa_full_finetune_seed42_466f9f00/predictions/test/deterministic/manifest.json,f2e5821aad49c30aba03869673a1b4c378c895703d22b69508f889d6980a2cab,sha256:af23e14b2d75b8e64a69f582c35734075b5316873fc12c1f6e32af5e9e5890df,results/baselines/dofa_eurosat_full_finetune/runs/20260808T211626550846Z_eurosat_dofa_full_finetune_seed42_466f9f00/resolved_config.yaml,640294e39d2b5043b1696244fcfdf43167524db14b19f9ecea25a74ce04128ac,UNKNOWN: no run code_snapshot.json,True,"{""weights_path"": ""./DOFA/checkpoints/DOFA_ViT_base_e100.pth""}","{""augmentations"": {""calibration"": ""none"", ""test"": ""none"", ""train"": ""none"", ""val"": ""none""}, ""channels"": [""B04"", ""B03"", ""B02""], ""class_names"": [""AnnualCrop"", ""Forest"", ""HerbaceousVegetation"", ""Highway"", ""Industrial"", ""Pasture"", ""PermanentCrop"", ""Residential"", ""River"", ""SeaLake""], ""download"": false, ""image_size"": 224, ""input_bands"": ""rgb"", ""name"": ""eurosat"", ""normalize"": true, ""num_classes"": 10, ""num_workers"": 4, ""root"": ""./data"", ""source"": ""torchgeo_all_bands"", ""split_manifest"": ""./splits/eurosat_70_10_10_10_spatial20m/eurosat_splits.csv""}","{""backbone_learning_rate"": 0.0004, ""batch_size"": 64, ""checkpoint"": {""metric"": ""nll"", ""mode"": ""min"", ""split"": ""val""}, ""early_stopping"": {""enabled"": true, ""min_delta"": 0.0, ""patience"": 15}, ""epochs"": 100, ""gradient_clipping"": {""enabled"": false}, ""head_learning_rate"": 0.004, ""layerwise_lr_decay"": {""enabled"": false}, ""learning_rate"": 0.0004, ""limit_train_batches"": null, ""limit_val_batches"": null, ""optimizer"": {""name"": ""adamw""}, ""warmup"": {""enabled"": true, ""epochs"": 5, ""type"": ""linear""}, ""weight_decay"": 0.0}","{""adaptation_mode"": ""full_finetune"", ""dofa_root"": ""./DOFA"", ""expected_frozen_backbone_parameters"": [""pos_embed""], ""freeze_backbone"": false, ""global_pool"": false, ""head"": {""architecture"": ""batchnorm_linear"", ""batchnorm_affine"": false, ""batchnorm_eps"": 1e-06, ""dropout"": 0.0}, ""name"": ""dofa"", ""pretrained"": true, ""size"": ""base"", ""weights_path"": ""./DOFA/checkpoints/DOFA_ViT_base_e100.pth""}"
classification,eurosat,dofa,full_finetune,deterministic,43,43,INDIVIDUAL_SEED,20260808T215707981044Z_eurosat_dofa_full_finetune_seed43_53c8b069,/workspace/results/baselines/dofa_eurosat_full_finetune/runs/20260808T215707981044Z_eurosat_dofa_full_finetune_seed43_53c8b069/best.pt,87635a994bd56920a2f0eab0dd1cddde528b2e6a277d57476c7d1dd67eb3d719,minimum validation NLL (earliest tie),multiclass image-level metrics,reports/dofa_eurosat_final_manifest.json;results/baselines/dofa_eurosat_full_finetune/runs/20260808T215707981044Z_eurosat_dofa_full_finetune_seed43_53c8b069/run_summary.json,results/baselines/dofa_eurosat_full_finetune/runs/20260808T215707981044Z_eurosat_dofa_full_finetune_seed43_53c8b069/predictions/test/deterministic/predictions.parquet,True,363164,results/baselines/dofa_eurosat_full_finetune/runs/20260808T215707981044Z_eurosat_dofa_full_finetune_seed43_53c8b069/predictions/test/deterministic/manifest.json,315c5d7997466dd33ce70be52c0b6561b1f4d19757f2bc1ac40bbd4c985fe40b,sha256:af23e14b2d75b8e64a69f582c35734075b5316873fc12c1f6e32af5e9e5890df,results/baselines/dofa_eurosat_full_finetune/runs/20260808T215707981044Z_eurosat_dofa_full_finetune_seed43_53c8b069/resolved_config.yaml,15ca82fc04a14055775e5b5aa520375a0b3f72fd8d100284df97537dc95e4ade,UNKNOWN: no run code_snapshot.json,True,"{""weights_path"": ""./DOFA/checkpoints/DOFA_ViT_base_e100.pth""}","{""augmentations"": {""calibration"": ""none"", ""test"": ""none"", ""train"": ""none"", ""val"": ""none""}, ""channels"": [""B04"", ""B03"", ""B02""], ""class_names"": [""AnnualCrop"", ""Forest"", ""HerbaceousVegetation"", ""Highway"", ""Industrial"", ""Pasture"", ""PermanentCrop"", ""Residential"", ""River"", ""SeaLake""], ""download"": false, ""image_size"": 224, ""input_bands"": ""rgb"", ""name"": ""eurosat"", ""normalize"": true, ""num_classes"": 10, ""num_workers"": 4, ""root"": ""./data"", ""source"": ""torchgeo_all_bands"", ""split_manifest"": ""./splits/eurosat_70_10_10_10_spatial20m/eurosat_splits.csv""}","{""backbone_learning_rate"": 0.0004, ""batch_size"": 64, ""checkpoint"": {""metric"": ""nll"", ""mode"": ""min"", ""split"": ""val""}, ""early_stopping"": {""enabled"": true, ""min_delta"": 0.0, ""patience"": 15}, ""epochs"": 100, ""gradient_clipping"": {""enabled"": false}, ""head_learning_rate"": 0.004, ""layerwise_lr_decay"": {""enabled"": false}, ""learning_rate"": 0.0004, ""limit_train_batches"": null, ""limit_val_batches"": null, ""optimizer"": {""name"": ""adamw""}, ""warmup"": {""enabled"": true, ""epochs"": 5, ""type"": ""linear""}, ""weight_decay"": 0.0}","{""adaptation_mode"": ""full_finetune"", ""dofa_root"": ""./DOFA"", ""expected_frozen_backbone_parameters"": [""pos_embed""], ""freeze_backbone"": false, ""global_pool"": false, ""head"": {""architecture"": ""batchnorm_linear"", ""batchnorm_affine"": false, ""batchnorm_eps"": 1e-06, ""dropout"": 0.0}, ""name"": ""dofa"", ""pretrained"": true, ""size"": ""base"", ""weights_path"": ""./DOFA/checkpoints/DOFA_ViT_base_e100.pth""}"
classification,eurosat,dofa,full_finetune,deterministic,44,44,INDIVIDUAL_SEED,20260808T225252226548Z_eurosat_dofa_full_finetune_seed44_a9291cb9,/workspace/results/baselines/dofa_eurosat_full_finetune/runs/20260808T225252226548Z_eurosat_dofa_full_finetune_seed44_a9291cb9/best.pt,db55348289cad41a30a36365f96585b9dd1d98d877919cacdbc4b65b253fa730,minimum validation NLL (earliest tie),multiclass image-level metrics,reports/dofa_eurosat_final_manifest.json;results/baselines/dofa_eurosat_full_finetune/runs/20260808T225252226548Z_eurosat_dofa_full_finetune_seed44_a9291cb9/run_summary.json,results/baselines/dofa_eurosat_full_finetune/runs/20260808T225252226548Z_eurosat_dofa_full_finetune_seed44_a9291cb9/predictions/test/deterministic/predictions.parquet,True,358736,results/baselines/dofa_eurosat_full_finetune/runs/20260808T225252226548Z_eurosat_dofa_full_finetune_seed44_a9291cb9/predictions/test/deterministic/manifest.json,b6269e29fe41391a84e7cc3ceea065b4cd7d8c27ba0853c7b0b04aefe0f7fb64,sha256:af23e14b2d75b8e64a69f582c35734075b5316873fc12c1f6e32af5e9e5890df,results/baselines/dofa_eurosat_full_finetune/runs/20260808T225252226548Z_eurosat_dofa_full_finetune_seed44_a9291cb9/resolved_config.yaml,a85ebe2d124a1be81745d248085d844371072be89e55b284a94b7c1d635c3c5d,UNKNOWN: no run code_snapshot.json,True,"{""weights_path"": ""./DOFA/checkpoints/DOFA_ViT_base_e100.pth""}","{""augmentations"": {""calibration"": ""none"", ""test"": ""none"", ""train"": ""none"", ""val"": ""none""}, ""channels"": [""B04"", ""B03"", ""B02""], ""class_names"": [""AnnualCrop"", ""Forest"", ""HerbaceousVegetation"", ""Highway"", ""Industrial"", ""Pasture"", ""PermanentCrop"", ""Residential"", ""River"", ""SeaLake""], ""download"": false, ""image_size"": 224, ""input_bands"": ""rgb"", ""name"": ""eurosat"", ""normalize"": true, ""num_classes"": 10, ""num_workers"": 4, ""root"": ""./data"", ""source"": ""torchgeo_all_bands"", ""split_manifest"": ""./splits/eurosat_70_10_10_10_spatial20m/eurosat_splits.csv""}","{""backbone_learning_rate"": 0.0004, ""batch_size"": 64, ""checkpoint"": {""metric"": ""nll"", ""mode"": ""min"", ""split"": ""val""}, ""early_stopping"": {""enabled"": true, ""min_delta"": 0.0, ""patience"": 15}, ""epochs"": 100, ""gradient_clipping"": {""enabled"": false}, ""head_learning_rate"": 0.004, ""layerwise_lr_decay"": {""enabled"": false}, ""learning_rate"": 0.0004, ""limit_train_batches"": null, ""limit_val_batches"": null, ""optimizer"": {""name"": ""adamw""}, ""warmup"": {""enabled"": true, ""epochs"": 5, ""type"": ""linear""}, ""weight_decay"": 0.0}","{""adaptation_mode"": ""full_finetune"", ""dofa_root"": ""./DOFA"", ""expected_frozen_backbone_parameters"": [""pos_embed""], ""freeze_backbone"": false, ""global_pool"": false, ""head"": {""architecture"": ""batchnorm_linear"", ""batchnorm_affine"": false, ""batchnorm_eps"": 1e-06, ""dropout"": 0.0}, ""name"": ""dofa"", ""pretrained"": true, ""size"": ""base"", ""weights_path"": ""./DOFA/checkpoints/DOFA_ViT_base_e100.pth""}"
classification,eurosat,dofa,full_finetune,temperature_scaling,42,42,INDIVIDUAL_SEED,20260808T211626550846Z_eurosat_dofa_full_finetune_seed42_466f9f00,/workspace/results/baselines/dofa_eurosat_full_finetune/runs/20260808T211626550846Z_eurosat_dofa_full_finetune_seed42_466f9f00/best.pt,dc5cbeaaada0ae763de0b916fa9de099613c0ca495156b4984c09105e7010ae6,minimum validation NLL; scalar T minimizes dedicated calibration-split multiclass NLL,multiclass image-level metrics,reports/c3_classification_results.csv;results/final_thesis/c3_temperature_scaling_and_ensembles/classification/temperature_scaling/eurosat/dofa/full_finetune/seed42/metrics_and_manifest.json,results/final_thesis/c3_temperature_scaling_and_ensembles/classification/temperature_scaling/eurosat/dofa/full_finetune/seed42/test_predictions.parquet,True,738715,results/final_thesis/c3_temperature_scaling_and_ensembles/classification/temperature_scaling/eurosat/dofa/full_finetune/seed42/metrics_and_manifest.json,bd3412b69600fe119ac4b6234aefa34bac2e2e46a9b54f93f4b6a9e5a54c89c2,sha256:af23e14b2d75b8e64a69f582c35734075b5316873fc12c1f6e32af5e9e5890df,results/baselines/dofa_eurosat_full_finetune/runs/20260808T211626550846Z_eurosat_dofa_full_finetune_seed42_466f9f00/resolved_config.yaml,640294e39d2b5043b1696244fcfdf43167524db14b19f9ecea25a74ce04128ac,UNKNOWN: no run code_snapshot.json,True,"{""weights_path"": ""./DOFA/checkpoints/DOFA_ViT_base_e100.pth""}","{""augmentations"": {""calibration"": ""none"", ""test"": ""none"", ""train"": ""none"", ""val"": ""none""}, ""channels"": [""B04"", ""B03"", ""B02""], ""class_names"": [""AnnualCrop"", ""Forest"", ""HerbaceousVegetation"", ""Highway"", ""Industrial"", ""Pasture"", ""PermanentCrop"", ""Residential"", ""River"", ""SeaLake""], ""download"": false, ""image_size"": 224, ""input_bands"": ""rgb"", ""name"": ""eurosat"", ""normalize"": true, ""num_classes"": 10, ""num_workers"": 4, ""root"": ""./data"", ""source"": ""torchgeo_all_bands"", ""split_manifest"": ""./splits/eurosat_70_10_10_10_spatial20m/eurosat_splits.csv""}","{""backbone_learning_rate"": 0.0004, ""batch_size"": 64, ""checkpoint"": {""metric"": ""nll"", ""mode"": ""min"", ""split"": ""val""}, ""early_stopping"": {""enabled"": true, ""min_delta"": 0.0, ""patience"": 15}, ""epochs"": 100, ""gradient_clipping"": {""enabled"": false}, ""head_learning_rate"": 0.004, ""layerwise_lr_decay"": {""enabled"": false}, ""learning_rate"": 0.0004, ""limit_train_batches"": null, ""limit_val_batches"": null, ""optimizer"": {""name"": ""adamw""}, ""warmup"": {""enabled"": true, ""epochs"": 5, ""type"": ""linear""}, ""weight_decay"": 0.0}","{""adaptation_mode"": ""full_finetune"", ""dofa_root"": ""./DOFA"", ""expected_frozen_backbone_parameters"": [""pos_embed""], ""freeze_backbone"": false, ""global_pool"": false, ""head"": {""architecture"": ""batchnorm_linear"", ""batchnorm_affine"": false, ""batchnorm_eps"": 1e-06, ""dropout"": 0.0}, ""name"": ""dofa"", ""pretrained"": true, ""size"": ""base"", ""weights_path"": ""./DOFA/checkpoints/DOFA_ViT_base_e100.pth""}"
classification,eurosat,dofa,full_finetune,temperature_scaling,43,43,INDIVIDUAL_SEED,20260808T215707981044Z_eurosat_dofa_full_finetune_seed43_53c8b069,/workspace/results/baselines/dofa_eurosat_full_finetune/runs/20260808T215707981044Z_eurosat_dofa_full_finetune_seed43_53c8b069/best.pt,87635a994bd56920a2f0eab0dd1cddde528b2e6a277d57476c7d1dd67eb3d719,minimum validation NLL; scalar T minimizes dedicated calibration-split multiclass NLL,multiclass image-level metrics,reports/c3_classification_results.csv;results/final_thesis/c3_temperature_scaling_and_ensembles/classification/temperature_scaling/eurosat/dofa/full_finetune/seed43/metrics_and_manifest.json,results/final_thesis/c3_temperature_scaling_and_ensembles/classification/temperature_scaling/eurosat/dofa/full_finetune/seed43/test_predictions.parquet,True,739895,results/final_thesis/c3_temperature_scaling_and_ensembles/classification/temperature_scaling/eurosat/dofa/full_finetune/seed43/metrics_and_manifest.json,6ba1076cb865dd276725d4baca828e80fd9e9587d02be3a89a638177e0b2d53d,sha256:af23e14b2d75b8e64a69f582c35734075b5316873fc12c1f6e32af5e9e5890df,results/baselines/dofa_eurosat_full_finetune/runs/20260808T215707981044Z_eurosat_dofa_full_finetune_seed43_53c8b069/resolved_config.yaml,15ca82fc04a14055775e5b5aa520375a0b3f72fd8d100284df97537dc95e4ade,UNKNOWN: no run code_snapshot.json,True,"{""weights_path"": ""./DOFA/checkpoints/DOFA_ViT_base_e100.pth""}","{""augmentations"": {""calibration"": ""none"", ""test"": ""none"", ""train"": ""none"", ""val"": ""none""}, ""channels"": [""B04"", ""B03"", ""B02""], ""class_names"": [""AnnualCrop"", ""Forest"", ""HerbaceousVegetation"", ""Highway"", ""Industrial"", ""Pasture"", ""PermanentCrop"", ""Residential"", ""River"", ""SeaLake""], ""download"": false, ""image_size"": 224, ""input_bands"": ""rgb"", ""name"": ""eurosat"", ""normalize"": true, ""num_classes"": 10, ""num_workers"": 4, ""root"": ""./data"", ""source"": ""torchgeo_all_bands"", ""split_manifest"": ""./splits/eurosat_70_10_10_10_spatial20m/eurosat_splits.csv""}","{""backbone_learning_rate"": 0.0004, ""batch_size"": 64, ""checkpoint"": {""metric"": ""nll"", ""mode"": ""min"", ""split"": ""val""}, ""early_stopping"": {""enabled"": true, ""min_delta"": 0.0, ""patience"": 15}, ""epochs"": 100, ""gradient_clipping"": {""enabled"": false}, ""head_learning_rate"": 0.004, ""layerwise_lr_decay"": {""enabled"": false}, ""learning_rate"": 0.0004, ""limit_train_batches"": null, ""limit_val_batches"": null, ""optimizer"": {""name"": ""adamw""}, ""warmup"": {""enabled"": true, ""epochs"": 5, ""type"": ""linear""}, ""weight_decay"": 0.0}","{""adaptation_mode"": ""full_finetune"", ""dofa_root"": ""./DOFA"", ""expected_frozen_backbone_parameters"": [""pos_embed""], ""freeze_backbone"": false, ""global_pool"": false, ""head"": {""architecture"": ""batchnorm_linear"", ""batchnorm_affine"": false, ""batchnorm_eps"": 1e-06, ""dropout"": 0.0}, ""name"": ""dofa"", ""pretrained"": true, ""size"": ""base"", ""weights_path"": ""./DOFA/checkpoints/DOFA_ViT_base_e100.pth""}"
classification,eurosat,dofa,full_finetune,temperature_scaling,44,44,INDIVIDUAL_SEED,20260808T225252226548Z_eurosat_dofa_full_finetune_seed44_a9291cb9,/workspace/results/baselines/dofa_eurosat_full_finetune/runs/20260808T225252226548Z_eurosat_dofa_full_finetune_seed44_a9291cb9/best.pt,db55348289cad41a30a36365f96585b9dd1d98d877919cacdbc4b65b253fa730,minimum validation NLL; scalar T minimizes dedicated calibration-split multiclass NLL,multiclass image-level metrics,reports/c3_classification_results.csv;results/final_thesis/c3_temperature_scaling_and_ensembles/classification/temperature_scaling/eurosat/dofa/full_finetune/seed44/metrics_and_manifest.json,results/final_thesis/c3_temperature_scaling_and_ensembles/classification/temperature_scaling/eurosat/dofa/full_finetune/seed44/test_predictions.parquet,True,740075,results/final_thesis/c3_temperature_scaling_and_ensembles/classification/temperature_scaling/eurosat/dofa/full_finetune/seed44/metrics_and_manifest.json,916284a7890b5c798fd975a4da1a45414ee889c9ff83222db9b06e3bbe8aa075,sha256:af23e14b2d75b8e64a69f582c35734075b5316873fc12c1f6e32af5e9e5890df,results/baselines/dofa_eurosat_full_finetune/runs/20260808T225252226548Z_eurosat_dofa_full_finetune_seed44_a9291cb9/resolved_config.yaml,a85ebe2d124a1be81745d248085d844371072be89e55b284a94b7c1d635c3c5d,UNKNOWN: no run code_snapshot.json,True,"{""weights_path"": ""./DOFA/checkpoints/DOFA_ViT_base_e100.pth""}","{""augmentations"": {""calibration"": ""none"", ""test"": ""none"", ""train"": ""none"", ""val"": ""none""}, ""channels"": [""B04"", ""B03"", ""B02""], ""class_names"": [""AnnualCrop"", ""Forest"", ""HerbaceousVegetation"", ""Highway"", ""Industrial"", ""Pasture"", ""PermanentCrop"", ""Residential"", ""River"", ""SeaLake""], ""download"": false, ""image_size"": 224, ""input_bands"": ""rgb"", ""name"": ""eurosat"", ""normalize"": true, ""num_classes"": 10, ""num_workers"": 4, ""root"": ""./data"", ""source"": ""torchgeo_all_bands"", ""split_manifest"": ""./splits/eurosat_70_10_10_10_spatial20m/eurosat_splits.csv""}","{""backbone_learning_rate"": 0.0004, ""batch_size"": 64, ""checkpoint"": {""metric"": ""nll"", ""mode"": ""min"", ""split"": ""val""}, ""early_stopping"": {""enabled"": true, ""min_delta"": 0.0, ""patience"": 15}, ""epochs"": 100, ""gradient_clipping"": {""enabled"": false}, ""head_learning_rate"": 0.004, ""layerwise_lr_decay"": {""enabled"": false}, ""learning_rate"": 0.0004, ""limit_train_batches"": null, ""limit_val_batches"": null, ""optimizer"": {""name"": ""adamw""}, ""warmup"": {""enabled"": true, ""epochs"": 5, ""type"": ""linear""}, ""weight_decay"": 0.0}","{""adaptation_mode"": ""full_finetune"", ""dofa_root"": ""./DOFA"", ""expected_frozen_backbone_parameters"": [""pos_embed""], ""freeze_backbone"": false, ""global_pool"": false, ""head"": {""architecture"": ""batchnorm_linear"", ""batchnorm_affine"": false, ""batchnorm_eps"": 1e-06, ""dropout"": 0.0}, ""name"": ""dofa"", ""pretrained"": true, ""size"": ""base"", ""weights_path"": ""./DOFA/checkpoints/DOFA_ViT_base_e100.pth""}"
classification,eurosat,dofa,full_finetune,mc_dropout,42,42,INDIVIDUAL_SEED,20260826T114721092234Z_c5_mcd_eurosat_dofa_full_finetune_seed42_9d07512e,/workspace/results/final_thesis/mc_dropout/classification/eurosat/dofa/full_finetune/runs/20260826T114721092234Z_c5_mcd_eurosat_dofa_full_finetune_seed42_9d07512e/best.pt,c6edf6fbf49ca6ab343322c259e41b99b0bd58bccf70bbf54b1d21652ed45a8a,minimum validation NLL (earliest tie),multiclass image-level metrics,reports/mc_dropout_results.csv;results/final_thesis/mc_dropout/inference/classification/eurosat/dofa/full_finetune/seed42/c5_audit.json,results/final_thesis/mc_dropout/inference/classification/eurosat/dofa/full_finetune/seed42/predictions.parquet,True,8724797,results/final_thesis/mc_dropout/inference/classification/eurosat/dofa/full_finetune/seed42/c5_audit.json,330fa3c33aa922027f90e5126b18a04acb9f716f194d96b740d58d0a444a1527,sha256:af23e14b2d75b8e64a69f582c35734075b5316873fc12c1f6e32af5e9e5890df,results/final_thesis/mc_dropout/classification/eurosat/dofa/full_finetune/runs/20260826T114721092234Z_c5_mcd_eurosat_dofa_full_finetune_seed42_9d07512e/resolved_config.yaml,5323efa7467e1a0ae167fe4fa7dd796c57d9e73dd9290765ebcb6062467abe65,3f02889656dfd2c6c3cb99e5cc1760c5eceaa842095f26884230a89ef4df913b,True,"{""weights_path"": ""./DOFA/checkpoints/DOFA_ViT_base_e100.pth"", ""weights_sha256"": ""4720985e42b918ac0307009eb06121a3435d9bbce6fd95446f84824a538165b1""}","{""artifact_path"": ""./data/EuroSATallBands.zip"", ""artifact_sha256"": ""751f070f9bffa2eed48b24ca2dd0b02959280c08837e8c9a5532a67ba611df59"", ""augmentations"": {""calibration"": ""none"", ""test"": ""none"", ""train"": ""none"", ""val"": ""none""}, ""channels"": [""B04"", ""B03"", ""B02""], ""class_names"": [""AnnualCrop"", ""Forest"", ""HerbaceousVegetation"", ""Highway"", ""Industrial"", ""Pasture"", ""PermanentCrop"", ""Residential"", ""River"", ""SeaLake""], ""download"": false, ""image_size"": 224, ""input_bands"": ""rgb"", ""name"": ""eurosat"", ""normalize"": true, ""num_classes"": 10, ""num_workers"": 4, ""root"": ""./data"", ""source"": ""torchgeo_all_bands"", ""split_manifest"": ""./splits/eurosat_70_10_10_10_spatial20m/eurosat_splits.csv"", ""split_manifest_sha256"": ""c5cadc7936394f0678307f7db25c55a2dc19f73ddb93891b772c16221e8abf22"", ""wavelength_source"": ""immutable historical nominal Sentinel-2 RGB centers"", ""wavelengths_nm"": [665.0, 560.0, 490.0]}","{""backbone_learning_rate"": 0.0004, ""batch_size"": 64, ""checkpoint"": {""metric"": ""nll"", ""mode"": ""min"", ""split"": ""val""}, ""early_stopping"": {""enabled"": true, ""min_delta"": 0.0, ""patience"": 15}, ""epochs"": 100, ""gradient_clipping"": {""enabled"": false}, ""head_learning_rate"": 0.004, ""layerwise_lr_decay"": {""enabled"": false}, ""learning_rate"": 0.0004, ""limit_train_batches"": null, ""limit_val_batches"": null, ""optimizer"": {""name"": ""adamw""}, ""warmup"": {""enabled"": true, ""epochs"": 5, ""type"": ""linear""}, ""weight_decay"": 0.0}","{""actual_wavelength_units"": ""micrometers"", ""actual_wavelengths"": [0.665, 0.56, 0.49], ""adaptation_mode"": ""full_finetune"", ""dofa_root"": ""./DOFA"", ""drop_rate"": 0.0, ""expected_frozen_backbone_parameters"": [""pos_embed""], ""freeze_backbone"": false, ""global_pool"": false, ""head"": {""architecture"": ""batchnorm_linear"", ""batchnorm_affine"": false, ""batchnorm_eps"": 1e-06, ""dropout"": 0.1}, ""name"": ""dofa"", ""pretrained"": true, ""size"": ""base"", ""weights_path"": ""./DOFA/checkpoints/DOFA_ViT_base_e100.pth"", ""weights_sha256"": ""4720985e42b918ac0307009eb06121a3435d9bbce6fd95446f84824a538165b1""}"
classification,eurosat,dofa,full_finetune,deep_ensemble,,42;43;44,ENSEMBLE,,,,N/A — post-hoc probability mean; members use minimum validation NLL,multiclass image-level metrics,reports/c3_classification_results.csv;results/final_thesis/dofa_eurosat_ensembles/full_finetune/manifest.json,results/final_thesis/dofa_eurosat_ensembles/full_finetune/ensemble_predictions.parquet,True,313196,results/final_thesis/dofa_eurosat_ensembles/full_finetune/manifest.json,3c7839002bfa24ee670fda5a6dcc17d3bde2089ac942cf3bab44aea784685819,sha256:af23e14b2d75b8e64a69f582c35734075b5316873fc12c1f6e32af5e9e5890df,,,,,,,,
classification,eurosat,panopticon,frozen,deterministic,42,42,INDIVIDUAL_SEED,20260815T195254997519Z_eurosat_panopticon_frozen_bnlinear_seed42_74d738b8,/workspace/results/baselines/panopticon_eurosat_frozen_bnlinear/runs/20260815T195254997519Z_eurosat_panopticon_frozen_bnlinear_seed42_74d738b8/best.pt,a97229ae2e460a5c66788968f0329c94e96d99477e7259993f41899eebee1a0e,minimum validation NLL (earliest tie),multiclass image-level metrics,reports/c1_classification_run_audits/20260816T063820Z/c1_run_audit.json;results/baselines/panopticon_eurosat_frozen_bnlinear/runs/20260815T195254997519Z_eurosat_panopticon_frozen_bnlinear_seed42_74d738b8/run_summary.json,results/baselines/panopticon_eurosat_frozen_bnlinear/runs/20260815T195254997519Z_eurosat_panopticon_frozen_bnlinear_seed42_74d738b8/predictions/test/deterministic/predictions.parquet,True,8705803,results/baselines/panopticon_eurosat_frozen_bnlinear/runs/20260815T195254997519Z_eurosat_panopticon_frozen_bnlinear_seed42_74d738b8/predictions/test/deterministic/manifest.json,bc70247fced41d4ba6a5eb60f600588ef2f99c745744c42ae05067b4b3285b71,sha256:af23e14b2d75b8e64a69f582c35734075b5316873fc12c1f6e32af5e9e5890df,results/baselines/panopticon_eurosat_frozen_bnlinear/runs/20260815T195254997519Z_eurosat_panopticon_frozen_bnlinear_seed42_74d738b8/resolved_config.yaml,71f822db1620a984cd9c2e7df411b634f8b3506bd224b464e3ec971d25b62fef,d4c7e9d07a9ee2f1b431bd06822fc4648a1f17f4bc6db8352dd65ce8b9e18c67,True,"{""weights"": ""VIT_BASE14"", ""weights_cache_path"": ""/home/yesong/.cache/torch/hub/checkpoints/panopticon_vitb14_teacher.pth"", ""weights_sha256"": ""55024f411a7f383ed1a646d9b833b65683a4443846603fc7d37591d5afe9d26e""}","{""artifact_path"": ""./data/EuroSATallBands.zip"", ""artifact_sha256"": ""751f070f9bffa2eed48b24ca2dd0b02959280c08837e8c9a5532a67ba611df59"", ""augmentations"": {""calibration"": ""none"", ""test"": ""none"", ""train"": ""none"", ""val"": ""none""}, ""channels"": [""B04"", ""B03"", ""B02""], ""class_names"": [""AnnualCrop"", ""Forest"", ""HerbaceousVegetation"", ""Highway"", ""Industrial"", ""Pasture"", ""PermanentCrop"", ""Residential"", ""River"", ""SeaLake""], ""download"": false, ""image_size"": 224, ""input_bands"": ""rgb"", ""name"": ""eurosat"", ""normalization"": {""mean"": [936.085209866211, 1031.3388562784282, 1111.4795678522003], ""method"": ""channelwise_standardization"", ""pixel_count_per_channel"": 77275136, ""raw_units"": ""Sentinel-2_L2A_DN"", ""sample_count"": 18866, ""statistics_manifest"": ""./splits/eurosat_70_10_10_10_spatial20m/eurosat_splits.csv"", ""statistics_split"": ""train"", ""std"": [589.387623763833, 388.3087839027959, 327.14241012761033]}, ""normalize"": true, ""num_classes"": 10, ""num_workers"": 4, ""root"": ""./data"", ""source"": ""torchgeo_all_bands"", ""split_manifest"": ""./splits/eurosat_70_10_10_10_spatial20m/eurosat_splits.csv"", ""split_manifest_sha256"": ""c5cadc7936394f0678307f7db25c55a2dc19f73ddb93891b772c16221e8abf22"", ""wavelength_source"": ""https://github.com/geobreeze/geobreeze/blob/main/geobreeze/datasets/metadata/sensors/sentinel2.yaml"", ""wavelengths_nm"": [664.6300422881802, 559.5987534818435, 492.9971095687347]}","{""backbone_learning_rate"": 0.001, ""batch_size"": 64, ""checkpoint"": {""metric"": ""nll"", ""mode"": ""min"", ""split"": ""val""}, ""early_stopping"": {""enabled"": true, ""min_delta"": 0.0, ""patience"": 10}, ""epochs"": 50, ""gradient_clipping"": {""enabled"": false}, ""head_learning_rate"": 0.001, ""layerwise_lr_decay"": {""enabled"": false}, ""learning_rate"": 0.001, ""limit_train_batches"": null, ""limit_val_batches"": null, ""optimizer"": {""name"": ""adamw""}, ""warmup"": {""enabled"": false, ""epochs"": 0, ""type"": ""linear""}, ""weight_decay"": 0.01}","{""actual_wavelength_units"": ""nanometers"", ""actual_wavelengths"": [664.6300422881802, 559.5987534818435, 492.9971095687347], ""adaptation_mode"": ""frozen"", ""freeze_backbone"": true, ""head"": {""architecture"": ""batchnorm_linear"", ""batchnorm_affine"": false, ""batchnorm_eps"": 1e-06, ""dropout"": 0.0}, ""name"": ""panopticon"", ""pretrained"": true, ""size"": ""base"", ""weights"": ""VIT_BASE14"", ""weights_cache_path"": ""/home/yesong/.cache/torch/hub/checkpoints/panopticon_vitb14_teacher.pth"", ""weights_sha256"": ""55024f411a7f383ed1a646d9b833b65683a4443846603fc7d37591d5afe9d26e""}"
classification,eurosat,panopticon,frozen,deterministic,43,43,INDIVIDUAL_SEED,20260815T231227548291Z_eurosat_panopticon_frozen_bnlinear_seed43_743e193d,/workspace/results/baselines/panopticon_eurosat_frozen_bnlinear/runs/20260815T231227548291Z_eurosat_panopticon_frozen_bnlinear_seed43_743e193d/best.pt,c89698200b444602c05ca7366858f7dca30aa48eee3674cdc1d36c09134d2c00,minimum validation NLL (earliest tie),multiclass image-level metrics,reports/c1_classification_run_audits/20260816T063820Z/c1_run_audit.json;results/baselines/panopticon_eurosat_frozen_bnlinear/runs/20260815T231227548291Z_eurosat_panopticon_frozen_bnlinear_seed43_743e193d/run_summary.json,results/baselines/panopticon_eurosat_frozen_bnlinear/runs/20260815T231227548291Z_eurosat_panopticon_frozen_bnlinear_seed43_743e193d/predictions/test/deterministic/predictions.parquet,True,8709456,results/baselines/panopticon_eurosat_frozen_bnlinear/runs/20260815T231227548291Z_eurosat_panopticon_frozen_bnlinear_seed43_743e193d/predictions/test/deterministic/manifest.json,8a40500d1d508c19aa5f95f48504188a02bedae8953c2089009afcee97974fc0,sha256:af23e14b2d75b8e64a69f582c35734075b5316873fc12c1f6e32af5e9e5890df,results/baselines/panopticon_eurosat_frozen_bnlinear/runs/20260815T231227548291Z_eurosat_panopticon_frozen_bnlinear_seed43_743e193d/resolved_config.yaml,03dea96f8f8c111aee42a0875349604c352211414cf04d7662cda4a9de9bf2ff,82467b95293c2a2459c59405a56e02e6af2eb955db49d3ce642ee0bfb38a61d0,True,"{""weights"": ""VIT_BASE14"", ""weights_cache_path"": ""/home/yesong/.cache/torch/hub/checkpoints/panopticon_vitb14_teacher.pth"", ""weights_sha256"": ""55024f411a7f383ed1a646d9b833b65683a4443846603fc7d37591d5afe9d26e""}","{""artifact_path"": ""./data/EuroSATallBands.zip"", ""artifact_sha256"": ""751f070f9bffa2eed48b24ca2dd0b02959280c08837e8c9a5532a67ba611df59"", ""augmentations"": {""calibration"": ""none"", ""test"": ""none"", ""train"": ""none"", ""val"": ""none""}, ""channels"": [""B04"", ""B03"", ""B02""], ""class_names"": [""AnnualCrop"", ""Forest"", ""HerbaceousVegetation"", ""Highway"", ""Industrial"", ""Pasture"", ""PermanentCrop"", ""Residential"", ""River"", ""SeaLake""], ""download"": false, ""image_size"": 224, ""input_bands"": ""rgb"", ""name"": ""eurosat"", ""normalization"": {""mean"": [936.085209866211, 1031.3388562784282, 1111.4795678522003], ""method"": ""channelwise_standardization"", ""pixel_count_per_channel"": 77275136, ""raw_units"": ""Sentinel-2_L2A_DN"", ""sample_count"": 18866, ""statistics_manifest"": ""./splits/eurosat_70_10_10_10_spatial20m/eurosat_splits.csv"", ""statistics_split"": ""train"", ""std"": [589.387623763833, 388.3087839027959, 327.14241012761033]}, ""normalize"": true, ""num_classes"": 10, ""num_workers"": 4, ""root"": ""./data"", ""source"": ""torchgeo_all_bands"", ""split_manifest"": ""./splits/eurosat_70_10_10_10_spatial20m/eurosat_splits.csv"", ""split_manifest_sha256"": ""c5cadc7936394f0678307f7db25c55a2dc19f73ddb93891b772c16221e8abf22"", ""wavelength_source"": ""https://github.com/geobreeze/geobreeze/blob/main/geobreeze/datasets/metadata/sensors/sentinel2.yaml"", ""wavelengths_nm"": [664.6300422881802, 559.5987534818435, 492.9971095687347]}","{""backbone_learning_rate"": 0.001, ""batch_size"": 64, ""checkpoint"": {""metric"": ""nll"", ""mode"": ""min"", ""split"": ""val""}, ""early_stopping"": {""enabled"": true, ""min_delta"": 0.0, ""patience"": 10}, ""epochs"": 50, ""gradient_clipping"": {""enabled"": false}, ""head_learning_rate"": 0.001, ""layerwise_lr_decay"": {""enabled"": false}, ""learning_rate"": 0.001, ""limit_train_batches"": null, ""limit_val_batches"": null, ""optimizer"": {""name"": ""adamw""}, ""warmup"": {""enabled"": false, ""epochs"": 0, ""type"": ""linear""}, ""weight_decay"": 0.01}","{""actual_wavelength_units"": ""nanometers"", ""actual_wavelengths"": [664.6300422881802, 559.5987534818435, 492.9971095687347], ""adaptation_mode"": ""frozen"", ""freeze_backbone"": true, ""head"": {""architecture"": ""batchnorm_linear"", ""batchnorm_affine"": false, ""batchnorm_eps"": 1e-06, ""dropout"": 0.0}, ""name"": ""panopticon"", ""pretrained"": true, ""size"": ""base"", ""weights"": ""VIT_BASE14"", ""weights_cache_path"": ""/home/yesong/.cache/torch/hub/checkpoints/panopticon_vitb14_teacher.pth"", ""weights_sha256"": ""55024f411a7f383ed1a646d9b833b65683a4443846603fc7d37591d5afe9d26e""}"
classification,eurosat,panopticon,frozen,deterministic,44,44,INDIVIDUAL_SEED,20260816T004654290690Z_eurosat_panopticon_frozen_bnlinear_seed44_4f21cdf8,/workspace/results/baselines/panopticon_eurosat_frozen_bnlinear/runs/20260816T004654290690Z_eurosat_panopticon_frozen_bnlinear_seed44_4f21cdf8/best.pt,f5a9ecd4d718e535e023cbf510b72bac842973327d9492ca95680d37857af5c6,minimum validation NLL (earliest tie),multiclass image-level metrics,reports/c1_classification_run_audits/20260816T063820Z/c1_run_audit.json;results/baselines/panopticon_eurosat_frozen_bnlinear/runs/20260816T004654290690Z_eurosat_panopticon_frozen_bnlinear_seed44_4f21cdf8/run_summary.json,results/baselines/panopticon_eurosat_frozen_bnlinear/runs/20260816T004654290690Z_eurosat_panopticon_frozen_bnlinear_seed44_4f21cdf8/predictions/test/deterministic/predictions.parquet,True,8706542,results/baselines/panopticon_eurosat_frozen_bnlinear/runs/20260816T004654290690Z_eurosat_panopticon_frozen_bnlinear_seed44_4f21cdf8/predictions/test/deterministic/manifest.json,516588bc06e197db25d338847367ceb472ca78bbf7f7153ef9435170baff7175,sha256:af23e14b2d75b8e64a69f582c35734075b5316873fc12c1f6e32af5e9e5890df,results/baselines/panopticon_eurosat_frozen_bnlinear/runs/20260816T004654290690Z_eurosat_panopticon_frozen_bnlinear_seed44_4f21cdf8/resolved_config.yaml,92532e75041ce7c722d08678d4d0ed4d63663879625ca6e8fa8665dfeffc14e3,a034ccdfa6ce19ee6dbb5df1ed4cceb8cc1e568b2f8f54863b71e3d12a803667,True,"{""weights"": ""VIT_BASE14"", ""weights_cache_path"": ""/home/yesong/.cache/torch/hub/checkpoints/panopticon_vitb14_teacher.pth"", ""weights_sha256"": ""55024f411a7f383ed1a646d9b833b65683a4443846603fc7d37591d5afe9d26e""}","{""artifact_path"": ""./data/EuroSATallBands.zip"", ""artifact_sha256"": ""751f070f9bffa2eed48b24ca2dd0b02959280c08837e8c9a5532a67ba611df59"", ""augmentations"": {""calibration"": ""none"", ""test"": ""none"", ""train"": ""none"", ""val"": ""none""}, ""channels"": [""B04"", ""B03"", ""B02""], ""class_names"": [""AnnualCrop"", ""Forest"", ""HerbaceousVegetation"", ""Highway"", ""Industrial"", ""Pasture"", ""PermanentCrop"", ""Residential"", ""River"", ""SeaLake""], ""download"": false, ""image_size"": 224, ""input_bands"": ""rgb"", ""name"": ""eurosat"", ""normalization"": {""mean"": [936.085209866211, 1031.3388562784282, 1111.4795678522003], ""method"": ""channelwise_standardization"", ""pixel_count_per_channel"": 77275136, ""raw_units"": ""Sentinel-2_L2A_DN"", ""sample_count"": 18866, ""statistics_manifest"": ""./splits/eurosat_70_10_10_10_spatial20m/eurosat_splits.csv"", ""statistics_split"": ""train"", ""std"": [589.387623763833, 388.3087839027959, 327.14241012761033]}, ""normalize"": true, ""num_classes"": 10, ""num_workers"": 4, ""root"": ""./data"", ""source"": ""torchgeo_all_bands"", ""split_manifest"": ""./splits/eurosat_70_10_10_10_spatial20m/eurosat_splits.csv"", ""split_manifest_sha256"": ""c5cadc7936394f0678307f7db25c55a2dc19f73ddb93891b772c16221e8abf22"", ""wavelength_source"": ""https://github.com/geobreeze/geobreeze/blob/main/geobreeze/datasets/metadata/sensors/sentinel2.yaml"", ""wavelengths_nm"": [664.6300422881802, 559.5987534818435, 492.9971095687347]}","{""backbone_learning_rate"": 0.001, ""batch_size"": 64, ""checkpoint"": {""metric"": ""nll"", ""mode"": ""min"", ""split"": ""val""}, ""early_stopping"": {""enabled"": true, ""min_delta"": 0.0, ""patience"": 10}, ""epochs"": 50, ""gradient_clipping"": {""enabled"": false}, ""head_learning_rate"": 0.001, ""layerwise_lr_decay"": {""enabled"": false}, ""learning_rate"": 0.001, ""limit_train_batches"": null, ""limit_val_batches"": null, ""optimizer"": {""name"": ""adamw""}, ""warmup"": {""enabled"": false, ""epochs"": 0, ""type"": ""linear""}, ""weight_decay"": 0.01}","{""actual_wavelength_units"": ""nanometers"", ""actual_wavelengths"": [664.6300422881802, 559.5987534818435, 492.9971095687347], ""adaptation_mode"": ""frozen"", ""freeze_backbone"": true, ""head"": {""architecture"": ""batchnorm_linear"", ""batchnorm_affine"": false, ""batchnorm_eps"": 1e-06, ""dropout"": 0.0}, ""name"": ""panopticon"", ""pretrained"": true, ""size"": ""base"", ""weights"": ""VIT_BASE14"", ""weights_cache_path"": ""/home/yesong/.cache/torch/hub/checkpoints/panopticon_vitb14_teacher.pth"", ""weights_sha256"": ""55024f411a7f383ed1a646d9b833b65683a4443846603fc7d37591d5afe9d26e""}"
classification,eurosat,panopticon,frozen,temperature_scaling,42,42,INDIVIDUAL_SEED,20260815T195254997519Z_eurosat_panopticon_frozen_bnlinear_seed42_74d738b8,/workspace/results/baselines/panopticon_eurosat_frozen_bnlinear/runs/20260815T195254997519Z_eurosat_panopticon_frozen_bnlinear_seed42_74d738b8/best.pt,a97229ae2e460a5c66788968f0329c94e96d99477e7259993f41899eebee1a0e,minimum validation NLL; scalar T minimizes dedicated calibration-split multiclass NLL,multiclass image-level metrics,reports/c3_classification_results.csv;results/final_thesis/c3_temperature_scaling_and_ensembles/classification/temperature_scaling/eurosat/panopticon/frozen/seed42/metrics_and_manifest.json,results/final_thesis/c3_temperature_scaling_and_ensembles/classification/temperature_scaling/eurosat/panopticon/frozen/seed42/test_predictions.parquet,True,738187,results/final_thesis/c3_temperature_scaling_and_ensembles/classification/temperature_scaling/eurosat/panopticon/frozen/seed42/metrics_and_manifest.json,e38be3531fee7affdcbac8e4976b23992a125983af348cb3523a5007827ecec7,sha256:af23e14b2d75b8e64a69f582c35734075b5316873fc12c1f6e32af5e9e5890df,results/baselines/panopticon_eurosat_frozen_bnlinear/runs/20260815T195254997519Z_eurosat_panopticon_frozen_bnlinear_seed42_74d738b8/resolved_config.yaml,71f822db1620a984cd9c2e7df411b634f8b3506bd224b464e3ec971d25b62fef,d4c7e9d07a9ee2f1b431bd06822fc4648a1f17f4bc6db8352dd65ce8b9e18c67,True,"{""weights"": ""VIT_BASE14"", ""weights_cache_path"": ""/home/yesong/.cache/torch/hub/checkpoints/panopticon_vitb14_teacher.pth"", ""weights_sha256"": ""55024f411a7f383ed1a646d9b833b65683a4443846603fc7d37591d5afe9d26e""}","{""artifact_path"": ""./data/EuroSATallBands.zip"", ""artifact_sha256"": ""751f070f9bffa2eed48b24ca2dd0b02959280c08837e8c9a5532a67ba611df59"", ""augmentations"": {""calibration"": ""none"", ""test"": ""none"", ""train"": ""none"", ""val"": ""none""}, ""channels"": [""B04"", ""B03"", ""B02""], ""class_names"": [""AnnualCrop"", ""Forest"", ""HerbaceousVegetation"", ""Highway"", ""Industrial"", ""Pasture"", ""PermanentCrop"", ""Residential"", ""River"", ""SeaLake""], ""download"": false, ""image_size"": 224, ""input_bands"": ""rgb"", ""name"": ""eurosat"", ""normalization"": {""mean"": [936.085209866211, 1031.3388562784282, 1111.4795678522003], ""method"": ""channelwise_standardization"", ""pixel_count_per_channel"": 77275136, ""raw_units"": ""Sentinel-2_L2A_DN"", ""sample_count"": 18866, ""statistics_manifest"": ""./splits/eurosat_70_10_10_10_spatial20m/eurosat_splits.csv"", ""statistics_split"": ""train"", ""std"": [589.387623763833, 388.3087839027959, 327.14241012761033]}, ""normalize"": true, ""num_classes"": 10, ""num_workers"": 4, ""root"": ""./data"", ""source"": ""torchgeo_all_bands"", ""split_manifest"": ""./splits/eurosat_70_10_10_10_spatial20m/eurosat_splits.csv"", ""split_manifest_sha256"": ""c5cadc7936394f0678307f7db25c55a2dc19f73ddb93891b772c16221e8abf22"", ""wavelength_source"": ""https://github.com/geobreeze/geobreeze/blob/main/geobreeze/datasets/metadata/sensors/sentinel2.yaml"", ""wavelengths_nm"": [664.6300422881802, 559.5987534818435, 492.9971095687347]}","{""backbone_learning_rate"": 0.001, ""batch_size"": 64, ""checkpoint"": {""metric"": ""nll"", ""mode"": ""min"", ""split"": ""val""}, ""early_stopping"": {""enabled"": true, ""min_delta"": 0.0, ""patience"": 10}, ""epochs"": 50, ""gradient_clipping"": {""enabled"": false}, ""head_learning_rate"": 0.001, ""layerwise_lr_decay"": {""enabled"": false}, ""learning_rate"": 0.001, ""limit_train_batches"": null, ""limit_val_batches"": null, ""optimizer"": {""name"": ""adamw""}, ""warmup"": {""enabled"": false, ""epochs"": 0, ""type"": ""linear""}, ""weight_decay"": 0.01}","{""actual_wavelength_units"": ""nanometers"", ""actual_wavelengths"": [664.6300422881802, 559.5987534818435, 492.9971095687347], ""adaptation_mode"": ""frozen"", ""freeze_backbone"": true, ""head"": {""architecture"": ""batchnorm_linear"", ""batchnorm_affine"": false, ""batchnorm_eps"": 1e-06, ""dropout"": 0.0}, ""name"": ""panopticon"", ""pretrained"": true, ""size"": ""base"", ""weights"": ""VIT_BASE14"", ""weights_cache_path"": ""/home/yesong/.cache/torch/hub/checkpoints/panopticon_vitb14_teacher.pth"", ""weights_sha256"": ""55024f411a7f383ed1a646d9b833b65683a4443846603fc7d37591d5afe9d26e""}"
classification,eurosat,panopticon,frozen,temperature_scaling,43,43,INDIVIDUAL_SEED,20260815T231227548291Z_eurosat_panopticon_frozen_bnlinear_seed43_743e193d,/workspace/results/baselines/panopticon_eurosat_frozen_bnlinear/runs/20260815T231227548291Z_eurosat_panopticon_frozen_bnlinear_seed43_743e193d/best.pt,c89698200b444602c05ca7366858f7dca30aa48eee3674cdc1d36c09134d2c00,minimum validation NLL; scalar T minimizes dedicated calibration-split multiclass NLL,multiclass image-level metrics,reports/c3_classification_results.csv;results/final_thesis/c3_temperature_scaling_and_ensembles/classification/temperature_scaling/eurosat/panopticon/frozen/seed43/metrics_and_manifest.json,results/final_thesis/c3_temperature_scaling_and_ensembles/classification/temperature_scaling/eurosat/panopticon/frozen/seed43/test_predictions.parquet,True,738133,results/final_thesis/c3_temperature_scaling_and_ensembles/classification/temperature_scaling/eurosat/panopticon/frozen/seed43/metrics_and_manifest.json,332d51b21aacb7bf5e0da4351f1e42094d4d523d92fde86152ef0efc86e213b1,sha256:af23e14b2d75b8e64a69f582c35734075b5316873fc12c1f6e32af5e9e5890df,results/baselines/panopticon_eurosat_frozen_bnlinear/runs/20260815T231227548291Z_eurosat_panopticon_frozen_bnlinear_seed43_743e193d/resolved_config.yaml,03dea96f8f8c111aee42a0875349604c352211414cf04d7662cda4a9de9bf2ff,82467b95293c2a2459c59405a56e02e6af2eb955db49d3ce642ee0bfb38a61d0,True,"{""weights"": ""VIT_BASE14"", ""weights_cache_path"": ""/home/yesong/.cache/torch/hub/checkpoints/panopticon_vitb14_teacher.pth"", ""weights_sha256"": ""55024f411a7f383ed1a646d9b833b65683a4443846603fc7d37591d5afe9d26e""}","{""artifact_path"": ""./data/EuroSATallBands.zip"", ""artifact_sha256"": ""751f070f9bffa2eed48b24ca2dd0b02959280c08837e8c9a5532a67ba611df59"", ""augmentations"": {""calibration"": ""none"", ""test"": ""none"", ""train"": ""none"", ""val"": ""none""}, ""channels"": [""B04"", ""B03"", ""B02""], ""class_names"": [""AnnualCrop"", ""Forest"", ""HerbaceousVegetation"", ""Highway"", ""Industrial"", ""Pasture"", ""PermanentCrop"", ""Residential"", ""River"", ""SeaLake""], ""download"": false, ""image_size"": 224, ""input_bands"": ""rgb"", ""name"": ""eurosat"", ""normalization"": {""mean"": [936.085209866211, 1031.3388562784282, 1111.4795678522003], ""method"": ""channelwise_standardization"", ""pixel_count_per_channel"": 77275136, ""raw_units"": ""Sentinel-2_L2A_DN"", ""sample_count"": 18866, ""statistics_manifest"": ""./splits/eurosat_70_10_10_10_spatial20m/eurosat_splits.csv"", ""statistics_split"": ""train"", ""std"": [589.387623763833, 388.3087839027959, 327.14241012761033]}, ""normalize"": true, ""num_classes"": 10, ""num_workers"": 4, ""root"": ""./data"", ""source"": ""torchgeo_all_bands"", ""split_manifest"": ""./splits/eurosat_70_10_10_10_spatial20m/eurosat_splits.csv"", ""split_manifest_sha256"": ""c5cadc7936394f0678307f7db25c55a2dc19f73ddb93891b772c16221e8abf22"", ""wavelength_source"": ""https://github.com/geobreeze/geobreeze/blob/main/geobreeze/datasets/metadata/sensors/sentinel2.yaml"", ""wavelengths_nm"": [664.6300422881802, 559.5987534818435, 492.9971095687347]}","{""backbone_learning_rate"": 0.001, ""batch_size"": 64, ""checkpoint"": {""metric"": ""nll"", ""mode"": ""min"", ""split"": ""val""}, ""early_stopping"": {""enabled"": true, ""min_delta"": 0.0, ""patience"": 10}, ""epochs"": 50, ""gradient_clipping"": {""enabled"": false}, ""head_learning_rate"": 0.001, ""layerwise_lr_decay"": {""enabled"": false}, ""learning_rate"": 0.001, ""limit_train_batches"": null, ""limit_val_batches"": null, ""optimizer"": {""name"": ""adamw""}, ""warmup"": {""enabled"": false, ""epochs"": 0, ""type"": ""linear""}, ""weight_decay"": 0.01}","{""actual_wavelength_units"": ""nanometers"", ""actual_wavelengths"": [664.6300422881802, 559.5987534818435, 492.9971095687347], ""adaptation_mode"": ""frozen"", ""freeze_backbone"": true, ""head"": {""architecture"": ""batchnorm_linear"", ""batchnorm_affine"": false, ""batchnorm_eps"": 1e-06, ""dropout"": 0.0}, ""name"": ""panopticon"", ""pretrained"": true, ""size"": ""base"", ""weights"": ""VIT_BASE14"", ""weights_cache_path"": ""/home/yesong/.cache/torch/hub/checkpoints/panopticon_vitb14_teacher.pth"", ""weights_sha256"": ""55024f411a7f383ed1a646d9b833b65683a4443846603fc7d37591d5afe9d26e""}"
classification,eurosat,panopticon,frozen,temperature_scaling,44,44,INDIVIDUAL_SEED,20260816T004654290690Z_eurosat_panopticon_frozen_bnlinear_seed44_4f21cdf8,/workspace/results/baselines/panopticon_eurosat_frozen_bnlinear/runs/20260816T004654290690Z_eurosat_panopticon_frozen_bnlinear_seed44_4f21cdf8/best.pt,f5a9ecd4d718e535e023cbf510b72bac842973327d9492ca95680d37857af5c6,minimum validation NLL; scalar T minimizes dedicated calibration-split multiclass NLL,multiclass image-level metrics,reports/c3_classification_results.csv;results/final_thesis/c3_temperature_scaling_and_ensembles/classification/temperature_scaling/eurosat/panopticon/frozen/seed44/metrics_and_manifest.json,results/final_thesis/c3_temperature_scaling_and_ensembles/classification/temperature_scaling/eurosat/panopticon/frozen/seed44/test_predictions.parquet,True,738319,results/final_thesis/c3_temperature_scaling_and_ensembles/classification/temperature_scaling/eurosat/panopticon/frozen/seed44/metrics_and_manifest.json,c7fb5f76a7cfef3d4f09b6e8e90932c517b3e87a3db0ebd1852d3c9fa95b115d,sha256:af23e14b2d75b8e64a69f582c35734075b5316873fc12c1f6e32af5e9e5890df,results/baselines/panopticon_eurosat_frozen_bnlinear/runs/20260816T004654290690Z_eurosat_panopticon_frozen_bnlinear_seed44_4f21cdf8/resolved_config.yaml,92532e75041ce7c722d08678d4d0ed4d63663879625ca6e8fa8665dfeffc14e3,a034ccdfa6ce19ee6dbb5df1ed4cceb8cc1e568b2f8f54863b71e3d12a803667,True,"{""weights"": ""VIT_BASE14"", ""weights_cache_path"": ""/home/yesong/.cache/torch/hub/checkpoints/panopticon_vitb14_teacher.pth"", ""weights_sha256"": ""55024f411a7f383ed1a646d9b833b65683a4443846603fc7d37591d5afe9d26e""}","{""artifact_path"": ""./data/EuroSATallBands.zip"", ""artifact_sha256"": ""751f070f9bffa2eed48b24ca2dd0b02959280c08837e8c9a5532a67ba611df59"", ""augmentations"": {""calibration"": ""none"", ""test"": ""none"", ""train"": ""none"", ""val"": ""none""}, ""channels"": [""B04"", ""B03"", ""B02""], ""class_names"": [""AnnualCrop"", ""Forest"", ""HerbaceousVegetation"", ""Highway"", ""Industrial"", ""Pasture"", ""PermanentCrop"", ""Residential"", ""River"", ""SeaLake""], ""download"": false, ""image_size"": 224, ""input_bands"": ""rgb"", ""name"": ""eurosat"", ""normalization"": {""mean"": [936.085209866211, 1031.3388562784282, 1111.4795678522003], ""method"": ""channelwise_standardization"", ""pixel_count_per_channel"": 77275136, ""raw_units"": ""Sentinel-2_L2A_DN"", ""sample_count"": 18866, ""statistics_manifest"": ""./splits/eurosat_70_10_10_10_spatial20m/eurosat_splits.csv"", ""statistics_split"": ""train"", ""std"": [589.387623763833, 388.3087839027959, 327.14241012761033]}, ""normalize"": true, ""num_classes"": 10, ""num_workers"": 4, ""root"": ""./data"", ""source"": ""torchgeo_all_bands"", ""split_manifest"": ""./splits/eurosat_70_10_10_10_spatial20m/eurosat_splits.csv"", ""split_manifest_sha256"": ""c5cadc7936394f0678307f7db25c55a2dc19f73ddb93891b772c16221e8abf22"", ""wavelength_source"": ""https://github.com/geobreeze/geobreeze/blob/main/geobreeze/datasets/metadata/sensors/sentinel2.yaml"", ""wavelengths_nm"": [664.6300422881802, 559.5987534818435, 492.9971095687347]}","{""backbone_learning_rate"": 0.001, ""batch_size"": 64, ""checkpoint"": {""metric"": ""nll"", ""mode"": ""min"", ""split"": ""val""}, ""early_stopping"": {""enabled"": true, ""min_delta"": 0.0, ""patience"": 10}, ""epochs"": 50, ""gradient_clipping"": {""enabled"": false}, ""head_learning_rate"": 0.001, ""layerwise_lr_decay"": {""enabled"": false}, ""learning_rate"": 0.001, ""limit_train_batches"": null, ""limit_val_batches"": null, ""optimizer"": {""name"": ""adamw""}, ""warmup"": {""enabled"": false, ""epochs"": 0, ""type"": ""linear""}, ""weight_decay"": 0.01}","{""actual_wavelength_units"": ""nanometers"", ""actual_wavelengths"": [664.6300422881802, 559.5987534818435, 492.9971095687347], ""adaptation_mode"": ""frozen"", ""freeze_backbone"": true, ""head"": {""architecture"": ""batchnorm_linear"", ""batchnorm_affine"": false, ""batchnorm_eps"": 1e-06, ""dropout"": 0.0}, ""name"": ""panopticon"", ""pretrained"": true, ""size"": ""base"", ""weights"": ""VIT_BASE14"", ""weights_cache_path"": ""/home/yesong/.cache/torch/hub/checkpoints/panopticon_vitb14_teacher.pth"", ""weights_sha256"": ""55024f411a7f383ed1a646d9b833b65683a4443846603fc7d37591d5afe9d26e""}"
classification,eurosat,panopticon,frozen,mc_dropout,42,42,INDIVIDUAL_SEED,20260826T130252227124Z_c5_mcd_eurosat_panopticon_frozen_seed42_ba0d13ac,/workspace/results/final_thesis/mc_dropout/classification/eurosat/panopticon/frozen/runs/20260826T130252227124Z_c5_mcd_eurosat_panopticon_frozen_seed42_ba0d13ac/best.pt,f7461b047946cf1ee7868bff7dfea5e61ceff54794f3e08f3cdbd6721c02b9fc,minimum validation NLL (earliest tie),multiclass image-level metrics,reports/mc_dropout_results.csv;results/final_thesis/mc_dropout/inference/classification/eurosat/panopticon/frozen/seed42/c5_audit.json,results/final_thesis/mc_dropout/inference/classification/eurosat/panopticon/frozen/seed42/predictions.parquet,True,8698821,results/final_thesis/mc_dropout/inference/classification/eurosat/panopticon/frozen/seed42/c5_audit.json,3f752d7596023599fb9c863b562da2add74c155c2fa75067c20289b9ed27a178,sha256:af23e14b2d75b8e64a69f582c35734075b5316873fc12c1f6e32af5e9e5890df,results/final_thesis/mc_dropout/classification/eurosat/panopticon/frozen/runs/20260826T130252227124Z_c5_mcd_eurosat_panopticon_frozen_seed42_ba0d13ac/resolved_config.yaml,461908b08578da510b40edcd4060666e4da54a41e6d7e0ce5ba00d9028c1bccd,3f02889656dfd2c6c3cb99e5cc1760c5eceaa842095f26884230a89ef4df913b,True,"{""weights"": ""VIT_BASE14"", ""weights_cache_path"": ""/home/yesong/.cache/torch/hub/checkpoints/panopticon_vitb14_teacher.pth"", ""weights_sha256"": ""55024f411a7f383ed1a646d9b833b65683a4443846603fc7d37591d5afe9d26e""}","{""artifact_path"": ""./data/EuroSATallBands.zip"", ""artifact_sha256"": ""751f070f9bffa2eed48b24ca2dd0b02959280c08837e8c9a5532a67ba611df59"", ""augmentations"": {""calibration"": ""none"", ""test"": ""none"", ""train"": ""none"", ""val"": ""none""}, ""channels"": [""B04"", ""B03"", ""B02""], ""class_names"": [""AnnualCrop"", ""Forest"", ""HerbaceousVegetation"", ""Highway"", ""Industrial"", ""Pasture"", ""PermanentCrop"", ""Residential"", ""River"", ""SeaLake""], ""download"": false, ""image_size"": 224, ""input_bands"": ""rgb"", ""name"": ""eurosat"", ""normalization"": {""mean"": [936.085209866211, 1031.3388562784282, 1111.4795678522003], ""method"": ""channelwise_standardization"", ""pixel_count_per_channel"": 77275136, ""raw_units"": ""Sentinel-2_L2A_DN"", ""sample_count"": 18866, ""statistics_manifest"": ""./splits/eurosat_70_10_10_10_spatial20m/eurosat_splits.csv"", ""statistics_split"": ""train"", ""std"": [589.387623763833, 388.3087839027959, 327.14241012761033]}, ""normalize"": true, ""num_classes"": 10, ""num_workers"": 4, ""root"": ""./data"", ""source"": ""torchgeo_all_bands"", ""split_manifest"": ""./splits/eurosat_70_10_10_10_spatial20m/eurosat_splits.csv"", ""split_manifest_sha256"": ""c5cadc7936394f0678307f7db25c55a2dc19f73ddb93891b772c16221e8abf22"", ""wavelength_source"": ""https://github.com/geobreeze/geobreeze/blob/main/geobreeze/datasets/metadata/sensors/sentinel2.yaml"", ""wavelengths_nm"": [664.6300422881802, 559.5987534818435, 492.9971095687347]}","{""backbone_learning_rate"": 0.001, ""batch_size"": 64, ""checkpoint"": {""metric"": ""nll"", ""mode"": ""min"", ""split"": ""val""}, ""early_stopping"": {""enabled"": true, ""min_delta"": 0.0, ""patience"": 10}, ""epochs"": 50, ""gradient_clipping"": {""enabled"": false}, ""head_learning_rate"": 0.001, ""layerwise_lr_decay"": {""enabled"": false}, ""learning_rate"": 0.001, ""limit_train_batches"": null, ""limit_val_batches"": null, ""optimizer"": {""name"": ""adamw""}, ""warmup"": {""enabled"": false, ""epochs"": 0, ""type"": ""linear""}, ""weight_decay"": 0.01}","{""actual_wavelength_units"": ""nanometers"", ""actual_wavelengths"": [664.6300422881802, 559.5987534818435, 492.9971095687347], ""adaptation_mode"": ""frozen"", ""freeze_backbone"": true, ""head"": {""architecture"": ""batchnorm_linear"", ""batchnorm_affine"": false, ""batchnorm_eps"": 1e-06, ""dropout"": 0.1}, ""name"": ""panopticon"", ""pretrained"": true, ""size"": ""base"", ""weights"": ""VIT_BASE14"", ""weights_cache_path"": ""/home/yesong/.cache/torch/hub/checkpoints/panopticon_vitb14_teacher.pth"", ""weights_sha256"": ""55024f411a7f383ed1a646d9b833b65683a4443846603fc7d37591d5afe9d26e""}"
classification,eurosat,panopticon,frozen,deep_ensemble,,42;43;44,ENSEMBLE,,,,N/A — post-hoc probability mean; members use minimum validation NLL,multiclass image-level metrics,reports/c3_classification_results.csv;results/final_thesis/c3_temperature_scaling_and_ensembles/classification/deep_ensembles/eurosat/panopticon/frozen/manifest.json,results/final_thesis/c3_temperature_scaling_and_ensembles/classification/deep_ensembles/eurosat/panopticon/frozen/ensemble_predictions.parquet,True,246222,results/final_thesis/c3_temperature_scaling_and_ensembles/classification/deep_ensembles/eurosat/panopticon/frozen/manifest.json,cd15e6838331c33b1c4c225ddeab7f726fd8dbd74d5f6575f8727cc03d90ebb6,sha256:af23e14b2d75b8e64a69f582c35734075b5316873fc12c1f6e32af5e9e5890df,,,,,,,,
classification,eurosat,panopticon,full_finetune,deterministic,42,42,INDIVIDUAL_SEED,20260815T210816909227Z_eurosat_panopticon_full_finetune_seed42_d280d48a,/workspace/results/baselines/panopticon_eurosat_full_finetune/runs/20260815T210816909227Z_eurosat_panopticon_full_finetune_seed42_d280d48a/best.pt,4ba12185c4f2ddd711fec6bf52daad7cd3f86b84787f78404526e10fd4963295,minimum validation NLL (earliest tie),multiclass image-level metrics,reports/c1_classification_run_audits/20260816T063820Z/c1_run_audit.json;results/baselines/panopticon_eurosat_full_finetune/runs/20260815T210816909227Z_eurosat_panopticon_full_finetune_seed42_d280d48a/run_summary.json,results/baselines/panopticon_eurosat_full_finetune/runs/20260815T210816909227Z_eurosat_panopticon_full_finetune_seed42_d280d48a/predictions/test/deterministic/predictions.parquet,True,8709538,results/baselines/panopticon_eurosat_full_finetune/runs/20260815T210816909227Z_eurosat_panopticon_full_finetune_seed42_d280d48a/predictions/test/deterministic/manifest.json,f3e03ddd6819c38e6c0511417c42d3c0b625ee694ba6dc03d61dcf496fa2c682,sha256:af23e14b2d75b8e64a69f582c35734075b5316873fc12c1f6e32af5e9e5890df,results/baselines/panopticon_eurosat_full_finetune/runs/20260815T210816909227Z_eurosat_panopticon_full_finetune_seed42_d280d48a/resolved_config.yaml,1be98158fc304d319d599c7c1f78b607f6ce36d79f27b0f0d660ac1954bee598,d4c7e9d07a9ee2f1b431bd06822fc4648a1f17f4bc6db8352dd65ce8b9e18c67,True,"{""weights"": ""VIT_BASE14"", ""weights_cache_path"": ""/home/yesong/.cache/torch/hub/checkpoints/panopticon_vitb14_teacher.pth"", ""weights_sha256"": ""55024f411a7f383ed1a646d9b833b65683a4443846603fc7d37591d5afe9d26e""}","{""artifact_path"": ""./data/EuroSATallBands.zip"", ""artifact_sha256"": ""751f070f9bffa2eed48b24ca2dd0b02959280c08837e8c9a5532a67ba611df59"", ""augmentations"": {""calibration"": ""none"", ""test"": ""none"", ""train"": ""none"", ""val"": ""none""}, ""channels"": [""B04"", ""B03"", ""B02""], ""class_names"": [""AnnualCrop"", ""Forest"", ""HerbaceousVegetation"", ""Highway"", ""Industrial"", ""Pasture"", ""PermanentCrop"", ""Residential"", ""River"", ""SeaLake""], ""download"": false, ""image_size"": 224, ""input_bands"": ""rgb"", ""name"": ""eurosat"", ""normalization"": {""mean"": [936.085209866211, 1031.3388562784282, 1111.4795678522003], ""method"": ""channelwise_standardization"", ""pixel_count_per_channel"": 77275136, ""raw_units"": ""Sentinel-2_L2A_DN"", ""sample_count"": 18866, ""statistics_manifest"": ""./splits/eurosat_70_10_10_10_spatial20m/eurosat_splits.csv"", ""statistics_split"": ""train"", ""std"": [589.387623763833, 388.3087839027959, 327.14241012761033]}, ""normalize"": true, ""num_classes"": 10, ""num_workers"": 4, ""root"": ""./data"", ""source"": ""torchgeo_all_bands"", ""split_manifest"": ""./splits/eurosat_70_10_10_10_spatial20m/eurosat_splits.csv"", ""split_manifest_sha256"": ""c5cadc7936394f0678307f7db25c55a2dc19f73ddb93891b772c16221e8abf22"", ""wavelength_source"": ""https://github.com/geobreeze/geobreeze/blob/main/geobreeze/datasets/metadata/sensors/sentinel2.yaml"", ""wavelengths_nm"": [664.6300422881802, 559.5987534818435, 492.9971095687347]}","{""backbone_learning_rate"": 0.0004, ""batch_size"": 64, ""checkpoint"": {""metric"": ""nll"", ""mode"": ""min"", ""split"": ""val""}, ""early_stopping"": {""enabled"": true, ""min_delta"": 0.0, ""patience"": 15}, ""epochs"": 100, ""gradient_clipping"": {""enabled"": false}, ""head_learning_rate"": 0.004, ""layerwise_lr_decay"": {""enabled"": false}, ""learning_rate"": 0.0004, ""limit_train_batches"": null, ""limit_val_batches"": null, ""optimizer"": {""name"": ""adamw""}, ""warmup"": {""enabled"": true, ""epochs"": 5, ""type"": ""linear""}, ""weight_decay"": 0.0}","{""actual_wavelength_units"": ""nanometers"", ""actual_wavelengths"": [664.6300422881802, 559.5987534818435, 492.9971095687347], ""adaptation_mode"": ""full_finetune"", ""expected_frozen_backbone_parameters"": [""model.patch_embed.chnfus.chnemb.embed_transmit"", ""model.patch_embed.chnfus.chnemb.embed_receive"", ""model.patch_embed.chnfus.chnemb.embed_orbit""], ""freeze_backbone"": false, ""head"": {""architecture"": ""batchnorm_linear"", ""batchnorm_affine"": false, ""batchnorm_eps"": 1e-06, ""dropout"": 0.0}, ""name"": ""panopticon"", ""pretrained"": true, ""size"": ""base"", ""weights"": ""VIT_BASE14"", ""weights_cache_path"": ""/home/yesong/.cache/torch/hub/checkpoints/panopticon_vitb14_teacher.pth"", ""weights_sha256"": ""55024f411a7f383ed1a646d9b833b65683a4443846603fc7d37591d5afe9d26e""}"
classification,eurosat,panopticon,full_finetune,deterministic,43,43,INDIVIDUAL_SEED,20260816T023205454878Z_eurosat_panopticon_full_finetune_seed43_e304fee6,/workspace/results/baselines/panopticon_eurosat_full_finetune/runs/20260816T023205454878Z_eurosat_panopticon_full_finetune_seed43_e304fee6/best.pt,90af253f259498e616dc829a485ff95f05a524ee219b197d91f00cf7cc7306ab,minimum validation NLL (earliest tie),multiclass image-level metrics,reports/c1_classification_run_audits/20260816T063820Z/c1_run_audit.json;results/baselines/panopticon_eurosat_full_finetune/runs/20260816T023205454878Z_eurosat_panopticon_full_finetune_seed43_e304fee6/run_summary.json,results/baselines/panopticon_eurosat_full_finetune/runs/20260816T023205454878Z_eurosat_panopticon_full_finetune_seed43_e304fee6/predictions/test/deterministic/predictions.parquet,True,8711378,results/baselines/panopticon_eurosat_full_finetune/runs/20260816T023205454878Z_eurosat_panopticon_full_finetune_seed43_e304fee6/predictions/test/deterministic/manifest.json,c705c8672400f681ff23c9ffba6b10d0cd4274222228b04f628364e4b29a9367,sha256:af23e14b2d75b8e64a69f582c35734075b5316873fc12c1f6e32af5e9e5890df,results/baselines/panopticon_eurosat_full_finetune/runs/20260816T023205454878Z_eurosat_panopticon_full_finetune_seed43_e304fee6/resolved_config.yaml,648245cc9eed50b7acc02353eacc5256914b890e7b36cecd84557e7c55ab5680,a034ccdfa6ce19ee6dbb5df1ed4cceb8cc1e568b2f8f54863b71e3d12a803667,True,"{""weights"": ""VIT_BASE14"", ""weights_cache_path"": ""/home/yesong/.cache/torch/hub/checkpoints/panopticon_vitb14_teacher.pth"", ""weights_sha256"": ""55024f411a7f383ed1a646d9b833b65683a4443846603fc7d37591d5afe9d26e""}","{""artifact_path"": ""./data/EuroSATallBands.zip"", ""artifact_sha256"": ""751f070f9bffa2eed48b24ca2dd0b02959280c08837e8c9a5532a67ba611df59"", ""augmentations"": {""calibration"": ""none"", ""test"": ""none"", ""train"": ""none"", ""val"": ""none""}, ""channels"": [""B04"", ""B03"", ""B02""], ""class_names"": [""AnnualCrop"", ""Forest"", ""HerbaceousVegetation"", ""Highway"", ""Industrial"", ""Pasture"", ""PermanentCrop"", ""Residential"", ""River"", ""SeaLake""], ""download"": false, ""image_size"": 224, ""input_bands"": ""rgb"", ""name"": ""eurosat"", ""normalization"": {""mean"": [936.085209866211, 1031.3388562784282, 1111.4795678522003], ""method"": ""channelwise_standardization"", ""pixel_count_per_channel"": 77275136, ""raw_units"": ""Sentinel-2_L2A_DN"", ""sample_count"": 18866, ""statistics_manifest"": ""./splits/eurosat_70_10_10_10_spatial20m/eurosat_splits.csv"", ""statistics_split"": ""train"", ""std"": [589.387623763833, 388.3087839027959, 327.14241012761033]}, ""normalize"": true, ""num_classes"": 10, ""num_workers"": 4, ""root"": ""./data"", ""source"": ""torchgeo_all_bands"", ""split_manifest"": ""./splits/eurosat_70_10_10_10_spatial20m/eurosat_splits.csv"", ""split_manifest_sha256"": ""c5cadc7936394f0678307f7db25c55a2dc19f73ddb93891b772c16221e8abf22"", ""wavelength_source"": ""https://github.com/geobreeze/geobreeze/blob/main/geobreeze/datasets/metadata/sensors/sentinel2.yaml"", ""wavelengths_nm"": [664.6300422881802, 559.5987534818435, 492.9971095687347]}","{""backbone_learning_rate"": 0.0004, ""batch_size"": 64, ""checkpoint"": {""metric"": ""nll"", ""mode"": ""min"", ""split"": ""val""}, ""early_stopping"": {""enabled"": true, ""min_delta"": 0.0, ""patience"": 15}, ""epochs"": 100, ""gradient_clipping"": {""enabled"": false}, ""head_learning_rate"": 0.004, ""layerwise_lr_decay"": {""enabled"": false}, ""learning_rate"": 0.0004, ""limit_train_batches"": null, ""limit_val_batches"": null, ""optimizer"": {""name"": ""adamw""}, ""warmup"": {""enabled"": true, ""epochs"": 5, ""type"": ""linear""}, ""weight_decay"": 0.0}","{""actual_wavelength_units"": ""nanometers"", ""actual_wavelengths"": [664.6300422881802, 559.5987534818435, 492.9971095687347], ""adaptation_mode"": ""full_finetune"", ""expected_frozen_backbone_parameters"": [""model.patch_embed.chnfus.chnemb.embed_transmit"", ""model.patch_embed.chnfus.chnemb.embed_receive"", ""model.patch_embed.chnfus.chnemb.embed_orbit""], ""freeze_backbone"": false, ""head"": {""architecture"": ""batchnorm_linear"", ""batchnorm_affine"": false, ""batchnorm_eps"": 1e-06, ""dropout"": 0.0}, ""name"": ""panopticon"", ""pretrained"": true, ""size"": ""base"", ""weights"": ""VIT_BASE14"", ""weights_cache_path"": ""/home/yesong/.cache/torch/hub/checkpoints/panopticon_vitb14_teacher.pth"", ""weights_sha256"": ""55024f411a7f383ed1a646d9b833b65683a4443846603fc7d37591d5afe9d26e""}"
classification,eurosat,panopticon,full_finetune,deterministic,44,44,INDIVIDUAL_SEED,20260816T034514128137Z_eurosat_panopticon_full_finetune_seed44_0883c676,/workspace/results/baselines/panopticon_eurosat_full_finetune/runs/20260816T034514128137Z_eurosat_panopticon_full_finetune_seed44_0883c676/best.pt,2b5b0789f1343fd2cc02bf1a457c4c2c7e756b3b3c44d666a36f233d3559901b,minimum validation NLL (earliest tie),multiclass image-level metrics,reports/c1_classification_run_audits/20260816T063820Z/c1_run_audit.json;results/baselines/panopticon_eurosat_full_finetune/runs/20260816T034514128137Z_eurosat_panopticon_full_finetune_seed44_0883c676/run_summary.json,results/baselines/panopticon_eurosat_full_finetune/runs/20260816T034514128137Z_eurosat_panopticon_full_finetune_seed44_0883c676/predictions/test/deterministic/predictions.parquet,True,8700863,results/baselines/panopticon_eurosat_full_finetune/runs/20260816T034514128137Z_eurosat_panopticon_full_finetune_seed44_0883c676/predictions/test/deterministic/manifest.json,084c8121684d4b9c8eb839b45ac9b192d9cdee87499ee3643329d00f077c75d6,sha256:af23e14b2d75b8e64a69f582c35734075b5316873fc12c1f6e32af5e9e5890df,results/baselines/panopticon_eurosat_full_finetune/runs/20260816T034514128137Z_eurosat_panopticon_full_finetune_seed44_0883c676/resolved_config.yaml,8262d276d950afc518f86d75521fff376c9bb957579a3ad06c933b80b64a698c,a034ccdfa6ce19ee6dbb5df1ed4cceb8cc1e568b2f8f54863b71e3d12a803667,True,"{""weights"": ""VIT_BASE14"", ""weights_cache_path"": ""/home/yesong/.cache/torch/hub/checkpoints/panopticon_vitb14_teacher.pth"", ""weights_sha256"": ""55024f411a7f383ed1a646d9b833b65683a4443846603fc7d37591d5afe9d26e""}","{""artifact_path"": ""./data/EuroSATallBands.zip"", ""artifact_sha256"": ""751f070f9bffa2eed48b24ca2dd0b02959280c08837e8c9a5532a67ba611df59"", ""augmentations"": {""calibration"": ""none"", ""test"": ""none"", ""train"": ""none"", ""val"": ""none""}, ""channels"": [""B04"", ""B03"", ""B02""], ""class_names"": [""AnnualCrop"", ""Forest"", ""HerbaceousVegetation"", ""Highway"", ""Industrial"", ""Pasture"", ""PermanentCrop"", ""Residential"", ""River"", ""SeaLake""], ""download"": false, ""image_size"": 224, ""input_bands"": ""rgb"", ""name"": ""eurosat"", ""normalization"": {""mean"": [936.085209866211, 1031.3388562784282, 1111.4795678522003], ""method"": ""channelwise_standardization"", ""pixel_count_per_channel"": 77275136, ""raw_units"": ""Sentinel-2_L2A_DN"", ""sample_count"": 18866, ""statistics_manifest"": ""./splits/eurosat_70_10_10_10_spatial20m/eurosat_splits.csv"", ""statistics_split"": ""train"", ""std"": [589.387623763833, 388.3087839027959, 327.14241012761033]}, ""normalize"": true, ""num_classes"": 10, ""num_workers"": 4, ""root"": ""./data"", ""source"": ""torchgeo_all_bands"", ""split_manifest"": ""./splits/eurosat_70_10_10_10_spatial20m/eurosat_splits.csv"", ""split_manifest_sha256"": ""c5cadc7936394f0678307f7db25c55a2dc19f73ddb93891b772c16221e8abf22"", ""wavelength_source"": ""https://github.com/geobreeze/geobreeze/blob/main/geobreeze/datasets/metadata/sensors/sentinel2.yaml"", ""wavelengths_nm"": [664.6300422881802, 559.5987534818435, 492.9971095687347]}","{""backbone_learning_rate"": 0.0004, ""batch_size"": 64, ""checkpoint"": {""metric"": ""nll"", ""mode"": ""min"", ""split"": ""val""}, ""early_stopping"": {""enabled"": true, ""min_delta"": 0.0, ""patience"": 15}, ""epochs"": 100, ""gradient_clipping"": {""enabled"": false}, ""head_learning_rate"": 0.004, ""layerwise_lr_decay"": {""enabled"": false}, ""learning_rate"": 0.0004, ""limit_train_batches"": null, ""limit_val_batches"": null, ""optimizer"": {""name"": ""adamw""}, ""warmup"": {""enabled"": true, ""epochs"": 5, ""type"": ""linear""}, ""weight_decay"": 0.0}","{""actual_wavelength_units"": ""nanometers"", ""actual_wavelengths"": [664.6300422881802, 559.5987534818435, 492.9971095687347], ""adaptation_mode"": ""full_finetune"", ""expected_frozen_backbone_parameters"": [""model.patch_embed.chnfus.chnemb.embed_transmit"", ""model.patch_embed.chnfus.chnemb.embed_receive"", ""model.patch_embed.chnfus.chnemb.embed_orbit""], ""freeze_backbone"": false, ""head"": {""architecture"": ""batchnorm_linear"", ""batchnorm_affine"": false, ""batchnorm_eps"": 1e-06, ""dropout"": 0.0}, ""name"": ""panopticon"", ""pretrained"": true, ""size"": ""base"", ""weights"": ""VIT_BASE14"", ""weights_cache_path"": ""/home/yesong/.cache/torch/hub/checkpoints/panopticon_vitb14_teacher.pth"", ""weights_sha256"": ""55024f411a7f383ed1a646d9b833b65683a4443846603fc7d37591d5afe9d26e""}"
classification,eurosat,panopticon,full_finetune,temperature_scaling,42,42,INDIVIDUAL_SEED,20260815T210816909227Z_eurosat_panopticon_full_finetune_seed42_d280d48a,/workspace/results/baselines/panopticon_eurosat_full_finetune/runs/20260815T210816909227Z_eurosat_panopticon_full_finetune_seed42_d280d48a/best.pt,4ba12185c4f2ddd711fec6bf52daad7cd3f86b84787f78404526e10fd4963295,minimum validation NLL; scalar T minimizes dedicated calibration-split multiclass NLL,multiclass image-level metrics,reports/c3_classification_results.csv;results/final_thesis/c3_temperature_scaling_and_ensembles/classification/temperature_scaling/eurosat/panopticon/full_finetune/seed42/metrics_and_manifest.json,results/final_thesis/c3_temperature_scaling_and_ensembles/classification/temperature_scaling/eurosat/panopticon/full_finetune/seed42/test_predictions.parquet,True,738140,results/final_thesis/c3_temperature_scaling_and_ensembles/classification/temperature_scaling/eurosat/panopticon/full_finetune/seed42/metrics_and_manifest.json,adb54be3fb09d369a4efcbec37bd516fc1cbc753340a4537000ac3c5507691bd,sha256:af23e14b2d75b8e64a69f582c35734075b5316873fc12c1f6e32af5e9e5890df,results/baselines/panopticon_eurosat_full_finetune/runs/20260815T210816909227Z_eurosat_panopticon_full_finetune_seed42_d280d48a/resolved_config.yaml,1be98158fc304d319d599c7c1f78b607f6ce36d79f27b0f0d660ac1954bee598,d4c7e9d07a9ee2f1b431bd06822fc4648a1f17f4bc6db8352dd65ce8b9e18c67,True,"{""weights"": ""VIT_BASE14"", ""weights_cache_path"": ""/home/yesong/.cache/torch/hub/checkpoints/panopticon_vitb14_teacher.pth"", ""weights_sha256"": ""55024f411a7f383ed1a646d9b833b65683a4443846603fc7d37591d5afe9d26e""}","{""artifact_path"": ""./data/EuroSATallBands.zip"", ""artifact_sha256"": ""751f070f9bffa2eed48b24ca2dd0b02959280c08837e8c9a5532a67ba611df59"", ""augmentations"": {""calibration"": ""none"", ""test"": ""none"", ""train"": ""none"", ""val"": ""none""}, ""channels"": [""B04"", ""B03"", ""B02""], ""class_names"": [""AnnualCrop"", ""Forest"", ""HerbaceousVegetation"", ""Highway"", ""Industrial"", ""Pasture"", ""PermanentCrop"", ""Residential"", ""River"", ""SeaLake""], ""download"": false, ""image_size"": 224, ""input_bands"": ""rgb"", ""name"": ""eurosat"", ""normalization"": {""mean"": [936.085209866211, 1031.3388562784282, 1111.4795678522003], ""method"": ""channelwise_standardization"", ""pixel_count_per_channel"": 77275136, ""raw_units"": ""Sentinel-2_L2A_DN"", ""sample_count"": 18866, ""statistics_manifest"": ""./splits/eurosat_70_10_10_10_spatial20m/eurosat_splits.csv"", ""statistics_split"": ""train"", ""std"": [589.387623763833, 388.3087839027959, 327.14241012761033]}, ""normalize"": true, ""num_classes"": 10, ""num_workers"": 4, ""root"": ""./data"", ""source"": ""torchgeo_all_bands"", ""split_manifest"": ""./splits/eurosat_70_10_10_10_spatial20m/eurosat_splits.csv"", ""split_manifest_sha256"": ""c5cadc7936394f0678307f7db25c55a2dc19f73ddb93891b772c16221e8abf22"", ""wavelength_source"": ""https://github.com/geobreeze/geobreeze/blob/main/geobreeze/datasets/metadata/sensors/sentinel2.yaml"", ""wavelengths_nm"": [664.6300422881802, 559.5987534818435, 492.9971095687347]}","{""backbone_learning_rate"": 0.0004, ""batch_size"": 64, ""checkpoint"": {""metric"": ""nll"", ""mode"": ""min"", ""split"": ""val""}, ""early_stopping"": {""enabled"": true, ""min_delta"": 0.0, ""patience"": 15}, ""epochs"": 100, ""gradient_clipping"": {""enabled"": false}, ""head_learning_rate"": 0.004, ""layerwise_lr_decay"": {""enabled"": false}, ""learning_rate"": 0.0004, ""limit_train_batches"": null, ""limit_val_batches"": null, ""optimizer"": {""name"": ""adamw""}, ""warmup"": {""enabled"": true, ""epochs"": 5, ""type"": ""linear""}, ""weight_decay"": 0.0}","{""actual_wavelength_units"": ""nanometers"", ""actual_wavelengths"": [664.6300422881802, 559.5987534818435, 492.9971095687347], ""adaptation_mode"": ""full_finetune"", ""expected_frozen_backbone_parameters"": [""model.patch_embed.chnfus.chnemb.embed_transmit"", ""model.patch_embed.chnfus.chnemb.embed_receive"", ""model.patch_embed.chnfus.chnemb.embed_orbit""], ""freeze_backbone"": false, ""head"": {""architecture"": ""batchnorm_linear"", ""batchnorm_affine"": false, ""batchnorm_eps"": 1e-06, ""dropout"": 0.0}, ""name"": ""panopticon"", ""pretrained"": true, ""size"": ""base"", ""weights"": ""VIT_BASE14"", ""weights_cache_path"": ""/home/yesong/.cache/torch/hub/checkpoints/panopticon_vitb14_teacher.pth"", ""weights_sha256"": ""55024f411a7f383ed1a646d9b833b65683a4443846603fc7d37591d5afe9d26e""}"
classification,eurosat,panopticon,full_finetune,temperature_scaling,43,43,INDIVIDUAL_SEED,20260816T023205454878Z_eurosat_panopticon_full_finetune_seed43_e304fee6,/workspace/results/baselines/panopticon_eurosat_full_finetune/runs/20260816T023205454878Z_eurosat_panopticon_full_finetune_seed43_e304fee6/best.pt,90af253f259498e616dc829a485ff95f05a524ee219b197d91f00cf7cc7306ab,minimum validation NLL; scalar T minimizes dedicated calibration-split multiclass NLL,multiclass image-level metrics,reports/c3_classification_results.csv;results/final_thesis/c3_temperature_scaling_and_ensembles/classification/temperature_scaling/eurosat/panopticon/full_finetune/seed43/metrics_and_manifest.json,results/final_thesis/c3_temperature_scaling_and_ensembles/classification/temperature_scaling/eurosat/panopticon/full_finetune/seed43/test_predictions.parquet,True,738798,results/final_thesis/c3_temperature_scaling_and_ensembles/classification/temperature_scaling/eurosat/panopticon/full_finetune/seed43/metrics_and_manifest.json,04aa8900a0787af2a10098dfb3c4c0835ec5726d4c0bf987852f084a4216260d,sha256:af23e14b2d75b8e64a69f582c35734075b5316873fc12c1f6e32af5e9e5890df,results/baselines/panopticon_eurosat_full_finetune/runs/20260816T023205454878Z_eurosat_panopticon_full_finetune_seed43_e304fee6/resolved_config.yaml,648245cc9eed50b7acc02353eacc5256914b890e7b36cecd84557e7c55ab5680,a034ccdfa6ce19ee6dbb5df1ed4cceb8cc1e568b2f8f54863b71e3d12a803667,True,"{""weights"": ""VIT_BASE14"", ""weights_cache_path"": ""/home/yesong/.cache/torch/hub/checkpoints/panopticon_vitb14_teacher.pth"", ""weights_sha256"": ""55024f411a7f383ed1a646d9b833b65683a4443846603fc7d37591d5afe9d26e""}","{""artifact_path"": ""./data/EuroSATallBands.zip"", ""artifact_sha256"": ""751f070f9bffa2eed48b24ca2dd0b02959280c08837e8c9a5532a67ba611df59"", ""augmentations"": {""calibration"": ""none"", ""test"": ""none"", ""train"": ""none"", ""val"": ""none""}, ""channels"": [""B04"", ""B03"", ""B02""], ""class_names"": [""AnnualCrop"", ""Forest"", ""HerbaceousVegetation"", ""Highway"", ""Industrial"", ""Pasture"", ""PermanentCrop"", ""Residential"", ""River"", ""SeaLake""], ""download"": false, ""image_size"": 224, ""input_bands"": ""rgb"", ""name"": ""eurosat"", ""normalization"": {""mean"": [936.085209866211, 1031.3388562784282, 1111.4795678522003], ""method"": ""channelwise_standardization"", ""pixel_count_per_channel"": 77275136, ""raw_units"": ""Sentinel-2_L2A_DN"", ""sample_count"": 18866, ""statistics_manifest"": ""./splits/eurosat_70_10_10_10_spatial20m/eurosat_splits.csv"", ""statistics_split"": ""train"", ""std"": [589.387623763833, 388.3087839027959, 327.14241012761033]}, ""normalize"": true, ""num_classes"": 10, ""num_workers"": 4, ""root"": ""./data"", ""source"": ""torchgeo_all_bands"", ""split_manifest"": ""./splits/eurosat_70_10_10_10_spatial20m/eurosat_splits.csv"", ""split_manifest_sha256"": ""c5cadc7936394f0678307f7db25c55a2dc19f73ddb93891b772c16221e8abf22"", ""wavelength_source"": ""https://github.com/geobreeze/geobreeze/blob/main/geobreeze/datasets/metadata/sensors/sentinel2.yaml"", ""wavelengths_nm"": [664.6300422881802, 559.5987534818435, 492.9971095687347]}","{""backbone_learning_rate"": 0.0004, ""batch_size"": 64, ""checkpoint"": {""metric"": ""nll"", ""mode"": ""min"", ""split"": ""val""}, ""early_stopping"": {""enabled"": true, ""min_delta"": 0.0, ""patience"": 15}, ""epochs"": 100, ""gradient_clipping"": {""enabled"": false}, ""head_learning_rate"": 0.004, ""layerwise_lr_decay"": {""enabled"": false}, ""learning_rate"": 0.0004, ""limit_train_batches"": null, ""limit_val_batches"": null, ""optimizer"": {""name"": ""adamw""}, ""warmup"": {""enabled"": true, ""epochs"": 5, ""type"": ""linear""}, ""weight_decay"": 0.0}","{""actual_wavelength_units"": ""nanometers"", ""actual_wavelengths"": [664.6300422881802, 559.5987534818435, 492.9971095687347], ""adaptation_mode"": ""full_finetune"", ""expected_frozen_backbone_parameters"": [""model.patch_embed.chnfus.chnemb.embed_transmit"", ""model.patch_embed.chnfus.chnemb.embed_receive"", ""model.patch_embed.chnfus.chnemb.embed_orbit""], ""freeze_backbone"": false, ""head"": {""architecture"": ""batchnorm_linear"", ""batchnorm_affine"": false, ""batchnorm_eps"": 1e-06, ""dropout"": 0.0}, ""name"": ""panopticon"", ""pretrained"": true, ""size"": ""base"", ""weights"": ""VIT_BASE14"", ""weights_cache_path"": ""/home/yesong/.cache/torch/hub/checkpoints/panopticon_vitb14_teacher.pth"", ""weights_sha256"": ""55024f411a7f383ed1a646d9b833b65683a4443846603fc7d37591d5afe9d26e""}"
classification,eurosat,panopticon,full_finetune,temperature_scaling,44,44,INDIVIDUAL_SEED,20260816T034514128137Z_eurosat_panopticon_full_finetune_seed44_0883c676,/workspace/results/baselines/panopticon_eurosat_full_finetune/runs/20260816T034514128137Z_eurosat_panopticon_full_finetune_seed44_0883c676/best.pt,2b5b0789f1343fd2cc02bf1a457c4c2c7e756b3b3c44d666a36f233d3559901b,minimum validation NLL; scalar T minimizes dedicated calibration-split multiclass NLL,multiclass image-level metrics,reports/c3_classification_results.csv;results/final_thesis/c3_temperature_scaling_and_ensembles/classification/temperature_scaling/eurosat/panopticon/full_finetune/seed44/metrics_and_manifest.json,results/final_thesis/c3_temperature_scaling_and_ensembles/classification/temperature_scaling/eurosat/panopticon/full_finetune/seed44/test_predictions.parquet,True,739836,results/final_thesis/c3_temperature_scaling_and_ensembles/classification/temperature_scaling/eurosat/panopticon/full_finetune/seed44/metrics_and_manifest.json,63fdeff1409b04f05c1a957021ac2fade491024fcf4718dadd0eb9d4bd9bd7bc,sha256:af23e14b2d75b8e64a69f582c35734075b5316873fc12c1f6e32af5e9e5890df,results/baselines/panopticon_eurosat_full_finetune/runs/20260816T034514128137Z_eurosat_panopticon_full_finetune_seed44_0883c676/resolved_config.yaml,8262d276d950afc518f86d75521fff376c9bb957579a3ad06c933b80b64a698c,a034ccdfa6ce19ee6dbb5df1ed4cceb8cc1e568b2f8f54863b71e3d12a803667,True,"{""weights"": ""VIT_BASE14"", ""weights_cache_path"": ""/home/yesong/.cache/torch/hub/checkpoints/panopticon_vitb14_teacher.pth"", ""weights_sha256"": ""55024f411a7f383ed1a646d9b833b65683a4443846603fc7d37591d5afe9d26e""}","{""artifact_path"": ""./data/EuroSATallBands.zip"", ""artifact_sha256"": ""751f070f9bffa2eed48b24ca2dd0b02959280c08837e8c9a5532a67ba611df59"", ""augmentations"": {""calibration"": ""none"", ""test"": ""none"", ""train"": ""none"", ""val"": ""none""}, ""channels"": [""B04"", ""B03"", ""B02""], ""class_names"": [""AnnualCrop"", ""Forest"", ""HerbaceousVegetation"", ""Highway"", ""Industrial"", ""Pasture"", ""PermanentCrop"", ""Residential"", ""River"", ""SeaLake""], ""download"": false, ""image_size"": 224, ""input_bands"": ""rgb"", ""name"": ""eurosat"", ""normalization"": {""mean"": [936.085209866211, 1031.3388562784282, 1111.4795678522003], ""method"": ""channelwise_standardization"", ""pixel_count_per_channel"": 77275136, ""raw_units"": ""Sentinel-2_L2A_DN"", ""sample_count"": 18866, ""statistics_manifest"": ""./splits/eurosat_70_10_10_10_spatial20m/eurosat_splits.csv"", ""statistics_split"": ""train"", ""std"": [589.387623763833, 388.3087839027959, 327.14241012761033]}, ""normalize"": true, ""num_classes"": 10, ""num_workers"": 4, ""root"": ""./data"", ""source"": ""torchgeo_all_bands"", ""split_manifest"": ""./splits/eurosat_70_10_10_10_spatial20m/eurosat_splits.csv"", ""split_manifest_sha256"": ""c5cadc7936394f0678307f7db25c55a2dc19f73ddb93891b772c16221e8abf22"", ""wavelength_source"": ""https://github.com/geobreeze/geobreeze/blob/main/geobreeze/datasets/metadata/sensors/sentinel2.yaml"", ""wavelengths_nm"": [664.6300422881802, 559.5987534818435, 492.9971095687347]}","{""backbone_learning_rate"": 0.0004, ""batch_size"": 64, ""checkpoint"": {""metric"": ""nll"", ""mode"": ""min"", ""split"": ""val""}, ""early_stopping"": {""enabled"": true, ""min_delta"": 0.0, ""patience"": 15}, ""epochs"": 100, ""gradient_clipping"": {""enabled"": false}, ""head_learning_rate"": 0.004, ""layerwise_lr_decay"": {""enabled"": false}, ""learning_rate"": 0.0004, ""limit_train_batches"": null, ""limit_val_batches"": null, ""optimizer"": {""name"": ""adamw""}, ""warmup"": {""enabled"": true, ""epochs"": 5, ""type"": ""linear""}, ""weight_decay"": 0.0}","{""actual_wavelength_units"": ""nanometers"", ""actual_wavelengths"": [664.6300422881802, 559.5987534818435, 492.9971095687347], ""adaptation_mode"": ""full_finetune"", ""expected_frozen_backbone_parameters"": [""model.patch_embed.chnfus.chnemb.embed_transmit"", ""model.patch_embed.chnfus.chnemb.embed_receive"", ""model.patch_embed.chnfus.chnemb.embed_orbit""], ""freeze_backbone"": false, ""head"": {""architecture"": ""batchnorm_linear"", ""batchnorm_affine"": false, ""batchnorm_eps"": 1e-06, ""dropout"": 0.0}, ""name"": ""panopticon"", ""pretrained"": true, ""size"": ""base"", ""weights"": ""VIT_BASE14"", ""weights_cache_path"": ""/home/yesong/.cache/torch/hub/checkpoints/panopticon_vitb14_teacher.pth"", ""weights_sha256"": ""55024f411a7f383ed1a646d9b833b65683a4443846603fc7d37591d5afe9d26e""}"
classification,eurosat,panopticon,full_finetune,mc_dropout,42,42,INDIVIDUAL_SEED,20260826T121529608269Z_c5_mcd_eurosat_panopticon_full_finetune_seed42_25cdb219,/workspace/results/final_thesis/mc_dropout/classification/eurosat/panopticon/full_finetune/runs/20260826T121529608269Z_c5_mcd_eurosat_panopticon_full_finetune_seed42_25cdb219/best.pt,9ef59ec99f4d56df19e39d6ab9d4bed3b308950e79c29d02782aef78422b2a57,minimum validation NLL (earliest tie),multiclass image-level metrics,reports/mc_dropout_results.csv;results/final_thesis/mc_dropout/inference/classification/eurosat/panopticon/full_finetune/seed42/c5_audit.json,results/final_thesis/mc_dropout/inference/classification/eurosat/panopticon/full_finetune/seed42/predictions.parquet,True,8698965,results/final_thesis/mc_dropout/inference/classification/eurosat/panopticon/full_finetune/seed42/c5_audit.json,5b1fc4a6d93147019b2aa5012db9d744f87747cb6777d99225580ad5b0844765,sha256:af23e14b2d75b8e64a69f582c35734075b5316873fc12c1f6e32af5e9e5890df,results/final_thesis/mc_dropout/classification/eurosat/panopticon/full_finetune/runs/20260826T121529608269Z_c5_mcd_eurosat_panopticon_full_finetune_seed42_25cdb219/resolved_config.yaml,cff8af798c3d71d0551ae98fc86ee4b78c797d0ed9d85b36901811b346b7274b,3f02889656dfd2c6c3cb99e5cc1760c5eceaa842095f26884230a89ef4df913b,True,"{""weights"": ""VIT_BASE14"", ""weights_cache_path"": ""/home/yesong/.cache/torch/hub/checkpoints/panopticon_vitb14_teacher.pth"", ""weights_sha256"": ""55024f411a7f383ed1a646d9b833b65683a4443846603fc7d37591d5afe9d26e""}","{""artifact_path"": ""./data/EuroSATallBands.zip"", ""artifact_sha256"": ""751f070f9bffa2eed48b24ca2dd0b02959280c08837e8c9a5532a67ba611df59"", ""augmentations"": {""calibration"": ""none"", ""test"": ""none"", ""train"": ""none"", ""val"": ""none""}, ""channels"": [""B04"", ""B03"", ""B02""], ""class_names"": [""AnnualCrop"", ""Forest"", ""HerbaceousVegetation"", ""Highway"", ""Industrial"", ""Pasture"", ""PermanentCrop"", ""Residential"", ""River"", ""SeaLake""], ""download"": false, ""image_size"": 224, ""input_bands"": ""rgb"", ""name"": ""eurosat"", ""normalization"": {""mean"": [936.085209866211, 1031.3388562784282, 1111.4795678522003], ""method"": ""channelwise_standardization"", ""pixel_count_per_channel"": 77275136, ""raw_units"": ""Sentinel-2_L2A_DN"", ""sample_count"": 18866, ""statistics_manifest"": ""./splits/eurosat_70_10_10_10_spatial20m/eurosat_splits.csv"", ""statistics_split"": ""train"", ""std"": [589.387623763833, 388.3087839027959, 327.14241012761033]}, ""normalize"": true, ""num_classes"": 10, ""num_workers"": 4, ""root"": ""./data"", ""source"": ""torchgeo_all_bands"", ""split_manifest"": ""./splits/eurosat_70_10_10_10_spatial20m/eurosat_splits.csv"", ""split_manifest_sha256"": ""c5cadc7936394f0678307f7db25c55a2dc19f73ddb93891b772c16221e8abf22"", ""wavelength_source"": ""https://github.com/geobreeze/geobreeze/blob/main/geobreeze/datasets/metadata/sensors/sentinel2.yaml"", ""wavelengths_nm"": [664.6300422881802, 559.5987534818435, 492.9971095687347]}","{""backbone_learning_rate"": 0.0004, ""batch_size"": 64, ""checkpoint"": {""metric"": ""nll"", ""mode"": ""min"", ""split"": ""val""}, ""early_stopping"": {""enabled"": true, ""min_delta"": 0.0, ""patience"": 15}, ""epochs"": 100, ""gradient_clipping"": {""enabled"": false}, ""head_learning_rate"": 0.004, ""layerwise_lr_decay"": {""enabled"": false}, ""learning_rate"": 0.0004, ""limit_train_batches"": null, ""limit_val_batches"": null, ""optimizer"": {""name"": ""adamw""}, ""warmup"": {""enabled"": true, ""epochs"": 5, ""type"": ""linear""}, ""weight_decay"": 0.0}","{""actual_wavelength_units"": ""nanometers"", ""actual_wavelengths"": [664.6300422881802, 559.5987534818435, 492.9971095687347], ""adaptation_mode"": ""full_finetune"", ""expected_frozen_backbone_parameters"": [""model.patch_embed.chnfus.chnemb.embed_transmit"", ""model.patch_embed.chnfus.chnemb.embed_receive"", ""model.patch_embed.chnfus.chnemb.embed_orbit""], ""freeze_backbone"": false, ""head"": {""architecture"": ""batchnorm_linear"", ""batchnorm_affine"": false, ""batchnorm_eps"": 1e-06, ""dropout"": 0.1}, ""name"": ""panopticon"", ""pretrained"": true, ""size"": ""base"", ""weights"": ""VIT_BASE14"", ""weights_cache_path"": ""/home/yesong/.cache/torch/hub/checkpoints/panopticon_vitb14_teacher.pth"", ""weights_sha256"": ""55024f411a7f383ed1a646d9b833b65683a4443846603fc7d37591d5afe9d26e""}"
classification,eurosat,panopticon,full_finetune,deep_ensemble,,42;43;44,ENSEMBLE,,,,N/A — post-hoc probability mean; members use minimum validation NLL,multiclass image-level metrics,reports/c3_classification_results.csv;results/final_thesis/c3_temperature_scaling_and_ensembles/classification/deep_ensembles/eurosat/panopticon/full_finetune/manifest.json,results/final_thesis/c3_temperature_scaling_and_ensembles/classification/deep_ensembles/eurosat/panopticon/full_finetune/ensemble_predictions.parquet,True,265901,results/final_thesis/c3_temperature_scaling_and_ensembles/classification/deep_ensembles/eurosat/panopticon/full_finetune/manifest.json,ee03117f2a5689145d64de150122973823b3499e1374b37a2d7f1ae714d927de,sha256:af23e14b2d75b8e64a69f582c35734075b5316873fc12c1f6e32af5e9e5890df,,,,,,,,
classification,treesatai,dofa,frozen,deterministic,42,42,INDIVIDUAL_SEED,20260815T202926010453Z_treesatai_dofa_frozen_seed42_3dae0e5b,/workspace/results/final_thesis/classification/treesatai_frozen/runs/20260815T202926010453Z_treesatai_dofa_frozen_seed42_3dae0e5b/best.pt,53b66d8b46305777f6f3a933c0efc8ced3609b7a5e364c05b632f6ab601eafe8,minimum validation NLL (earliest tie),multilabel: accuracy=strict exact match; NLL/Brier average sample-label decisions; ECE-15 flattened binary decisions,reports/c1_classification_run_audits/20260816T063820Z/c1_run_audit.json;results/final_thesis/classification/treesatai_frozen/runs/20260815T202926010453Z_treesatai_dofa_frozen_seed42_3dae0e5b/run_summary.json,results/final_thesis/classification/treesatai_frozen/runs/20260815T202926010453Z_treesatai_dofa_frozen_seed42_3dae0e5b/predictions/test/deterministic/predictions.parquet,True,6709661,results/final_thesis/classification/treesatai_frozen/runs/20260815T202926010453Z_treesatai_dofa_frozen_seed42_3dae0e5b/predictions/test/deterministic/manifest.json,a32bd4c9b4d56663fa995c3da0dc1ba584eeb64bf1d57c5b80fb9c68bc5d1f10,sha256:af23e14b2d75b8e64a69f582c35734075b5316873fc12c1f6e32af5e9e5890df,results/final_thesis/classification/treesatai_frozen/runs/20260815T202926010453Z_treesatai_dofa_frozen_seed42_3dae0e5b/resolved_config.yaml,a5b27ab551778e6f79392d9299d1136ff41835a1834441c1554602c2b5615106,d4c7e9d07a9ee2f1b431bd06822fc4648a1f17f4bc6db8352dd65ce8b9e18c67,True,"{""weights_path"": ""./DOFA/checkpoints/DOFA_ViT_base_e100.pth"", ""weights_sha256"": ""4720985e42b918ac0307009eb06121a3435d9bbce6fd95446f84824a538165b1""}","{""artifact_path"": ""./datasets/treesatai/geobench_treesatai.tortilla"", ""artifact_sha256"": ""0ddb8068720242ad4f5931ea91f3459ed695ad490bbaa48905afe72dd9623aee"", ""augmentations"": {""calibration"": ""none"", ""test"": ""none"", ""train"": ""none"", ""val"": ""none""}, ""channels"": [""B02"", ""B03"", ""B04"", ""B08"", ""B05"", ""B06"", ""B07"", ""B8A"", ""B11"", ""B12"", ""B01"", ""B09""], ""class_names"": [""Abies"", ""Acer"", ""Alnus"", ""Betula"", ""Cleared"", ""Fagus"", ""Fraxinus"", ""Larix"", ""Picea"", ""Pinus"", ""Populus"", ""Prunus"", ""Pseudotsuga"", ""Quercus"", ""Tilia""], ""download"": false, ""extracted_manifest_path"": ""./reports/dataset_manifests/treesatai_actual_manifest.csv"", ""extracted_manifest_sha256"": ""b958ada672e7aeaa29652731af814834e9dae4fbe1c53d2edc92802ff18eae54"", ""image_size"": 224, ""input_bands"": ""s2"", ""multilabel"": true, ""name"": ""treesatai"", ""native_image_size"": 304, ""normalization"": {""mean"": [245.31068420410156, 387.63568115234375, 248.4667205810547, 2825.93603515625, 625.9300537109375, 2118.83740234375, 2709.37890625, 2982.208740234375, 1316.7186279296875, 594.203369140625, 265.8070068359375, 2962.182373046875], ""method"": ""channelwise_standardization"", ""raw_units"": ""official_treeSatAI_s2_DN"", ""statistics_split"": ""train"", ""std"": [117.73491668701172, 130.0995635986328, 129.66375732421875, 756.8175659179688, 191.35238647460938, 517.2822265625, 691.1488037109375, 754.9419555664062, 411.339111328125, 234.48863220214844, 125.9928207397461, 674.169189453125]}, ""normalize"": true, ""num_classes"": 15, ""num_workers"": 4, ""official_artifact_available_timestamps"": 1, ""protocol"": ""geobench2_treesatai"", ""root"": ""./datasets/treesatai"", ""source"": ""GEO-Bench-2@fd9d0b664e6fb0faba54636bdff4906634debd4b"", ""spatial_resolution_m"": 10, ""temporal_protocol"": ""shared_encoder_per_timestamp_then_mean_features"", ""temporal_source"": ""official_static_s2_single_timestamp"", ""wavelength_source"": ""pinned GeoBenchV2 DatasetBandRegistry.TREESATAI/SENTINEL2"", ""wavelengths_nm"": [490.0, 560.0, 665.0, 842.0, 705.0, 740.0, 783.0, 865.0, 1610.0, 2190.0, 443.0, 945.0]}","{""backbone_learning_rate"": 0.001, ""batch_size"": 64, ""checkpoint"": {""metric"": ""nll"", ""mode"": ""min"", ""split"": ""val""}, ""early_stopping"": {""enabled"": true, ""min_delta"": 0.0, ""patience"": 10}, ""epochs"": 50, ""gradient_clipping"": {""enabled"": false}, ""head_learning_rate"": 0.001, ""layerwise_lr_decay"": {""enabled"": false}, ""learning_rate"": 0.001, ""limit_train_batches"": null, ""limit_val_batches"": null, ""optimizer"": {""name"": ""adamw""}, ""warmup"": {""enabled"": false, ""epochs"": 0, ""type"": ""linear""}, ""weight_decay"": 0.01}","{""actual_wavelength_units"": ""micrometers"", ""actual_wavelengths"": [0.49, 0.56, 0.665, 0.842, 0.705, 0.74, 0.783, 0.865, 1.61, 2.19, 0.443, 0.945], ""adaptation_mode"": ""frozen"", ""dofa_root"": ""./DOFA"", ""freeze_backbone"": true, ""head"": {""architecture"": ""linear"", ""dropout"": 0.0}, ""name"": ""dofa"", ""pretrained"": true, ""size"": ""base"", ""weights_path"": ""./DOFA/checkpoints/DOFA_ViT_base_e100.pth"", ""weights_sha256"": ""4720985e42b918ac0307009eb06121a3435d9bbce6fd95446f84824a538165b1""}"
classification,treesatai,dofa,frozen,deterministic,43,43,INDIVIDUAL_SEED,20260816T012149418043Z_treesatai_dofa_frozen_seed43_d484c9b3,/workspace/results/final_thesis/classification/treesatai_frozen/runs/20260816T012149418043Z_treesatai_dofa_frozen_seed43_d484c9b3/best.pt,a95cb27fa135cbdbfafdeedf360f6a2fb35793ff2161e15fa54c78a231419100,minimum validation NLL (earliest tie),multilabel: accuracy=strict exact match; NLL/Brier average sample-label decisions; ECE-15 flattened binary decisions,reports/c1_classification_run_audits/20260816T063820Z/c1_run_audit.json;results/final_thesis/classification/treesatai_frozen/runs/20260816T012149418043Z_treesatai_dofa_frozen_seed43_d484c9b3/run_summary.json,results/final_thesis/classification/treesatai_frozen/runs/20260816T012149418043Z_treesatai_dofa_frozen_seed43_d484c9b3/predictions/test/deterministic/predictions.parquet,True,6709438,results/final_thesis/classification/treesatai_frozen/runs/20260816T012149418043Z_treesatai_dofa_frozen_seed43_d484c9b3/predictions/test/deterministic/manifest.json,78fef74523e1d098bb06ee9117548de10b2caee393b603adcc4d2bff281d12a6,sha256:af23e14b2d75b8e64a69f582c35734075b5316873fc12c1f6e32af5e9e5890df,results/final_thesis/classification/treesatai_frozen/runs/20260816T012149418043Z_treesatai_dofa_frozen_seed43_d484c9b3/resolved_config.yaml,aa7c6ca323e248fb4f3c6a7f6858ed314e6b431df7c0dc6285b87df260c31bd7,a034ccdfa6ce19ee6dbb5df1ed4cceb8cc1e568b2f8f54863b71e3d12a803667,True,"{""weights_path"": ""./DOFA/checkpoints/DOFA_ViT_base_e100.pth"", ""weights_sha256"": ""4720985e42b918ac0307009eb06121a3435d9bbce6fd95446f84824a538165b1""}","{""artifact_path"": ""./datasets/treesatai/geobench_treesatai.tortilla"", ""artifact_sha256"": ""0ddb8068720242ad4f5931ea91f3459ed695ad490bbaa48905afe72dd9623aee"", ""augmentations"": {""calibration"": ""none"", ""test"": ""none"", ""train"": ""none"", ""val"": ""none""}, ""channels"": [""B02"", ""B03"", ""B04"", ""B08"", ""B05"", ""B06"", ""B07"", ""B8A"", ""B11"", ""B12"", ""B01"", ""B09""], ""class_names"": [""Abies"", ""Acer"", ""Alnus"", ""Betula"", ""Cleared"", ""Fagus"", ""Fraxinus"", ""Larix"", ""Picea"", ""Pinus"", ""Populus"", ""Prunus"", ""Pseudotsuga"", ""Quercus"", ""Tilia""], ""download"": false, ""extracted_manifest_path"": ""./reports/dataset_manifests/treesatai_actual_manifest.csv"", ""extracted_manifest_sha256"": ""b958ada672e7aeaa29652731af814834e9dae4fbe1c53d2edc92802ff18eae54"", ""image_size"": 224, ""input_bands"": ""s2"", ""multilabel"": true, ""name"": ""treesatai"", ""native_image_size"": 304, ""normalization"": {""mean"": [245.31068420410156, 387.63568115234375, 248.4667205810547, 2825.93603515625, 625.9300537109375, 2118.83740234375, 2709.37890625, 2982.208740234375, 1316.7186279296875, 594.203369140625, 265.8070068359375, 2962.182373046875], ""method"": ""channelwise_standardization"", ""raw_units"": ""official_treeSatAI_s2_DN"", ""statistics_split"": ""train"", ""std"": [117.73491668701172, 130.0995635986328, 129.66375732421875, 756.8175659179688, 191.35238647460938, 517.2822265625, 691.1488037109375, 754.9419555664062, 411.339111328125, 234.48863220214844, 125.9928207397461, 674.169189453125]}, ""normalize"": true, ""num_classes"": 15, ""num_workers"": 4, ""official_artifact_available_timestamps"": 1, ""protocol"": ""geobench2_treesatai"", ""root"": ""./datasets/treesatai"", ""source"": ""GEO-Bench-2@fd9d0b664e6fb0faba54636bdff4906634debd4b"", ""spatial_resolution_m"": 10, ""temporal_protocol"": ""shared_encoder_per_timestamp_then_mean_features"", ""temporal_source"": ""official_static_s2_single_timestamp"", ""wavelength_source"": ""pinned GeoBenchV2 DatasetBandRegistry.TREESATAI/SENTINEL2"", ""wavelengths_nm"": [490.0, 560.0, 665.0, 842.0, 705.0, 740.0, 783.0, 865.0, 1610.0, 2190.0, 443.0, 945.0]}","{""backbone_learning_rate"": 0.001, ""batch_size"": 64, ""checkpoint"": {""metric"": ""nll"", ""mode"": ""min"", ""split"": ""val""}, ""early_stopping"": {""enabled"": true, ""min_delta"": 0.0, ""patience"": 10}, ""epochs"": 50, ""gradient_clipping"": {""enabled"": false}, ""head_learning_rate"": 0.001, ""layerwise_lr_decay"": {""enabled"": false}, ""learning_rate"": 0.001, ""limit_train_batches"": null, ""limit_val_batches"": null, ""optimizer"": {""name"": ""adamw""}, ""warmup"": {""enabled"": false, ""epochs"": 0, ""type"": ""linear""}, ""weight_decay"": 0.01}","{""actual_wavelength_units"": ""micrometers"", ""actual_wavelengths"": [0.49, 0.56, 0.665, 0.842, 0.705, 0.74, 0.783, 0.865, 1.61, 2.19, 0.443, 0.945], ""adaptation_mode"": ""frozen"", ""dofa_root"": ""./DOFA"", ""freeze_backbone"": true, ""head"": {""architecture"": ""linear"", ""dropout"": 0.0}, ""name"": ""dofa"", ""pretrained"": true, ""size"": ""base"", ""weights_path"": ""./DOFA/checkpoints/DOFA_ViT_base_e100.pth"", ""weights_sha256"": ""4720985e42b918ac0307009eb06121a3435d9bbce6fd95446f84824a538165b1""}"
classification,treesatai,dofa,frozen,deterministic,44,44,INDIVIDUAL_SEED,20260816T013516128703Z_treesatai_dofa_frozen_seed44_f16a2a61,/workspace/results/final_thesis/classification/treesatai_frozen/runs/20260816T013516128703Z_treesatai_dofa_frozen_seed44_f16a2a61/best.pt,5463fa15133626f84b05e75c32bb5c52f41981bcef4eb8314229bae7ac5369b1,minimum validation NLL (earliest tie),multilabel: accuracy=strict exact match; NLL/Brier average sample-label decisions; ECE-15 flattened binary decisions,reports/c1_classification_run_audits/20260816T063820Z/c1_run_audit.json;results/final_thesis/classification/treesatai_frozen/runs/20260816T013516128703Z_treesatai_dofa_frozen_seed44_f16a2a61/run_summary.json,results/final_thesis/classification/treesatai_frozen/runs/20260816T013516128703Z_treesatai_dofa_frozen_seed44_f16a2a61/predictions/test/deterministic/predictions.parquet,True,6709580,results/final_thesis/classification/treesatai_frozen/runs/20260816T013516128703Z_treesatai_dofa_frozen_seed44_f16a2a61/predictions/test/deterministic/manifest.json,47e6747d509c522ad1f4e1b8b8470713ccb75713f59c053b1cedad0eb08945ee,sha256:af23e14b2d75b8e64a69f582c35734075b5316873fc12c1f6e32af5e9e5890df,results/final_thesis/classification/treesatai_frozen/runs/20260816T013516128703Z_treesatai_dofa_frozen_seed44_f16a2a61/resolved_config.yaml,f60aca5bd432a19bedad59acf5d8025e46dd74b6f0846d7846cc52608d63ae08,a034ccdfa6ce19ee6dbb5df1ed4cceb8cc1e568b2f8f54863b71e3d12a803667,True,"{""weights_path"": ""./DOFA/checkpoints/DOFA_ViT_base_e100.pth"", ""weights_sha256"": ""4720985e42b918ac0307009eb06121a3435d9bbce6fd95446f84824a538165b1""}","{""artifact_path"": ""./datasets/treesatai/geobench_treesatai.tortilla"", ""artifact_sha256"": ""0ddb8068720242ad4f5931ea91f3459ed695ad490bbaa48905afe72dd9623aee"", ""augmentations"": {""calibration"": ""none"", ""test"": ""none"", ""train"": ""none"", ""val"": ""none""}, ""channels"": [""B02"", ""B03"", ""B04"", ""B08"", ""B05"", ""B06"", ""B07"", ""B8A"", ""B11"", ""B12"", ""B01"", ""B09""], ""class_names"": [""Abies"", ""Acer"", ""Alnus"", ""Betula"", ""Cleared"", ""Fagus"", ""Fraxinus"", ""Larix"", ""Picea"", ""Pinus"", ""Populus"", ""Prunus"", ""Pseudotsuga"", ""Quercus"", ""Tilia""], ""download"": false, ""extracted_manifest_path"": ""./reports/dataset_manifests/treesatai_actual_manifest.csv"", ""extracted_manifest_sha256"": ""b958ada672e7aeaa29652731af814834e9dae4fbe1c53d2edc92802ff18eae54"", ""image_size"": 224, ""input_bands"": ""s2"", ""multilabel"": true, ""name"": ""treesatai"", ""native_image_size"": 304, ""normalization"": {""mean"": [245.31068420410156, 387.63568115234375, 248.4667205810547, 2825.93603515625, 625.9300537109375, 2118.83740234375, 2709.37890625, 2982.208740234375, 1316.7186279296875, 594.203369140625, 265.8070068359375, 2962.182373046875], ""method"": ""channelwise_standardization"", ""raw_units"": ""official_treeSatAI_s2_DN"", ""statistics_split"": ""train"", ""std"": [117.73491668701172, 130.0995635986328, 129.66375732421875, 756.8175659179688, 191.35238647460938, 517.2822265625, 691.1488037109375, 754.9419555664062, 411.339111328125, 234.48863220214844, 125.9928207397461, 674.169189453125]}, ""normalize"": true, ""num_classes"": 15, ""num_workers"": 4, ""official_artifact_available_timestamps"": 1, ""protocol"": ""geobench2_treesatai"", ""root"": ""./datasets/treesatai"", ""source"": ""GEO-Bench-2@fd9d0b664e6fb0faba54636bdff4906634debd4b"", ""spatial_resolution_m"": 10, ""temporal_protocol"": ""shared_encoder_per_timestamp_then_mean_features"", ""temporal_source"": ""official_static_s2_single_timestamp"", ""wavelength_source"": ""pinned GeoBenchV2 DatasetBandRegistry.TREESATAI/SENTINEL2"", ""wavelengths_nm"": [490.0, 560.0, 665.0, 842.0, 705.0, 740.0, 783.0, 865.0, 1610.0, 2190.0, 443.0, 945.0]}","{""backbone_learning_rate"": 0.001, ""batch_size"": 64, ""checkpoint"": {""metric"": ""nll"", ""mode"": ""min"", ""split"": ""val""}, ""early_stopping"": {""enabled"": true, ""min_delta"": 0.0, ""patience"": 10}, ""epochs"": 50, ""gradient_clipping"": {""enabled"": false}, ""head_learning_rate"": 0.001, ""layerwise_lr_decay"": {""enabled"": false}, ""learning_rate"": 0.001, ""limit_train_batches"": null, ""limit_val_batches"": null, ""optimizer"": {""name"": ""adamw""}, ""warmup"": {""enabled"": false, ""epochs"": 0, ""type"": ""linear""}, ""weight_decay"": 0.01}","{""actual_wavelength_units"": ""micrometers"", ""actual_wavelengths"": [0.49, 0.56, 0.665, 0.842, 0.705, 0.74, 0.783, 0.865, 1.61, 2.19, 0.443, 0.945], ""adaptation_mode"": ""frozen"", ""dofa_root"": ""./DOFA"", ""freeze_backbone"": true, ""head"": {""architecture"": ""linear"", ""dropout"": 0.0}, ""name"": ""dofa"", ""pretrained"": true, ""size"": ""base"", ""weights_path"": ""./DOFA/checkpoints/DOFA_ViT_base_e100.pth"", ""weights_sha256"": ""4720985e42b918ac0307009eb06121a3435d9bbce6fd95446f84824a538165b1""}"
classification,treesatai,dofa,frozen,mc_dropout,42,42,INDIVIDUAL_SEED,20260826T133122444037Z_c5_mcd_treesatai_dofa_frozen_seed42_1b4cab86,/workspace/results/final_thesis/mc_dropout/classification/treesatai/dofa/frozen/runs/20260826T133122444037Z_c5_mcd_treesatai_dofa_frozen_seed42_1b4cab86/best.pt,40210cd7dfa2141d5e97afc4dc3e928b7cc0e53ff35c0479748a44d672f552dc,minimum validation NLL (earliest tie),multilabel: accuracy=strict exact match; NLL/Brier average sample-label decisions; ECE-15 flattened binary decisions,reports/mc_dropout_results.csv;results/final_thesis/mc_dropout/inference/classification/treesatai/dofa/frozen/seed42/c5_audit.json,results/final_thesis/mc_dropout/inference/classification/treesatai/dofa/frozen/seed42/predictions.parquet,True,6709760,results/final_thesis/mc_dropout/inference/classification/treesatai/dofa/frozen/seed42/c5_audit.json,ee2b44972dc99f0bfbf8f1d5bed54e4d8668fd382baa8dc8b0c3ccb0362e6072,sha256:af23e14b2d75b8e64a69f582c35734075b5316873fc12c1f6e32af5e9e5890df,results/final_thesis/mc_dropout/classification/treesatai/dofa/frozen/runs/20260826T133122444037Z_c5_mcd_treesatai_dofa_frozen_seed42_1b4cab86/resolved_config.yaml,ebbb6ff251c2967f2d25d66846329d4899d9ab12c15e417e0b2c16deddadfa7a,3f02889656dfd2c6c3cb99e5cc1760c5eceaa842095f26884230a89ef4df913b,True,"{""weights_path"": ""./DOFA/checkpoints/DOFA_ViT_base_e100.pth"", ""weights_sha256"": ""4720985e42b918ac0307009eb06121a3435d9bbce6fd95446f84824a538165b1""}","{""artifact_path"": ""./datasets/treesatai/geobench_treesatai.tortilla"", ""artifact_sha256"": ""0ddb8068720242ad4f5931ea91f3459ed695ad490bbaa48905afe72dd9623aee"", ""augmentations"": {""calibration"": ""none"", ""test"": ""none"", ""train"": ""none"", ""val"": ""none""}, ""channels"": [""B02"", ""B03"", ""B04"", ""B08"", ""B05"", ""B06"", ""B07"", ""B8A"", ""B11"", ""B12"", ""B01"", ""B09""], ""class_names"": [""Abies"", ""Acer"", ""Alnus"", ""Betula"", ""Cleared"", ""Fagus"", ""Fraxinus"", ""Larix"", ""Picea"", ""Pinus"", ""Populus"", ""Prunus"", ""Pseudotsuga"", ""Quercus"", ""Tilia""], ""download"": false, ""extracted_manifest_path"": ""./reports/dataset_manifests/treesatai_actual_manifest.csv"", ""extracted_manifest_sha256"": ""b958ada672e7aeaa29652731af814834e9dae4fbe1c53d2edc92802ff18eae54"", ""image_size"": 224, ""input_bands"": ""s2"", ""multilabel"": true, ""name"": ""treesatai"", ""native_image_size"": 304, ""normalization"": {""mean"": [245.31068420410156, 387.63568115234375, 248.4667205810547, 2825.93603515625, 625.9300537109375, 2118.83740234375, 2709.37890625, 2982.208740234375, 1316.7186279296875, 594.203369140625, 265.8070068359375, 2962.182373046875], ""method"": ""channelwise_standardization"", ""raw_units"": ""official_treeSatAI_s2_DN"", ""statistics_split"": ""train"", ""std"": [117.73491668701172, 130.0995635986328, 129.66375732421875, 756.8175659179688, 191.35238647460938, 517.2822265625, 691.1488037109375, 754.9419555664062, 411.339111328125, 234.48863220214844, 125.9928207397461, 674.169189453125]}, ""normalize"": true, ""num_classes"": 15, ""num_workers"": 4, ""official_artifact_available_timestamps"": 1, ""protocol"": ""geobench2_treesatai"", ""root"": ""./datasets/treesatai"", ""source"": ""GEO-Bench-2@fd9d0b664e6fb0faba54636bdff4906634debd4b"", ""spatial_resolution_m"": 10, ""temporal_protocol"": ""shared_encoder_per_timestamp_then_mean_features"", ""temporal_source"": ""official_static_s2_single_timestamp"", ""wavelength_source"": ""pinned GeoBenchV2 DatasetBandRegistry.TREESATAI/SENTINEL2"", ""wavelengths_nm"": [490.0, 560.0, 665.0, 842.0, 705.0, 740.0, 783.0, 865.0, 1610.0, 2190.0, 443.0, 945.0]}","{""backbone_learning_rate"": 0.001, ""batch_size"": 64, ""checkpoint"": {""metric"": ""nll"", ""mode"": ""min"", ""split"": ""val""}, ""early_stopping"": {""enabled"": true, ""min_delta"": 0.0, ""patience"": 10}, ""epochs"": 50, ""gradient_clipping"": {""enabled"": false}, ""head_learning_rate"": 0.001, ""layerwise_lr_decay"": {""enabled"": false}, ""learning_rate"": 0.001, ""limit_train_batches"": null, ""limit_val_batches"": null, ""optimizer"": {""name"": ""adamw""}, ""warmup"": {""enabled"": false, ""epochs"": 0, ""type"": ""linear""}, ""weight_decay"": 0.01}","{""actual_wavelength_units"": ""micrometers"", ""actual_wavelengths"": [0.49, 0.56, 0.665, 0.842, 0.705, 0.74, 0.783, 0.865, 1.61, 2.19, 0.443, 0.945], ""adaptation_mode"": ""frozen"", ""dofa_root"": ""./DOFA"", ""freeze_backbone"": true, ""head"": {""architecture"": ""linear"", ""dropout"": 0.1}, ""name"": ""dofa"", ""pretrained"": true, ""size"": ""base"", ""weights_path"": ""./DOFA/checkpoints/DOFA_ViT_base_e100.pth"", ""weights_sha256"": ""4720985e42b918ac0307009eb06121a3435d9bbce6fd95446f84824a538165b1""}"
classification,treesatai,dofa,frozen,deep_ensemble,,42;43;44,ENSEMBLE,,,,N/A — post-hoc probability mean; members use minimum validation NLL,multilabel: accuracy=strict exact match; NLL/Brier average sample-label decisions; ECE-15 flattened binary decisions,reports/c3_classification_results.csv;results/final_thesis/c3_temperature_scaling_and_ensembles/classification/deep_ensembles/treesatai/dofa/frozen/manifest.json,results/final_thesis/c3_temperature_scaling_and_ensembles/classification/deep_ensembles/treesatai/dofa/frozen/ensemble_predictions.parquet,True,252371,results/final_thesis/c3_temperature_scaling_and_ensembles/classification/deep_ensembles/treesatai/dofa/frozen/manifest.json,5a31365514bdd92650e3c338e545b8031492d0207c56bb80864b99e50663be2c,sha256:af23e14b2d75b8e64a69f582c35734075b5316873fc12c1f6e32af5e9e5890df,,,,,,,,
classification,treesatai,dofa,full_finetune,deterministic,42,42,INDIVIDUAL_SEED,20260815T222120553265Z_treesatai_dofa_full_finetune_seed42_9845090f,/workspace/results/final_thesis/classification/treesatai_full_finetune/runs/20260815T222120553265Z_treesatai_dofa_full_finetune_seed42_9845090f/best.pt,dfc93f4f70a79ce29b26cc40eea90b8a2bc123850c55d64c1f8fa74faa05b61d,minimum validation NLL (earliest tie),multilabel: accuracy=strict exact match; NLL/Brier average sample-label decisions; ECE-15 flattened binary decisions,reports/c1_classification_run_audits/20260816T063820Z/c1_run_audit.json;results/final_thesis/classification/treesatai_full_finetune/runs/20260815T222120553265Z_treesatai_dofa_full_finetune_seed42_9845090f/run_summary.json,results/final_thesis/classification/treesatai_full_finetune/runs/20260815T222120553265Z_treesatai_dofa_full_finetune_seed42_9845090f/predictions/test/deterministic/predictions.parquet,True,6719328,results/final_thesis/classification/treesatai_full_finetune/runs/20260815T222120553265Z_treesatai_dofa_full_finetune_seed42_9845090f/predictions/test/deterministic/manifest.json,195735374411c72a1bc992670887c96a23444d741fe2a9bb6907cb856c09a726,sha256:af23e14b2d75b8e64a69f582c35734075b5316873fc12c1f6e32af5e9e5890df,results/final_thesis/classification/treesatai_full_finetune/runs/20260815T222120553265Z_treesatai_dofa_full_finetune_seed42_9845090f/resolved_config.yaml,96f5458df7ae571b3b58f26ac3af6624b9acee6f6cc7a5763baa31b6c2a814da,82467b95293c2a2459c59405a56e02e6af2eb955db49d3ce642ee0bfb38a61d0,True,"{""weights_path"": ""./DOFA/checkpoints/DOFA_ViT_base_e100.pth"", ""weights_sha256"": ""4720985e42b918ac0307009eb06121a3435d9bbce6fd95446f84824a538165b1""}","{""artifact_path"": ""./datasets/treesatai/geobench_treesatai.tortilla"", ""artifact_sha256"": ""0ddb8068720242ad4f5931ea91f3459ed695ad490bbaa48905afe72dd9623aee"", ""augmentations"": {""calibration"": ""none"", ""test"": ""none"", ""train"": ""none"", ""val"": ""none""}, ""channels"": [""B02"", ""B03"", ""B04"", ""B08"", ""B05"", ""B06"", ""B07"", ""B8A"", ""B11"", ""B12"", ""B01"", ""B09""], ""class_names"": [""Abies"", ""Acer"", ""Alnus"", ""Betula"", ""Cleared"", ""Fagus"", ""Fraxinus"", ""Larix"", ""Picea"", ""Pinus"", ""Populus"", ""Prunus"", ""Pseudotsuga"", ""Quercus"", ""Tilia""], ""download"": false, ""extracted_manifest_path"": ""./reports/dataset_manifests/treesatai_actual_manifest.csv"", ""extracted_manifest_sha256"": ""b958ada672e7aeaa29652731af814834e9dae4fbe1c53d2edc92802ff18eae54"", ""image_size"": 224, ""input_bands"": ""s2"", ""multilabel"": true, ""name"": ""treesatai"", ""native_image_size"": 304, ""normalization"": {""mean"": [245.31068420410156, 387.63568115234375, 248.4667205810547, 2825.93603515625, 625.9300537109375, 2118.83740234375, 2709.37890625, 2982.208740234375, 1316.7186279296875, 594.203369140625, 265.8070068359375, 2962.182373046875], ""method"": ""channelwise_standardization"", ""raw_units"": ""official_treeSatAI_s2_DN"", ""statistics_split"": ""train"", ""std"": [117.73491668701172, 130.0995635986328, 129.66375732421875, 756.8175659179688, 191.35238647460938, 517.2822265625, 691.1488037109375, 754.9419555664062, 411.339111328125, 234.48863220214844, 125.9928207397461, 674.169189453125]}, ""normalize"": true, ""num_classes"": 15, ""num_workers"": 4, ""official_artifact_available_timestamps"": 1, ""protocol"": ""geobench2_treesatai"", ""root"": ""./datasets/treesatai"", ""source"": ""GEO-Bench-2@fd9d0b664e6fb0faba54636bdff4906634debd4b"", ""spatial_resolution_m"": 10, ""temporal_protocol"": ""shared_encoder_per_timestamp_then_mean_features"", ""temporal_source"": ""official_static_s2_single_timestamp"", ""wavelength_source"": ""pinned GeoBenchV2 DatasetBandRegistry.TREESATAI/SENTINEL2"", ""wavelengths_nm"": [490.0, 560.0, 665.0, 842.0, 705.0, 740.0, 783.0, 865.0, 1610.0, 2190.0, 443.0, 945.0]}","{""backbone_learning_rate"": 0.0001, ""batch_size"": 64, ""checkpoint"": {""metric"": ""nll"", ""mode"": ""min"", ""split"": ""val""}, ""early_stopping"": {""enabled"": true, ""min_delta"": 0.0, ""patience"": 15}, ""epochs"": 100, ""gradient_clipping"": {""enabled"": false}, ""head_learning_rate"": 0.001, ""layerwise_lr_decay"": {""enabled"": false}, ""learning_rate"": 0.0001, ""limit_train_batches"": null, ""limit_val_batches"": null, ""optimizer"": {""name"": ""adamw""}, ""warmup"": {""enabled"": true, ""epochs"": 5, ""type"": ""linear""}, ""weight_decay"": 0.01}","{""actual_wavelength_units"": ""micrometers"", ""actual_wavelengths"": [0.49, 0.56, 0.665, 0.842, 0.705, 0.74, 0.783, 0.865, 1.61, 2.19, 0.443, 0.945], ""adaptation_mode"": ""full_finetune"", ""dofa_root"": ""./DOFA"", ""expected_frozen_backbone_parameters"": [""pos_embed""], ""freeze_backbone"": false, ""head"": {""architecture"": ""linear"", ""dropout"": 0.0}, ""name"": ""dofa"", ""pretrained"": true, ""size"": ""base"", ""weights_path"": ""./DOFA/checkpoints/DOFA_ViT_base_e100.pth"", ""weights_sha256"": ""4720985e42b918ac0307009eb06121a3435d9bbce6fd95446f84824a538165b1""}"
classification,treesatai,dofa,full_finetune,deterministic,43,43,INDIVIDUAL_SEED,20260816T050303117850Z_treesatai_dofa_full_finetune_seed43_e40f79f2,/workspace/results/final_thesis/classification/treesatai_full_finetune/runs/20260816T050303117850Z_treesatai_dofa_full_finetune_seed43_e40f79f2/best.pt,0c811a76b3147b9d00902e9fbd124ba6f2d3768971add89c3da64372afd79f7b,minimum validation NLL (earliest tie),multilabel: accuracy=strict exact match; NLL/Brier average sample-label decisions; ECE-15 flattened binary decisions,reports/c1_classification_run_audits/20260816T063820Z/c1_run_audit.json;results/final_thesis/classification/treesatai_full_finetune/runs/20260816T050303117850Z_treesatai_dofa_full_finetune_seed43_e40f79f2/run_summary.json,results/final_thesis/classification/treesatai_full_finetune/runs/20260816T050303117850Z_treesatai_dofa_full_finetune_seed43_e40f79f2/predictions/test/deterministic/predictions.parquet,True,6702987,results/final_thesis/classification/treesatai_full_finetune/runs/20260816T050303117850Z_treesatai_dofa_full_finetune_seed43_e40f79f2/predictions/test/deterministic/manifest.json,7352f7dad5542d6d4b6c9f6468190d7b988c2b0063c1fba1677748acb6320e78,sha256:af23e14b2d75b8e64a69f582c35734075b5316873fc12c1f6e32af5e9e5890df,results/final_thesis/classification/treesatai_full_finetune/runs/20260816T050303117850Z_treesatai_dofa_full_finetune_seed43_e40f79f2/resolved_config.yaml,de3306b6b9c4da81b815893b1f0987902a905ad71c9896a71d071d8e905b047f,a034ccdfa6ce19ee6dbb5df1ed4cceb8cc1e568b2f8f54863b71e3d12a803667,True,"{""weights_path"": ""./DOFA/checkpoints/DOFA_ViT_base_e100.pth"", ""weights_sha256"": ""4720985e42b918ac0307009eb06121a3435d9bbce6fd95446f84824a538165b1""}","{""artifact_path"": ""./datasets/treesatai/geobench_treesatai.tortilla"", ""artifact_sha256"": ""0ddb8068720242ad4f5931ea91f3459ed695ad490bbaa48905afe72dd9623aee"", ""augmentations"": {""calibration"": ""none"", ""test"": ""none"", ""train"": ""none"", ""val"": ""none""}, ""channels"": [""B02"", ""B03"", ""B04"", ""B08"", ""B05"", ""B06"", ""B07"", ""B8A"", ""B11"", ""B12"", ""B01"", ""B09""], ""class_names"": [""Abies"", ""Acer"", ""Alnus"", ""Betula"", ""Cleared"", ""Fagus"", ""Fraxinus"", ""Larix"", ""Picea"", ""Pinus"", ""Populus"", ""Prunus"", ""Pseudotsuga"", ""Quercus"", ""Tilia""], ""download"": false, ""extracted_manifest_path"": ""./reports/dataset_manifests/treesatai_actual_manifest.csv"", ""extracted_manifest_sha256"": ""b958ada672e7aeaa29652731af814834e9dae4fbe1c53d2edc92802ff18eae54"", ""image_size"": 224, ""input_bands"": ""s2"", ""multilabel"": true, ""name"": ""treesatai"", ""native_image_size"": 304, ""normalization"": {""mean"": [245.31068420410156, 387.63568115234375, 248.4667205810547, 2825.93603515625, 625.9300537109375, 2118.83740234375, 2709.37890625, 2982.208740234375, 1316.7186279296875, 594.203369140625, 265.8070068359375, 2962.182373046875], ""method"": ""channelwise_standardization"", ""raw_units"": ""official_treeSatAI_s2_DN"", ""statistics_split"": ""train"", ""std"": [117.73491668701172, 130.0995635986328, 129.66375732421875, 756.8175659179688, 191.35238647460938, 517.2822265625, 691.1488037109375, 754.9419555664062, 411.339111328125, 234.48863220214844, 125.9928207397461, 674.169189453125]}, ""normalize"": true, ""num_classes"": 15, ""num_workers"": 4, ""official_artifact_available_timestamps"": 1, ""protocol"": ""geobench2_treesatai"", ""root"": ""./datasets/treesatai"", ""source"": ""GEO-Bench-2@fd9d0b664e6fb0faba54636bdff4906634debd4b"", ""spatial_resolution_m"": 10, ""temporal_protocol"": ""shared_encoder_per_timestamp_then_mean_features"", ""temporal_source"": ""official_static_s2_single_timestamp"", ""wavelength_source"": ""pinned GeoBenchV2 DatasetBandRegistry.TREESATAI/SENTINEL2"", ""wavelengths_nm"": [490.0, 560.0, 665.0, 842.0, 705.0, 740.0, 783.0, 865.0, 1610.0, 2190.0, 443.0, 945.0]}","{""backbone_learning_rate"": 0.0001, ""batch_size"": 64, ""checkpoint"": {""metric"": ""nll"", ""mode"": ""min"", ""split"": ""val""}, ""early_stopping"": {""enabled"": true, ""min_delta"": 0.0, ""patience"": 15}, ""epochs"": 100, ""gradient_clipping"": {""enabled"": false}, ""head_learning_rate"": 0.001, ""layerwise_lr_decay"": {""enabled"": false}, ""learning_rate"": 0.0001, ""limit_train_batches"": null, ""limit_val_batches"": null, ""optimizer"": {""name"": ""adamw""}, ""warmup"": {""enabled"": true, ""epochs"": 5, ""type"": ""linear""}, ""weight_decay"": 0.01}","{""actual_wavelength_units"": ""micrometers"", ""actual_wavelengths"": [0.49, 0.56, 0.665, 0.842, 0.705, 0.74, 0.783, 0.865, 1.61, 2.19, 0.443, 0.945], ""adaptation_mode"": ""full_finetune"", ""dofa_root"": ""./DOFA"", ""expected_frozen_backbone_parameters"": [""pos_embed""], ""freeze_backbone"": false, ""head"": {""architecture"": ""linear"", ""dropout"": 0.0}, ""name"": ""dofa"", ""pretrained"": true, ""size"": ""base"", ""weights_path"": ""./DOFA/checkpoints/DOFA_ViT_base_e100.pth"", ""weights_sha256"": ""4720985e42b918ac0307009eb06121a3435d9bbce6fd95446f84824a538165b1""}"
classification,treesatai,dofa,full_finetune,deterministic,44,44,INDIVIDUAL_SEED,20260816T051814359617Z_treesatai_dofa_full_finetune_seed44_6a6f8fd9,/workspace/results/final_thesis/classification/treesatai_full_finetune/runs/20260816T051814359617Z_treesatai_dofa_full_finetune_seed44_6a6f8fd9/best.pt,1c10a530c88d34c60b1de0a156d8a51656ec30d2fafba365c5e81504d3845939,minimum validation NLL (earliest tie),multilabel: accuracy=strict exact match; NLL/Brier average sample-label decisions; ECE-15 flattened binary decisions,reports/c1_classification_run_audits/20260816T063820Z/c1_run_audit.json;results/final_thesis/classification/treesatai_full_finetune/runs/20260816T051814359617Z_treesatai_dofa_full_finetune_seed44_6a6f8fd9/run_summary.json,results/final_thesis/classification/treesatai_full_finetune/runs/20260816T051814359617Z_treesatai_dofa_full_finetune_seed44_6a6f8fd9/predictions/test/deterministic/predictions.parquet,True,6702450,results/final_thesis/classification/treesatai_full_finetune/runs/20260816T051814359617Z_treesatai_dofa_full_finetune_seed44_6a6f8fd9/predictions/test/deterministic/manifest.json,3722095bd07cf358db1a005ce5bdf4214e23f13155c996a2bfec78250060f494,sha256:af23e14b2d75b8e64a69f582c35734075b5316873fc12c1f6e32af5e9e5890df,results/final_thesis/classification/treesatai_full_finetune/runs/20260816T051814359617Z_treesatai_dofa_full_finetune_seed44_6a6f8fd9/resolved_config.yaml,b95418bafcb19bd6b9643a416d5f8ce34c2bb85ff4a31809b9f67f9f4a8f10c3,a034ccdfa6ce19ee6dbb5df1ed4cceb8cc1e568b2f8f54863b71e3d12a803667,True,"{""weights_path"": ""./DOFA/checkpoints/DOFA_ViT_base_e100.pth"", ""weights_sha256"": ""4720985e42b918ac0307009eb06121a3435d9bbce6fd95446f84824a538165b1""}","{""artifact_path"": ""./datasets/treesatai/geobench_treesatai.tortilla"", ""artifact_sha256"": ""0ddb8068720242ad4f5931ea91f3459ed695ad490bbaa48905afe72dd9623aee"", ""augmentations"": {""calibration"": ""none"", ""test"": ""none"", ""train"": ""none"", ""val"": ""none""}, ""channels"": [""B02"", ""B03"", ""B04"", ""B08"", ""B05"", ""B06"", ""B07"", ""B8A"", ""B11"", ""B12"", ""B01"", ""B09""], ""class_names"": [""Abies"", ""Acer"", ""Alnus"", ""Betula"", ""Cleared"", ""Fagus"", ""Fraxinus"", ""Larix"", ""Picea"", ""Pinus"", ""Populus"", ""Prunus"", ""Pseudotsuga"", ""Quercus"", ""Tilia""], ""download"": false, ""extracted_manifest_path"": ""./reports/dataset_manifests/treesatai_actual_manifest.csv"", ""extracted_manifest_sha256"": ""b958ada672e7aeaa29652731af814834e9dae4fbe1c53d2edc92802ff18eae54"", ""image_size"": 224, ""input_bands"": ""s2"", ""multilabel"": true, ""name"": ""treesatai"", ""native_image_size"": 304, ""normalization"": {""mean"": [245.31068420410156, 387.63568115234375, 248.4667205810547, 2825.93603515625, 625.9300537109375, 2118.83740234375, 2709.37890625, 2982.208740234375, 1316.7186279296875, 594.203369140625, 265.8070068359375, 2962.182373046875], ""method"": ""channelwise_standardization"", ""raw_units"": ""official_treeSatAI_s2_DN"", ""statistics_split"": ""train"", ""std"": [117.73491668701172, 130.0995635986328, 129.66375732421875, 756.8175659179688, 191.35238647460938, 517.2822265625, 691.1488037109375, 754.9419555664062, 411.339111328125, 234.48863220214844, 125.9928207397461, 674.169189453125]}, ""normalize"": true, ""num_classes"": 15, ""num_workers"": 4, ""official_artifact_available_timestamps"": 1, ""protocol"": ""geobench2_treesatai"", ""root"": ""./datasets/treesatai"", ""source"": ""GEO-Bench-2@fd9d0b664e6fb0faba54636bdff4906634debd4b"", ""spatial_resolution_m"": 10, ""temporal_protocol"": ""shared_encoder_per_timestamp_then_mean_features"", ""temporal_source"": ""official_static_s2_single_timestamp"", ""wavelength_source"": ""pinned GeoBenchV2 DatasetBandRegistry.TREESATAI/SENTINEL2"", ""wavelengths_nm"": [490.0, 560.0, 665.0, 842.0, 705.0, 740.0, 783.0, 865.0, 1610.0, 2190.0, 443.0, 945.0]}","{""backbone_learning_rate"": 0.0001, ""batch_size"": 64, ""checkpoint"": {""metric"": ""nll"", ""mode"": ""min"", ""split"": ""val""}, ""early_stopping"": {""enabled"": true, ""min_delta"": 0.0, ""patience"": 15}, ""epochs"": 100, ""gradient_clipping"": {""enabled"": false}, ""head_learning_rate"": 0.001, ""layerwise_lr_decay"": {""enabled"": false}, ""learning_rate"": 0.0001, ""limit_train_batches"": null, ""limit_val_batches"": null, ""optimizer"": {""name"": ""adamw""}, ""warmup"": {""enabled"": true, ""epochs"": 5, ""type"": ""linear""}, ""weight_decay"": 0.01}","{""actual_wavelength_units"": ""micrometers"", ""actual_wavelengths"": [0.49, 0.56, 0.665, 0.842, 0.705, 0.74, 0.783, 0.865, 1.61, 2.19, 0.443, 0.945], ""adaptation_mode"": ""full_finetune"", ""dofa_root"": ""./DOFA"", ""expected_frozen_backbone_parameters"": [""pos_embed""], ""freeze_backbone"": false, ""head"": {""architecture"": ""linear"", ""dropout"": 0.0}, ""name"": ""dofa"", ""pretrained"": true, ""size"": ""base"", ""weights_path"": ""./DOFA/checkpoints/DOFA_ViT_base_e100.pth"", ""weights_sha256"": ""4720985e42b918ac0307009eb06121a3435d9bbce6fd95446f84824a538165b1""}"
classification,treesatai,dofa,full_finetune,mc_dropout,42,42,INDIVIDUAL_SEED,20260826T123202780258Z_c5_mcd_treesatai_dofa_full_finetune_seed42_617d7518,/workspace/results/final_thesis/mc_dropout/classification/treesatai/dofa/full_finetune/runs/20260826T123202780258Z_c5_mcd_treesatai_dofa_full_finetune_seed42_617d7518/best.pt,0ef90605e41fa791f76f2753960e4839b368e7b0f8c825ff1e42e2b38d71b674,minimum validation NLL (earliest tie),multilabel: accuracy=strict exact match; NLL/Brier average sample-label decisions; ECE-15 flattened binary decisions,reports/mc_dropout_results.csv;results/final_thesis/mc_dropout/inference/classification/treesatai/dofa/full_finetune/seed42/c5_audit.json,results/final_thesis/mc_dropout/inference/classification/treesatai/dofa/full_finetune/seed42/predictions.parquet,True,6705155,results/final_thesis/mc_dropout/inference/classification/treesatai/dofa/full_finetune/seed42/c5_audit.json,ecde99999f2d1173d50c734e32efd182706143b68f67b66f717f2cfcd2908641,sha256:af23e14b2d75b8e64a69f582c35734075b5316873fc12c1f6e32af5e9e5890df,results/final_thesis/mc_dropout/classification/treesatai/dofa/full_finetune/runs/20260826T123202780258Z_c5_mcd_treesatai_dofa_full_finetune_seed42_617d7518/resolved_config.yaml,a119dc4dd08d9a056425e6bbdbb36490223754b1004a732a5ee080b67225e466,3f02889656dfd2c6c3cb99e5cc1760c5eceaa842095f26884230a89ef4df913b,True,"{""weights_path"": ""./DOFA/checkpoints/DOFA_ViT_base_e100.pth"", ""weights_sha256"": ""4720985e42b918ac0307009eb06121a3435d9bbce6fd95446f84824a538165b1""}","{""artifact_path"": ""./datasets/treesatai/geobench_treesatai.tortilla"", ""artifact_sha256"": ""0ddb8068720242ad4f5931ea91f3459ed695ad490bbaa48905afe72dd9623aee"", ""augmentations"": {""calibration"": ""none"", ""test"": ""none"", ""train"": ""none"", ""val"": ""none""}, ""channels"": [""B02"", ""B03"", ""B04"", ""B08"", ""B05"", ""B06"", ""B07"", ""B8A"", ""B11"", ""B12"", ""B01"", ""B09""], ""class_names"": [""Abies"", ""Acer"", ""Alnus"", ""Betula"", ""Cleared"", ""Fagus"", ""Fraxinus"", ""Larix"", ""Picea"", ""Pinus"", ""Populus"", ""Prunus"", ""Pseudotsuga"", ""Quercus"", ""Tilia""], ""download"": false, ""extracted_manifest_path"": ""./reports/dataset_manifests/treesatai_actual_manifest.csv"", ""extracted_manifest_sha256"": ""b958ada672e7aeaa29652731af814834e9dae4fbe1c53d2edc92802ff18eae54"", ""image_size"": 224, ""input_bands"": ""s2"", ""multilabel"": true, ""name"": ""treesatai"", ""native_image_size"": 304, ""normalization"": {""mean"": [245.31068420410156, 387.63568115234375, 248.4667205810547, 2825.93603515625, 625.9300537109375, 2118.83740234375, 2709.37890625, 2982.208740234375, 1316.7186279296875, 594.203369140625, 265.8070068359375, 2962.182373046875], ""method"": ""channelwise_standardization"", ""raw_units"": ""official_treeSatAI_s2_DN"", ""statistics_split"": ""train"", ""std"": [117.73491668701172, 130.0995635986328, 129.66375732421875, 756.8175659179688, 191.35238647460938, 517.2822265625, 691.1488037109375, 754.9419555664062, 411.339111328125, 234.48863220214844, 125.9928207397461, 674.169189453125]}, ""normalize"": true, ""num_classes"": 15, ""num_workers"": 4, ""official_artifact_available_timestamps"": 1, ""protocol"": ""geobench2_treesatai"", ""root"": ""./datasets/treesatai"", ""source"": ""GEO-Bench-2@fd9d0b664e6fb0faba54636bdff4906634debd4b"", ""spatial_resolution_m"": 10, ""temporal_protocol"": ""shared_encoder_per_timestamp_then_mean_features"", ""temporal_source"": ""official_static_s2_single_timestamp"", ""wavelength_source"": ""pinned GeoBenchV2 DatasetBandRegistry.TREESATAI/SENTINEL2"", ""wavelengths_nm"": [490.0, 560.0, 665.0, 842.0, 705.0, 740.0, 783.0, 865.0, 1610.0, 2190.0, 443.0, 945.0]}","{""backbone_learning_rate"": 0.0001, ""batch_size"": 64, ""checkpoint"": {""metric"": ""nll"", ""mode"": ""min"", ""split"": ""val""}, ""early_stopping"": {""enabled"": true, ""min_delta"": 0.0, ""patience"": 15}, ""epochs"": 100, ""gradient_clipping"": {""enabled"": false}, ""head_learning_rate"": 0.001, ""layerwise_lr_decay"": {""enabled"": false}, ""learning_rate"": 0.0001, ""limit_train_batches"": null, ""limit_val_batches"": null, ""optimizer"": {""name"": ""adamw""}, ""warmup"": {""enabled"": true, ""epochs"": 5, ""type"": ""linear""}, ""weight_decay"": 0.01}","{""actual_wavelength_units"": ""micrometers"", ""actual_wavelengths"": [0.49, 0.56, 0.665, 0.842, 0.705, 0.74, 0.783, 0.865, 1.61, 2.19, 0.443, 0.945], ""adaptation_mode"": ""full_finetune"", ""dofa_root"": ""./DOFA"", ""expected_frozen_backbone_parameters"": [""pos_embed""], ""freeze_backbone"": false, ""head"": {""architecture"": ""linear"", ""dropout"": 0.1}, ""name"": ""dofa"", ""pretrained"": true, ""size"": ""base"", ""weights_path"": ""./DOFA/checkpoints/DOFA_ViT_base_e100.pth"", ""weights_sha256"": ""4720985e42b918ac0307009eb06121a3435d9bbce6fd95446f84824a538165b1""}"
classification,treesatai,dofa,full_finetune,deep_ensemble,,42;43;44,ENSEMBLE,,,,N/A — post-hoc probability mean; members use minimum validation NLL,multilabel: accuracy=strict exact match; NLL/Brier average sample-label decisions; ECE-15 flattened binary decisions,reports/c3_classification_results.csv;results/final_thesis/c3_temperature_scaling_and_ensembles/classification/deep_ensembles/treesatai/dofa/full_finetune/manifest.json,results/final_thesis/c3_temperature_scaling_and_ensembles/classification/deep_ensembles/treesatai/dofa/full_finetune/ensemble_predictions.parquet,True,255837,results/final_thesis/c3_temperature_scaling_and_ensembles/classification/deep_ensembles/treesatai/dofa/full_finetune/manifest.json,0dbce76aaa8ca9918060c69e4b83dd74c4dca0a7d79abdb18c62503834bb769f,sha256:af23e14b2d75b8e64a69f582c35734075b5316873fc12c1f6e32af5e9e5890df,,,,,,,,
classification,treesatai,panopticon,frozen,deterministic,42,42,INDIVIDUAL_SEED,20260815T204959852998Z_treesatai_panopticon_frozen_seed42_5c8cc8e4,/workspace/results/final_thesis/classification/treesatai_frozen/runs/20260815T204959852998Z_treesatai_panopticon_frozen_seed42_5c8cc8e4/best.pt,ff5d0acdb43f90e74552dfdd7f8f2c79f7301101d526a9d014ab5c6d71eef961,minimum validation NLL (earliest tie),multilabel: accuracy=strict exact match; NLL/Brier average sample-label decisions; ECE-15 flattened binary decisions,reports/c1_classification_run_audits/20260816T063820Z/c1_run_audit.json;results/final_thesis/classification/treesatai_frozen/runs/20260815T204959852998Z_treesatai_panopticon_frozen_seed42_5c8cc8e4/run_summary.json,results/final_thesis/classification/treesatai_frozen/runs/20260815T204959852998Z_treesatai_panopticon_frozen_seed42_5c8cc8e4/predictions/test/deterministic/predictions.parquet,True,6707315,results/final_thesis/classification/treesatai_frozen/runs/20260815T204959852998Z_treesatai_panopticon_frozen_seed42_5c8cc8e4/predictions/test/deterministic/manifest.json,cdfcdabf64e15e6a6ce142e0cde1acf854e565aee21991951045d3c30f1ddbeb,sha256:af23e14b2d75b8e64a69f582c35734075b5316873fc12c1f6e32af5e9e5890df,results/final_thesis/classification/treesatai_frozen/runs/20260815T204959852998Z_treesatai_panopticon_frozen_seed42_5c8cc8e4/resolved_config.yaml,df875f2a1f277d18f0c205d381df5516056deb63cac95dbb7382811275ce30b2,d4c7e9d07a9ee2f1b431bd06822fc4648a1f17f4bc6db8352dd65ce8b9e18c67,True,"{""weights"": ""VIT_BASE14"", ""weights_cache_path"": ""/home/yesong/.cache/torch/hub/checkpoints/panopticon_vitb14_teacher.pth"", ""weights_sha256"": ""55024f411a7f383ed1a646d9b833b65683a4443846603fc7d37591d5afe9d26e""}","{""artifact_path"": ""./datasets/treesatai/geobench_treesatai.tortilla"", ""artifact_sha256"": ""0ddb8068720242ad4f5931ea91f3459ed695ad490bbaa48905afe72dd9623aee"", ""augmentations"": {""calibration"": ""none"", ""test"": ""none"", ""train"": ""none"", ""val"": ""none""}, ""channels"": [""B02"", ""B03"", ""B04"", ""B08"", ""B05"", ""B06"", ""B07"", ""B8A"", ""B11"", ""B12"", ""B01"", ""B09""], ""class_names"": [""Abies"", ""Acer"", ""Alnus"", ""Betula"", ""Cleared"", ""Fagus"", ""Fraxinus"", ""Larix"", ""Picea"", ""Pinus"", ""Populus"", ""Prunus"", ""Pseudotsuga"", ""Quercus"", ""Tilia""], ""download"": false, ""extracted_manifest_path"": ""./reports/dataset_manifests/treesatai_actual_manifest.csv"", ""extracted_manifest_sha256"": ""b958ada672e7aeaa29652731af814834e9dae4fbe1c53d2edc92802ff18eae54"", ""image_size"": 224, ""input_bands"": ""s2"", ""multilabel"": true, ""name"": ""treesatai"", ""native_image_size"": 304, ""normalization"": {""mean"": [245.31068420410156, 387.63568115234375, 248.4667205810547, 2825.93603515625, 625.9300537109375, 2118.83740234375, 2709.37890625, 2982.208740234375, 1316.7186279296875, 594.203369140625, 265.8070068359375, 2962.182373046875], ""method"": ""channelwise_standardization"", ""raw_units"": ""official_treeSatAI_s2_DN"", ""statistics_split"": ""train"", ""std"": [117.73491668701172, 130.0995635986328, 129.66375732421875, 756.8175659179688, 191.35238647460938, 517.2822265625, 691.1488037109375, 754.9419555664062, 411.339111328125, 234.48863220214844, 125.9928207397461, 674.169189453125]}, ""normalize"": true, ""num_classes"": 15, ""num_workers"": 4, ""official_artifact_available_timestamps"": 1, ""protocol"": ""geobench2_treesatai"", ""root"": ""./datasets/treesatai"", ""source"": ""GEO-Bench-2@fd9d0b664e6fb0faba54636bdff4906634debd4b"", ""spatial_resolution_m"": 10, ""temporal_protocol"": ""shared_encoder_per_timestamp_then_mean_features"", ""temporal_source"": ""official_static_s2_single_timestamp"", ""wavelength_source"": ""pinned GeoBenchV2 DatasetBandRegistry.TREESATAI/SENTINEL2"", ""wavelengths_nm"": [490.0, 560.0, 665.0, 842.0, 705.0, 740.0, 783.0, 865.0, 1610.0, 2190.0, 443.0, 945.0]}","{""backbone_learning_rate"": 0.001, ""batch_size"": 64, ""checkpoint"": {""metric"": ""nll"", ""mode"": ""min"", ""split"": ""val""}, ""early_stopping"": {""enabled"": true, ""min_delta"": 0.0, ""patience"": 10}, ""epochs"": 50, ""gradient_clipping"": {""enabled"": false}, ""head_learning_rate"": 0.001, ""layerwise_lr_decay"": {""enabled"": false}, ""learning_rate"": 0.001, ""limit_train_batches"": null, ""limit_val_batches"": null, ""optimizer"": {""name"": ""adamw""}, ""warmup"": {""enabled"": false, ""epochs"": 0, ""type"": ""linear""}, ""weight_decay"": 0.01}","{""actual_wavelength_units"": ""nanometers"", ""actual_wavelengths"": [490.0, 560.0, 665.0, 842.0, 705.0, 740.0, 783.0, 865.0, 1610.0, 2190.0, 443.0, 945.0], ""adaptation_mode"": ""frozen"", ""freeze_backbone"": true, ""head"": {""architecture"": ""linear"", ""dropout"": 0.0}, ""name"": ""panopticon"", ""pretrained"": true, ""size"": ""base"", ""weights"": ""VIT_BASE14"", ""weights_cache_path"": ""/home/yesong/.cache/torch/hub/checkpoints/panopticon_vitb14_teacher.pth"", ""weights_sha256"": ""55024f411a7f383ed1a646d9b833b65683a4443846603fc7d37591d5afe9d26e""}"
classification,treesatai,panopticon,frozen,deterministic,43,43,INDIVIDUAL_SEED,20260816T014811037405Z_treesatai_panopticon_frozen_seed43_baa4ef7a,/workspace/results/final_thesis/classification/treesatai_frozen/runs/20260816T014811037405Z_treesatai_panopticon_frozen_seed43_baa4ef7a/best.pt,1749b5dd267bf64aeb5dc5846d3c5c718ca788338cb1757c5a0a1d64d93d3297,minimum validation NLL (earliest tie),multilabel: accuracy=strict exact match; NLL/Brier average sample-label decisions; ECE-15 flattened binary decisions,reports/c1_classification_run_audits/20260816T063820Z/c1_run_audit.json;results/final_thesis/classification/treesatai_frozen/runs/20260816T014811037405Z_treesatai_panopticon_frozen_seed43_baa4ef7a/run_summary.json,results/final_thesis/classification/treesatai_frozen/runs/20260816T014811037405Z_treesatai_panopticon_frozen_seed43_baa4ef7a/predictions/test/deterministic/predictions.parquet,True,6707255,results/final_thesis/classification/treesatai_frozen/runs/20260816T014811037405Z_treesatai_panopticon_frozen_seed43_baa4ef7a/predictions/test/deterministic/manifest.json,010e4ec75fa5157025ed0aabbb32cf65d6967b197692fbf835b34c079062521f,sha256:af23e14b2d75b8e64a69f582c35734075b5316873fc12c1f6e32af5e9e5890df,results/final_thesis/classification/treesatai_frozen/runs/20260816T014811037405Z_treesatai_panopticon_frozen_seed43_baa4ef7a/resolved_config.yaml,12d8a308ad87cd1402520f7869736a3c8d467004f34fed631e91eea62e696ef5,a034ccdfa6ce19ee6dbb5df1ed4cceb8cc1e568b2f8f54863b71e3d12a803667,True,"{""weights"": ""VIT_BASE14"", ""weights_cache_path"": ""/home/yesong/.cache/torch/hub/checkpoints/panopticon_vitb14_teacher.pth"", ""weights_sha256"": ""55024f411a7f383ed1a646d9b833b65683a4443846603fc7d37591d5afe9d26e""}","{""artifact_path"": ""./datasets/treesatai/geobench_treesatai.tortilla"", ""artifact_sha256"": ""0ddb8068720242ad4f5931ea91f3459ed695ad490bbaa48905afe72dd9623aee"", ""augmentations"": {""calibration"": ""none"", ""test"": ""none"", ""train"": ""none"", ""val"": ""none""}, ""channels"": [""B02"", ""B03"", ""B04"", ""B08"", ""B05"", ""B06"", ""B07"", ""B8A"", ""B11"", ""B12"", ""B01"", ""B09""], ""class_names"": [""Abies"", ""Acer"", ""Alnus"", ""Betula"", ""Cleared"", ""Fagus"", ""Fraxinus"", ""Larix"", ""Picea"", ""Pinus"", ""Populus"", ""Prunus"", ""Pseudotsuga"", ""Quercus"", ""Tilia""], ""download"": false, ""extracted_manifest_path"": ""./reports/dataset_manifests/treesatai_actual_manifest.csv"", ""extracted_manifest_sha256"": ""b958ada672e7aeaa29652731af814834e9dae4fbe1c53d2edc92802ff18eae54"", ""image_size"": 224, ""input_bands"": ""s2"", ""multilabel"": true, ""name"": ""treesatai"", ""native_image_size"": 304, ""normalization"": {""mean"": [245.31068420410156, 387.63568115234375, 248.4667205810547, 2825.93603515625, 625.9300537109375, 2118.83740234375, 2709.37890625, 2982.208740234375, 1316.7186279296875, 594.203369140625, 265.8070068359375, 2962.182373046875], ""method"": ""channelwise_standardization"", ""raw_units"": ""official_treeSatAI_s2_DN"", ""statistics_split"": ""train"", ""std"": [117.73491668701172, 130.0995635986328, 129.66375732421875, 756.8175659179688, 191.35238647460938, 517.2822265625, 691.1488037109375, 754.9419555664062, 411.339111328125, 234.48863220214844, 125.9928207397461, 674.169189453125]}, ""normalize"": true, ""num_classes"": 15, ""num_workers"": 4, ""official_artifact_available_timestamps"": 1, ""protocol"": ""geobench2_treesatai"", ""root"": ""./datasets/treesatai"", ""source"": ""GEO-Bench-2@fd9d0b664e6fb0faba54636bdff4906634debd4b"", ""spatial_resolution_m"": 10, ""temporal_protocol"": ""shared_encoder_per_timestamp_then_mean_features"", ""temporal_source"": ""official_static_s2_single_timestamp"", ""wavelength_source"": ""pinned GeoBenchV2 DatasetBandRegistry.TREESATAI/SENTINEL2"", ""wavelengths_nm"": [490.0, 560.0, 665.0, 842.0, 705.0, 740.0, 783.0, 865.0, 1610.0, 2190.0, 443.0, 945.0]}","{""backbone_learning_rate"": 0.001, ""batch_size"": 64, ""checkpoint"": {""metric"": ""nll"", ""mode"": ""min"", ""split"": ""val""}, ""early_stopping"": {""enabled"": true, ""min_delta"": 0.0, ""patience"": 10}, ""epochs"": 50, ""gradient_clipping"": {""enabled"": false}, ""head_learning_rate"": 0.001, ""layerwise_lr_decay"": {""enabled"": false}, ""learning_rate"": 0.001, ""limit_train_batches"": null, ""limit_val_batches"": null, ""optimizer"": {""name"": ""adamw""}, ""warmup"": {""enabled"": false, ""epochs"": 0, ""type"": ""linear""}, ""weight_decay"": 0.01}","{""actual_wavelength_units"": ""nanometers"", ""actual_wavelengths"": [490.0, 560.0, 665.0, 842.0, 705.0, 740.0, 783.0, 865.0, 1610.0, 2190.0, 443.0, 945.0], ""adaptation_mode"": ""frozen"", ""freeze_backbone"": true, ""head"": {""architecture"": ""linear"", ""dropout"": 0.0}, ""name"": ""panopticon"", ""pretrained"": true, ""size"": ""base"", ""weights"": ""VIT_BASE14"", ""weights_cache_path"": ""/home/yesong/.cache/torch/hub/checkpoints/panopticon_vitb14_teacher.pth"", ""weights_sha256"": ""55024f411a7f383ed1a646d9b833b65683a4443846603fc7d37591d5afe9d26e""}"
classification,treesatai,panopticon,frozen,deterministic,44,44,INDIVIDUAL_SEED,20260816T020829175076Z_treesatai_panopticon_frozen_seed44_341d0eca,/workspace/results/final_thesis/classification/treesatai_frozen/runs/20260816T020829175076Z_treesatai_panopticon_frozen_seed44_341d0eca/best.pt,82d85a4a1819fe7f7220171707d513df66a66ce7796e32c2e5b3f8f522789f26,minimum validation NLL (earliest tie),multilabel: accuracy=strict exact match; NLL/Brier average sample-label decisions; ECE-15 flattened binary decisions,reports/c1_classification_run_audits/20260816T063820Z/c1_run_audit.json;results/final_thesis/classification/treesatai_frozen/runs/20260816T020829175076Z_treesatai_panopticon_frozen_seed44_341d0eca/run_summary.json,results/final_thesis/classification/treesatai_frozen/runs/20260816T020829175076Z_treesatai_panopticon_frozen_seed44_341d0eca/predictions/test/deterministic/predictions.parquet,True,6707831,results/final_thesis/classification/treesatai_frozen/runs/20260816T020829175076Z_treesatai_panopticon_frozen_seed44_341d0eca/predictions/test/deterministic/manifest.json,5c41a366484dabcce2a76b41b4ec021b80693cdf55dff7a6e861a2191cba920d,sha256:af23e14b2d75b8e64a69f582c35734075b5316873fc12c1f6e32af5e9e5890df,results/final_thesis/classification/treesatai_frozen/runs/20260816T020829175076Z_treesatai_panopticon_frozen_seed44_341d0eca/resolved_config.yaml,231064fd695bdc1bc31bd2f0d510f264482f065c3731d021cc18fe10b1406117,a034ccdfa6ce19ee6dbb5df1ed4cceb8cc1e568b2f8f54863b71e3d12a803667,True,"{""weights"": ""VIT_BASE14"", ""weights_cache_path"": ""/home/yesong/.cache/torch/hub/checkpoints/panopticon_vitb14_teacher.pth"", ""weights_sha256"": ""55024f411a7f383ed1a646d9b833b65683a4443846603fc7d37591d5afe9d26e""}","{""artifact_path"": ""./datasets/treesatai/geobench_treesatai.tortilla"", ""artifact_sha256"": ""0ddb8068720242ad4f5931ea91f3459ed695ad490bbaa48905afe72dd9623aee"", ""augmentations"": {""calibration"": ""none"", ""test"": ""none"", ""train"": ""none"", ""val"": ""none""}, ""channels"": [""B02"", ""B03"", ""B04"", ""B08"", ""B05"", ""B06"", ""B07"", ""B8A"", ""B11"", ""B12"", ""B01"", ""B09""], ""class_names"": [""Abies"", ""Acer"", ""Alnus"", ""Betula"", ""Cleared"", ""Fagus"", ""Fraxinus"", ""Larix"", ""Picea"", ""Pinus"", ""Populus"", ""Prunus"", ""Pseudotsuga"", ""Quercus"", ""Tilia""], ""download"": false, ""extracted_manifest_path"": ""./reports/dataset_manifests/treesatai_actual_manifest.csv"", ""extracted_manifest_sha256"": ""b958ada672e7aeaa29652731af814834e9dae4fbe1c53d2edc92802ff18eae54"", ""image_size"": 224, ""input_bands"": ""s2"", ""multilabel"": true, ""name"": ""treesatai"", ""native_image_size"": 304, ""normalization"": {""mean"": [245.31068420410156, 387.63568115234375, 248.4667205810547, 2825.93603515625, 625.9300537109375, 2118.83740234375, 2709.37890625, 2982.208740234375, 1316.7186279296875, 594.203369140625, 265.8070068359375, 2962.182373046875], ""method"": ""channelwise_standardization"", ""raw_units"": ""official_treeSatAI_s2_DN"", ""statistics_split"": ""train"", ""std"": [117.73491668701172, 130.0995635986328, 129.66375732421875, 756.8175659179688, 191.35238647460938, 517.2822265625, 691.1488037109375, 754.9419555664062, 411.339111328125, 234.48863220214844, 125.9928207397461, 674.169189453125]}, ""normalize"": true, ""num_classes"": 15, ""num_workers"": 4, ""official_artifact_available_timestamps"": 1, ""protocol"": ""geobench2_treesatai"", ""root"": ""./datasets/treesatai"", ""source"": ""GEO-Bench-2@fd9d0b664e6fb0faba54636bdff4906634debd4b"", ""spatial_resolution_m"": 10, ""temporal_protocol"": ""shared_encoder_per_timestamp_then_mean_features"", ""temporal_source"": ""official_static_s2_single_timestamp"", ""wavelength_source"": ""pinned GeoBenchV2 DatasetBandRegistry.TREESATAI/SENTINEL2"", ""wavelengths_nm"": [490.0, 560.0, 665.0, 842.0, 705.0, 740.0, 783.0, 865.0, 1610.0, 2190.0, 443.0, 945.0]}","{""backbone_learning_rate"": 0.001, ""batch_size"": 64, ""checkpoint"": {""metric"": ""nll"", ""mode"": ""min"", ""split"": ""val""}, ""early_stopping"": {""enabled"": true, ""min_delta"": 0.0, ""patience"": 10}, ""epochs"": 50, ""gradient_clipping"": {""enabled"": false}, ""head_learning_rate"": 0.001, ""layerwise_lr_decay"": {""enabled"": false}, ""learning_rate"": 0.001, ""limit_train_batches"": null, ""limit_val_batches"": null, ""optimizer"": {""name"": ""adamw""}, ""warmup"": {""enabled"": false, ""epochs"": 0, ""type"": ""linear""}, ""weight_decay"": 0.01}","{""actual_wavelength_units"": ""nanometers"", ""actual_wavelengths"": [490.0, 560.0, 665.0, 842.0, 705.0, 740.0, 783.0, 865.0, 1610.0, 2190.0, 443.0, 945.0], ""adaptation_mode"": ""frozen"", ""freeze_backbone"": true, ""head"": {""architecture"": ""linear"", ""dropout"": 0.0}, ""name"": ""panopticon"", ""pretrained"": true, ""size"": ""base"", ""weights"": ""VIT_BASE14"", ""weights_cache_path"": ""/home/yesong/.cache/torch/hub/checkpoints/panopticon_vitb14_teacher.pth"", ""weights_sha256"": ""55024f411a7f383ed1a646d9b833b65683a4443846603fc7d37591d5afe9d26e""}"
classification,treesatai,panopticon,frozen,mc_dropout,42,42,INDIVIDUAL_SEED,20260826T124630941184Z_c5_mcd_treesatai_panopticon_frozen_seed42_4f216ca7,/workspace/results/final_thesis/mc_dropout/classification/treesatai/panopticon/frozen/runs/20260826T124630941184Z_c5_mcd_treesatai_panopticon_frozen_seed42_4f216ca7/best.pt,e0d2a139da59b22feb08f9685a78698a2dc88af6de9379d7387b3edf7f44ca47,minimum validation NLL (earliest tie),multilabel: accuracy=strict exact match; NLL/Brier average sample-label decisions; ECE-15 flattened binary decisions,reports/mc_dropout_results.csv;results/final_thesis/mc_dropout/inference/classification/treesatai/panopticon/frozen/seed42/c5_audit.json,results/final_thesis/mc_dropout/inference/classification/treesatai/panopticon/frozen/seed42/predictions.parquet,True,6707519,results/final_thesis/mc_dropout/inference/classification/treesatai/panopticon/frozen/seed42/c5_audit.json,445c182f18e9b0c554d24c50bc09cef3bb024ff499c67d9e5162e37621e3f488,sha256:af23e14b2d75b8e64a69f582c35734075b5316873fc12c1f6e32af5e9e5890df,results/final_thesis/mc_dropout/classification/treesatai/panopticon/frozen/runs/20260826T124630941184Z_c5_mcd_treesatai_panopticon_frozen_seed42_4f216ca7/resolved_config.yaml,92eaad4a06a9e7ab17f726f521b64751c0a907d50950d2711461bd2b23c2962c,3f02889656dfd2c6c3cb99e5cc1760c5eceaa842095f26884230a89ef4df913b,True,"{""weights"": ""VIT_BASE14"", ""weights_cache_path"": ""/home/yesong/.cache/torch/hub/checkpoints/panopticon_vitb14_teacher.pth"", ""weights_sha256"": ""55024f411a7f383ed1a646d9b833b65683a4443846603fc7d37591d5afe9d26e""}","{""artifact_path"": ""./datasets/treesatai/geobench_treesatai.tortilla"", ""artifact_sha256"": ""0ddb8068720242ad4f5931ea91f3459ed695ad490bbaa48905afe72dd9623aee"", ""augmentations"": {""calibration"": ""none"", ""test"": ""none"", ""train"": ""none"", ""val"": ""none""}, ""channels"": [""B02"", ""B03"", ""B04"", ""B08"", ""B05"", ""B06"", ""B07"", ""B8A"", ""B11"", ""B12"", ""B01"", ""B09""], ""class_names"": [""Abies"", ""Acer"", ""Alnus"", ""Betula"", ""Cleared"", ""Fagus"", ""Fraxinus"", ""Larix"", ""Picea"", ""Pinus"", ""Populus"", ""Prunus"", ""Pseudotsuga"", ""Quercus"", ""Tilia""], ""download"": false, ""extracted_manifest_path"": ""./reports/dataset_manifests/treesatai_actual_manifest.csv"", ""extracted_manifest_sha256"": ""b958ada672e7aeaa29652731af814834e9dae4fbe1c53d2edc92802ff18eae54"", ""image_size"": 224, ""input_bands"": ""s2"", ""multilabel"": true, ""name"": ""treesatai"", ""native_image_size"": 304, ""normalization"": {""mean"": [245.31068420410156, 387.63568115234375, 248.4667205810547, 2825.93603515625, 625.9300537109375, 2118.83740234375, 2709.37890625, 2982.208740234375, 1316.7186279296875, 594.203369140625, 265.8070068359375, 2962.182373046875], ""method"": ""channelwise_standardization"", ""raw_units"": ""official_treeSatAI_s2_DN"", ""statistics_split"": ""train"", ""std"": [117.73491668701172, 130.0995635986328, 129.66375732421875, 756.8175659179688, 191.35238647460938, 517.2822265625, 691.1488037109375, 754.9419555664062, 411.339111328125, 234.48863220214844, 125.9928207397461, 674.169189453125]}, ""normalize"": true, ""num_classes"": 15, ""num_workers"": 4, ""official_artifact_available_timestamps"": 1, ""protocol"": ""geobench2_treesatai"", ""root"": ""./datasets/treesatai"", ""source"": ""GEO-Bench-2@fd9d0b664e6fb0faba54636bdff4906634debd4b"", ""spatial_resolution_m"": 10, ""temporal_protocol"": ""shared_encoder_per_timestamp_then_mean_features"", ""temporal_source"": ""official_static_s2_single_timestamp"", ""wavelength_source"": ""pinned GeoBenchV2 DatasetBandRegistry.TREESATAI/SENTINEL2"", ""wavelengths_nm"": [490.0, 560.0, 665.0, 842.0, 705.0, 740.0, 783.0, 865.0, 1610.0, 2190.0, 443.0, 945.0]}","{""backbone_learning_rate"": 0.001, ""batch_size"": 64, ""checkpoint"": {""metric"": ""nll"", ""mode"": ""min"", ""split"": ""val""}, ""early_stopping"": {""enabled"": true, ""min_delta"": 0.0, ""patience"": 10}, ""epochs"": 50, ""gradient_clipping"": {""enabled"": false}, ""head_learning_rate"": 0.001, ""layerwise_lr_decay"": {""enabled"": false}, ""learning_rate"": 0.001, ""limit_train_batches"": null, ""limit_val_batches"": null, ""optimizer"": {""name"": ""adamw""}, ""warmup"": {""enabled"": false, ""epochs"": 0, ""type"": ""linear""}, ""weight_decay"": 0.01}","{""actual_wavelength_units"": ""nanometers"", ""actual_wavelengths"": [490.0, 560.0, 665.0, 842.0, 705.0, 740.0, 783.0, 865.0, 1610.0, 2190.0, 443.0, 945.0], ""adaptation_mode"": ""frozen"", ""freeze_backbone"": true, ""head"": {""architecture"": ""linear"", ""dropout"": 0.1}, ""name"": ""panopticon"", ""pretrained"": true, ""size"": ""base"", ""weights"": ""VIT_BASE14"", ""weights_cache_path"": ""/home/yesong/.cache/torch/hub/checkpoints/panopticon_vitb14_teacher.pth"", ""weights_sha256"": ""55024f411a7f383ed1a646d9b833b65683a4443846603fc7d37591d5afe9d26e""}"
classification,treesatai,panopticon,frozen,deep_ensemble,,42;43;44,ENSEMBLE,,,,N/A — post-hoc probability mean; members use minimum validation NLL,multilabel: accuracy=strict exact match; NLL/Brier average sample-label decisions; ECE-15 flattened binary decisions,reports/c3_classification_results.csv;results/final_thesis/c3_temperature_scaling_and_ensembles/classification/deep_ensembles/treesatai/panopticon/frozen/manifest.json,results/final_thesis/c3_temperature_scaling_and_ensembles/classification/deep_ensembles/treesatai/panopticon/frozen/ensemble_predictions.parquet,True,250804,results/final_thesis/c3_temperature_scaling_and_ensembles/classification/deep_ensembles/treesatai/panopticon/frozen/manifest.json,4c0870f393f275c3cb3a7e5d8a79fc41d9fb657d64ab08d4192c31ded7180d5b,sha256:af23e14b2d75b8e64a69f582c35734075b5316873fc12c1f6e32af5e9e5890df,,,,,,,,
classification,treesatai,panopticon,full_finetune,deterministic,42,42,INDIVIDUAL_SEED,20260815T223733845323Z_treesatai_panopticon_full_finetune_seed42_432b3047,/workspace/results/final_thesis/classification/treesatai_full_finetune/runs/20260815T223733845323Z_treesatai_panopticon_full_finetune_seed42_432b3047/best.pt,8578473a57c2c54eeb0a89b8da120cf98bd256607c157c6cfadb3f78077f6409,minimum validation NLL (earliest tie),multilabel: accuracy=strict exact match; NLL/Brier average sample-label decisions; ECE-15 flattened binary decisions,reports/c1_classification_run_audits/20260816T063820Z/c1_run_audit.json;results/final_thesis/classification/treesatai_full_finetune/runs/20260815T223733845323Z_treesatai_panopticon_full_finetune_seed42_432b3047/run_summary.json,results/final_thesis/classification/treesatai_full_finetune/runs/20260815T223733845323Z_treesatai_panopticon_full_finetune_seed42_432b3047/predictions/test/deterministic/predictions.parquet,True,6703340,results/final_thesis/classification/treesatai_full_finetune/runs/20260815T223733845323Z_treesatai_panopticon_full_finetune_seed42_432b3047/predictions/test/deterministic/manifest.json,e337d679324345db1a563e05783e8df2fe24fb1eb3d7dc8e6c45dc53e23aef7f,sha256:af23e14b2d75b8e64a69f582c35734075b5316873fc12c1f6e32af5e9e5890df,results/final_thesis/classification/treesatai_full_finetune/runs/20260815T223733845323Z_treesatai_panopticon_full_finetune_seed42_432b3047/resolved_config.yaml,51a930b6ff13ad683805a3bf6f89be7a641f8a83f8294430c877968d2df91ac8,82467b95293c2a2459c59405a56e02e6af2eb955db49d3ce642ee0bfb38a61d0,True,"{""weights"": ""VIT_BASE14"", ""weights_cache_path"": ""/home/yesong/.cache/torch/hub/checkpoints/panopticon_vitb14_teacher.pth"", ""weights_sha256"": ""55024f411a7f383ed1a646d9b833b65683a4443846603fc7d37591d5afe9d26e""}","{""artifact_path"": ""./datasets/treesatai/geobench_treesatai.tortilla"", ""artifact_sha256"": ""0ddb8068720242ad4f5931ea91f3459ed695ad490bbaa48905afe72dd9623aee"", ""augmentations"": {""calibration"": ""none"", ""test"": ""none"", ""train"": ""none"", ""val"": ""none""}, ""channels"": [""B02"", ""B03"", ""B04"", ""B08"", ""B05"", ""B06"", ""B07"", ""B8A"", ""B11"", ""B12"", ""B01"", ""B09""], ""class_names"": [""Abies"", ""Acer"", ""Alnus"", ""Betula"", ""Cleared"", ""Fagus"", ""Fraxinus"", ""Larix"", ""Picea"", ""Pinus"", ""Populus"", ""Prunus"", ""Pseudotsuga"", ""Quercus"", ""Tilia""], ""download"": false, ""extracted_manifest_path"": ""./reports/dataset_manifests/treesatai_actual_manifest.csv"", ""extracted_manifest_sha256"": ""b958ada672e7aeaa29652731af814834e9dae4fbe1c53d2edc92802ff18eae54"", ""image_size"": 224, ""input_bands"": ""s2"", ""multilabel"": true, ""name"": ""treesatai"", ""native_image_size"": 304, ""normalization"": {""mean"": [245.31068420410156, 387.63568115234375, 248.4667205810547, 2825.93603515625, 625.9300537109375, 2118.83740234375, 2709.37890625, 2982.208740234375, 1316.7186279296875, 594.203369140625, 265.8070068359375, 2962.182373046875], ""method"": ""channelwise_standardization"", ""raw_units"": ""official_treeSatAI_s2_DN"", ""statistics_split"": ""train"", ""std"": [117.73491668701172, 130.0995635986328, 129.66375732421875, 756.8175659179688, 191.35238647460938, 517.2822265625, 691.1488037109375, 754.9419555664062, 411.339111328125, 234.48863220214844, 125.9928207397461, 674.169189453125]}, ""normalize"": true, ""num_classes"": 15, ""num_workers"": 4, ""official_artifact_available_timestamps"": 1, ""protocol"": ""geobench2_treesatai"", ""root"": ""./datasets/treesatai"", ""source"": ""GEO-Bench-2@fd9d0b664e6fb0faba54636bdff4906634debd4b"", ""spatial_resolution_m"": 10, ""temporal_protocol"": ""shared_encoder_per_timestamp_then_mean_features"", ""temporal_source"": ""official_static_s2_single_timestamp"", ""wavelength_source"": ""pinned GeoBenchV2 DatasetBandRegistry.TREESATAI/SENTINEL2"", ""wavelengths_nm"": [490.0, 560.0, 665.0, 842.0, 705.0, 740.0, 783.0, 865.0, 1610.0, 2190.0, 443.0, 945.0]}","{""backbone_learning_rate"": 0.0001, ""batch_size"": 64, ""checkpoint"": {""metric"": ""nll"", ""mode"": ""min"", ""split"": ""val""}, ""early_stopping"": {""enabled"": true, ""min_delta"": 0.0, ""patience"": 15}, ""epochs"": 100, ""gradient_clipping"": {""enabled"": false}, ""head_learning_rate"": 0.001, ""layerwise_lr_decay"": {""enabled"": false}, ""learning_rate"": 0.0001, ""limit_train_batches"": null, ""limit_val_batches"": null, ""optimizer"": {""name"": ""adamw""}, ""warmup"": {""enabled"": true, ""epochs"": 5, ""type"": ""linear""}, ""weight_decay"": 0.01}","{""actual_wavelength_units"": ""nanometers"", ""actual_wavelengths"": [490.0, 560.0, 665.0, 842.0, 705.0, 740.0, 783.0, 865.0, 1610.0, 2190.0, 443.0, 945.0], ""adaptation_mode"": ""full_finetune"", ""expected_frozen_backbone_parameters"": [""model.patch_embed.chnfus.chnemb.embed_transmit"", ""model.patch_embed.chnfus.chnemb.embed_receive"", ""model.patch_embed.chnfus.chnemb.embed_orbit""], ""freeze_backbone"": false, ""head"": {""architecture"": ""linear"", ""dropout"": 0.0}, ""name"": ""panopticon"", ""pretrained"": true, ""size"": ""base"", ""weights"": ""VIT_BASE14"", ""weights_cache_path"": ""/home/yesong/.cache/torch/hub/checkpoints/panopticon_vitb14_teacher.pth"", ""weights_sha256"": ""55024f411a7f383ed1a646d9b833b65683a4443846603fc7d37591d5afe9d26e""}"
classification,treesatai,panopticon,full_finetune,deterministic,43,43,INDIVIDUAL_SEED,20260816T053348883249Z_treesatai_panopticon_full_finetune_seed43_b7ae4087,/workspace/results/final_thesis/classification/treesatai_full_finetune/runs/20260816T053348883249Z_treesatai_panopticon_full_finetune_seed43_b7ae4087/best.pt,c8c3ade5b041682723a7d6b9ee9455eefdfcf56a77a097911ffc9ef656d9a403,minimum validation NLL (earliest tie),multilabel: accuracy=strict exact match; NLL/Brier average sample-label decisions; ECE-15 flattened binary decisions,reports/c1_classification_run_audits/20260816T063820Z/c1_run_audit.json;results/final_thesis/classification/treesatai_full_finetune/runs/20260816T053348883249Z_treesatai_panopticon_full_finetune_seed43_b7ae4087/run_summary.json,results/final_thesis/classification/treesatai_full_finetune/runs/20260816T053348883249Z_treesatai_panopticon_full_finetune_seed43_b7ae4087/predictions/test/deterministic/predictions.parquet,True,6700618,results/final_thesis/classification/treesatai_full_finetune/runs/20260816T053348883249Z_treesatai_panopticon_full_finetune_seed43_b7ae4087/predictions/test/deterministic/manifest.json,a04206f0bfcf1c63cef30157428de283333748998b3c8790600dbbe552569e2b,sha256:af23e14b2d75b8e64a69f582c35734075b5316873fc12c1f6e32af5e9e5890df,results/final_thesis/classification/treesatai_full_finetune/runs/20260816T053348883249Z_treesatai_panopticon_full_finetune_seed43_b7ae4087/resolved_config.yaml,5ec8c4258527b761e5c3469cd734b1e14ff9b45f19b258b1070dcad1e23d647e,a034ccdfa6ce19ee6dbb5df1ed4cceb8cc1e568b2f8f54863b71e3d12a803667,True,"{""weights"": ""VIT_BASE14"", ""weights_cache_path"": ""/home/yesong/.cache/torch/hub/checkpoints/panopticon_vitb14_teacher.pth"", ""weights_sha256"": ""55024f411a7f383ed1a646d9b833b65683a4443846603fc7d37591d5afe9d26e""}","{""artifact_path"": ""./datasets/treesatai/geobench_treesatai.tortilla"", ""artifact_sha256"": ""0ddb8068720242ad4f5931ea91f3459ed695ad490bbaa48905afe72dd9623aee"", ""augmentations"": {""calibration"": ""none"", ""test"": ""none"", ""train"": ""none"", ""val"": ""none""}, ""channels"": [""B02"", ""B03"", ""B04"", ""B08"", ""B05"", ""B06"", ""B07"", ""B8A"", ""B11"", ""B12"", ""B01"", ""B09""], ""class_names"": [""Abies"", ""Acer"", ""Alnus"", ""Betula"", ""Cleared"", ""Fagus"", ""Fraxinus"", ""Larix"", ""Picea"", ""Pinus"", ""Populus"", ""Prunus"", ""Pseudotsuga"", ""Quercus"", ""Tilia""], ""download"": false, ""extracted_manifest_path"": ""./reports/dataset_manifests/treesatai_actual_manifest.csv"", ""extracted_manifest_sha256"": ""b958ada672e7aeaa29652731af814834e9dae4fbe1c53d2edc92802ff18eae54"", ""image_size"": 224, ""input_bands"": ""s2"", ""multilabel"": true, ""name"": ""treesatai"", ""native_image_size"": 304, ""normalization"": {""mean"": [245.31068420410156, 387.63568115234375, 248.4667205810547, 2825.93603515625, 625.9300537109375, 2118.83740234375, 2709.37890625, 2982.208740234375, 1316.7186279296875, 594.203369140625, 265.8070068359375, 2962.182373046875], ""method"": ""channelwise_standardization"", ""raw_units"": ""official_treeSatAI_s2_DN"", ""statistics_split"": ""train"", ""std"": [117.73491668701172, 130.0995635986328, 129.66375732421875, 756.8175659179688, 191.35238647460938, 517.2822265625, 691.1488037109375, 754.9419555664062, 411.339111328125, 234.48863220214844, 125.9928207397461, 674.169189453125]}, ""normalize"": true, ""num_classes"": 15, ""num_workers"": 4, ""official_artifact_available_timestamps"": 1, ""protocol"": ""geobench2_treesatai"", ""root"": ""./datasets/treesatai"", ""source"": ""GEO-Bench-2@fd9d0b664e6fb0faba54636bdff4906634debd4b"", ""spatial_resolution_m"": 10, ""temporal_protocol"": ""shared_encoder_per_timestamp_then_mean_features"", ""temporal_source"": ""official_static_s2_single_timestamp"", ""wavelength_source"": ""pinned GeoBenchV2 DatasetBandRegistry.TREESATAI/SENTINEL2"", ""wavelengths_nm"": [490.0, 560.0, 665.0, 842.0, 705.0, 740.0, 783.0, 865.0, 1610.0, 2190.0, 443.0, 945.0]}","{""backbone_learning_rate"": 0.0001, ""batch_size"": 64, ""checkpoint"": {""metric"": ""nll"", ""mode"": ""min"", ""split"": ""val""}, ""early_stopping"": {""enabled"": true, ""min_delta"": 0.0, ""patience"": 15}, ""epochs"": 100, ""gradient_clipping"": {""enabled"": false}, ""head_learning_rate"": 0.001, ""layerwise_lr_decay"": {""enabled"": false}, ""learning_rate"": 0.0001, ""limit_train_batches"": null, ""limit_val_batches"": null, ""optimizer"": {""name"": ""adamw""}, ""warmup"": {""enabled"": true, ""epochs"": 5, ""type"": ""linear""}, ""weight_decay"": 0.01}","{""actual_wavelength_units"": ""nanometers"", ""actual_wavelengths"": [490.0, 560.0, 665.0, 842.0, 705.0, 740.0, 783.0, 865.0, 1610.0, 2190.0, 443.0, 945.0], ""adaptation_mode"": ""full_finetune"", ""expected_frozen_backbone_parameters"": [""model.patch_embed.chnfus.chnemb.embed_transmit"", ""model.patch_embed.chnfus.chnemb.embed_receive"", ""model.patch_embed.chnfus.chnemb.embed_orbit""], ""freeze_backbone"": false, ""head"": {""architecture"": ""linear"", ""dropout"": 0.0}, ""name"": ""panopticon"", ""pretrained"": true, ""size"": ""base"", ""weights"": ""VIT_BASE14"", ""weights_cache_path"": ""/home/yesong/.cache/torch/hub/checkpoints/panopticon_vitb14_teacher.pth"", ""weights_sha256"": ""55024f411a7f383ed1a646d9b833b65683a4443846603fc7d37591d5afe9d26e""}"
classification,treesatai,panopticon,full_finetune,deterministic,44,44,INDIVIDUAL_SEED,20260816T060624868595Z_treesatai_panopticon_full_finetune_seed44_d6d97c6a,/workspace/results/final_thesis/classification/treesatai_full_finetune/runs/20260816T060624868595Z_treesatai_panopticon_full_finetune_seed44_d6d97c6a/best.pt,9855e64b64c83d2ce54eab7fcbe066d08bc1b99d0f77e75d63e5b4a010f0c879,minimum validation NLL (earliest tie),multilabel: accuracy=strict exact match; NLL/Brier average sample-label decisions; ECE-15 flattened binary decisions,reports/c1_classification_run_audits/20260816T063820Z/c1_run_audit.json;results/final_thesis/classification/treesatai_full_finetune/runs/20260816T060624868595Z_treesatai_panopticon_full_finetune_seed44_d6d97c6a/run_summary.json,results/final_thesis/classification/treesatai_full_finetune/runs/20260816T060624868595Z_treesatai_panopticon_full_finetune_seed44_d6d97c6a/predictions/test/deterministic/predictions.parquet,True,6706870,results/final_thesis/classification/treesatai_full_finetune/runs/20260816T060624868595Z_treesatai_panopticon_full_finetune_seed44_d6d97c6a/predictions/test/deterministic/manifest.json,a5d7437cdd3f254d79d96931265e0b33fd850a2588945e4b2808754395694474,sha256:af23e14b2d75b8e64a69f582c35734075b5316873fc12c1f6e32af5e9e5890df,results/final_thesis/classification/treesatai_full_finetune/runs/20260816T060624868595Z_treesatai_panopticon_full_finetune_seed44_d6d97c6a/resolved_config.yaml,cad16842f5817345aee92aac8c6ea0ea9346d03e8cc47442456da30e622c3ccb,a034ccdfa6ce19ee6dbb5df1ed4cceb8cc1e568b2f8f54863b71e3d12a803667,True,"{""weights"": ""VIT_BASE14"", ""weights_cache_path"": ""/home/yesong/.cache/torch/hub/checkpoints/panopticon_vitb14_teacher.pth"", ""weights_sha256"": ""55024f411a7f383ed1a646d9b833b65683a4443846603fc7d37591d5afe9d26e""}","{""artifact_path"": ""./datasets/treesatai/geobench_treesatai.tortilla"", ""artifact_sha256"": ""0ddb8068720242ad4f5931ea91f3459ed695ad490bbaa48905afe72dd9623aee"", ""augmentations"": {""calibration"": ""none"", ""test"": ""none"", ""train"": ""none"", ""val"": ""none""}, ""channels"": [""B02"", ""B03"", ""B04"", ""B08"", ""B05"", ""B06"", ""B07"", ""B8A"", ""B11"", ""B12"", ""B01"", ""B09""], ""class_names"": [""Abies"", ""Acer"", ""Alnus"", ""Betula"", ""Cleared"", ""Fagus"", ""Fraxinus"", ""Larix"", ""Picea"", ""Pinus"", ""Populus"", ""Prunus"", ""Pseudotsuga"", ""Quercus"", ""Tilia""], ""download"": false, ""extracted_manifest_path"": ""./reports/dataset_manifests/treesatai_actual_manifest.csv"", ""extracted_manifest_sha256"": ""b958ada672e7aeaa29652731af814834e9dae4fbe1c53d2edc92802ff18eae54"", ""image_size"": 224, ""input_bands"": ""s2"", ""multilabel"": true, ""name"": ""treesatai"", ""native_image_size"": 304, ""normalization"": {""mean"": [245.31068420410156, 387.63568115234375, 248.4667205810547, 2825.93603515625, 625.9300537109375, 2118.83740234375, 2709.37890625, 2982.208740234375, 1316.7186279296875, 594.203369140625, 265.8070068359375, 2962.182373046875], ""method"": ""channelwise_standardization"", ""raw_units"": ""official_treeSatAI_s2_DN"", ""statistics_split"": ""train"", ""std"": [117.73491668701172, 130.0995635986328, 129.66375732421875, 756.8175659179688, 191.35238647460938, 517.2822265625, 691.1488037109375, 754.9419555664062, 411.339111328125, 234.48863220214844, 125.9928207397461, 674.169189453125]}, ""normalize"": true, ""num_classes"": 15, ""num_workers"": 4, ""official_artifact_available_timestamps"": 1, ""protocol"": ""geobench2_treesatai"", ""root"": ""./datasets/treesatai"", ""source"": ""GEO-Bench-2@fd9d0b664e6fb0faba54636bdff4906634debd4b"", ""spatial_resolution_m"": 10, ""temporal_protocol"": ""shared_encoder_per_timestamp_then_mean_features"", ""temporal_source"": ""official_static_s2_single_timestamp"", ""wavelength_source"": ""pinned GeoBenchV2 DatasetBandRegistry.TREESATAI/SENTINEL2"", ""wavelengths_nm"": [490.0, 560.0, 665.0, 842.0, 705.0, 740.0, 783.0, 865.0, 1610.0, 2190.0, 443.0, 945.0]}","{""backbone_learning_rate"": 0.0001, ""batch_size"": 64, ""checkpoint"": {""metric"": ""nll"", ""mode"": ""min"", ""split"": ""val""}, ""early_stopping"": {""enabled"": true, ""min_delta"": 0.0, ""patience"": 15}, ""epochs"": 100, ""gradient_clipping"": {""enabled"": false}, ""head_learning_rate"": 0.001, ""layerwise_lr_decay"": {""enabled"": false}, ""learning_rate"": 0.0001, ""limit_train_batches"": null, ""limit_val_batches"": null, ""optimizer"": {""name"": ""adamw""}, ""warmup"": {""enabled"": true, ""epochs"": 5, ""type"": ""linear""}, ""weight_decay"": 0.01}","{""actual_wavelength_units"": ""nanometers"", ""actual_wavelengths"": [490.0, 560.0, 665.0, 842.0, 705.0, 740.0, 783.0, 865.0, 1610.0, 2190.0, 443.0, 945.0], ""adaptation_mode"": ""full_finetune"", ""expected_frozen_backbone_parameters"": [""model.patch_embed.chnfus.chnemb.embed_transmit"", ""model.patch_embed.chnfus.chnemb.embed_receive"", ""model.patch_embed.chnfus.chnemb.embed_orbit""], ""freeze_backbone"": false, ""head"": {""architecture"": ""linear"", ""dropout"": 0.0}, ""name"": ""panopticon"", ""pretrained"": true, ""size"": ""base"", ""weights"": ""VIT_BASE14"", ""weights_cache_path"": ""/home/yesong/.cache/torch/hub/checkpoints/panopticon_vitb14_teacher.pth"", ""weights_sha256"": ""55024f411a7f383ed1a646d9b833b65683a4443846603fc7d37591d5afe9d26e""}"
classification,treesatai,panopticon,full_finetune,mc_dropout,42,42,INDIVIDUAL_SEED,20260826T074610277789Z_c5_mcd_treesatai_panopticon_full_finetune_seed42_c06b6282,/workspace/results/final_thesis/mc_dropout/classification/treesatai/panopticon/full_finetune/runs/20260826T074610277789Z_c5_mcd_treesatai_panopticon_full_finetune_seed42_c06b6282/best.pt,c4a09583c92002c1417be2a2d643e1bca2861f1620e9b1d5acd30f9ca81eb2cb,minimum validation NLL (earliest tie),multilabel: accuracy=strict exact match; NLL/Brier average sample-label decisions; ECE-15 flattened binary decisions,reports/mc_dropout_results.csv;results/final_thesis/mc_dropout/inference/classification/treesatai/panopticon/full_finetune/seed42/c5_audit.json,results/final_thesis/mc_dropout/inference/classification/treesatai/panopticon/full_finetune/seed42/predictions.parquet,True,6704727,results/final_thesis/mc_dropout/inference/classification/treesatai/panopticon/full_finetune/seed42/c5_audit.json,d7a58c712c99cffc2f01eec6cd9e9cf3f4abf450015d9c09b4aa88ca3088cd5c,sha256:af23e14b2d75b8e64a69f582c35734075b5316873fc12c1f6e32af5e9e5890df,results/final_thesis/mc_dropout/classification/treesatai/panopticon/full_finetune/runs/20260826T074610277789Z_c5_mcd_treesatai_panopticon_full_finetune_seed42_c06b6282/resolved_config.yaml,5ae9a1f00d42b8dcd3509acc2303fcea88c36a5af18cb434e21f4ead2a760e92,df93ce2e979426f3bbe928a0a79969487f3c225c84a38bb313b8c7362e034bac,True,"{""weights"": ""VIT_BASE14"", ""weights_cache_path"": ""/home/yesong/.cache/torch/hub/checkpoints/panopticon_vitb14_teacher.pth"", ""weights_sha256"": ""55024f411a7f383ed1a646d9b833b65683a4443846603fc7d37591d5afe9d26e""}","{""artifact_path"": ""./datasets/treesatai/geobench_treesatai.tortilla"", ""artifact_sha256"": ""0ddb8068720242ad4f5931ea91f3459ed695ad490bbaa48905afe72dd9623aee"", ""augmentations"": {""calibration"": ""none"", ""test"": ""none"", ""train"": ""none"", ""val"": ""none""}, ""channels"": [""B02"", ""B03"", ""B04"", ""B08"", ""B05"", ""B06"", ""B07"", ""B8A"", ""B11"", ""B12"", ""B01"", ""B09""], ""class_names"": [""Abies"", ""Acer"", ""Alnus"", ""Betula"", ""Cleared"", ""Fagus"", ""Fraxinus"", ""Larix"", ""Picea"", ""Pinus"", ""Populus"", ""Prunus"", ""Pseudotsuga"", ""Quercus"", ""Tilia""], ""download"": false, ""extracted_manifest_path"": ""./reports/dataset_manifests/treesatai_actual_manifest.csv"", ""extracted_manifest_sha256"": ""b958ada672e7aeaa29652731af814834e9dae4fbe1c53d2edc92802ff18eae54"", ""image_size"": 224, ""input_bands"": ""s2"", ""multilabel"": true, ""name"": ""treesatai"", ""native_image_size"": 304, ""normalization"": {""mean"": [245.31068420410156, 387.63568115234375, 248.4667205810547, 2825.93603515625, 625.9300537109375, 2118.83740234375, 2709.37890625, 2982.208740234375, 1316.7186279296875, 594.203369140625, 265.8070068359375, 2962.182373046875], ""method"": ""channelwise_standardization"", ""raw_units"": ""official_treeSatAI_s2_DN"", ""statistics_split"": ""train"", ""std"": [117.73491668701172, 130.0995635986328, 129.66375732421875, 756.8175659179688, 191.35238647460938, 517.2822265625, 691.1488037109375, 754.9419555664062, 411.339111328125, 234.48863220214844, 125.9928207397461, 674.169189453125]}, ""normalize"": true, ""num_classes"": 15, ""num_workers"": 4, ""official_artifact_available_timestamps"": 1, ""protocol"": ""geobench2_treesatai"", ""root"": ""./datasets/treesatai"", ""source"": ""GEO-Bench-2@fd9d0b664e6fb0faba54636bdff4906634debd4b"", ""spatial_resolution_m"": 10, ""temporal_protocol"": ""shared_encoder_per_timestamp_then_mean_features"", ""temporal_source"": ""official_static_s2_single_timestamp"", ""wavelength_source"": ""pinned GeoBenchV2 DatasetBandRegistry.TREESATAI/SENTINEL2"", ""wavelengths_nm"": [490.0, 560.0, 665.0, 842.0, 705.0, 740.0, 783.0, 865.0, 1610.0, 2190.0, 443.0, 945.0]}","{""backbone_learning_rate"": 0.0001, ""batch_size"": 64, ""checkpoint"": {""metric"": ""nll"", ""mode"": ""min"", ""split"": ""val""}, ""early_stopping"": {""enabled"": true, ""min_delta"": 0.0, ""patience"": 15}, ""epochs"": 100, ""gradient_clipping"": {""enabled"": false}, ""head_learning_rate"": 0.001, ""layerwise_lr_decay"": {""enabled"": false}, ""learning_rate"": 0.0001, ""limit_train_batches"": null, ""limit_val_batches"": null, ""optimizer"": {""name"": ""adamw""}, ""warmup"": {""enabled"": true, ""epochs"": 5, ""type"": ""linear""}, ""weight_decay"": 0.01}","{""actual_wavelength_units"": ""nanometers"", ""actual_wavelengths"": [490.0, 560.0, 665.0, 842.0, 705.0, 740.0, 783.0, 865.0, 1610.0, 2190.0, 443.0, 945.0], ""adaptation_mode"": ""full_finetune"", ""expected_frozen_backbone_parameters"": [""model.patch_embed.chnfus.chnemb.embed_transmit"", ""model.patch_embed.chnfus.chnemb.embed_receive"", ""model.patch_embed.chnfus.chnemb.embed_orbit""], ""freeze_backbone"": false, ""head"": {""architecture"": ""linear"", ""dropout"": 0.1}, ""name"": ""panopticon"", ""pretrained"": true, ""size"": ""base"", ""weights"": ""VIT_BASE14"", ""weights_cache_path"": ""/home/yesong/.cache/torch/hub/checkpoints/panopticon_vitb14_teacher.pth"", ""weights_sha256"": ""55024f411a7f383ed1a646d9b833b65683a4443846603fc7d37591d5afe9d26e""}"
classification,treesatai,panopticon,full_finetune,mc_dropout,43,43,INDIVIDUAL_SEED,20260826T111326975579Z_c5_mcd_treesatai_panopticon_full_finetune_seed43_a5ddbffa,/workspace/results/final_thesis/mc_dropout/classification/treesatai/panopticon/full_finetune/runs/20260826T111326975579Z_c5_mcd_treesatai_panopticon_full_finetune_seed43_a5ddbffa/best.pt,b0d232222fcf3b963cddf85b64e6913180b96ff23b769b97b23a487a0dfb2fff,minimum validation NLL (earliest tie),multilabel: accuracy=strict exact match; NLL/Brier average sample-label decisions; ECE-15 flattened binary decisions,reports/mc_dropout_results.csv;results/final_thesis/mc_dropout/inference/classification/treesatai/panopticon/full_finetune/seed43/c5_audit.json,results/final_thesis/mc_dropout/inference/classification/treesatai/panopticon/full_finetune/seed43/predictions.parquet,True,6697667,results/final_thesis/mc_dropout/inference/classification/treesatai/panopticon/full_finetune/seed43/c5_audit.json,5e37576bebf03639169c595047bd6a1492fcfc778a6059a5f9fd3a2f76292f30,sha256:af23e14b2d75b8e64a69f582c35734075b5316873fc12c1f6e32af5e9e5890df,results/final_thesis/mc_dropout/classification/treesatai/panopticon/full_finetune/runs/20260826T111326975579Z_c5_mcd_treesatai_panopticon_full_finetune_seed43_a5ddbffa/resolved_config.yaml,e2b40156bb60ac7383bafaa90b80cc19b0aea24a3e41cc22a21e52b5bb4b3d4b,3f02889656dfd2c6c3cb99e5cc1760c5eceaa842095f26884230a89ef4df913b,True,"{""weights"": ""VIT_BASE14"", ""weights_cache_path"": ""/home/yesong/.cache/torch/hub/checkpoints/panopticon_vitb14_teacher.pth"", ""weights_sha256"": ""55024f411a7f383ed1a646d9b833b65683a4443846603fc7d37591d5afe9d26e""}","{""artifact_path"": ""./datasets/treesatai/geobench_treesatai.tortilla"", ""artifact_sha256"": ""0ddb8068720242ad4f5931ea91f3459ed695ad490bbaa48905afe72dd9623aee"", ""augmentations"": {""calibration"": ""none"", ""test"": ""none"", ""train"": ""none"", ""val"": ""none""}, ""channels"": [""B02"", ""B03"", ""B04"", ""B08"", ""B05"", ""B06"", ""B07"", ""B8A"", ""B11"", ""B12"", ""B01"", ""B09""], ""class_names"": [""Abies"", ""Acer"", ""Alnus"", ""Betula"", ""Cleared"", ""Fagus"", ""Fraxinus"", ""Larix"", ""Picea"", ""Pinus"", ""Populus"", ""Prunus"", ""Pseudotsuga"", ""Quercus"", ""Tilia""], ""download"": false, ""extracted_manifest_path"": ""./reports/dataset_manifests/treesatai_actual_manifest.csv"", ""extracted_manifest_sha256"": ""b958ada672e7aeaa29652731af814834e9dae4fbe1c53d2edc92802ff18eae54"", ""image_size"": 224, ""input_bands"": ""s2"", ""multilabel"": true, ""name"": ""treesatai"", ""native_image_size"": 304, ""normalization"": {""mean"": [245.31068420410156, 387.63568115234375, 248.4667205810547, 2825.93603515625, 625.9300537109375, 2118.83740234375, 2709.37890625, 2982.208740234375, 1316.7186279296875, 594.203369140625, 265.8070068359375, 2962.182373046875], ""method"": ""channelwise_standardization"", ""raw_units"": ""official_treeSatAI_s2_DN"", ""statistics_split"": ""train"", ""std"": [117.73491668701172, 130.0995635986328, 129.66375732421875, 756.8175659179688, 191.35238647460938, 517.2822265625, 691.1488037109375, 754.9419555664062, 411.339111328125, 234.48863220214844, 125.9928207397461, 674.169189453125]}, ""normalize"": true, ""num_classes"": 15, ""num_workers"": 4, ""official_artifact_available_timestamps"": 1, ""protocol"": ""geobench2_treesatai"", ""root"": ""./datasets/treesatai"", ""source"": ""GEO-Bench-2@fd9d0b664e6fb0faba54636bdff4906634debd4b"", ""spatial_resolution_m"": 10, ""temporal_protocol"": ""shared_encoder_per_timestamp_then_mean_features"", ""temporal_source"": ""official_static_s2_single_timestamp"", ""wavelength_source"": ""pinned GeoBenchV2 DatasetBandRegistry.TREESATAI/SENTINEL2"", ""wavelengths_nm"": [490.0, 560.0, 665.0, 842.0, 705.0, 740.0, 783.0, 865.0, 1610.0, 2190.0, 443.0, 945.0]}","{""backbone_learning_rate"": 0.0001, ""batch_size"": 64, ""checkpoint"": {""metric"": ""nll"", ""mode"": ""min"", ""split"": ""val""}, ""early_stopping"": {""enabled"": true, ""min_delta"": 0.0, ""patience"": 15}, ""epochs"": 100, ""gradient_clipping"": {""enabled"": false}, ""head_learning_rate"": 0.001, ""layerwise_lr_decay"": {""enabled"": false}, ""learning_rate"": 0.0001, ""limit_train_batches"": null, ""limit_val_batches"": null, ""optimizer"": {""name"": ""adamw""}, ""warmup"": {""enabled"": true, ""epochs"": 5, ""type"": ""linear""}, ""weight_decay"": 0.01}","{""actual_wavelength_units"": ""nanometers"", ""actual_wavelengths"": [490.0, 560.0, 665.0, 842.0, 705.0, 740.0, 783.0, 865.0, 1610.0, 2190.0, 443.0, 945.0], ""adaptation_mode"": ""full_finetune"", ""expected_frozen_backbone_parameters"": [""model.patch_embed.chnfus.chnemb.embed_transmit"", ""model.patch_embed.chnfus.chnemb.embed_receive"", ""model.patch_embed.chnfus.chnemb.embed_orbit""], ""freeze_backbone"": false, ""head"": {""architecture"": ""linear"", ""dropout"": 0.1}, ""name"": ""panopticon"", ""pretrained"": true, ""size"": ""base"", ""weights"": ""VIT_BASE14"", ""weights_cache_path"": ""/home/yesong/.cache/torch/hub/checkpoints/panopticon_vitb14_teacher.pth"", ""weights_sha256"": ""55024f411a7f383ed1a646d9b833b65683a4443846603fc7d37591d5afe9d26e""}"
classification,treesatai,panopticon,full_finetune,mc_dropout,44,44,INDIVIDUAL_SEED,20260826T114425744236Z_c5_mcd_treesatai_panopticon_full_finetune_seed44_4db2cd96,/workspace/results/final_thesis/mc_dropout/classification/treesatai/panopticon/full_finetune/runs/20260826T114425744236Z_c5_mcd_treesatai_panopticon_full_finetune_seed44_4db2cd96/best.pt,c884b87b6a017f63d03a5d4ddb8beefae7fc251613b375bf248513c13754bcb6,minimum validation NLL (earliest tie),multilabel: accuracy=strict exact match; NLL/Brier average sample-label decisions; ECE-15 flattened binary decisions,reports/mc_dropout_results.csv;results/final_thesis/mc_dropout/inference/classification/treesatai/panopticon/full_finetune/seed44/c5_audit.json,results/final_thesis/mc_dropout/inference/classification/treesatai/panopticon/full_finetune/seed44/predictions.parquet,True,6702699,results/final_thesis/mc_dropout/inference/classification/treesatai/panopticon/full_finetune/seed44/c5_audit.json,2f232fa4bc26532beeeb3f4c041728b197f12096fb1898dc58f675993f51fbb9,sha256:af23e14b2d75b8e64a69f582c35734075b5316873fc12c1f6e32af5e9e5890df,results/final_thesis/mc_dropout/classification/treesatai/panopticon/full_finetune/runs/20260826T114425744236Z_c5_mcd_treesatai_panopticon_full_finetune_seed44_4db2cd96/resolved_config.yaml,4676ec99a0ecf6117da0fbec55e5f3029842d31298fd072561cd3fde1ae07b83,3f02889656dfd2c6c3cb99e5cc1760c5eceaa842095f26884230a89ef4df913b,True,"{""weights"": ""VIT_BASE14"", ""weights_cache_path"": ""/home/yesong/.cache/torch/hub/checkpoints/panopticon_vitb14_teacher.pth"", ""weights_sha256"": ""55024f411a7f383ed1a646d9b833b65683a4443846603fc7d37591d5afe9d26e""}","{""artifact_path"": ""./datasets/treesatai/geobench_treesatai.tortilla"", ""artifact_sha256"": ""0ddb8068720242ad4f5931ea91f3459ed695ad490bbaa48905afe72dd9623aee"", ""augmentations"": {""calibration"": ""none"", ""test"": ""none"", ""train"": ""none"", ""val"": ""none""}, ""channels"": [""B02"", ""B03"", ""B04"", ""B08"", ""B05"", ""B06"", ""B07"", ""B8A"", ""B11"", ""B12"", ""B01"", ""B09""], ""class_names"": [""Abies"", ""Acer"", ""Alnus"", ""Betula"", ""Cleared"", ""Fagus"", ""Fraxinus"", ""Larix"", ""Picea"", ""Pinus"", ""Populus"", ""Prunus"", ""Pseudotsuga"", ""Quercus"", ""Tilia""], ""download"": false, ""extracted_manifest_path"": ""./reports/dataset_manifests/treesatai_actual_manifest.csv"", ""extracted_manifest_sha256"": ""b958ada672e7aeaa29652731af814834e9dae4fbe1c53d2edc92802ff18eae54"", ""image_size"": 224, ""input_bands"": ""s2"", ""multilabel"": true, ""name"": ""treesatai"", ""native_image_size"": 304, ""normalization"": {""mean"": [245.31068420410156, 387.63568115234375, 248.4667205810547, 2825.93603515625, 625.9300537109375, 2118.83740234375, 2709.37890625, 2982.208740234375, 1316.7186279296875, 594.203369140625, 265.8070068359375, 2962.182373046875], ""method"": ""channelwise_standardization"", ""raw_units"": ""official_treeSatAI_s2_DN"", ""statistics_split"": ""train"", ""std"": [117.73491668701172, 130.0995635986328, 129.66375732421875, 756.8175659179688, 191.35238647460938, 517.2822265625, 691.1488037109375, 754.9419555664062, 411.339111328125, 234.48863220214844, 125.9928207397461, 674.169189453125]}, ""normalize"": true, ""num_classes"": 15, ""num_workers"": 4, ""official_artifact_available_timestamps"": 1, ""protocol"": ""geobench2_treesatai"", ""root"": ""./datasets/treesatai"", ""source"": ""GEO-Bench-2@fd9d0b664e6fb0faba54636bdff4906634debd4b"", ""spatial_resolution_m"": 10, ""temporal_protocol"": ""shared_encoder_per_timestamp_then_mean_features"", ""temporal_source"": ""official_static_s2_single_timestamp"", ""wavelength_source"": ""pinned GeoBenchV2 DatasetBandRegistry.TREESATAI/SENTINEL2"", ""wavelengths_nm"": [490.0, 560.0, 665.0, 842.0, 705.0, 740.0, 783.0, 865.0, 1610.0, 2190.0, 443.0, 945.0]}","{""backbone_learning_rate"": 0.0001, ""batch_size"": 64, ""checkpoint"": {""metric"": ""nll"", ""mode"": ""min"", ""split"": ""val""}, ""early_stopping"": {""enabled"": true, ""min_delta"": 0.0, ""patience"": 15}, ""epochs"": 100, ""gradient_clipping"": {""enabled"": false}, ""head_learning_rate"": 0.001, ""layerwise_lr_decay"": {""enabled"": false}, ""learning_rate"": 0.0001, ""limit_train_batches"": null, ""limit_val_batches"": null, ""optimizer"": {""name"": ""adamw""}, ""warmup"": {""enabled"": true, ""epochs"": 5, ""type"": ""linear""}, ""weight_decay"": 0.01}","{""actual_wavelength_units"": ""nanometers"", ""actual_wavelengths"": [490.0, 560.0, 665.0, 842.0, 705.0, 740.0, 783.0, 865.0, 1610.0, 2190.0, 443.0, 945.0], ""adaptation_mode"": ""full_finetune"", ""expected_frozen_backbone_parameters"": [""model.patch_embed.chnfus.chnemb.embed_transmit"", ""model.patch_embed.chnfus.chnemb.embed_receive"", ""model.patch_embed.chnfus.chnemb.embed_orbit""], ""freeze_backbone"": false, ""head"": {""architecture"": ""linear"", ""dropout"": 0.1}, ""name"": ""panopticon"", ""pretrained"": true, ""size"": ""base"", ""weights"": ""VIT_BASE14"", ""weights_cache_path"": ""/home/yesong/.cache/torch/hub/checkpoints/panopticon_vitb14_teacher.pth"", ""weights_sha256"": ""55024f411a7f383ed1a646d9b833b65683a4443846603fc7d37591d5afe9d26e""}"
classification,treesatai,panopticon,full_finetune,deep_ensemble,,42;43;44,ENSEMBLE,,,,N/A — post-hoc probability mean; members use minimum validation NLL,multilabel: accuracy=strict exact match; NLL/Brier average sample-label decisions; ECE-15 flattened binary decisions,reports/c3_classification_results.csv;results/final_thesis/c3_temperature_scaling_and_ensembles/classification/deep_ensembles/treesatai/panopticon/full_finetune/manifest.json,results/final_thesis/c3_temperature_scaling_and_ensembles/classification/deep_ensembles/treesatai/panopticon/full_finetune/ensemble_predictions.parquet,True,253789,results/final_thesis/c3_temperature_scaling_and_ensembles/classification/deep_ensembles/treesatai/panopticon/full_finetune/manifest.json,b3ce8baf48050fce984072af261fead5f40d93e0e4140360b5ac4794763d29c0,sha256:af23e14b2d75b8e64a69f582c35734075b5316873fc12c1f6e32af5e9e5890df,,,,,,,,
segmentation,cloudsen12,dofa,frozen,deterministic,42,42,INDIVIDUAL_SEED,20260823T212554430984Z_cloudsen12_dofa_frozen_seed42_5d8edd5b,/workspace/results/final_thesis/segmentation/cloudsen12_frozen/runs/20260823T212554430984Z_cloudsen12_dofa_frozen_seed42_5d8edd5b/best.pt,9c0d9b3ca6b1a09cb54a26c2e206cb4bebf338eb011cb6589da15d747e9424d3,maximum validation mIoU (earliest tie),valid-pixel multiclass segmentation metrics,reports/c2_segmentation_run_audits/20260824T162250Z/audit.csv;reports/c2_segmentation_run_audits/20260824T162250Z/audit.json;results/final_thesis/segmentation/cloudsen12_frozen/runs/20260823T212554430984Z_cloudsen12_dofa_frozen_seed42_5d8edd5b/run_summary.json;results/final_thesis/segmentation/cloudsen12_frozen/runs/20260823T212554430984Z_cloudsen12_dofa_frozen_seed42_5d8edd5b/results.json,results/final_thesis/segmentation/cloudsen12_frozen/runs/20260823T212554430984Z_cloudsen12_dofa_frozen_seed42_5d8edd5b/predictions/test/deterministic/predictions.npz,True,1732458989,results/final_thesis/segmentation/cloudsen12_frozen/runs/20260823T212554430984Z_cloudsen12_dofa_frozen_seed42_5d8edd5b/predictions/test/deterministic/manifest.json,c907086bd380c7345355cbc5384e5b916ba52efd54a6f04501ce8a458c04f918,sha256:af23e14b2d75b8e64a69f582c35734075b5316873fc12c1f6e32af5e9e5890df,results/final_thesis/segmentation/cloudsen12_frozen/runs/20260823T212554430984Z_cloudsen12_dofa_frozen_seed42_5d8edd5b/resolved_config.yaml,47ff03bf9389369642d40a1caf7392b62ef7f306399389eb62d095a05a4a694a,b84b35625bc2314ded05274b716be24ac69dbb2f267a28e3c664b028ad033dec,True,"{""weights_path"": ""./DOFA/checkpoints/DOFA_ViT_base_e100.pth"", ""weights_sha256"": ""4720985e42b918ac0307009eb06121a3435d9bbce6fd95446f84824a538165b1""}","{""artifact_path"": ""./datasets/cloudsen12/geobench_cloudsen12.tortilla"", ""artifact_sha256"": ""16b3c03d7b15cf42f6ef0cee6d453b6ad8ebbe7744674c4b58657511f7f5d0c0"", ""augmentations"": {""test"": ""none"", ""train"": ""none"", ""val"": ""none""}, ""channels"": [""B01"", ""B02"", ""B03"", ""B04"", ""B05"", ""B06"", ""B07"", ""B08"", ""B8A"", ""B09"", ""B11"", ""B12""], ""class_names"": [""clear"", ""thick cloud"", ""thin cloud"", ""cloud shadow""], ""download"": false, ""extracted_manifest_path"": ""./reports/dataset_manifests/cloudsen12_actual_manifest.csv"", ""extracted_manifest_sha256"": ""af395425e531b213e59f49290bb3101715557583cefb48d6efc7b02465d95f1a"", ""ignore_index"": null, ""image_size"": 224, ""input_bands"": ""optical"", ""mask_resize"": ""nearest"", ""name"": ""cloudsen12"", ""native_gsd_m"": 10, ""native_image_size"": 512, ""normalization"": {""mean"": [2030.244384765625, 2074.817138671875, 2209.807373046875, 2247.927490234375, 2589.593505859375, 3103.521240234375, 3277.909423828125, 3331.6318359375, 3377.544677734375, 4038.193115234375, 2448.748046875, 1907.728515625], ""method"": ""channelwise_standardization"", ""source"": ""pinned_geobench2_train_statistics"", ""std"": [2723.43603515625, 2691.302734375, 2539.91357421875, 2538.520751953125, 2504.328369140625, 2241.74462890625, 2145.667724609375, 2176.997802734375, 2066.763671875, 3083.179931640625, 1595.065185546875, 1474.11767578125]}, ""num_classes"": 4, ""num_workers"": 4, ""protocol"": ""geobench2_cloudsen12"", ""root"": ""./datasets/cloudsen12"", ""source"": ""GEO-Bench-2@fd9d0b664e6fb0faba54636bdff4906634debd4b"", ""split_source"": ""embedded_official_manifest"", ""wavelength_source"": ""pinned GeoBenchV2 DatasetBandRegistry.CLOUDSEN12/SENTINEL2"", ""wavelengths_nm"": [443.0, 490.0, 560.0, 665.0, 705.0, 740.0, 783.0, 842.0, 865.0, 945.0, 1610.0, 2190.0]}","{""backbone_learning_rate"": 0.0001, ""batch_size"": 8, ""checkpoint"": {""metric"": ""miou"", ""mode"": ""max"", ""split"": ""val""}, ""early_stopping"": {""enabled"": true, ""min_delta"": 0.0, ""patience"": 10}, ""epochs"": 50, ""gradient_clipping"": {""enabled"": false}, ""head_learning_rate"": 0.001, ""layerwise_lr_decay"": {""enabled"": false}, ""learning_rate"": 0.001, ""limit_train_batches"": null, ""limit_val_batches"": null, ""optimizer"": {""name"": ""adamw""}, ""warmup"": {""enabled"": false, ""epochs"": 0, ""type"": ""linear""}, ""weight_decay"": 0.01}","{""actual_wavelength_units"": ""micrometers"", ""actual_wavelengths"": [0.443, 0.49, 0.56, 0.665, 0.705, 0.74, 0.783, 0.842, 0.865, 0.945, 1.61, 2.19], ""adaptation_mode"": ""frozen"", ""decoder"": {""architecture"": ""unet"", ""channels"": [256, 128, 64, 32]}, ""dofa_root"": ""./DOFA"", ""freeze_backbone"": true, ""name"": ""dofa"", ""pretrained"": true, ""size"": ""base"", ""weights_path"": ""./DOFA/checkpoints/DOFA_ViT_base_e100.pth"", ""weights_sha256"": ""4720985e42b918ac0307009eb06121a3435d9bbce6fd95446f84824a538165b1""}"
segmentation,cloudsen12,dofa,frozen,deterministic,43,43,INDIVIDUAL_SEED,20260824T063305175307Z_cloudsen12_dofa_frozen_seed43_d20a830e,/workspace/results/final_thesis/segmentation/cloudsen12_frozen/runs/20260824T063305175307Z_cloudsen12_dofa_frozen_seed43_d20a830e/best.pt,866c2faa36f180363f952497058680beae5d004b9e44fc3e679379effc54a4c6,maximum validation mIoU (earliest tie),valid-pixel multiclass segmentation metrics,reports/c2_segmentation_run_audits/20260824T162250Z/audit.csv;reports/c2_segmentation_run_audits/20260824T162250Z/audit.json;results/final_thesis/segmentation/cloudsen12_frozen/runs/20260824T063305175307Z_cloudsen12_dofa_frozen_seed43_d20a830e/run_summary.json;results/final_thesis/segmentation/cloudsen12_frozen/runs/20260824T063305175307Z_cloudsen12_dofa_frozen_seed43_d20a830e/results.json,results/final_thesis/segmentation/cloudsen12_frozen/runs/20260824T063305175307Z_cloudsen12_dofa_frozen_seed43_d20a830e/predictions/test/deterministic/predictions.npz,True,1724412376,results/final_thesis/segmentation/cloudsen12_frozen/runs/20260824T063305175307Z_cloudsen12_dofa_frozen_seed43_d20a830e/predictions/test/deterministic/manifest.json,ff1fea751f3f7312a1bd53a505213009d44f0cd116c56356b5aee669de8c5a6c,sha256:af23e14b2d75b8e64a69f582c35734075b5316873fc12c1f6e32af5e9e5890df,results/final_thesis/segmentation/cloudsen12_frozen/runs/20260824T063305175307Z_cloudsen12_dofa_frozen_seed43_d20a830e/resolved_config.yaml,24eb701fe879ed7d1402efb9611071dd08232105ae95814ecd5b84e5db9a2845,b5ae435f7c427ac50dd43c68fbc8e95ac81639393a99d47e946348015d5d9f93,True,"{""weights_path"": ""./DOFA/checkpoints/DOFA_ViT_base_e100.pth"", ""weights_sha256"": ""4720985e42b918ac0307009eb06121a3435d9bbce6fd95446f84824a538165b1""}","{""artifact_path"": ""./datasets/cloudsen12/geobench_cloudsen12.tortilla"", ""artifact_sha256"": ""16b3c03d7b15cf42f6ef0cee6d453b6ad8ebbe7744674c4b58657511f7f5d0c0"", ""augmentations"": {""test"": ""none"", ""train"": ""none"", ""val"": ""none""}, ""channels"": [""B01"", ""B02"", ""B03"", ""B04"", ""B05"", ""B06"", ""B07"", ""B08"", ""B8A"", ""B09"", ""B11"", ""B12""], ""class_names"": [""clear"", ""thick cloud"", ""thin cloud"", ""cloud shadow""], ""download"": false, ""extracted_manifest_path"": ""./reports/dataset_manifests/cloudsen12_actual_manifest.csv"", ""extracted_manifest_sha256"": ""af395425e531b213e59f49290bb3101715557583cefb48d6efc7b02465d95f1a"", ""ignore_index"": null, ""image_size"": 224, ""input_bands"": ""optical"", ""mask_resize"": ""nearest"", ""name"": ""cloudsen12"", ""native_gsd_m"": 10, ""native_image_size"": 512, ""normalization"": {""mean"": [2030.244384765625, 2074.817138671875, 2209.807373046875, 2247.927490234375, 2589.593505859375, 3103.521240234375, 3277.909423828125, 3331.6318359375, 3377.544677734375, 4038.193115234375, 2448.748046875, 1907.728515625], ""method"": ""channelwise_standardization"", ""source"": ""pinned_geobench2_train_statistics"", ""std"": [2723.43603515625, 2691.302734375, 2539.91357421875, 2538.520751953125, 2504.328369140625, 2241.74462890625, 2145.667724609375, 2176.997802734375, 2066.763671875, 3083.179931640625, 1595.065185546875, 1474.11767578125]}, ""num_classes"": 4, ""num_workers"": 4, ""protocol"": ""geobench2_cloudsen12"", ""root"": ""./datasets/cloudsen12"", ""source"": ""GEO-Bench-2@fd9d0b664e6fb0faba54636bdff4906634debd4b"", ""split_source"": ""embedded_official_manifest"", ""wavelength_source"": ""pinned GeoBenchV2 DatasetBandRegistry.CLOUDSEN12/SENTINEL2"", ""wavelengths_nm"": [443.0, 490.0, 560.0, 665.0, 705.0, 740.0, 783.0, 842.0, 865.0, 945.0, 1610.0, 2190.0]}","{""backbone_learning_rate"": 0.0001, ""batch_size"": 8, ""checkpoint"": {""metric"": ""miou"", ""mode"": ""max"", ""split"": ""val""}, ""early_stopping"": {""enabled"": true, ""min_delta"": 0.0, ""patience"": 10}, ""epochs"": 50, ""gradient_clipping"": {""enabled"": false}, ""head_learning_rate"": 0.001, ""layerwise_lr_decay"": {""enabled"": false}, ""learning_rate"": 0.001, ""limit_train_batches"": null, ""limit_val_batches"": null, ""optimizer"": {""name"": ""adamw""}, ""warmup"": {""enabled"": false, ""epochs"": 0, ""type"": ""linear""}, ""weight_decay"": 0.01}","{""actual_wavelength_units"": ""micrometers"", ""actual_wavelengths"": [0.443, 0.49, 0.56, 0.665, 0.705, 0.74, 0.783, 0.842, 0.865, 0.945, 1.61, 2.19], ""adaptation_mode"": ""frozen"", ""decoder"": {""architecture"": ""unet"", ""channels"": [256, 128, 64, 32]}, ""dofa_root"": ""./DOFA"", ""freeze_backbone"": true, ""name"": ""dofa"", ""pretrained"": true, ""size"": ""base"", ""weights_path"": ""./DOFA/checkpoints/DOFA_ViT_base_e100.pth"", ""weights_sha256"": ""4720985e42b918ac0307009eb06121a3435d9bbce6fd95446f84824a538165b1""}"
segmentation,cloudsen12,dofa,frozen,deterministic,44,44,INDIVIDUAL_SEED,20260824T135116679838Z_cloudsen12_dofa_frozen_seed44_2cce2dc4,/workspace/results/final_thesis/segmentation/cloudsen12_frozen/runs/20260824T135116679838Z_cloudsen12_dofa_frozen_seed44_2cce2dc4/best.pt,ea7dc5dcd810f82f78a2bc664401967112e11d605d14c557e5fc8d9ed62a3f8a,maximum validation mIoU (earliest tie),valid-pixel multiclass segmentation metrics,reports/c2_segmentation_run_audits/20260824T162250Z/audit.csv;reports/c2_segmentation_run_audits/20260824T162250Z/audit.json;results/final_thesis/segmentation/cloudsen12_frozen/runs/20260824T135116679838Z_cloudsen12_dofa_frozen_seed44_2cce2dc4/run_summary.json;results/final_thesis/segmentation/cloudsen12_frozen/runs/20260824T135116679838Z_cloudsen12_dofa_frozen_seed44_2cce2dc4/results.json,results/final_thesis/segmentation/cloudsen12_frozen/runs/20260824T135116679838Z_cloudsen12_dofa_frozen_seed44_2cce2dc4/predictions/test/deterministic/predictions.npz,True,1723477283,results/final_thesis/segmentation/cloudsen12_frozen/runs/20260824T135116679838Z_cloudsen12_dofa_frozen_seed44_2cce2dc4/predictions/test/deterministic/manifest.json,67433ddfbe47c165dc7d300284eff097b9e16d8f71f867d60e57fcdba04589b7,sha256:af23e14b2d75b8e64a69f582c35734075b5316873fc12c1f6e32af5e9e5890df,results/final_thesis/segmentation/cloudsen12_frozen/runs/20260824T135116679838Z_cloudsen12_dofa_frozen_seed44_2cce2dc4/resolved_config.yaml,9dd3d905dd4927536cbd449efa5dc18db03cdbde82466e35cfff71fde3d0afb0,b5ae435f7c427ac50dd43c68fbc8e95ac81639393a99d47e946348015d5d9f93,True,"{""weights_path"": ""./DOFA/checkpoints/DOFA_ViT_base_e100.pth"", ""weights_sha256"": ""4720985e42b918ac0307009eb06121a3435d9bbce6fd95446f84824a538165b1""}","{""artifact_path"": ""./datasets/cloudsen12/geobench_cloudsen12.tortilla"", ""artifact_sha256"": ""16b3c03d7b15cf42f6ef0cee6d453b6ad8ebbe7744674c4b58657511f7f5d0c0"", ""augmentations"": {""test"": ""none"", ""train"": ""none"", ""val"": ""none""}, ""channels"": [""B01"", ""B02"", ""B03"", ""B04"", ""B05"", ""B06"", ""B07"", ""B08"", ""B8A"", ""B09"", ""B11"", ""B12""], ""class_names"": [""clear"", ""thick cloud"", ""thin cloud"", ""cloud shadow""], ""download"": false, ""extracted_manifest_path"": ""./reports/dataset_manifests/cloudsen12_actual_manifest.csv"", ""extracted_manifest_sha256"": ""af395425e531b213e59f49290bb3101715557583cefb48d6efc7b02465d95f1a"", ""ignore_index"": null, ""image_size"": 224, ""input_bands"": ""optical"", ""mask_resize"": ""nearest"", ""name"": ""cloudsen12"", ""native_gsd_m"": 10, ""native_image_size"": 512, ""normalization"": {""mean"": [2030.244384765625, 2074.817138671875, 2209.807373046875, 2247.927490234375, 2589.593505859375, 3103.521240234375, 3277.909423828125, 3331.6318359375, 3377.544677734375, 4038.193115234375, 2448.748046875, 1907.728515625], ""method"": ""channelwise_standardization"", ""source"": ""pinned_geobench2_train_statistics"", ""std"": [2723.43603515625, 2691.302734375, 2539.91357421875, 2538.520751953125, 2504.328369140625, 2241.74462890625, 2145.667724609375, 2176.997802734375, 2066.763671875, 3083.179931640625, 1595.065185546875, 1474.11767578125]}, ""num_classes"": 4, ""num_workers"": 4, ""protocol"": ""geobench2_cloudsen12"", ""root"": ""./datasets/cloudsen12"", ""source"": ""GEO-Bench-2@fd9d0b664e6fb0faba54636bdff4906634debd4b"", ""split_source"": ""embedded_official_manifest"", ""wavelength_source"": ""pinned GeoBenchV2 DatasetBandRegistry.CLOUDSEN12/SENTINEL2"", ""wavelengths_nm"": [443.0, 490.0, 560.0, 665.0, 705.0, 740.0, 783.0, 842.0, 865.0, 945.0, 1610.0, 2190.0]}","{""backbone_learning_rate"": 0.0001, ""batch_size"": 8, ""checkpoint"": {""metric"": ""miou"", ""mode"": ""max"", ""split"": ""val""}, ""early_stopping"": {""enabled"": true, ""min_delta"": 0.0, ""patience"": 10}, ""epochs"": 50, ""gradient_clipping"": {""enabled"": false}, ""head_learning_rate"": 0.001, ""layerwise_lr_decay"": {""enabled"": false}, ""learning_rate"": 0.001, ""limit_train_batches"": null, ""limit_val_batches"": null, ""optimizer"": {""name"": ""adamw""}, ""warmup"": {""enabled"": false, ""epochs"": 0, ""type"": ""linear""}, ""weight_decay"": 0.01}","{""actual_wavelength_units"": ""micrometers"", ""actual_wavelengths"": [0.443, 0.49, 0.56, 0.665, 0.705, 0.74, 0.783, 0.842, 0.865, 0.945, 1.61, 2.19], ""adaptation_mode"": ""frozen"", ""decoder"": {""architecture"": ""unet"", ""channels"": [256, 128, 64, 32]}, ""dofa_root"": ""./DOFA"", ""freeze_backbone"": true, ""name"": ""dofa"", ""pretrained"": true, ""size"": ""base"", ""weights_path"": ""./DOFA/checkpoints/DOFA_ViT_base_e100.pth"", ""weights_sha256"": ""4720985e42b918ac0307009eb06121a3435d9bbce6fd95446f84824a538165b1""}"
segmentation,cloudsen12,dofa,frozen,mc_dropout,42,42,INDIVIDUAL_SEED,20260826T053857477078Z_c5_mcd_cloudsen12_dofa_frozen_seed42_03adea4b,/workspace/results/final_thesis/mc_dropout/segmentation/cloudsen12/dofa/frozen/runs/20260826T053857477078Z_c5_mcd_cloudsen12_dofa_frozen_seed42_03adea4b/best.pt,f3454ba30ef0b4faa06e7d8daeadcfbc02f84f7beacf56d5d690863d6f21a753,maximum validation mIoU (earliest tie),valid-pixel multiclass segmentation metrics,reports/mc_dropout_results.csv;results/final_thesis/mc_dropout/inference/segmentation/cloudsen12/dofa/frozen/seed42/manifest.json,results/final_thesis/mc_dropout/inference/segmentation/cloudsen12/dofa/frozen/seed42/aggregate_uncertainty_maps.npz,True,2096405527,results/final_thesis/mc_dropout/inference/segmentation/cloudsen12/dofa/frozen/seed42/manifest.json,a71af303e842c94524d34ca4d2b9608f597aa4e68abc5096d84db4814f6dc7ab,sha256:af23e14b2d75b8e64a69f582c35734075b5316873fc12c1f6e32af5e9e5890df,results/final_thesis/mc_dropout/segmentation/cloudsen12/dofa/frozen/runs/20260826T053857477078Z_c5_mcd_cloudsen12_dofa_frozen_seed42_03adea4b/resolved_config.yaml,ef29da680dbead1a9054418cb23a5bcdec9241436c3187c89c74af1958fcfb8d,df93ce2e979426f3bbe928a0a79969487f3c225c84a38bb313b8c7362e034bac,True,"{""weights_path"": ""./DOFA/checkpoints/DOFA_ViT_base_e100.pth"", ""weights_sha256"": ""4720985e42b918ac0307009eb06121a3435d9bbce6fd95446f84824a538165b1""}","{""artifact_path"": ""./datasets/cloudsen12/geobench_cloudsen12.tortilla"", ""artifact_sha256"": ""16b3c03d7b15cf42f6ef0cee6d453b6ad8ebbe7744674c4b58657511f7f5d0c0"", ""augmentations"": {""test"": ""none"", ""train"": ""none"", ""val"": ""none""}, ""channels"": [""B01"", ""B02"", ""B03"", ""B04"", ""B05"", ""B06"", ""B07"", ""B08"", ""B8A"", ""B09"", ""B11"", ""B12""], ""class_names"": [""clear"", ""thick cloud"", ""thin cloud"", ""cloud shadow""], ""download"": false, ""extracted_manifest_path"": ""./reports/dataset_manifests/cloudsen12_actual_manifest.csv"", ""extracted_manifest_sha256"": ""af395425e531b213e59f49290bb3101715557583cefb48d6efc7b02465d95f1a"", ""ignore_index"": null, ""image_size"": 224, ""input_bands"": ""optical"", ""mask_resize"": ""nearest"", ""name"": ""cloudsen12"", ""native_gsd_m"": 10, ""native_image_size"": 512, ""normalization"": {""mean"": [2030.244384765625, 2074.817138671875, 2209.807373046875, 2247.927490234375, 2589.593505859375, 3103.521240234375, 3277.909423828125, 3331.6318359375, 3377.544677734375, 4038.193115234375, 2448.748046875, 1907.728515625], ""method"": ""channelwise_standardization"", ""source"": ""pinned_geobench2_train_statistics"", ""std"": [2723.43603515625, 2691.302734375, 2539.91357421875, 2538.520751953125, 2504.328369140625, 2241.74462890625, 2145.667724609375, 2176.997802734375, 2066.763671875, 3083.179931640625, 1595.065185546875, 1474.11767578125]}, ""num_classes"": 4, ""num_workers"": 4, ""protocol"": ""geobench2_cloudsen12"", ""root"": ""./datasets/cloudsen12"", ""source"": ""GEO-Bench-2@fd9d0b664e6fb0faba54636bdff4906634debd4b"", ""split_source"": ""embedded_official_manifest"", ""wavelength_source"": ""pinned GeoBenchV2 DatasetBandRegistry.CLOUDSEN12/SENTINEL2"", ""wavelengths_nm"": [443.0, 490.0, 560.0, 665.0, 705.0, 740.0, 783.0, 842.0, 865.0, 945.0, 1610.0, 2190.0]}","{""backbone_learning_rate"": 0.0001, ""batch_size"": 8, ""checkpoint"": {""metric"": ""miou"", ""mode"": ""max"", ""split"": ""val""}, ""early_stopping"": {""enabled"": true, ""min_delta"": 0.0, ""patience"": 10}, ""epochs"": 50, ""gradient_clipping"": {""enabled"": false}, ""head_learning_rate"": 0.001, ""layerwise_lr_decay"": {""enabled"": false}, ""learning_rate"": 0.001, ""limit_train_batches"": null, ""limit_val_batches"": null, ""optimizer"": {""name"": ""adamw""}, ""warmup"": {""enabled"": false, ""epochs"": 0, ""type"": ""linear""}, ""weight_decay"": 0.01}","{""actual_wavelength_units"": ""micrometers"", ""actual_wavelengths"": [0.443, 0.49, 0.56, 0.665, 0.705, 0.74, 0.783, 0.842, 0.865, 0.945, 1.61, 2.19], ""adaptation_mode"": ""frozen"", ""decoder"": {""architecture"": ""unet"", ""channels"": [256, 128, 64, 32], ""dropout"": 0.1}, ""dofa_root"": ""./DOFA"", ""freeze_backbone"": true, ""name"": ""dofa"", ""pretrained"": true, ""size"": ""base"", ""weights_path"": ""./DOFA/checkpoints/DOFA_ViT_base_e100.pth"", ""weights_sha256"": ""4720985e42b918ac0307009eb06121a3435d9bbce6fd95446f84824a538165b1""}"
segmentation,cloudsen12,dofa,frozen,deep_ensemble,,42;43;44,ENSEMBLE,,,,N/A — post-hoc probability mean; members use maximum validation mIoU,valid-pixel multiclass segmentation metrics,reports/c3_segmentation_ensemble_results.csv;results/final_thesis/c3_temperature_scaling_and_ensembles/segmentation/deep_ensembles/cloudsen12/dofa/frozen/manifest.json,results/final_thesis/c3_temperature_scaling_and_ensembles/segmentation/deep_ensembles/cloudsen12/dofa/frozen/ensemble_predictions.npz,True,1032647938,results/final_thesis/c3_temperature_scaling_and_ensembles/segmentation/deep_ensembles/cloudsen12/dofa/frozen/manifest.json,7d4039e0dbfe988a7402bb04414235ec665b47772fca7184cc9535f4fc7a21b5,sha256:af23e14b2d75b8e64a69f582c35734075b5316873fc12c1f6e32af5e9e5890df,,,,,,,,
segmentation,cloudsen12,dofa,full_finetune,deterministic,42,42,INDIVIDUAL_SEED,20260823T224711552022Z_cloudsen12_dofa_full_finetune_seed42_9e2211d7,/workspace/results/final_thesis/segmentation/cloudsen12_full_finetune/runs/20260823T224711552022Z_cloudsen12_dofa_full_finetune_seed42_9e2211d7/best.pt,6d6af56c09492ecd9978966db9c56ab7c189b38c17d15c346c75bac59267bd1f,maximum validation mIoU (earliest tie),valid-pixel multiclass segmentation metrics,reports/c2_segmentation_run_audits/20260824T162250Z/audit.csv;reports/c2_segmentation_run_audits/20260824T162250Z/audit.json;results/final_thesis/segmentation/cloudsen12_full_finetune/runs/20260823T224711552022Z_cloudsen12_dofa_full_finetune_seed42_9e2211d7/run_summary.json;results/final_thesis/segmentation/cloudsen12_full_finetune/runs/20260823T224711552022Z_cloudsen12_dofa_full_finetune_seed42_9e2211d7/results.json,results/final_thesis/segmentation/cloudsen12_full_finetune/runs/20260823T224711552022Z_cloudsen12_dofa_full_finetune_seed42_9e2211d7/predictions/test/deterministic/predictions.npz,True,1701474278,results/final_thesis/segmentation/cloudsen12_full_finetune/runs/20260823T224711552022Z_cloudsen12_dofa_full_finetune_seed42_9e2211d7/predictions/test/deterministic/manifest.json,af23aec0df56ee8a2ca3edbd52176a093dee7cfaf2b0643501f63c45ed7e77b1,sha256:af23e14b2d75b8e64a69f582c35734075b5316873fc12c1f6e32af5e9e5890df,results/final_thesis/segmentation/cloudsen12_full_finetune/runs/20260823T224711552022Z_cloudsen12_dofa_full_finetune_seed42_9e2211d7/resolved_config.yaml,78b93f47ed4bb1c9d17c4757ef4a608cf062e529abe11cdb9dd6b0adff279df5,bd306bfff952eafc584a9a4c7d63827400fcc575af0a81971755f8813a8f88f2,True,"{""weights_path"": ""./DOFA/checkpoints/DOFA_ViT_base_e100.pth"", ""weights_sha256"": ""4720985e42b918ac0307009eb06121a3435d9bbce6fd95446f84824a538165b1""}","{""artifact_path"": ""./datasets/cloudsen12/geobench_cloudsen12.tortilla"", ""artifact_sha256"": ""16b3c03d7b15cf42f6ef0cee6d453b6ad8ebbe7744674c4b58657511f7f5d0c0"", ""augmentations"": {""test"": ""none"", ""train"": ""none"", ""val"": ""none""}, ""channels"": [""B01"", ""B02"", ""B03"", ""B04"", ""B05"", ""B06"", ""B07"", ""B08"", ""B8A"", ""B09"", ""B11"", ""B12""], ""class_names"": [""clear"", ""thick cloud"", ""thin cloud"", ""cloud shadow""], ""download"": false, ""extracted_manifest_path"": ""./reports/dataset_manifests/cloudsen12_actual_manifest.csv"", ""extracted_manifest_sha256"": ""af395425e531b213e59f49290bb3101715557583cefb48d6efc7b02465d95f1a"", ""ignore_index"": null, ""image_size"": 224, ""input_bands"": ""optical"", ""mask_resize"": ""nearest"", ""name"": ""cloudsen12"", ""native_gsd_m"": 10, ""native_image_size"": 512, ""normalization"": {""mean"": [2030.244384765625, 2074.817138671875, 2209.807373046875, 2247.927490234375, 2589.593505859375, 3103.521240234375, 3277.909423828125, 3331.6318359375, 3377.544677734375, 4038.193115234375, 2448.748046875, 1907.728515625], ""method"": ""channelwise_standardization"", ""source"": ""pinned_geobench2_train_statistics"", ""std"": [2723.43603515625, 2691.302734375, 2539.91357421875, 2538.520751953125, 2504.328369140625, 2241.74462890625, 2145.667724609375, 2176.997802734375, 2066.763671875, 3083.179931640625, 1595.065185546875, 1474.11767578125]}, ""num_classes"": 4, ""num_workers"": 4, ""protocol"": ""geobench2_cloudsen12"", ""root"": ""./datasets/cloudsen12"", ""source"": ""GEO-Bench-2@fd9d0b664e6fb0faba54636bdff4906634debd4b"", ""split_source"": ""embedded_official_manifest"", ""wavelength_source"": ""pinned GeoBenchV2 DatasetBandRegistry.CLOUDSEN12/SENTINEL2"", ""wavelengths_nm"": [443.0, 490.0, 560.0, 665.0, 705.0, 740.0, 783.0, 842.0, 865.0, 945.0, 1610.0, 2190.0]}","{""backbone_learning_rate"": 0.0001, ""batch_size"": 8, ""checkpoint"": {""metric"": ""miou"", ""mode"": ""max"", ""split"": ""val""}, ""early_stopping"": {""enabled"": true, ""min_delta"": 0.0, ""patience"": 15}, ""epochs"": 50, ""gradient_clipping"": {""enabled"": false}, ""head_learning_rate"": 0.001, ""layerwise_lr_decay"": {""enabled"": false}, ""learning_rate"": 0.001, ""limit_train_batches"": null, ""limit_val_batches"": null, ""optimizer"": {""name"": ""adamw""}, ""warmup"": {""enabled"": false, ""epochs"": 0, ""type"": ""linear""}, ""weight_decay"": 0.01}","{""actual_wavelength_units"": ""micrometers"", ""actual_wavelengths"": [0.443, 0.49, 0.56, 0.665, 0.705, 0.74, 0.783, 0.842, 0.865, 0.945, 1.61, 2.19], ""adaptation_mode"": ""full_finetune"", ""decoder"": {""architecture"": ""unet"", ""channels"": [256, 128, 64, 32]}, ""dofa_root"": ""./DOFA"", ""expected_frozen_backbone_parameters"": [""pos_embed""], ""freeze_backbone"": false, ""name"": ""dofa"", ""pretrained"": true, ""size"": ""base"", ""weights_path"": ""./DOFA/checkpoints/DOFA_ViT_base_e100.pth"", ""weights_sha256"": ""4720985e42b918ac0307009eb06121a3435d9bbce6fd95446f84824a538165b1""}"
segmentation,cloudsen12,dofa,full_finetune,deterministic,43,43,INDIVIDUAL_SEED,20260824T041629083560Z_cloudsen12_dofa_full_finetune_seed43_6547906a,/workspace/results/final_thesis/segmentation/cloudsen12_full_finetune/runs/20260824T041629083560Z_cloudsen12_dofa_full_finetune_seed43_6547906a/best.pt,5a3223191a95f17a118cd5d4168cb38496475ea87e66a88e1119c42f0204f6c1,maximum validation mIoU (earliest tie),valid-pixel multiclass segmentation metrics,reports/c2_segmentation_run_audits/20260824T162250Z/audit.csv;reports/c2_segmentation_run_audits/20260824T162250Z/audit.json;results/final_thesis/segmentation/cloudsen12_full_finetune/runs/20260824T041629083560Z_cloudsen12_dofa_full_finetune_seed43_6547906a/run_summary.json;results/final_thesis/segmentation/cloudsen12_full_finetune/runs/20260824T041629083560Z_cloudsen12_dofa_full_finetune_seed43_6547906a/results.json,results/final_thesis/segmentation/cloudsen12_full_finetune/runs/20260824T041629083560Z_cloudsen12_dofa_full_finetune_seed43_6547906a/predictions/test/deterministic/predictions.npz,True,1702598699,results/final_thesis/segmentation/cloudsen12_full_finetune/runs/20260824T041629083560Z_cloudsen12_dofa_full_finetune_seed43_6547906a/predictions/test/deterministic/manifest.json,f3ceaad1c334c26fab337702287c5246c3bcd1642967bff9e29284481c9770ab,sha256:af23e14b2d75b8e64a69f582c35734075b5316873fc12c1f6e32af5e9e5890df,results/final_thesis/segmentation/cloudsen12_full_finetune/runs/20260824T041629083560Z_cloudsen12_dofa_full_finetune_seed43_6547906a/resolved_config.yaml,50813358fd3dec70cb8fd9a702304c5af801f65288b77ecc49332e34c3fab8c9,b5ae435f7c427ac50dd43c68fbc8e95ac81639393a99d47e946348015d5d9f93,True,"{""weights_path"": ""./DOFA/checkpoints/DOFA_ViT_base_e100.pth"", ""weights_sha256"": ""4720985e42b918ac0307009eb06121a3435d9bbce6fd95446f84824a538165b1""}","{""artifact_path"": ""./datasets/cloudsen12/geobench_cloudsen12.tortilla"", ""artifact_sha256"": ""16b3c03d7b15cf42f6ef0cee6d453b6ad8ebbe7744674c4b58657511f7f5d0c0"", ""augmentations"": {""test"": ""none"", ""train"": ""none"", ""val"": ""none""}, ""channels"": [""B01"", ""B02"", ""B03"", ""B04"", ""B05"", ""B06"", ""B07"", ""B08"", ""B8A"", ""B09"", ""B11"", ""B12""], ""class_names"": [""clear"", ""thick cloud"", ""thin cloud"", ""cloud shadow""], ""download"": false, ""extracted_manifest_path"": ""./reports/dataset_manifests/cloudsen12_actual_manifest.csv"", ""extracted_manifest_sha256"": ""af395425e531b213e59f49290bb3101715557583cefb48d6efc7b02465d95f1a"", ""ignore_index"": null, ""image_size"": 224, ""input_bands"": ""optical"", ""mask_resize"": ""nearest"", ""name"": ""cloudsen12"", ""native_gsd_m"": 10, ""native_image_size"": 512, ""normalization"": {""mean"": [2030.244384765625, 2074.817138671875, 2209.807373046875, 2247.927490234375, 2589.593505859375, 3103.521240234375, 3277.909423828125, 3331.6318359375, 3377.544677734375, 4038.193115234375, 2448.748046875, 1907.728515625], ""method"": ""channelwise_standardization"", ""source"": ""pinned_geobench2_train_statistics"", ""std"": [2723.43603515625, 2691.302734375, 2539.91357421875, 2538.520751953125, 2504.328369140625, 2241.74462890625, 2145.667724609375, 2176.997802734375, 2066.763671875, 3083.179931640625, 1595.065185546875, 1474.11767578125]}, ""num_classes"": 4, ""num_workers"": 4, ""protocol"": ""geobench2_cloudsen12"", ""root"": ""./datasets/cloudsen12"", ""source"": ""GEO-Bench-2@fd9d0b664e6fb0faba54636bdff4906634debd4b"", ""split_source"": ""embedded_official_manifest"", ""wavelength_source"": ""pinned GeoBenchV2 DatasetBandRegistry.CLOUDSEN12/SENTINEL2"", ""wavelengths_nm"": [443.0, 490.0, 560.0, 665.0, 705.0, 740.0, 783.0, 842.0, 865.0, 945.0, 1610.0, 2190.0]}","{""backbone_learning_rate"": 0.0001, ""batch_size"": 8, ""checkpoint"": {""metric"": ""miou"", ""mode"": ""max"", ""split"": ""val""}, ""early_stopping"": {""enabled"": true, ""min_delta"": 0.0, ""patience"": 15}, ""epochs"": 50, ""gradient_clipping"": {""enabled"": false}, ""head_learning_rate"": 0.001, ""layerwise_lr_decay"": {""enabled"": false}, ""learning_rate"": 0.001, ""limit_train_batches"": null, ""limit_val_batches"": null, ""optimizer"": {""name"": ""adamw""}, ""warmup"": {""enabled"": false, ""epochs"": 0, ""type"": ""linear""}, ""weight_decay"": 0.01}","{""actual_wavelength_units"": ""micrometers"", ""actual_wavelengths"": [0.443, 0.49, 0.56, 0.665, 0.705, 0.74, 0.783, 0.842, 0.865, 0.945, 1.61, 2.19], ""adaptation_mode"": ""full_finetune"", ""decoder"": {""architecture"": ""unet"", ""channels"": [256, 128, 64, 32]}, ""dofa_root"": ""./DOFA"", ""expected_frozen_backbone_parameters"": [""pos_embed""], ""freeze_backbone"": false, ""name"": ""dofa"", ""pretrained"": true, ""size"": ""base"", ""weights_path"": ""./DOFA/checkpoints/DOFA_ViT_base_e100.pth"", ""weights_sha256"": ""4720985e42b918ac0307009eb06121a3435d9bbce6fd95446f84824a538165b1""}"
segmentation,cloudsen12,dofa,full_finetune,deterministic,44,44,INDIVIDUAL_SEED,20260824T084553296954Z_cloudsen12_dofa_full_finetune_seed44_9c298bb6,/workspace/results/final_thesis/segmentation/cloudsen12_full_finetune/runs/20260824T084553296954Z_cloudsen12_dofa_full_finetune_seed44_9c298bb6/best.pt,f0aab45504df9349f21823b770a18b1b61ae51e9bc09d433d0a49aa0eff292cb,maximum validation mIoU (earliest tie),valid-pixel multiclass segmentation metrics,reports/c2_segmentation_run_audits/20260824T162250Z/audit.csv;reports/c2_segmentation_run_audits/20260824T162250Z/audit.json;results/final_thesis/segmentation/cloudsen12_full_finetune/runs/20260824T084553296954Z_cloudsen12_dofa_full_finetune_seed44_9c298bb6/run_summary.json;results/final_thesis/segmentation/cloudsen12_full_finetune/runs/20260824T084553296954Z_cloudsen12_dofa_full_finetune_seed44_9c298bb6/results.json,results/final_thesis/segmentation/cloudsen12_full_finetune/runs/20260824T084553296954Z_cloudsen12_dofa_full_finetune_seed44_9c298bb6/predictions/test/deterministic/predictions.npz,True,1707053366,results/final_thesis/segmentation/cloudsen12_full_finetune/runs/20260824T084553296954Z_cloudsen12_dofa_full_finetune_seed44_9c298bb6/predictions/test/deterministic/manifest.json,ef4def8fcdb8b86729d9b631c9cd3fde9a6be80f78a54c32dce498d552cd1b3a,sha256:af23e14b2d75b8e64a69f582c35734075b5316873fc12c1f6e32af5e9e5890df,results/final_thesis/segmentation/cloudsen12_full_finetune/runs/20260824T084553296954Z_cloudsen12_dofa_full_finetune_seed44_9c298bb6/resolved_config.yaml,8998fc1b9140e0d72fe98e1d577d0994a3e172489eb31edc07d21881d2bd1dd8,b5ae435f7c427ac50dd43c68fbc8e95ac81639393a99d47e946348015d5d9f93,True,"{""weights_path"": ""./DOFA/checkpoints/DOFA_ViT_base_e100.pth"", ""weights_sha256"": ""4720985e42b918ac0307009eb06121a3435d9bbce6fd95446f84824a538165b1""}","{""artifact_path"": ""./datasets/cloudsen12/geobench_cloudsen12.tortilla"", ""artifact_sha256"": ""16b3c03d7b15cf42f6ef0cee6d453b6ad8ebbe7744674c4b58657511f7f5d0c0"", ""augmentations"": {""test"": ""none"", ""train"": ""none"", ""val"": ""none""}, ""channels"": [""B01"", ""B02"", ""B03"", ""B04"", ""B05"", ""B06"", ""B07"", ""B08"", ""B8A"", ""B09"", ""B11"", ""B12""], ""class_names"": [""clear"", ""thick cloud"", ""thin cloud"", ""cloud shadow""], ""download"": false, ""extracted_manifest_path"": ""./reports/dataset_manifests/cloudsen12_actual_manifest.csv"", ""extracted_manifest_sha256"": ""af395425e531b213e59f49290bb3101715557583cefb48d6efc7b02465d95f1a"", ""ignore_index"": null, ""image_size"": 224, ""input_bands"": ""optical"", ""mask_resize"": ""nearest"", ""name"": ""cloudsen12"", ""native_gsd_m"": 10, ""native_image_size"": 512, ""normalization"": {""mean"": [2030.244384765625, 2074.817138671875, 2209.807373046875, 2247.927490234375, 2589.593505859375, 3103.521240234375, 3277.909423828125, 3331.6318359375, 3377.544677734375, 4038.193115234375, 2448.748046875, 1907.728515625], ""method"": ""channelwise_standardization"", ""source"": ""pinned_geobench2_train_statistics"", ""std"": [2723.43603515625, 2691.302734375, 2539.91357421875, 2538.520751953125, 2504.328369140625, 2241.74462890625, 2145.667724609375, 2176.997802734375, 2066.763671875, 3083.179931640625, 1595.065185546875, 1474.11767578125]}, ""num_classes"": 4, ""num_workers"": 4, ""protocol"": ""geobench2_cloudsen12"", ""root"": ""./datasets/cloudsen12"", ""source"": ""GEO-Bench-2@fd9d0b664e6fb0faba54636bdff4906634debd4b"", ""split_source"": ""embedded_official_manifest"", ""wavelength_source"": ""pinned GeoBenchV2 DatasetBandRegistry.CLOUDSEN12/SENTINEL2"", ""wavelengths_nm"": [443.0, 490.0, 560.0, 665.0, 705.0, 740.0, 783.0, 842.0, 865.0, 945.0, 1610.0, 2190.0]}","{""backbone_learning_rate"": 0.0001, ""batch_size"": 8, ""checkpoint"": {""metric"": ""miou"", ""mode"": ""max"", ""split"": ""val""}, ""early_stopping"": {""enabled"": true, ""min_delta"": 0.0, ""patience"": 15}, ""epochs"": 50, ""gradient_clipping"": {""enabled"": false}, ""head_learning_rate"": 0.001, ""layerwise_lr_decay"": {""enabled"": false}, ""learning_rate"": 0.001, ""limit_train_batches"": null, ""limit_val_batches"": null, ""optimizer"": {""name"": ""adamw""}, ""warmup"": {""enabled"": false, ""epochs"": 0, ""type"": ""linear""}, ""weight_decay"": 0.01}","{""actual_wavelength_units"": ""micrometers"", ""actual_wavelengths"": [0.443, 0.49, 0.56, 0.665, 0.705, 0.74, 0.783, 0.842, 0.865, 0.945, 1.61, 2.19], ""adaptation_mode"": ""full_finetune"", ""decoder"": {""architecture"": ""unet"", ""channels"": [256, 128, 64, 32]}, ""dofa_root"": ""./DOFA"", ""expected_frozen_backbone_parameters"": [""pos_embed""], ""freeze_backbone"": false, ""name"": ""dofa"", ""pretrained"": true, ""size"": ""base"", ""weights_path"": ""./DOFA/checkpoints/DOFA_ViT_base_e100.pth"", ""weights_sha256"": ""4720985e42b918ac0307009eb06121a3435d9bbce6fd95446f84824a538165b1""}"
segmentation,cloudsen12,dofa,full_finetune,mc_dropout,42,42,INDIVIDUAL_SEED,20260826T005937744917Z_c5_mcd_cloudsen12_dofa_full_finetune_seed42_c6f6480b,/workspace/results/final_thesis/mc_dropout/segmentation/cloudsen12/dofa/full_finetune/runs/20260826T005937744917Z_c5_mcd_cloudsen12_dofa_full_finetune_seed42_c6f6480b/best.pt,a58051d5cbedbe5ab5ea28dc049d6cd5b75fa620370d7876c619598846bc11a7,maximum validation mIoU (earliest tie),valid-pixel multiclass segmentation metrics,reports/mc_dropout_results.csv;results/final_thesis/mc_dropout/inference/segmentation/cloudsen12/dofa/full_finetune/seed42/manifest.json,results/final_thesis/mc_dropout/inference/segmentation/cloudsen12/dofa/full_finetune/seed42/aggregate_uncertainty_maps.npz,True,2095932522,results/final_thesis/mc_dropout/inference/segmentation/cloudsen12/dofa/full_finetune/seed42/manifest.json,8f9f83f4ccb35a7361b5e8a5425cc9110c473ca628930d74ebebc0040d0580e9,sha256:af23e14b2d75b8e64a69f582c35734075b5316873fc12c1f6e32af5e9e5890df,results/final_thesis/mc_dropout/segmentation/cloudsen12/dofa/full_finetune/runs/20260826T005937744917Z_c5_mcd_cloudsen12_dofa_full_finetune_seed42_c6f6480b/resolved_config.yaml,f25ae291ad1984cb4692fdf59b2355744ab5d7166667b3ff520fb88bfee425e8,af54d7cdb1cf41288503e70d19c16d68a12a90214a7682ed466326a7814cbcc5,True,"{""weights_path"": ""./DOFA/checkpoints/DOFA_ViT_base_e100.pth"", ""weights_sha256"": ""4720985e42b918ac0307009eb06121a3435d9bbce6fd95446f84824a538165b1""}","{""artifact_path"": ""./datasets/cloudsen12/geobench_cloudsen12.tortilla"", ""artifact_sha256"": ""16b3c03d7b15cf42f6ef0cee6d453b6ad8ebbe7744674c4b58657511f7f5d0c0"", ""augmentations"": {""test"": ""none"", ""train"": ""none"", ""val"": ""none""}, ""channels"": [""B01"", ""B02"", ""B03"", ""B04"", ""B05"", ""B06"", ""B07"", ""B08"", ""B8A"", ""B09"", ""B11"", ""B12""], ""class_names"": [""clear"", ""thick cloud"", ""thin cloud"", ""cloud shadow""], ""download"": false, ""extracted_manifest_path"": ""./reports/dataset_manifests/cloudsen12_actual_manifest.csv"", ""extracted_manifest_sha256"": ""af395425e531b213e59f49290bb3101715557583cefb48d6efc7b02465d95f1a"", ""ignore_index"": null, ""image_size"": 224, ""input_bands"": ""optical"", ""mask_resize"": ""nearest"", ""name"": ""cloudsen12"", ""native_gsd_m"": 10, ""native_image_size"": 512, ""normalization"": {""mean"": [2030.244384765625, 2074.817138671875, 2209.807373046875, 2247.927490234375, 2589.593505859375, 3103.521240234375, 3277.909423828125, 3331.6318359375, 3377.544677734375, 4038.193115234375, 2448.748046875, 1907.728515625], ""method"": ""channelwise_standardization"", ""source"": ""pinned_geobench2_train_statistics"", ""std"": [2723.43603515625, 2691.302734375, 2539.91357421875, 2538.520751953125, 2504.328369140625, 2241.74462890625, 2145.667724609375, 2176.997802734375, 2066.763671875, 3083.179931640625, 1595.065185546875, 1474.11767578125]}, ""num_classes"": 4, ""num_workers"": 4, ""protocol"": ""geobench2_cloudsen12"", ""root"": ""./datasets/cloudsen12"", ""source"": ""GEO-Bench-2@fd9d0b664e6fb0faba54636bdff4906634debd4b"", ""split_source"": ""embedded_official_manifest"", ""wavelength_source"": ""pinned GeoBenchV2 DatasetBandRegistry.CLOUDSEN12/SENTINEL2"", ""wavelengths_nm"": [443.0, 490.0, 560.0, 665.0, 705.0, 740.0, 783.0, 842.0, 865.0, 945.0, 1610.0, 2190.0]}","{""backbone_learning_rate"": 0.0001, ""batch_size"": 8, ""checkpoint"": {""metric"": ""miou"", ""mode"": ""max"", ""split"": ""val""}, ""early_stopping"": {""enabled"": true, ""min_delta"": 0.0, ""patience"": 15}, ""epochs"": 50, ""gradient_clipping"": {""enabled"": false}, ""head_learning_rate"": 0.001, ""layerwise_lr_decay"": {""enabled"": false}, ""learning_rate"": 0.001, ""limit_train_batches"": null, ""limit_val_batches"": null, ""optimizer"": {""name"": ""adamw""}, ""warmup"": {""enabled"": false, ""epochs"": 0, ""type"": ""linear""}, ""weight_decay"": 0.01}","{""actual_wavelength_units"": ""micrometers"", ""actual_wavelengths"": [0.443, 0.49, 0.56, 0.665, 0.705, 0.74, 0.783, 0.842, 0.865, 0.945, 1.61, 2.19], ""adaptation_mode"": ""full_finetune"", ""decoder"": {""architecture"": ""unet"", ""channels"": [256, 128, 64, 32], ""dropout"": 0.1}, ""dofa_root"": ""./DOFA"", ""expected_frozen_backbone_parameters"": [""pos_embed""], ""freeze_backbone"": false, ""name"": ""dofa"", ""pretrained"": true, ""size"": ""base"", ""weights_path"": ""./DOFA/checkpoints/DOFA_ViT_base_e100.pth"", ""weights_sha256"": ""4720985e42b918ac0307009eb06121a3435d9bbce6fd95446f84824a538165b1""}"
segmentation,cloudsen12,dofa,full_finetune,deep_ensemble,,42;43;44,ENSEMBLE,,,,N/A — post-hoc probability mean; members use maximum validation mIoU,valid-pixel multiclass segmentation metrics,reports/c3_segmentation_ensemble_results.csv;results/final_thesis/c3_temperature_scaling_and_ensembles/segmentation/deep_ensembles/cloudsen12/dofa/full_finetune/manifest.json,results/final_thesis/c3_temperature_scaling_and_ensembles/segmentation/deep_ensembles/cloudsen12/dofa/full_finetune/ensemble_predictions.npz,True,1019077549,results/final_thesis/c3_temperature_scaling_and_ensembles/segmentation/deep_ensembles/cloudsen12/dofa/full_finetune/manifest.json,9e463b67051d3fc11b48053429f495d2ef43c928cc9cce022f527d4e2503c888,sha256:af23e14b2d75b8e64a69f582c35734075b5316873fc12c1f6e32af5e9e5890df,,,,,,,,
segmentation,cloudsen12,panopticon,frozen,deterministic,42,42,INDIVIDUAL_SEED,20260824T024636502649Z_cloudsen12_panopticon_frozen_seed42_987db5bf,/workspace/results/final_thesis/segmentation/cloudsen12_frozen/runs/20260824T024636502649Z_cloudsen12_panopticon_frozen_seed42_987db5bf/best.pt,dec2071c47413edc5831394e1852069e41693fecd9972da666f7f30445a86d5f,maximum validation mIoU (earliest tie),valid-pixel multiclass segmentation metrics,reports/c2_segmentation_run_audits/20260824T162250Z/audit.csv;reports/c2_segmentation_run_audits/20260824T162250Z/audit.json;results/final_thesis/segmentation/cloudsen12_frozen/runs/20260824T024636502649Z_cloudsen12_panopticon_frozen_seed42_987db5bf/run_summary.json;results/final_thesis/segmentation/cloudsen12_frozen/runs/20260824T024636502649Z_cloudsen12_panopticon_frozen_seed42_987db5bf/results.json,results/final_thesis/segmentation/cloudsen12_frozen/runs/20260824T024636502649Z_cloudsen12_panopticon_frozen_seed42_987db5bf/predictions/test/deterministic/predictions.npz,True,1721717160,results/final_thesis/segmentation/cloudsen12_frozen/runs/20260824T024636502649Z_cloudsen12_panopticon_frozen_seed42_987db5bf/predictions/test/deterministic/manifest.json,ec8295b4764e5df1b6a6e5b9c8af09c1fd2de863bcecb4a9d8beb5d287ab66ff,sha256:af23e14b2d75b8e64a69f582c35734075b5316873fc12c1f6e32af5e9e5890df,results/final_thesis/segmentation/cloudsen12_frozen/runs/20260824T024636502649Z_cloudsen12_panopticon_frozen_seed42_987db5bf/resolved_config.yaml,00b9473a282f626e42b03403f6621fa97d8efd3ab86e39ee6a834bea94662b87,b5ae435f7c427ac50dd43c68fbc8e95ac81639393a99d47e946348015d5d9f93,True,"{""weights"": ""VIT_BASE14"", ""weights_cache_path"": ""/home/yesong/.cache/torch/hub/checkpoints/panopticon_vitb14_teacher.pth"", ""weights_sha256"": ""55024f411a7f383ed1a646d9b833b65683a4443846603fc7d37591d5afe9d26e""}","{""artifact_path"": ""./datasets/cloudsen12/geobench_cloudsen12.tortilla"", ""artifact_sha256"": ""16b3c03d7b15cf42f6ef0cee6d453b6ad8ebbe7744674c4b58657511f7f5d0c0"", ""augmentations"": {""test"": ""none"", ""train"": ""none"", ""val"": ""none""}, ""channels"": [""B01"", ""B02"", ""B03"", ""B04"", ""B05"", ""B06"", ""B07"", ""B08"", ""B8A"", ""B09"", ""B11"", ""B12""], ""class_names"": [""clear"", ""thick cloud"", ""thin cloud"", ""cloud shadow""], ""download"": false, ""extracted_manifest_path"": ""./reports/dataset_manifests/cloudsen12_actual_manifest.csv"", ""extracted_manifest_sha256"": ""af395425e531b213e59f49290bb3101715557583cefb48d6efc7b02465d95f1a"", ""ignore_index"": null, ""image_size"": 224, ""input_bands"": ""optical"", ""mask_resize"": ""nearest"", ""name"": ""cloudsen12"", ""native_gsd_m"": 10, ""native_image_size"": 512, ""normalization"": {""mean"": [2030.244384765625, 2074.817138671875, 2209.807373046875, 2247.927490234375, 2589.593505859375, 3103.521240234375, 3277.909423828125, 3331.6318359375, 3377.544677734375, 4038.193115234375, 2448.748046875, 1907.728515625], ""method"": ""channelwise_standardization"", ""source"": ""pinned_geobench2_train_statistics"", ""std"": [2723.43603515625, 2691.302734375, 2539.91357421875, 2538.520751953125, 2504.328369140625, 2241.74462890625, 2145.667724609375, 2176.997802734375, 2066.763671875, 3083.179931640625, 1595.065185546875, 1474.11767578125]}, ""num_classes"": 4, ""num_workers"": 4, ""protocol"": ""geobench2_cloudsen12"", ""root"": ""./datasets/cloudsen12"", ""source"": ""GEO-Bench-2@fd9d0b664e6fb0faba54636bdff4906634debd4b"", ""split_source"": ""embedded_official_manifest"", ""wavelength_source"": ""pinned GeoBenchV2 DatasetBandRegistry.CLOUDSEN12/SENTINEL2"", ""wavelengths_nm"": [443.0, 490.0, 560.0, 665.0, 705.0, 740.0, 783.0, 842.0, 865.0, 945.0, 1610.0, 2190.0]}","{""backbone_learning_rate"": 0.0001, ""batch_size"": 8, ""checkpoint"": {""metric"": ""miou"", ""mode"": ""max"", ""split"": ""val""}, ""early_stopping"": {""enabled"": true, ""min_delta"": 0.0, ""patience"": 10}, ""epochs"": 50, ""gradient_clipping"": {""enabled"": false}, ""head_learning_rate"": 0.001, ""layerwise_lr_decay"": {""enabled"": false}, ""learning_rate"": 0.001, ""limit_train_batches"": null, ""limit_val_batches"": null, ""optimizer"": {""name"": ""adamw""}, ""warmup"": {""enabled"": false, ""epochs"": 0, ""type"": ""linear""}, ""weight_decay"": 0.01}","{""actual_wavelength_units"": ""nanometers"", ""actual_wavelengths"": [443.0, 490.0, 560.0, 665.0, 705.0, 740.0, 783.0, 842.0, 865.0, 945.0, 1610.0, 2190.0], ""adaptation_mode"": ""frozen"", ""decoder"": {""architecture"": ""unet"", ""channels"": [256, 128, 64, 32]}, ""freeze_backbone"": true, ""name"": ""panopticon"", ""pretrained"": true, ""size"": ""base"", ""weights"": ""VIT_BASE14"", ""weights_cache_path"": ""/home/yesong/.cache/torch/hub/checkpoints/panopticon_vitb14_teacher.pth"", ""weights_sha256"": ""55024f411a7f383ed1a646d9b833b65683a4443846603fc7d37591d5afe9d26e""}"
segmentation,cloudsen12,panopticon,frozen,deterministic,43,43,INDIVIDUAL_SEED,20260824T073937493619Z_cloudsen12_panopticon_frozen_seed43_9688327e,/workspace/results/final_thesis/segmentation/cloudsen12_frozen/runs/20260824T073937493619Z_cloudsen12_panopticon_frozen_seed43_9688327e/best.pt,94e5dc375b449abc4d674e53a25eddb655e1734d1fde15eb364f14d75530b581,maximum validation mIoU (earliest tie),valid-pixel multiclass segmentation metrics,reports/c2_segmentation_run_audits/20260824T162250Z/audit.csv;reports/c2_segmentation_run_audits/20260824T162250Z/audit.json;results/final_thesis/segmentation/cloudsen12_frozen/runs/20260824T073937493619Z_cloudsen12_panopticon_frozen_seed43_9688327e/run_summary.json;results/final_thesis/segmentation/cloudsen12_frozen/runs/20260824T073937493619Z_cloudsen12_panopticon_frozen_seed43_9688327e/results.json,results/final_thesis/segmentation/cloudsen12_frozen/runs/20260824T073937493619Z_cloudsen12_panopticon_frozen_seed43_9688327e/predictions/test/deterministic/predictions.npz,True,1726773746,results/final_thesis/segmentation/cloudsen12_frozen/runs/20260824T073937493619Z_cloudsen12_panopticon_frozen_seed43_9688327e/predictions/test/deterministic/manifest.json,17770a21bee40f9afc16792cea78c845f2b23d6b25eb12f5329ed2b18f12a797,sha256:af23e14b2d75b8e64a69f582c35734075b5316873fc12c1f6e32af5e9e5890df,results/final_thesis/segmentation/cloudsen12_frozen/runs/20260824T073937493619Z_cloudsen12_panopticon_frozen_seed43_9688327e/resolved_config.yaml,60d0734a133f6965db351748b934c63e0748b32a43241546434bfd0c11f53152,b5ae435f7c427ac50dd43c68fbc8e95ac81639393a99d47e946348015d5d9f93,True,"{""weights"": ""VIT_BASE14"", ""weights_cache_path"": ""/home/yesong/.cache/torch/hub/checkpoints/panopticon_vitb14_teacher.pth"", ""weights_sha256"": ""55024f411a7f383ed1a646d9b833b65683a4443846603fc7d37591d5afe9d26e""}","{""artifact_path"": ""./datasets/cloudsen12/geobench_cloudsen12.tortilla"", ""artifact_sha256"": ""16b3c03d7b15cf42f6ef0cee6d453b6ad8ebbe7744674c4b58657511f7f5d0c0"", ""augmentations"": {""test"": ""none"", ""train"": ""none"", ""val"": ""none""}, ""channels"": [""B01"", ""B02"", ""B03"", ""B04"", ""B05"", ""B06"", ""B07"", ""B08"", ""B8A"", ""B09"", ""B11"", ""B12""], ""class_names"": [""clear"", ""thick cloud"", ""thin cloud"", ""cloud shadow""], ""download"": false, ""extracted_manifest_path"": ""./reports/dataset_manifests/cloudsen12_actual_manifest.csv"", ""extracted_manifest_sha256"": ""af395425e531b213e59f49290bb3101715557583cefb48d6efc7b02465d95f1a"", ""ignore_index"": null, ""image_size"": 224, ""input_bands"": ""optical"", ""mask_resize"": ""nearest"", ""name"": ""cloudsen12"", ""native_gsd_m"": 10, ""native_image_size"": 512, ""normalization"": {""mean"": [2030.244384765625, 2074.817138671875, 2209.807373046875, 2247.927490234375, 2589.593505859375, 3103.521240234375, 3277.909423828125, 3331.6318359375, 3377.544677734375, 4038.193115234375, 2448.748046875, 1907.728515625], ""method"": ""channelwise_standardization"", ""source"": ""pinned_geobench2_train_statistics"", ""std"": [2723.43603515625, 2691.302734375, 2539.91357421875, 2538.520751953125, 2504.328369140625, 2241.74462890625, 2145.667724609375, 2176.997802734375, 2066.763671875, 3083.179931640625, 1595.065185546875, 1474.11767578125]}, ""num_classes"": 4, ""num_workers"": 4, ""protocol"": ""geobench2_cloudsen12"", ""root"": ""./datasets/cloudsen12"", ""source"": ""GEO-Bench-2@fd9d0b664e6fb0faba54636bdff4906634debd4b"", ""split_source"": ""embedded_official_manifest"", ""wavelength_source"": ""pinned GeoBenchV2 DatasetBandRegistry.CLOUDSEN12/SENTINEL2"", ""wavelengths_nm"": [443.0, 490.0, 560.0, 665.0, 705.0, 740.0, 783.0, 842.0, 865.0, 945.0, 1610.0, 2190.0]}","{""backbone_learning_rate"": 0.0001, ""batch_size"": 8, ""checkpoint"": {""metric"": ""miou"", ""mode"": ""max"", ""split"": ""val""}, ""early_stopping"": {""enabled"": true, ""min_delta"": 0.0, ""patience"": 10}, ""epochs"": 50, ""gradient_clipping"": {""enabled"": false}, ""head_learning_rate"": 0.001, ""layerwise_lr_decay"": {""enabled"": false}, ""learning_rate"": 0.001, ""limit_train_batches"": null, ""limit_val_batches"": null, ""optimizer"": {""name"": ""adamw""}, ""warmup"": {""enabled"": false, ""epochs"": 0, ""type"": ""linear""}, ""weight_decay"": 0.01}","{""actual_wavelength_units"": ""nanometers"", ""actual_wavelengths"": [443.0, 490.0, 560.0, 665.0, 705.0, 740.0, 783.0, 842.0, 865.0, 945.0, 1610.0, 2190.0], ""adaptation_mode"": ""frozen"", ""decoder"": {""architecture"": ""unet"", ""channels"": [256, 128, 64, 32]}, ""freeze_backbone"": true, ""name"": ""panopticon"", ""pretrained"": true, ""size"": ""base"", ""weights"": ""VIT_BASE14"", ""weights_cache_path"": ""/home/yesong/.cache/torch/hub/checkpoints/panopticon_vitb14_teacher.pth"", ""weights_sha256"": ""55024f411a7f383ed1a646d9b833b65683a4443846603fc7d37591d5afe9d26e""}"
segmentation,cloudsen12,panopticon,frozen,deterministic,44,44,INDIVIDUAL_SEED,20260824T150154916514Z_cloudsen12_panopticon_frozen_seed44_953e2ce2,/workspace/results/final_thesis/segmentation/cloudsen12_frozen/runs/20260824T150154916514Z_cloudsen12_panopticon_frozen_seed44_953e2ce2/best.pt,104fddcdfbb075d69c8299260f7a86a137a1cbd589f2f4e89463d6f615224e8a,maximum validation mIoU (earliest tie),valid-pixel multiclass segmentation metrics,reports/c2_segmentation_run_audits/20260824T162250Z/audit.csv;reports/c2_segmentation_run_audits/20260824T162250Z/audit.json;results/final_thesis/segmentation/cloudsen12_frozen/runs/20260824T150154916514Z_cloudsen12_panopticon_frozen_seed44_953e2ce2/run_summary.json;results/final_thesis/segmentation/cloudsen12_frozen/runs/20260824T150154916514Z_cloudsen12_panopticon_frozen_seed44_953e2ce2/results.json,results/final_thesis/segmentation/cloudsen12_frozen/runs/20260824T150154916514Z_cloudsen12_panopticon_frozen_seed44_953e2ce2/predictions/test/deterministic/predictions.npz,True,1724323014,results/final_thesis/segmentation/cloudsen12_frozen/runs/20260824T150154916514Z_cloudsen12_panopticon_frozen_seed44_953e2ce2/predictions/test/deterministic/manifest.json,4c1ddbda621432c84e310007a6472d872b925170dd96b3b85d810efc5307ef2c,sha256:af23e14b2d75b8e64a69f582c35734075b5316873fc12c1f6e32af5e9e5890df,results/final_thesis/segmentation/cloudsen12_frozen/runs/20260824T150154916514Z_cloudsen12_panopticon_frozen_seed44_953e2ce2/resolved_config.yaml,961c036a8b96a2cfff62e2ea0a79b9638b87e503367cc9a8dcb26282683316db,b5ae435f7c427ac50dd43c68fbc8e95ac81639393a99d47e946348015d5d9f93,True,"{""weights"": ""VIT_BASE14"", ""weights_cache_path"": ""/home/yesong/.cache/torch/hub/checkpoints/panopticon_vitb14_teacher.pth"", ""weights_sha256"": ""55024f411a7f383ed1a646d9b833b65683a4443846603fc7d37591d5afe9d26e""}","{""artifact_path"": ""./datasets/cloudsen12/geobench_cloudsen12.tortilla"", ""artifact_sha256"": ""16b3c03d7b15cf42f6ef0cee6d453b6ad8ebbe7744674c4b58657511f7f5d0c0"", ""augmentations"": {""test"": ""none"", ""train"": ""none"", ""val"": ""none""}, ""channels"": [""B01"", ""B02"", ""B03"", ""B04"", ""B05"", ""B06"", ""B07"", ""B08"", ""B8A"", ""B09"", ""B11"", ""B12""], ""class_names"": [""clear"", ""thick cloud"", ""thin cloud"", ""cloud shadow""], ""download"": false, ""extracted_manifest_path"": ""./reports/dataset_manifests/cloudsen12_actual_manifest.csv"", ""extracted_manifest_sha256"": ""af395425e531b213e59f49290bb3101715557583cefb48d6efc7b02465d95f1a"", ""ignore_index"": null, ""image_size"": 224, ""input_bands"": ""optical"", ""mask_resize"": ""nearest"", ""name"": ""cloudsen12"", ""native_gsd_m"": 10, ""native_image_size"": 512, ""normalization"": {""mean"": [2030.244384765625, 2074.817138671875, 2209.807373046875, 2247.927490234375, 2589.593505859375, 3103.521240234375, 3277.909423828125, 3331.6318359375, 3377.544677734375, 4038.193115234375, 2448.748046875, 1907.728515625], ""method"": ""channelwise_standardization"", ""source"": ""pinned_geobench2_train_statistics"", ""std"": [2723.43603515625, 2691.302734375, 2539.91357421875, 2538.520751953125, 2504.328369140625, 2241.74462890625, 2145.667724609375, 2176.997802734375, 2066.763671875, 3083.179931640625, 1595.065185546875, 1474.11767578125]}, ""num_classes"": 4, ""num_workers"": 4, ""protocol"": ""geobench2_cloudsen12"", ""root"": ""./datasets/cloudsen12"", ""source"": ""GEO-Bench-2@fd9d0b664e6fb0faba54636bdff4906634debd4b"", ""split_source"": ""embedded_official_manifest"", ""wavelength_source"": ""pinned GeoBenchV2 DatasetBandRegistry.CLOUDSEN12/SENTINEL2"", ""wavelengths_nm"": [443.0, 490.0, 560.0, 665.0, 705.0, 740.0, 783.0, 842.0, 865.0, 945.0, 1610.0, 2190.0]}","{""backbone_learning_rate"": 0.0001, ""batch_size"": 8, ""checkpoint"": {""metric"": ""miou"", ""mode"": ""max"", ""split"": ""val""}, ""early_stopping"": {""enabled"": true, ""min_delta"": 0.0, ""patience"": 10}, ""epochs"": 50, ""gradient_clipping"": {""enabled"": false}, ""head_learning_rate"": 0.001, ""layerwise_lr_decay"": {""enabled"": false}, ""learning_rate"": 0.001, ""limit_train_batches"": null, ""limit_val_batches"": null, ""optimizer"": {""name"": ""adamw""}, ""warmup"": {""enabled"": false, ""epochs"": 0, ""type"": ""linear""}, ""weight_decay"": 0.01}","{""actual_wavelength_units"": ""nanometers"", ""actual_wavelengths"": [443.0, 490.0, 560.0, 665.0, 705.0, 740.0, 783.0, 842.0, 865.0, 945.0, 1610.0, 2190.0], ""adaptation_mode"": ""frozen"", ""decoder"": {""architecture"": ""unet"", ""channels"": [256, 128, 64, 32]}, ""freeze_backbone"": true, ""name"": ""panopticon"", ""pretrained"": true, ""size"": ""base"", ""weights"": ""VIT_BASE14"", ""weights_cache_path"": ""/home/yesong/.cache/torch/hub/checkpoints/panopticon_vitb14_teacher.pth"", ""weights_sha256"": ""55024f411a7f383ed1a646d9b833b65683a4443846603fc7d37591d5afe9d26e""}"
segmentation,cloudsen12,panopticon,frozen,mc_dropout,42,42,INDIVIDUAL_SEED,20260826T005938295761Z_c5_mcd_cloudsen12_panopticon_frozen_seed42_ddbc39b9,/workspace/results/final_thesis/mc_dropout/segmentation/cloudsen12/panopticon/frozen/runs/20260826T005938295761Z_c5_mcd_cloudsen12_panopticon_frozen_seed42_ddbc39b9/best.pt,08113017e9267613d3bb4aed03f6accd0551d456d117cf23dfc1197e400f2e0a,maximum validation mIoU (earliest tie),valid-pixel multiclass segmentation metrics,reports/mc_dropout_results.csv;results/final_thesis/mc_dropout/inference/segmentation/cloudsen12/panopticon/frozen/seed42/manifest.json,results/final_thesis/mc_dropout/inference/segmentation/cloudsen12/panopticon/frozen/seed42/aggregate_uncertainty_maps.npz,True,2097474892,results/final_thesis/mc_dropout/inference/segmentation/cloudsen12/panopticon/frozen/seed42/manifest.json,dc0375e324ede14aa42fe23300d2dbe3f29dca1d56a614aef57ea66b8ac0ea51,sha256:af23e14b2d75b8e64a69f582c35734075b5316873fc12c1f6e32af5e9e5890df,results/final_thesis/mc_dropout/segmentation/cloudsen12/panopticon/frozen/runs/20260826T005938295761Z_c5_mcd_cloudsen12_panopticon_frozen_seed42_ddbc39b9/resolved_config.yaml,1bb94d44e782f520ebade6e6cff2b33cfcc0af17a1109a06e722421a30c319ae,af54d7cdb1cf41288503e70d19c16d68a12a90214a7682ed466326a7814cbcc5,True,"{""weights"": ""VIT_BASE14"", ""weights_cache_path"": ""/home/yesong/.cache/torch/hub/checkpoints/panopticon_vitb14_teacher.pth"", ""weights_sha256"": ""55024f411a7f383ed1a646d9b833b65683a4443846603fc7d37591d5afe9d26e""}","{""artifact_path"": ""./datasets/cloudsen12/geobench_cloudsen12.tortilla"", ""artifact_sha256"": ""16b3c03d7b15cf42f6ef0cee6d453b6ad8ebbe7744674c4b58657511f7f5d0c0"", ""augmentations"": {""test"": ""none"", ""train"": ""none"", ""val"": ""none""}, ""channels"": [""B01"", ""B02"", ""B03"", ""B04"", ""B05"", ""B06"", ""B07"", ""B08"", ""B8A"", ""B09"", ""B11"", ""B12""], ""class_names"": [""clear"", ""thick cloud"", ""thin cloud"", ""cloud shadow""], ""download"": false, ""extracted_manifest_path"": ""./reports/dataset_manifests/cloudsen12_actual_manifest.csv"", ""extracted_manifest_sha256"": ""af395425e531b213e59f49290bb3101715557583cefb48d6efc7b02465d95f1a"", ""ignore_index"": null, ""image_size"": 224, ""input_bands"": ""optical"", ""mask_resize"": ""nearest"", ""name"": ""cloudsen12"", ""native_gsd_m"": 10, ""native_image_size"": 512, ""normalization"": {""mean"": [2030.244384765625, 2074.817138671875, 2209.807373046875, 2247.927490234375, 2589.593505859375, 3103.521240234375, 3277.909423828125, 3331.6318359375, 3377.544677734375, 4038.193115234375, 2448.748046875, 1907.728515625], ""method"": ""channelwise_standardization"", ""source"": ""pinned_geobench2_train_statistics"", ""std"": [2723.43603515625, 2691.302734375, 2539.91357421875, 2538.520751953125, 2504.328369140625, 2241.74462890625, 2145.667724609375, 2176.997802734375, 2066.763671875, 3083.179931640625, 1595.065185546875, 1474.11767578125]}, ""num_classes"": 4, ""num_workers"": 4, ""protocol"": ""geobench2_cloudsen12"", ""root"": ""./datasets/cloudsen12"", ""source"": ""GEO-Bench-2@fd9d0b664e6fb0faba54636bdff4906634debd4b"", ""split_source"": ""embedded_official_manifest"", ""wavelength_source"": ""pinned GeoBenchV2 DatasetBandRegistry.CLOUDSEN12/SENTINEL2"", ""wavelengths_nm"": [443.0, 490.0, 560.0, 665.0, 705.0, 740.0, 783.0, 842.0, 865.0, 945.0, 1610.0, 2190.0]}","{""backbone_learning_rate"": 0.0001, ""batch_size"": 8, ""checkpoint"": {""metric"": ""miou"", ""mode"": ""max"", ""split"": ""val""}, ""early_stopping"": {""enabled"": true, ""min_delta"": 0.0, ""patience"": 10}, ""epochs"": 50, ""gradient_clipping"": {""enabled"": false}, ""head_learning_rate"": 0.001, ""layerwise_lr_decay"": {""enabled"": false}, ""learning_rate"": 0.001, ""limit_train_batches"": null, ""limit_val_batches"": null, ""optimizer"": {""name"": ""adamw""}, ""warmup"": {""enabled"": false, ""epochs"": 0, ""type"": ""linear""}, ""weight_decay"": 0.01}","{""actual_wavelength_units"": ""nanometers"", ""actual_wavelengths"": [443.0, 490.0, 560.0, 665.0, 705.0, 740.0, 783.0, 842.0, 865.0, 945.0, 1610.0, 2190.0], ""adaptation_mode"": ""frozen"", ""decoder"": {""architecture"": ""unet"", ""channels"": [256, 128, 64, 32], ""dropout"": 0.1}, ""freeze_backbone"": true, ""name"": ""panopticon"", ""pretrained"": true, ""size"": ""base"", ""weights"": ""VIT_BASE14"", ""weights_cache_path"": ""/home/yesong/.cache/torch/hub/checkpoints/panopticon_vitb14_teacher.pth"", ""weights_sha256"": ""55024f411a7f383ed1a646d9b833b65683a4443846603fc7d37591d5afe9d26e""}"
segmentation,cloudsen12,panopticon,frozen,mc_dropout,43,43,INDIVIDUAL_SEED,20260826T014423173137Z_c5_mcd_cloudsen12_panopticon_frozen_seed43_c2d49439,/workspace/results/final_thesis/mc_dropout/segmentation/cloudsen12/panopticon/frozen/runs/20260826T014423173137Z_c5_mcd_cloudsen12_panopticon_frozen_seed43_c2d49439/best.pt,2c317338e951c8ef4b5fdaafc16f08271dae22f4bf16c7976089125b605d63da,maximum validation mIoU (earliest tie),valid-pixel multiclass segmentation metrics,reports/mc_dropout_results.csv;results/final_thesis/mc_dropout/inference/segmentation/cloudsen12/panopticon/frozen/seed43/manifest.json,results/final_thesis/mc_dropout/inference/segmentation/cloudsen12/panopticon/frozen/seed43/aggregate_uncertainty_maps.npz,True,2104011480,results/final_thesis/mc_dropout/inference/segmentation/cloudsen12/panopticon/frozen/seed43/manifest.json,642f4b23b1cdb7936958899b027be19491517f84d78bd9921f97f94ba71f6bc5,sha256:af23e14b2d75b8e64a69f582c35734075b5316873fc12c1f6e32af5e9e5890df,results/final_thesis/mc_dropout/segmentation/cloudsen12/panopticon/frozen/runs/20260826T014423173137Z_c5_mcd_cloudsen12_panopticon_frozen_seed43_c2d49439/resolved_config.yaml,a26c7c0f116e8a2f494e31f6268be70f2a78974f9a834763f34a9810387863aa,df93ce2e979426f3bbe928a0a79969487f3c225c84a38bb313b8c7362e034bac,True,"{""weights"": ""VIT_BASE14"", ""weights_cache_path"": ""/home/yesong/.cache/torch/hub/checkpoints/panopticon_vitb14_teacher.pth"", ""weights_sha256"": ""55024f411a7f383ed1a646d9b833b65683a4443846603fc7d37591d5afe9d26e""}","{""artifact_path"": ""./datasets/cloudsen12/geobench_cloudsen12.tortilla"", ""artifact_sha256"": ""16b3c03d7b15cf42f6ef0cee6d453b6ad8ebbe7744674c4b58657511f7f5d0c0"", ""augmentations"": {""test"": ""none"", ""train"": ""none"", ""val"": ""none""}, ""channels"": [""B01"", ""B02"", ""B03"", ""B04"", ""B05"", ""B06"", ""B07"", ""B08"", ""B8A"", ""B09"", ""B11"", ""B12""], ""class_names"": [""clear"", ""thick cloud"", ""thin cloud"", ""cloud shadow""], ""download"": false, ""extracted_manifest_path"": ""./reports/dataset_manifests/cloudsen12_actual_manifest.csv"", ""extracted_manifest_sha256"": ""af395425e531b213e59f49290bb3101715557583cefb48d6efc7b02465d95f1a"", ""ignore_index"": null, ""image_size"": 224, ""input_bands"": ""optical"", ""mask_resize"": ""nearest"", ""name"": ""cloudsen12"", ""native_gsd_m"": 10, ""native_image_size"": 512, ""normalization"": {""mean"": [2030.244384765625, 2074.817138671875, 2209.807373046875, 2247.927490234375, 2589.593505859375, 3103.521240234375, 3277.909423828125, 3331.6318359375, 3377.544677734375, 4038.193115234375, 2448.748046875, 1907.728515625], ""method"": ""channelwise_standardization"", ""source"": ""pinned_geobench2_train_statistics"", ""std"": [2723.43603515625, 2691.302734375, 2539.91357421875, 2538.520751953125, 2504.328369140625, 2241.74462890625, 2145.667724609375, 2176.997802734375, 2066.763671875, 3083.179931640625, 1595.065185546875, 1474.11767578125]}, ""num_classes"": 4, ""num_workers"": 4, ""protocol"": ""geobench2_cloudsen12"", ""root"": ""./datasets/cloudsen12"", ""source"": ""GEO-Bench-2@fd9d0b664e6fb0faba54636bdff4906634debd4b"", ""split_source"": ""embedded_official_manifest"", ""wavelength_source"": ""pinned GeoBenchV2 DatasetBandRegistry.CLOUDSEN12/SENTINEL2"", ""wavelengths_nm"": [443.0, 490.0, 560.0, 665.0, 705.0, 740.0, 783.0, 842.0, 865.0, 945.0, 1610.0, 2190.0]}","{""backbone_learning_rate"": 0.0001, ""batch_size"": 8, ""checkpoint"": {""metric"": ""miou"", ""mode"": ""max"", ""split"": ""val""}, ""early_stopping"": {""enabled"": true, ""min_delta"": 0.0, ""patience"": 10}, ""epochs"": 50, ""gradient_clipping"": {""enabled"": false}, ""head_learning_rate"": 0.001, ""layerwise_lr_decay"": {""enabled"": false}, ""learning_rate"": 0.001, ""limit_train_batches"": null, ""limit_val_batches"": null, ""optimizer"": {""name"": ""adamw""}, ""warmup"": {""enabled"": false, ""epochs"": 0, ""type"": ""linear""}, ""weight_decay"": 0.01}","{""actual_wavelength_units"": ""nanometers"", ""actual_wavelengths"": [443.0, 490.0, 560.0, 665.0, 705.0, 740.0, 783.0, 842.0, 865.0, 945.0, 1610.0, 2190.0], ""adaptation_mode"": ""frozen"", ""decoder"": {""architecture"": ""unet"", ""channels"": [256, 128, 64, 32], ""dropout"": 0.1}, ""freeze_backbone"": true, ""name"": ""panopticon"", ""pretrained"": true, ""size"": ""base"", ""weights"": ""VIT_BASE14"", ""weights_cache_path"": ""/home/yesong/.cache/torch/hub/checkpoints/panopticon_vitb14_teacher.pth"", ""weights_sha256"": ""55024f411a7f383ed1a646d9b833b65683a4443846603fc7d37591d5afe9d26e""}"
segmentation,cloudsen12,panopticon,frozen,mc_dropout,44,44,INDIVIDUAL_SEED,20260826T024651151376Z_c5_mcd_cloudsen12_panopticon_frozen_seed44_48328b8b,/workspace/results/final_thesis/mc_dropout/segmentation/cloudsen12/panopticon/frozen/runs/20260826T024651151376Z_c5_mcd_cloudsen12_panopticon_frozen_seed44_48328b8b/best.pt,61d163ed85b1669f74088e3747d86589fd1013827f66d987887e278bf97637e6,maximum validation mIoU (earliest tie),valid-pixel multiclass segmentation metrics,reports/mc_dropout_results.csv;results/final_thesis/mc_dropout/inference/segmentation/cloudsen12/panopticon/frozen/seed44/manifest.json,results/final_thesis/mc_dropout/inference/segmentation/cloudsen12/panopticon/frozen/seed44/aggregate_uncertainty_maps.npz,True,2102165955,results/final_thesis/mc_dropout/inference/segmentation/cloudsen12/panopticon/frozen/seed44/manifest.json,83b5550c7545ac415dde4cc407d51e4d202cd93e4c9c3a0456319784c66e10a9,sha256:af23e14b2d75b8e64a69f582c35734075b5316873fc12c1f6e32af5e9e5890df,results/final_thesis/mc_dropout/segmentation/cloudsen12/panopticon/frozen/runs/20260826T024651151376Z_c5_mcd_cloudsen12_panopticon_frozen_seed44_48328b8b/resolved_config.yaml,19b998358238b41d632bbac98ddbecef836c0f3a12f974065d8862bd7dfe63a7,df93ce2e979426f3bbe928a0a79969487f3c225c84a38bb313b8c7362e034bac,True,"{""weights"": ""VIT_BASE14"", ""weights_cache_path"": ""/home/yesong/.cache/torch/hub/checkpoints/panopticon_vitb14_teacher.pth"", ""weights_sha256"": ""55024f411a7f383ed1a646d9b833b65683a4443846603fc7d37591d5afe9d26e""}","{""artifact_path"": ""./datasets/cloudsen12/geobench_cloudsen12.tortilla"", ""artifact_sha256"": ""16b3c03d7b15cf42f6ef0cee6d453b6ad8ebbe7744674c4b58657511f7f5d0c0"", ""augmentations"": {""test"": ""none"", ""train"": ""none"", ""val"": ""none""}, ""channels"": [""B01"", ""B02"", ""B03"", ""B04"", ""B05"", ""B06"", ""B07"", ""B08"", ""B8A"", ""B09"", ""B11"", ""B12""], ""class_names"": [""clear"", ""thick cloud"", ""thin cloud"", ""cloud shadow""], ""download"": false, ""extracted_manifest_path"": ""./reports/dataset_manifests/cloudsen12_actual_manifest.csv"", ""extracted_manifest_sha256"": ""af395425e531b213e59f49290bb3101715557583cefb48d6efc7b02465d95f1a"", ""ignore_index"": null, ""image_size"": 224, ""input_bands"": ""optical"", ""mask_resize"": ""nearest"", ""name"": ""cloudsen12"", ""native_gsd_m"": 10, ""native_image_size"": 512, ""normalization"": {""mean"": [2030.244384765625, 2074.817138671875, 2209.807373046875, 2247.927490234375, 2589.593505859375, 3103.521240234375, 3277.909423828125, 3331.6318359375, 3377.544677734375, 4038.193115234375, 2448.748046875, 1907.728515625], ""method"": ""channelwise_standardization"", ""source"": ""pinned_geobench2_train_statistics"", ""std"": [2723.43603515625, 2691.302734375, 2539.91357421875, 2538.520751953125, 2504.328369140625, 2241.74462890625, 2145.667724609375, 2176.997802734375, 2066.763671875, 3083.179931640625, 1595.065185546875, 1474.11767578125]}, ""num_classes"": 4, ""num_workers"": 4, ""protocol"": ""geobench2_cloudsen12"", ""root"": ""./datasets/cloudsen12"", ""source"": ""GEO-Bench-2@fd9d0b664e6fb0faba54636bdff4906634debd4b"", ""split_source"": ""embedded_official_manifest"", ""wavelength_source"": ""pinned GeoBenchV2 DatasetBandRegistry.CLOUDSEN12/SENTINEL2"", ""wavelengths_nm"": [443.0, 490.0, 560.0, 665.0, 705.0, 740.0, 783.0, 842.0, 865.0, 945.0, 1610.0, 2190.0]}","{""backbone_learning_rate"": 0.0001, ""batch_size"": 8, ""checkpoint"": {""metric"": ""miou"", ""mode"": ""max"", ""split"": ""val""}, ""early_stopping"": {""enabled"": true, ""min_delta"": 0.0, ""patience"": 10}, ""epochs"": 50, ""gradient_clipping"": {""enabled"": false}, ""head_learning_rate"": 0.001, ""layerwise_lr_decay"": {""enabled"": false}, ""learning_rate"": 0.001, ""limit_train_batches"": null, ""limit_val_batches"": null, ""optimizer"": {""name"": ""adamw""}, ""warmup"": {""enabled"": false, ""epochs"": 0, ""type"": ""linear""}, ""weight_decay"": 0.01}","{""actual_wavelength_units"": ""nanometers"", ""actual_wavelengths"": [443.0, 490.0, 560.0, 665.0, 705.0, 740.0, 783.0, 842.0, 865.0, 945.0, 1610.0, 2190.0], ""adaptation_mode"": ""frozen"", ""decoder"": {""architecture"": ""unet"", ""channels"": [256, 128, 64, 32], ""dropout"": 0.1}, ""freeze_backbone"": true, ""name"": ""panopticon"", ""pretrained"": true, ""size"": ""base"", ""weights"": ""VIT_BASE14"", ""weights_cache_path"": ""/home/yesong/.cache/torch/hub/checkpoints/panopticon_vitb14_teacher.pth"", ""weights_sha256"": ""55024f411a7f383ed1a646d9b833b65683a4443846603fc7d37591d5afe9d26e""}"
segmentation,cloudsen12,panopticon,frozen,deep_ensemble,,42;43;44,ENSEMBLE,,,,N/A — post-hoc probability mean; members use maximum validation mIoU,valid-pixel multiclass segmentation metrics,reports/c3_segmentation_ensemble_results.csv;results/final_thesis/c3_temperature_scaling_and_ensembles/segmentation/deep_ensembles/cloudsen12/panopticon/frozen/manifest.json,results/final_thesis/c3_temperature_scaling_and_ensembles/segmentation/deep_ensembles/cloudsen12/panopticon/frozen/ensemble_predictions.npz,True,1031004408,results/final_thesis/c3_temperature_scaling_and_ensembles/segmentation/deep_ensembles/cloudsen12/panopticon/frozen/manifest.json,755da544d2c8ddbeb58ef2443199e305a9ee102e33e8b62cf3b9a53b16706927,sha256:af23e14b2d75b8e64a69f582c35734075b5316873fc12c1f6e32af5e9e5890df,,,,,,,,
segmentation,cloudsen12,panopticon,full_finetune,deterministic,42,42,INDIVIDUAL_SEED,20260824T002903622341Z_cloudsen12_panopticon_full_finetune_seed42_797a0b89,/workspace/results/final_thesis/segmentation/cloudsen12_full_finetune/runs/20260824T002903622341Z_cloudsen12_panopticon_full_finetune_seed42_797a0b89/best.pt,f66f21353272332b2c335f1db57a2ccdb33acadfaf37261468de67ec679ca0fa,maximum validation mIoU (earliest tie),valid-pixel multiclass segmentation metrics,reports/c2_segmentation_run_audits/20260824T162250Z/audit.csv;reports/c2_segmentation_run_audits/20260824T162250Z/audit.json;results/final_thesis/segmentation/cloudsen12_full_finetune/runs/20260824T002903622341Z_cloudsen12_panopticon_full_finetune_seed42_797a0b89/run_summary.json;results/final_thesis/segmentation/cloudsen12_full_finetune/runs/20260824T002903622341Z_cloudsen12_panopticon_full_finetune_seed42_797a0b89/results.json,results/final_thesis/segmentation/cloudsen12_full_finetune/runs/20260824T002903622341Z_cloudsen12_panopticon_full_finetune_seed42_797a0b89/predictions/test/deterministic/predictions.npz,True,1715574614,results/final_thesis/segmentation/cloudsen12_full_finetune/runs/20260824T002903622341Z_cloudsen12_panopticon_full_finetune_seed42_797a0b89/predictions/test/deterministic/manifest.json,57253c7e9a8d3ef626649ba4846c20e51065818ffb26462c670cd1b7139a989c,sha256:af23e14b2d75b8e64a69f582c35734075b5316873fc12c1f6e32af5e9e5890df,results/final_thesis/segmentation/cloudsen12_full_finetune/runs/20260824T002903622341Z_cloudsen12_panopticon_full_finetune_seed42_797a0b89/resolved_config.yaml,ead42caccc66af5ad7e35e071eca71efb757de8cef807a7d67bf4dc11488c389,b5ae435f7c427ac50dd43c68fbc8e95ac81639393a99d47e946348015d5d9f93,True,"{""weights"": ""VIT_BASE14"", ""weights_cache_path"": ""/home/yesong/.cache/torch/hub/checkpoints/panopticon_vitb14_teacher.pth"", ""weights_sha256"": ""55024f411a7f383ed1a646d9b833b65683a4443846603fc7d37591d5afe9d26e""}","{""artifact_path"": ""./datasets/cloudsen12/geobench_cloudsen12.tortilla"", ""artifact_sha256"": ""16b3c03d7b15cf42f6ef0cee6d453b6ad8ebbe7744674c4b58657511f7f5d0c0"", ""augmentations"": {""test"": ""none"", ""train"": ""none"", ""val"": ""none""}, ""channels"": [""B01"", ""B02"", ""B03"", ""B04"", ""B05"", ""B06"", ""B07"", ""B08"", ""B8A"", ""B09"", ""B11"", ""B12""], ""class_names"": [""clear"", ""thick cloud"", ""thin cloud"", ""cloud shadow""], ""download"": false, ""extracted_manifest_path"": ""./reports/dataset_manifests/cloudsen12_actual_manifest.csv"", ""extracted_manifest_sha256"": ""af395425e531b213e59f49290bb3101715557583cefb48d6efc7b02465d95f1a"", ""ignore_index"": null, ""image_size"": 224, ""input_bands"": ""optical"", ""mask_resize"": ""nearest"", ""name"": ""cloudsen12"", ""native_gsd_m"": 10, ""native_image_size"": 512, ""normalization"": {""mean"": [2030.244384765625, 2074.817138671875, 2209.807373046875, 2247.927490234375, 2589.593505859375, 3103.521240234375, 3277.909423828125, 3331.6318359375, 3377.544677734375, 4038.193115234375, 2448.748046875, 1907.728515625], ""method"": ""channelwise_standardization"", ""source"": ""pinned_geobench2_train_statistics"", ""std"": [2723.43603515625, 2691.302734375, 2539.91357421875, 2538.520751953125, 2504.328369140625, 2241.74462890625, 2145.667724609375, 2176.997802734375, 2066.763671875, 3083.179931640625, 1595.065185546875, 1474.11767578125]}, ""num_classes"": 4, ""num_workers"": 4, ""protocol"": ""geobench2_cloudsen12"", ""root"": ""./datasets/cloudsen12"", ""source"": ""GEO-Bench-2@fd9d0b664e6fb0faba54636bdff4906634debd4b"", ""split_source"": ""embedded_official_manifest"", ""wavelength_source"": ""pinned GeoBenchV2 DatasetBandRegistry.CLOUDSEN12/SENTINEL2"", ""wavelengths_nm"": [443.0, 490.0, 560.0, 665.0, 705.0, 740.0, 783.0, 842.0, 865.0, 945.0, 1610.0, 2190.0]}","{""backbone_learning_rate"": 0.0001, ""batch_size"": 8, ""checkpoint"": {""metric"": ""miou"", ""mode"": ""max"", ""split"": ""val""}, ""early_stopping"": {""enabled"": true, ""min_delta"": 0.0, ""patience"": 15}, ""epochs"": 50, ""gradient_clipping"": {""enabled"": false}, ""head_learning_rate"": 0.001, ""layerwise_lr_decay"": {""enabled"": false}, ""learning_rate"": 0.001, ""limit_train_batches"": null, ""limit_val_batches"": null, ""optimizer"": {""name"": ""adamw""}, ""warmup"": {""enabled"": false, ""epochs"": 0, ""type"": ""linear""}, ""weight_decay"": 0.01}","{""actual_wavelength_units"": ""nanometers"", ""actual_wavelengths"": [443.0, 490.0, 560.0, 665.0, 705.0, 740.0, 783.0, 842.0, 865.0, 945.0, 1610.0, 2190.0], ""adaptation_mode"": ""full_finetune"", ""decoder"": {""architecture"": ""unet"", ""channels"": [256, 128, 64, 32]}, ""expected_frozen_backbone_parameters"": [""model.patch_embed.chnfus.chnemb.embed_transmit"", ""model.patch_embed.chnfus.chnemb.embed_receive"", ""model.patch_embed.chnfus.chnemb.embed_orbit""], ""freeze_backbone"": false, ""name"": ""panopticon"", ""pretrained"": true, ""size"": ""base"", ""weights"": ""VIT_BASE14"", ""weights_cache_path"": ""/home/yesong/.cache/torch/hub/checkpoints/panopticon_vitb14_teacher.pth"", ""weights_sha256"": ""55024f411a7f383ed1a646d9b833b65683a4443846603fc7d37591d5afe9d26e""}"
segmentation,cloudsen12,panopticon,full_finetune,deterministic,43,43,INDIVIDUAL_SEED,20260824T055703693822Z_cloudsen12_panopticon_full_finetune_seed43_8e8dc6a5,/workspace/results/final_thesis/segmentation/cloudsen12_full_finetune/runs/20260824T055703693822Z_cloudsen12_panopticon_full_finetune_seed43_8e8dc6a5/best.pt,c1278d919dc133965e8a3d913e6eaca4efd117073e58fe20e353de3059a1b37e,maximum validation mIoU (earliest tie),valid-pixel multiclass segmentation metrics,reports/c2_segmentation_run_audits/20260824T162250Z/audit.csv;reports/c2_segmentation_run_audits/20260824T162250Z/audit.json;results/final_thesis/segmentation/cloudsen12_full_finetune/runs/20260824T055703693822Z_cloudsen12_panopticon_full_finetune_seed43_8e8dc6a5/run_summary.json;results/final_thesis/segmentation/cloudsen12_full_finetune/runs/20260824T055703693822Z_cloudsen12_panopticon_full_finetune_seed43_8e8dc6a5/results.json,results/final_thesis/segmentation/cloudsen12_full_finetune/runs/20260824T055703693822Z_cloudsen12_panopticon_full_finetune_seed43_8e8dc6a5/predictions/test/deterministic/predictions.npz,True,1718600238,results/final_thesis/segmentation/cloudsen12_full_finetune/runs/20260824T055703693822Z_cloudsen12_panopticon_full_finetune_seed43_8e8dc6a5/predictions/test/deterministic/manifest.json,84f115183edd492fe0cc4214a393de9ca7142dd8404425b2eb0c7817380e759d,sha256:af23e14b2d75b8e64a69f582c35734075b5316873fc12c1f6e32af5e9e5890df,results/final_thesis/segmentation/cloudsen12_full_finetune/runs/20260824T055703693822Z_cloudsen12_panopticon_full_finetune_seed43_8e8dc6a5/resolved_config.yaml,79aff7f91a5b90ac3608488c09d8602e4568148690ecfaa21166065e95fc4489,b5ae435f7c427ac50dd43c68fbc8e95ac81639393a99d47e946348015d5d9f93,True,"{""weights"": ""VIT_BASE14"", ""weights_cache_path"": ""/home/yesong/.cache/torch/hub/checkpoints/panopticon_vitb14_teacher.pth"", ""weights_sha256"": ""55024f411a7f383ed1a646d9b833b65683a4443846603fc7d37591d5afe9d26e""}","{""artifact_path"": ""./datasets/cloudsen12/geobench_cloudsen12.tortilla"", ""artifact_sha256"": ""16b3c03d7b15cf42f6ef0cee6d453b6ad8ebbe7744674c4b58657511f7f5d0c0"", ""augmentations"": {""test"": ""none"", ""train"": ""none"", ""val"": ""none""}, ""channels"": [""B01"", ""B02"", ""B03"", ""B04"", ""B05"", ""B06"", ""B07"", ""B08"", ""B8A"", ""B09"", ""B11"", ""B12""], ""class_names"": [""clear"", ""thick cloud"", ""thin cloud"", ""cloud shadow""], ""download"": false, ""extracted_manifest_path"": ""./reports/dataset_manifests/cloudsen12_actual_manifest.csv"", ""extracted_manifest_sha256"": ""af395425e531b213e59f49290bb3101715557583cefb48d6efc7b02465d95f1a"", ""ignore_index"": null, ""image_size"": 224, ""input_bands"": ""optical"", ""mask_resize"": ""nearest"", ""name"": ""cloudsen12"", ""native_gsd_m"": 10, ""native_image_size"": 512, ""normalization"": {""mean"": [2030.244384765625, 2074.817138671875, 2209.807373046875, 2247.927490234375, 2589.593505859375, 3103.521240234375, 3277.909423828125, 3331.6318359375, 3377.544677734375, 4038.193115234375, 2448.748046875, 1907.728515625], ""method"": ""channelwise_standardization"", ""source"": ""pinned_geobench2_train_statistics"", ""std"": [2723.43603515625, 2691.302734375, 2539.91357421875, 2538.520751953125, 2504.328369140625, 2241.74462890625, 2145.667724609375, 2176.997802734375, 2066.763671875, 3083.179931640625, 1595.065185546875, 1474.11767578125]}, ""num_classes"": 4, ""num_workers"": 4, ""protocol"": ""geobench2_cloudsen12"", ""root"": ""./datasets/cloudsen12"", ""source"": ""GEO-Bench-2@fd9d0b664e6fb0faba54636bdff4906634debd4b"", ""split_source"": ""embedded_official_manifest"", ""wavelength_source"": ""pinned GeoBenchV2 DatasetBandRegistry.CLOUDSEN12/SENTINEL2"", ""wavelengths_nm"": [443.0, 490.0, 560.0, 665.0, 705.0, 740.0, 783.0, 842.0, 865.0, 945.0, 1610.0, 2190.0]}","{""backbone_learning_rate"": 0.0001, ""batch_size"": 8, ""checkpoint"": {""metric"": ""miou"", ""mode"": ""max"", ""split"": ""val""}, ""early_stopping"": {""enabled"": true, ""min_delta"": 0.0, ""patience"": 15}, ""epochs"": 50, ""gradient_clipping"": {""enabled"": false}, ""head_learning_rate"": 0.001, ""layerwise_lr_decay"": {""enabled"": false}, ""learning_rate"": 0.001, ""limit_train_batches"": null, ""limit_val_batches"": null, ""optimizer"": {""name"": ""adamw""}, ""warmup"": {""enabled"": false, ""epochs"": 0, ""type"": ""linear""}, ""weight_decay"": 0.01}","{""actual_wavelength_units"": ""nanometers"", ""actual_wavelengths"": [443.0, 490.0, 560.0, 665.0, 705.0, 740.0, 783.0, 842.0, 865.0, 945.0, 1610.0, 2190.0], ""adaptation_mode"": ""full_finetune"", ""decoder"": {""architecture"": ""unet"", ""channels"": [256, 128, 64, 32]}, ""expected_frozen_backbone_parameters"": [""model.patch_embed.chnfus.chnemb.embed_transmit"", ""model.patch_embed.chnfus.chnemb.embed_receive"", ""model.patch_embed.chnfus.chnemb.embed_orbit""], ""freeze_backbone"": false, ""name"": ""panopticon"", ""pretrained"": true, ""size"": ""base"", ""weights"": ""VIT_BASE14"", ""weights_cache_path"": ""/home/yesong/.cache/torch/hub/checkpoints/panopticon_vitb14_teacher.pth"", ""weights_sha256"": ""55024f411a7f383ed1a646d9b833b65683a4443846603fc7d37591d5afe9d26e""}"
segmentation,cloudsen12,panopticon,full_finetune,deterministic,44,44,INDIVIDUAL_SEED,20260824T102603117304Z_cloudsen12_panopticon_full_finetune_seed44_fde03f5e,/workspace/results/final_thesis/segmentation/cloudsen12_full_finetune/runs/20260824T102603117304Z_cloudsen12_panopticon_full_finetune_seed44_fde03f5e/best.pt,291e4e0c6b5e68c1c62a38b53b7d67be66e6632b643cb8556b0590b334e6d37d,maximum validation mIoU (earliest tie),valid-pixel multiclass segmentation metrics,reports/c2_segmentation_run_audits/20260824T162250Z/audit.csv;reports/c2_segmentation_run_audits/20260824T162250Z/audit.json;results/final_thesis/segmentation/cloudsen12_full_finetune/runs/20260824T102603117304Z_cloudsen12_panopticon_full_finetune_seed44_fde03f5e/run_summary.json;results/final_thesis/segmentation/cloudsen12_full_finetune/runs/20260824T102603117304Z_cloudsen12_panopticon_full_finetune_seed44_fde03f5e/results.json,results/final_thesis/segmentation/cloudsen12_full_finetune/runs/20260824T102603117304Z_cloudsen12_panopticon_full_finetune_seed44_fde03f5e/predictions/test/deterministic/predictions.npz,True,1710912064,results/final_thesis/segmentation/cloudsen12_full_finetune/runs/20260824T102603117304Z_cloudsen12_panopticon_full_finetune_seed44_fde03f5e/predictions/test/deterministic/manifest.json,bca105395617a8e619590b0fdd72ad58040328529906b7fd2d1b0b21005fe599,sha256:af23e14b2d75b8e64a69f582c35734075b5316873fc12c1f6e32af5e9e5890df,results/final_thesis/segmentation/cloudsen12_full_finetune/runs/20260824T102603117304Z_cloudsen12_panopticon_full_finetune_seed44_fde03f5e/resolved_config.yaml,6ef2c618ce2c8f096b9db675debd678479808b71e52749301ab6a12db8d59482,b5ae435f7c427ac50dd43c68fbc8e95ac81639393a99d47e946348015d5d9f93,True,"{""weights"": ""VIT_BASE14"", ""weights_cache_path"": ""/home/yesong/.cache/torch/hub/checkpoints/panopticon_vitb14_teacher.pth"", ""weights_sha256"": ""55024f411a7f383ed1a646d9b833b65683a4443846603fc7d37591d5afe9d26e""}","{""artifact_path"": ""./datasets/cloudsen12/geobench_cloudsen12.tortilla"", ""artifact_sha256"": ""16b3c03d7b15cf42f6ef0cee6d453b6ad8ebbe7744674c4b58657511f7f5d0c0"", ""augmentations"": {""test"": ""none"", ""train"": ""none"", ""val"": ""none""}, ""channels"": [""B01"", ""B02"", ""B03"", ""B04"", ""B05"", ""B06"", ""B07"", ""B08"", ""B8A"", ""B09"", ""B11"", ""B12""], ""class_names"": [""clear"", ""thick cloud"", ""thin cloud"", ""cloud shadow""], ""download"": false, ""extracted_manifest_path"": ""./reports/dataset_manifests/cloudsen12_actual_manifest.csv"", ""extracted_manifest_sha256"": ""af395425e531b213e59f49290bb3101715557583cefb48d6efc7b02465d95f1a"", ""ignore_index"": null, ""image_size"": 224, ""input_bands"": ""optical"", ""mask_resize"": ""nearest"", ""name"": ""cloudsen12"", ""native_gsd_m"": 10, ""native_image_size"": 512, ""normalization"": {""mean"": [2030.244384765625, 2074.817138671875, 2209.807373046875, 2247.927490234375, 2589.593505859375, 3103.521240234375, 3277.909423828125, 3331.6318359375, 3377.544677734375, 4038.193115234375, 2448.748046875, 1907.728515625], ""method"": ""channelwise_standardization"", ""source"": ""pinned_geobench2_train_statistics"", ""std"": [2723.43603515625, 2691.302734375, 2539.91357421875, 2538.520751953125, 2504.328369140625, 2241.74462890625, 2145.667724609375, 2176.997802734375, 2066.763671875, 3083.179931640625, 1595.065185546875, 1474.11767578125]}, ""num_classes"": 4, ""num_workers"": 4, ""protocol"": ""geobench2_cloudsen12"", ""root"": ""./datasets/cloudsen12"", ""source"": ""GEO-Bench-2@fd9d0b664e6fb0faba54636bdff4906634debd4b"", ""split_source"": ""embedded_official_manifest"", ""wavelength_source"": ""pinned GeoBenchV2 DatasetBandRegistry.CLOUDSEN12/SENTINEL2"", ""wavelengths_nm"": [443.0, 490.0, 560.0, 665.0, 705.0, 740.0, 783.0, 842.0, 865.0, 945.0, 1610.0, 2190.0]}","{""backbone_learning_rate"": 0.0001, ""batch_size"": 8, ""checkpoint"": {""metric"": ""miou"", ""mode"": ""max"", ""split"": ""val""}, ""early_stopping"": {""enabled"": true, ""min_delta"": 0.0, ""patience"": 15}, ""epochs"": 50, ""gradient_clipping"": {""enabled"": false}, ""head_learning_rate"": 0.001, ""layerwise_lr_decay"": {""enabled"": false}, ""learning_rate"": 0.001, ""limit_train_batches"": null, ""limit_val_batches"": null, ""optimizer"": {""name"": ""adamw""}, ""warmup"": {""enabled"": false, ""epochs"": 0, ""type"": ""linear""}, ""weight_decay"": 0.01}","{""actual_wavelength_units"": ""nanometers"", ""actual_wavelengths"": [443.0, 490.0, 560.0, 665.0, 705.0, 740.0, 783.0, 842.0, 865.0, 945.0, 1610.0, 2190.0], ""adaptation_mode"": ""full_finetune"", ""decoder"": {""architecture"": ""unet"", ""channels"": [256, 128, 64, 32]}, ""expected_frozen_backbone_parameters"": [""model.patch_embed.chnfus.chnemb.embed_transmit"", ""model.patch_embed.chnfus.chnemb.embed_receive"", ""model.patch_embed.chnfus.chnemb.embed_orbit""], ""freeze_backbone"": false, ""name"": ""panopticon"", ""pretrained"": true, ""size"": ""base"", ""weights"": ""VIT_BASE14"", ""weights_cache_path"": ""/home/yesong/.cache/torch/hub/checkpoints/panopticon_vitb14_teacher.pth"", ""weights_sha256"": ""55024f411a7f383ed1a646d9b833b65683a4443846603fc7d37591d5afe9d26e""}"
segmentation,cloudsen12,panopticon,full_finetune,mc_dropout,42,42,INDIVIDUAL_SEED,20260826T035216258322Z_c5_mcd_cloudsen12_panopticon_full_finetune_seed42_ce5ec096,/workspace/results/final_thesis/mc_dropout/segmentation/cloudsen12/panopticon/full_finetune/runs/20260826T035216258322Z_c5_mcd_cloudsen12_panopticon_full_finetune_seed42_ce5ec096/best.pt,118f70d01b4abdda33d7ca15e905b968602cee73bb88faf8e13dce4953d8c06a,maximum validation mIoU (earliest tie),valid-pixel multiclass segmentation metrics,reports/mc_dropout_results.csv;results/final_thesis/mc_dropout/inference/segmentation/cloudsen12/panopticon/full_finetune/seed42/manifest.json,results/final_thesis/mc_dropout/inference/segmentation/cloudsen12/panopticon/full_finetune/seed42/aggregate_uncertainty_maps.npz,True,2101968865,results/final_thesis/mc_dropout/inference/segmentation/cloudsen12/panopticon/full_finetune/seed42/manifest.json,949349a6557e1e25f1a9df0a92049f0ca61130a75d133124952763dc16c6ed56,sha256:af23e14b2d75b8e64a69f582c35734075b5316873fc12c1f6e32af5e9e5890df,results/final_thesis/mc_dropout/segmentation/cloudsen12/panopticon/full_finetune/runs/20260826T035216258322Z_c5_mcd_cloudsen12_panopticon_full_finetune_seed42_ce5ec096/resolved_config.yaml,70e683e3c1113cf4b7774fb90697d7787ee27cf450d4f2fc981c164257c209c1,df93ce2e979426f3bbe928a0a79969487f3c225c84a38bb313b8c7362e034bac,True,"{""weights"": ""VIT_BASE14"", ""weights_cache_path"": ""/home/yesong/.cache/torch/hub/checkpoints/panopticon_vitb14_teacher.pth"", ""weights_sha256"": ""55024f411a7f383ed1a646d9b833b65683a4443846603fc7d37591d5afe9d26e""}","{""artifact_path"": ""./datasets/cloudsen12/geobench_cloudsen12.tortilla"", ""artifact_sha256"": ""16b3c03d7b15cf42f6ef0cee6d453b6ad8ebbe7744674c4b58657511f7f5d0c0"", ""augmentations"": {""test"": ""none"", ""train"": ""none"", ""val"": ""none""}, ""channels"": [""B01"", ""B02"", ""B03"", ""B04"", ""B05"", ""B06"", ""B07"", ""B08"", ""B8A"", ""B09"", ""B11"", ""B12""], ""class_names"": [""clear"", ""thick cloud"", ""thin cloud"", ""cloud shadow""], ""download"": false, ""extracted_manifest_path"": ""./reports/dataset_manifests/cloudsen12_actual_manifest.csv"", ""extracted_manifest_sha256"": ""af395425e531b213e59f49290bb3101715557583cefb48d6efc7b02465d95f1a"", ""ignore_index"": null, ""image_size"": 224, ""input_bands"": ""optical"", ""mask_resize"": ""nearest"", ""name"": ""cloudsen12"", ""native_gsd_m"": 10, ""native_image_size"": 512, ""normalization"": {""mean"": [2030.244384765625, 2074.817138671875, 2209.807373046875, 2247.927490234375, 2589.593505859375, 3103.521240234375, 3277.909423828125, 3331.6318359375, 3377.544677734375, 4038.193115234375, 2448.748046875, 1907.728515625], ""method"": ""channelwise_standardization"", ""source"": ""pinned_geobench2_train_statistics"", ""std"": [2723.43603515625, 2691.302734375, 2539.91357421875, 2538.520751953125, 2504.328369140625, 2241.74462890625, 2145.667724609375, 2176.997802734375, 2066.763671875, 3083.179931640625, 1595.065185546875, 1474.11767578125]}, ""num_classes"": 4, ""num_workers"": 4, ""protocol"": ""geobench2_cloudsen12"", ""root"": ""./datasets/cloudsen12"", ""source"": ""GEO-Bench-2@fd9d0b664e6fb0faba54636bdff4906634debd4b"", ""split_source"": ""embedded_official_manifest"", ""wavelength_source"": ""pinned GeoBenchV2 DatasetBandRegistry.CLOUDSEN12/SENTINEL2"", ""wavelengths_nm"": [443.0, 490.0, 560.0, 665.0, 705.0, 740.0, 783.0, 842.0, 865.0, 945.0, 1610.0, 2190.0]}","{""backbone_learning_rate"": 0.0001, ""batch_size"": 8, ""checkpoint"": {""metric"": ""miou"", ""mode"": ""max"", ""split"": ""val""}, ""early_stopping"": {""enabled"": true, ""min_delta"": 0.0, ""patience"": 15}, ""epochs"": 50, ""gradient_clipping"": {""enabled"": false}, ""head_learning_rate"": 0.001, ""layerwise_lr_decay"": {""enabled"": false}, ""learning_rate"": 0.001, ""limit_train_batches"": null, ""limit_val_batches"": null, ""optimizer"": {""name"": ""adamw""}, ""warmup"": {""enabled"": false, ""epochs"": 0, ""type"": ""linear""}, ""weight_decay"": 0.01}","{""actual_wavelength_units"": ""nanometers"", ""actual_wavelengths"": [443.0, 490.0, 560.0, 665.0, 705.0, 740.0, 783.0, 842.0, 865.0, 945.0, 1610.0, 2190.0], ""adaptation_mode"": ""full_finetune"", ""decoder"": {""architecture"": ""unet"", ""channels"": [256, 128, 64, 32], ""dropout"": 0.1}, ""expected_frozen_backbone_parameters"": [""model.patch_embed.chnfus.chnemb.embed_transmit"", ""model.patch_embed.chnfus.chnemb.embed_receive"", ""model.patch_embed.chnfus.chnemb.embed_orbit""], ""freeze_backbone"": false, ""name"": ""panopticon"", ""pretrained"": true, ""size"": ""base"", ""weights"": ""VIT_BASE14"", ""weights_cache_path"": ""/home/yesong/.cache/torch/hub/checkpoints/panopticon_vitb14_teacher.pth"", ""weights_sha256"": ""55024f411a7f383ed1a646d9b833b65683a4443846603fc7d37591d5afe9d26e""}"
segmentation,cloudsen12,panopticon,full_finetune,deep_ensemble,,42;43;44,ENSEMBLE,,,,N/A — post-hoc probability mean; members use maximum validation mIoU,valid-pixel multiclass segmentation metrics,reports/c3_segmentation_ensemble_results.csv;results/final_thesis/c3_temperature_scaling_and_ensembles/segmentation/deep_ensembles/cloudsen12/panopticon/full_finetune/manifest.json,results/final_thesis/c3_temperature_scaling_and_ensembles/segmentation/deep_ensembles/cloudsen12/panopticon/full_finetune/ensemble_predictions.npz,True,1025603251,results/final_thesis/c3_temperature_scaling_and_ensembles/segmentation/deep_ensembles/cloudsen12/panopticon/full_finetune/manifest.json,ec996973a7453451454cd0ca8416de421b47d3affe83fe79439102ad6c2231b4,sha256:af23e14b2d75b8e64a69f582c35734075b5316873fc12c1f6e32af5e9e5890df,,,,,,,,
segmentation,spacenet7,dofa,frozen,deterministic,42,42,INDIVIDUAL_SEED,20260823T212554554121Z_spacenet7_dofa_frozen_seed42_bb178c28,/workspace/results/final_thesis/segmentation/spacenet7_frozen/runs/20260823T212554554121Z_spacenet7_dofa_frozen_seed42_bb178c28/best.pt,cc87ec7141ff7aa6358d7213f38228d020dcbf0d2fe2a77f674525bab7e58e1f,maximum validation mIoU (earliest tie),valid-pixel multiclass metrics; building/foreground and valid-boundary calibration additionally reported,reports/c2_segmentation_run_audits/20260824T162250Z/audit.csv;reports/c2_segmentation_run_audits/20260824T162250Z/audit.json;results/final_thesis/segmentation/spacenet7_frozen/runs/20260823T212554554121Z_spacenet7_dofa_frozen_seed42_bb178c28/run_summary.json;results/final_thesis/segmentation/spacenet7_frozen/runs/20260823T212554554121Z_spacenet7_dofa_frozen_seed42_bb178c28/results.json,results/final_thesis/segmentation/spacenet7_frozen/runs/20260823T212554554121Z_spacenet7_dofa_frozen_seed42_bb178c28/predictions/test/deterministic/predictions.npz,True,1158556953,results/final_thesis/segmentation/spacenet7_frozen/runs/20260823T212554554121Z_spacenet7_dofa_frozen_seed42_bb178c28/predictions/test/deterministic/manifest.json,bec09ffc8844486b03ec3263ec1ec7d0b860db19ad1060b1d67093aa48a2a169,sha256:af23e14b2d75b8e64a69f582c35734075b5316873fc12c1f6e32af5e9e5890df,results/final_thesis/segmentation/spacenet7_frozen/runs/20260823T212554554121Z_spacenet7_dofa_frozen_seed42_bb178c28/resolved_config.yaml,6fb4a5b5d4a1e07154551e8502c57e674672924c2e7dcc3d4e3cd757980b630f,b84b35625bc2314ded05274b716be24ac69dbb2f267a28e3c664b028ad033dec,True,"{""weights_path"": ""./DOFA/checkpoints/DOFA_ViT_base_e100.pth"", ""weights_sha256"": ""4720985e42b918ac0307009eb06121a3435d9bbce6fd95446f84824a538165b1""}","{""artifact_path"": ""./datasets/spacenet7/geobench_spacenet7.tortilla"", ""artifact_sha256"": ""f202abe270b729f7f2651de64cb5c6b41c5f9915109ec12b6c467afa2abcb5b6"", ""augmentations"": {""test"": ""none"", ""train"": ""none"", ""val"": ""none""}, ""channels"": [""red"", ""green"", ""blue""], ""class_names"": [""background"", ""building""], ""crop_rule"": ""official_nonoverlapping_512x512_patches"", ""download"": false, ""extracted_manifest_path"": ""./reports/dataset_manifests/spacenet7_actual_manifest.csv"", ""extracted_manifest_sha256"": ""ef5b1d89883d1cdee9fca81c2c37989f661d93fd21bdfda6dc333204aeefa5ce"", ""foreground_class_index"": 1, ""ignore_index"": 255, ""image_size"": 224, ""input_bands"": ""rgb"", ""mask_resize"": ""nearest"", ""name"": ""spacenet7"", ""native_gsd_m"": 4.777314267, ""native_image_size"": 512, ""normalization"": {""mean"": [116.94474029541016, 103.55889129638672, 76.77427673339844], ""method"": ""channelwise_standardization"", ""source"": ""pinned_geobench2_train_statistics"", ""std"": [61.655845642089844, 49.64897537231445, 45.88066864013672]}, ""num_classes"": 2, ""num_workers"": 4, ""protocol"": ""geobench2_spacenet7_static"", ""root"": ""./datasets/spacenet7"", ""source"": ""GEO-Bench-2@fd9d0b664e6fb0faba54636bdff4906634debd4b"", ""source_label_mapping"": {""0"": ""ignore"", ""1"": ""background"", ""2"": ""building""}, ""split_source"": ""embedded_official_aoi_disjoint_manifest"", ""temporal_modeling"": false, ""wavelength_source"": ""pinned GeoBenchV2 generic RGB registry"", ""wavelengths_nm"": [665.0, 560.0, 490.0]}","{""backbone_learning_rate"": 0.0001, ""batch_size"": 8, ""checkpoint"": {""metric"": ""miou"", ""mode"": ""max"", ""split"": ""val""}, ""early_stopping"": {""enabled"": true, ""min_delta"": 0.0, ""patience"": 10}, ""epochs"": 50, ""gradient_clipping"": {""enabled"": false}, ""head_learning_rate"": 0.001, ""layerwise_lr_decay"": {""enabled"": false}, ""learning_rate"": 0.001, ""limit_train_batches"": null, ""limit_val_batches"": null, ""optimizer"": {""name"": ""adamw""}, ""warmup"": {""enabled"": false, ""epochs"": 0, ""type"": ""linear""}, ""weight_decay"": 0.01}","{""actual_wavelength_units"": ""micrometers"", ""actual_wavelengths"": [0.665, 0.56, 0.49], ""adaptation_mode"": ""frozen"", ""decoder"": {""architecture"": ""unet"", ""channels"": [256, 128, 64, 32]}, ""dofa_root"": ""./DOFA"", ""freeze_backbone"": true, ""name"": ""dofa"", ""pretrained"": true, ""size"": ""base"", ""weights_path"": ""./DOFA/checkpoints/DOFA_ViT_base_e100.pth"", ""weights_sha256"": ""4720985e42b918ac0307009eb06121a3435d9bbce6fd95446f84824a538165b1""}"
segmentation,spacenet7,dofa,frozen,deterministic,43,43,INDIVIDUAL_SEED,20260824T084249767853Z_spacenet7_dofa_frozen_seed43_30065f6d,/workspace/results/final_thesis/segmentation/spacenet7_frozen/runs/20260824T084249767853Z_spacenet7_dofa_frozen_seed43_30065f6d/best.pt,52202f6b7d494de0dd836493b3c3fea49da1dbbae25ceeaeb221e29ad487b0d1,maximum validation mIoU (earliest tie),valid-pixel multiclass metrics; building/foreground and valid-boundary calibration additionally reported,reports/c2_segmentation_run_audits/20260824T162250Z/audit.csv;reports/c2_segmentation_run_audits/20260824T162250Z/audit.json;results/final_thesis/segmentation/spacenet7_frozen/runs/20260824T084249767853Z_spacenet7_dofa_frozen_seed43_30065f6d/run_summary.json;results/final_thesis/segmentation/spacenet7_frozen/runs/20260824T084249767853Z_spacenet7_dofa_frozen_seed43_30065f6d/results.json,results/final_thesis/segmentation/spacenet7_frozen/runs/20260824T084249767853Z_spacenet7_dofa_frozen_seed43_30065f6d/predictions/test/deterministic/predictions.npz,True,1140700077,results/final_thesis/segmentation/spacenet7_frozen/runs/20260824T084249767853Z_spacenet7_dofa_frozen_seed43_30065f6d/predictions/test/deterministic/manifest.json,b6d7dbefbf0fa8e6a47c41cc52948e4b80b0bf5bb48b26fb17677d251140b0d6,sha256:af23e14b2d75b8e64a69f582c35734075b5316873fc12c1f6e32af5e9e5890df,results/final_thesis/segmentation/spacenet7_frozen/runs/20260824T084249767853Z_spacenet7_dofa_frozen_seed43_30065f6d/resolved_config.yaml,7ff487d79f74031a640e2badcde27bb696af9cca73cf38adfee4019b4c52e015,b5ae435f7c427ac50dd43c68fbc8e95ac81639393a99d47e946348015d5d9f93,True,"{""weights_path"": ""./DOFA/checkpoints/DOFA_ViT_base_e100.pth"", ""weights_sha256"": ""4720985e42b918ac0307009eb06121a3435d9bbce6fd95446f84824a538165b1""}","{""artifact_path"": ""./datasets/spacenet7/geobench_spacenet7.tortilla"", ""artifact_sha256"": ""f202abe270b729f7f2651de64cb5c6b41c5f9915109ec12b6c467afa2abcb5b6"", ""augmentations"": {""test"": ""none"", ""train"": ""none"", ""val"": ""none""}, ""channels"": [""red"", ""green"", ""blue""], ""class_names"": [""background"", ""building""], ""crop_rule"": ""official_nonoverlapping_512x512_patches"", ""download"": false, ""extracted_manifest_path"": ""./reports/dataset_manifests/spacenet7_actual_manifest.csv"", ""extracted_manifest_sha256"": ""ef5b1d89883d1cdee9fca81c2c37989f661d93fd21bdfda6dc333204aeefa5ce"", ""foreground_class_index"": 1, ""ignore_index"": 255, ""image_size"": 224, ""input_bands"": ""rgb"", ""mask_resize"": ""nearest"", ""name"": ""spacenet7"", ""native_gsd_m"": 4.777314267, ""native_image_size"": 512, ""normalization"": {""mean"": [116.94474029541016, 103.55889129638672, 76.77427673339844], ""method"": ""channelwise_standardization"", ""source"": ""pinned_geobench2_train_statistics"", ""std"": [61.655845642089844, 49.64897537231445, 45.88066864013672]}, ""num_classes"": 2, ""num_workers"": 4, ""protocol"": ""geobench2_spacenet7_static"", ""root"": ""./datasets/spacenet7"", ""source"": ""GEO-Bench-2@fd9d0b664e6fb0faba54636bdff4906634debd4b"", ""source_label_mapping"": {""0"": ""ignore"", ""1"": ""background"", ""2"": ""building""}, ""split_source"": ""embedded_official_aoi_disjoint_manifest"", ""temporal_modeling"": false, ""wavelength_source"": ""pinned GeoBenchV2 generic RGB registry"", ""wavelengths_nm"": [665.0, 560.0, 490.0]}","{""backbone_learning_rate"": 0.0001, ""batch_size"": 8, ""checkpoint"": {""metric"": ""miou"", ""mode"": ""max"", ""split"": ""val""}, ""early_stopping"": {""enabled"": true, ""min_delta"": 0.0, ""patience"": 10}, ""epochs"": 50, ""gradient_clipping"": {""enabled"": false}, ""head_learning_rate"": 0.001, ""layerwise_lr_decay"": {""enabled"": false}, ""learning_rate"": 0.001, ""limit_train_batches"": null, ""limit_val_batches"": null, ""optimizer"": {""name"": ""adamw""}, ""warmup"": {""enabled"": false, ""epochs"": 0, ""type"": ""linear""}, ""weight_decay"": 0.01}","{""actual_wavelength_units"": ""micrometers"", ""actual_wavelengths"": [0.665, 0.56, 0.49], ""adaptation_mode"": ""frozen"", ""decoder"": {""architecture"": ""unet"", ""channels"": [256, 128, 64, 32]}, ""dofa_root"": ""./DOFA"", ""freeze_backbone"": true, ""name"": ""dofa"", ""pretrained"": true, ""size"": ""base"", ""weights_path"": ""./DOFA/checkpoints/DOFA_ViT_base_e100.pth"", ""weights_sha256"": ""4720985e42b918ac0307009eb06121a3435d9bbce6fd95446f84824a538165b1""}"
segmentation,spacenet7,dofa,frozen,deterministic,44,44,INDIVIDUAL_SEED,20260824T131025872125Z_spacenet7_dofa_frozen_seed44_505d5ab5,/workspace/results/final_thesis/segmentation/spacenet7_frozen/runs/20260824T131025872125Z_spacenet7_dofa_frozen_seed44_505d5ab5/best.pt,b69ec4bb3be51b4e530bef4aa8267521015cfc71d85808db38c470f67c721db9,maximum validation mIoU (earliest tie),valid-pixel multiclass metrics; building/foreground and valid-boundary calibration additionally reported,reports/c2_segmentation_run_audits/20260824T162250Z/audit.csv;reports/c2_segmentation_run_audits/20260824T162250Z/audit.json;results/final_thesis/segmentation/spacenet7_frozen/runs/20260824T131025872125Z_spacenet7_dofa_frozen_seed44_505d5ab5/run_summary.json;results/final_thesis/segmentation/spacenet7_frozen/runs/20260824T131025872125Z_spacenet7_dofa_frozen_seed44_505d5ab5/results.json,results/final_thesis/segmentation/spacenet7_frozen/runs/20260824T131025872125Z_spacenet7_dofa_frozen_seed44_505d5ab5/predictions/test/deterministic/predictions.npz,True,1139877477,results/final_thesis/segmentation/spacenet7_frozen/runs/20260824T131025872125Z_spacenet7_dofa_frozen_seed44_505d5ab5/predictions/test/deterministic/manifest.json,7780d07f70d175e5fb1ef4afd40c5eb4569795e1e1b63a19a749413bfa67917f,sha256:af23e14b2d75b8e64a69f582c35734075b5316873fc12c1f6e32af5e9e5890df,results/final_thesis/segmentation/spacenet7_frozen/runs/20260824T131025872125Z_spacenet7_dofa_frozen_seed44_505d5ab5/resolved_config.yaml,73f4b4c3fc66e49f8a97ae9a5b51a00739b7e15f6828e5f2e845ad5204577e17,b5ae435f7c427ac50dd43c68fbc8e95ac81639393a99d47e946348015d5d9f93,True,"{""weights_path"": ""./DOFA/checkpoints/DOFA_ViT_base_e100.pth"", ""weights_sha256"": ""4720985e42b918ac0307009eb06121a3435d9bbce6fd95446f84824a538165b1""}","{""artifact_path"": ""./datasets/spacenet7/geobench_spacenet7.tortilla"", ""artifact_sha256"": ""f202abe270b729f7f2651de64cb5c6b41c5f9915109ec12b6c467afa2abcb5b6"", ""augmentations"": {""test"": ""none"", ""train"": ""none"", ""val"": ""none""}, ""channels"": [""red"", ""green"", ""blue""], ""class_names"": [""background"", ""building""], ""crop_rule"": ""official_nonoverlapping_512x512_patches"", ""download"": false, ""extracted_manifest_path"": ""./reports/dataset_manifests/spacenet7_actual_manifest.csv"", ""extracted_manifest_sha256"": ""ef5b1d89883d1cdee9fca81c2c37989f661d93fd21bdfda6dc333204aeefa5ce"", ""foreground_class_index"": 1, ""ignore_index"": 255, ""image_size"": 224, ""input_bands"": ""rgb"", ""mask_resize"": ""nearest"", ""name"": ""spacenet7"", ""native_gsd_m"": 4.777314267, ""native_image_size"": 512, ""normalization"": {""mean"": [116.94474029541016, 103.55889129638672, 76.77427673339844], ""method"": ""channelwise_standardization"", ""source"": ""pinned_geobench2_train_statistics"", ""std"": [61.655845642089844, 49.64897537231445, 45.88066864013672]}, ""num_classes"": 2, ""num_workers"": 4, ""protocol"": ""geobench2_spacenet7_static"", ""root"": ""./datasets/spacenet7"", ""source"": ""GEO-Bench-2@fd9d0b664e6fb0faba54636bdff4906634debd4b"", ""source_label_mapping"": {""0"": ""ignore"", ""1"": ""background"", ""2"": ""building""}, ""split_source"": ""embedded_official_aoi_disjoint_manifest"", ""temporal_modeling"": false, ""wavelength_source"": ""pinned GeoBenchV2 generic RGB registry"", ""wavelengths_nm"": [665.0, 560.0, 490.0]}","{""backbone_learning_rate"": 0.0001, ""batch_size"": 8, ""checkpoint"": {""metric"": ""miou"", ""mode"": ""max"", ""split"": ""val""}, ""early_stopping"": {""enabled"": true, ""min_delta"": 0.0, ""patience"": 10}, ""epochs"": 50, ""gradient_clipping"": {""enabled"": false}, ""head_learning_rate"": 0.001, ""layerwise_lr_decay"": {""enabled"": false}, ""learning_rate"": 0.001, ""limit_train_batches"": null, ""limit_val_batches"": null, ""optimizer"": {""name"": ""adamw""}, ""warmup"": {""enabled"": false, ""epochs"": 0, ""type"": ""linear""}, ""weight_decay"": 0.01}","{""actual_wavelength_units"": ""micrometers"", ""actual_wavelengths"": [0.665, 0.56, 0.49], ""adaptation_mode"": ""frozen"", ""decoder"": {""architecture"": ""unet"", ""channels"": [256, 128, 64, 32]}, ""dofa_root"": ""./DOFA"", ""freeze_backbone"": true, ""name"": ""dofa"", ""pretrained"": true, ""size"": ""base"", ""weights_path"": ""./DOFA/checkpoints/DOFA_ViT_base_e100.pth"", ""weights_sha256"": ""4720985e42b918ac0307009eb06121a3435d9bbce6fd95446f84824a538165b1""}"
segmentation,spacenet7,dofa,frozen,mc_dropout,42,42,INDIVIDUAL_SEED,20260826T064233375001Z_c5_mcd_spacenet7_dofa_frozen_seed42_cbb9d838,/workspace/results/final_thesis/mc_dropout/segmentation/spacenet7/dofa/frozen/runs/20260826T064233375001Z_c5_mcd_spacenet7_dofa_frozen_seed42_cbb9d838/best.pt,8a04b8a440b59a9cb3746f453a2427e33003238795a2c27506abbbcff344f47e,maximum validation mIoU (earliest tie),valid-pixel multiclass metrics; building/foreground and valid-boundary calibration additionally reported,reports/mc_dropout_results.csv;results/final_thesis/mc_dropout/inference/segmentation/spacenet7/dofa/frozen/seed42/manifest.json,results/final_thesis/mc_dropout/inference/segmentation/spacenet7/dofa/frozen/seed42/aggregate_uncertainty_maps.npz,True,1611256688,results/final_thesis/mc_dropout/inference/segmentation/spacenet7/dofa/frozen/seed42/manifest.json,a2d55e8a197521a89b791e35e05490b82118f65d921b320f1116fde40b02c62d,sha256:af23e14b2d75b8e64a69f582c35734075b5316873fc12c1f6e32af5e9e5890df,results/final_thesis/mc_dropout/segmentation/spacenet7/dofa/frozen/runs/20260826T064233375001Z_c5_mcd_spacenet7_dofa_frozen_seed42_cbb9d838/resolved_config.yaml,529ac8ee61e9d4a9118ade8bd7b5e4487d36442d10f28ae76749ca3a420987af,df93ce2e979426f3bbe928a0a79969487f3c225c84a38bb313b8c7362e034bac,True,"{""weights_path"": ""./DOFA/checkpoints/DOFA_ViT_base_e100.pth"", ""weights_sha256"": ""4720985e42b918ac0307009eb06121a3435d9bbce6fd95446f84824a538165b1""}","{""artifact_path"": ""./datasets/spacenet7/geobench_spacenet7.tortilla"", ""artifact_sha256"": ""f202abe270b729f7f2651de64cb5c6b41c5f9915109ec12b6c467afa2abcb5b6"", ""augmentations"": {""test"": ""none"", ""train"": ""none"", ""val"": ""none""}, ""channels"": [""red"", ""green"", ""blue""], ""class_names"": [""background"", ""building""], ""crop_rule"": ""official_nonoverlapping_512x512_patches"", ""download"": false, ""extracted_manifest_path"": ""./reports/dataset_manifests/spacenet7_actual_manifest.csv"", ""extracted_manifest_sha256"": ""ef5b1d89883d1cdee9fca81c2c37989f661d93fd21bdfda6dc333204aeefa5ce"", ""foreground_class_index"": 1, ""ignore_index"": 255, ""image_size"": 224, ""input_bands"": ""rgb"", ""mask_resize"": ""nearest"", ""name"": ""spacenet7"", ""native_gsd_m"": 4.777314267, ""native_image_size"": 512, ""normalization"": {""mean"": [116.94474029541016, 103.55889129638672, 76.77427673339844], ""method"": ""channelwise_standardization"", ""source"": ""pinned_geobench2_train_statistics"", ""std"": [61.655845642089844, 49.64897537231445, 45.88066864013672]}, ""num_classes"": 2, ""num_workers"": 4, ""protocol"": ""geobench2_spacenet7_static"", ""root"": ""./datasets/spacenet7"", ""source"": ""GEO-Bench-2@fd9d0b664e6fb0faba54636bdff4906634debd4b"", ""source_label_mapping"": {""0"": ""ignore"", ""1"": ""background"", ""2"": ""building""}, ""split_source"": ""embedded_official_aoi_disjoint_manifest"", ""temporal_modeling"": false, ""wavelength_source"": ""pinned GeoBenchV2 generic RGB registry"", ""wavelengths_nm"": [665.0, 560.0, 490.0]}","{""backbone_learning_rate"": 0.0001, ""batch_size"": 8, ""checkpoint"": {""metric"": ""miou"", ""mode"": ""max"", ""split"": ""val""}, ""early_stopping"": {""enabled"": true, ""min_delta"": 0.0, ""patience"": 10}, ""epochs"": 50, ""gradient_clipping"": {""enabled"": false}, ""head_learning_rate"": 0.001, ""layerwise_lr_decay"": {""enabled"": false}, ""learning_rate"": 0.001, ""limit_train_batches"": null, ""limit_val_batches"": null, ""optimizer"": {""name"": ""adamw""}, ""warmup"": {""enabled"": false, ""epochs"": 0, ""type"": ""linear""}, ""weight_decay"": 0.01}","{""actual_wavelength_units"": ""micrometers"", ""actual_wavelengths"": [0.665, 0.56, 0.49], ""adaptation_mode"": ""frozen"", ""decoder"": {""architecture"": ""unet"", ""channels"": [256, 128, 64, 32], ""dropout"": 0.1}, ""dofa_root"": ""./DOFA"", ""freeze_backbone"": true, ""name"": ""dofa"", ""pretrained"": true, ""size"": ""base"", ""weights_path"": ""./DOFA/checkpoints/DOFA_ViT_base_e100.pth"", ""weights_sha256"": ""4720985e42b918ac0307009eb06121a3435d9bbce6fd95446f84824a538165b1""}"
segmentation,spacenet7,dofa,frozen,deep_ensemble,,42;43;44,ENSEMBLE,,,,N/A — post-hoc probability mean; members use maximum validation mIoU,valid-pixel multiclass metrics; building/foreground and valid-boundary calibration additionally reported,reports/c3_segmentation_ensemble_results.csv;results/final_thesis/c3_temperature_scaling_and_ensembles/segmentation/deep_ensembles/spacenet7/dofa/frozen/manifest.json,results/final_thesis/c3_temperature_scaling_and_ensembles/segmentation/deep_ensembles/spacenet7/dofa/frozen/ensemble_predictions.npz,True,764233519,results/final_thesis/c3_temperature_scaling_and_ensembles/segmentation/deep_ensembles/spacenet7/dofa/frozen/manifest.json,c448cb8b614b6cef050f73fb8b04ebfb017a7e18ae7d22172c81be8f3d2d1c5c,sha256:af23e14b2d75b8e64a69f582c35734075b5316873fc12c1f6e32af5e9e5890df,,,,,,,,
segmentation,spacenet7,dofa,full_finetune,deterministic,42,42,INDIVIDUAL_SEED,20260823T223417473200Z_spacenet7_dofa_full_finetune_seed42_6349d2a1,/workspace/results/final_thesis/segmentation/spacenet7_full_finetune/runs/20260823T223417473200Z_spacenet7_dofa_full_finetune_seed42_6349d2a1/best.pt,18b9de6f46d662c5afcbadcd4c6ed913195403c348581b806f134b4eca86445a,maximum validation mIoU (earliest tie),valid-pixel multiclass metrics; building/foreground and valid-boundary calibration additionally reported,reports/c2_segmentation_run_audits/20260824T162250Z/audit.csv;reports/c2_segmentation_run_audits/20260824T162250Z/audit.json;results/final_thesis/segmentation/spacenet7_full_finetune/runs/20260823T223417473200Z_spacenet7_dofa_full_finetune_seed42_6349d2a1/run_summary.json;results/final_thesis/segmentation/spacenet7_full_finetune/runs/20260823T223417473200Z_spacenet7_dofa_full_finetune_seed42_6349d2a1/results.json,results/final_thesis/segmentation/spacenet7_full_finetune/runs/20260823T223417473200Z_spacenet7_dofa_full_finetune_seed42_6349d2a1/predictions/test/deterministic/predictions.npz,True,1036407542,results/final_thesis/segmentation/spacenet7_full_finetune/runs/20260823T223417473200Z_spacenet7_dofa_full_finetune_seed42_6349d2a1/predictions/test/deterministic/manifest.json,18997ad6ed1174146bdc2a914e57c292f1390427f7c048a60ce99bf647c88982,sha256:af23e14b2d75b8e64a69f582c35734075b5316873fc12c1f6e32af5e9e5890df,results/final_thesis/segmentation/spacenet7_full_finetune/runs/20260823T223417473200Z_spacenet7_dofa_full_finetune_seed42_6349d2a1/resolved_config.yaml,e53b0e95a017bb3855ba3c234eeb4c466d04821987e30eec5c5e7e1a7b796022,bd306bfff952eafc584a9a4c7d63827400fcc575af0a81971755f8813a8f88f2,True,"{""weights_path"": ""./DOFA/checkpoints/DOFA_ViT_base_e100.pth"", ""weights_sha256"": ""4720985e42b918ac0307009eb06121a3435d9bbce6fd95446f84824a538165b1""}","{""artifact_path"": ""./datasets/spacenet7/geobench_spacenet7.tortilla"", ""artifact_sha256"": ""f202abe270b729f7f2651de64cb5c6b41c5f9915109ec12b6c467afa2abcb5b6"", ""augmentations"": {""test"": ""none"", ""train"": ""none"", ""val"": ""none""}, ""channels"": [""red"", ""green"", ""blue""], ""class_names"": [""background"", ""building""], ""crop_rule"": ""official_nonoverlapping_512x512_patches"", ""download"": false, ""extracted_manifest_path"": ""./reports/dataset_manifests/spacenet7_actual_manifest.csv"", ""extracted_manifest_sha256"": ""ef5b1d89883d1cdee9fca81c2c37989f661d93fd21bdfda6dc333204aeefa5ce"", ""foreground_class_index"": 1, ""ignore_index"": 255, ""image_size"": 224, ""input_bands"": ""rgb"", ""mask_resize"": ""nearest"", ""name"": ""spacenet7"", ""native_gsd_m"": 4.777314267, ""native_image_size"": 512, ""normalization"": {""mean"": [116.94474029541016, 103.55889129638672, 76.77427673339844], ""method"": ""channelwise_standardization"", ""source"": ""pinned_geobench2_train_statistics"", ""std"": [61.655845642089844, 49.64897537231445, 45.88066864013672]}, ""num_classes"": 2, ""num_workers"": 4, ""protocol"": ""geobench2_spacenet7_static"", ""root"": ""./datasets/spacenet7"", ""source"": ""GEO-Bench-2@fd9d0b664e6fb0faba54636bdff4906634debd4b"", ""source_label_mapping"": {""0"": ""ignore"", ""1"": ""background"", ""2"": ""building""}, ""split_source"": ""embedded_official_aoi_disjoint_manifest"", ""temporal_modeling"": false, ""wavelength_source"": ""pinned GeoBenchV2 generic RGB registry"", ""wavelengths_nm"": [665.0, 560.0, 490.0]}","{""backbone_learning_rate"": 0.0001, ""batch_size"": 8, ""checkpoint"": {""metric"": ""miou"", ""mode"": ""max"", ""split"": ""val""}, ""early_stopping"": {""enabled"": true, ""min_delta"": 0.0, ""patience"": 15}, ""epochs"": 50, ""gradient_clipping"": {""enabled"": false}, ""head_learning_rate"": 0.001, ""layerwise_lr_decay"": {""enabled"": false}, ""learning_rate"": 0.001, ""limit_train_batches"": null, ""limit_val_batches"": null, ""optimizer"": {""name"": ""adamw""}, ""warmup"": {""enabled"": false, ""epochs"": 0, ""type"": ""linear""}, ""weight_decay"": 0.01}","{""actual_wavelength_units"": ""micrometers"", ""actual_wavelengths"": [0.665, 0.56, 0.49], ""adaptation_mode"": ""full_finetune"", ""decoder"": {""architecture"": ""unet"", ""channels"": [256, 128, 64, 32]}, ""dofa_root"": ""./DOFA"", ""expected_frozen_backbone_parameters"": [""pos_embed""], ""freeze_backbone"": false, ""name"": ""dofa"", ""pretrained"": true, ""size"": ""base"", ""weights_path"": ""./DOFA/checkpoints/DOFA_ViT_base_e100.pth"", ""weights_sha256"": ""4720985e42b918ac0307009eb06121a3435d9bbce6fd95446f84824a538165b1""}"
segmentation,spacenet7,dofa,full_finetune,deterministic,43,43,INDIVIDUAL_SEED,20260824T041628970344Z_spacenet7_dofa_full_finetune_seed43_2a812094,/workspace/results/final_thesis/segmentation/spacenet7_full_finetune/runs/20260824T041628970344Z_spacenet7_dofa_full_finetune_seed43_2a812094/best.pt,af9419bee583cf9d8bc9ed34622143f21180d69dcf2c71b5523cb0949d26b82a,maximum validation mIoU (earliest tie),valid-pixel multiclass metrics; building/foreground and valid-boundary calibration additionally reported,reports/c2_segmentation_run_audits/20260824T162250Z/audit.csv;reports/c2_segmentation_run_audits/20260824T162250Z/audit.json;results/final_thesis/segmentation/spacenet7_full_finetune/runs/20260824T041628970344Z_spacenet7_dofa_full_finetune_seed43_2a812094/run_summary.json;results/final_thesis/segmentation/spacenet7_full_finetune/runs/20260824T041628970344Z_spacenet7_dofa_full_finetune_seed43_2a812094/results.json,results/final_thesis/segmentation/spacenet7_full_finetune/runs/20260824T041628970344Z_spacenet7_dofa_full_finetune_seed43_2a812094/predictions/test/deterministic/predictions.npz,True,1071319239,results/final_thesis/segmentation/spacenet7_full_finetune/runs/20260824T041628970344Z_spacenet7_dofa_full_finetune_seed43_2a812094/predictions/test/deterministic/manifest.json,80f45499d52efdd35c292584120e03773e66d104a6211a13a3f81d61334affed,sha256:af23e14b2d75b8e64a69f582c35734075b5316873fc12c1f6e32af5e9e5890df,results/final_thesis/segmentation/spacenet7_full_finetune/runs/20260824T041628970344Z_spacenet7_dofa_full_finetune_seed43_2a812094/resolved_config.yaml,a5cc0043ff8bba2fdfad689cd4cbed13b63555a6d773cef5959cdd0d7e422797,b5ae435f7c427ac50dd43c68fbc8e95ac81639393a99d47e946348015d5d9f93,True,"{""weights_path"": ""./DOFA/checkpoints/DOFA_ViT_base_e100.pth"", ""weights_sha256"": ""4720985e42b918ac0307009eb06121a3435d9bbce6fd95446f84824a538165b1""}","{""artifact_path"": ""./datasets/spacenet7/geobench_spacenet7.tortilla"", ""artifact_sha256"": ""f202abe270b729f7f2651de64cb5c6b41c5f9915109ec12b6c467afa2abcb5b6"", ""augmentations"": {""test"": ""none"", ""train"": ""none"", ""val"": ""none""}, ""channels"": [""red"", ""green"", ""blue""], ""class_names"": [""background"", ""building""], ""crop_rule"": ""official_nonoverlapping_512x512_patches"", ""download"": false, ""extracted_manifest_path"": ""./reports/dataset_manifests/spacenet7_actual_manifest.csv"", ""extracted_manifest_sha256"": ""ef5b1d89883d1cdee9fca81c2c37989f661d93fd21bdfda6dc333204aeefa5ce"", ""foreground_class_index"": 1, ""ignore_index"": 255, ""image_size"": 224, ""input_bands"": ""rgb"", ""mask_resize"": ""nearest"", ""name"": ""spacenet7"", ""native_gsd_m"": 4.777314267, ""native_image_size"": 512, ""normalization"": {""mean"": [116.94474029541016, 103.55889129638672, 76.77427673339844], ""method"": ""channelwise_standardization"", ""source"": ""pinned_geobench2_train_statistics"", ""std"": [61.655845642089844, 49.64897537231445, 45.88066864013672]}, ""num_classes"": 2, ""num_workers"": 4, ""protocol"": ""geobench2_spacenet7_static"", ""root"": ""./datasets/spacenet7"", ""source"": ""GEO-Bench-2@fd9d0b664e6fb0faba54636bdff4906634debd4b"", ""source_label_mapping"": {""0"": ""ignore"", ""1"": ""background"", ""2"": ""building""}, ""split_source"": ""embedded_official_aoi_disjoint_manifest"", ""temporal_modeling"": false, ""wavelength_source"": ""pinned GeoBenchV2 generic RGB registry"", ""wavelengths_nm"": [665.0, 560.0, 490.0]}","{""backbone_learning_rate"": 0.0001, ""batch_size"": 8, ""checkpoint"": {""metric"": ""miou"", ""mode"": ""max"", ""split"": ""val""}, ""early_stopping"": {""enabled"": true, ""min_delta"": 0.0, ""patience"": 15}, ""epochs"": 50, ""gradient_clipping"": {""enabled"": false}, ""head_learning_rate"": 0.001, ""layerwise_lr_decay"": {""enabled"": false}, ""learning_rate"": 0.001, ""limit_train_batches"": null, ""limit_val_batches"": null, ""optimizer"": {""name"": ""adamw""}, ""warmup"": {""enabled"": false, ""epochs"": 0, ""type"": ""linear""}, ""weight_decay"": 0.01}","{""actual_wavelength_units"": ""micrometers"", ""actual_wavelengths"": [0.665, 0.56, 0.49], ""adaptation_mode"": ""full_finetune"", ""decoder"": {""architecture"": ""unet"", ""channels"": [256, 128, 64, 32]}, ""dofa_root"": ""./DOFA"", ""expected_frozen_backbone_parameters"": [""pos_embed""], ""freeze_backbone"": false, ""name"": ""dofa"", ""pretrained"": true, ""size"": ""base"", ""weights_path"": ""./DOFA/checkpoints/DOFA_ViT_base_e100.pth"", ""weights_sha256"": ""4720985e42b918ac0307009eb06121a3435d9bbce6fd95446f84824a538165b1""}"
segmentation,spacenet7,dofa,full_finetune,deterministic,44,44,INDIVIDUAL_SEED,20260824T105029720150Z_spacenet7_dofa_full_finetune_seed44_0e9c0a7e,/workspace/results/final_thesis/segmentation/spacenet7_full_finetune/runs/20260824T105029720150Z_spacenet7_dofa_full_finetune_seed44_0e9c0a7e/best.pt,8f8b1c02234c931b9b98f8da5297d0a44a2e7423dd1e6e508f83c58cac13327a,maximum validation mIoU (earliest tie),valid-pixel multiclass metrics; building/foreground and valid-boundary calibration additionally reported,reports/c2_segmentation_run_audits/20260824T162250Z/audit.csv;reports/c2_segmentation_run_audits/20260824T162250Z/audit.json;results/final_thesis/segmentation/spacenet7_full_finetune/runs/20260824T105029720150Z_spacenet7_dofa_full_finetune_seed44_0e9c0a7e/run_summary.json;results/final_thesis/segmentation/spacenet7_full_finetune/runs/20260824T105029720150Z_spacenet7_dofa_full_finetune_seed44_0e9c0a7e/results.json,results/final_thesis/segmentation/spacenet7_full_finetune/runs/20260824T105029720150Z_spacenet7_dofa_full_finetune_seed44_0e9c0a7e/predictions/test/deterministic/predictions.npz,True,1093200454,results/final_thesis/segmentation/spacenet7_full_finetune/runs/20260824T105029720150Z_spacenet7_dofa_full_finetune_seed44_0e9c0a7e/predictions/test/deterministic/manifest.json,02dd760a38648457e4fe85a56d35db9239fe07831dddf9abda91f1a05f4f739f,sha256:af23e14b2d75b8e64a69f582c35734075b5316873fc12c1f6e32af5e9e5890df,results/final_thesis/segmentation/spacenet7_full_finetune/runs/20260824T105029720150Z_spacenet7_dofa_full_finetune_seed44_0e9c0a7e/resolved_config.yaml,670242d6514431dfa6378bc3b391b1b9549b3d43bcec86f0afcaf58f55672d25,b5ae435f7c427ac50dd43c68fbc8e95ac81639393a99d47e946348015d5d9f93,True,"{""weights_path"": ""./DOFA/checkpoints/DOFA_ViT_base_e100.pth"", ""weights_sha256"": ""4720985e42b918ac0307009eb06121a3435d9bbce6fd95446f84824a538165b1""}","{""artifact_path"": ""./datasets/spacenet7/geobench_spacenet7.tortilla"", ""artifact_sha256"": ""f202abe270b729f7f2651de64cb5c6b41c5f9915109ec12b6c467afa2abcb5b6"", ""augmentations"": {""test"": ""none"", ""train"": ""none"", ""val"": ""none""}, ""channels"": [""red"", ""green"", ""blue""], ""class_names"": [""background"", ""building""], ""crop_rule"": ""official_nonoverlapping_512x512_patches"", ""download"": false, ""extracted_manifest_path"": ""./reports/dataset_manifests/spacenet7_actual_manifest.csv"", ""extracted_manifest_sha256"": ""ef5b1d89883d1cdee9fca81c2c37989f661d93fd21bdfda6dc333204aeefa5ce"", ""foreground_class_index"": 1, ""ignore_index"": 255, ""image_size"": 224, ""input_bands"": ""rgb"", ""mask_resize"": ""nearest"", ""name"": ""spacenet7"", ""native_gsd_m"": 4.777314267, ""native_image_size"": 512, ""normalization"": {""mean"": [116.94474029541016, 103.55889129638672, 76.77427673339844], ""method"": ""channelwise_standardization"", ""source"": ""pinned_geobench2_train_statistics"", ""std"": [61.655845642089844, 49.64897537231445, 45.88066864013672]}, ""num_classes"": 2, ""num_workers"": 4, ""protocol"": ""geobench2_spacenet7_static"", ""root"": ""./datasets/spacenet7"", ""source"": ""GEO-Bench-2@fd9d0b664e6fb0faba54636bdff4906634debd4b"", ""source_label_mapping"": {""0"": ""ignore"", ""1"": ""background"", ""2"": ""building""}, ""split_source"": ""embedded_official_aoi_disjoint_manifest"", ""temporal_modeling"": false, ""wavelength_source"": ""pinned GeoBenchV2 generic RGB registry"", ""wavelengths_nm"": [665.0, 560.0, 490.0]}","{""backbone_learning_rate"": 0.0001, ""batch_size"": 8, ""checkpoint"": {""metric"": ""miou"", ""mode"": ""max"", ""split"": ""val""}, ""early_stopping"": {""enabled"": true, ""min_delta"": 0.0, ""patience"": 15}, ""epochs"": 50, ""gradient_clipping"": {""enabled"": false}, ""head_learning_rate"": 0.001, ""layerwise_lr_decay"": {""enabled"": false}, ""learning_rate"": 0.001, ""limit_train_batches"": null, ""limit_val_batches"": null, ""optimizer"": {""name"": ""adamw""}, ""warmup"": {""enabled"": false, ""epochs"": 0, ""type"": ""linear""}, ""weight_decay"": 0.01}","{""actual_wavelength_units"": ""micrometers"", ""actual_wavelengths"": [0.665, 0.56, 0.49], ""adaptation_mode"": ""full_finetune"", ""decoder"": {""architecture"": ""unet"", ""channels"": [256, 128, 64, 32]}, ""dofa_root"": ""./DOFA"", ""expected_frozen_backbone_parameters"": [""pos_embed""], ""freeze_backbone"": false, ""name"": ""dofa"", ""pretrained"": true, ""size"": ""base"", ""weights_path"": ""./DOFA/checkpoints/DOFA_ViT_base_e100.pth"", ""weights_sha256"": ""4720985e42b918ac0307009eb06121a3435d9bbce6fd95446f84824a538165b1""}"
segmentation,spacenet7,dofa,full_finetune,mc_dropout,42,42,INDIVIDUAL_SEED,20260826T023619555012Z_c5_mcd_spacenet7_dofa_full_finetune_seed42_d7cd73ff,/workspace/results/final_thesis/mc_dropout/segmentation/spacenet7/dofa/full_finetune/runs/20260826T023619555012Z_c5_mcd_spacenet7_dofa_full_finetune_seed42_d7cd73ff/best.pt,eb4fe9a935962708a5b9e385c3770166d81212debd3bd5c644e34e30397bb7d8,maximum validation mIoU (earliest tie),valid-pixel multiclass metrics; building/foreground and valid-boundary calibration additionally reported,reports/mc_dropout_results.csv;results/final_thesis/mc_dropout/inference/segmentation/spacenet7/dofa/full_finetune/seed42/manifest.json,results/final_thesis/mc_dropout/inference/segmentation/spacenet7/dofa/full_finetune/seed42/aggregate_uncertainty_maps.npz,True,1601197066,results/final_thesis/mc_dropout/inference/segmentation/spacenet7/dofa/full_finetune/seed42/manifest.json,3a0ab20b51d6b862c501191ac59a34809acf158ae8e48d9ffdfa1482f4a25535,sha256:af23e14b2d75b8e64a69f582c35734075b5316873fc12c1f6e32af5e9e5890df,results/final_thesis/mc_dropout/segmentation/spacenet7/dofa/full_finetune/runs/20260826T023619555012Z_c5_mcd_spacenet7_dofa_full_finetune_seed42_d7cd73ff/resolved_config.yaml,27de93e79b33d56cbbc122627dac65b2f6fa4d81b6353bd7a38d77cd012aef0f,df93ce2e979426f3bbe928a0a79969487f3c225c84a38bb313b8c7362e034bac,True,"{""weights_path"": ""./DOFA/checkpoints/DOFA_ViT_base_e100.pth"", ""weights_sha256"": ""4720985e42b918ac0307009eb06121a3435d9bbce6fd95446f84824a538165b1""}","{""artifact_path"": ""./datasets/spacenet7/geobench_spacenet7.tortilla"", ""artifact_sha256"": ""f202abe270b729f7f2651de64cb5c6b41c5f9915109ec12b6c467afa2abcb5b6"", ""augmentations"": {""test"": ""none"", ""train"": ""none"", ""val"": ""none""}, ""channels"": [""red"", ""green"", ""blue""], ""class_names"": [""background"", ""building""], ""crop_rule"": ""official_nonoverlapping_512x512_patches"", ""download"": false, ""extracted_manifest_path"": ""./reports/dataset_manifests/spacenet7_actual_manifest.csv"", ""extracted_manifest_sha256"": ""ef5b1d89883d1cdee9fca81c2c37989f661d93fd21bdfda6dc333204aeefa5ce"", ""foreground_class_index"": 1, ""ignore_index"": 255, ""image_size"": 224, ""input_bands"": ""rgb"", ""mask_resize"": ""nearest"", ""name"": ""spacenet7"", ""native_gsd_m"": 4.777314267, ""native_image_size"": 512, ""normalization"": {""mean"": [116.94474029541016, 103.55889129638672, 76.77427673339844], ""method"": ""channelwise_standardization"", ""source"": ""pinned_geobench2_train_statistics"", ""std"": [61.655845642089844, 49.64897537231445, 45.88066864013672]}, ""num_classes"": 2, ""num_workers"": 4, ""protocol"": ""geobench2_spacenet7_static"", ""root"": ""./datasets/spacenet7"", ""source"": ""GEO-Bench-2@fd9d0b664e6fb0faba54636bdff4906634debd4b"", ""source_label_mapping"": {""0"": ""ignore"", ""1"": ""background"", ""2"": ""building""}, ""split_source"": ""embedded_official_aoi_disjoint_manifest"", ""temporal_modeling"": false, ""wavelength_source"": ""pinned GeoBenchV2 generic RGB registry"", ""wavelengths_nm"": [665.0, 560.0, 490.0]}","{""backbone_learning_rate"": 0.0001, ""batch_size"": 8, ""checkpoint"": {""metric"": ""miou"", ""mode"": ""max"", ""split"": ""val""}, ""early_stopping"": {""enabled"": true, ""min_delta"": 0.0, ""patience"": 15}, ""epochs"": 50, ""gradient_clipping"": {""enabled"": false}, ""head_learning_rate"": 0.001, ""layerwise_lr_decay"": {""enabled"": false}, ""learning_rate"": 0.001, ""limit_train_batches"": null, ""limit_val_batches"": null, ""optimizer"": {""name"": ""adamw""}, ""warmup"": {""enabled"": false, ""epochs"": 0, ""type"": ""linear""}, ""weight_decay"": 0.01}","{""actual_wavelength_units"": ""micrometers"", ""actual_wavelengths"": [0.665, 0.56, 0.49], ""adaptation_mode"": ""full_finetune"", ""decoder"": {""architecture"": ""unet"", ""channels"": [256, 128, 64, 32], ""dropout"": 0.1}, ""dofa_root"": ""./DOFA"", ""expected_frozen_backbone_parameters"": [""pos_embed""], ""freeze_backbone"": false, ""name"": ""dofa"", ""pretrained"": true, ""size"": ""base"", ""weights_path"": ""./DOFA/checkpoints/DOFA_ViT_base_e100.pth"", ""weights_sha256"": ""4720985e42b918ac0307009eb06121a3435d9bbce6fd95446f84824a538165b1""}"
segmentation,spacenet7,dofa,full_finetune,mc_dropout,43,43,INDIVIDUAL_SEED,20260826T030824004411Z_c5_mcd_spacenet7_dofa_full_finetune_seed43_331db539,/workspace/results/final_thesis/mc_dropout/segmentation/spacenet7/dofa/full_finetune/runs/20260826T030824004411Z_c5_mcd_spacenet7_dofa_full_finetune_seed43_331db539/best.pt,2f8e9b21de39a45eaf67deee1bc060d64f5c69e068a8fb2cd0633d500ed9eb9a,maximum validation mIoU (earliest tie),valid-pixel multiclass metrics; building/foreground and valid-boundary calibration additionally reported,reports/mc_dropout_results.csv;results/final_thesis/mc_dropout/inference/segmentation/spacenet7/dofa/full_finetune/seed43/manifest.json,results/final_thesis/mc_dropout/inference/segmentation/spacenet7/dofa/full_finetune/seed43/aggregate_uncertainty_maps.npz,True,1591499755,results/final_thesis/mc_dropout/inference/segmentation/spacenet7/dofa/full_finetune/seed43/manifest.json,c815b6d562383c6480c2687427f23560a6943bf72f99c2d1b926bbf3912c1d60,sha256:af23e14b2d75b8e64a69f582c35734075b5316873fc12c1f6e32af5e9e5890df,results/final_thesis/mc_dropout/segmentation/spacenet7/dofa/full_finetune/runs/20260826T030824004411Z_c5_mcd_spacenet7_dofa_full_finetune_seed43_331db539/resolved_config.yaml,1a6bc8ae9d3d7aeff7739861365ba7dbbac7a877dde741c312549c3561c4b679,df93ce2e979426f3bbe928a0a79969487f3c225c84a38bb313b8c7362e034bac,True,"{""weights_path"": ""./DOFA/checkpoints/DOFA_ViT_base_e100.pth"", ""weights_sha256"": ""4720985e42b918ac0307009eb06121a3435d9bbce6fd95446f84824a538165b1""}","{""artifact_path"": ""./datasets/spacenet7/geobench_spacenet7.tortilla"", ""artifact_sha256"": ""f202abe270b729f7f2651de64cb5c6b41c5f9915109ec12b6c467afa2abcb5b6"", ""augmentations"": {""test"": ""none"", ""train"": ""none"", ""val"": ""none""}, ""channels"": [""red"", ""green"", ""blue""], ""class_names"": [""background"", ""building""], ""crop_rule"": ""official_nonoverlapping_512x512_patches"", ""download"": false, ""extracted_manifest_path"": ""./reports/dataset_manifests/spacenet7_actual_manifest.csv"", ""extracted_manifest_sha256"": ""ef5b1d89883d1cdee9fca81c2c37989f661d93fd21bdfda6dc333204aeefa5ce"", ""foreground_class_index"": 1, ""ignore_index"": 255, ""image_size"": 224, ""input_bands"": ""rgb"", ""mask_resize"": ""nearest"", ""name"": ""spacenet7"", ""native_gsd_m"": 4.777314267, ""native_image_size"": 512, ""normalization"": {""mean"": [116.94474029541016, 103.55889129638672, 76.77427673339844], ""method"": ""channelwise_standardization"", ""source"": ""pinned_geobench2_train_statistics"", ""std"": [61.655845642089844, 49.64897537231445, 45.88066864013672]}, ""num_classes"": 2, ""num_workers"": 4, ""protocol"": ""geobench2_spacenet7_static"", ""root"": ""./datasets/spacenet7"", ""source"": ""GEO-Bench-2@fd9d0b664e6fb0faba54636bdff4906634debd4b"", ""source_label_mapping"": {""0"": ""ignore"", ""1"": ""background"", ""2"": ""building""}, ""split_source"": ""embedded_official_aoi_disjoint_manifest"", ""temporal_modeling"": false, ""wavelength_source"": ""pinned GeoBenchV2 generic RGB registry"", ""wavelengths_nm"": [665.0, 560.0, 490.0]}","{""backbone_learning_rate"": 0.0001, ""batch_size"": 8, ""checkpoint"": {""metric"": ""miou"", ""mode"": ""max"", ""split"": ""val""}, ""early_stopping"": {""enabled"": true, ""min_delta"": 0.0, ""patience"": 15}, ""epochs"": 50, ""gradient_clipping"": {""enabled"": false}, ""head_learning_rate"": 0.001, ""layerwise_lr_decay"": {""enabled"": false}, ""learning_rate"": 0.001, ""limit_train_batches"": null, ""limit_val_batches"": null, ""optimizer"": {""name"": ""adamw""}, ""warmup"": {""enabled"": false, ""epochs"": 0, ""type"": ""linear""}, ""weight_decay"": 0.01}","{""actual_wavelength_units"": ""micrometers"", ""actual_wavelengths"": [0.665, 0.56, 0.49], ""adaptation_mode"": ""full_finetune"", ""decoder"": {""architecture"": ""unet"", ""channels"": [256, 128, 64, 32], ""dropout"": 0.1}, ""dofa_root"": ""./DOFA"", ""expected_frozen_backbone_parameters"": [""pos_embed""], ""freeze_backbone"": false, ""name"": ""dofa"", ""pretrained"": true, ""size"": ""base"", ""weights_path"": ""./DOFA/checkpoints/DOFA_ViT_base_e100.pth"", ""weights_sha256"": ""4720985e42b918ac0307009eb06121a3435d9bbce6fd95446f84824a538165b1""}"
segmentation,spacenet7,dofa,full_finetune,mc_dropout,44,44,INDIVIDUAL_SEED,20260826T034830012709Z_c5_mcd_spacenet7_dofa_full_finetune_seed44_51fdda93,/workspace/results/final_thesis/mc_dropout/segmentation/spacenet7/dofa/full_finetune/runs/20260826T034830012709Z_c5_mcd_spacenet7_dofa_full_finetune_seed44_51fdda93/best.pt,5a8904e10ac3673c5e29f84344f2fcbf573293b3362bac8a4281b01511d1a1b3,maximum validation mIoU (earliest tie),valid-pixel multiclass metrics; building/foreground and valid-boundary calibration additionally reported,reports/mc_dropout_results.csv;results/final_thesis/mc_dropout/inference/segmentation/spacenet7/dofa/full_finetune/seed44/manifest.json,results/final_thesis/mc_dropout/inference/segmentation/spacenet7/dofa/full_finetune/seed44/aggregate_uncertainty_maps.npz,True,1564738168,results/final_thesis/mc_dropout/inference/segmentation/spacenet7/dofa/full_finetune/seed44/manifest.json,ac45f91d432ffd78b0927c63cec94671ba13c2b1f6b33c3c50a0f9698a7f07cf,sha256:af23e14b2d75b8e64a69f582c35734075b5316873fc12c1f6e32af5e9e5890df,results/final_thesis/mc_dropout/segmentation/spacenet7/dofa/full_finetune/runs/20260826T034830012709Z_c5_mcd_spacenet7_dofa_full_finetune_seed44_51fdda93/resolved_config.yaml,c3947eb25a2cc0ace66ffb9b06ca39b8ea8ba3e69e76f639058e294a5cf00702,df93ce2e979426f3bbe928a0a79969487f3c225c84a38bb313b8c7362e034bac,True,"{""weights_path"": ""./DOFA/checkpoints/DOFA_ViT_base_e100.pth"", ""weights_sha256"": ""4720985e42b918ac0307009eb06121a3435d9bbce6fd95446f84824a538165b1""}","{""artifact_path"": ""./datasets/spacenet7/geobench_spacenet7.tortilla"", ""artifact_sha256"": ""f202abe270b729f7f2651de64cb5c6b41c5f9915109ec12b6c467afa2abcb5b6"", ""augmentations"": {""test"": ""none"", ""train"": ""none"", ""val"": ""none""}, ""channels"": [""red"", ""green"", ""blue""], ""class_names"": [""background"", ""building""], ""crop_rule"": ""official_nonoverlapping_512x512_patches"", ""download"": false, ""extracted_manifest_path"": ""./reports/dataset_manifests/spacenet7_actual_manifest.csv"", ""extracted_manifest_sha256"": ""ef5b1d89883d1cdee9fca81c2c37989f661d93fd21bdfda6dc333204aeefa5ce"", ""foreground_class_index"": 1, ""ignore_index"": 255, ""image_size"": 224, ""input_bands"": ""rgb"", ""mask_resize"": ""nearest"", ""name"": ""spacenet7"", ""native_gsd_m"": 4.777314267, ""native_image_size"": 512, ""normalization"": {""mean"": [116.94474029541016, 103.55889129638672, 76.77427673339844], ""method"": ""channelwise_standardization"", ""source"": ""pinned_geobench2_train_statistics"", ""std"": [61.655845642089844, 49.64897537231445, 45.88066864013672]}, ""num_classes"": 2, ""num_workers"": 4, ""protocol"": ""geobench2_spacenet7_static"", ""root"": ""./datasets/spacenet7"", ""source"": ""GEO-Bench-2@fd9d0b664e6fb0faba54636bdff4906634debd4b"", ""source_label_mapping"": {""0"": ""ignore"", ""1"": ""background"", ""2"": ""building""}, ""split_source"": ""embedded_official_aoi_disjoint_manifest"", ""temporal_modeling"": false, ""wavelength_source"": ""pinned GeoBenchV2 generic RGB registry"", ""wavelengths_nm"": [665.0, 560.0, 490.0]}","{""backbone_learning_rate"": 0.0001, ""batch_size"": 8, ""checkpoint"": {""metric"": ""miou"", ""mode"": ""max"", ""split"": ""val""}, ""early_stopping"": {""enabled"": true, ""min_delta"": 0.0, ""patience"": 15}, ""epochs"": 50, ""gradient_clipping"": {""enabled"": false}, ""head_learning_rate"": 0.001, ""layerwise_lr_decay"": {""enabled"": false}, ""learning_rate"": 0.001, ""limit_train_batches"": null, ""limit_val_batches"": null, ""optimizer"": {""name"": ""adamw""}, ""warmup"": {""enabled"": false, ""epochs"": 0, ""type"": ""linear""}, ""weight_decay"": 0.01}","{""actual_wavelength_units"": ""micrometers"", ""actual_wavelengths"": [0.665, 0.56, 0.49], ""adaptation_mode"": ""full_finetune"", ""decoder"": {""architecture"": ""unet"", ""channels"": [256, 128, 64, 32], ""dropout"": 0.1}, ""dofa_root"": ""./DOFA"", ""expected_frozen_backbone_parameters"": [""pos_embed""], ""freeze_backbone"": false, ""name"": ""dofa"", ""pretrained"": true, ""size"": ""base"", ""weights_path"": ""./DOFA/checkpoints/DOFA_ViT_base_e100.pth"", ""weights_sha256"": ""4720985e42b918ac0307009eb06121a3435d9bbce6fd95446f84824a538165b1""}"
segmentation,spacenet7,dofa,full_finetune,deep_ensemble,,42;43;44,ENSEMBLE,,,,N/A — post-hoc probability mean; members use maximum validation mIoU,valid-pixel multiclass metrics; building/foreground and valid-boundary calibration additionally reported,reports/c3_segmentation_ensemble_results.csv;results/final_thesis/c3_temperature_scaling_and_ensembles/segmentation/deep_ensembles/spacenet7/dofa/full_finetune/manifest.json,results/final_thesis/c3_temperature_scaling_and_ensembles/segmentation/deep_ensembles/spacenet7/dofa/full_finetune/ensemble_predictions.npz,True,703453493,results/final_thesis/c3_temperature_scaling_and_ensembles/segmentation/deep_ensembles/spacenet7/dofa/full_finetune/manifest.json,67d851ba3b40dacf1924f4f3e5f252af20b35be1f40e43fa09e02900132db690,sha256:af23e14b2d75b8e64a69f582c35734075b5316873fc12c1f6e32af5e9e5890df,,,,,,,,
segmentation,spacenet7,panopticon,frozen,deterministic,42,42,INDIVIDUAL_SEED,20260824T012909480544Z_spacenet7_panopticon_frozen_seed42_5bc79e91,/workspace/results/final_thesis/segmentation/spacenet7_frozen/runs/20260824T012909480544Z_spacenet7_panopticon_frozen_seed42_5bc79e91/best.pt,e32807ee339e3691318211245829721bcf1757b150a10e7bb14565f00f43d2d3,maximum validation mIoU (earliest tie),valid-pixel multiclass metrics; building/foreground and valid-boundary calibration additionally reported,reports/c2_segmentation_run_audits/20260824T162250Z/audit.csv;reports/c2_segmentation_run_audits/20260824T162250Z/audit.json;results/final_thesis/segmentation/spacenet7_frozen/runs/20260824T012909480544Z_spacenet7_panopticon_frozen_seed42_5bc79e91/run_summary.json;results/final_thesis/segmentation/spacenet7_frozen/runs/20260824T012909480544Z_spacenet7_panopticon_frozen_seed42_5bc79e91/results.json,results/final_thesis/segmentation/spacenet7_frozen/runs/20260824T012909480544Z_spacenet7_panopticon_frozen_seed42_5bc79e91/predictions/test/deterministic/predictions.npz,True,1129585498,results/final_thesis/segmentation/spacenet7_frozen/runs/20260824T012909480544Z_spacenet7_panopticon_frozen_seed42_5bc79e91/predictions/test/deterministic/manifest.json,7d08d7f5a6d60cd7edf71c2919107c42232044680a7fe17abb9a69d6bdbe53dd,sha256:af23e14b2d75b8e64a69f582c35734075b5316873fc12c1f6e32af5e9e5890df,results/final_thesis/segmentation/spacenet7_frozen/runs/20260824T012909480544Z_spacenet7_panopticon_frozen_seed42_5bc79e91/resolved_config.yaml,db8c6cf5ee0da97434e58d2e9e4a01930997a4fff7d83311ab26ebf6d8def88f,b5ae435f7c427ac50dd43c68fbc8e95ac81639393a99d47e946348015d5d9f93,True,"{""weights"": ""VIT_BASE14"", ""weights_cache_path"": ""/home/yesong/.cache/torch/hub/checkpoints/panopticon_vitb14_teacher.pth"", ""weights_sha256"": ""55024f411a7f383ed1a646d9b833b65683a4443846603fc7d37591d5afe9d26e""}","{""artifact_path"": ""./datasets/spacenet7/geobench_spacenet7.tortilla"", ""artifact_sha256"": ""f202abe270b729f7f2651de64cb5c6b41c5f9915109ec12b6c467afa2abcb5b6"", ""augmentations"": {""test"": ""none"", ""train"": ""none"", ""val"": ""none""}, ""channels"": [""red"", ""green"", ""blue""], ""class_names"": [""background"", ""building""], ""crop_rule"": ""official_nonoverlapping_512x512_patches"", ""download"": false, ""extracted_manifest_path"": ""./reports/dataset_manifests/spacenet7_actual_manifest.csv"", ""extracted_manifest_sha256"": ""ef5b1d89883d1cdee9fca81c2c37989f661d93fd21bdfda6dc333204aeefa5ce"", ""foreground_class_index"": 1, ""ignore_index"": 255, ""image_size"": 224, ""input_bands"": ""rgb"", ""mask_resize"": ""nearest"", ""name"": ""spacenet7"", ""native_gsd_m"": 4.777314267, ""native_image_size"": 512, ""normalization"": {""mean"": [116.94474029541016, 103.55889129638672, 76.77427673339844], ""method"": ""channelwise_standardization"", ""source"": ""pinned_geobench2_train_statistics"", ""std"": [61.655845642089844, 49.64897537231445, 45.88066864013672]}, ""num_classes"": 2, ""num_workers"": 4, ""protocol"": ""geobench2_spacenet7_static"", ""root"": ""./datasets/spacenet7"", ""source"": ""GEO-Bench-2@fd9d0b664e6fb0faba54636bdff4906634debd4b"", ""source_label_mapping"": {""0"": ""ignore"", ""1"": ""background"", ""2"": ""building""}, ""split_source"": ""embedded_official_aoi_disjoint_manifest"", ""temporal_modeling"": false, ""wavelength_source"": ""pinned GeoBenchV2 generic RGB registry"", ""wavelengths_nm"": [665.0, 560.0, 490.0]}","{""backbone_learning_rate"": 0.0001, ""batch_size"": 8, ""checkpoint"": {""metric"": ""miou"", ""mode"": ""max"", ""split"": ""val""}, ""early_stopping"": {""enabled"": true, ""min_delta"": 0.0, ""patience"": 10}, ""epochs"": 50, ""gradient_clipping"": {""enabled"": false}, ""head_learning_rate"": 0.001, ""layerwise_lr_decay"": {""enabled"": false}, ""learning_rate"": 0.001, ""limit_train_batches"": null, ""limit_val_batches"": null, ""optimizer"": {""name"": ""adamw""}, ""warmup"": {""enabled"": false, ""epochs"": 0, ""type"": ""linear""}, ""weight_decay"": 0.01}","{""actual_wavelength_units"": ""nanometers"", ""actual_wavelengths"": [665.0, 560.0, 490.0], ""adaptation_mode"": ""frozen"", ""decoder"": {""architecture"": ""unet"", ""channels"": [256, 128, 64, 32]}, ""freeze_backbone"": true, ""name"": ""panopticon"", ""pretrained"": true, ""size"": ""base"", ""weights"": ""VIT_BASE14"", ""weights_cache_path"": ""/home/yesong/.cache/torch/hub/checkpoints/panopticon_vitb14_teacher.pth"", ""weights_sha256"": ""55024f411a7f383ed1a646d9b833b65683a4443846603fc7d37591d5afe9d26e""}"
segmentation,spacenet7,panopticon,frozen,deterministic,43,43,INDIVIDUAL_SEED,20260824T093212435964Z_spacenet7_panopticon_frozen_seed43_7a04c439,/workspace/results/final_thesis/segmentation/spacenet7_frozen/runs/20260824T093212435964Z_spacenet7_panopticon_frozen_seed43_7a04c439/best.pt,f3eeab13e298747e24b40a34c99f4a3ccfadd20566f3d8398095860dc157e6f5,maximum validation mIoU (earliest tie),valid-pixel multiclass metrics; building/foreground and valid-boundary calibration additionally reported,reports/c2_segmentation_run_audits/20260824T162250Z/audit.csv;reports/c2_segmentation_run_audits/20260824T162250Z/audit.json;results/final_thesis/segmentation/spacenet7_frozen/runs/20260824T093212435964Z_spacenet7_panopticon_frozen_seed43_7a04c439/run_summary.json;results/final_thesis/segmentation/spacenet7_frozen/runs/20260824T093212435964Z_spacenet7_panopticon_frozen_seed43_7a04c439/results.json,results/final_thesis/segmentation/spacenet7_frozen/runs/20260824T093212435964Z_spacenet7_panopticon_frozen_seed43_7a04c439/predictions/test/deterministic/predictions.npz,True,1123565521,results/final_thesis/segmentation/spacenet7_frozen/runs/20260824T093212435964Z_spacenet7_panopticon_frozen_seed43_7a04c439/predictions/test/deterministic/manifest.json,4c51de05effbfd45dc863a4be12d5af389ca6f855a67f53f3c4d9042801223fb,sha256:af23e14b2d75b8e64a69f582c35734075b5316873fc12c1f6e32af5e9e5890df,results/final_thesis/segmentation/spacenet7_frozen/runs/20260824T093212435964Z_spacenet7_panopticon_frozen_seed43_7a04c439/resolved_config.yaml,178901219541a8b7dacad1392f3663cc4a571d2c8bb519f7609227b702769bbb,b5ae435f7c427ac50dd43c68fbc8e95ac81639393a99d47e946348015d5d9f93,True,"{""weights"": ""VIT_BASE14"", ""weights_cache_path"": ""/home/yesong/.cache/torch/hub/checkpoints/panopticon_vitb14_teacher.pth"", ""weights_sha256"": ""55024f411a7f383ed1a646d9b833b65683a4443846603fc7d37591d5afe9d26e""}","{""artifact_path"": ""./datasets/spacenet7/geobench_spacenet7.tortilla"", ""artifact_sha256"": ""f202abe270b729f7f2651de64cb5c6b41c5f9915109ec12b6c467afa2abcb5b6"", ""augmentations"": {""test"": ""none"", ""train"": ""none"", ""val"": ""none""}, ""channels"": [""red"", ""green"", ""blue""], ""class_names"": [""background"", ""building""], ""crop_rule"": ""official_nonoverlapping_512x512_patches"", ""download"": false, ""extracted_manifest_path"": ""./reports/dataset_manifests/spacenet7_actual_manifest.csv"", ""extracted_manifest_sha256"": ""ef5b1d89883d1cdee9fca81c2c37989f661d93fd21bdfda6dc333204aeefa5ce"", ""foreground_class_index"": 1, ""ignore_index"": 255, ""image_size"": 224, ""input_bands"": ""rgb"", ""mask_resize"": ""nearest"", ""name"": ""spacenet7"", ""native_gsd_m"": 4.777314267, ""native_image_size"": 512, ""normalization"": {""mean"": [116.94474029541016, 103.55889129638672, 76.77427673339844], ""method"": ""channelwise_standardization"", ""source"": ""pinned_geobench2_train_statistics"", ""std"": [61.655845642089844, 49.64897537231445, 45.88066864013672]}, ""num_classes"": 2, ""num_workers"": 4, ""protocol"": ""geobench2_spacenet7_static"", ""root"": ""./datasets/spacenet7"", ""source"": ""GEO-Bench-2@fd9d0b664e6fb0faba54636bdff4906634debd4b"", ""source_label_mapping"": {""0"": ""ignore"", ""1"": ""background"", ""2"": ""building""}, ""split_source"": ""embedded_official_aoi_disjoint_manifest"", ""temporal_modeling"": false, ""wavelength_source"": ""pinned GeoBenchV2 generic RGB registry"", ""wavelengths_nm"": [665.0, 560.0, 490.0]}","{""backbone_learning_rate"": 0.0001, ""batch_size"": 8, ""checkpoint"": {""metric"": ""miou"", ""mode"": ""max"", ""split"": ""val""}, ""early_stopping"": {""enabled"": true, ""min_delta"": 0.0, ""patience"": 10}, ""epochs"": 50, ""gradient_clipping"": {""enabled"": false}, ""head_learning_rate"": 0.001, ""layerwise_lr_decay"": {""enabled"": false}, ""learning_rate"": 0.001, ""limit_train_batches"": null, ""limit_val_batches"": null, ""optimizer"": {""name"": ""adamw""}, ""warmup"": {""enabled"": false, ""epochs"": 0, ""type"": ""linear""}, ""weight_decay"": 0.01}","{""actual_wavelength_units"": ""nanometers"", ""actual_wavelengths"": [665.0, 560.0, 490.0], ""adaptation_mode"": ""frozen"", ""decoder"": {""architecture"": ""unet"", ""channels"": [256, 128, 64, 32]}, ""freeze_backbone"": true, ""name"": ""panopticon"", ""pretrained"": true, ""size"": ""base"", ""weights"": ""VIT_BASE14"", ""weights_cache_path"": ""/home/yesong/.cache/torch/hub/checkpoints/panopticon_vitb14_teacher.pth"", ""weights_sha256"": ""55024f411a7f383ed1a646d9b833b65683a4443846603fc7d37591d5afe9d26e""}"
segmentation,spacenet7,panopticon,frozen,deterministic,44,44,INDIVIDUAL_SEED,20260824T140818811757Z_spacenet7_panopticon_frozen_seed44_0f56f5e4,/workspace/results/final_thesis/segmentation/spacenet7_frozen/runs/20260824T140818811757Z_spacenet7_panopticon_frozen_seed44_0f56f5e4/best.pt,2b2950ccf37d8fc5f9f2959df5ea115ef37d9be895d056ef74de171b1a8cb070,maximum validation mIoU (earliest tie),valid-pixel multiclass metrics; building/foreground and valid-boundary calibration additionally reported,reports/c2_segmentation_run_audits/20260824T162250Z/audit.csv;reports/c2_segmentation_run_audits/20260824T162250Z/audit.json;results/final_thesis/segmentation/spacenet7_frozen/runs/20260824T140818811757Z_spacenet7_panopticon_frozen_seed44_0f56f5e4/run_summary.json;results/final_thesis/segmentation/spacenet7_frozen/runs/20260824T140818811757Z_spacenet7_panopticon_frozen_seed44_0f56f5e4/results.json,results/final_thesis/segmentation/spacenet7_frozen/runs/20260824T140818811757Z_spacenet7_panopticon_frozen_seed44_0f56f5e4/predictions/test/deterministic/predictions.npz,True,1124031818,results/final_thesis/segmentation/spacenet7_frozen/runs/20260824T140818811757Z_spacenet7_panopticon_frozen_seed44_0f56f5e4/predictions/test/deterministic/manifest.json,3495233c593c09f79e82ba686a7835e3020cec06d8220cd8f0da7707dbc01370,sha256:af23e14b2d75b8e64a69f582c35734075b5316873fc12c1f6e32af5e9e5890df,results/final_thesis/segmentation/spacenet7_frozen/runs/20260824T140818811757Z_spacenet7_panopticon_frozen_seed44_0f56f5e4/resolved_config.yaml,4e8b32b46b92157fbd763d0973efc22c31a04721b509490b138d0656c6e4621e,b5ae435f7c427ac50dd43c68fbc8e95ac81639393a99d47e946348015d5d9f93,True,"{""weights"": ""VIT_BASE14"", ""weights_cache_path"": ""/home/yesong/.cache/torch/hub/checkpoints/panopticon_vitb14_teacher.pth"", ""weights_sha256"": ""55024f411a7f383ed1a646d9b833b65683a4443846603fc7d37591d5afe9d26e""}","{""artifact_path"": ""./datasets/spacenet7/geobench_spacenet7.tortilla"", ""artifact_sha256"": ""f202abe270b729f7f2651de64cb5c6b41c5f9915109ec12b6c467afa2abcb5b6"", ""augmentations"": {""test"": ""none"", ""train"": ""none"", ""val"": ""none""}, ""channels"": [""red"", ""green"", ""blue""], ""class_names"": [""background"", ""building""], ""crop_rule"": ""official_nonoverlapping_512x512_patches"", ""download"": false, ""extracted_manifest_path"": ""./reports/dataset_manifests/spacenet7_actual_manifest.csv"", ""extracted_manifest_sha256"": ""ef5b1d89883d1cdee9fca81c2c37989f661d93fd21bdfda6dc333204aeefa5ce"", ""foreground_class_index"": 1, ""ignore_index"": 255, ""image_size"": 224, ""input_bands"": ""rgb"", ""mask_resize"": ""nearest"", ""name"": ""spacenet7"", ""native_gsd_m"": 4.777314267, ""native_image_size"": 512, ""normalization"": {""mean"": [116.94474029541016, 103.55889129638672, 76.77427673339844], ""method"": ""channelwise_standardization"", ""source"": ""pinned_geobench2_train_statistics"", ""std"": [61.655845642089844, 49.64897537231445, 45.88066864013672]}, ""num_classes"": 2, ""num_workers"": 4, ""protocol"": ""geobench2_spacenet7_static"", ""root"": ""./datasets/spacenet7"", ""source"": ""GEO-Bench-2@fd9d0b664e6fb0faba54636bdff4906634debd4b"", ""source_label_mapping"": {""0"": ""ignore"", ""1"": ""background"", ""2"": ""building""}, ""split_source"": ""embedded_official_aoi_disjoint_manifest"", ""temporal_modeling"": false, ""wavelength_source"": ""pinned GeoBenchV2 generic RGB registry"", ""wavelengths_nm"": [665.0, 560.0, 490.0]}","{""backbone_learning_rate"": 0.0001, ""batch_size"": 8, ""checkpoint"": {""metric"": ""miou"", ""mode"": ""max"", ""split"": ""val""}, ""early_stopping"": {""enabled"": true, ""min_delta"": 0.0, ""patience"": 10}, ""epochs"": 50, ""gradient_clipping"": {""enabled"": false}, ""head_learning_rate"": 0.001, ""layerwise_lr_decay"": {""enabled"": false}, ""learning_rate"": 0.001, ""limit_train_batches"": null, ""limit_val_batches"": null, ""optimizer"": {""name"": ""adamw""}, ""warmup"": {""enabled"": false, ""epochs"": 0, ""type"": ""linear""}, ""weight_decay"": 0.01}","{""actual_wavelength_units"": ""nanometers"", ""actual_wavelengths"": [665.0, 560.0, 490.0], ""adaptation_mode"": ""frozen"", ""decoder"": {""architecture"": ""unet"", ""channels"": [256, 128, 64, 32]}, ""freeze_backbone"": true, ""name"": ""panopticon"", ""pretrained"": true, ""size"": ""base"", ""weights"": ""VIT_BASE14"", ""weights_cache_path"": ""/home/yesong/.cache/torch/hub/checkpoints/panopticon_vitb14_teacher.pth"", ""weights_sha256"": ""55024f411a7f383ed1a646d9b833b65683a4443846603fc7d37591d5afe9d26e""}"
segmentation,spacenet7,panopticon,frozen,mc_dropout,42,42,INDIVIDUAL_SEED,20260826T043459352021Z_c5_mcd_spacenet7_panopticon_frozen_seed42_6a5475ee,/workspace/results/final_thesis/mc_dropout/segmentation/spacenet7/panopticon/frozen/runs/20260826T043459352021Z_c5_mcd_spacenet7_panopticon_frozen_seed42_6a5475ee/best.pt,d1131a0d6bae82b355edf1a0d58bd0f15e38b055360f9094ee6095199d7c3601,maximum validation mIoU (earliest tie),valid-pixel multiclass metrics; building/foreground and valid-boundary calibration additionally reported,reports/mc_dropout_results.csv;results/final_thesis/mc_dropout/inference/segmentation/spacenet7/panopticon/frozen/seed42/manifest.json,results/final_thesis/mc_dropout/inference/segmentation/spacenet7/panopticon/frozen/seed42/aggregate_uncertainty_maps.npz,True,1592245597,results/final_thesis/mc_dropout/inference/segmentation/spacenet7/panopticon/frozen/seed42/manifest.json,17ba4752d3862d8dda5ac08adecadb4c9c829335636ec5b04e4a07c4adf3110a,sha256:af23e14b2d75b8e64a69f582c35734075b5316873fc12c1f6e32af5e9e5890df,results/final_thesis/mc_dropout/segmentation/spacenet7/panopticon/frozen/runs/20260826T043459352021Z_c5_mcd_spacenet7_panopticon_frozen_seed42_6a5475ee/resolved_config.yaml,b113623dfefac4974adb0dd60599621f430ea0b7999e2947a63e2591c6aac6ff,df93ce2e979426f3bbe928a0a79969487f3c225c84a38bb313b8c7362e034bac,True,"{""weights"": ""VIT_BASE14"", ""weights_cache_path"": ""/home/yesong/.cache/torch/hub/checkpoints/panopticon_vitb14_teacher.pth"", ""weights_sha256"": ""55024f411a7f383ed1a646d9b833b65683a4443846603fc7d37591d5afe9d26e""}","{""artifact_path"": ""./datasets/spacenet7/geobench_spacenet7.tortilla"", ""artifact_sha256"": ""f202abe270b729f7f2651de64cb5c6b41c5f9915109ec12b6c467afa2abcb5b6"", ""augmentations"": {""test"": ""none"", ""train"": ""none"", ""val"": ""none""}, ""channels"": [""red"", ""green"", ""blue""], ""class_names"": [""background"", ""building""], ""crop_rule"": ""official_nonoverlapping_512x512_patches"", ""download"": false, ""extracted_manifest_path"": ""./reports/dataset_manifests/spacenet7_actual_manifest.csv"", ""extracted_manifest_sha256"": ""ef5b1d89883d1cdee9fca81c2c37989f661d93fd21bdfda6dc333204aeefa5ce"", ""foreground_class_index"": 1, ""ignore_index"": 255, ""image_size"": 224, ""input_bands"": ""rgb"", ""mask_resize"": ""nearest"", ""name"": ""spacenet7"", ""native_gsd_m"": 4.777314267, ""native_image_size"": 512, ""normalization"": {""mean"": [116.94474029541016, 103.55889129638672, 76.77427673339844], ""method"": ""channelwise_standardization"", ""source"": ""pinned_geobench2_train_statistics"", ""std"": [61.655845642089844, 49.64897537231445, 45.88066864013672]}, ""num_classes"": 2, ""num_workers"": 4, ""protocol"": ""geobench2_spacenet7_static"", ""root"": ""./datasets/spacenet7"", ""source"": ""GEO-Bench-2@fd9d0b664e6fb0faba54636bdff4906634debd4b"", ""source_label_mapping"": {""0"": ""ignore"", ""1"": ""background"", ""2"": ""building""}, ""split_source"": ""embedded_official_aoi_disjoint_manifest"", ""temporal_modeling"": false, ""wavelength_source"": ""pinned GeoBenchV2 generic RGB registry"", ""wavelengths_nm"": [665.0, 560.0, 490.0]}","{""backbone_learning_rate"": 0.0001, ""batch_size"": 8, ""checkpoint"": {""metric"": ""miou"", ""mode"": ""max"", ""split"": ""val""}, ""early_stopping"": {""enabled"": true, ""min_delta"": 0.0, ""patience"": 10}, ""epochs"": 50, ""gradient_clipping"": {""enabled"": false}, ""head_learning_rate"": 0.001, ""layerwise_lr_decay"": {""enabled"": false}, ""learning_rate"": 0.001, ""limit_train_batches"": null, ""limit_val_batches"": null, ""optimizer"": {""name"": ""adamw""}, ""warmup"": {""enabled"": false, ""epochs"": 0, ""type"": ""linear""}, ""weight_decay"": 0.01}","{""actual_wavelength_units"": ""nanometers"", ""actual_wavelengths"": [665.0, 560.0, 490.0], ""adaptation_mode"": ""frozen"", ""decoder"": {""architecture"": ""unet"", ""channels"": [256, 128, 64, 32], ""dropout"": 0.1}, ""freeze_backbone"": true, ""name"": ""panopticon"", ""pretrained"": true, ""size"": ""base"", ""weights"": ""VIT_BASE14"", ""weights_cache_path"": ""/home/yesong/.cache/torch/hub/checkpoints/panopticon_vitb14_teacher.pth"", ""weights_sha256"": ""55024f411a7f383ed1a646d9b833b65683a4443846603fc7d37591d5afe9d26e""}"
segmentation,spacenet7,panopticon,frozen,deep_ensemble,,42;43;44,ENSEMBLE,,,,N/A — post-hoc probability mean; members use maximum validation mIoU,valid-pixel multiclass metrics; building/foreground and valid-boundary calibration additionally reported,reports/c3_segmentation_ensemble_results.csv;results/final_thesis/c3_temperature_scaling_and_ensembles/segmentation/deep_ensembles/spacenet7/panopticon/frozen/manifest.json,results/final_thesis/c3_temperature_scaling_and_ensembles/segmentation/deep_ensembles/spacenet7/panopticon/frozen/ensemble_predictions.npz,True,748161531,results/final_thesis/c3_temperature_scaling_and_ensembles/segmentation/deep_ensembles/spacenet7/panopticon/frozen/manifest.json,1b28364cab7d7a8c180036c9745b42a725c5e3a8e99959fda0410647f36a9624,sha256:af23e14b2d75b8e64a69f582c35734075b5316873fc12c1f6e32af5e9e5890df,,,,,,,,
segmentation,spacenet7,panopticon,full_finetune,deterministic,42,42,INDIVIDUAL_SEED,20260823T233635521819Z_spacenet7_panopticon_full_finetune_seed42_b6b452b4,/workspace/results/final_thesis/segmentation/spacenet7_full_finetune/runs/20260823T233635521819Z_spacenet7_panopticon_full_finetune_seed42_b6b452b4/best.pt,bdca8e67153aaea3e513667178292b9f6c7d8185ecb9fcbfb3f7815eec8685e8,maximum validation mIoU (earliest tie),valid-pixel multiclass metrics; building/foreground and valid-boundary calibration additionally reported,reports/c2_segmentation_run_audits/20260824T162250Z/audit.csv;reports/c2_segmentation_run_audits/20260824T162250Z/audit.json;results/final_thesis/segmentation/spacenet7_full_finetune/runs/20260823T233635521819Z_spacenet7_panopticon_full_finetune_seed42_b6b452b4/run_summary.json;results/final_thesis/segmentation/spacenet7_full_finetune/runs/20260823T233635521819Z_spacenet7_panopticon_full_finetune_seed42_b6b452b4/results.json,results/final_thesis/segmentation/spacenet7_full_finetune/runs/20260823T233635521819Z_spacenet7_panopticon_full_finetune_seed42_b6b452b4/predictions/test/deterministic/predictions.npz,True,1104643590,results/final_thesis/segmentation/spacenet7_full_finetune/runs/20260823T233635521819Z_spacenet7_panopticon_full_finetune_seed42_b6b452b4/predictions/test/deterministic/manifest.json,f8ce43435d9dec5b823a58e27339f6adf73e661b22022f3b6514da2230951dfa,sha256:af23e14b2d75b8e64a69f582c35734075b5316873fc12c1f6e32af5e9e5890df,results/final_thesis/segmentation/spacenet7_full_finetune/runs/20260823T233635521819Z_spacenet7_panopticon_full_finetune_seed42_b6b452b4/resolved_config.yaml,1b7fc8085b285f97704ba9059c02c753dcb8ba0843182d9e8c485b67bdd241ce,bd306bfff952eafc584a9a4c7d63827400fcc575af0a81971755f8813a8f88f2,True,"{""weights"": ""VIT_BASE14"", ""weights_cache_path"": ""/home/yesong/.cache/torch/hub/checkpoints/panopticon_vitb14_teacher.pth"", ""weights_sha256"": ""55024f411a7f383ed1a646d9b833b65683a4443846603fc7d37591d5afe9d26e""}","{""artifact_path"": ""./datasets/spacenet7/geobench_spacenet7.tortilla"", ""artifact_sha256"": ""f202abe270b729f7f2651de64cb5c6b41c5f9915109ec12b6c467afa2abcb5b6"", ""augmentations"": {""test"": ""none"", ""train"": ""none"", ""val"": ""none""}, ""channels"": [""red"", ""green"", ""blue""], ""class_names"": [""background"", ""building""], ""crop_rule"": ""official_nonoverlapping_512x512_patches"", ""download"": false, ""extracted_manifest_path"": ""./reports/dataset_manifests/spacenet7_actual_manifest.csv"", ""extracted_manifest_sha256"": ""ef5b1d89883d1cdee9fca81c2c37989f661d93fd21bdfda6dc333204aeefa5ce"", ""foreground_class_index"": 1, ""ignore_index"": 255, ""image_size"": 224, ""input_bands"": ""rgb"", ""mask_resize"": ""nearest"", ""name"": ""spacenet7"", ""native_gsd_m"": 4.777314267, ""native_image_size"": 512, ""normalization"": {""mean"": [116.94474029541016, 103.55889129638672, 76.77427673339844], ""method"": ""channelwise_standardization"", ""source"": ""pinned_geobench2_train_statistics"", ""std"": [61.655845642089844, 49.64897537231445, 45.88066864013672]}, ""num_classes"": 2, ""num_workers"": 4, ""protocol"": ""geobench2_spacenet7_static"", ""root"": ""./datasets/spacenet7"", ""source"": ""GEO-Bench-2@fd9d0b664e6fb0faba54636bdff4906634debd4b"", ""source_label_mapping"": {""0"": ""ignore"", ""1"": ""background"", ""2"": ""building""}, ""split_source"": ""embedded_official_aoi_disjoint_manifest"", ""temporal_modeling"": false, ""wavelength_source"": ""pinned GeoBenchV2 generic RGB registry"", ""wavelengths_nm"": [665.0, 560.0, 490.0]}","{""backbone_learning_rate"": 0.0001, ""batch_size"": 8, ""checkpoint"": {""metric"": ""miou"", ""mode"": ""max"", ""split"": ""val""}, ""early_stopping"": {""enabled"": true, ""min_delta"": 0.0, ""patience"": 15}, ""epochs"": 50, ""gradient_clipping"": {""enabled"": false}, ""head_learning_rate"": 0.001, ""layerwise_lr_decay"": {""enabled"": false}, ""learning_rate"": 0.001, ""limit_train_batches"": null, ""limit_val_batches"": null, ""optimizer"": {""name"": ""adamw""}, ""warmup"": {""enabled"": false, ""epochs"": 0, ""type"": ""linear""}, ""weight_decay"": 0.01}","{""actual_wavelength_units"": ""nanometers"", ""actual_wavelengths"": [665.0, 560.0, 490.0], ""adaptation_mode"": ""full_finetune"", ""decoder"": {""architecture"": ""unet"", ""channels"": [256, 128, 64, 32]}, ""expected_frozen_backbone_parameters"": [""model.patch_embed.chnfus.chnemb.embed_transmit"", ""model.patch_embed.chnfus.chnemb.embed_receive"", ""model.patch_embed.chnfus.chnemb.embed_orbit""], ""freeze_backbone"": false, ""name"": ""panopticon"", ""pretrained"": true, ""size"": ""base"", ""weights"": ""VIT_BASE14"", ""weights_cache_path"": ""/home/yesong/.cache/torch/hub/checkpoints/panopticon_vitb14_teacher.pth"", ""weights_sha256"": ""55024f411a7f383ed1a646d9b833b65683a4443846603fc7d37591d5afe9d26e""}"
segmentation,spacenet7,panopticon,full_finetune,deterministic,43,43,INDIVIDUAL_SEED,20260824T050749487080Z_spacenet7_panopticon_full_finetune_seed43_efe0a455,/workspace/results/final_thesis/segmentation/spacenet7_full_finetune/runs/20260824T050749487080Z_spacenet7_panopticon_full_finetune_seed43_efe0a455/best.pt,c75a4de0a992620ea9f7a7ad311687f98b1ba0ca0fac90ec2bd1c1ba74a28ec8,maximum validation mIoU (earliest tie),valid-pixel multiclass metrics; building/foreground and valid-boundary calibration additionally reported,reports/c2_segmentation_run_audits/20260824T162250Z/audit.csv;reports/c2_segmentation_run_audits/20260824T162250Z/audit.json;results/final_thesis/segmentation/spacenet7_full_finetune/runs/20260824T050749487080Z_spacenet7_panopticon_full_finetune_seed43_efe0a455/run_summary.json;results/final_thesis/segmentation/spacenet7_full_finetune/runs/20260824T050749487080Z_spacenet7_panopticon_full_finetune_seed43_efe0a455/results.json,results/final_thesis/segmentation/spacenet7_full_finetune/runs/20260824T050749487080Z_spacenet7_panopticon_full_finetune_seed43_efe0a455/predictions/test/deterministic/predictions.npz,True,1073552172,results/final_thesis/segmentation/spacenet7_full_finetune/runs/20260824T050749487080Z_spacenet7_panopticon_full_finetune_seed43_efe0a455/predictions/test/deterministic/manifest.json,829e1c2828f81c5d917942c434dc991e614ee67823b6daec0c2cd2c8c03bf3c6,sha256:af23e14b2d75b8e64a69f582c35734075b5316873fc12c1f6e32af5e9e5890df,results/final_thesis/segmentation/spacenet7_full_finetune/runs/20260824T050749487080Z_spacenet7_panopticon_full_finetune_seed43_efe0a455/resolved_config.yaml,d67085223dad80ae126d90686e7051185e774ea74e25b151daea333a25f46bbe,b5ae435f7c427ac50dd43c68fbc8e95ac81639393a99d47e946348015d5d9f93,True,"{""weights"": ""VIT_BASE14"", ""weights_cache_path"": ""/home/yesong/.cache/torch/hub/checkpoints/panopticon_vitb14_teacher.pth"", ""weights_sha256"": ""55024f411a7f383ed1a646d9b833b65683a4443846603fc7d37591d5afe9d26e""}","{""artifact_path"": ""./datasets/spacenet7/geobench_spacenet7.tortilla"", ""artifact_sha256"": ""f202abe270b729f7f2651de64cb5c6b41c5f9915109ec12b6c467afa2abcb5b6"", ""augmentations"": {""test"": ""none"", ""train"": ""none"", ""val"": ""none""}, ""channels"": [""red"", ""green"", ""blue""], ""class_names"": [""background"", ""building""], ""crop_rule"": ""official_nonoverlapping_512x512_patches"", ""download"": false, ""extracted_manifest_path"": ""./reports/dataset_manifests/spacenet7_actual_manifest.csv"", ""extracted_manifest_sha256"": ""ef5b1d89883d1cdee9fca81c2c37989f661d93fd21bdfda6dc333204aeefa5ce"", ""foreground_class_index"": 1, ""ignore_index"": 255, ""image_size"": 224, ""input_bands"": ""rgb"", ""mask_resize"": ""nearest"", ""name"": ""spacenet7"", ""native_gsd_m"": 4.777314267, ""native_image_size"": 512, ""normalization"": {""mean"": [116.94474029541016, 103.55889129638672, 76.77427673339844], ""method"": ""channelwise_standardization"", ""source"": ""pinned_geobench2_train_statistics"", ""std"": [61.655845642089844, 49.64897537231445, 45.88066864013672]}, ""num_classes"": 2, ""num_workers"": 4, ""protocol"": ""geobench2_spacenet7_static"", ""root"": ""./datasets/spacenet7"", ""source"": ""GEO-Bench-2@fd9d0b664e6fb0faba54636bdff4906634debd4b"", ""source_label_mapping"": {""0"": ""ignore"", ""1"": ""background"", ""2"": ""building""}, ""split_source"": ""embedded_official_aoi_disjoint_manifest"", ""temporal_modeling"": false, ""wavelength_source"": ""pinned GeoBenchV2 generic RGB registry"", ""wavelengths_nm"": [665.0, 560.0, 490.0]}","{""backbone_learning_rate"": 0.0001, ""batch_size"": 8, ""checkpoint"": {""metric"": ""miou"", ""mode"": ""max"", ""split"": ""val""}, ""early_stopping"": {""enabled"": true, ""min_delta"": 0.0, ""patience"": 15}, ""epochs"": 50, ""gradient_clipping"": {""enabled"": false}, ""head_learning_rate"": 0.001, ""layerwise_lr_decay"": {""enabled"": false}, ""learning_rate"": 0.001, ""limit_train_batches"": null, ""limit_val_batches"": null, ""optimizer"": {""name"": ""adamw""}, ""warmup"": {""enabled"": false, ""epochs"": 0, ""type"": ""linear""}, ""weight_decay"": 0.01}","{""actual_wavelength_units"": ""nanometers"", ""actual_wavelengths"": [665.0, 560.0, 490.0], ""adaptation_mode"": ""full_finetune"", ""decoder"": {""architecture"": ""unet"", ""channels"": [256, 128, 64, 32]}, ""expected_frozen_backbone_parameters"": [""model.patch_embed.chnfus.chnemb.embed_transmit"", ""model.patch_embed.chnfus.chnemb.embed_receive"", ""model.patch_embed.chnfus.chnemb.embed_orbit""], ""freeze_backbone"": false, ""name"": ""panopticon"", ""pretrained"": true, ""size"": ""base"", ""weights"": ""VIT_BASE14"", ""weights_cache_path"": ""/home/yesong/.cache/torch/hub/checkpoints/panopticon_vitb14_teacher.pth"", ""weights_sha256"": ""55024f411a7f383ed1a646d9b833b65683a4443846603fc7d37591d5afe9d26e""}"
segmentation,spacenet7,panopticon,full_finetune,deterministic,44,44,INDIVIDUAL_SEED,20260824T115507474539Z_spacenet7_panopticon_full_finetune_seed44_f73c1ae1,/workspace/results/final_thesis/segmentation/spacenet7_full_finetune/runs/20260824T115507474539Z_spacenet7_panopticon_full_finetune_seed44_f73c1ae1/best.pt,773ae7802c96806271c7cb4b745bb3511ac4801968e907981b278ebabcdf39a0,maximum validation mIoU (earliest tie),valid-pixel multiclass metrics; building/foreground and valid-boundary calibration additionally reported,reports/c2_segmentation_run_audits/20260824T162250Z/audit.csv;reports/c2_segmentation_run_audits/20260824T162250Z/audit.json;results/final_thesis/segmentation/spacenet7_full_finetune/runs/20260824T115507474539Z_spacenet7_panopticon_full_finetune_seed44_f73c1ae1/run_summary.json;results/final_thesis/segmentation/spacenet7_full_finetune/runs/20260824T115507474539Z_spacenet7_panopticon_full_finetune_seed44_f73c1ae1/results.json,results/final_thesis/segmentation/spacenet7_full_finetune/runs/20260824T115507474539Z_spacenet7_panopticon_full_finetune_seed44_f73c1ae1/predictions/test/deterministic/predictions.npz,True,1174442257,results/final_thesis/segmentation/spacenet7_full_finetune/runs/20260824T115507474539Z_spacenet7_panopticon_full_finetune_seed44_f73c1ae1/predictions/test/deterministic/manifest.json,1f74adeffd349513ff2bed4cf9fb0624bed88304015a4611114401e6e84622ab,sha256:af23e14b2d75b8e64a69f582c35734075b5316873fc12c1f6e32af5e9e5890df,results/final_thesis/segmentation/spacenet7_full_finetune/runs/20260824T115507474539Z_spacenet7_panopticon_full_finetune_seed44_f73c1ae1/resolved_config.yaml,9cf913181dc58d5f3a44bbd40f20a090e2ea98ce679ac7a8ae59661fbee2a745,b5ae435f7c427ac50dd43c68fbc8e95ac81639393a99d47e946348015d5d9f93,True,"{""weights"": ""VIT_BASE14"", ""weights_cache_path"": ""/home/yesong/.cache/torch/hub/checkpoints/panopticon_vitb14_teacher.pth"", ""weights_sha256"": ""55024f411a7f383ed1a646d9b833b65683a4443846603fc7d37591d5afe9d26e""}","{""artifact_path"": ""./datasets/spacenet7/geobench_spacenet7.tortilla"", ""artifact_sha256"": ""f202abe270b729f7f2651de64cb5c6b41c5f9915109ec12b6c467afa2abcb5b6"", ""augmentations"": {""test"": ""none"", ""train"": ""none"", ""val"": ""none""}, ""channels"": [""red"", ""green"", ""blue""], ""class_names"": [""background"", ""building""], ""crop_rule"": ""official_nonoverlapping_512x512_patches"", ""download"": false, ""extracted_manifest_path"": ""./reports/dataset_manifests/spacenet7_actual_manifest.csv"", ""extracted_manifest_sha256"": ""ef5b1d89883d1cdee9fca81c2c37989f661d93fd21bdfda6dc333204aeefa5ce"", ""foreground_class_index"": 1, ""ignore_index"": 255, ""image_size"": 224, ""input_bands"": ""rgb"", ""mask_resize"": ""nearest"", ""name"": ""spacenet7"", ""native_gsd_m"": 4.777314267, ""native_image_size"": 512, ""normalization"": {""mean"": [116.94474029541016, 103.55889129638672, 76.77427673339844], ""method"": ""channelwise_standardization"", ""source"": ""pinned_geobench2_train_statistics"", ""std"": [61.655845642089844, 49.64897537231445, 45.88066864013672]}, ""num_classes"": 2, ""num_workers"": 4, ""protocol"": ""geobench2_spacenet7_static"", ""root"": ""./datasets/spacenet7"", ""source"": ""GEO-Bench-2@fd9d0b664e6fb0faba54636bdff4906634debd4b"", ""source_label_mapping"": {""0"": ""ignore"", ""1"": ""background"", ""2"": ""building""}, ""split_source"": ""embedded_official_aoi_disjoint_manifest"", ""temporal_modeling"": false, ""wavelength_source"": ""pinned GeoBenchV2 generic RGB registry"", ""wavelengths_nm"": [665.0, 560.0, 490.0]}","{""backbone_learning_rate"": 0.0001, ""batch_size"": 8, ""checkpoint"": {""metric"": ""miou"", ""mode"": ""max"", ""split"": ""val""}, ""early_stopping"": {""enabled"": true, ""min_delta"": 0.0, ""patience"": 15}, ""epochs"": 50, ""gradient_clipping"": {""enabled"": false}, ""head_learning_rate"": 0.001, ""layerwise_lr_decay"": {""enabled"": false}, ""learning_rate"": 0.001, ""limit_train_batches"": null, ""limit_val_batches"": null, ""optimizer"": {""name"": ""adamw""}, ""warmup"": {""enabled"": false, ""epochs"": 0, ""type"": ""linear""}, ""weight_decay"": 0.01}","{""actual_wavelength_units"": ""nanometers"", ""actual_wavelengths"": [665.0, 560.0, 490.0], ""adaptation_mode"": ""full_finetune"", ""decoder"": {""architecture"": ""unet"", ""channels"": [256, 128, 64, 32]}, ""expected_frozen_backbone_parameters"": [""model.patch_embed.chnfus.chnemb.embed_transmit"", ""model.patch_embed.chnfus.chnemb.embed_receive"", ""model.patch_embed.chnfus.chnemb.embed_orbit""], ""freeze_backbone"": false, ""name"": ""panopticon"", ""pretrained"": true, ""size"": ""base"", ""weights"": ""VIT_BASE14"", ""weights_cache_path"": ""/home/yesong/.cache/torch/hub/checkpoints/panopticon_vitb14_teacher.pth"", ""weights_sha256"": ""55024f411a7f383ed1a646d9b833b65683a4443846603fc7d37591d5afe9d26e""}"
segmentation,spacenet7,panopticon,full_finetune,mc_dropout,42,42,INDIVIDUAL_SEED,20260826T062053387434Z_c5_mcd_spacenet7_panopticon_full_finetune_seed42_a9cabedd,/workspace/results/final_thesis/mc_dropout/segmentation/spacenet7/panopticon/full_finetune/runs/20260826T062053387434Z_c5_mcd_spacenet7_panopticon_full_finetune_seed42_a9cabedd/best.pt,fda9fa2c9bc94dc4b0561902d1b5f75725e013ad976f89270e5e02c787019253,maximum validation mIoU (earliest tie),valid-pixel multiclass metrics; building/foreground and valid-boundary calibration additionally reported,reports/mc_dropout_results.csv;results/final_thesis/mc_dropout/inference/segmentation/spacenet7/panopticon/full_finetune/seed42/manifest.json,results/final_thesis/mc_dropout/inference/segmentation/spacenet7/panopticon/full_finetune/seed42/aggregate_uncertainty_maps.npz,True,1542172248,results/final_thesis/mc_dropout/inference/segmentation/spacenet7/panopticon/full_finetune/seed42/manifest.json,1d7ddae6a30a085e1c2f52aaaf22935cec3c01bc1a5f54b46ae1dd0cb52206de,sha256:af23e14b2d75b8e64a69f582c35734075b5316873fc12c1f6e32af5e9e5890df,results/final_thesis/mc_dropout/segmentation/spacenet7/panopticon/full_finetune/runs/20260826T062053387434Z_c5_mcd_spacenet7_panopticon_full_finetune_seed42_a9cabedd/resolved_config.yaml,c0062440a8ee7856295ae56bfc3d451751811fefa3c7bcf73c3b12658e6bda77,df93ce2e979426f3bbe928a0a79969487f3c225c84a38bb313b8c7362e034bac,True,"{""weights"": ""VIT_BASE14"", ""weights_cache_path"": ""/home/yesong/.cache/torch/hub/checkpoints/panopticon_vitb14_teacher.pth"", ""weights_sha256"": ""55024f411a7f383ed1a646d9b833b65683a4443846603fc7d37591d5afe9d26e""}","{""artifact_path"": ""./datasets/spacenet7/geobench_spacenet7.tortilla"", ""artifact_sha256"": ""f202abe270b729f7f2651de64cb5c6b41c5f9915109ec12b6c467afa2abcb5b6"", ""augmentations"": {""test"": ""none"", ""train"": ""none"", ""val"": ""none""}, ""channels"": [""red"", ""green"", ""blue""], ""class_names"": [""background"", ""building""], ""crop_rule"": ""official_nonoverlapping_512x512_patches"", ""download"": false, ""extracted_manifest_path"": ""./reports/dataset_manifests/spacenet7_actual_manifest.csv"", ""extracted_manifest_sha256"": ""ef5b1d89883d1cdee9fca81c2c37989f661d93fd21bdfda6dc333204aeefa5ce"", ""foreground_class_index"": 1, ""ignore_index"": 255, ""image_size"": 224, ""input_bands"": ""rgb"", ""mask_resize"": ""nearest"", ""name"": ""spacenet7"", ""native_gsd_m"": 4.777314267, ""native_image_size"": 512, ""normalization"": {""mean"": [116.94474029541016, 103.55889129638672, 76.77427673339844], ""method"": ""channelwise_standardization"", ""source"": ""pinned_geobench2_train_statistics"", ""std"": [61.655845642089844, 49.64897537231445, 45.88066864013672]}, ""num_classes"": 2, ""num_workers"": 4, ""protocol"": ""geobench2_spacenet7_static"", ""root"": ""./datasets/spacenet7"", ""source"": ""GEO-Bench-2@fd9d0b664e6fb0faba54636bdff4906634debd4b"", ""source_label_mapping"": {""0"": ""ignore"", ""1"": ""background"", ""2"": ""building""}, ""split_source"": ""embedded_official_aoi_disjoint_manifest"", ""temporal_modeling"": false, ""wavelength_source"": ""pinned GeoBenchV2 generic RGB registry"", ""wavelengths_nm"": [665.0, 560.0, 490.0]}","{""backbone_learning_rate"": 0.0001, ""batch_size"": 8, ""checkpoint"": {""metric"": ""miou"", ""mode"": ""max"", ""split"": ""val""}, ""early_stopping"": {""enabled"": true, ""min_delta"": 0.0, ""patience"": 15}, ""epochs"": 50, ""gradient_clipping"": {""enabled"": false}, ""head_learning_rate"": 0.001, ""layerwise_lr_decay"": {""enabled"": false}, ""learning_rate"": 0.001, ""limit_train_batches"": null, ""limit_val_batches"": null, ""optimizer"": {""name"": ""adamw""}, ""warmup"": {""enabled"": false, ""epochs"": 0, ""type"": ""linear""}, ""weight_decay"": 0.01}","{""actual_wavelength_units"": ""nanometers"", ""actual_wavelengths"": [665.0, 560.0, 490.0], ""adaptation_mode"": ""full_finetune"", ""decoder"": {""architecture"": ""unet"", ""channels"": [256, 128, 64, 32], ""dropout"": 0.1}, ""expected_frozen_backbone_parameters"": [""model.patch_embed.chnfus.chnemb.embed_transmit"", ""model.patch_embed.chnfus.chnemb.embed_receive"", ""model.patch_embed.chnfus.chnemb.embed_orbit""], ""freeze_backbone"": false, ""name"": ""panopticon"", ""pretrained"": true, ""size"": ""base"", ""weights"": ""VIT_BASE14"", ""weights_cache_path"": ""/home/yesong/.cache/torch/hub/checkpoints/panopticon_vitb14_teacher.pth"", ""weights_sha256"": ""55024f411a7f383ed1a646d9b833b65683a4443846603fc7d37591d5afe9d26e""}"
segmentation,spacenet7,panopticon,full_finetune,deep_ensemble,,42;43;44,ENSEMBLE,,,,N/A — post-hoc probability mean; members use maximum validation mIoU,valid-pixel multiclass metrics; building/foreground and valid-boundary calibration additionally reported,reports/c3_segmentation_ensemble_results.csv;results/final_thesis/c3_temperature_scaling_and_ensembles/segmentation/deep_ensembles/spacenet7/panopticon/full_finetune/manifest.json,results/final_thesis/c3_temperature_scaling_and_ensembles/segmentation/deep_ensembles/spacenet7/panopticon/full_finetune/ensemble_predictions.npz,True,774352322,results/final_thesis/c3_temperature_scaling_and_ensembles/segmentation/deep_ensembles/spacenet7/panopticon/full_finetune/manifest.json,2dcef5b7ee774acf47abfbe8f13e07db6f444550d24ab5a61279c5c780d5b254,sha256:af23e14b2d75b8e64a69f582c35734075b5316873fc12c1f6e32af5e9e5890df,,,,,,,,
