object_id,baseline_object_id,dataset,contrast,score,metric,mean_paired_difference,ci_low,ci_high,valid_bootstraps,common_valid_images,total_subset_images,groups,estimand
cloudsen12__dofa__frozen__deep_ensemble,cloudsen12__dofa__frozen__deterministic__42,cloudsen12,DE_minus_D42,entropy,base_risk,0.010628836495535723,-0.0032878682621587437,0.0323394877304615,1000,32,32,30,common-valid fixed32 images; paired group-bootstrap mean of per-image pixel metrics
cloudsen12__dofa__frozen__deep_ensemble,cloudsen12__dofa__frozen__deterministic__42,cloudsen12,DE_minus_D42,entropy,aurc,0.011730620688989706,-0.0031970149372188604,0.03761620973237162,1000,32,32,30,common-valid fixed32 images; paired group-bootstrap mean of per-image pixel metrics
cloudsen12__dofa__frozen__deep_ensemble,cloudsen12__dofa__frozen__deterministic__42,cloudsen12,DE_minus_D42,entropy,auroc,0.016158513733691614,0.005777189338377622,0.027958681602841786,1000,25,32,24,common-valid fixed32 images; paired group-bootstrap mean of per-image pixel metrics
cloudsen12__dofa__frozen__deep_ensemble,cloudsen12__dofa__frozen__deterministic__42,cloudsen12,DE_minus_D42,entropy,average_precision,0.0398474481505192,0.01757839411048607,0.06501961410018493,1000,25,32,24,common-valid fixed32 images; paired group-bootstrap mean of per-image pixel metrics
cloudsen12__dofa__frozen__deep_ensemble,cloudsen12__dofa__frozen__deterministic__42,cloudsen12,DE_minus_D42,entropy,risk_at_1,0.010628836495535723,-0.0032878682621587437,0.0323394877304615,1000,32,32,30,common-valid fixed32 images; paired group-bootstrap mean of per-image pixel metrics
cloudsen12__dofa__frozen__deep_ensemble,cloudsen12__dofa__frozen__deterministic__42,cloudsen12,DE_minus_D42,entropy,risk_at_0.9,0.00890864158163266,-0.0044300552252150615,0.030038069646278785,1000,32,32,30,common-valid fixed32 images; paired group-bootstrap mean of per-image pixel metrics
cloudsen12__dofa__frozen__deep_ensemble,cloudsen12__dofa__frozen__deterministic__42,cloudsen12,DE_minus_D42,entropy,risk_at_0.8,0.008259053132971952,-0.0046931679520346315,0.029143368568445533,1000,32,32,30,common-valid fixed32 images; paired group-bootstrap mean of per-image pixel metrics
cloudsen12__dofa__frozen__deep_ensemble,cloudsen12__dofa__frozen__deterministic__42,cloudsen12,DE_minus_D42,entropy,risk_at_0.5,0.012862224968112256,-0.00292120396917136,0.038716347623033595,1000,32,32,30,common-valid fixed32 images; paired group-bootstrap mean of per-image pixel metrics
cloudsen12__dofa__frozen__deep_ensemble,cloudsen12__dofa__frozen__deterministic__42,cloudsen12,DE_minus_D42,gini_total,base_risk,0.010628836495535723,-0.0032878682621587437,0.0323394877304615,1000,32,32,30,common-valid fixed32 images; paired group-bootstrap mean of per-image pixel metrics
cloudsen12__dofa__frozen__deep_ensemble,cloudsen12__dofa__frozen__deterministic__42,cloudsen12,DE_minus_D42,gini_total,aurc,0.011723071100796331,-0.002711597126900666,0.03673942411369809,1000,32,32,30,common-valid fixed32 images; paired group-bootstrap mean of per-image pixel metrics
cloudsen12__dofa__frozen__deep_ensemble,cloudsen12__dofa__frozen__deterministic__42,cloudsen12,DE_minus_D42,gini_total,auroc,0.013450603662794696,0.0028545366545230317,0.02495669281366096,1000,25,32,24,common-valid fixed32 images; paired group-bootstrap mean of per-image pixel metrics
cloudsen12__dofa__frozen__deep_ensemble,cloudsen12__dofa__frozen__deterministic__42,cloudsen12,DE_minus_D42,gini_total,average_precision,0.03639000687104124,0.015029704104763116,0.06057634932830883,1000,25,32,24,common-valid fixed32 images; paired group-bootstrap mean of per-image pixel metrics
cloudsen12__dofa__frozen__deep_ensemble,cloudsen12__dofa__frozen__deterministic__42,cloudsen12,DE_minus_D42,gini_total,risk_at_1,0.010628836495535723,-0.0032878682621587437,0.0323394877304615,1000,32,32,30,common-valid fixed32 images; paired group-bootstrap mean of per-image pixel metrics
cloudsen12__dofa__frozen__deep_ensemble,cloudsen12__dofa__frozen__deterministic__42,cloudsen12,DE_minus_D42,gini_total,risk_at_0.9,0.01012643827062075,-0.0033897737204098694,0.031538834827420294,1000,32,32,30,common-valid fixed32 images; paired group-bootstrap mean of per-image pixel metrics
cloudsen12__dofa__frozen__deep_ensemble,cloudsen12__dofa__frozen__deterministic__42,cloudsen12,DE_minus_D42,gini_total,risk_at_0.8,0.010077340262276807,-0.003092140877180486,0.031229604604292898,1000,32,32,30,common-valid fixed32 images; paired group-bootstrap mean of per-image pixel metrics
cloudsen12__dofa__frozen__deep_ensemble,cloudsen12__dofa__frozen__deterministic__42,cloudsen12,DE_minus_D42,gini_total,risk_at_0.5,0.011103415975765316,-0.0033485820613527607,0.03539129763233418,1000,32,32,30,common-valid fixed32 images; paired group-bootstrap mean of per-image pixel metrics
cloudsen12__dofa__frozen__deep_ensemble,cloudsen12__dofa__frozen__deterministic__42,cloudsen12,DE_minus_D42,msp,base_risk,0.010628836495535723,-0.0032878682621587437,0.0323394877304615,1000,32,32,30,common-valid fixed32 images; paired group-bootstrap mean of per-image pixel metrics
cloudsen12__dofa__frozen__deep_ensemble,cloudsen12__dofa__frozen__deterministic__42,cloudsen12,DE_minus_D42,msp,aurc,0.011619063484513269,-0.002476998651701084,0.03575801944250037,1000,32,32,30,common-valid fixed32 images; paired group-bootstrap mean of per-image pixel metrics
cloudsen12__dofa__frozen__deep_ensemble,cloudsen12__dofa__frozen__deterministic__42,cloudsen12,DE_minus_D42,msp,auroc,0.011813146373438457,0.0014323141986341053,0.02216554969311992,1000,25,32,24,common-valid fixed32 images; paired group-bootstrap mean of per-image pixel metrics
cloudsen12__dofa__frozen__deep_ensemble,cloudsen12__dofa__frozen__deterministic__42,cloudsen12,DE_minus_D42,msp,average_precision,0.03040198475987198,0.010413472625584716,0.053733482562450564,1000,25,32,24,common-valid fixed32 images; paired group-bootstrap mean of per-image pixel metrics
cloudsen12__dofa__frozen__deep_ensemble,cloudsen12__dofa__frozen__deterministic__42,cloudsen12,DE_minus_D42,msp,risk_at_1,0.010628836495535723,-0.0032878682621587437,0.0323394877304615,1000,32,32,30,common-valid fixed32 images; paired group-bootstrap mean of per-image pixel metrics
cloudsen12__dofa__frozen__deep_ensemble,cloudsen12__dofa__frozen__deterministic__42,cloudsen12,DE_minus_D42,msp,risk_at_0.9,0.011806773490646252,-0.0021507176682522117,0.0336137286595866,1000,32,32,30,common-valid fixed32 images; paired group-bootstrap mean of per-image pixel metrics
cloudsen12__dofa__frozen__deep_ensemble,cloudsen12__dofa__frozen__deterministic__42,cloudsen12,DE_minus_D42,msp,risk_at_0.8,0.011629532794563134,-0.0019678020300360945,0.03361496564351546,1000,32,32,30,common-valid fixed32 images; paired group-bootstrap mean of per-image pixel metrics
cloudsen12__dofa__frozen__deep_ensemble,cloudsen12__dofa__frozen__deterministic__42,cloudsen12,DE_minus_D42,msp,risk_at_0.5,0.009925063775510215,-0.0036680883290816377,0.03241491200972577,1000,32,32,30,common-valid fixed32 images; paired group-bootstrap mean of per-image pixel metrics
cloudsen12__dofa__frozen__deep_ensemble,cloudsen12__dofa__frozen__deterministic__42,cloudsen12,DE_minus_D42,negative_margin,base_risk,0.010628836495535723,-0.0032878682621587437,0.0323394877304615,1000,32,32,30,common-valid fixed32 images; paired group-bootstrap mean of per-image pixel metrics
cloudsen12__dofa__frozen__deep_ensemble,cloudsen12__dofa__frozen__deterministic__42,cloudsen12,DE_minus_D42,negative_margin,aurc,0.011552162148094562,-0.0022884098850894266,0.035043220963901646,1000,32,32,30,common-valid fixed32 images; paired group-bootstrap mean of per-image pixel metrics
cloudsen12__dofa__frozen__deep_ensemble,cloudsen12__dofa__frozen__deterministic__42,cloudsen12,DE_minus_D42,negative_margin,auroc,0.010388866370977724,0.00026201762808289024,0.02083358202450186,1000,25,32,24,common-valid fixed32 images; paired group-bootstrap mean of per-image pixel metrics
cloudsen12__dofa__frozen__deep_ensemble,cloudsen12__dofa__frozen__deterministic__42,cloudsen12,DE_minus_D42,negative_margin,average_precision,0.024249827729709638,0.00403919846292189,0.047190848007200366,1000,25,32,24,common-valid fixed32 images; paired group-bootstrap mean of per-image pixel metrics
cloudsen12__dofa__frozen__deep_ensemble,cloudsen12__dofa__frozen__deterministic__42,cloudsen12,DE_minus_D42,negative_margin,risk_at_1,0.010628836495535723,-0.0032878682621587437,0.0323394877304615,1000,32,32,30,common-valid fixed32 images; paired group-bootstrap mean of per-image pixel metrics
cloudsen12__dofa__frozen__deep_ensemble,cloudsen12__dofa__frozen__deterministic__42,cloudsen12,DE_minus_D42,negative_margin,risk_at_0.9,0.012074027202026643,-0.0018779019903810725,0.03381122034667361,1000,32,32,30,common-valid fixed32 images; paired group-bootstrap mean of per-image pixel metrics
cloudsen12__dofa__frozen__deep_ensemble,cloudsen12__dofa__frozen__deterministic__42,cloudsen12,DE_minus_D42,negative_margin,risk_at_0.8,0.011874296227279972,-0.0018673947567709188,0.03371377509232018,1000,32,32,30,common-valid fixed32 images; paired group-bootstrap mean of per-image pixel metrics
cloudsen12__dofa__frozen__deep_ensemble,cloudsen12__dofa__frozen__deterministic__42,cloudsen12,DE_minus_D42,negative_margin,risk_at_0.5,0.009581273915816329,-0.003615435598511425,0.03123107950337393,1000,32,32,30,common-valid fixed32 images; paired group-bootstrap mean of per-image pixel metrics
cloudsen12__dofa__full_finetune__deep_ensemble,cloudsen12__dofa__full_finetune__deterministic__42,cloudsen12,DE_minus_D42,entropy,base_risk,-0.009063720703124997,-0.017331386161839348,-0.002277485770250014,1000,32,32,30,common-valid fixed32 images; paired group-bootstrap mean of per-image pixel metrics
cloudsen12__dofa__full_finetune__deep_ensemble,cloudsen12__dofa__full_finetune__deterministic__42,cloudsen12,DE_minus_D42,entropy,aurc,-0.004386412594257236,-0.015020762993289614,0.005127358370831539,1000,32,32,30,common-valid fixed32 images; paired group-bootstrap mean of per-image pixel metrics
cloudsen12__dofa__full_finetune__deep_ensemble,cloudsen12__dofa__full_finetune__deterministic__42,cloudsen12,DE_minus_D42,entropy,auroc,0.009856574319455844,-0.000279104414767064,0.020451705392643307,1000,25,32,24,common-valid fixed32 images; paired group-bootstrap mean of per-image pixel metrics
cloudsen12__dofa__full_finetune__deep_ensemble,cloudsen12__dofa__full_finetune__deterministic__42,cloudsen12,DE_minus_D42,entropy,average_precision,-0.00393217416794736,-0.026483152655331767,0.023371829068122955,1000,25,32,24,common-valid fixed32 images; paired group-bootstrap mean of per-image pixel metrics
cloudsen12__dofa__full_finetune__deep_ensemble,cloudsen12__dofa__full_finetune__deterministic__42,cloudsen12,DE_minus_D42,entropy,risk_at_1,-0.009063720703124997,-0.017331386161839348,-0.002277485770250014,1000,32,32,30,common-valid fixed32 images; paired group-bootstrap mean of per-image pixel metrics
cloudsen12__dofa__full_finetune__deep_ensemble,cloudsen12__dofa__full_finetune__deterministic__42,cloudsen12,DE_minus_D42,entropy,risk_at_0.9,-0.009470552543934238,-0.018356921829604248,-0.002383935147607018,1000,32,32,30,common-valid fixed32 images; paired group-bootstrap mean of per-image pixel metrics
cloudsen12__dofa__full_finetune__deep_ensemble,cloudsen12__dofa__full_finetune__deterministic__42,cloudsen12,DE_minus_D42,entropy,risk_at_0.8,-0.008122969646843115,-0.01787405196108892,-0.0008035055300196234,1000,32,32,30,common-valid fixed32 images; paired group-bootstrap mean of per-image pixel metrics
cloudsen12__dofa__full_finetune__deep_ensemble,cloudsen12__dofa__full_finetune__deterministic__42,cloudsen12,DE_minus_D42,entropy,risk_at_0.5,-0.008174974091198984,-0.0199174229293532,0.00021499322385203632,1000,32,32,30,common-valid fixed32 images; paired group-bootstrap mean of per-image pixel metrics
cloudsen12__dofa__full_finetune__deep_ensemble,cloudsen12__dofa__full_finetune__deterministic__42,cloudsen12,DE_minus_D42,gini_total,base_risk,-0.009063720703124997,-0.017331386161839348,-0.002277485770250014,1000,32,32,30,common-valid fixed32 images; paired group-bootstrap mean of per-image pixel metrics
cloudsen12__dofa__full_finetune__deep_ensemble,cloudsen12__dofa__full_finetune__deterministic__42,cloudsen12,DE_minus_D42,gini_total,aurc,-0.00424515564473772,-0.014474698807690655,0.0054350305474547955,1000,32,32,30,common-valid fixed32 images; paired group-bootstrap mean of per-image pixel metrics
cloudsen12__dofa__full_finetune__deep_ensemble,cloudsen12__dofa__full_finetune__deterministic__42,cloudsen12,DE_minus_D42,gini_total,auroc,0.010404176336929204,8.928367784133695e-05,0.020944965798957393,1000,25,32,24,common-valid fixed32 images; paired group-bootstrap mean of per-image pixel metrics
cloudsen12__dofa__full_finetune__deep_ensemble,cloudsen12__dofa__full_finetune__deterministic__42,cloudsen12,DE_minus_D42,gini_total,average_precision,0.0005814115287932186,-0.019779237247256214,0.02702954020580291,1000,25,32,24,common-valid fixed32 images; paired group-bootstrap mean of per-image pixel metrics
cloudsen12__dofa__full_finetune__deep_ensemble,cloudsen12__dofa__full_finetune__deterministic__42,cloudsen12,DE_minus_D42,gini_total,risk_at_1,-0.009063720703124997,-0.017331386161839348,-0.002277485770250014,1000,32,32,30,common-valid fixed32 images; paired group-bootstrap mean of per-image pixel metrics
cloudsen12__dofa__full_finetune__deep_ensemble,cloudsen12__dofa__full_finetune__deterministic__42,cloudsen12,DE_minus_D42,gini_total,risk_at_0.9,-0.009481486279407605,-0.018342922973044306,-0.0022780230256165186,1000,32,32,30,common-valid fixed32 images; paired group-bootstrap mean of per-image pixel metrics
cloudsen12__dofa__full_finetune__deep_ensemble,cloudsen12__dofa__full_finetune__deterministic__42,cloudsen12,DE_minus_D42,gini_total,risk_at_0.8,-0.00868598782286353,-0.01853436387785963,-0.0012112198012305538,1000,32,32,30,common-valid fixed32 images; paired group-bootstrap mean of per-image pixel metrics
cloudsen12__dofa__full_finetune__deep_ensemble,cloudsen12__dofa__full_finetune__deterministic__42,cloudsen12,DE_minus_D42,gini_total,risk_at_0.5,-0.007562131297831636,-0.019077359790312304,0.0006007914640465572,1000,32,32,30,common-valid fixed32 images; paired group-bootstrap mean of per-image pixel metrics
cloudsen12__dofa__full_finetune__deep_ensemble,cloudsen12__dofa__full_finetune__deterministic__42,cloudsen12,DE_minus_D42,msp,base_risk,-0.009063720703124997,-0.017331386161839348,-0.002277485770250014,1000,32,32,30,common-valid fixed32 images; paired group-bootstrap mean of per-image pixel metrics
cloudsen12__dofa__full_finetune__deep_ensemble,cloudsen12__dofa__full_finetune__deterministic__42,cloudsen12,DE_minus_D42,msp,aurc,-0.004213535044488193,-0.014351754483498444,0.005497725750300371,1000,32,32,30,common-valid fixed32 images; paired group-bootstrap mean of per-image pixel metrics
cloudsen12__dofa__full_finetune__deep_ensemble,cloudsen12__dofa__full_finetune__deterministic__42,cloudsen12,DE_minus_D42,msp,auroc,0.010562252024953983,2.118549496573881e-05,0.02128643695636222,1000,25,32,24,common-valid fixed32 images; paired group-bootstrap mean of per-image pixel metrics
cloudsen12__dofa__full_finetune__deep_ensemble,cloudsen12__dofa__full_finetune__deterministic__42,cloudsen12,DE_minus_D42,msp,average_precision,0.0037307461421904153,-0.014789970754770163,0.028158793419679463,1000,25,32,24,common-valid fixed32 images; paired group-bootstrap mean of per-image pixel metrics
cloudsen12__dofa__full_finetune__deep_ensemble,cloudsen12__dofa__full_finetune__deterministic__42,cloudsen12,DE_minus_D42,msp,risk_at_1,-0.009063720703124997,-0.017331386161839348,-0.002277485770250014,1000,32,32,30,common-valid fixed32 images; paired group-bootstrap mean of per-image pixel metrics
cloudsen12__dofa__full_finetune__deep_ensemble,cloudsen12__dofa__full_finetune__deterministic__42,cloudsen12,DE_minus_D42,msp,risk_at_0.9,-0.009726042109552161,-0.018800013915176297,-0.0024908680241845014,1000,32,32,30,common-valid fixed32 images; paired group-bootstrap mean of per-image pixel metrics
cloudsen12__dofa__full_finetune__deep_ensemble,cloudsen12__dofa__full_finetune__deterministic__42,cloudsen12,DE_minus_D42,msp,risk_at_0.8,-0.008876878388073982,-0.018824950011644498,-0.0013147709034785804,1000,32,32,30,common-valid fixed32 images; paired group-bootstrap mean of per-image pixel metrics
cloudsen12__dofa__full_finetune__deep_ensemble,cloudsen12__dofa__full_finetune__deterministic__42,cloudsen12,DE_minus_D42,msp,risk_at_0.5,-0.007397710060586735,-0.018760031222355367,0.0007042086854273032,1000,32,32,30,common-valid fixed32 images; paired group-bootstrap mean of per-image pixel metrics
cloudsen12__dofa__full_finetune__deep_ensemble,cloudsen12__dofa__full_finetune__deterministic__42,cloudsen12,DE_minus_D42,negative_margin,base_risk,-0.009063720703124997,-0.017331386161839348,-0.002277485770250014,1000,32,32,30,common-valid fixed32 images; paired group-bootstrap mean of per-image pixel metrics
cloudsen12__dofa__full_finetune__deep_ensemble,cloudsen12__dofa__full_finetune__deterministic__42,cloudsen12,DE_minus_D42,negative_margin,aurc,-0.003981411022055502,-0.013968793024567125,0.005786558609769195,1000,32,32,30,common-valid fixed32 images; paired group-bootstrap mean of per-image pixel metrics
cloudsen12__dofa__full_finetune__deep_ensemble,cloudsen12__dofa__full_finetune__deterministic__42,cloudsen12,DE_minus_D42,negative_margin,auroc,0.009988548904096643,-0.0007612024877189896,0.020990452768647506,1000,25,32,24,common-valid fixed32 images; paired group-bootstrap mean of per-image pixel metrics
cloudsen12__dofa__full_finetune__deep_ensemble,cloudsen12__dofa__full_finetune__deterministic__42,cloudsen12,DE_minus_D42,negative_margin,average_precision,0.0018837164620977042,-0.014493760712896495,0.022772434751709186,1000,25,32,24,common-valid fixed32 images; paired group-bootstrap mean of per-image pixel metrics
cloudsen12__dofa__full_finetune__deep_ensemble,cloudsen12__dofa__full_finetune__deterministic__42,cloudsen12,DE_minus_D42,negative_margin,risk_at_1,-0.009063720703124997,-0.017331386161839348,-0.002277485770250014,1000,32,32,30,common-valid fixed32 images; paired group-bootstrap mean of per-image pixel metrics
cloudsen12__dofa__full_finetune__deep_ensemble,cloudsen12__dofa__full_finetune__deterministic__42,cloudsen12,DE_minus_D42,negative_margin,risk_at_0.9,-0.009544182256235819,-0.01868787977430554,-0.0022489379052402264,1000,32,32,30,common-valid fixed32 images; paired group-bootstrap mean of per-image pixel metrics
cloudsen12__dofa__full_finetune__deep_ensemble,cloudsen12__dofa__full_finetune__deterministic__42,cloudsen12,DE_minus_D42,negative_margin,risk_at_0.8,-0.00886800337810906,-0.018749931315358664,-0.001226337932023396,1000,32,32,30,common-valid fixed32 images; paired group-bootstrap mean of per-image pixel metrics
cloudsen12__dofa__full_finetune__deep_ensemble,cloudsen12__dofa__full_finetune__deterministic__42,cloudsen12,DE_minus_D42,negative_margin,risk_at_0.5,-0.006946797273596941,-0.018359473382919888,0.001082411480217091,1000,32,32,30,common-valid fixed32 images; paired group-bootstrap mean of per-image pixel metrics
cloudsen12__dofa__full_finetune__deep_ensemble,cloudsen12__dofa__frozen__deep_ensemble,cloudsen12,full_recipe_minus_frozen_recipe,entropy,base_risk,-0.02909695372289541,-0.0557484955041587,-0.007599778137018304,1000,32,32,30,common-valid fixed32 images; paired group-bootstrap mean of per-image pixel metrics
cloudsen12__dofa__full_finetune__deep_ensemble,cloudsen12__dofa__frozen__deep_ensemble,cloudsen12,full_recipe_minus_frozen_recipe,entropy,aurc,-0.02054394460311712,-0.05115861013290525,-0.00012153490759801038,1000,32,32,30,common-valid fixed32 images; paired group-bootstrap mean of per-image pixel metrics
cloudsen12__dofa__full_finetune__deep_ensemble,cloudsen12__dofa__frozen__deep_ensemble,cloudsen12,full_recipe_minus_frozen_recipe,entropy,auroc,0.014881232520761723,-0.009731912606959204,0.03934584077444271,1000,25,32,24,common-valid fixed32 images; paired group-bootstrap mean of per-image pixel metrics
cloudsen12__dofa__full_finetune__deep_ensemble,cloudsen12__dofa__frozen__deep_ensemble,cloudsen12,full_recipe_minus_frozen_recipe,entropy,average_precision,-0.01573860037189142,-0.054901562723774465,0.0316065683818661,1000,25,32,24,common-valid fixed32 images; paired group-bootstrap mean of per-image pixel metrics
cloudsen12__dofa__full_finetune__deep_ensemble,cloudsen12__dofa__frozen__deep_ensemble,cloudsen12,full_recipe_minus_frozen_recipe,entropy,risk_at_1,-0.02909695372289541,-0.0557484955041587,-0.007599778137018304,1000,32,32,30,common-valid fixed32 images; paired group-bootstrap mean of per-image pixel metrics
cloudsen12__dofa__full_finetune__deep_ensemble,cloudsen12__dofa__frozen__deep_ensemble,cloudsen12,full_recipe_minus_frozen_recipe,entropy,risk_at_0.9,-0.028901461300666113,-0.055698290285816396,-0.007484023598045999,1000,32,32,30,common-valid fixed32 images; paired group-bootstrap mean of per-image pixel metrics
cloudsen12__dofa__full_finetune__deep_ensemble,cloudsen12__dofa__frozen__deep_ensemble,cloudsen12,full_recipe_minus_frozen_recipe,entropy,risk_at_0.8,-0.02427019391741073,-0.05185912766207337,-0.003119580367429262,1000,32,32,30,common-valid fixed32 images; paired group-bootstrap mean of per-image pixel metrics
cloudsen12__dofa__full_finetune__deep_ensemble,cloudsen12__dofa__frozen__deep_ensemble,cloudsen12,full_recipe_minus_frozen_recipe,entropy,risk_at_0.5,-0.019887496014030618,-0.05026506696428572,0.0009663297692123761,1000,32,32,30,common-valid fixed32 images; paired group-bootstrap mean of per-image pixel metrics
cloudsen12__dofa__full_finetune__deep_ensemble,cloudsen12__dofa__frozen__deep_ensemble,cloudsen12,full_recipe_minus_frozen_recipe,expected_entropy,base_risk,-0.02909695372289541,-0.0557484955041587,-0.007599778137018304,1000,32,32,30,common-valid fixed32 images; paired group-bootstrap mean of per-image pixel metrics
cloudsen12__dofa__full_finetune__deep_ensemble,cloudsen12__dofa__frozen__deep_ensemble,cloudsen12,full_recipe_minus_frozen_recipe,expected_entropy,aurc,-0.020486386435251906,-0.05090247388323095,-5.770354926339793e-05,1000,32,32,30,common-valid fixed32 images; paired group-bootstrap mean of per-image pixel metrics
cloudsen12__dofa__full_finetune__deep_ensemble,cloudsen12__dofa__frozen__deep_ensemble,cloudsen12,full_recipe_minus_frozen_recipe,expected_entropy,auroc,0.013953229092407989,-0.010576155429124573,0.03784630030655452,1000,25,32,24,common-valid fixed32 images; paired group-bootstrap mean of per-image pixel metrics
cloudsen12__dofa__full_finetune__deep_ensemble,cloudsen12__dofa__frozen__deep_ensemble,cloudsen12,full_recipe_minus_frozen_recipe,expected_entropy,average_precision,-0.014322342313366414,-0.053230427935713406,0.028915497541997796,1000,25,32,24,common-valid fixed32 images; paired group-bootstrap mean of per-image pixel metrics
cloudsen12__dofa__full_finetune__deep_ensemble,cloudsen12__dofa__frozen__deep_ensemble,cloudsen12,full_recipe_minus_frozen_recipe,expected_entropy,risk_at_1,-0.02909695372289541,-0.0557484955041587,-0.007599778137018304,1000,32,32,30,common-valid fixed32 images; paired group-bootstrap mean of per-image pixel metrics
cloudsen12__dofa__full_finetune__deep_ensemble,cloudsen12__dofa__frozen__deep_ensemble,cloudsen12,full_recipe_minus_frozen_recipe,expected_entropy,risk_at_0.9,-0.029015365911989784,-0.055752268145161266,-0.007614676200883989,1000,32,32,30,common-valid fixed32 images; paired group-bootstrap mean of per-image pixel metrics
cloudsen12__dofa__full_finetune__deep_ensemble,cloudsen12__dofa__frozen__deep_ensemble,cloudsen12,full_recipe_minus_frozen_recipe,expected_entropy,risk_at_0.8,-0.024094717843191983,-0.05193835441182524,-0.0027454449049025206,1000,32,32,30,common-valid fixed32 images; paired group-bootstrap mean of per-image pixel metrics
cloudsen12__dofa__full_finetune__deep_ensemble,cloudsen12__dofa__frozen__deep_ensemble,cloudsen12,full_recipe_minus_frozen_recipe,expected_entropy,risk_at_0.5,-0.02016775948660714,-0.049930013020833316,-5.773989283214044e-05,1000,32,32,30,common-valid fixed32 images; paired group-bootstrap mean of per-image pixel metrics
cloudsen12__dofa__full_finetune__deep_ensemble,cloudsen12__dofa__frozen__deep_ensemble,cloudsen12,full_recipe_minus_frozen_recipe,gini_disagreement,base_risk,-0.02909695372289541,-0.0557484955041587,-0.007599778137018304,1000,32,32,30,common-valid fixed32 images; paired group-bootstrap mean of per-image pixel metrics
cloudsen12__dofa__full_finetune__deep_ensemble,cloudsen12__dofa__frozen__deep_ensemble,cloudsen12,full_recipe_minus_frozen_recipe,gini_disagreement,aurc,-0.02302072084130262,-0.049804770872633915,-0.004240459007196578,1000,32,32,30,common-valid fixed32 images; paired group-bootstrap mean of per-image pixel metrics
cloudsen12__dofa__full_finetune__deep_ensemble,cloudsen12__dofa__frozen__deep_ensemble,cloudsen12,full_recipe_minus_frozen_recipe,gini_disagreement,auroc,0.031242528680445844,0.006304059354119884,0.06144742296210333,1000,25,32,24,common-valid fixed32 images; paired group-bootstrap mean of per-image pixel metrics
cloudsen12__dofa__full_finetune__deep_ensemble,cloudsen12__dofa__frozen__deep_ensemble,cloudsen12,full_recipe_minus_frozen_recipe,gini_disagreement,average_precision,-0.009288629238361911,-0.04936037486964968,0.034032803082551515,1000,25,32,24,common-valid fixed32 images; paired group-bootstrap mean of per-image pixel metrics
cloudsen12__dofa__full_finetune__deep_ensemble,cloudsen12__dofa__frozen__deep_ensemble,cloudsen12,full_recipe_minus_frozen_recipe,gini_disagreement,risk_at_1,-0.02909695372289541,-0.0557484955041587,-0.007599778137018304,1000,32,32,30,common-valid fixed32 images; paired group-bootstrap mean of per-image pixel metrics
cloudsen12__dofa__full_finetune__deep_ensemble,cloudsen12__dofa__frozen__deep_ensemble,cloudsen12,full_recipe_minus_frozen_recipe,gini_disagreement,risk_at_0.9,-0.03216303611288266,-0.059398339623988036,-0.010180162356283677,1000,32,32,30,common-valid fixed32 images; paired group-bootstrap mean of per-image pixel metrics
cloudsen12__dofa__full_finetune__deep_ensemble,cloudsen12__dofa__frozen__deep_ensemble,cloudsen12,full_recipe_minus_frozen_recipe,gini_disagreement,risk_at_0.8,-0.0303634332150829,-0.05695324119884297,-0.007955539595382304,1000,32,32,30,common-valid fixed32 images; paired group-bootstrap mean of per-image pixel metrics
cloudsen12__dofa__full_finetune__deep_ensemble,cloudsen12__dofa__frozen__deep_ensemble,cloudsen12,full_recipe_minus_frozen_recipe,gini_disagreement,risk_at_0.5,-0.019273407605229588,-0.044530898296818715,-0.0005152046248816985,1000,32,32,30,common-valid fixed32 images; paired group-bootstrap mean of per-image pixel metrics
cloudsen12__dofa__full_finetune__deep_ensemble,cloudsen12__dofa__frozen__deep_ensemble,cloudsen12,full_recipe_minus_frozen_recipe,gini_expected,base_risk,-0.02909695372289541,-0.0557484955041587,-0.007599778137018304,1000,32,32,30,common-valid fixed32 images; paired group-bootstrap mean of per-image pixel metrics
cloudsen12__dofa__full_finetune__deep_ensemble,cloudsen12__dofa__frozen__deep_ensemble,cloudsen12,full_recipe_minus_frozen_recipe,gini_expected,aurc,-0.020107302527339797,-0.050086682347910506,0.00015348110376414505,1000,32,32,30,common-valid fixed32 images; paired group-bootstrap mean of per-image pixel metrics
cloudsen12__dofa__full_finetune__deep_ensemble,cloudsen12__dofa__frozen__deep_ensemble,cloudsen12,full_recipe_minus_frozen_recipe,gini_expected,auroc,0.013297693766755244,-0.009567465488332785,0.03725487829308424,1000,25,32,24,common-valid fixed32 images; paired group-bootstrap mean of per-image pixel metrics
cloudsen12__dofa__full_finetune__deep_ensemble,cloudsen12__dofa__frozen__deep_ensemble,cloudsen12,full_recipe_minus_frozen_recipe,gini_expected,average_precision,-0.01808147686202323,-0.05428728579123312,0.021467218585745965,1000,25,32,24,common-valid fixed32 images; paired group-bootstrap mean of per-image pixel metrics
cloudsen12__dofa__full_finetune__deep_ensemble,cloudsen12__dofa__frozen__deep_ensemble,cloudsen12,full_recipe_minus_frozen_recipe,gini_expected,risk_at_1,-0.02909695372289541,-0.0557484955041587,-0.007599778137018304,1000,32,32,30,common-valid fixed32 images; paired group-bootstrap mean of per-image pixel metrics
cloudsen12__dofa__full_finetune__deep_ensemble,cloudsen12__dofa__frozen__deep_ensemble,cloudsen12,full_recipe_minus_frozen_recipe,gini_expected,risk_at_0.9,-0.028595039903982423,-0.05540832491430712,-0.006981596308770903,1000,32,32,30,common-valid fixed32 images; paired group-bootstrap mean of per-image pixel metrics
cloudsen12__dofa__full_finetune__deep_ensemble,cloudsen12__dofa__frozen__deep_ensemble,cloudsen12,full_recipe_minus_frozen_recipe,gini_expected,risk_at_0.8,-0.023989307637117346,-0.0514806851656363,-0.002763950581453331,1000,32,32,30,common-valid fixed32 images; paired group-bootstrap mean of per-image pixel metrics
cloudsen12__dofa__full_finetune__deep_ensemble,cloudsen12__dofa__frozen__deep_ensemble,cloudsen12,full_recipe_minus_frozen_recipe,gini_expected,risk_at_0.5,-0.01940544284119899,-0.04929947190727351,0.000955896607577694,1000,32,32,30,common-valid fixed32 images; paired group-bootstrap mean of per-image pixel metrics
cloudsen12__dofa__full_finetune__deep_ensemble,cloudsen12__dofa__frozen__deep_ensemble,cloudsen12,full_recipe_minus_frozen_recipe,gini_total,base_risk,-0.02909695372289541,-0.0557484955041587,-0.007599778137018304,1000,32,32,30,common-valid fixed32 images; paired group-bootstrap mean of per-image pixel metrics
cloudsen12__dofa__full_finetune__deep_ensemble,cloudsen12__dofa__frozen__deep_ensemble,cloudsen12,full_recipe_minus_frozen_recipe,gini_total,aurc,-0.020604200089003134,-0.051110886547189684,-0.00038167084749772437,1000,32,32,30,common-valid fixed32 images; paired group-bootstrap mean of per-image pixel metrics
cloudsen12__dofa__full_finetune__deep_ensemble,cloudsen12__dofa__frozen__deep_ensemble,cloudsen12,full_recipe_minus_frozen_recipe,gini_total,auroc,0.015698006272246413,-0.008884062233729813,0.040144868600897596,1000,25,32,24,common-valid fixed32 images; paired group-bootstrap mean of per-image pixel metrics
cloudsen12__dofa__full_finetune__deep_ensemble,cloudsen12__dofa__frozen__deep_ensemble,cloudsen12,full_recipe_minus_frozen_recipe,gini_total,average_precision,-0.01624914116354559,-0.05360288815892072,0.027070345077859288,1000,25,32,24,common-valid fixed32 images; paired group-bootstrap mean of per-image pixel metrics
cloudsen12__dofa__full_finetune__deep_ensemble,cloudsen12__dofa__frozen__deep_ensemble,cloudsen12,full_recipe_minus_frozen_recipe,gini_total,risk_at_1,-0.02909695372289541,-0.0557484955041587,-0.007599778137018304,1000,32,32,30,common-valid fixed32 images; paired group-bootstrap mean of per-image pixel metrics
cloudsen12__dofa__full_finetune__deep_ensemble,cloudsen12__dofa__frozen__deep_ensemble,cloudsen12,full_recipe_minus_frozen_recipe,gini_total,risk_at_0.9,-0.02854812172264741,-0.05506274858300889,-0.0071893801872962805,1000,32,32,30,common-valid fixed32 images; paired group-bootstrap mean of per-image pixel metrics
cloudsen12__dofa__full_finetune__deep_ensemble,cloudsen12__dofa__frozen__deep_ensemble,cloudsen12,full_recipe_minus_frozen_recipe,gini_total,risk_at_0.8,-0.024879922672193903,-0.05176817308954835,-0.004184442938276659,1000,32,32,30,common-valid fixed32 images; paired group-bootstrap mean of per-image pixel metrics
cloudsen12__dofa__full_finetune__deep_ensemble,cloudsen12__dofa__frozen__deep_ensemble,cloudsen12,full_recipe_minus_frozen_recipe,gini_total,risk_at_0.5,-0.018705406967474497,-0.048956909179687515,0.0016576027383609622,1000,32,32,30,common-valid fixed32 images; paired group-bootstrap mean of per-image pixel metrics
cloudsen12__dofa__full_finetune__deep_ensemble,cloudsen12__dofa__frozen__deep_ensemble,cloudsen12,full_recipe_minus_frozen_recipe,msp,base_risk,-0.02909695372289541,-0.0557484955041587,-0.007599778137018304,1000,32,32,30,common-valid fixed32 images; paired group-bootstrap mean of per-image pixel metrics
cloudsen12__dofa__full_finetune__deep_ensemble,cloudsen12__dofa__frozen__deep_ensemble,cloudsen12,full_recipe_minus_frozen_recipe,msp,aurc,-0.020858867147140407,-0.05134004381885277,-0.0003886955608993084,1000,32,32,30,common-valid fixed32 images; paired group-bootstrap mean of per-image pixel metrics
cloudsen12__dofa__full_finetune__deep_ensemble,cloudsen12__dofa__frozen__deep_ensemble,cloudsen12,full_recipe_minus_frozen_recipe,msp,auroc,0.017549191671136746,-0.0054438471435369964,0.042575630479186194,1000,25,32,24,common-valid fixed32 images; paired group-bootstrap mean of per-image pixel metrics
cloudsen12__dofa__full_finetune__deep_ensemble,cloudsen12__dofa__frozen__deep_ensemble,cloudsen12,full_recipe_minus_frozen_recipe,msp,average_precision,-0.01602288239397201,-0.049885409815534416,0.022379868079878358,1000,25,32,24,common-valid fixed32 images; paired group-bootstrap mean of per-image pixel metrics
cloudsen12__dofa__full_finetune__deep_ensemble,cloudsen12__dofa__frozen__deep_ensemble,cloudsen12,full_recipe_minus_frozen_recipe,msp,risk_at_1,-0.02909695372289541,-0.0557484955041587,-0.007599778137018304,1000,32,32,30,common-valid fixed32 images; paired group-bootstrap mean of per-image pixel metrics
cloudsen12__dofa__full_finetune__deep_ensemble,cloudsen12__dofa__frozen__deep_ensemble,cloudsen12,full_recipe_minus_frozen_recipe,msp,risk_at_0.9,-0.02930379508574264,-0.05643827341313481,-0.007457011177286791,1000,32,32,30,common-valid fixed32 images; paired group-bootstrap mean of per-image pixel metrics
cloudsen12__dofa__full_finetune__deep_ensemble,cloudsen12__dofa__frozen__deep_ensemble,cloudsen12,full_recipe_minus_frozen_recipe,msp,risk_at_0.8,-0.02645780602279974,-0.05421618322858374,-0.00486872251341944,1000,32,32,30,common-valid fixed32 images; paired group-bootstrap mean of per-image pixel metrics
cloudsen12__dofa__full_finetune__deep_ensemble,cloudsen12__dofa__frozen__deep_ensemble,cloudsen12,full_recipe_minus_frozen_recipe,msp,risk_at_0.5,-0.018633161272321435,-0.048643298171082955,0.0017999846186584386,1000,32,32,30,common-valid fixed32 images; paired group-bootstrap mean of per-image pixel metrics
cloudsen12__dofa__full_finetune__deep_ensemble,cloudsen12__dofa__frozen__deep_ensemble,cloudsen12,full_recipe_minus_frozen_recipe,mutual_information,base_risk,-0.02909695372289541,-0.0557484955041587,-0.007599778137018304,1000,32,32,30,common-valid fixed32 images; paired group-bootstrap mean of per-image pixel metrics
cloudsen12__dofa__full_finetune__deep_ensemble,cloudsen12__dofa__frozen__deep_ensemble,cloudsen12,full_recipe_minus_frozen_recipe,mutual_information,aurc,-0.027139502080484684,-0.05329544076665343,-0.007646126168674562,1000,32,32,30,common-valid fixed32 images; paired group-bootstrap mean of per-image pixel metrics
cloudsen12__dofa__full_finetune__deep_ensemble,cloudsen12__dofa__frozen__deep_ensemble,cloudsen12,full_recipe_minus_frozen_recipe,mutual_information,auroc,0.05033984532177491,0.018300877386146962,0.08650896888539925,1000,25,32,24,common-valid fixed32 images; paired group-bootstrap mean of per-image pixel metrics
cloudsen12__dofa__full_finetune__deep_ensemble,cloudsen12__dofa__frozen__deep_ensemble,cloudsen12,full_recipe_minus_frozen_recipe,mutual_information,average_precision,0.007278885772610608,-0.0391073631618657,0.059479440705564025,1000,25,32,24,common-valid fixed32 images; paired group-bootstrap mean of per-image pixel metrics
cloudsen12__dofa__full_finetune__deep_ensemble,cloudsen12__dofa__frozen__deep_ensemble,cloudsen12,full_recipe_minus_frozen_recipe,mutual_information,risk_at_1,-0.02909695372289541,-0.0557484955041587,-0.007599778137018304,1000,32,32,30,common-valid fixed32 images; paired group-bootstrap mean of per-image pixel metrics
cloudsen12__dofa__full_finetune__deep_ensemble,cloudsen12__dofa__frozen__deep_ensemble,cloudsen12,full_recipe_minus_frozen_recipe,mutual_information,risk_at_0.9,-0.032799960804634355,-0.05892988579840539,-0.011701826930316416,1000,32,32,30,common-valid fixed32 images; paired group-bootstrap mean of per-image pixel metrics
cloudsen12__dofa__full_finetune__deep_ensemble,cloudsen12__dofa__frozen__deep_ensemble,cloudsen12,full_recipe_minus_frozen_recipe,mutual_information,risk_at_0.8,-0.03307809635084502,-0.059182391690925346,-0.011127134050641757,1000,32,32,30,common-valid fixed32 images; paired group-bootstrap mean of per-image pixel metrics
cloudsen12__dofa__full_finetune__deep_ensemble,cloudsen12__dofa__frozen__deep_ensemble,cloudsen12,full_recipe_minus_frozen_recipe,mutual_information,risk_at_0.5,-0.023259376992984675,-0.04788541582207478,-0.0035535559990124877,1000,32,32,30,common-valid fixed32 images; paired group-bootstrap mean of per-image pixel metrics
cloudsen12__dofa__full_finetune__deep_ensemble,cloudsen12__dofa__frozen__deep_ensemble,cloudsen12,full_recipe_minus_frozen_recipe,negative_margin,base_risk,-0.02909695372289541,-0.0557484955041587,-0.007599778137018304,1000,32,32,30,common-valid fixed32 images; paired group-bootstrap mean of per-image pixel metrics
cloudsen12__dofa__full_finetune__deep_ensemble,cloudsen12__dofa__frozen__deep_ensemble,cloudsen12,full_recipe_minus_frozen_recipe,negative_margin,aurc,-0.021145132599539578,-0.051792075119662086,-0.00040919204292260493,1000,32,32,30,common-valid fixed32 images; paired group-bootstrap mean of per-image pixel metrics
cloudsen12__dofa__full_finetune__deep_ensemble,cloudsen12__dofa__frozen__deep_ensemble,cloudsen12,full_recipe_minus_frozen_recipe,negative_margin,auroc,0.01906777561528133,-0.0030561107818504567,0.04392756828957273,1000,25,32,24,common-valid fixed32 images; paired group-bootstrap mean of per-image pixel metrics
cloudsen12__dofa__full_finetune__deep_ensemble,cloudsen12__dofa__frozen__deep_ensemble,cloudsen12,full_recipe_minus_frozen_recipe,negative_margin,average_precision,-0.015112644640418853,-0.04499143951945358,0.016742917356238608,1000,25,32,24,common-valid fixed32 images; paired group-bootstrap mean of per-image pixel metrics
cloudsen12__dofa__full_finetune__deep_ensemble,cloudsen12__dofa__frozen__deep_ensemble,cloudsen12,full_recipe_minus_frozen_recipe,negative_margin,risk_at_1,-0.02909695372289541,-0.0557484955041587,-0.007599778137018304,1000,32,32,30,common-valid fixed32 images; paired group-bootstrap mean of per-image pixel metrics
cloudsen12__dofa__full_finetune__deep_ensemble,cloudsen12__dofa__frozen__deep_ensemble,cloudsen12,full_recipe_minus_frozen_recipe,negative_margin,risk_at_0.9,-0.02958225933602608,-0.057240650284735094,-0.00747605203875907,1000,32,32,30,common-valid fixed32 images; paired group-bootstrap mean of per-image pixel metrics
cloudsen12__dofa__full_finetune__deep_ensemble,cloudsen12__dofa__frozen__deep_ensemble,cloudsen12,full_recipe_minus_frozen_recipe,negative_margin,risk_at_0.8,-0.026976137745137106,-0.05492305730502018,-0.005099147095972175,1000,32,32,30,common-valid fixed32 images; paired group-bootstrap mean of per-image pixel metrics
cloudsen12__dofa__full_finetune__deep_ensemble,cloudsen12__dofa__frozen__deep_ensemble,cloudsen12,full_recipe_minus_frozen_recipe,negative_margin,risk_at_0.5,-0.01875896843112245,-0.0485634130361129,0.001556424611175114,1000,32,32,30,common-valid fixed32 images; paired group-bootstrap mean of per-image pixel metrics
cloudsen12__panopticon__frozen__deep_ensemble,cloudsen12__panopticon__frozen__deterministic__42,cloudsen12,DE_minus_D42,entropy,base_risk,-0.003612907565369895,-0.009254735647237266,0.0020902552049045457,1000,32,32,30,common-valid fixed32 images; paired group-bootstrap mean of per-image pixel metrics
cloudsen12__panopticon__frozen__deep_ensemble,cloudsen12__panopticon__frozen__deterministic__42,cloudsen12,DE_minus_D42,entropy,aurc,-0.009787675798025072,-0.023012446832231817,0.002079570404479429,1000,32,32,30,common-valid fixed32 images; paired group-bootstrap mean of per-image pixel metrics
cloudsen12__panopticon__frozen__deep_ensemble,cloudsen12__panopticon__frozen__deterministic__42,cloudsen12,DE_minus_D42,entropy,auroc,0.016834620950805786,-0.002043040494453358,0.0382327962343406,1000,26,32,25,common-valid fixed32 images; paired group-bootstrap mean of per-image pixel metrics
cloudsen12__panopticon__frozen__deep_ensemble,cloudsen12__panopticon__frozen__deterministic__42,cloudsen12,DE_minus_D42,entropy,average_precision,0.008508502414498713,-0.021904655760295582,0.038289915780919594,1000,26,32,25,common-valid fixed32 images; paired group-bootstrap mean of per-image pixel metrics
cloudsen12__panopticon__frozen__deep_ensemble,cloudsen12__panopticon__frozen__deterministic__42,cloudsen12,DE_minus_D42,entropy,risk_at_1,-0.003612907565369895,-0.009254735647237266,0.0020902552049045457,1000,32,32,30,common-valid fixed32 images; paired group-bootstrap mean of per-image pixel metrics
cloudsen12__panopticon__frozen__deep_ensemble,cloudsen12__panopticon__frozen__deterministic__42,cloudsen12,DE_minus_D42,entropy,risk_at_0.9,-0.0038371875442885536,-0.010959096512046905,0.0027002317434030075,1000,32,32,30,common-valid fixed32 images; paired group-bootstrap mean of per-image pixel metrics
cloudsen12__panopticon__frozen__deep_ensemble,cloudsen12__panopticon__frozen__deterministic__42,cloudsen12,DE_minus_D42,entropy,risk_at_0.8,-0.005817179777184314,-0.015234987961859537,0.0023777747640804296,1000,32,32,30,common-valid fixed32 images; paired group-bootstrap mean of per-image pixel metrics
cloudsen12__panopticon__frozen__deep_ensemble,cloudsen12__panopticon__frozen__deterministic__42,cloudsen12,DE_minus_D42,entropy,risk_at_0.5,-0.008831413424744904,-0.022511939790120606,0.0033832659040178487,1000,32,32,30,common-valid fixed32 images; paired group-bootstrap mean of per-image pixel metrics
cloudsen12__panopticon__frozen__deep_ensemble,cloudsen12__panopticon__frozen__deterministic__42,cloudsen12,DE_minus_D42,gini_total,base_risk,-0.003612907565369895,-0.009254735647237266,0.0020902552049045457,1000,32,32,30,common-valid fixed32 images; paired group-bootstrap mean of per-image pixel metrics
cloudsen12__panopticon__frozen__deep_ensemble,cloudsen12__panopticon__frozen__deterministic__42,cloudsen12,DE_minus_D42,gini_total,aurc,-0.008841586280243976,-0.020885660300884155,0.0019093570405885605,1000,32,32,30,common-valid fixed32 images; paired group-bootstrap mean of per-image pixel metrics
cloudsen12__panopticon__frozen__deep_ensemble,cloudsen12__panopticon__frozen__deterministic__42,cloudsen12,DE_minus_D42,gini_total,auroc,0.014971495033553387,-0.0018845810036940396,0.03376455525824736,1000,26,32,25,common-valid fixed32 images; paired group-bootstrap mean of per-image pixel metrics
cloudsen12__panopticon__frozen__deep_ensemble,cloudsen12__panopticon__frozen__deterministic__42,cloudsen12,DE_minus_D42,gini_total,average_precision,0.01141837899179786,-0.019366801137717948,0.04182454368780239,1000,26,32,25,common-valid fixed32 images; paired group-bootstrap mean of per-image pixel metrics
cloudsen12__panopticon__frozen__deep_ensemble,cloudsen12__panopticon__frozen__deterministic__42,cloudsen12,DE_minus_D42,gini_total,risk_at_1,-0.003612907565369895,-0.009254735647237266,0.0020902552049045457,1000,32,32,30,common-valid fixed32 images; paired group-bootstrap mean of per-image pixel metrics
cloudsen12__panopticon__frozen__deep_ensemble,cloudsen12__panopticon__frozen__deterministic__42,cloudsen12,DE_minus_D42,gini_total,risk_at_0.9,-0.0037584369685374043,-0.010711418030753954,0.002611831442926643,1000,32,32,30,common-valid fixed32 images; paired group-bootstrap mean of per-image pixel metrics
cloudsen12__panopticon__frozen__deep_ensemble,cloudsen12__panopticon__frozen__deterministic__42,cloudsen12,DE_minus_D42,gini_total,risk_at_0.8,-0.005053617516342468,-0.013579231060583794,0.002417225740393808,1000,32,32,30,common-valid fixed32 images; paired group-bootstrap mean of per-image pixel metrics
cloudsen12__panopticon__frozen__deep_ensemble,cloudsen12__panopticon__frozen__deterministic__42,cloudsen12,DE_minus_D42,gini_total,risk_at_0.5,-0.007078832509566327,-0.01805724305851373,0.0035130233623101217,1000,32,32,30,common-valid fixed32 images; paired group-bootstrap mean of per-image pixel metrics
cloudsen12__panopticon__frozen__deep_ensemble,cloudsen12__panopticon__frozen__deterministic__42,cloudsen12,DE_minus_D42,msp,base_risk,-0.003612907565369895,-0.009254735647237266,0.0020902552049045457,1000,32,32,30,common-valid fixed32 images; paired group-bootstrap mean of per-image pixel metrics
cloudsen12__panopticon__frozen__deep_ensemble,cloudsen12__panopticon__frozen__deterministic__42,cloudsen12,DE_minus_D42,msp,aurc,-0.008475284402193202,-0.019777994086777214,0.001982101673433471,1000,32,32,30,common-valid fixed32 images; paired group-bootstrap mean of per-image pixel metrics
cloudsen12__panopticon__frozen__deep_ensemble,cloudsen12__panopticon__frozen__deterministic__42,cloudsen12,DE_minus_D42,msp,auroc,0.013820148047846242,-0.0022988517539672985,0.03191288255601586,1000,26,32,25,common-valid fixed32 images; paired group-bootstrap mean of per-image pixel metrics
cloudsen12__panopticon__frozen__deep_ensemble,cloudsen12__panopticon__frozen__deterministic__42,cloudsen12,DE_minus_D42,msp,average_precision,0.006919686593607284,-0.019491866804278266,0.03208916115833492,1000,26,32,25,common-valid fixed32 images; paired group-bootstrap mean of per-image pixel metrics
cloudsen12__panopticon__frozen__deep_ensemble,cloudsen12__panopticon__frozen__deterministic__42,cloudsen12,DE_minus_D42,msp,risk_at_1,-0.003612907565369895,-0.009254735647237266,0.0020902552049045457,1000,32,32,30,common-valid fixed32 images; paired group-bootstrap mean of per-image pixel metrics
cloudsen12__panopticon__frozen__deep_ensemble,cloudsen12__panopticon__frozen__deterministic__42,cloudsen12,DE_minus_D42,msp,risk_at_0.9,-0.0032720933425453573,-0.009659568212365586,0.002764884095439236,1000,32,32,30,common-valid fixed32 images; paired group-bootstrap mean of per-image pixel metrics
cloudsen12__panopticon__frozen__deep_ensemble,cloudsen12__panopticon__frozen__deterministic__42,cloudsen12,DE_minus_D42,msp,risk_at_0.8,-0.004127969547193872,-0.011650229462088177,0.0029185494019576485,1000,32,32,30,common-valid fixed32 images; paired group-bootstrap mean of per-image pixel metrics
cloudsen12__panopticon__frozen__deep_ensemble,cloudsen12__panopticon__frozen__deterministic__42,cloudsen12,DE_minus_D42,msp,risk_at_0.5,-0.006685218032525502,-0.01728493123559907,0.003499413917847887,1000,32,32,30,common-valid fixed32 images; paired group-bootstrap mean of per-image pixel metrics
cloudsen12__panopticon__frozen__deep_ensemble,cloudsen12__panopticon__frozen__deterministic__42,cloudsen12,DE_minus_D42,negative_margin,base_risk,-0.003612907565369895,-0.009254735647237266,0.0020902552049045457,1000,32,32,30,common-valid fixed32 images; paired group-bootstrap mean of per-image pixel metrics
cloudsen12__panopticon__frozen__deep_ensemble,cloudsen12__panopticon__frozen__deterministic__42,cloudsen12,DE_minus_D42,negative_margin,aurc,-0.007775451563718877,-0.018242062919509715,0.002008830485111556,1000,32,32,30,common-valid fixed32 images; paired group-bootstrap mean of per-image pixel metrics
cloudsen12__panopticon__frozen__deep_ensemble,cloudsen12__panopticon__frozen__deterministic__42,cloudsen12,DE_minus_D42,negative_margin,auroc,0.012274458572095099,-0.0026318928892373867,0.028638345082046778,1000,26,32,25,common-valid fixed32 images; paired group-bootstrap mean of per-image pixel metrics
cloudsen12__panopticon__frozen__deep_ensemble,cloudsen12__panopticon__frozen__deterministic__42,cloudsen12,DE_minus_D42,negative_margin,average_precision,0.004145615296925904,-0.01742026039442209,0.026838115590051385,1000,26,32,25,common-valid fixed32 images; paired group-bootstrap mean of per-image pixel metrics
cloudsen12__panopticon__frozen__deep_ensemble,cloudsen12__panopticon__frozen__deterministic__42,cloudsen12,DE_minus_D42,negative_margin,risk_at_1,-0.003612907565369895,-0.009254735647237266,0.0020902552049045457,1000,32,32,30,common-valid fixed32 images; paired group-bootstrap mean of per-image pixel metrics
cloudsen12__panopticon__frozen__deep_ensemble,cloudsen12__panopticon__frozen__deterministic__42,cloudsen12,DE_minus_D42,negative_margin,risk_at_0.9,-0.0027478276466836793,-0.008837021629990375,0.0032563404593608193,1000,32,32,30,common-valid fixed32 images; paired group-bootstrap mean of per-image pixel metrics
cloudsen12__panopticon__frozen__deep_ensemble,cloudsen12__panopticon__frozen__deterministic__42,cloudsen12,DE_minus_D42,negative_margin,risk_at_0.8,-0.003504071916852692,-0.010625612209940396,0.0038062293576074393,1000,32,32,30,common-valid fixed32 images; paired group-bootstrap mean of per-image pixel metrics
cloudsen12__panopticon__frozen__deep_ensemble,cloudsen12__panopticon__frozen__deterministic__42,cloudsen12,DE_minus_D42,negative_margin,risk_at_0.5,-0.005992655851403061,-0.01594952628916303,0.004090351961096945,1000,32,32,30,common-valid fixed32 images; paired group-bootstrap mean of per-image pixel metrics
cloudsen12__panopticon__frozen__deep_ensemble,cloudsen12__dofa__frozen__deep_ensemble,cloudsen12,Pan_configuration_minus_DOFA_configuration,entropy,base_risk,-0.027463951889349497,-0.05967486383414254,-0.004554186147876369,1000,32,32,30,common-valid fixed32 images; paired group-bootstrap mean of per-image pixel metrics
cloudsen12__panopticon__frozen__deep_ensemble,cloudsen12__dofa__frozen__deep_ensemble,cloudsen12,Pan_configuration_minus_DOFA_configuration,entropy,aurc,-0.029796296405689125,-0.06992732843938734,-0.003036874604443483,1000,32,32,30,common-valid fixed32 images; paired group-bootstrap mean of per-image pixel metrics
cloudsen12__panopticon__frozen__deep_ensemble,cloudsen12__dofa__frozen__deep_ensemble,cloudsen12,Pan_configuration_minus_DOFA_configuration,entropy,auroc,0.013373477271062039,0.0011961165628382928,0.026137295050601285,1000,25,32,24,common-valid fixed32 images; paired group-bootstrap mean of per-image pixel metrics
cloudsen12__panopticon__frozen__deep_ensemble,cloudsen12__dofa__frozen__deep_ensemble,cloudsen12,Pan_configuration_minus_DOFA_configuration,entropy,average_precision,-0.0316667686528893,-0.06817085188371912,0.003992348016250542,1000,25,32,24,common-valid fixed32 images; paired group-bootstrap mean of per-image pixel metrics
cloudsen12__panopticon__frozen__deep_ensemble,cloudsen12__dofa__frozen__deep_ensemble,cloudsen12,Pan_configuration_minus_DOFA_configuration,entropy,risk_at_1,-0.027463951889349497,-0.05967486383414254,-0.004554186147876369,1000,32,32,30,common-valid fixed32 images; paired group-bootstrap mean of per-image pixel metrics
cloudsen12__panopticon__frozen__deep_ensemble,cloudsen12__dofa__frozen__deep_ensemble,cloudsen12,Pan_configuration_minus_DOFA_configuration,entropy,risk_at_0.9,-0.02768186538938493,-0.06196965534365628,-0.0032687881418350263,1000,32,32,30,common-valid fixed32 images; paired group-bootstrap mean of per-image pixel metrics
cloudsen12__panopticon__frozen__deep_ensemble,cloudsen12__dofa__frozen__deep_ensemble,cloudsen12,Pan_configuration_minus_DOFA_configuration,entropy,risk_at_0.8,-0.027672436772560604,-0.06334633086160375,-0.0026876931758677363,1000,32,32,30,common-valid fixed32 images; paired group-bootstrap mean of per-image pixel metrics
cloudsen12__panopticon__frozen__deep_ensemble,cloudsen12__dofa__frozen__deep_ensemble,cloudsen12,Pan_configuration_minus_DOFA_configuration,entropy,risk_at_0.5,-0.02994833187181123,-0.07018643446427325,-0.0020119831601852407,1000,32,32,30,common-valid fixed32 images; paired group-bootstrap mean of per-image pixel metrics
cloudsen12__panopticon__frozen__deep_ensemble,cloudsen12__dofa__frozen__deep_ensemble,cloudsen12,Pan_configuration_minus_DOFA_configuration,expected_entropy,base_risk,-0.027463951889349497,-0.05967486383414254,-0.004554186147876369,1000,32,32,30,common-valid fixed32 images; paired group-bootstrap mean of per-image pixel metrics
cloudsen12__panopticon__frozen__deep_ensemble,cloudsen12__dofa__frozen__deep_ensemble,cloudsen12,Pan_configuration_minus_DOFA_configuration,expected_entropy,aurc,-0.031079130591230613,-0.0718982794042944,-0.003242726084083847,1000,32,32,30,common-valid fixed32 images; paired group-bootstrap mean of per-image pixel metrics
cloudsen12__panopticon__frozen__deep_ensemble,cloudsen12__dofa__frozen__deep_ensemble,cloudsen12,Pan_configuration_minus_DOFA_configuration,expected_entropy,auroc,0.016357342184138857,-0.00021664730199945947,0.0358379996924067,1000,25,32,24,common-valid fixed32 images; paired group-bootstrap mean of per-image pixel metrics
cloudsen12__panopticon__frozen__deep_ensemble,cloudsen12__dofa__frozen__deep_ensemble,cloudsen12,Pan_configuration_minus_DOFA_configuration,expected_entropy,average_precision,-0.027544630533350496,-0.06313607219382607,0.005808773304098342,1000,25,32,24,common-valid fixed32 images; paired group-bootstrap mean of per-image pixel metrics
cloudsen12__panopticon__frozen__deep_ensemble,cloudsen12__dofa__frozen__deep_ensemble,cloudsen12,Pan_configuration_minus_DOFA_configuration,expected_entropy,risk_at_1,-0.027463951889349497,-0.05967486383414254,-0.004554186147876369,1000,32,32,30,common-valid fixed32 images; paired group-bootstrap mean of per-image pixel metrics
cloudsen12__panopticon__frozen__deep_ensemble,cloudsen12__dofa__frozen__deep_ensemble,cloudsen12,Pan_configuration_minus_DOFA_configuration,expected_entropy,risk_at_0.9,-0.027868984507865638,-0.061860116190293316,-0.003805557090556376,1000,32,32,30,common-valid fixed32 images; paired group-bootstrap mean of per-image pixel metrics
cloudsen12__panopticon__frozen__deep_ensemble,cloudsen12__dofa__frozen__deep_ensemble,cloudsen12,Pan_configuration_minus_DOFA_configuration,expected_entropy,risk_at_0.8,-0.027826581682477685,-0.06347717325337394,-0.0031660636809512904,1000,32,32,30,common-valid fixed32 images; paired group-bootstrap mean of per-image pixel metrics
cloudsen12__panopticon__frozen__deep_ensemble,cloudsen12__dofa__frozen__deep_ensemble,cloudsen12,Pan_configuration_minus_DOFA_configuration,expected_entropy,risk_at_0.5,-0.032518036511479595,-0.0766869490361669,-0.0031610980431133503,1000,32,32,30,common-valid fixed32 images; paired group-bootstrap mean of per-image pixel metrics
cloudsen12__panopticon__frozen__deep_ensemble,cloudsen12__dofa__frozen__deep_ensemble,cloudsen12,Pan_configuration_minus_DOFA_configuration,gini_disagreement,base_risk,-0.027463951889349497,-0.05967486383414254,-0.004554186147876369,1000,32,32,30,common-valid fixed32 images; paired group-bootstrap mean of per-image pixel metrics
cloudsen12__panopticon__frozen__deep_ensemble,cloudsen12__dofa__frozen__deep_ensemble,cloudsen12,Pan_configuration_minus_DOFA_configuration,gini_disagreement,aurc,-0.030773673502499314,-0.06963046819400286,-0.004027210324074612,1000,32,32,30,common-valid fixed32 images; paired group-bootstrap mean of per-image pixel metrics
cloudsen12__panopticon__frozen__deep_ensemble,cloudsen12__dofa__frozen__deep_ensemble,cloudsen12,Pan_configuration_minus_DOFA_configuration,gini_disagreement,auroc,0.018007910962588806,0.0005098785660733392,0.03616913789816566,1000,25,32,24,common-valid fixed32 images; paired group-bootstrap mean of per-image pixel metrics
cloudsen12__panopticon__frozen__deep_ensemble,cloudsen12__dofa__frozen__deep_ensemble,cloudsen12,Pan_configuration_minus_DOFA_configuration,gini_disagreement,average_precision,-0.03183141734903057,-0.08403448157997497,0.016000251767578078,1000,25,32,24,common-valid fixed32 images; paired group-bootstrap mean of per-image pixel metrics
cloudsen12__panopticon__frozen__deep_ensemble,cloudsen12__dofa__frozen__deep_ensemble,cloudsen12,Pan_configuration_minus_DOFA_configuration,gini_disagreement,risk_at_1,-0.027463951889349497,-0.05967486383414254,-0.004554186147876369,1000,32,32,30,common-valid fixed32 images; paired group-bootstrap mean of per-image pixel metrics
cloudsen12__panopticon__frozen__deep_ensemble,cloudsen12__dofa__frozen__deep_ensemble,cloudsen12,Pan_configuration_minus_DOFA_configuration,gini_disagreement,risk_at_0.9,-0.027731966810161567,-0.05964674239151307,-0.003673406414974861,1000,32,32,30,common-valid fixed32 images; paired group-bootstrap mean of per-image pixel metrics
cloudsen12__panopticon__frozen__deep_ensemble,cloudsen12__dofa__frozen__deep_ensemble,cloudsen12,Pan_configuration_minus_DOFA_configuration,gini_disagreement,risk_at_0.8,-0.028371694136639022,-0.0607045802270631,-0.003603876853475772,1000,32,32,30,common-valid fixed32 images; paired group-bootstrap mean of per-image pixel metrics
cloudsen12__panopticon__frozen__deep_ensemble,cloudsen12__dofa__frozen__deep_ensemble,cloudsen12,Pan_configuration_minus_DOFA_configuration,gini_disagreement,risk_at_0.5,-0.028400031887755108,-0.06546172916105594,-0.0018374780998159338,1000,32,32,30,common-valid fixed32 images; paired group-bootstrap mean of per-image pixel metrics
cloudsen12__panopticon__frozen__deep_ensemble,cloudsen12__dofa__frozen__deep_ensemble,cloudsen12,Pan_configuration_minus_DOFA_configuration,gini_expected,base_risk,-0.027463951889349497,-0.05967486383414254,-0.004554186147876369,1000,32,32,30,common-valid fixed32 images; paired group-bootstrap mean of per-image pixel metrics
cloudsen12__panopticon__frozen__deep_ensemble,cloudsen12__dofa__frozen__deep_ensemble,cloudsen12,Pan_configuration_minus_DOFA_configuration,gini_expected,aurc,-0.030817833035980697,-0.07170804425215833,-0.0029974879217170747,1000,32,32,30,common-valid fixed32 images; paired group-bootstrap mean of per-image pixel metrics
cloudsen12__panopticon__frozen__deep_ensemble,cloudsen12__dofa__frozen__deep_ensemble,cloudsen12,Pan_configuration_minus_DOFA_configuration,gini_expected,auroc,0.016494535665103324,-0.0009430086242664077,0.037331137061404056,1000,25,32,24,common-valid fixed32 images; paired group-bootstrap mean of per-image pixel metrics
cloudsen12__panopticon__frozen__deep_ensemble,cloudsen12__dofa__frozen__deep_ensemble,cloudsen12,Pan_configuration_minus_DOFA_configuration,gini_expected,average_precision,-0.02599080330442338,-0.06125374324061349,0.006028003053087446,1000,25,32,24,common-valid fixed32 images; paired group-bootstrap mean of per-image pixel metrics
cloudsen12__panopticon__frozen__deep_ensemble,cloudsen12__dofa__frozen__deep_ensemble,cloudsen12,Pan_configuration_minus_DOFA_configuration,gini_expected,risk_at_1,-0.027463951889349497,-0.05967486383414254,-0.004554186147876369,1000,32,32,30,common-valid fixed32 images; paired group-bootstrap mean of per-image pixel metrics
cloudsen12__panopticon__frozen__deep_ensemble,cloudsen12__dofa__frozen__deep_ensemble,cloudsen12,Pan_configuration_minus_DOFA_configuration,gini_expected,risk_at_0.9,-0.027982612315759627,-0.06156352577993562,-0.004404096640283712,1000,32,32,30,common-valid fixed32 images; paired group-bootstrap mean of per-image pixel metrics
cloudsen12__panopticon__frozen__deep_ensemble,cloudsen12__dofa__frozen__deep_ensemble,cloudsen12,Pan_configuration_minus_DOFA_configuration,gini_expected,risk_at_0.8,-0.027555816027582905,-0.06199617266576488,-0.003326027232626006,1000,32,32,30,common-valid fixed32 images; paired group-bootstrap mean of per-image pixel metrics
cloudsen12__panopticon__frozen__deep_ensemble,cloudsen12__dofa__frozen__deep_ensemble,cloudsen12,Pan_configuration_minus_DOFA_configuration,gini_expected,risk_at_0.5,-0.031208894690688778,-0.07624118820227872,-0.0019283497090242408,1000,32,32,30,common-valid fixed32 images; paired group-bootstrap mean of per-image pixel metrics
cloudsen12__panopticon__frozen__deep_ensemble,cloudsen12__dofa__frozen__deep_ensemble,cloudsen12,Pan_configuration_minus_DOFA_configuration,gini_total,base_risk,-0.027463951889349497,-0.05967486383414254,-0.004554186147876369,1000,32,32,30,common-valid fixed32 images; paired group-bootstrap mean of per-image pixel metrics
cloudsen12__panopticon__frozen__deep_ensemble,cloudsen12__dofa__frozen__deep_ensemble,cloudsen12,Pan_configuration_minus_DOFA_configuration,gini_total,aurc,-0.0297115224691605,-0.06984146571122794,-0.002772327119599307,1000,32,32,30,common-valid fixed32 images; paired group-bootstrap mean of per-image pixel metrics
cloudsen12__panopticon__frozen__deep_ensemble,cloudsen12__dofa__frozen__deep_ensemble,cloudsen12,Pan_configuration_minus_DOFA_configuration,gini_total,auroc,0.014284380812913198,0.0018646517705086106,0.027485600947755092,1000,25,32,24,common-valid fixed32 images; paired group-bootstrap mean of per-image pixel metrics
cloudsen12__panopticon__frozen__deep_ensemble,cloudsen12__dofa__frozen__deep_ensemble,cloudsen12,Pan_configuration_minus_DOFA_configuration,gini_total,average_precision,-0.029714715808035752,-0.06783929942857889,0.005911502163361047,1000,25,32,24,common-valid fixed32 images; paired group-bootstrap mean of per-image pixel metrics
cloudsen12__panopticon__frozen__deep_ensemble,cloudsen12__dofa__frozen__deep_ensemble,cloudsen12,Pan_configuration_minus_DOFA_configuration,gini_total,risk_at_1,-0.027463951889349497,-0.05967486383414254,-0.004554186147876369,1000,32,32,30,common-valid fixed32 images; paired group-bootstrap mean of per-image pixel metrics
cloudsen12__panopticon__frozen__deep_ensemble,cloudsen12__dofa__frozen__deep_ensemble,cloudsen12,Pan_configuration_minus_DOFA_configuration,gini_total,risk_at_0.9,-0.027933341305272114,-0.061917666302071905,-0.0035899109880694643,1000,32,32,30,common-valid fixed32 images; paired group-bootstrap mean of per-image pixel metrics
cloudsen12__panopticon__frozen__deep_ensemble,cloudsen12__dofa__frozen__deep_ensemble,cloudsen12,Pan_configuration_minus_DOFA_configuration,gini_total,risk_at_0.8,-0.027478276466836742,-0.06275816625478318,-0.002784622125653439,1000,32,32,30,common-valid fixed32 images; paired group-bootstrap mean of per-image pixel metrics
cloudsen12__panopticon__frozen__deep_ensemble,cloudsen12__dofa__frozen__deep_ensemble,cloudsen12,Pan_configuration_minus_DOFA_configuration,gini_total,risk_at_0.5,-0.028280452806122458,-0.06719926503867678,-0.0010515845187506862,1000,32,32,30,common-valid fixed32 images; paired group-bootstrap mean of per-image pixel metrics
cloudsen12__panopticon__frozen__deep_ensemble,cloudsen12__dofa__frozen__deep_ensemble,cloudsen12,Pan_configuration_minus_DOFA_configuration,msp,base_risk,-0.027463951889349497,-0.05967486383414254,-0.004554186147876369,1000,32,32,30,common-valid fixed32 images; paired group-bootstrap mean of per-image pixel metrics
cloudsen12__panopticon__frozen__deep_ensemble,cloudsen12__dofa__frozen__deep_ensemble,cloudsen12,Pan_configuration_minus_DOFA_configuration,msp,aurc,-0.029734999407977025,-0.06976390368250107,-0.0028237993836935367,1000,32,32,30,common-valid fixed32 images; paired group-bootstrap mean of per-image pixel metrics
cloudsen12__panopticon__frozen__deep_ensemble,cloudsen12__dofa__frozen__deep_ensemble,cloudsen12,Pan_configuration_minus_DOFA_configuration,msp,auroc,0.015466983342872371,0.0026969140309491112,0.02916149168997987,1000,25,32,24,common-valid fixed32 images; paired group-bootstrap mean of per-image pixel metrics
cloudsen12__panopticon__frozen__deep_ensemble,cloudsen12__dofa__frozen__deep_ensemble,cloudsen12,Pan_configuration_minus_DOFA_configuration,msp,average_precision,-0.028849030110437827,-0.06497673434464553,0.004930989107707597,1000,25,32,24,common-valid fixed32 images; paired group-bootstrap mean of per-image pixel metrics
cloudsen12__panopticon__frozen__deep_ensemble,cloudsen12__dofa__frozen__deep_ensemble,cloudsen12,Pan_configuration_minus_DOFA_configuration,msp,risk_at_1,-0.027463951889349497,-0.05967486383414254,-0.004554186147876369,1000,32,32,30,common-valid fixed32 images; paired group-bootstrap mean of per-image pixel metrics
cloudsen12__panopticon__frozen__deep_ensemble,cloudsen12__dofa__frozen__deep_ensemble,cloudsen12,Pan_configuration_minus_DOFA_configuration,msp,risk_at_0.9,-0.028270764686082774,-0.06222797544757152,-0.003532163071423608,1000,32,32,30,common-valid fixed32 images; paired group-bootstrap mean of per-image pixel metrics
cloudsen12__panopticon__frozen__deep_ensemble,cloudsen12__dofa__frozen__deep_ensemble,cloudsen12,Pan_configuration_minus_DOFA_configuration,msp,risk_at_0.8,-0.028068386778539532,-0.0635226141080172,-0.0032498521869685376,1000,32,32,30,common-valid fixed32 images; paired group-bootstrap mean of per-image pixel metrics
cloudsen12__panopticon__frozen__deep_ensemble,cloudsen12__dofa__frozen__deep_ensemble,cloudsen12,Pan_configuration_minus_DOFA_configuration,msp,risk_at_0.5,-0.028008908641581634,-0.06652303247407833,-0.0010789880582914991,1000,32,32,30,common-valid fixed32 images; paired group-bootstrap mean of per-image pixel metrics
cloudsen12__panopticon__frozen__deep_ensemble,cloudsen12__dofa__frozen__deep_ensemble,cloudsen12,Pan_configuration_minus_DOFA_configuration,mutual_information,base_risk,-0.027463951889349497,-0.05967486383414254,-0.004554186147876369,1000,32,32,30,common-valid fixed32 images; paired group-bootstrap mean of per-image pixel metrics
cloudsen12__panopticon__frozen__deep_ensemble,cloudsen12__dofa__frozen__deep_ensemble,cloudsen12,Pan_configuration_minus_DOFA_configuration,mutual_information,aurc,-0.03147576522281761,-0.06957758246858163,-0.0034882843372014078,1000,32,32,30,common-valid fixed32 images; paired group-bootstrap mean of per-image pixel metrics
cloudsen12__panopticon__frozen__deep_ensemble,cloudsen12__dofa__frozen__deep_ensemble,cloudsen12,Pan_configuration_minus_DOFA_configuration,mutual_information,auroc,0.0170881130945356,-0.011228467200504839,0.04453329274012937,1000,25,32,24,common-valid fixed32 images; paired group-bootstrap mean of per-image pixel metrics
cloudsen12__panopticon__frozen__deep_ensemble,cloudsen12__dofa__frozen__deep_ensemble,cloudsen12,Pan_configuration_minus_DOFA_configuration,mutual_information,average_precision,-0.03405395384812839,-0.08819904608580581,0.014529638659375739,1000,25,32,24,common-valid fixed32 images; paired group-bootstrap mean of per-image pixel metrics
cloudsen12__panopticon__frozen__deep_ensemble,cloudsen12__dofa__frozen__deep_ensemble,cloudsen12,Pan_configuration_minus_DOFA_configuration,mutual_information,risk_at_1,-0.027463951889349497,-0.05967486383414254,-0.004554186147876369,1000,32,32,30,common-valid fixed32 images; paired group-bootstrap mean of per-image pixel metrics
cloudsen12__panopticon__frozen__deep_ensemble,cloudsen12__dofa__frozen__deep_ensemble,cloudsen12,Pan_configuration_minus_DOFA_configuration,mutual_information,risk_at_0.9,-0.026824051560728458,-0.05888265889195479,-0.002751215363497555,1000,32,32,30,common-valid fixed32 images; paired group-bootstrap mean of per-image pixel metrics
cloudsen12__panopticon__frozen__deep_ensemble,cloudsen12__dofa__frozen__deep_ensemble,cloudsen12,Pan_configuration_minus_DOFA_configuration,mutual_information,risk_at_0.8,-0.028191702706473202,-0.06074555467978521,-0.0024090575418478353,1000,32,32,30,common-valid fixed32 images; paired group-bootstrap mean of per-image pixel metrics
cloudsen12__panopticon__frozen__deep_ensemble,cloudsen12__dofa__frozen__deep_ensemble,cloudsen12,Pan_configuration_minus_DOFA_configuration,mutual_information,risk_at_0.5,-0.02767010124362245,-0.0636033829541714,-0.00020039139647794554,1000,32,32,30,common-valid fixed32 images; paired group-bootstrap mean of per-image pixel metrics
cloudsen12__panopticon__frozen__deep_ensemble,cloudsen12__dofa__frozen__deep_ensemble,cloudsen12,Pan_configuration_minus_DOFA_configuration,negative_margin,base_risk,-0.027463951889349497,-0.05967486383414254,-0.004554186147876369,1000,32,32,30,common-valid fixed32 images; paired group-bootstrap mean of per-image pixel metrics
cloudsen12__panopticon__frozen__deep_ensemble,cloudsen12__dofa__frozen__deep_ensemble,cloudsen12,Pan_configuration_minus_DOFA_configuration,negative_margin,aurc,-0.029928285987025717,-0.06966489682788117,-0.00297102841444901,1000,32,32,30,common-valid fixed32 images; paired group-bootstrap mean of per-image pixel metrics
cloudsen12__panopticon__frozen__deep_ensemble,cloudsen12__dofa__frozen__deep_ensemble,cloudsen12,Pan_configuration_minus_DOFA_configuration,negative_margin,auroc,0.016570255692427274,0.0041160813306193545,0.030767833233605758,1000,25,32,24,common-valid fixed32 images; paired group-bootstrap mean of per-image pixel metrics
cloudsen12__panopticon__frozen__deep_ensemble,cloudsen12__dofa__frozen__deep_ensemble,cloudsen12,Pan_configuration_minus_DOFA_configuration,negative_margin,average_precision,-0.026806286970699943,-0.06065431428666035,0.003134016854516707,1000,25,32,24,common-valid fixed32 images; paired group-bootstrap mean of per-image pixel metrics
cloudsen12__panopticon__frozen__deep_ensemble,cloudsen12__dofa__frozen__deep_ensemble,cloudsen12,Pan_configuration_minus_DOFA_configuration,negative_margin,risk_at_1,-0.027463951889349497,-0.05967486383414254,-0.004554186147876369,1000,32,32,30,common-valid fixed32 images; paired group-bootstrap mean of per-image pixel metrics
cloudsen12__panopticon__frozen__deep_ensemble,cloudsen12__dofa__frozen__deep_ensemble,cloudsen12,Pan_configuration_minus_DOFA_configuration,negative_margin,risk_at_0.9,-0.028183571605725627,-0.06204770265470151,-0.00345442722173505,1000,32,32,30,common-valid fixed32 images; paired group-bootstrap mean of per-image pixel metrics
cloudsen12__panopticon__frozen__deep_ensemble,cloudsen12__dofa__frozen__deep_ensemble,cloudsen12,Pan_configuration_minus_DOFA_configuration,negative_margin,risk_at_0.8,-0.028008597237723223,-0.06287865543930526,-0.0033948418234481382,1000,32,32,30,common-valid fixed32 images; paired group-bootstrap mean of per-image pixel metrics
cloudsen12__panopticon__frozen__deep_ensemble,cloudsen12__dofa__frozen__deep_ensemble,cloudsen12,Pan_configuration_minus_DOFA_configuration,negative_margin,risk_at_0.5,-0.027935417330994892,-0.06592517797762434,-0.0013738458806818099,1000,32,32,30,common-valid fixed32 images; paired group-bootstrap mean of per-image pixel metrics
cloudsen12__panopticon__full_finetune__deep_ensemble,cloudsen12__panopticon__full_finetune__deterministic__42,cloudsen12,DE_minus_D42,entropy,base_risk,-0.014052410514987252,-0.03340780774255268,-0.0027086018103372935,1000,32,32,30,common-valid fixed32 images; paired group-bootstrap mean of per-image pixel metrics
cloudsen12__panopticon__full_finetune__deep_ensemble,cloudsen12__panopticon__full_finetune__deterministic__42,cloudsen12,DE_minus_D42,entropy,aurc,-0.017492556356967677,-0.04679495255854439,-0.000937196027765591,1000,32,32,30,common-valid fixed32 images; paired group-bootstrap mean of per-image pixel metrics
cloudsen12__panopticon__full_finetune__deep_ensemble,cloudsen12__panopticon__full_finetune__deterministic__42,cloudsen12,DE_minus_D42,entropy,auroc,0.016547075506075412,0.0013395783346123171,0.03976401739386072,1000,25,32,24,common-valid fixed32 images; paired group-bootstrap mean of per-image pixel metrics
cloudsen12__panopticon__full_finetune__deep_ensemble,cloudsen12__panopticon__full_finetune__deterministic__42,cloudsen12,DE_minus_D42,entropy,average_precision,-0.006058424224199126,-0.0225030703972319,0.011700232944146844,1000,25,32,24,common-valid fixed32 images; paired group-bootstrap mean of per-image pixel metrics
cloudsen12__panopticon__full_finetune__deep_ensemble,cloudsen12__panopticon__full_finetune__deterministic__42,cloudsen12,DE_minus_D42,entropy,risk_at_1,-0.014052410514987252,-0.03340780774255268,-0.0027086018103372935,1000,32,32,30,common-valid fixed32 images; paired group-bootstrap mean of per-image pixel metrics
cloudsen12__panopticon__full_finetune__deep_ensemble,cloudsen12__panopticon__full_finetune__deterministic__42,cloudsen12,DE_minus_D42,entropy,risk_at_0.9,-0.01612753662662982,-0.03858849332428706,-0.003026017258178108,1000,32,32,30,common-valid fixed32 images; paired group-bootstrap mean of per-image pixel metrics
cloudsen12__panopticon__full_finetune__deep_ensemble,cloudsen12__panopticon__full_finetune__deterministic__42,cloudsen12,DE_minus_D42,entropy,risk_at_0.8,-0.017318881287866714,-0.044141946909379004,-0.0017979018542231386,1000,32,32,30,common-valid fixed32 images; paired group-bootstrap mean of per-image pixel metrics
cloudsen12__panopticon__full_finetune__deep_ensemble,cloudsen12__panopticon__full_finetune__deterministic__42,cloudsen12,DE_minus_D42,entropy,risk_at_0.5,-0.017401247608418362,-0.04367732034850229,-0.000962834478549473,1000,32,32,30,common-valid fixed32 images; paired group-bootstrap mean of per-image pixel metrics
cloudsen12__panopticon__full_finetune__deep_ensemble,cloudsen12__panopticon__full_finetune__deterministic__42,cloudsen12,DE_minus_D42,gini_total,base_risk,-0.014052410514987252,-0.03340780774255268,-0.0027086018103372935,1000,32,32,30,common-valid fixed32 images; paired group-bootstrap mean of per-image pixel metrics
cloudsen12__panopticon__full_finetune__deep_ensemble,cloudsen12__panopticon__full_finetune__deterministic__42,cloudsen12,DE_minus_D42,gini_total,aurc,-0.016594873524945406,-0.043877888136071866,-0.0009877014096913584,1000,32,32,30,common-valid fixed32 images; paired group-bootstrap mean of per-image pixel metrics
cloudsen12__panopticon__full_finetune__deep_ensemble,cloudsen12__panopticon__full_finetune__deterministic__42,cloudsen12,DE_minus_D42,gini_total,auroc,0.014309893611836938,0.002189779114143056,0.03081651419111781,1000,25,32,24,common-valid fixed32 images; paired group-bootstrap mean of per-image pixel metrics
cloudsen12__panopticon__full_finetune__deep_ensemble,cloudsen12__panopticon__full_finetune__deterministic__42,cloudsen12,DE_minus_D42,gini_total,average_precision,-0.008133068705785354,-0.027468315239907896,0.012194906756177503,1000,25,32,24,common-valid fixed32 images; paired group-bootstrap mean of per-image pixel metrics
cloudsen12__panopticon__full_finetune__deep_ensemble,cloudsen12__panopticon__full_finetune__deterministic__42,cloudsen12,DE_minus_D42,gini_total,risk_at_1,-0.014052410514987252,-0.03340780774255268,-0.0027086018103372935,1000,32,32,30,common-valid fixed32 images; paired group-bootstrap mean of per-image pixel metrics
cloudsen12__panopticon__full_finetune__deep_ensemble,cloudsen12__panopticon__full_finetune__deterministic__42,cloudsen12,DE_minus_D42,gini_total,risk_at_0.9,-0.01609778025793652,-0.0386592875675661,-0.0030152132467570485,1000,32,32,30,common-valid fixed32 images; paired group-bootstrap mean of per-image pixel metrics
cloudsen12__panopticon__full_finetune__deep_ensemble,cloudsen12__panopticon__full_finetune__deterministic__42,cloudsen12,DE_minus_D42,gini_total,risk_at_0.8,-0.01591538409797513,-0.040097142905457635,-0.0015804231085744806,1000,32,32,30,common-valid fixed32 images; paired group-bootstrap mean of per-image pixel metrics
cloudsen12__panopticon__full_finetune__deep_ensemble,cloudsen12__panopticon__full_finetune__deterministic__42,cloudsen12,DE_minus_D42,gini_total,risk_at_0.5,-0.0162540357940051,-0.039206783032815405,-0.0008802245263339723,1000,32,32,30,common-valid fixed32 images; paired group-bootstrap mean of per-image pixel metrics
cloudsen12__panopticon__full_finetune__deep_ensemble,cloudsen12__panopticon__full_finetune__deterministic__42,cloudsen12,DE_minus_D42,msp,base_risk,-0.014052410514987252,-0.03340780774255268,-0.0027086018103372935,1000,32,32,30,common-valid fixed32 images; paired group-bootstrap mean of per-image pixel metrics
cloudsen12__panopticon__full_finetune__deep_ensemble,cloudsen12__panopticon__full_finetune__deterministic__42,cloudsen12,DE_minus_D42,msp,aurc,-0.016102951543998482,-0.04236939598218627,-0.0010716165137850324,1000,32,32,30,common-valid fixed32 images; paired group-bootstrap mean of per-image pixel metrics
cloudsen12__panopticon__full_finetune__deep_ensemble,cloudsen12__panopticon__full_finetune__deterministic__42,cloudsen12,DE_minus_D42,msp,auroc,0.012747128986901468,0.002164850804243463,0.025835930741093884,1000,25,32,24,common-valid fixed32 images; paired group-bootstrap mean of per-image pixel metrics
cloudsen12__panopticon__full_finetune__deep_ensemble,cloudsen12__panopticon__full_finetune__deterministic__42,cloudsen12,DE_minus_D42,msp,average_precision,-0.008310844030751297,-0.029546290740335993,0.013393751287505572,1000,25,32,24,common-valid fixed32 images; paired group-bootstrap mean of per-image pixel metrics
cloudsen12__panopticon__full_finetune__deep_ensemble,cloudsen12__panopticon__full_finetune__deterministic__42,cloudsen12,DE_minus_D42,msp,risk_at_1,-0.014052410514987252,-0.03340780774255268,-0.0027086018103372935,1000,32,32,30,common-valid fixed32 images; paired group-bootstrap mean of per-image pixel metrics
cloudsen12__panopticon__full_finetune__deep_ensemble,cloudsen12__panopticon__full_finetune__deterministic__42,cloudsen12,DE_minus_D42,msp,risk_at_0.9,-0.01518086889703799,-0.03605923435349862,-0.0028503271179052487,1000,32,32,30,common-valid fixed32 images; paired group-bootstrap mean of per-image pixel metrics
cloudsen12__panopticon__full_finetune__deep_ensemble,cloudsen12__panopticon__full_finetune__deterministic__42,cloudsen12,DE_minus_D42,msp,risk_at_0.8,-0.014667121731505113,-0.03604708691032566,-0.0016966453440396228,1000,32,32,30,common-valid fixed32 images; paired group-bootstrap mean of per-image pixel metrics
cloudsen12__panopticon__full_finetune__deep_ensemble,cloudsen12__panopticon__full_finetune__deterministic__42,cloudsen12,DE_minus_D42,msp,risk_at_0.5,-0.015556491151147964,-0.03744329052643785,-0.0008796930637489377,1000,32,32,30,common-valid fixed32 images; paired group-bootstrap mean of per-image pixel metrics
cloudsen12__panopticon__full_finetune__deep_ensemble,cloudsen12__panopticon__full_finetune__deterministic__42,cloudsen12,DE_minus_D42,negative_margin,base_risk,-0.014052410514987252,-0.03340780774255268,-0.0027086018103372935,1000,32,32,30,common-valid fixed32 images; paired group-bootstrap mean of per-image pixel metrics
cloudsen12__panopticon__full_finetune__deep_ensemble,cloudsen12__panopticon__full_finetune__deterministic__42,cloudsen12,DE_minus_D42,negative_margin,aurc,-0.015269754800388237,-0.040166230328081295,-0.0010020362977435349,1000,32,32,30,common-valid fixed32 images; paired group-bootstrap mean of per-image pixel metrics
cloudsen12__panopticon__full_finetune__deep_ensemble,cloudsen12__panopticon__full_finetune__deterministic__42,cloudsen12,DE_minus_D42,negative_margin,auroc,0.010310042857758755,0.0010541493574453156,0.020053735274839165,1000,25,32,24,common-valid fixed32 images; paired group-bootstrap mean of per-image pixel metrics
cloudsen12__panopticon__full_finetune__deep_ensemble,cloudsen12__panopticon__full_finetune__deterministic__42,cloudsen12,DE_minus_D42,negative_margin,average_precision,-0.013195695935081662,-0.03788120456123563,0.009324273361024248,1000,25,32,24,common-valid fixed32 images; paired group-bootstrap mean of per-image pixel metrics
cloudsen12__panopticon__full_finetune__deep_ensemble,cloudsen12__panopticon__full_finetune__deterministic__42,cloudsen12,DE_minus_D42,negative_margin,risk_at_1,-0.014052410514987252,-0.03340780774255268,-0.0027086018103372935,1000,32,32,30,common-valid fixed32 images; paired group-bootstrap mean of per-image pixel metrics
cloudsen12__panopticon__full_finetune__deep_ensemble,cloudsen12__panopticon__full_finetune__deterministic__42,cloudsen12,DE_minus_D42,negative_margin,risk_at_0.9,-0.014613837071286844,-0.03465243840337925,-0.0027263175038007596,1000,32,32,30,common-valid fixed32 images; paired group-bootstrap mean of per-image pixel metrics
cloudsen12__panopticon__full_finetune__deep_ensemble,cloudsen12__panopticon__full_finetune__deterministic__42,cloudsen12,DE_minus_D42,negative_margin,risk_at_0.8,-0.013987794214365447,-0.03420382271449952,-0.0015385067436523869,1000,32,32,30,common-valid fixed32 images; paired group-bootstrap mean of per-image pixel metrics
cloudsen12__panopticon__full_finetune__deep_ensemble,cloudsen12__panopticon__full_finetune__deterministic__42,cloudsen12,DE_minus_D42,negative_margin,risk_at_0.5,-0.014521384725765306,-0.034983736037028444,-0.0008202910700570451,1000,32,32,30,common-valid fixed32 images; paired group-bootstrap mean of per-image pixel metrics
cloudsen12__panopticon__full_finetune__deep_ensemble,cloudsen12__panopticon__frozen__deep_ensemble,cloudsen12,full_recipe_minus_frozen_recipe,entropy,base_risk,-0.015428815569196425,-0.02525037536321347,-0.006786016447909801,1000,32,32,30,common-valid fixed32 images; paired group-bootstrap mean of per-image pixel metrics
cloudsen12__panopticon__full_finetune__deep_ensemble,cloudsen12__panopticon__frozen__deep_ensemble,cloudsen12,full_recipe_minus_frozen_recipe,entropy,aurc,-0.009430685399338013,-0.019556991919008396,0.00013805697465257537,1000,32,32,30,common-valid fixed32 images; paired group-bootstrap mean of per-image pixel metrics
cloudsen12__panopticon__full_finetune__deep_ensemble,cloudsen12__panopticon__frozen__deep_ensemble,cloudsen12,full_recipe_minus_frozen_recipe,entropy,auroc,0.023198522445144528,0.006634865083718897,0.04499993170255793,1000,25,32,24,common-valid fixed32 images; paired group-bootstrap mean of per-image pixel metrics
cloudsen12__panopticon__full_finetune__deep_ensemble,cloudsen12__panopticon__frozen__deep_ensemble,cloudsen12,full_recipe_minus_frozen_recipe,entropy,average_precision,0.010851063924881893,-0.01542463311333368,0.03876134706349672,1000,25,32,24,common-valid fixed32 images; paired group-bootstrap mean of per-image pixel metrics
cloudsen12__panopticon__full_finetune__deep_ensemble,cloudsen12__panopticon__frozen__deep_ensemble,cloudsen12,full_recipe_minus_frozen_recipe,entropy,risk_at_1,-0.015428815569196425,-0.02525037536321347,-0.006786016447909801,1000,32,32,30,common-valid fixed32 images; paired group-bootstrap mean of per-image pixel metrics
cloudsen12__panopticon__full_finetune__deep_ensemble,cloudsen12__panopticon__frozen__deep_ensemble,cloudsen12,full_recipe_minus_frozen_recipe,entropy,risk_at_0.9,-0.01723115190086451,-0.02728699582342406,-0.008129628845353258,1000,32,32,30,common-valid fixed32 images; paired group-bootstrap mean of per-image pixel metrics
cloudsen12__panopticon__full_finetune__deep_ensemble,cloudsen12__panopticon__frozen__deep_ensemble,cloudsen12,full_recipe_minus_frozen_recipe,entropy,risk_at_0.8,-0.017145273636798457,-0.027983650409795065,-0.0072001495512007425,1000,32,32,30,common-valid fixed32 images; paired group-bootstrap mean of per-image pixel metrics
cloudsen12__panopticon__full_finetune__deep_ensemble,cloudsen12__panopticon__frozen__deep_ensemble,cloudsen12,full_recipe_minus_frozen_recipe,entropy,risk_at_0.5,-0.012178382095025512,-0.027222435092988807,-4.972416448943749e-06,1000,32,32,30,common-valid fixed32 images; paired group-bootstrap mean of per-image pixel metrics
cloudsen12__panopticon__full_finetune__deep_ensemble,cloudsen12__panopticon__frozen__deep_ensemble,cloudsen12,full_recipe_minus_frozen_recipe,expected_entropy,base_risk,-0.015428815569196425,-0.02525037536321347,-0.006786016447909801,1000,32,32,30,common-valid fixed32 images; paired group-bootstrap mean of per-image pixel metrics
cloudsen12__panopticon__full_finetune__deep_ensemble,cloudsen12__panopticon__frozen__deep_ensemble,cloudsen12,full_recipe_minus_frozen_recipe,expected_entropy,aurc,-0.006951824766129483,-0.013386418579467905,-0.001073389935722912,1000,32,32,30,common-valid fixed32 images; paired group-bootstrap mean of per-image pixel metrics
cloudsen12__panopticon__full_finetune__deep_ensemble,cloudsen12__panopticon__frozen__deep_ensemble,cloudsen12,full_recipe_minus_frozen_recipe,expected_entropy,auroc,0.017062115639150006,0.00368590501596488,0.035908159788366395,1000,25,32,24,common-valid fixed32 images; paired group-bootstrap mean of per-image pixel metrics
cloudsen12__panopticon__full_finetune__deep_ensemble,cloudsen12__panopticon__frozen__deep_ensemble,cloudsen12,full_recipe_minus_frozen_recipe,expected_entropy,average_precision,0.004021596956301383,-0.02155384628107449,0.030906217076546096,1000,25,32,24,common-valid fixed32 images; paired group-bootstrap mean of per-image pixel metrics
cloudsen12__panopticon__full_finetune__deep_ensemble,cloudsen12__panopticon__frozen__deep_ensemble,cloudsen12,full_recipe_minus_frozen_recipe,expected_entropy,risk_at_1,-0.015428815569196425,-0.02525037536321347,-0.006786016447909801,1000,32,32,30,common-valid fixed32 images; paired group-bootstrap mean of per-image pixel metrics
cloudsen12__panopticon__full_finetune__deep_ensemble,cloudsen12__panopticon__frozen__deep_ensemble,cloudsen12,full_recipe_minus_frozen_recipe,expected_entropy,risk_at_0.9,-0.01705067606469671,-0.026648953642276797,-0.008072216502808567,1000,32,32,30,common-valid fixed32 images; paired group-bootstrap mean of per-image pixel metrics
cloudsen12__panopticon__full_finetune__deep_ensemble,cloudsen12__panopticon__frozen__deep_ensemble,cloudsen12,full_recipe_minus_frozen_recipe,expected_entropy,risk_at_0.8,-0.01621729013871174,-0.026362261823674786,-0.006770739577332947,1000,32,32,30,common-valid fixed32 images; paired group-bootstrap mean of per-image pixel metrics
cloudsen12__panopticon__full_finetune__deep_ensemble,cloudsen12__panopticon__frozen__deep_ensemble,cloudsen12,full_recipe_minus_frozen_recipe,expected_entropy,risk_at_0.5,-0.008846360809948977,-0.016095769362432465,-0.0024848595444037017,1000,32,32,30,common-valid fixed32 images; paired group-bootstrap mean of per-image pixel metrics
cloudsen12__panopticon__full_finetune__deep_ensemble,cloudsen12__panopticon__frozen__deep_ensemble,cloudsen12,full_recipe_minus_frozen_recipe,gini_disagreement,base_risk,-0.015428815569196425,-0.02525037536321347,-0.006786016447909801,1000,32,32,30,common-valid fixed32 images; paired group-bootstrap mean of per-image pixel metrics
cloudsen12__panopticon__full_finetune__deep_ensemble,cloudsen12__panopticon__frozen__deep_ensemble,cloudsen12,full_recipe_minus_frozen_recipe,gini_disagreement,aurc,-0.009391728537308287,-0.02412156679913134,0.004754122109212171,1000,32,32,30,common-valid fixed32 images; paired group-bootstrap mean of per-image pixel metrics
cloudsen12__panopticon__full_finetune__deep_ensemble,cloudsen12__panopticon__frozen__deep_ensemble,cloudsen12,full_recipe_minus_frozen_recipe,gini_disagreement,auroc,0.025102184972619023,-0.0073511783376764206,0.058689646279607606,1000,25,32,24,common-valid fixed32 images; paired group-bootstrap mean of per-image pixel metrics
cloudsen12__panopticon__full_finetune__deep_ensemble,cloudsen12__panopticon__frozen__deep_ensemble,cloudsen12,full_recipe_minus_frozen_recipe,gini_disagreement,average_precision,0.014287926599330134,-0.023499832570584724,0.057509676544962675,1000,25,32,24,common-valid fixed32 images; paired group-bootstrap mean of per-image pixel metrics
cloudsen12__panopticon__full_finetune__deep_ensemble,cloudsen12__panopticon__frozen__deep_ensemble,cloudsen12,full_recipe_minus_frozen_recipe,gini_disagreement,risk_at_1,-0.015428815569196425,-0.02525037536321347,-0.006786016447909801,1000,32,32,30,common-valid fixed32 images; paired group-bootstrap mean of per-image pixel metrics
cloudsen12__panopticon__full_finetune__deep_ensemble,cloudsen12__panopticon__frozen__deep_ensemble,cloudsen12,full_recipe_minus_frozen_recipe,gini_disagreement,risk_at_0.9,-0.01893349299355159,-0.03274705769278002,-0.00704343863721564,1000,32,32,30,common-valid fixed32 images; paired group-bootstrap mean of per-image pixel metrics
cloudsen12__panopticon__full_finetune__deep_ensemble,cloudsen12__panopticon__frozen__deep_ensemble,cloudsen12,full_recipe_minus_frozen_recipe,gini_disagreement,risk_at_0.8,-0.016759911362005754,-0.032446282956542005,-0.0033127183979060593,1000,32,32,30,common-valid fixed32 images; paired group-bootstrap mean of per-image pixel metrics
cloudsen12__panopticon__full_finetune__deep_ensemble,cloudsen12__panopticon__frozen__deep_ensemble,cloudsen12,full_recipe_minus_frozen_recipe,gini_disagreement,risk_at_0.5,-0.010985082509566323,-0.03135268598366766,0.007621494918531943,1000,32,32,30,common-valid fixed32 images; paired group-bootstrap mean of per-image pixel metrics
cloudsen12__panopticon__full_finetune__deep_ensemble,cloudsen12__panopticon__frozen__deep_ensemble,cloudsen12,full_recipe_minus_frozen_recipe,gini_expected,base_risk,-0.015428815569196425,-0.02525037536321347,-0.006786016447909801,1000,32,32,30,common-valid fixed32 images; paired group-bootstrap mean of per-image pixel metrics
cloudsen12__panopticon__full_finetune__deep_ensemble,cloudsen12__panopticon__frozen__deep_ensemble,cloudsen12,full_recipe_minus_frozen_recipe,gini_expected,aurc,-0.006841497046096993,-0.01352018802557136,-0.0006316538615080046,1000,32,32,30,common-valid fixed32 images; paired group-bootstrap mean of per-image pixel metrics
cloudsen12__panopticon__full_finetune__deep_ensemble,cloudsen12__panopticon__frozen__deep_ensemble,cloudsen12,full_recipe_minus_frozen_recipe,gini_expected,auroc,0.017273071613446968,0.003908195390110212,0.03633532618158534,1000,25,32,24,common-valid fixed32 images; paired group-bootstrap mean of per-image pixel metrics
cloudsen12__panopticon__full_finetune__deep_ensemble,cloudsen12__panopticon__frozen__deep_ensemble,cloudsen12,full_recipe_minus_frozen_recipe,gini_expected,average_precision,0.004368462500263384,-0.01993159348244414,0.03122619835253596,1000,25,32,24,common-valid fixed32 images; paired group-bootstrap mean of per-image pixel metrics
cloudsen12__panopticon__full_finetune__deep_ensemble,cloudsen12__panopticon__frozen__deep_ensemble,cloudsen12,full_recipe_minus_frozen_recipe,gini_expected,risk_at_1,-0.015428815569196425,-0.02525037536321347,-0.006786016447909801,1000,32,32,30,common-valid fixed32 images; paired group-bootstrap mean of per-image pixel metrics
cloudsen12__panopticon__full_finetune__deep_ensemble,cloudsen12__panopticon__frozen__deep_ensemble,cloudsen12,full_recipe_minus_frozen_recipe,gini_expected,risk_at_0.9,-0.016996284190759638,-0.02682720549157162,-0.007779406535292059,1000,32,32,30,common-valid fixed32 images; paired group-bootstrap mean of per-image pixel metrics
cloudsen12__panopticon__full_finetune__deep_ensemble,cloudsen12__panopticon__frozen__deep_ensemble,cloudsen12,full_recipe_minus_frozen_recipe,gini_expected,risk_at_0.8,-0.016414253079161348,-0.026946402340232958,-0.00669072271518234,1000,32,32,30,common-valid fixed32 images; paired group-bootstrap mean of per-image pixel metrics
cloudsen12__panopticon__full_finetune__deep_ensemble,cloudsen12__panopticon__frozen__deep_ensemble,cloudsen12,full_recipe_minus_frozen_recipe,gini_expected,risk_at_0.5,-0.008882483657525517,-0.016172871492346943,-0.002666474804143974,1000,32,32,30,common-valid fixed32 images; paired group-bootstrap mean of per-image pixel metrics
cloudsen12__panopticon__full_finetune__deep_ensemble,cloudsen12__panopticon__frozen__deep_ensemble,cloudsen12,full_recipe_minus_frozen_recipe,gini_total,base_risk,-0.015428815569196425,-0.02525037536321347,-0.006786016447909801,1000,32,32,30,common-valid fixed32 images; paired group-bootstrap mean of per-image pixel metrics
cloudsen12__panopticon__full_finetune__deep_ensemble,cloudsen12__panopticon__frozen__deep_ensemble,cloudsen12,full_recipe_minus_frozen_recipe,gini_total,aurc,-0.009314291466378468,-0.020735235175115375,0.0015750917773781393,1000,32,32,30,common-valid fixed32 images; paired group-bootstrap mean of per-image pixel metrics
cloudsen12__panopticon__full_finetune__deep_ensemble,cloudsen12__panopticon__frozen__deep_ensemble,cloudsen12,full_recipe_minus_frozen_recipe,gini_total,auroc,0.022685371613839166,0.002616679537343769,0.04824875003208599,1000,25,32,24,common-valid fixed32 images; paired group-bootstrap mean of per-image pixel metrics
cloudsen12__panopticon__full_finetune__deep_ensemble,cloudsen12__panopticon__frozen__deep_ensemble,cloudsen12,full_recipe_minus_frozen_recipe,gini_total,average_precision,0.011415031241769102,-0.013593111057771804,0.0395373448329881,1000,25,32,24,common-valid fixed32 images; paired group-bootstrap mean of per-image pixel metrics
cloudsen12__panopticon__full_finetune__deep_ensemble,cloudsen12__panopticon__frozen__deep_ensemble,cloudsen12,full_recipe_minus_frozen_recipe,gini_total,risk_at_1,-0.015428815569196425,-0.02525037536321347,-0.006786016447909801,1000,32,32,30,common-valid fixed32 images; paired group-bootstrap mean of per-image pixel metrics
cloudsen12__panopticon__full_finetune__deep_ensemble,cloudsen12__panopticon__frozen__deep_ensemble,cloudsen12,full_recipe_minus_frozen_recipe,gini_total,risk_at_0.9,-0.01718866257440478,-0.02750718166498372,-0.00783929600065835,1000,32,32,30,common-valid fixed32 images; paired group-bootstrap mean of per-image pixel metrics
cloudsen12__panopticon__full_finetune__deep_ensemble,cloudsen12__panopticon__frozen__deep_ensemble,cloudsen12,full_recipe_minus_frozen_recipe,gini_total,risk_at_0.8,-0.016469060158242992,-0.028165527914657082,-0.005874495638987119,1000,32,32,30,common-valid fixed32 images; paired group-bootstrap mean of per-image pixel metrics
cloudsen12__panopticon__full_finetune__deep_ensemble,cloudsen12__panopticon__frozen__deep_ensemble,cloudsen12,full_recipe_minus_frozen_recipe,gini_total,risk_at_0.5,-0.012568259725765316,-0.03120327133972289,0.002491810480335021,1000,32,32,30,common-valid fixed32 images; paired group-bootstrap mean of per-image pixel metrics
cloudsen12__panopticon__full_finetune__deep_ensemble,cloudsen12__panopticon__frozen__deep_ensemble,cloudsen12,full_recipe_minus_frozen_recipe,msp,base_risk,-0.015428815569196425,-0.02525037536321347,-0.006786016447909801,1000,32,32,30,common-valid fixed32 images; paired group-bootstrap mean of per-image pixel metrics
cloudsen12__panopticon__full_finetune__deep_ensemble,cloudsen12__panopticon__frozen__deep_ensemble,cloudsen12,full_recipe_minus_frozen_recipe,msp,aurc,-0.009051695452972687,-0.02091505172412599,0.0023779575030148034,1000,32,32,30,common-valid fixed32 images; paired group-bootstrap mean of per-image pixel metrics
cloudsen12__panopticon__full_finetune__deep_ensemble,cloudsen12__panopticon__frozen__deep_ensemble,cloudsen12,full_recipe_minus_frozen_recipe,msp,auroc,0.02172824109375647,-0.0007331832819564869,0.04775448488911722,1000,25,32,24,common-valid fixed32 images; paired group-bootstrap mean of per-image pixel metrics
cloudsen12__panopticon__full_finetune__deep_ensemble,cloudsen12__panopticon__frozen__deep_ensemble,cloudsen12,full_recipe_minus_frozen_recipe,msp,average_precision,0.013018196585245567,-0.010745018742623466,0.04059874640429001,1000,25,32,24,common-valid fixed32 images; paired group-bootstrap mean of per-image pixel metrics
cloudsen12__panopticon__full_finetune__deep_ensemble,cloudsen12__panopticon__frozen__deep_ensemble,cloudsen12,full_recipe_minus_frozen_recipe,msp,risk_at_1,-0.015428815569196425,-0.02525037536321347,-0.006786016447909801,1000,32,32,30,common-valid fixed32 images; paired group-bootstrap mean of per-image pixel metrics
cloudsen12__panopticon__full_finetune__deep_ensemble,cloudsen12__panopticon__frozen__deep_ensemble,cloudsen12,full_recipe_minus_frozen_recipe,msp,risk_at_0.9,-0.01666993294713719,-0.027324108452762407,-0.007248814035705431,1000,32,32,30,common-valid fixed32 images; paired group-bootstrap mean of per-image pixel metrics
cloudsen12__panopticon__full_finetune__deep_ensemble,cloudsen12__panopticon__frozen__deep_ensemble,cloudsen12,full_recipe_minus_frozen_recipe,msp,risk_at_0.8,-0.01555431132413904,-0.02814795486805637,-0.004437453599303083,1000,32,32,30,common-valid fixed32 images; paired group-bootstrap mean of per-image pixel metrics
cloudsen12__panopticon__full_finetune__deep_ensemble,cloudsen12__panopticon__frozen__deep_ensemble,cloudsen12,full_recipe_minus_frozen_recipe,msp,risk_at_0.5,-0.012225715481505106,-0.031110110781262083,0.003335061993074695,1000,32,32,30,common-valid fixed32 images; paired group-bootstrap mean of per-image pixel metrics
cloudsen12__panopticon__full_finetune__deep_ensemble,cloudsen12__panopticon__frozen__deep_ensemble,cloudsen12,full_recipe_minus_frozen_recipe,mutual_information,base_risk,-0.015428815569196425,-0.02525037536321347,-0.006786016447909801,1000,32,32,30,common-valid fixed32 images; paired group-bootstrap mean of per-image pixel metrics
cloudsen12__panopticon__full_finetune__deep_ensemble,cloudsen12__panopticon__frozen__deep_ensemble,cloudsen12,full_recipe_minus_frozen_recipe,mutual_information,aurc,-0.011878496847159949,-0.02827292966492509,0.0034335369051292147,1000,32,32,30,common-valid fixed32 images; paired group-bootstrap mean of per-image pixel metrics
cloudsen12__panopticon__full_finetune__deep_ensemble,cloudsen12__panopticon__frozen__deep_ensemble,cloudsen12,full_recipe_minus_frozen_recipe,mutual_information,auroc,0.037347218942635846,0.005492503357194332,0.07072736896291852,1000,25,32,24,common-valid fixed32 images; paired group-bootstrap mean of per-image pixel metrics
cloudsen12__panopticon__full_finetune__deep_ensemble,cloudsen12__panopticon__frozen__deep_ensemble,cloudsen12,full_recipe_minus_frozen_recipe,mutual_information,average_precision,0.024030222512784236,-0.013928290399768962,0.06678847938677177,1000,25,32,24,common-valid fixed32 images; paired group-bootstrap mean of per-image pixel metrics
cloudsen12__panopticon__full_finetune__deep_ensemble,cloudsen12__panopticon__frozen__deep_ensemble,cloudsen12,full_recipe_minus_frozen_recipe,mutual_information,risk_at_1,-0.015428815569196425,-0.02525037536321347,-0.006786016447909801,1000,32,32,30,common-valid fixed32 images; paired group-bootstrap mean of per-image pixel metrics
cloudsen12__panopticon__full_finetune__deep_ensemble,cloudsen12__panopticon__frozen__deep_ensemble,cloudsen12,full_recipe_minus_frozen_recipe,mutual_information,risk_at_0.9,-0.020492588311366224,-0.033623278005863816,-0.009318707111540873,1000,32,32,30,common-valid fixed32 images; paired group-bootstrap mean of per-image pixel metrics
cloudsen12__panopticon__full_finetune__deep_ensemble,cloudsen12__panopticon__frozen__deep_ensemble,cloudsen12,full_recipe_minus_frozen_recipe,mutual_information,risk_at_0.8,-0.01930190105827486,-0.03403825320585821,-0.006627081397819842,1000,32,32,30,common-valid fixed32 images; paired group-bootstrap mean of per-image pixel metrics
cloudsen12__panopticon__full_finetune__deep_ensemble,cloudsen12__panopticon__frozen__deep_ensemble,cloudsen12,full_recipe_minus_frozen_recipe,mutual_information,risk_at_0.5,-0.014673349808673453,-0.0351325461392029,0.004501467334980881,1000,32,32,30,common-valid fixed32 images; paired group-bootstrap mean of per-image pixel metrics
cloudsen12__panopticon__full_finetune__deep_ensemble,cloudsen12__panopticon__frozen__deep_ensemble,cloudsen12,full_recipe_minus_frozen_recipe,negative_margin,base_risk,-0.015428815569196425,-0.02525037536321347,-0.006786016447909801,1000,32,32,30,common-valid fixed32 images; paired group-bootstrap mean of per-image pixel metrics
cloudsen12__panopticon__full_finetune__deep_ensemble,cloudsen12__panopticon__frozen__deep_ensemble,cloudsen12,full_recipe_minus_frozen_recipe,negative_margin,aurc,-0.0086719060911437,-0.020648085137603966,0.0031041220524809536,1000,32,32,30,common-valid fixed32 images; paired group-bootstrap mean of per-image pixel metrics
cloudsen12__panopticon__full_finetune__deep_ensemble,cloudsen12__panopticon__frozen__deep_ensemble,cloudsen12,full_recipe_minus_frozen_recipe,negative_margin,auroc,0.020332636854117833,-0.0032076466445296685,0.04614675871157727,1000,25,32,24,common-valid fixed32 images; paired group-bootstrap mean of per-image pixel metrics
cloudsen12__panopticon__full_finetune__deep_ensemble,cloudsen12__panopticon__frozen__deep_ensemble,cloudsen12,full_recipe_minus_frozen_recipe,negative_margin,average_precision,0.00772932608750944,-0.011083587201770868,0.03050401392384059,1000,25,32,24,common-valid fixed32 images; paired group-bootstrap mean of per-image pixel metrics
cloudsen12__panopticon__full_finetune__deep_ensemble,cloudsen12__panopticon__frozen__deep_ensemble,cloudsen12,full_recipe_minus_frozen_recipe,negative_margin,risk_at_1,-0.015428815569196425,-0.02525037536321347,-0.006786016447909801,1000,32,32,30,common-valid fixed32 images; paired group-bootstrap mean of per-image pixel metrics
cloudsen12__panopticon__full_finetune__deep_ensemble,cloudsen12__panopticon__frozen__deep_ensemble,cloudsen12,full_recipe_minus_frozen_recipe,negative_margin,risk_at_0.9,-0.016331125549178,-0.02751949071507352,-0.006674168731620239,1000,32,32,30,common-valid fixed32 images; paired group-bootstrap mean of per-image pixel metrics
cloudsen12__panopticon__full_finetune__deep_ensemble,cloudsen12__panopticon__frozen__deep_ensemble,cloudsen12,full_recipe_minus_frozen_recipe,negative_margin,risk_at_0.8,-0.015273269341916444,-0.028210568742877994,-0.0038611081181740194,1000,32,32,30,common-valid fixed32 images; paired group-bootstrap mean of per-image pixel metrics
cloudsen12__panopticon__full_finetune__deep_ensemble,cloudsen12__panopticon__frozen__deep_ensemble,cloudsen12,full_recipe_minus_frozen_recipe,negative_margin,risk_at_0.5,-0.011629065688775513,-0.030410657515847244,0.004071182633610625,1000,32,32,30,common-valid fixed32 images; paired group-bootstrap mean of per-image pixel metrics
cloudsen12__panopticon__full_finetune__deep_ensemble,cloudsen12__dofa__full_finetune__deep_ensemble,cloudsen12,Pan_configuration_minus_DOFA_configuration,entropy,base_risk,-0.013795813735650512,-0.030931517931879777,0.00033587198281988283,1000,32,32,30,common-valid fixed32 images; paired group-bootstrap mean of per-image pixel metrics
cloudsen12__panopticon__full_finetune__deep_ensemble,cloudsen12__dofa__full_finetune__deep_ensemble,cloudsen12,Pan_configuration_minus_DOFA_configuration,entropy,aurc,-0.018683037201910023,-0.03963795859745729,-0.0021114238912271367,1000,32,32,30,common-valid fixed32 images; paired group-bootstrap mean of per-image pixel metrics
cloudsen12__panopticon__full_finetune__deep_ensemble,cloudsen12__dofa__full_finetune__deep_ensemble,cloudsen12,Pan_configuration_minus_DOFA_configuration,entropy,auroc,0.021690767195444844,0.0040362310473594796,0.04028474238434534,1000,25,32,24,common-valid fixed32 images; paired group-bootstrap mean of per-image pixel metrics
cloudsen12__panopticon__full_finetune__deep_ensemble,cloudsen12__dofa__full_finetune__deep_ensemble,cloudsen12,Pan_configuration_minus_DOFA_configuration,entropy,average_precision,-0.005077104356115986,-0.024499629253974847,0.014659267251397708,1000,25,32,24,common-valid fixed32 images; paired group-bootstrap mean of per-image pixel metrics
cloudsen12__panopticon__full_finetune__deep_ensemble,cloudsen12__dofa__full_finetune__deep_ensemble,cloudsen12,Pan_configuration_minus_DOFA_configuration,entropy,risk_at_1,-0.013795813735650512,-0.030931517931879777,0.00033587198281988283,1000,32,32,30,common-valid fixed32 images; paired group-bootstrap mean of per-image pixel metrics
cloudsen12__panopticon__full_finetune__deep_ensemble,cloudsen12__dofa__full_finetune__deep_ensemble,cloudsen12,Pan_configuration_minus_DOFA_configuration,entropy,risk_at_0.9,-0.01601155598958333,-0.035611442346595884,-8.928904783239174e-05,1000,32,32,30,common-valid fixed32 images; paired group-bootstrap mean of per-image pixel metrics
cloudsen12__panopticon__full_finetune__deep_ensemble,cloudsen12__dofa__full_finetune__deep_ensemble,cloudsen12,Pan_configuration_minus_DOFA_configuration,entropy,risk_at_0.8,-0.020547516491948335,-0.04415334087063388,-0.002005814074897536,1000,32,32,30,common-valid fixed32 images; paired group-bootstrap mean of per-image pixel metrics
cloudsen12__panopticon__full_finetune__deep_ensemble,cloudsen12__dofa__full_finetune__deep_ensemble,cloudsen12,Pan_configuration_minus_DOFA_configuration,entropy,risk_at_0.5,-0.022239217952806124,-0.046339485012755116,-0.003428187819199,1000,32,32,30,common-valid fixed32 images; paired group-bootstrap mean of per-image pixel metrics
cloudsen12__panopticon__full_finetune__deep_ensemble,cloudsen12__dofa__full_finetune__deep_ensemble,cloudsen12,Pan_configuration_minus_DOFA_configuration,expected_entropy,base_risk,-0.013795813735650512,-0.030931517931879777,0.00033587198281988283,1000,32,32,30,common-valid fixed32 images; paired group-bootstrap mean of per-image pixel metrics
cloudsen12__panopticon__full_finetune__deep_ensemble,cloudsen12__dofa__full_finetune__deep_ensemble,cloudsen12,Pan_configuration_minus_DOFA_configuration,expected_entropy,aurc,-0.01754456892210818,-0.03831286200906202,-0.001925598639832537,1000,32,32,30,common-valid fixed32 images; paired group-bootstrap mean of per-image pixel metrics
cloudsen12__panopticon__full_finetune__deep_ensemble,cloudsen12__dofa__full_finetune__deep_ensemble,cloudsen12,Pan_configuration_minus_DOFA_configuration,expected_entropy,auroc,0.019466228730880875,0.0030761110204750243,0.039287477357962015,1000,25,32,24,common-valid fixed32 images; paired group-bootstrap mean of per-image pixel metrics
cloudsen12__panopticon__full_finetune__deep_ensemble,cloudsen12__dofa__full_finetune__deep_ensemble,cloudsen12,Pan_configuration_minus_DOFA_configuration,expected_entropy,average_precision,-0.009200691263682703,-0.028633623361469338,0.010797848676920076,1000,25,32,24,common-valid fixed32 images; paired group-bootstrap mean of per-image pixel metrics
cloudsen12__panopticon__full_finetune__deep_ensemble,cloudsen12__dofa__full_finetune__deep_ensemble,cloudsen12,Pan_configuration_minus_DOFA_configuration,expected_entropy,risk_at_1,-0.013795813735650512,-0.030931517931879777,0.00033587198281988283,1000,32,32,30,common-valid fixed32 images; paired group-bootstrap mean of per-image pixel metrics
cloudsen12__panopticon__full_finetune__deep_ensemble,cloudsen12__dofa__full_finetune__deep_ensemble,cloudsen12,Pan_configuration_minus_DOFA_configuration,expected_entropy,risk_at_0.9,-0.015904294660572565,-0.03609354624237079,0.0005060742414300088,1000,32,32,30,common-valid fixed32 images; paired group-bootstrap mean of per-image pixel metrics
cloudsen12__panopticon__full_finetune__deep_ensemble,cloudsen12__dofa__full_finetune__deep_ensemble,cloudsen12,Pan_configuration_minus_DOFA_configuration,expected_entropy,risk_at_0.8,-0.019949153977997444,-0.04270717933090574,-0.001963652740148788,1000,32,32,30,common-valid fixed32 images; paired group-bootstrap mean of per-image pixel metrics
cloudsen12__panopticon__full_finetune__deep_ensemble,cloudsen12__dofa__full_finetune__deep_ensemble,cloudsen12,Pan_configuration_minus_DOFA_configuration,expected_entropy,risk_at_0.5,-0.02119663783482143,-0.04485321328016293,-0.0028480685487085405,1000,32,32,30,common-valid fixed32 images; paired group-bootstrap mean of per-image pixel metrics
cloudsen12__panopticon__full_finetune__deep_ensemble,cloudsen12__dofa__full_finetune__deep_ensemble,cloudsen12,Pan_configuration_minus_DOFA_configuration,gini_disagreement,base_risk,-0.013795813735650512,-0.030931517931879777,0.00033587198281988283,1000,32,32,30,common-valid fixed32 images; paired group-bootstrap mean of per-image pixel metrics
cloudsen12__panopticon__full_finetune__deep_ensemble,cloudsen12__dofa__full_finetune__deep_ensemble,cloudsen12,Pan_configuration_minus_DOFA_configuration,gini_disagreement,aurc,-0.01714468119850498,-0.03822220665085374,-0.0010796497803738094,1000,32,32,30,common-valid fixed32 images; paired group-bootstrap mean of per-image pixel metrics
cloudsen12__panopticon__full_finetune__deep_ensemble,cloudsen12__dofa__full_finetune__deep_ensemble,cloudsen12,Pan_configuration_minus_DOFA_configuration,gini_disagreement,auroc,0.011867567254761981,-0.00417300203153696,0.03407134697059559,1000,25,32,24,common-valid fixed32 images; paired group-bootstrap mean of per-image pixel metrics
cloudsen12__panopticon__full_finetune__deep_ensemble,cloudsen12__dofa__full_finetune__deep_ensemble,cloudsen12,Pan_configuration_minus_DOFA_configuration,gini_disagreement,average_precision,-0.008254861511338522,-0.04254978557729484,0.020908868803991024,1000,25,32,24,common-valid fixed32 images; paired group-bootstrap mean of per-image pixel metrics
cloudsen12__panopticon__full_finetune__deep_ensemble,cloudsen12__dofa__full_finetune__deep_ensemble,cloudsen12,Pan_configuration_minus_DOFA_configuration,gini_disagreement,risk_at_1,-0.013795813735650512,-0.030931517931879777,0.00033587198281988283,1000,32,32,30,common-valid fixed32 images; paired group-bootstrap mean of per-image pixel metrics
cloudsen12__panopticon__full_finetune__deep_ensemble,cloudsen12__dofa__full_finetune__deep_ensemble,cloudsen12,Pan_configuration_minus_DOFA_configuration,gini_disagreement,risk_at_0.9,-0.014502423690830504,-0.032426804536269546,-0.00019078785977368436,1000,32,32,30,common-valid fixed32 images; paired group-bootstrap mean of per-image pixel metrics
cloudsen12__panopticon__full_finetune__deep_ensemble,cloudsen12__dofa__full_finetune__deep_ensemble,cloudsen12,Pan_configuration_minus_DOFA_configuration,gini_disagreement,risk_at_0.8,-0.014768172283561875,-0.032868359423217385,0.0003251660216643219,1000,32,32,30,common-valid fixed32 images; paired group-bootstrap mean of per-image pixel metrics
cloudsen12__panopticon__full_finetune__deep_ensemble,cloudsen12__dofa__full_finetune__deep_ensemble,cloudsen12,Pan_configuration_minus_DOFA_configuration,gini_disagreement,risk_at_0.5,-0.020111706792091844,-0.04567728470782845,-0.0018830614632216695,1000,32,32,30,common-valid fixed32 images; paired group-bootstrap mean of per-image pixel metrics
cloudsen12__panopticon__full_finetune__deep_ensemble,cloudsen12__dofa__full_finetune__deep_ensemble,cloudsen12,Pan_configuration_minus_DOFA_configuration,gini_expected,base_risk,-0.013795813735650512,-0.030931517931879777,0.00033587198281988283,1000,32,32,30,common-valid fixed32 images; paired group-bootstrap mean of per-image pixel metrics
cloudsen12__panopticon__full_finetune__deep_ensemble,cloudsen12__dofa__full_finetune__deep_ensemble,cloudsen12,Pan_configuration_minus_DOFA_configuration,gini_expected,aurc,-0.01755202755473789,-0.037628382913321,-0.002205554770889325,1000,32,32,30,common-valid fixed32 images; paired group-bootstrap mean of per-image pixel metrics
cloudsen12__panopticon__full_finetune__deep_ensemble,cloudsen12__dofa__full_finetune__deep_ensemble,cloudsen12,Pan_configuration_minus_DOFA_configuration,gini_expected,auroc,0.020469913511795047,0.004617548479979073,0.03976213961264718,1000,25,32,24,common-valid fixed32 images; paired group-bootstrap mean of per-image pixel metrics
cloudsen12__panopticon__full_finetune__deep_ensemble,cloudsen12__dofa__full_finetune__deep_ensemble,cloudsen12,Pan_configuration_minus_DOFA_configuration,gini_expected,average_precision,-0.003540863942136764,-0.02142108805018176,0.015183661938920404,1000,25,32,24,common-valid fixed32 images; paired group-bootstrap mean of per-image pixel metrics
cloudsen12__panopticon__full_finetune__deep_ensemble,cloudsen12__dofa__full_finetune__deep_ensemble,cloudsen12,Pan_configuration_minus_DOFA_configuration,gini_expected,risk_at_1,-0.013795813735650512,-0.030931517931879777,0.00033587198281988283,1000,32,32,30,common-valid fixed32 images; paired group-bootstrap mean of per-image pixel metrics
cloudsen12__panopticon__full_finetune__deep_ensemble,cloudsen12__dofa__full_finetune__deep_ensemble,cloudsen12,Pan_configuration_minus_DOFA_configuration,gini_expected,risk_at_0.9,-0.016383856602536835,-0.03701406259048196,8.96221420670999e-05,1000,32,32,30,common-valid fixed32 images; paired group-bootstrap mean of per-image pixel metrics
cloudsen12__panopticon__full_finetune__deep_ensemble,cloudsen12__dofa__full_finetune__deep_ensemble,cloudsen12,Pan_configuration_minus_DOFA_configuration,gini_expected,risk_at_0.8,-0.019980761469626906,-0.043090507435333,-0.0015120686946653555,1000,32,32,30,common-valid fixed32 images; paired group-bootstrap mean of per-image pixel metrics
cloudsen12__panopticon__full_finetune__deep_ensemble,cloudsen12__dofa__full_finetune__deep_ensemble,cloudsen12,Pan_configuration_minus_DOFA_configuration,gini_expected,risk_at_0.5,-0.020685935507015307,-0.042576563828656454,-0.0030074139030612313,1000,32,32,30,common-valid fixed32 images; paired group-bootstrap mean of per-image pixel metrics
cloudsen12__panopticon__full_finetune__deep_ensemble,cloudsen12__dofa__full_finetune__deep_ensemble,cloudsen12,Pan_configuration_minus_DOFA_configuration,gini_total,base_risk,-0.013795813735650512,-0.030931517931879777,0.00033587198281988283,1000,32,32,30,common-valid fixed32 images; paired group-bootstrap mean of per-image pixel metrics
cloudsen12__panopticon__full_finetune__deep_ensemble,cloudsen12__dofa__full_finetune__deep_ensemble,cloudsen12,Pan_configuration_minus_DOFA_configuration,gini_total,aurc,-0.01842161384653583,-0.03880987774255732,-0.0023760881102944807,1000,32,32,30,common-valid fixed32 images; paired group-bootstrap mean of per-image pixel metrics
cloudsen12__panopticon__full_finetune__deep_ensemble,cloudsen12__dofa__full_finetune__deep_ensemble,cloudsen12,Pan_configuration_minus_DOFA_configuration,gini_total,auroc,0.02127174615450595,0.004851940654578369,0.041604829557084916,1000,25,32,24,common-valid fixed32 images; paired group-bootstrap mean of per-image pixel metrics
cloudsen12__panopticon__full_finetune__deep_ensemble,cloudsen12__dofa__full_finetune__deep_ensemble,cloudsen12,Pan_configuration_minus_DOFA_configuration,gini_total,average_precision,-0.002050543402721068,-0.020670226884576037,0.01674143578987942,1000,25,32,24,common-valid fixed32 images; paired group-bootstrap mean of per-image pixel metrics
cloudsen12__panopticon__full_finetune__deep_ensemble,cloudsen12__dofa__full_finetune__deep_ensemble,cloudsen12,Pan_configuration_minus_DOFA_configuration,gini_total,risk_at_1,-0.013795813735650512,-0.030931517931879777,0.00033587198281988283,1000,32,32,30,common-valid fixed32 images; paired group-bootstrap mean of per-image pixel metrics
cloudsen12__panopticon__full_finetune__deep_ensemble,cloudsen12__dofa__full_finetune__deep_ensemble,cloudsen12,Pan_configuration_minus_DOFA_configuration,gini_total,risk_at_0.9,-0.016573882157029485,-0.03704698410222066,-1.1394864823304349e-05,1000,32,32,30,common-valid fixed32 images; paired group-bootstrap mean of per-image pixel metrics
cloudsen12__panopticon__full_finetune__deep_ensemble,cloudsen12__dofa__full_finetune__deep_ensemble,cloudsen12,Pan_configuration_minus_DOFA_configuration,gini_total,risk_at_0.8,-0.019067413952885828,-0.040842984257912135,-0.0011366796169151195,1000,32,32,30,common-valid fixed32 images; paired group-bootstrap mean of per-image pixel metrics
cloudsen12__panopticon__full_finetune__deep_ensemble,cloudsen12__dofa__full_finetune__deep_ensemble,cloudsen12,Pan_configuration_minus_DOFA_configuration,gini_total,risk_at_0.5,-0.02214330556441327,-0.04626398410926871,-0.004109673733404662,1000,32,32,30,common-valid fixed32 images; paired group-bootstrap mean of per-image pixel metrics
cloudsen12__panopticon__full_finetune__deep_ensemble,cloudsen12__dofa__full_finetune__deep_ensemble,cloudsen12,Pan_configuration_minus_DOFA_configuration,msp,base_risk,-0.013795813735650512,-0.030931517931879777,0.00033587198281988283,1000,32,32,30,common-valid fixed32 images; paired group-bootstrap mean of per-image pixel metrics
cloudsen12__panopticon__full_finetune__deep_ensemble,cloudsen12__dofa__full_finetune__deep_ensemble,cloudsen12,Pan_configuration_minus_DOFA_configuration,msp,aurc,-0.017927827713809304,-0.03737748761083436,-0.002337314978752654,1000,32,32,30,common-valid fixed32 images; paired group-bootstrap mean of per-image pixel metrics
cloudsen12__panopticon__full_finetune__deep_ensemble,cloudsen12__dofa__full_finetune__deep_ensemble,cloudsen12,Pan_configuration_minus_DOFA_configuration,msp,auroc,0.019646032765492098,0.0035271986602702105,0.03997058375447386,1000,25,32,24,common-valid fixed32 images; paired group-bootstrap mean of per-image pixel metrics
cloudsen12__panopticon__full_finetune__deep_ensemble,cloudsen12__dofa__full_finetune__deep_ensemble,cloudsen12,Pan_configuration_minus_DOFA_configuration,msp,average_precision,0.0001920488687797506,-0.017905452269720967,0.01753790160651402,1000,25,32,24,common-valid fixed32 images; paired group-bootstrap mean of per-image pixel metrics
cloudsen12__panopticon__full_finetune__deep_ensemble,cloudsen12__dofa__full_finetune__deep_ensemble,cloudsen12,Pan_configuration_minus_DOFA_configuration,msp,risk_at_1,-0.013795813735650512,-0.030931517931879777,0.00033587198281988283,1000,32,32,30,common-valid fixed32 images; paired group-bootstrap mean of per-image pixel metrics
cloudsen12__panopticon__full_finetune__deep_ensemble,cloudsen12__dofa__full_finetune__deep_ensemble,cloudsen12,Pan_configuration_minus_DOFA_configuration,msp,risk_at_0.9,-0.015636902547477325,-0.03488417544437131,0.000397660606528822,1000,32,32,30,common-valid fixed32 images; paired group-bootstrap mean of per-image pixel metrics
cloudsen12__panopticon__full_finetune__deep_ensemble,cloudsen12__dofa__full_finetune__deep_ensemble,cloudsen12,Pan_configuration_minus_DOFA_configuration,msp,risk_at_0.8,-0.01716489207987883,-0.03660400069175858,-0.0010582675452993821,1000,32,32,30,common-valid fixed32 images; paired group-bootstrap mean of per-image pixel metrics
cloudsen12__panopticon__full_finetune__deep_ensemble,cloudsen12__dofa__full_finetune__deep_ensemble,cloudsen12,Pan_configuration_minus_DOFA_configuration,msp,risk_at_0.5,-0.021601462850765304,-0.04514395992772109,-0.0039063434211575295,1000,32,32,30,common-valid fixed32 images; paired group-bootstrap mean of per-image pixel metrics
cloudsen12__panopticon__full_finetune__deep_ensemble,cloudsen12__dofa__full_finetune__deep_ensemble,cloudsen12,Pan_configuration_minus_DOFA_configuration,mutual_information,base_risk,-0.013795813735650512,-0.030931517931879777,0.00033587198281988283,1000,32,32,30,common-valid fixed32 images; paired group-bootstrap mean of per-image pixel metrics
cloudsen12__panopticon__full_finetune__deep_ensemble,cloudsen12__dofa__full_finetune__deep_ensemble,cloudsen12,Pan_configuration_minus_DOFA_configuration,mutual_information,aurc,-0.01621475998949288,-0.03919072204109519,0.000942127832343684,1000,32,32,30,common-valid fixed32 images; paired group-bootstrap mean of per-image pixel metrics
cloudsen12__panopticon__full_finetune__deep_ensemble,cloudsen12__dofa__full_finetune__deep_ensemble,cloudsen12,Pan_configuration_minus_DOFA_configuration,mutual_information,auroc,0.00409548671539653,-0.018998472579639474,0.029060982682333227,1000,25,32,24,common-valid fixed32 images; paired group-bootstrap mean of per-image pixel metrics
cloudsen12__panopticon__full_finetune__deep_ensemble,cloudsen12__dofa__full_finetune__deep_ensemble,cloudsen12,Pan_configuration_minus_DOFA_configuration,mutual_information,average_precision,-0.01730261710795476,-0.05389122083517782,0.012244192204285837,1000,25,32,24,common-valid fixed32 images; paired group-bootstrap mean of per-image pixel metrics
cloudsen12__panopticon__full_finetune__deep_ensemble,cloudsen12__dofa__full_finetune__deep_ensemble,cloudsen12,Pan_configuration_minus_DOFA_configuration,mutual_information,risk_at_1,-0.013795813735650512,-0.030931517931879777,0.00033587198281988283,1000,32,32,30,common-valid fixed32 images; paired group-bootstrap mean of per-image pixel metrics
cloudsen12__panopticon__full_finetune__deep_ensemble,cloudsen12__dofa__full_finetune__deep_ensemble,cloudsen12,Pan_configuration_minus_DOFA_configuration,mutual_information,risk_at_0.9,-0.014516679067460327,-0.03324586439319455,0.00026283078220902214,1000,32,32,30,common-valid fixed32 images; paired group-bootstrap mean of per-image pixel metrics
cloudsen12__panopticon__full_finetune__deep_ensemble,cloudsen12__dofa__full_finetune__deep_ensemble,cloudsen12,Pan_configuration_minus_DOFA_configuration,mutual_information,risk_at_0.8,-0.014415507413903038,-0.03353927768006613,0.0012837123571707082,1000,32,32,30,common-valid fixed32 images; paired group-bootstrap mean of per-image pixel metrics
cloudsen12__panopticon__full_finetune__deep_ensemble,cloudsen12__dofa__full_finetune__deep_ensemble,cloudsen12,Pan_configuration_minus_DOFA_configuration,mutual_information,risk_at_0.5,-0.019084074059311232,-0.045805809920049165,5.194949073379864e-06,1000,32,32,30,common-valid fixed32 images; paired group-bootstrap mean of per-image pixel metrics
cloudsen12__panopticon__full_finetune__deep_ensemble,cloudsen12__dofa__full_finetune__deep_ensemble,cloudsen12,Pan_configuration_minus_DOFA_configuration,negative_margin,base_risk,-0.013795813735650512,-0.030931517931879777,0.00033587198281988283,1000,32,32,30,common-valid fixed32 images; paired group-bootstrap mean of per-image pixel metrics
cloudsen12__panopticon__full_finetune__deep_ensemble,cloudsen12__dofa__full_finetune__deep_ensemble,cloudsen12,Pan_configuration_minus_DOFA_configuration,negative_margin,aurc,-0.017455059478629836,-0.036201048851230634,-0.002375661180218015,1000,32,32,30,common-valid fixed32 images; paired group-bootstrap mean of per-image pixel metrics
cloudsen12__panopticon__full_finetune__deep_ensemble,cloudsen12__dofa__full_finetune__deep_ensemble,cloudsen12,Pan_configuration_minus_DOFA_configuration,negative_margin,auroc,0.017835116931263773,0.001697500405078546,0.03700726180014796,1000,25,32,24,common-valid fixed32 images; paired group-bootstrap mean of per-image pixel metrics
cloudsen12__panopticon__full_finetune__deep_ensemble,cloudsen12__dofa__full_finetune__deep_ensemble,cloudsen12,Pan_configuration_minus_DOFA_configuration,negative_margin,average_precision,-0.003964316242771651,-0.022218322622455648,0.013013927124493811,1000,25,32,24,common-valid fixed32 images; paired group-bootstrap mean of per-image pixel metrics
cloudsen12__panopticon__full_finetune__deep_ensemble,cloudsen12__dofa__full_finetune__deep_ensemble,cloudsen12,Pan_configuration_minus_DOFA_configuration,negative_margin,risk_at_1,-0.013795813735650512,-0.030931517931879777,0.00033587198281988283,1000,32,32,30,common-valid fixed32 images; paired group-bootstrap mean of per-image pixel metrics
cloudsen12__panopticon__full_finetune__deep_ensemble,cloudsen12__dofa__full_finetune__deep_ensemble,cloudsen12,Pan_configuration_minus_DOFA_configuration,negative_margin,risk_at_0.9,-0.014932437818877545,-0.03294241902910356,0.000373695345073506,1000,32,32,30,common-valid fixed32 images; paired group-bootstrap mean of per-image pixel metrics
cloudsen12__panopticon__full_finetune__deep_ensemble,cloudsen12__dofa__full_finetune__deep_ensemble,cloudsen12,Pan_configuration_minus_DOFA_configuration,negative_margin,risk_at_0.8,-0.016305728834502556,-0.03473918178977741,-0.0009765038828031336,1000,32,32,30,common-valid fixed32 images; paired group-bootstrap mean of per-image pixel metrics
cloudsen12__panopticon__full_finetune__deep_ensemble,cloudsen12__dofa__full_finetune__deep_ensemble,cloudsen12,Pan_configuration_minus_DOFA_configuration,negative_margin,risk_at_0.5,-0.020805514588647954,-0.04339664381377551,-0.003561650672915783,1000,32,32,30,common-valid fixed32 images; paired group-bootstrap mean of per-image pixel metrics
spacenet7__dofa__frozen__deep_ensemble,spacenet7__dofa__frozen__deterministic__42,spacenet7,DE_minus_D42,entropy,base_risk,-0.0022402393574617314,-0.004016105227701937,-0.0009220749857054814,1000,32,32,10,common-valid fixed32 images; paired group-bootstrap mean of per-image pixel metrics
spacenet7__dofa__frozen__deep_ensemble,spacenet7__dofa__frozen__deterministic__42,spacenet7,DE_minus_D42,entropy,aurc,-0.0009928986090669222,-0.0016475182210221996,-0.0004769485666248867,1000,32,32,10,common-valid fixed32 images; paired group-bootstrap mean of per-image pixel metrics
spacenet7__dofa__frozen__deep_ensemble,spacenet7__dofa__frozen__deterministic__42,spacenet7,DE_minus_D42,entropy,auroc,0.001718068608745456,-0.0027184508146853655,0.006571796962149318,1000,29,32,10,common-valid fixed32 images; paired group-bootstrap mean of per-image pixel metrics
spacenet7__dofa__frozen__deep_ensemble,spacenet7__dofa__frozen__deterministic__42,spacenet7,DE_minus_D42,entropy,average_precision,-0.023667110223132243,-0.05716093621465213,0.007280007206276366,1000,29,32,10,common-valid fixed32 images; paired group-bootstrap mean of per-image pixel metrics
spacenet7__dofa__frozen__deep_ensemble,spacenet7__dofa__frozen__deterministic__42,spacenet7,DE_minus_D42,entropy,risk_at_1,-0.0022402393574617314,-0.004016105227701937,-0.0009220749857054814,1000,32,32,10,common-valid fixed32 images; paired group-bootstrap mean of per-image pixel metrics
spacenet7__dofa__frozen__deep_ensemble,spacenet7__dofa__frozen__deterministic__42,spacenet7,DE_minus_D42,entropy,risk_at_0.9,-0.0015747347115929768,-0.002614301593575814,-0.0008607573611983881,1000,32,32,10,common-valid fixed32 images; paired group-bootstrap mean of per-image pixel metrics
spacenet7__dofa__frozen__deep_ensemble,spacenet7__dofa__frozen__deterministic__42,spacenet7,DE_minus_D42,entropy,risk_at_0.8,-0.0013150584941007666,-0.0021964842844097838,-0.0006589908049527746,1000,32,32,10,common-valid fixed32 images; paired group-bootstrap mean of per-image pixel metrics
spacenet7__dofa__frozen__deep_ensemble,spacenet7__dofa__frozen__deterministic__42,spacenet7,DE_minus_D42,entropy,risk_at_0.5,-0.000823351801658163,-0.001404903225494747,-0.000319957084396257,1000,32,32,10,common-valid fixed32 images; paired group-bootstrap mean of per-image pixel metrics
spacenet7__dofa__frozen__deep_ensemble,spacenet7__dofa__frozen__deterministic__42,spacenet7,DE_minus_D42,gini_total,base_risk,-0.0022402393574617314,-0.004016105227701937,-0.0009220749857054814,1000,32,32,10,common-valid fixed32 images; paired group-bootstrap mean of per-image pixel metrics
spacenet7__dofa__frozen__deep_ensemble,spacenet7__dofa__frozen__deterministic__42,spacenet7,DE_minus_D42,gini_total,aurc,-0.0011421813626676458,-0.0018878397480033354,-0.0005526483866601797,1000,32,32,10,common-valid fixed32 images; paired group-bootstrap mean of per-image pixel metrics
spacenet7__dofa__frozen__deep_ensemble,spacenet7__dofa__frozen__deterministic__42,spacenet7,DE_minus_D42,gini_total,auroc,0.0017406445861525058,-0.0026970317458464713,0.006606904149362955,1000,29,32,10,common-valid fixed32 images; paired group-bootstrap mean of per-image pixel metrics
spacenet7__dofa__frozen__deep_ensemble,spacenet7__dofa__frozen__deterministic__42,spacenet7,DE_minus_D42,gini_total,average_precision,-0.0236605538008431,-0.05716079452661141,0.007290578900269229,1000,29,32,10,common-valid fixed32 images; paired group-bootstrap mean of per-image pixel metrics
spacenet7__dofa__frozen__deep_ensemble,spacenet7__dofa__frozen__deterministic__42,spacenet7,DE_minus_D42,gini_total,risk_at_1,-0.0022402393574617314,-0.004016105227701937,-0.0009220749857054814,1000,32,32,10,common-valid fixed32 images; paired group-bootstrap mean of per-image pixel metrics
spacenet7__dofa__frozen__deep_ensemble,spacenet7__dofa__frozen__deterministic__42,spacenet7,DE_minus_D42,gini_total,risk_at_0.9,-0.0015747347115929768,-0.002614301593575814,-0.0008607573611983881,1000,32,32,10,common-valid fixed32 images; paired group-bootstrap mean of per-image pixel metrics
spacenet7__dofa__frozen__deep_ensemble,spacenet7__dofa__frozen__deterministic__42,spacenet7,DE_minus_D42,gini_total,risk_at_0.8,-0.0013150584941007666,-0.0021964842844097838,-0.0006589908049527746,1000,32,32,10,common-valid fixed32 images; paired group-bootstrap mean of per-image pixel metrics
spacenet7__dofa__frozen__deep_ensemble,spacenet7__dofa__frozen__deterministic__42,spacenet7,DE_minus_D42,gini_total,risk_at_0.5,-0.000823351801658163,-0.001404903225494747,-0.000319957084396257,1000,32,32,10,common-valid fixed32 images; paired group-bootstrap mean of per-image pixel metrics
spacenet7__dofa__frozen__deep_ensemble,spacenet7__dofa__frozen__deterministic__42,spacenet7,DE_minus_D42,msp,base_risk,-0.0022402393574617314,-0.004016105227701937,-0.0009220749857054814,1000,32,32,10,common-valid fixed32 images; paired group-bootstrap mean of per-image pixel metrics
spacenet7__dofa__frozen__deep_ensemble,spacenet7__dofa__frozen__deterministic__42,spacenet7,DE_minus_D42,msp,aurc,-0.001073561006572953,-0.0017570507054165297,-0.0005267606410942465,1000,32,32,10,common-valid fixed32 images; paired group-bootstrap mean of per-image pixel metrics
spacenet7__dofa__frozen__deep_ensemble,spacenet7__dofa__frozen__deterministic__42,spacenet7,DE_minus_D42,msp,auroc,0.0017346387356952145,-0.002706331554692127,0.006601135303320945,1000,29,32,10,common-valid fixed32 images; paired group-bootstrap mean of per-image pixel metrics
spacenet7__dofa__frozen__deep_ensemble,spacenet7__dofa__frozen__deterministic__42,spacenet7,DE_minus_D42,msp,average_precision,-0.02365462194555655,-0.057159813551914004,0.0072947816036917764,1000,29,32,10,common-valid fixed32 images; paired group-bootstrap mean of per-image pixel metrics
spacenet7__dofa__frozen__deep_ensemble,spacenet7__dofa__frozen__deterministic__42,spacenet7,DE_minus_D42,msp,risk_at_1,-0.0022402393574617314,-0.004016105227701937,-0.0009220749857054814,1000,32,32,10,common-valid fixed32 images; paired group-bootstrap mean of per-image pixel metrics
spacenet7__dofa__frozen__deep_ensemble,spacenet7__dofa__frozen__deterministic__42,spacenet7,DE_minus_D42,msp,risk_at_0.9,-0.0015747347115929768,-0.002614301593575814,-0.0008607573611983881,1000,32,32,10,common-valid fixed32 images; paired group-bootstrap mean of per-image pixel metrics
spacenet7__dofa__frozen__deep_ensemble,spacenet7__dofa__frozen__deterministic__42,spacenet7,DE_minus_D42,msp,risk_at_0.8,-0.0013150584941007666,-0.0021964842844097838,-0.0006589908049527746,1000,32,32,10,common-valid fixed32 images; paired group-bootstrap mean of per-image pixel metrics
spacenet7__dofa__frozen__deep_ensemble,spacenet7__dofa__frozen__deterministic__42,spacenet7,DE_minus_D42,msp,risk_at_0.5,-0.000823351801658163,-0.001404903225494747,-0.000319957084396257,1000,32,32,10,common-valid fixed32 images; paired group-bootstrap mean of per-image pixel metrics
spacenet7__dofa__frozen__deep_ensemble,spacenet7__dofa__frozen__deterministic__42,spacenet7,DE_minus_D42,negative_margin,base_risk,-0.0022402393574617314,-0.004016105227701937,-0.0009220749857054814,1000,32,32,10,common-valid fixed32 images; paired group-bootstrap mean of per-image pixel metrics
spacenet7__dofa__frozen__deep_ensemble,spacenet7__dofa__frozen__deterministic__42,spacenet7,DE_minus_D42,negative_margin,aurc,-0.0010141086014420863,-0.0016751716330005721,-0.0004942405992329104,1000,32,32,10,common-valid fixed32 images; paired group-bootstrap mean of per-image pixel metrics
spacenet7__dofa__frozen__deep_ensemble,spacenet7__dofa__frozen__deterministic__42,spacenet7,DE_minus_D42,negative_margin,auroc,0.001719044882674067,-0.002718161135953325,0.006574391151657118,1000,29,32,10,common-valid fixed32 images; paired group-bootstrap mean of per-image pixel metrics
spacenet7__dofa__frozen__deep_ensemble,spacenet7__dofa__frozen__deterministic__42,spacenet7,DE_minus_D42,negative_margin,average_precision,-0.023662930855046404,-0.05716080310340991,0.007283315789979329,1000,29,32,10,common-valid fixed32 images; paired group-bootstrap mean of per-image pixel metrics
spacenet7__dofa__frozen__deep_ensemble,spacenet7__dofa__frozen__deterministic__42,spacenet7,DE_minus_D42,negative_margin,risk_at_1,-0.0022402393574617314,-0.004016105227701937,-0.0009220749857054814,1000,32,32,10,common-valid fixed32 images; paired group-bootstrap mean of per-image pixel metrics
spacenet7__dofa__frozen__deep_ensemble,spacenet7__dofa__frozen__deterministic__42,spacenet7,DE_minus_D42,negative_margin,risk_at_0.9,-0.0015747347115929768,-0.002614301593575814,-0.0008607573611983881,1000,32,32,10,common-valid fixed32 images; paired group-bootstrap mean of per-image pixel metrics
spacenet7__dofa__frozen__deep_ensemble,spacenet7__dofa__frozen__deterministic__42,spacenet7,DE_minus_D42,negative_margin,risk_at_0.8,-0.0013150584941007666,-0.0021964842844097838,-0.0006589908049527746,1000,32,32,10,common-valid fixed32 images; paired group-bootstrap mean of per-image pixel metrics
spacenet7__dofa__frozen__deep_ensemble,spacenet7__dofa__frozen__deterministic__42,spacenet7,DE_minus_D42,negative_margin,risk_at_0.5,-0.000823351801658163,-0.001404903225494747,-0.000319957084396257,1000,32,32,10,common-valid fixed32 images; paired group-bootstrap mean of per-image pixel metrics
spacenet7__dofa__full_finetune__deep_ensemble,spacenet7__dofa__full_finetune__deterministic__42,spacenet7,DE_minus_D42,entropy,base_risk,-0.006967349928252551,-0.01235214544802295,-0.0024859024013250933,1000,32,32,10,common-valid fixed32 images; paired group-bootstrap mean of per-image pixel metrics
spacenet7__dofa__full_finetune__deep_ensemble,spacenet7__dofa__full_finetune__deterministic__42,spacenet7,DE_minus_D42,entropy,aurc,-0.005225205319744401,-0.0095591771629201,-0.002011501567333048,1000,32,32,10,common-valid fixed32 images; paired group-bootstrap mean of per-image pixel metrics
spacenet7__dofa__full_finetune__deep_ensemble,spacenet7__dofa__full_finetune__deterministic__42,spacenet7,DE_minus_D42,entropy,auroc,0.007851610022056752,-0.009812254382209265,0.02698737604143041,1000,29,32,10,common-valid fixed32 images; paired group-bootstrap mean of per-image pixel metrics
spacenet7__dofa__full_finetune__deep_ensemble,spacenet7__dofa__full_finetune__deterministic__42,spacenet7,DE_minus_D42,entropy,average_precision,-0.03789157731619785,-0.05354716752962662,-0.019217880678793403,1000,29,32,10,common-valid fixed32 images; paired group-bootstrap mean of per-image pixel metrics
spacenet7__dofa__full_finetune__deep_ensemble,spacenet7__dofa__full_finetune__deterministic__42,spacenet7,DE_minus_D42,entropy,risk_at_1,-0.006967349928252551,-0.01235214544802295,-0.0024859024013250933,1000,32,32,10,common-valid fixed32 images; paired group-bootstrap mean of per-image pixel metrics
spacenet7__dofa__full_finetune__deep_ensemble,spacenet7__dofa__full_finetune__deterministic__42,spacenet7,DE_minus_D42,entropy,risk_at_0.9,-0.003233894469246025,-0.0073117255612733505,-0.0005646769205729065,1000,32,32,10,common-valid fixed32 images; paired group-bootstrap mean of per-image pixel metrics
spacenet7__dofa__full_finetune__deep_ensemble,spacenet7__dofa__full_finetune__deterministic__42,spacenet7,DE_minus_D42,entropy,risk_at_0.8,-0.0023461166693239687,-0.0052324519614035244,-0.000661299074548233,1000,32,32,10,common-valid fixed32 images; paired group-bootstrap mean of per-image pixel metrics
spacenet7__dofa__full_finetune__deep_ensemble,spacenet7__dofa__full_finetune__deterministic__42,spacenet7,DE_minus_D42,entropy,risk_at_0.5,-0.004207688934948973,-0.007113610337915952,-0.0017876301425175229,1000,32,32,10,common-valid fixed32 images; paired group-bootstrap mean of per-image pixel metrics
spacenet7__dofa__full_finetune__deep_ensemble,spacenet7__dofa__full_finetune__deterministic__42,spacenet7,DE_minus_D42,gini_total,base_risk,-0.006967349928252551,-0.01235214544802295,-0.0024859024013250933,1000,32,32,10,common-valid fixed32 images; paired group-bootstrap mean of per-image pixel metrics
spacenet7__dofa__full_finetune__deep_ensemble,spacenet7__dofa__full_finetune__deterministic__42,spacenet7,DE_minus_D42,gini_total,aurc,-0.006248121888663063,-0.011391420337593232,-0.0023890530264976885,1000,32,32,10,common-valid fixed32 images; paired group-bootstrap mean of per-image pixel metrics
spacenet7__dofa__full_finetune__deep_ensemble,spacenet7__dofa__full_finetune__deterministic__42,spacenet7,DE_minus_D42,gini_total,auroc,0.008258920823999908,-0.009359921524293572,0.027092506294235645,1000,29,32,10,common-valid fixed32 images; paired group-bootstrap mean of per-image pixel metrics
spacenet7__dofa__full_finetune__deep_ensemble,spacenet7__dofa__full_finetune__deterministic__42,spacenet7,DE_minus_D42,gini_total,average_precision,-0.03759272315908929,-0.05318477094322612,-0.019058741309240953,1000,29,32,10,common-valid fixed32 images; paired group-bootstrap mean of per-image pixel metrics
spacenet7__dofa__full_finetune__deep_ensemble,spacenet7__dofa__full_finetune__deterministic__42,spacenet7,DE_minus_D42,gini_total,risk_at_1,-0.006967349928252551,-0.01235214544802295,-0.0024859024013250933,1000,32,32,10,common-valid fixed32 images; paired group-bootstrap mean of per-image pixel metrics
spacenet7__dofa__full_finetune__deep_ensemble,spacenet7__dofa__full_finetune__deterministic__42,spacenet7,DE_minus_D42,gini_total,risk_at_0.9,-0.003233894469246025,-0.0073117255612733505,-0.0005646769205729065,1000,32,32,10,common-valid fixed32 images; paired group-bootstrap mean of per-image pixel metrics
spacenet7__dofa__full_finetune__deep_ensemble,spacenet7__dofa__full_finetune__deterministic__42,spacenet7,DE_minus_D42,gini_total,risk_at_0.8,-0.0023467394770408092,-0.005233142905349216,-0.0006587828086514772,1000,32,32,10,common-valid fixed32 images; paired group-bootstrap mean of per-image pixel metrics
spacenet7__dofa__full_finetune__deep_ensemble,spacenet7__dofa__full_finetune__deterministic__42,spacenet7,DE_minus_D42,gini_total,risk_at_0.5,-0.004217653858418364,-0.0071356365276765464,-0.001795467878763337,1000,32,32,10,common-valid fixed32 images; paired group-bootstrap mean of per-image pixel metrics
spacenet7__dofa__full_finetune__deep_ensemble,spacenet7__dofa__full_finetune__deterministic__42,spacenet7,DE_minus_D42,msp,base_risk,-0.006967349928252551,-0.01235214544802295,-0.0024859024013250933,1000,32,32,10,common-valid fixed32 images; paired group-bootstrap mean of per-image pixel metrics
spacenet7__dofa__full_finetune__deep_ensemble,spacenet7__dofa__full_finetune__deterministic__42,spacenet7,DE_minus_D42,msp,aurc,-0.005915106588403572,-0.01069059580932786,-0.0022472354454060495,1000,32,32,10,common-valid fixed32 images; paired group-bootstrap mean of per-image pixel metrics
spacenet7__dofa__full_finetune__deep_ensemble,spacenet7__dofa__full_finetune__deterministic__42,spacenet7,DE_minus_D42,msp,auroc,0.008168949328120775,-0.009596637127043223,0.027056527365234746,1000,29,32,10,common-valid fixed32 images; paired group-bootstrap mean of per-image pixel metrics
spacenet7__dofa__full_finetune__deep_ensemble,spacenet7__dofa__full_finetune__deterministic__42,spacenet7,DE_minus_D42,msp,average_precision,-0.03730398826197245,-0.05301443326845833,-0.018512667317196967,1000,29,32,10,common-valid fixed32 images; paired group-bootstrap mean of per-image pixel metrics
spacenet7__dofa__full_finetune__deep_ensemble,spacenet7__dofa__full_finetune__deterministic__42,spacenet7,DE_minus_D42,msp,risk_at_1,-0.006967349928252551,-0.01235214544802295,-0.0024859024013250933,1000,32,32,10,common-valid fixed32 images; paired group-bootstrap mean of per-image pixel metrics
spacenet7__dofa__full_finetune__deep_ensemble,spacenet7__dofa__full_finetune__deterministic__42,spacenet7,DE_minus_D42,msp,risk_at_0.9,-0.003233939356288678,-0.007311781580302582,-0.0005648192124981167,1000,32,32,10,common-valid fixed32 images; paired group-bootstrap mean of per-image pixel metrics
spacenet7__dofa__full_finetune__deep_ensemble,spacenet7__dofa__full_finetune__deterministic__42,spacenet7,DE_minus_D42,msp,risk_at_0.8,-0.0023461364454527203,-0.0052324601049102805,-0.000659634622241935,1000,32,32,10,common-valid fixed32 images; paired group-bootstrap mean of per-image pixel metrics
spacenet7__dofa__full_finetune__deep_ensemble,spacenet7__dofa__full_finetune__deterministic__42,spacenet7,DE_minus_D42,msp,risk_at_0.5,-0.004213116184678956,-0.007124375719579292,-0.001789553421071353,1000,32,32,10,common-valid fixed32 images; paired group-bootstrap mean of per-image pixel metrics
spacenet7__dofa__full_finetune__deep_ensemble,spacenet7__dofa__full_finetune__deterministic__42,spacenet7,DE_minus_D42,negative_margin,base_risk,-0.006967349928252551,-0.01235214544802295,-0.0024859024013250933,1000,32,32,10,common-valid fixed32 images; paired group-bootstrap mean of per-image pixel metrics
spacenet7__dofa__full_finetune__deep_ensemble,spacenet7__dofa__full_finetune__deterministic__42,spacenet7,DE_minus_D42,negative_margin,aurc,-0.00525652312335392,-0.009598032657490943,-0.002020668397633895,1000,32,32,10,common-valid fixed32 images; paired group-bootstrap mean of per-image pixel metrics
spacenet7__dofa__full_finetune__deep_ensemble,spacenet7__dofa__full_finetune__deterministic__42,spacenet7,DE_minus_D42,negative_margin,auroc,0.007858288821841874,-0.009799414906069967,0.026988472637640308,1000,29,32,10,common-valid fixed32 images; paired group-bootstrap mean of per-image pixel metrics
spacenet7__dofa__full_finetune__deep_ensemble,spacenet7__dofa__full_finetune__deterministic__42,spacenet7,DE_minus_D42,negative_margin,average_precision,-0.03789167882794722,-0.05354698912811718,-0.019219087463293094,1000,29,32,10,common-valid fixed32 images; paired group-bootstrap mean of per-image pixel metrics
spacenet7__dofa__full_finetune__deep_ensemble,spacenet7__dofa__full_finetune__deterministic__42,spacenet7,DE_minus_D42,negative_margin,risk_at_1,-0.006967349928252551,-0.01235214544802295,-0.0024859024013250933,1000,32,32,10,common-valid fixed32 images; paired group-bootstrap mean of per-image pixel metrics
spacenet7__dofa__full_finetune__deep_ensemble,spacenet7__dofa__full_finetune__deterministic__42,spacenet7,DE_minus_D42,negative_margin,risk_at_0.9,-0.003233894469246025,-0.0073117255612733505,-0.0005646769205729065,1000,32,32,10,common-valid fixed32 images; paired group-bootstrap mean of per-image pixel metrics
spacenet7__dofa__full_finetune__deep_ensemble,spacenet7__dofa__full_finetune__deterministic__42,spacenet7,DE_minus_D42,negative_margin,risk_at_0.8,-0.0023461166693239687,-0.0052324519614035244,-0.000661299074548233,1000,32,32,10,common-valid fixed32 images; paired group-bootstrap mean of per-image pixel metrics
spacenet7__dofa__full_finetune__deep_ensemble,spacenet7__dofa__full_finetune__deterministic__42,spacenet7,DE_minus_D42,negative_margin,risk_at_0.5,-0.004207688934948973,-0.007113610337915952,-0.0017876301425175229,1000,32,32,10,common-valid fixed32 images; paired group-bootstrap mean of per-image pixel metrics
spacenet7__dofa__full_finetune__deep_ensemble,spacenet7__dofa__frozen__deep_ensemble,spacenet7,full_recipe_minus_frozen_recipe,entropy,base_risk,-0.00032199158960459154,-0.0012564136309157314,0.0006209450976290944,1000,32,32,10,common-valid fixed32 images; paired group-bootstrap mean of per-image pixel metrics
spacenet7__dofa__full_finetune__deep_ensemble,spacenet7__dofa__frozen__deep_ensemble,spacenet7,full_recipe_minus_frozen_recipe,entropy,aurc,-0.0035272125419476595,-0.006409364382100017,-0.0012075179158661693,1000,32,32,10,common-valid fixed32 images; paired group-bootstrap mean of per-image pixel metrics
spacenet7__dofa__full_finetune__deep_ensemble,spacenet7__dofa__frozen__deep_ensemble,spacenet7,full_recipe_minus_frozen_recipe,entropy,auroc,0.019202748177491038,0.0026652883701691,0.032916641391949025,1000,29,32,10,common-valid fixed32 images; paired group-bootstrap mean of per-image pixel metrics
spacenet7__dofa__full_finetune__deep_ensemble,spacenet7__dofa__frozen__deep_ensemble,spacenet7,full_recipe_minus_frozen_recipe,entropy,average_precision,0.035344198008733986,0.02649650551335349,0.046670802900318935,1000,29,32,10,common-valid fixed32 images; paired group-bootstrap mean of per-image pixel metrics
spacenet7__dofa__full_finetune__deep_ensemble,spacenet7__dofa__frozen__deep_ensemble,spacenet7,full_recipe_minus_frozen_recipe,entropy,risk_at_1,-0.00032199158960459154,-0.0012564136309157314,0.0006209450976290944,1000,32,32,10,common-valid fixed32 images; paired group-bootstrap mean of per-image pixel metrics
spacenet7__dofa__full_finetune__deep_ensemble,spacenet7__dofa__frozen__deep_ensemble,spacenet7,full_recipe_minus_frozen_recipe,entropy,risk_at_0.9,-0.0023269480318168843,-0.0036148719586123305,-0.0014298163288191962,1000,32,32,10,common-valid fixed32 images; paired group-bootstrap mean of per-image pixel metrics
spacenet7__dofa__full_finetune__deep_ensemble,spacenet7__dofa__frozen__deep_ensemble,spacenet7,full_recipe_minus_frozen_recipe,entropy,risk_at_0.8,-0.003102983747209807,-0.005730754468409118,-0.0011978995866368445,1000,32,32,10,common-valid fixed32 images; paired group-bootstrap mean of per-image pixel metrics
spacenet7__dofa__full_finetune__deep_ensemble,spacenet7__dofa__frozen__deep_ensemble,spacenet7,full_recipe_minus_frozen_recipe,entropy,risk_at_0.5,-0.005189233896683669,-0.009176125259029548,-0.0018247767857142874,1000,32,32,10,common-valid fixed32 images; paired group-bootstrap mean of per-image pixel metrics
spacenet7__dofa__full_finetune__deep_ensemble,spacenet7__dofa__frozen__deep_ensemble,spacenet7,full_recipe_minus_frozen_recipe,expected_entropy,base_risk,-0.00032199158960459154,-0.0012564136309157314,0.0006209450976290944,1000,32,32,10,common-valid fixed32 images; paired group-bootstrap mean of per-image pixel metrics
spacenet7__dofa__full_finetune__deep_ensemble,spacenet7__dofa__frozen__deep_ensemble,spacenet7,full_recipe_minus_frozen_recipe,expected_entropy,aurc,-0.0035137885811528536,-0.00627933599055132,-0.001195917299947799,1000,32,32,10,common-valid fixed32 images; paired group-bootstrap mean of per-image pixel metrics
spacenet7__dofa__full_finetune__deep_ensemble,spacenet7__dofa__frozen__deep_ensemble,spacenet7,full_recipe_minus_frozen_recipe,expected_entropy,auroc,0.01895063900390295,0.002377079782666956,0.032869580907765,1000,29,32,10,common-valid fixed32 images; paired group-bootstrap mean of per-image pixel metrics
spacenet7__dofa__full_finetune__deep_ensemble,spacenet7__dofa__frozen__deep_ensemble,spacenet7,full_recipe_minus_frozen_recipe,expected_entropy,average_precision,0.0406727811054549,0.02873638619111807,0.054420426732056645,1000,29,32,10,common-valid fixed32 images; paired group-bootstrap mean of per-image pixel metrics
spacenet7__dofa__full_finetune__deep_ensemble,spacenet7__dofa__frozen__deep_ensemble,spacenet7,full_recipe_minus_frozen_recipe,expected_entropy,risk_at_1,-0.00032199158960459154,-0.0012564136309157314,0.0006209450976290944,1000,32,32,10,common-valid fixed32 images; paired group-bootstrap mean of per-image pixel metrics
spacenet7__dofa__full_finetune__deep_ensemble,spacenet7__dofa__frozen__deep_ensemble,spacenet7,full_recipe_minus_frozen_recipe,expected_entropy,risk_at_0.9,-0.0024213380013463712,-0.004476002719585318,-0.0011956836666118008,1000,32,32,10,common-valid fixed32 images; paired group-bootstrap mean of per-image pixel metrics
spacenet7__dofa__full_finetune__deep_ensemble,spacenet7__dofa__frozen__deep_ensemble,spacenet7,full_recipe_minus_frozen_recipe,expected_entropy,risk_at_0.8,-0.0030959771603953964,-0.005990342798791809,-0.0010212620467997897,1000,32,32,10,common-valid fixed32 images; paired group-bootstrap mean of per-image pixel metrics
spacenet7__dofa__full_finetune__deep_ensemble,spacenet7__dofa__frozen__deep_ensemble,spacenet7,full_recipe_minus_frozen_recipe,expected_entropy,risk_at_0.5,-0.0050709004304847,-0.009112726071611444,-0.0017358896683673545,1000,32,32,10,common-valid fixed32 images; paired group-bootstrap mean of per-image pixel metrics
spacenet7__dofa__full_finetune__deep_ensemble,spacenet7__dofa__frozen__deep_ensemble,spacenet7,full_recipe_minus_frozen_recipe,gini_disagreement,base_risk,-0.00032199158960459154,-0.0012564136309157314,0.0006209450976290944,1000,32,32,10,common-valid fixed32 images; paired group-bootstrap mean of per-image pixel metrics
spacenet7__dofa__full_finetune__deep_ensemble,spacenet7__dofa__frozen__deep_ensemble,spacenet7,full_recipe_minus_frozen_recipe,gini_disagreement,aurc,-0.005003885830021619,-0.008747253852001195,-0.0017272759733813784,1000,32,32,10,common-valid fixed32 images; paired group-bootstrap mean of per-image pixel metrics
spacenet7__dofa__full_finetune__deep_ensemble,spacenet7__dofa__frozen__deep_ensemble,spacenet7,full_recipe_minus_frozen_recipe,gini_disagreement,auroc,0.03089412061445956,0.01143177729123428,0.04634791496058679,1000,29,32,10,common-valid fixed32 images; paired group-bootstrap mean of per-image pixel metrics
spacenet7__dofa__full_finetune__deep_ensemble,spacenet7__dofa__frozen__deep_ensemble,spacenet7,full_recipe_minus_frozen_recipe,gini_disagreement,average_precision,0.03347754359273658,0.006695907660141286,0.060142227391119234,1000,29,32,10,common-valid fixed32 images; paired group-bootstrap mean of per-image pixel metrics
spacenet7__dofa__full_finetune__deep_ensemble,spacenet7__dofa__frozen__deep_ensemble,spacenet7,full_recipe_minus_frozen_recipe,gini_disagreement,risk_at_1,-0.00032199158960459154,-0.0012564136309157314,0.0006209450976290944,1000,32,32,10,common-valid fixed32 images; paired group-bootstrap mean of per-image pixel metrics
spacenet7__dofa__full_finetune__deep_ensemble,spacenet7__dofa__frozen__deep_ensemble,spacenet7,full_recipe_minus_frozen_recipe,gini_disagreement,risk_at_0.9,-0.0030995064041241293,-0.004553716708432083,-0.001990947587133207,1000,32,32,10,common-valid fixed32 images; paired group-bootstrap mean of per-image pixel metrics
spacenet7__dofa__full_finetune__deep_ensemble,spacenet7__dofa__frozen__deep_ensemble,spacenet7,full_recipe_minus_frozen_recipe,gini_disagreement,risk_at_0.8,-0.004679932886240429,-0.007884116683221429,-0.0020164485094969313,1000,32,32,10,common-valid fixed32 images; paired group-bootstrap mean of per-image pixel metrics
spacenet7__dofa__full_finetune__deep_ensemble,spacenet7__dofa__frozen__deep_ensemble,spacenet7,full_recipe_minus_frozen_recipe,gini_disagreement,risk_at_0.5,-0.007468710140306109,-0.012779185616797212,-0.002668844130200137,1000,32,32,10,common-valid fixed32 images; paired group-bootstrap mean of per-image pixel metrics
spacenet7__dofa__full_finetune__deep_ensemble,spacenet7__dofa__frozen__deep_ensemble,spacenet7,full_recipe_minus_frozen_recipe,gini_expected,base_risk,-0.00032199158960459154,-0.0012564136309157314,0.0006209450976290944,1000,32,32,10,common-valid fixed32 images; paired group-bootstrap mean of per-image pixel metrics
spacenet7__dofa__full_finetune__deep_ensemble,spacenet7__dofa__frozen__deep_ensemble,spacenet7,full_recipe_minus_frozen_recipe,gini_expected,aurc,-0.003529851016496334,-0.006245420037051963,-0.0013093919216335566,1000,32,32,10,common-valid fixed32 images; paired group-bootstrap mean of per-image pixel metrics
spacenet7__dofa__full_finetune__deep_ensemble,spacenet7__dofa__frozen__deep_ensemble,spacenet7,full_recipe_minus_frozen_recipe,gini_expected,auroc,0.01930484399609896,0.0030347576327656106,0.03297984098956148,1000,29,32,10,common-valid fixed32 images; paired group-bootstrap mean of per-image pixel metrics
spacenet7__dofa__full_finetune__deep_ensemble,spacenet7__dofa__frozen__deep_ensemble,spacenet7,full_recipe_minus_frozen_recipe,gini_expected,average_precision,0.038888380245605966,0.027882822625352133,0.05100458485422996,1000,29,32,10,common-valid fixed32 images; paired group-bootstrap mean of per-image pixel metrics
spacenet7__dofa__full_finetune__deep_ensemble,spacenet7__dofa__frozen__deep_ensemble,spacenet7,full_recipe_minus_frozen_recipe,gini_expected,risk_at_1,-0.00032199158960459154,-0.0012564136309157314,0.0006209450976290944,1000,32,32,10,common-valid fixed32 images; paired group-bootstrap mean of per-image pixel metrics
spacenet7__dofa__full_finetune__deep_ensemble,spacenet7__dofa__frozen__deep_ensemble,spacenet7,full_recipe_minus_frozen_recipe,gini_expected,risk_at_0.9,-0.0023870143760629237,-0.004184627152652554,-0.00126352898615586,1000,32,32,10,common-valid fixed32 images; paired group-bootstrap mean of per-image pixel metrics
spacenet7__dofa__full_finetune__deep_ensemble,spacenet7__dofa__frozen__deep_ensemble,spacenet7,full_recipe_minus_frozen_recipe,gini_expected,risk_at_0.8,-0.0030361876195790735,-0.005826445250004456,-0.0010081248455198458,1000,32,32,10,common-valid fixed32 images; paired group-bootstrap mean of per-image pixel metrics
spacenet7__dofa__full_finetune__deep_ensemble,spacenet7__dofa__frozen__deep_ensemble,spacenet7,full_recipe_minus_frozen_recipe,gini_expected,risk_at_0.5,-0.00516556720344387,-0.009260596249588525,-0.001798596571646751,1000,32,32,10,common-valid fixed32 images; paired group-bootstrap mean of per-image pixel metrics
spacenet7__dofa__full_finetune__deep_ensemble,spacenet7__dofa__frozen__deep_ensemble,spacenet7,full_recipe_minus_frozen_recipe,gini_total,base_risk,-0.00032199158960459154,-0.0012564136309157314,0.0006209450976290944,1000,32,32,10,common-valid fixed32 images; paired group-bootstrap mean of per-image pixel metrics
spacenet7__dofa__full_finetune__deep_ensemble,spacenet7__dofa__frozen__deep_ensemble,spacenet7,full_recipe_minus_frozen_recipe,gini_total,aurc,-0.003482923443866503,-0.00617145639669373,-0.0011922917467995621,1000,32,32,10,common-valid fixed32 images; paired group-bootstrap mean of per-image pixel metrics
spacenet7__dofa__full_finetune__deep_ensemble,spacenet7__dofa__frozen__deep_ensemble,spacenet7,full_recipe_minus_frozen_recipe,gini_total,auroc,0.019207211093802933,0.002746342777874727,0.03287631647275132,1000,29,32,10,common-valid fixed32 images; paired group-bootstrap mean of per-image pixel metrics
spacenet7__dofa__full_finetune__deep_ensemble,spacenet7__dofa__frozen__deep_ensemble,spacenet7,full_recipe_minus_frozen_recipe,gini_total,average_precision,0.03532826817949831,0.026464179866626025,0.0466605730610113,1000,29,32,10,common-valid fixed32 images; paired group-bootstrap mean of per-image pixel metrics
spacenet7__dofa__full_finetune__deep_ensemble,spacenet7__dofa__frozen__deep_ensemble,spacenet7,full_recipe_minus_frozen_recipe,gini_total,risk_at_1,-0.00032199158960459154,-0.0012564136309157314,0.0006209450976290944,1000,32,32,10,common-valid fixed32 images; paired group-bootstrap mean of per-image pixel metrics
spacenet7__dofa__full_finetune__deep_ensemble,spacenet7__dofa__frozen__deep_ensemble,spacenet7,full_recipe_minus_frozen_recipe,gini_total,risk_at_0.9,-0.0023269480318168843,-0.0036148719586123305,-0.0014298163288191962,1000,32,32,10,common-valid fixed32 images; paired group-bootstrap mean of per-image pixel metrics
spacenet7__dofa__full_finetune__deep_ensemble,spacenet7__dofa__frozen__deep_ensemble,spacenet7,full_recipe_minus_frozen_recipe,gini_total,risk_at_0.8,-0.003103606554926648,-0.005731424523607926,-0.0011991146278735175,1000,32,32,10,common-valid fixed32 images; paired group-bootstrap mean of per-image pixel metrics
spacenet7__dofa__full_finetune__deep_ensemble,spacenet7__dofa__frozen__deep_ensemble,spacenet7,full_recipe_minus_frozen_recipe,gini_total,risk_at_0.5,-0.005187988281249994,-0.009175962261584732,-0.0018237789821932066,1000,32,32,10,common-valid fixed32 images; paired group-bootstrap mean of per-image pixel metrics
spacenet7__dofa__full_finetune__deep_ensemble,spacenet7__dofa__frozen__deep_ensemble,spacenet7,full_recipe_minus_frozen_recipe,msp,base_risk,-0.00032199158960459154,-0.0012564136309157314,0.0006209450976290944,1000,32,32,10,common-valid fixed32 images; paired group-bootstrap mean of per-image pixel metrics
spacenet7__dofa__full_finetune__deep_ensemble,spacenet7__dofa__frozen__deep_ensemble,spacenet7,full_recipe_minus_frozen_recipe,msp,aurc,-0.003543275931386597,-0.00630867944712142,-0.0012111797086192533,1000,32,32,10,common-valid fixed32 images; paired group-bootstrap mean of per-image pixel metrics
spacenet7__dofa__full_finetune__deep_ensemble,spacenet7__dofa__frozen__deep_ensemble,spacenet7,full_recipe_minus_frozen_recipe,msp,auroc,0.01920369981173945,0.00270989830505603,0.03288793443790199,1000,29,32,10,common-valid fixed32 images; paired group-bootstrap mean of per-image pixel metrics
spacenet7__dofa__full_finetune__deep_ensemble,spacenet7__dofa__frozen__deep_ensemble,spacenet7,full_recipe_minus_frozen_recipe,msp,average_precision,0.03532395203230202,0.026457528382617335,0.046654857291757515,1000,29,32,10,common-valid fixed32 images; paired group-bootstrap mean of per-image pixel metrics
spacenet7__dofa__full_finetune__deep_ensemble,spacenet7__dofa__frozen__deep_ensemble,spacenet7,full_recipe_minus_frozen_recipe,msp,risk_at_1,-0.00032199158960459154,-0.0012564136309157314,0.0006209450976290944,1000,32,32,10,common-valid fixed32 images; paired group-bootstrap mean of per-image pixel metrics
spacenet7__dofa__full_finetune__deep_ensemble,spacenet7__dofa__frozen__deep_ensemble,spacenet7,full_recipe_minus_frozen_recipe,msp,risk_at_0.9,-0.0023269480318168843,-0.0036148719586123305,-0.0014298163288191962,1000,32,32,10,common-valid fixed32 images; paired group-bootstrap mean of per-image pixel metrics
spacenet7__dofa__full_finetune__deep_ensemble,spacenet7__dofa__frozen__deep_ensemble,spacenet7,full_recipe_minus_frozen_recipe,msp,risk_at_0.8,-0.0031033600268720665,-0.005731159293425067,-0.0011986336740506707,1000,32,32,10,common-valid fixed32 images; paired group-bootstrap mean of per-image pixel metrics
spacenet7__dofa__full_finetune__deep_ensemble,spacenet7__dofa__frozen__deep_ensemble,spacenet7,full_recipe_minus_frozen_recipe,msp,risk_at_0.5,-0.005189328371137175,-0.009176211825052667,-0.001825174874775267,1000,32,32,10,common-valid fixed32 images; paired group-bootstrap mean of per-image pixel metrics
spacenet7__dofa__full_finetune__deep_ensemble,spacenet7__dofa__frozen__deep_ensemble,spacenet7,full_recipe_minus_frozen_recipe,mutual_information,base_risk,-0.00032199158960459154,-0.0012564136309157314,0.0006209450976290944,1000,32,32,10,common-valid fixed32 images; paired group-bootstrap mean of per-image pixel metrics
spacenet7__dofa__full_finetune__deep_ensemble,spacenet7__dofa__frozen__deep_ensemble,spacenet7,full_recipe_minus_frozen_recipe,mutual_information,aurc,-0.007300216776741781,-0.012579883472885344,-0.002681753828180889,1000,32,32,10,common-valid fixed32 images; paired group-bootstrap mean of per-image pixel metrics
spacenet7__dofa__full_finetune__deep_ensemble,spacenet7__dofa__frozen__deep_ensemble,spacenet7,full_recipe_minus_frozen_recipe,mutual_information,auroc,0.04558468831275128,0.02174827265908797,0.06435557395563853,1000,29,32,10,common-valid fixed32 images; paired group-bootstrap mean of per-image pixel metrics
spacenet7__dofa__full_finetune__deep_ensemble,spacenet7__dofa__frozen__deep_ensemble,spacenet7,full_recipe_minus_frozen_recipe,mutual_information,average_precision,0.03676503423983544,0.00877578454249506,0.06331505394638473,1000,29,32,10,common-valid fixed32 images; paired group-bootstrap mean of per-image pixel metrics
spacenet7__dofa__full_finetune__deep_ensemble,spacenet7__dofa__frozen__deep_ensemble,spacenet7,full_recipe_minus_frozen_recipe,mutual_information,risk_at_1,-0.00032199158960459154,-0.0012564136309157314,0.0006209450976290944,1000,32,32,10,common-valid fixed32 images; paired group-bootstrap mean of per-image pixel metrics
spacenet7__dofa__full_finetune__deep_ensemble,spacenet7__dofa__frozen__deep_ensemble,spacenet7,full_recipe_minus_frozen_recipe,mutual_information,risk_at_0.9,-0.003558308088860552,-0.005032659986343017,-0.002318128382537917,1000,32,32,10,common-valid fixed32 images; paired group-bootstrap mean of per-image pixel metrics
spacenet7__dofa__full_finetune__deep_ensemble,spacenet7__dofa__frozen__deep_ensemble,spacenet7,full_recipe_minus_frozen_recipe,mutual_information,risk_at_0.8,-0.00563874536631059,-0.009143544561851956,-0.0026168210721084417,1000,32,32,10,common-valid fixed32 images; paired group-bootstrap mean of per-image pixel metrics
spacenet7__dofa__full_finetune__deep_ensemble,spacenet7__dofa__frozen__deep_ensemble,spacenet7,full_recipe_minus_frozen_recipe,mutual_information,risk_at_0.5,-0.010661222496811215,-0.018105541222170674,-0.0038823938222305888,1000,32,32,10,common-valid fixed32 images; paired group-bootstrap mean of per-image pixel metrics
spacenet7__dofa__full_finetune__deep_ensemble,spacenet7__dofa__frozen__deep_ensemble,spacenet7,full_recipe_minus_frozen_recipe,negative_margin,base_risk,-0.00032199158960459154,-0.0012564136309157314,0.0006209450976290944,1000,32,32,10,common-valid fixed32 images; paired group-bootstrap mean of per-image pixel metrics
spacenet7__dofa__full_finetune__deep_ensemble,spacenet7__dofa__frozen__deep_ensemble,spacenet7,full_recipe_minus_frozen_recipe,negative_margin,aurc,-0.0035241823264306844,-0.006398138071041896,-0.0012037957779375138,1000,32,32,10,common-valid fixed32 images; paired group-bootstrap mean of per-image pixel metrics
spacenet7__dofa__full_finetune__deep_ensemble,spacenet7__dofa__frozen__deep_ensemble,spacenet7,full_recipe_minus_frozen_recipe,negative_margin,auroc,0.019206061060101882,0.0026724154653970447,0.03291784556377463,1000,29,32,10,common-valid fixed32 images; paired group-bootstrap mean of per-image pixel metrics
spacenet7__dofa__full_finetune__deep_ensemble,spacenet7__dofa__frozen__deep_ensemble,spacenet7,full_recipe_minus_frozen_recipe,negative_margin,average_precision,0.0353457242893397,0.02649868733406929,0.046671996420233855,1000,29,32,10,common-valid fixed32 images; paired group-bootstrap mean of per-image pixel metrics
spacenet7__dofa__full_finetune__deep_ensemble,spacenet7__dofa__frozen__deep_ensemble,spacenet7,full_recipe_minus_frozen_recipe,negative_margin,risk_at_1,-0.00032199158960459154,-0.0012564136309157314,0.0006209450976290944,1000,32,32,10,common-valid fixed32 images; paired group-bootstrap mean of per-image pixel metrics
spacenet7__dofa__full_finetune__deep_ensemble,spacenet7__dofa__frozen__deep_ensemble,spacenet7,full_recipe_minus_frozen_recipe,negative_margin,risk_at_0.9,-0.0023269480318168843,-0.0036148719586123305,-0.0014298163288191962,1000,32,32,10,common-valid fixed32 images; paired group-bootstrap mean of per-image pixel metrics
spacenet7__dofa__full_finetune__deep_ensemble,spacenet7__dofa__frozen__deep_ensemble,spacenet7,full_recipe_minus_frozen_recipe,negative_margin,risk_at_0.8,-0.003102983747209807,-0.005730754468409118,-0.0011978995866368445,1000,32,32,10,common-valid fixed32 images; paired group-bootstrap mean of per-image pixel metrics
spacenet7__dofa__full_finetune__deep_ensemble,spacenet7__dofa__frozen__deep_ensemble,spacenet7,full_recipe_minus_frozen_recipe,negative_margin,risk_at_0.5,-0.005189233896683669,-0.009176125259029548,-0.0018247767857142874,1000,32,32,10,common-valid fixed32 images; paired group-bootstrap mean of per-image pixel metrics
spacenet7__panopticon__frozen__deep_ensemble,spacenet7__panopticon__frozen__deterministic__42,spacenet7,DE_minus_D42,entropy,base_risk,-0.009725142498405608,-0.01636313391148869,-0.004745428860680667,1000,32,32,10,common-valid fixed32 images; paired group-bootstrap mean of per-image pixel metrics
spacenet7__panopticon__frozen__deep_ensemble,spacenet7__panopticon__frozen__deterministic__42,spacenet7,DE_minus_D42,entropy,aurc,-0.004592169621221146,-0.007726030421317057,-0.0020879387142708067,1000,32,32,10,common-valid fixed32 images; paired group-bootstrap mean of per-image pixel metrics
spacenet7__panopticon__frozen__deep_ensemble,spacenet7__panopticon__frozen__deterministic__42,spacenet7,DE_minus_D42,entropy,auroc,-0.0006215923027186244,-0.012065271493243756,0.011647977792029737,1000,29,32,10,common-valid fixed32 images; paired group-bootstrap mean of per-image pixel metrics
spacenet7__panopticon__frozen__deep_ensemble,spacenet7__panopticon__frozen__deterministic__42,spacenet7,DE_minus_D42,entropy,average_precision,-0.05794940554664454,-0.07056056852879138,-0.04127410846415883,1000,29,32,10,common-valid fixed32 images; paired group-bootstrap mean of per-image pixel metrics
spacenet7__panopticon__frozen__deep_ensemble,spacenet7__panopticon__frozen__deterministic__42,spacenet7,DE_minus_D42,entropy,risk_at_1,-0.009725142498405608,-0.01636313391148869,-0.004745428860680667,1000,32,32,10,common-valid fixed32 images; paired group-bootstrap mean of per-image pixel metrics
spacenet7__panopticon__frozen__deep_ensemble,spacenet7__panopticon__frozen__deterministic__42,spacenet7,DE_minus_D42,entropy,risk_at_0.9,-0.006005804014314057,-0.01108925207666492,-0.002315831028960811,1000,32,32,10,common-valid fixed32 images; paired group-bootstrap mean of per-image pixel metrics
spacenet7__panopticon__frozen__deep_ensemble,spacenet7__panopticon__frozen__deterministic__42,spacenet7,DE_minus_D42,entropy,risk_at_0.8,-0.004517847177933678,-0.007898377222332732,-0.0019317737674496905,1000,32,32,10,common-valid fixed32 images; paired group-bootstrap mean of per-image pixel metrics
spacenet7__panopticon__frozen__deep_ensemble,spacenet7__panopticon__frozen__deterministic__42,spacenet7,DE_minus_D42,entropy,risk_at_0.5,-0.0038950394610969387,-0.006412714985187632,-0.0018040969471670209,1000,32,32,10,common-valid fixed32 images; paired group-bootstrap mean of per-image pixel metrics
spacenet7__panopticon__frozen__deep_ensemble,spacenet7__panopticon__frozen__deterministic__42,spacenet7,DE_minus_D42,gini_total,base_risk,-0.009725142498405608,-0.01636313391148869,-0.004745428860680667,1000,32,32,10,common-valid fixed32 images; paired group-bootstrap mean of per-image pixel metrics
spacenet7__panopticon__frozen__deep_ensemble,spacenet7__panopticon__frozen__deterministic__42,spacenet7,DE_minus_D42,gini_total,aurc,-0.005256870993480772,-0.009133852835045307,-0.0022665381185917968,1000,32,32,10,common-valid fixed32 images; paired group-bootstrap mean of per-image pixel metrics
spacenet7__panopticon__frozen__deep_ensemble,spacenet7__panopticon__frozen__deterministic__42,spacenet7,DE_minus_D42,gini_total,auroc,-0.0005034174611624323,-0.01179022324892775,0.011656309613740463,1000,29,32,10,common-valid fixed32 images; paired group-bootstrap mean of per-image pixel metrics
spacenet7__panopticon__frozen__deep_ensemble,spacenet7__panopticon__frozen__deterministic__42,spacenet7,DE_minus_D42,gini_total,average_precision,-0.05792604004350118,-0.07058426454050717,-0.04121079618277699,1000,29,32,10,common-valid fixed32 images; paired group-bootstrap mean of per-image pixel metrics
spacenet7__panopticon__frozen__deep_ensemble,spacenet7__panopticon__frozen__deterministic__42,spacenet7,DE_minus_D42,gini_total,risk_at_1,-0.009725142498405608,-0.01636313391148869,-0.004745428860680667,1000,32,32,10,common-valid fixed32 images; paired group-bootstrap mean of per-image pixel metrics
spacenet7__panopticon__frozen__deep_ensemble,spacenet7__panopticon__frozen__deterministic__42,spacenet7,DE_minus_D42,gini_total,risk_at_0.9,-0.006005804014314057,-0.01108925207666492,-0.002315831028960811,1000,32,32,10,common-valid fixed32 images; paired group-bootstrap mean of per-image pixel metrics
spacenet7__panopticon__frozen__deep_ensemble,spacenet7__panopticon__frozen__deterministic__42,spacenet7,DE_minus_D42,gini_total,risk_at_0.8,-0.004517847177933678,-0.007898377222332732,-0.0019317737674496905,1000,32,32,10,common-valid fixed32 images; paired group-bootstrap mean of per-image pixel metrics
spacenet7__panopticon__frozen__deep_ensemble,spacenet7__panopticon__frozen__deterministic__42,spacenet7,DE_minus_D42,gini_total,risk_at_0.5,-0.0038950394610969387,-0.006412714985187632,-0.0018040969471670209,1000,32,32,10,common-valid fixed32 images; paired group-bootstrap mean of per-image pixel metrics
spacenet7__panopticon__frozen__deep_ensemble,spacenet7__panopticon__frozen__deterministic__42,spacenet7,DE_minus_D42,msp,base_risk,-0.009725142498405608,-0.01636313391148869,-0.004745428860680667,1000,32,32,10,common-valid fixed32 images; paired group-bootstrap mean of per-image pixel metrics
spacenet7__panopticon__frozen__deep_ensemble,spacenet7__panopticon__frozen__deterministic__42,spacenet7,DE_minus_D42,msp,aurc,-0.005003742897349796,-0.008570535551159386,-0.0022245756457730083,1000,32,32,10,common-valid fixed32 images; paired group-bootstrap mean of per-image pixel metrics
spacenet7__panopticon__frozen__deep_ensemble,spacenet7__panopticon__frozen__deterministic__42,spacenet7,DE_minus_D42,msp,auroc,-0.0005308523819320561,-0.011883084313818307,0.011670394668520183,1000,29,32,10,common-valid fixed32 images; paired group-bootstrap mean of per-image pixel metrics
spacenet7__panopticon__frozen__deep_ensemble,spacenet7__panopticon__frozen__deterministic__42,spacenet7,DE_minus_D42,msp,average_precision,-0.057897543382608975,-0.07052620002618748,-0.041222765762703784,1000,29,32,10,common-valid fixed32 images; paired group-bootstrap mean of per-image pixel metrics
spacenet7__panopticon__frozen__deep_ensemble,spacenet7__panopticon__frozen__deterministic__42,spacenet7,DE_minus_D42,msp,risk_at_1,-0.009725142498405608,-0.01636313391148869,-0.004745428860680667,1000,32,32,10,common-valid fixed32 images; paired group-bootstrap mean of per-image pixel metrics
spacenet7__panopticon__frozen__deep_ensemble,spacenet7__panopticon__frozen__deterministic__42,spacenet7,DE_minus_D42,msp,risk_at_0.9,-0.006005804014314057,-0.01108925207666492,-0.002315831028960811,1000,32,32,10,common-valid fixed32 images; paired group-bootstrap mean of per-image pixel metrics
spacenet7__panopticon__frozen__deep_ensemble,spacenet7__panopticon__frozen__deterministic__42,spacenet7,DE_minus_D42,msp,risk_at_0.8,-0.004517847177933678,-0.007898377222332732,-0.0019317737674496905,1000,32,32,10,common-valid fixed32 images; paired group-bootstrap mean of per-image pixel metrics
spacenet7__panopticon__frozen__deep_ensemble,spacenet7__panopticon__frozen__deterministic__42,spacenet7,DE_minus_D42,msp,risk_at_0.5,-0.003895102265236451,-0.006412714985187632,-0.0018040969471670209,1000,32,32,10,common-valid fixed32 images; paired group-bootstrap mean of per-image pixel metrics
spacenet7__panopticon__frozen__deep_ensemble,spacenet7__panopticon__frozen__deterministic__42,spacenet7,DE_minus_D42,negative_margin,base_risk,-0.009725142498405608,-0.01636313391148869,-0.004745428860680667,1000,32,32,10,common-valid fixed32 images; paired group-bootstrap mean of per-image pixel metrics
spacenet7__panopticon__frozen__deep_ensemble,spacenet7__panopticon__frozen__deterministic__42,spacenet7,DE_minus_D42,negative_margin,aurc,-0.004635001221188051,-0.007817109969013754,-0.002107235617893302,1000,32,32,10,common-valid fixed32 images; paired group-bootstrap mean of per-image pixel metrics
spacenet7__panopticon__frozen__deep_ensemble,spacenet7__panopticon__frozen__deterministic__42,spacenet7,DE_minus_D42,negative_margin,auroc,-0.0006188857792775851,-0.012062707249837722,0.01165053469778181,1000,29,32,10,common-valid fixed32 images; paired group-bootstrap mean of per-image pixel metrics
spacenet7__panopticon__frozen__deep_ensemble,spacenet7__panopticon__frozen__deterministic__42,spacenet7,DE_minus_D42,negative_margin,average_precision,-0.057960673834145576,-0.0705566018476671,-0.04131886479739608,1000,29,32,10,common-valid fixed32 images; paired group-bootstrap mean of per-image pixel metrics
spacenet7__panopticon__frozen__deep_ensemble,spacenet7__panopticon__frozen__deterministic__42,spacenet7,DE_minus_D42,negative_margin,risk_at_1,-0.009725142498405608,-0.01636313391148869,-0.004745428860680667,1000,32,32,10,common-valid fixed32 images; paired group-bootstrap mean of per-image pixel metrics
spacenet7__panopticon__frozen__deep_ensemble,spacenet7__panopticon__frozen__deterministic__42,spacenet7,DE_minus_D42,negative_margin,risk_at_0.9,-0.006005804014314057,-0.01108925207666492,-0.002315831028960811,1000,32,32,10,common-valid fixed32 images; paired group-bootstrap mean of per-image pixel metrics
spacenet7__panopticon__frozen__deep_ensemble,spacenet7__panopticon__frozen__deterministic__42,spacenet7,DE_minus_D42,negative_margin,risk_at_0.8,-0.004517847177933678,-0.007898377222332732,-0.0019317737674496905,1000,32,32,10,common-valid fixed32 images; paired group-bootstrap mean of per-image pixel metrics
spacenet7__panopticon__frozen__deep_ensemble,spacenet7__panopticon__frozen__deterministic__42,spacenet7,DE_minus_D42,negative_margin,risk_at_0.5,-0.0038950394610969387,-0.006412714985187632,-0.0018040969471670209,1000,32,32,10,common-valid fixed32 images; paired group-bootstrap mean of per-image pixel metrics
spacenet7__panopticon__frozen__deep_ensemble,spacenet7__dofa__frozen__deep_ensemble,spacenet7,Pan_configuration_minus_DOFA_configuration,entropy,base_risk,0.0007380271444515281,-0.00028164647206539045,0.0018041135755137276,1000,32,32,10,common-valid fixed32 images; paired group-bootstrap mean of per-image pixel metrics
spacenet7__panopticon__frozen__deep_ensemble,spacenet7__dofa__frozen__deep_ensemble,spacenet7,Pan_configuration_minus_DOFA_configuration,entropy,aurc,-0.002782942052894176,-0.005160376658580269,-0.0009093192118544247,1000,32,32,10,common-valid fixed32 images; paired group-bootstrap mean of per-image pixel metrics
spacenet7__panopticon__frozen__deep_ensemble,spacenet7__dofa__frozen__deep_ensemble,spacenet7,Pan_configuration_minus_DOFA_configuration,entropy,auroc,0.01641573722052841,0.010044962042060917,0.023082475271467066,1000,29,32,10,common-valid fixed32 images; paired group-bootstrap mean of per-image pixel metrics
spacenet7__panopticon__frozen__deep_ensemble,spacenet7__dofa__frozen__deep_ensemble,spacenet7,Pan_configuration_minus_DOFA_configuration,entropy,average_precision,0.030211134228798092,0.01407329487418942,0.04447482393196119,1000,29,32,10,common-valid fixed32 images; paired group-bootstrap mean of per-image pixel metrics
spacenet7__panopticon__frozen__deep_ensemble,spacenet7__dofa__frozen__deep_ensemble,spacenet7,Pan_configuration_minus_DOFA_configuration,entropy,risk_at_1,0.0007380271444515281,-0.00028164647206539045,0.0018041135755137276,1000,32,32,10,common-valid fixed32 images; paired group-bootstrap mean of per-image pixel metrics
spacenet7__panopticon__frozen__deep_ensemble,spacenet7__dofa__frozen__deep_ensemble,spacenet7,Pan_configuration_minus_DOFA_configuration,entropy,risk_at_0.9,-0.0014763310923327604,-0.002744630089823283,-0.000557288577633415,1000,32,32,10,common-valid fixed32 images; paired group-bootstrap mean of per-image pixel metrics
spacenet7__panopticon__frozen__deep_ensemble,spacenet7__dofa__frozen__deep_ensemble,spacenet7,Pan_configuration_minus_DOFA_configuration,entropy,risk_at_0.8,-0.0018011599170918377,-0.0034373442980708043,-0.0006733783688559191,1000,32,32,10,common-valid fixed32 images; paired group-bootstrap mean of per-image pixel metrics
spacenet7__panopticon__frozen__deep_ensemble,spacenet7__dofa__frozen__deep_ensemble,spacenet7,Pan_configuration_minus_DOFA_configuration,entropy,risk_at_0.5,-0.0030766701211734655,-0.00572810684079665,-0.0009900725204854716,1000,32,32,10,common-valid fixed32 images; paired group-bootstrap mean of per-image pixel metrics
spacenet7__panopticon__frozen__deep_ensemble,spacenet7__dofa__frozen__deep_ensemble,spacenet7,Pan_configuration_minus_DOFA_configuration,expected_entropy,base_risk,0.0007380271444515281,-0.00028164647206539045,0.0018041135755137276,1000,32,32,10,common-valid fixed32 images; paired group-bootstrap mean of per-image pixel metrics
spacenet7__panopticon__frozen__deep_ensemble,spacenet7__dofa__frozen__deep_ensemble,spacenet7,Pan_configuration_minus_DOFA_configuration,expected_entropy,aurc,-0.0028070969239266585,-0.005213970584717739,-0.000914583938670941,1000,32,32,10,common-valid fixed32 images; paired group-bootstrap mean of per-image pixel metrics
spacenet7__panopticon__frozen__deep_ensemble,spacenet7__dofa__frozen__deep_ensemble,spacenet7,Pan_configuration_minus_DOFA_configuration,expected_entropy,auroc,0.01636267509250728,0.010366885642050919,0.022844768783632258,1000,29,32,10,common-valid fixed32 images; paired group-bootstrap mean of per-image pixel metrics
spacenet7__panopticon__frozen__deep_ensemble,spacenet7__dofa__frozen__deep_ensemble,spacenet7,Pan_configuration_minus_DOFA_configuration,expected_entropy,average_precision,0.02853545424163241,0.014171727947951043,0.04671193605316715,1000,29,32,10,common-valid fixed32 images; paired group-bootstrap mean of per-image pixel metrics
spacenet7__panopticon__frozen__deep_ensemble,spacenet7__dofa__frozen__deep_ensemble,spacenet7,Pan_configuration_minus_DOFA_configuration,expected_entropy,risk_at_1,0.0007380271444515281,-0.00028164647206539045,0.0018041135755137276,1000,32,32,10,common-valid fixed32 images; paired group-bootstrap mean of per-image pixel metrics
spacenet7__panopticon__frozen__deep_ensemble,spacenet7__dofa__frozen__deep_ensemble,spacenet7,Pan_configuration_minus_DOFA_configuration,expected_entropy,risk_at_0.9,-0.0009200946003401397,-0.001870263497884278,-9.483742922040607e-05,1000,32,32,10,common-valid fixed32 images; paired group-bootstrap mean of per-image pixel metrics
spacenet7__panopticon__frozen__deep_ensemble,spacenet7__dofa__frozen__deep_ensemble,spacenet7,Pan_configuration_minus_DOFA_configuration,expected_entropy,risk_at_0.8,-0.0016660106425382673,-0.003243903368744162,-0.0005531980132635869,1000,32,32,10,common-valid fixed32 images; paired group-bootstrap mean of per-image pixel metrics
spacenet7__panopticon__frozen__deep_ensemble,spacenet7__dofa__frozen__deep_ensemble,spacenet7,Pan_configuration_minus_DOFA_configuration,expected_entropy,risk_at_0.5,-0.0033644072863520513,-0.006256860698824993,-0.001063503834922147,1000,32,32,10,common-valid fixed32 images; paired group-bootstrap mean of per-image pixel metrics
spacenet7__panopticon__frozen__deep_ensemble,spacenet7__dofa__frozen__deep_ensemble,spacenet7,Pan_configuration_minus_DOFA_configuration,gini_disagreement,base_risk,0.0007380271444515281,-0.00028164647206539045,0.0018041135755137276,1000,32,32,10,common-valid fixed32 images; paired group-bootstrap mean of per-image pixel metrics
spacenet7__panopticon__frozen__deep_ensemble,spacenet7__dofa__frozen__deep_ensemble,spacenet7,Pan_configuration_minus_DOFA_configuration,gini_disagreement,aurc,-0.00309677664977623,-0.005473572133202873,-0.0011557012841932582,1000,32,32,10,common-valid fixed32 images; paired group-bootstrap mean of per-image pixel metrics
spacenet7__panopticon__frozen__deep_ensemble,spacenet7__dofa__frozen__deep_ensemble,spacenet7,Pan_configuration_minus_DOFA_configuration,gini_disagreement,auroc,0.01969777310065439,0.013810665558071698,0.025018453726661814,1000,29,32,10,common-valid fixed32 images; paired group-bootstrap mean of per-image pixel metrics
spacenet7__panopticon__frozen__deep_ensemble,spacenet7__dofa__frozen__deep_ensemble,spacenet7,Pan_configuration_minus_DOFA_configuration,gini_disagreement,average_precision,0.0033626871739952614,-0.02325212350194248,0.021507314517389367,1000,29,32,10,common-valid fixed32 images; paired group-bootstrap mean of per-image pixel metrics
spacenet7__panopticon__frozen__deep_ensemble,spacenet7__dofa__frozen__deep_ensemble,spacenet7,Pan_configuration_minus_DOFA_configuration,gini_disagreement,risk_at_1,0.0007380271444515281,-0.00028164647206539045,0.0018041135755137276,1000,32,32,10,common-valid fixed32 images; paired group-bootstrap mean of per-image pixel metrics
spacenet7__panopticon__frozen__deep_ensemble,spacenet7__dofa__frozen__deep_ensemble,spacenet7,Pan_configuration_minus_DOFA_configuration,gini_disagreement,risk_at_0.9,-0.0011098433514030528,-0.0019987485151430505,-0.0003141071695605266,1000,32,32,10,common-valid fixed32 images; paired group-bootstrap mean of per-image pixel metrics
spacenet7__panopticon__frozen__deep_ensemble,spacenet7__dofa__frozen__deep_ensemble,spacenet7,Pan_configuration_minus_DOFA_configuration,gini_disagreement,risk_at_0.8,-0.0017164580676020396,-0.0031252629198721157,-0.0007571627476545791,1000,32,32,10,common-valid fixed32 images; paired group-bootstrap mean of per-image pixel metrics
spacenet7__panopticon__frozen__deep_ensemble,spacenet7__dofa__frozen__deep_ensemble,spacenet7,Pan_configuration_minus_DOFA_configuration,gini_disagreement,risk_at_0.5,-0.0037131796077805998,-0.006818570061953331,-0.0013890499381570777,1000,32,32,10,common-valid fixed32 images; paired group-bootstrap mean of per-image pixel metrics
spacenet7__panopticon__frozen__deep_ensemble,spacenet7__dofa__frozen__deep_ensemble,spacenet7,Pan_configuration_minus_DOFA_configuration,gini_expected,base_risk,0.0007380271444515281,-0.00028164647206539045,0.0018041135755137276,1000,32,32,10,common-valid fixed32 images; paired group-bootstrap mean of per-image pixel metrics
spacenet7__panopticon__frozen__deep_ensemble,spacenet7__dofa__frozen__deep_ensemble,spacenet7,Pan_configuration_minus_DOFA_configuration,gini_expected,aurc,-0.002747005735917326,-0.005103675581093716,-0.0009044677408598268,1000,32,32,10,common-valid fixed32 images; paired group-bootstrap mean of per-image pixel metrics
spacenet7__panopticon__frozen__deep_ensemble,spacenet7__dofa__frozen__deep_ensemble,spacenet7,Pan_configuration_minus_DOFA_configuration,gini_expected,auroc,0.01613866967015983,0.010323627237194651,0.022525852157374494,1000,29,32,10,common-valid fixed32 images; paired group-bootstrap mean of per-image pixel metrics
spacenet7__panopticon__frozen__deep_ensemble,spacenet7__dofa__frozen__deep_ensemble,spacenet7,Pan_configuration_minus_DOFA_configuration,gini_expected,average_precision,0.026452161293197853,0.012150386729632751,0.041752756147031375,1000,29,32,10,common-valid fixed32 images; paired group-bootstrap mean of per-image pixel metrics
spacenet7__panopticon__frozen__deep_ensemble,spacenet7__dofa__frozen__deep_ensemble,spacenet7,Pan_configuration_minus_DOFA_configuration,gini_expected,risk_at_1,0.0007380271444515281,-0.00028164647206539045,0.0018041135755137276,1000,32,32,10,common-valid fixed32 images; paired group-bootstrap mean of per-image pixel metrics
spacenet7__panopticon__frozen__deep_ensemble,spacenet7__dofa__frozen__deep_ensemble,spacenet7,Pan_configuration_minus_DOFA_configuration,gini_expected,risk_at_0.9,-0.000951511789611678,-0.0018153688242974009,-0.00017917517459754088,1000,32,32,10,common-valid fixed32 images; paired group-bootstrap mean of per-image pixel metrics
spacenet7__panopticon__frozen__deep_ensemble,spacenet7__dofa__frozen__deep_ensemble,spacenet7,Pan_configuration_minus_DOFA_configuration,gini_expected,risk_at_0.8,-0.0016572913345025452,-0.0030679709037092526,-0.0006058161757101457,1000,32,32,10,common-valid fixed32 images; paired group-bootstrap mean of per-image pixel metrics
spacenet7__panopticon__frozen__deep_ensemble,spacenet7__dofa__frozen__deep_ensemble,spacenet7,Pan_configuration_minus_DOFA_configuration,gini_expected,risk_at_0.5,-0.0031426877391581573,-0.005830119418851595,-0.0010238848957551646,1000,32,32,10,common-valid fixed32 images; paired group-bootstrap mean of per-image pixel metrics
spacenet7__panopticon__frozen__deep_ensemble,spacenet7__dofa__frozen__deep_ensemble,spacenet7,Pan_configuration_minus_DOFA_configuration,gini_total,base_risk,0.0007380271444515281,-0.00028164647206539045,0.0018041135755137276,1000,32,32,10,common-valid fixed32 images; paired group-bootstrap mean of per-image pixel metrics
spacenet7__panopticon__frozen__deep_ensemble,spacenet7__dofa__frozen__deep_ensemble,spacenet7,Pan_configuration_minus_DOFA_configuration,gini_total,aurc,-0.002779327376116478,-0.005126902486836459,-0.0008987294427753103,1000,32,32,10,common-valid fixed32 images; paired group-bootstrap mean of per-image pixel metrics
spacenet7__panopticon__frozen__deep_ensemble,spacenet7__dofa__frozen__deep_ensemble,spacenet7,Pan_configuration_minus_DOFA_configuration,gini_total,auroc,0.01641649006318375,0.010047010063613615,0.023086784695121997,1000,29,32,10,common-valid fixed32 images; paired group-bootstrap mean of per-image pixel metrics
spacenet7__panopticon__frozen__deep_ensemble,spacenet7__dofa__frozen__deep_ensemble,spacenet7,Pan_configuration_minus_DOFA_configuration,gini_total,average_precision,0.030210471525507824,0.014074194050537546,0.04447327534282319,1000,29,32,10,common-valid fixed32 images; paired group-bootstrap mean of per-image pixel metrics
spacenet7__panopticon__frozen__deep_ensemble,spacenet7__dofa__frozen__deep_ensemble,spacenet7,Pan_configuration_minus_DOFA_configuration,gini_total,risk_at_1,0.0007380271444515281,-0.00028164647206539045,0.0018041135755137276,1000,32,32,10,common-valid fixed32 images; paired group-bootstrap mean of per-image pixel metrics
spacenet7__panopticon__frozen__deep_ensemble,spacenet7__dofa__frozen__deep_ensemble,spacenet7,Pan_configuration_minus_DOFA_configuration,gini_total,risk_at_0.9,-0.0014763310923327604,-0.002744630089823283,-0.000557288577633415,1000,32,32,10,common-valid fixed32 images; paired group-bootstrap mean of per-image pixel metrics
spacenet7__panopticon__frozen__deep_ensemble,spacenet7__dofa__frozen__deep_ensemble,spacenet7,Pan_configuration_minus_DOFA_configuration,gini_total,risk_at_0.8,-0.0018011599170918377,-0.0034373442980708043,-0.0006733783688559191,1000,32,32,10,common-valid fixed32 images; paired group-bootstrap mean of per-image pixel metrics
spacenet7__panopticon__frozen__deep_ensemble,spacenet7__dofa__frozen__deep_ensemble,spacenet7,Pan_configuration_minus_DOFA_configuration,gini_total,risk_at_0.5,-0.0030766701211734655,-0.00572810684079665,-0.0009900725204854716,1000,32,32,10,common-valid fixed32 images; paired group-bootstrap mean of per-image pixel metrics
spacenet7__panopticon__frozen__deep_ensemble,spacenet7__dofa__frozen__deep_ensemble,spacenet7,Pan_configuration_minus_DOFA_configuration,msp,base_risk,0.0007380271444515281,-0.00028164647206539045,0.0018041135755137276,1000,32,32,10,common-valid fixed32 images; paired group-bootstrap mean of per-image pixel metrics
spacenet7__panopticon__frozen__deep_ensemble,spacenet7__dofa__frozen__deep_ensemble,spacenet7,Pan_configuration_minus_DOFA_configuration,msp,aurc,-0.0027873996812890606,-0.005139485077241552,-0.0009018342432209462,1000,32,32,10,common-valid fixed32 images; paired group-bootstrap mean of per-image pixel metrics
spacenet7__panopticon__frozen__deep_ensemble,spacenet7__dofa__frozen__deep_ensemble,spacenet7,Pan_configuration_minus_DOFA_configuration,msp,auroc,0.016416591262028792,0.0100460500982587,0.023086672290702267,1000,29,32,10,common-valid fixed32 images; paired group-bootstrap mean of per-image pixel metrics
spacenet7__panopticon__frozen__deep_ensemble,spacenet7__dofa__frozen__deep_ensemble,spacenet7,Pan_configuration_minus_DOFA_configuration,msp,average_precision,0.030211486351251697,0.014072534874144343,0.04447308608382883,1000,29,32,10,common-valid fixed32 images; paired group-bootstrap mean of per-image pixel metrics
spacenet7__panopticon__frozen__deep_ensemble,spacenet7__dofa__frozen__deep_ensemble,spacenet7,Pan_configuration_minus_DOFA_configuration,msp,risk_at_1,0.0007380271444515281,-0.00028164647206539045,0.0018041135755137276,1000,32,32,10,common-valid fixed32 images; paired group-bootstrap mean of per-image pixel metrics
spacenet7__panopticon__frozen__deep_ensemble,spacenet7__dofa__frozen__deep_ensemble,spacenet7,Pan_configuration_minus_DOFA_configuration,msp,risk_at_0.9,-0.0014763310923327604,-0.002744630089823283,-0.000557288577633415,1000,32,32,10,common-valid fixed32 images; paired group-bootstrap mean of per-image pixel metrics
spacenet7__panopticon__frozen__deep_ensemble,spacenet7__dofa__frozen__deep_ensemble,spacenet7,Pan_configuration_minus_DOFA_configuration,msp,risk_at_0.8,-0.0018011599170918377,-0.0034373442980708043,-0.0006733783688559191,1000,32,32,10,common-valid fixed32 images; paired group-bootstrap mean of per-image pixel metrics
spacenet7__panopticon__frozen__deep_ensemble,spacenet7__dofa__frozen__deep_ensemble,spacenet7,Pan_configuration_minus_DOFA_configuration,msp,risk_at_0.5,-0.0030766701211734655,-0.00572810684079665,-0.0009900725204854716,1000,32,32,10,common-valid fixed32 images; paired group-bootstrap mean of per-image pixel metrics
spacenet7__panopticon__frozen__deep_ensemble,spacenet7__dofa__frozen__deep_ensemble,spacenet7,Pan_configuration_minus_DOFA_configuration,mutual_information,base_risk,0.0007380271444515281,-0.00028164647206539045,0.0018041135755137276,1000,32,32,10,common-valid fixed32 images; paired group-bootstrap mean of per-image pixel metrics
spacenet7__panopticon__frozen__deep_ensemble,spacenet7__dofa__frozen__deep_ensemble,spacenet7,Pan_configuration_minus_DOFA_configuration,mutual_information,aurc,-0.0040304166274171835,-0.006843788020642381,-0.0016617919288376796,1000,32,32,10,common-valid fixed32 images; paired group-bootstrap mean of per-image pixel metrics
spacenet7__panopticon__frozen__deep_ensemble,spacenet7__dofa__frozen__deep_ensemble,spacenet7,Pan_configuration_minus_DOFA_configuration,mutual_information,auroc,0.026536467343458003,0.019519746934200864,0.03174683562373835,1000,29,32,10,common-valid fixed32 images; paired group-bootstrap mean of per-image pixel metrics
spacenet7__panopticon__frozen__deep_ensemble,spacenet7__dofa__frozen__deep_ensemble,spacenet7,Pan_configuration_minus_DOFA_configuration,mutual_information,average_precision,0.0036593855106528184,-0.023097532537424144,0.021930418914973892,1000,29,32,10,common-valid fixed32 images; paired group-bootstrap mean of per-image pixel metrics
spacenet7__panopticon__frozen__deep_ensemble,spacenet7__dofa__frozen__deep_ensemble,spacenet7,Pan_configuration_minus_DOFA_configuration,mutual_information,risk_at_1,0.0007380271444515281,-0.00028164647206539045,0.0018041135755137276,1000,32,32,10,common-valid fixed32 images; paired group-bootstrap mean of per-image pixel metrics
spacenet7__panopticon__frozen__deep_ensemble,spacenet7__dofa__frozen__deep_ensemble,spacenet7,Pan_configuration_minus_DOFA_configuration,mutual_information,risk_at_0.9,-0.001060987546060103,-0.0020345186291056963,-0.00019846805909865046,1000,32,32,10,common-valid fixed32 images; paired group-bootstrap mean of per-image pixel metrics
spacenet7__panopticon__frozen__deep_ensemble,spacenet7__dofa__frozen__deep_ensemble,spacenet7,Pan_configuration_minus_DOFA_configuration,mutual_information,risk_at_0.8,-0.0020079320790816397,-0.003455286778747932,-0.0010419947416407602,1000,32,32,10,common-valid fixed32 images; paired group-bootstrap mean of per-image pixel metrics
spacenet7__panopticon__frozen__deep_ensemble,spacenet7__dofa__frozen__deep_ensemble,spacenet7,Pan_configuration_minus_DOFA_configuration,mutual_information,risk_at_0.5,-0.004728356186224486,-0.008429079639668366,-0.001918225578756282,1000,32,32,10,common-valid fixed32 images; paired group-bootstrap mean of per-image pixel metrics
spacenet7__panopticon__frozen__deep_ensemble,spacenet7__dofa__frozen__deep_ensemble,spacenet7,Pan_configuration_minus_DOFA_configuration,negative_margin,base_risk,0.0007380271444515281,-0.00028164647206539045,0.0018041135755137276,1000,32,32,10,common-valid fixed32 images; paired group-bootstrap mean of per-image pixel metrics
spacenet7__panopticon__frozen__deep_ensemble,spacenet7__dofa__frozen__deep_ensemble,spacenet7,Pan_configuration_minus_DOFA_configuration,negative_margin,aurc,-0.002782978221240132,-0.005150340050190631,-0.0009054219401832936,1000,32,32,10,common-valid fixed32 images; paired group-bootstrap mean of per-image pixel metrics
spacenet7__panopticon__frozen__deep_ensemble,spacenet7__dofa__frozen__deep_ensemble,spacenet7,Pan_configuration_minus_DOFA_configuration,negative_margin,auroc,0.016415981267122393,0.010045320076473779,0.02308301828112688,1000,29,32,10,common-valid fixed32 images; paired group-bootstrap mean of per-image pixel metrics
spacenet7__panopticon__frozen__deep_ensemble,spacenet7__dofa__frozen__deep_ensemble,spacenet7,Pan_configuration_minus_DOFA_configuration,negative_margin,average_precision,0.030212113911396193,0.014073218468249798,0.044472943277284446,1000,29,32,10,common-valid fixed32 images; paired group-bootstrap mean of per-image pixel metrics
spacenet7__panopticon__frozen__deep_ensemble,spacenet7__dofa__frozen__deep_ensemble,spacenet7,Pan_configuration_minus_DOFA_configuration,negative_margin,risk_at_1,0.0007380271444515281,-0.00028164647206539045,0.0018041135755137276,1000,32,32,10,common-valid fixed32 images; paired group-bootstrap mean of per-image pixel metrics
spacenet7__panopticon__frozen__deep_ensemble,spacenet7__dofa__frozen__deep_ensemble,spacenet7,Pan_configuration_minus_DOFA_configuration,negative_margin,risk_at_0.9,-0.0014763310923327604,-0.002744630089823283,-0.000557288577633415,1000,32,32,10,common-valid fixed32 images; paired group-bootstrap mean of per-image pixel metrics
spacenet7__panopticon__frozen__deep_ensemble,spacenet7__dofa__frozen__deep_ensemble,spacenet7,Pan_configuration_minus_DOFA_configuration,negative_margin,risk_at_0.8,-0.0018011599170918377,-0.0034373442980708043,-0.0006733783688559191,1000,32,32,10,common-valid fixed32 images; paired group-bootstrap mean of per-image pixel metrics
spacenet7__panopticon__frozen__deep_ensemble,spacenet7__dofa__frozen__deep_ensemble,spacenet7,Pan_configuration_minus_DOFA_configuration,negative_margin,risk_at_0.5,-0.0030766701211734655,-0.00572810684079665,-0.0009900725204854716,1000,32,32,10,common-valid fixed32 images; paired group-bootstrap mean of per-image pixel metrics
spacenet7__panopticon__full_finetune__deep_ensemble,spacenet7__panopticon__full_finetune__deterministic__42,spacenet7,DE_minus_D42,entropy,base_risk,-0.01750961615114796,-0.03035588616957201,-0.0060447452562995205,1000,32,32,10,common-valid fixed32 images; paired group-bootstrap mean of per-image pixel metrics
spacenet7__panopticon__full_finetune__deep_ensemble,spacenet7__panopticon__full_finetune__deterministic__42,spacenet7,DE_minus_D42,entropy,aurc,-0.0054318003909149,-0.010062902768393833,-0.0017559482406821702,1000,32,32,10,common-valid fixed32 images; paired group-bootstrap mean of per-image pixel metrics
spacenet7__panopticon__full_finetune__deep_ensemble,spacenet7__panopticon__full_finetune__deterministic__42,spacenet7,DE_minus_D42,entropy,auroc,-0.015536171044860348,-0.03447100195924594,0.005501434490908793,1000,30,32,10,common-valid fixed32 images; paired group-bootstrap mean of per-image pixel metrics
spacenet7__panopticon__full_finetune__deep_ensemble,spacenet7__panopticon__full_finetune__deterministic__42,spacenet7,DE_minus_D42,entropy,average_precision,-0.03930444710847039,-0.08109470181576899,0.015539509668311314,1000,30,32,10,common-valid fixed32 images; paired group-bootstrap mean of per-image pixel metrics
spacenet7__panopticon__full_finetune__deep_ensemble,spacenet7__panopticon__full_finetune__deterministic__42,spacenet7,DE_minus_D42,entropy,risk_at_1,-0.01750961615114796,-0.03035588616957201,-0.0060447452562995205,1000,32,32,10,common-valid fixed32 images; paired group-bootstrap mean of per-image pixel metrics
spacenet7__panopticon__full_finetune__deep_ensemble,spacenet7__panopticon__full_finetune__deterministic__42,spacenet7,DE_minus_D42,entropy,risk_at_0.9,-0.011849401218820879,-0.021625350986748882,-0.003040908690802333,1000,32,32,10,common-valid fixed32 images; paired group-bootstrap mean of per-image pixel metrics
spacenet7__panopticon__full_finetune__deep_ensemble,spacenet7__panopticon__full_finetune__deterministic__42,spacenet7,DE_minus_D42,entropy,risk_at_0.8,-0.007058124152981521,-0.013270760138597862,-0.0017438377328470548,1000,32,32,10,common-valid fixed32 images; paired group-bootstrap mean of per-image pixel metrics
spacenet7__panopticon__full_finetune__deep_ensemble,spacenet7__panopticon__full_finetune__deterministic__42,spacenet7,DE_minus_D42,entropy,risk_at_0.5,-0.0027216697225765293,-0.0050641117468299595,-0.0009764256800190287,1000,32,32,10,common-valid fixed32 images; paired group-bootstrap mean of per-image pixel metrics
spacenet7__panopticon__full_finetune__deep_ensemble,spacenet7__panopticon__full_finetune__deterministic__42,spacenet7,DE_minus_D42,gini_total,base_risk,-0.01750961615114796,-0.03035588616957201,-0.0060447452562995205,1000,32,32,10,common-valid fixed32 images; paired group-bootstrap mean of per-image pixel metrics
spacenet7__panopticon__full_finetune__deep_ensemble,spacenet7__panopticon__full_finetune__deterministic__42,spacenet7,DE_minus_D42,gini_total,aurc,-0.007342358755391664,-0.013055343508729545,-0.0026558779186756734,1000,32,32,10,common-valid fixed32 images; paired group-bootstrap mean of per-image pixel metrics
spacenet7__panopticon__full_finetune__deep_ensemble,spacenet7__panopticon__full_finetune__deterministic__42,spacenet7,DE_minus_D42,gini_total,auroc,-0.014124191379548023,-0.03290645214589571,0.006911883994237164,1000,30,32,10,common-valid fixed32 images; paired group-bootstrap mean of per-image pixel metrics
spacenet7__panopticon__full_finetune__deep_ensemble,spacenet7__panopticon__full_finetune__deterministic__42,spacenet7,DE_minus_D42,gini_total,average_precision,-0.038721361405676516,-0.0802191137523123,0.01582531010294119,1000,30,32,10,common-valid fixed32 images; paired group-bootstrap mean of per-image pixel metrics
spacenet7__panopticon__full_finetune__deep_ensemble,spacenet7__panopticon__full_finetune__deterministic__42,spacenet7,DE_minus_D42,gini_total,risk_at_1,-0.01750961615114796,-0.03035588616957201,-0.0060447452562995205,1000,32,32,10,common-valid fixed32 images; paired group-bootstrap mean of per-image pixel metrics
spacenet7__panopticon__full_finetune__deep_ensemble,spacenet7__panopticon__full_finetune__deterministic__42,spacenet7,DE_minus_D42,gini_total,risk_at_0.9,-0.011849401218820879,-0.021625350986748882,-0.003040908690802333,1000,32,32,10,common-valid fixed32 images; paired group-bootstrap mean of per-image pixel metrics
spacenet7__panopticon__full_finetune__deep_ensemble,spacenet7__panopticon__full_finetune__deterministic__42,spacenet7,DE_minus_D42,gini_total,risk_at_0.8,-0.007057968451052312,-0.013270760138597862,-0.0017436859234660753,1000,32,32,10,common-valid fixed32 images; paired group-bootstrap mean of per-image pixel metrics
spacenet7__panopticon__full_finetune__deep_ensemble,spacenet7__panopticon__full_finetune__deterministic__42,spacenet7,DE_minus_D42,gini_total,risk_at_0.5,-0.0027191784917091795,-0.005062734729308389,-0.0009729838270873755,1000,32,32,10,common-valid fixed32 images; paired group-bootstrap mean of per-image pixel metrics
spacenet7__panopticon__full_finetune__deep_ensemble,spacenet7__panopticon__full_finetune__deterministic__42,spacenet7,DE_minus_D42,msp,base_risk,-0.01750961615114796,-0.03035588616957201,-0.0060447452562995205,1000,32,32,10,common-valid fixed32 images; paired group-bootstrap mean of per-image pixel metrics
spacenet7__panopticon__full_finetune__deep_ensemble,spacenet7__panopticon__full_finetune__deterministic__42,spacenet7,DE_minus_D42,msp,aurc,-0.0066412211228376134,-0.011999376459966021,-0.002232374140731129,1000,32,32,10,common-valid fixed32 images; paired group-bootstrap mean of per-image pixel metrics
spacenet7__panopticon__full_finetune__deep_ensemble,spacenet7__panopticon__full_finetune__deterministic__42,spacenet7,DE_minus_D42,msp,auroc,-0.014518303219213925,-0.03332692774237527,0.006438478962059248,1000,30,32,10,common-valid fixed32 images; paired group-bootstrap mean of per-image pixel metrics
spacenet7__panopticon__full_finetune__deep_ensemble,spacenet7__panopticon__full_finetune__deterministic__42,spacenet7,DE_minus_D42,msp,average_precision,-0.0386340041516516,-0.08003864996649072,0.015849836464292007,1000,30,32,10,common-valid fixed32 images; paired group-bootstrap mean of per-image pixel metrics
spacenet7__panopticon__full_finetune__deep_ensemble,spacenet7__panopticon__full_finetune__deterministic__42,spacenet7,DE_minus_D42,msp,risk_at_1,-0.01750961615114796,-0.03035588616957201,-0.0060447452562995205,1000,32,32,10,common-valid fixed32 images; paired group-bootstrap mean of per-image pixel metrics
spacenet7__panopticon__full_finetune__deep_ensemble,spacenet7__panopticon__full_finetune__deterministic__42,spacenet7,DE_minus_D42,msp,risk_at_0.9,-0.011849401218820879,-0.021625350986748882,-0.003040908690802333,1000,32,32,10,common-valid fixed32 images; paired group-bootstrap mean of per-image pixel metrics
spacenet7__panopticon__full_finetune__deep_ensemble,spacenet7__panopticon__full_finetune__deterministic__42,spacenet7,DE_minus_D42,msp,risk_at_0.8,-0.007057890600087706,-0.013270760138597862,-0.0017436100187755842,1000,32,32,10,common-valid fixed32 images; paired group-bootstrap mean of per-image pixel metrics
spacenet7__panopticon__full_finetune__deep_ensemble,spacenet7__panopticon__full_finetune__deterministic__42,spacenet7,DE_minus_D42,msp,risk_at_0.5,-0.0027200187240554795,-0.005062756053424456,-0.0009746106477571892,1000,32,32,10,common-valid fixed32 images; paired group-bootstrap mean of per-image pixel metrics
spacenet7__panopticon__full_finetune__deep_ensemble,spacenet7__panopticon__full_finetune__deterministic__42,spacenet7,DE_minus_D42,negative_margin,base_risk,-0.01750961615114796,-0.03035588616957201,-0.0060447452562995205,1000,32,32,10,common-valid fixed32 images; paired group-bootstrap mean of per-image pixel metrics
spacenet7__panopticon__full_finetune__deep_ensemble,spacenet7__panopticon__full_finetune__deterministic__42,spacenet7,DE_minus_D42,negative_margin,aurc,-0.0055100114725179505,-0.010242061603069378,-0.0017914017913884148,1000,32,32,10,common-valid fixed32 images; paired group-bootstrap mean of per-image pixel metrics
spacenet7__panopticon__full_finetune__deep_ensemble,spacenet7__panopticon__full_finetune__deterministic__42,spacenet7,DE_minus_D42,negative_margin,auroc,-0.015508102883670726,-0.034439912096972405,0.005520892178947752,1000,30,32,10,common-valid fixed32 images; paired group-bootstrap mean of per-image pixel metrics
spacenet7__panopticon__full_finetune__deep_ensemble,spacenet7__panopticon__full_finetune__deterministic__42,spacenet7,DE_minus_D42,negative_margin,average_precision,-0.03928004959572592,-0.08105664544958896,0.01554413644789614,1000,30,32,10,common-valid fixed32 images; paired group-bootstrap mean of per-image pixel metrics
spacenet7__panopticon__full_finetune__deep_ensemble,spacenet7__panopticon__full_finetune__deterministic__42,spacenet7,DE_minus_D42,negative_margin,risk_at_1,-0.01750961615114796,-0.03035588616957201,-0.0060447452562995205,1000,32,32,10,common-valid fixed32 images; paired group-bootstrap mean of per-image pixel metrics
spacenet7__panopticon__full_finetune__deep_ensemble,spacenet7__panopticon__full_finetune__deterministic__42,spacenet7,DE_minus_D42,negative_margin,risk_at_0.9,-0.011849401218820879,-0.021625350986748882,-0.003040908690802333,1000,32,32,10,common-valid fixed32 images; paired group-bootstrap mean of per-image pixel metrics
spacenet7__panopticon__full_finetune__deep_ensemble,spacenet7__panopticon__full_finetune__deterministic__42,spacenet7,DE_minus_D42,negative_margin,risk_at_0.8,-0.007058124152981521,-0.013270760138597862,-0.0017438377328470548,1000,32,32,10,common-valid fixed32 images; paired group-bootstrap mean of per-image pixel metrics
spacenet7__panopticon__full_finetune__deep_ensemble,spacenet7__panopticon__full_finetune__deterministic__42,spacenet7,DE_minus_D42,negative_margin,risk_at_0.5,-0.0027204241071428544,-0.005062734729308389,-0.0009763703193330876,1000,32,32,10,common-valid fixed32 images; paired group-bootstrap mean of per-image pixel metrics
spacenet7__panopticon__full_finetune__deep_ensemble,spacenet7__panopticon__frozen__deep_ensemble,spacenet7,full_recipe_minus_frozen_recipe,entropy,base_risk,-0.0001226931202168354,-0.0015503641467747892,0.0010903287096088376,1000,32,32,10,common-valid fixed32 images; paired group-bootstrap mean of per-image pixel metrics
spacenet7__panopticon__full_finetune__deep_ensemble,spacenet7__panopticon__frozen__deep_ensemble,spacenet7,full_recipe_minus_frozen_recipe,entropy,aurc,-0.0003436508604583563,-0.0019094621989523292,0.0008278278677028865,1000,32,32,10,common-valid fixed32 images; paired group-bootstrap mean of per-image pixel metrics
spacenet7__panopticon__full_finetune__deep_ensemble,spacenet7__panopticon__frozen__deep_ensemble,spacenet7,full_recipe_minus_frozen_recipe,entropy,auroc,-0.003454316399259933,-0.018604981135504572,0.010511221149705798,1000,29,32,10,common-valid fixed32 images; paired group-bootstrap mean of per-image pixel metrics
spacenet7__panopticon__full_finetune__deep_ensemble,spacenet7__panopticon__frozen__deep_ensemble,spacenet7,full_recipe_minus_frozen_recipe,entropy,average_precision,0.009296482543168809,-0.0027061578677890293,0.021764483841695915,1000,29,32,10,common-valid fixed32 images; paired group-bootstrap mean of per-image pixel metrics
spacenet7__panopticon__full_finetune__deep_ensemble,spacenet7__panopticon__frozen__deep_ensemble,spacenet7,full_recipe_minus_frozen_recipe,entropy,risk_at_1,-0.0001226931202168354,-0.0015503641467747892,0.0010903287096088376,1000,32,32,10,common-valid fixed32 images; paired group-bootstrap mean of per-image pixel metrics
spacenet7__panopticon__full_finetune__deep_ensemble,spacenet7__panopticon__frozen__deep_ensemble,spacenet7,full_recipe_minus_frozen_recipe,entropy,risk_at_0.9,-0.0005303553713152067,-0.001685439680308871,0.00044091529841100625,1000,32,32,10,common-valid fixed32 images; paired group-bootstrap mean of per-image pixel metrics
spacenet7__panopticon__full_finetune__deep_ensemble,spacenet7__panopticon__frozen__deep_ensemble,spacenet7,full_recipe_minus_frozen_recipe,entropy,risk_at_0.8,-0.0007149832589285758,-0.0021584399258695324,0.0004492085315967498,1000,32,32,10,common-valid fixed32 images; paired group-bootstrap mean of per-image pixel metrics
spacenet7__panopticon__full_finetune__deep_ensemble,spacenet7__panopticon__frozen__deep_ensemble,spacenet7,full_recipe_minus_frozen_recipe,entropy,risk_at_0.5,-0.0007984394929846985,-0.0030494326636904736,0.0008184004803093018,1000,32,32,10,common-valid fixed32 images; paired group-bootstrap mean of per-image pixel metrics
spacenet7__panopticon__full_finetune__deep_ensemble,spacenet7__panopticon__frozen__deep_ensemble,spacenet7,full_recipe_minus_frozen_recipe,expected_entropy,base_risk,-0.0001226931202168354,-0.0015503641467747892,0.0010903287096088376,1000,32,32,10,common-valid fixed32 images; paired group-bootstrap mean of per-image pixel metrics
spacenet7__panopticon__full_finetune__deep_ensemble,spacenet7__panopticon__frozen__deep_ensemble,spacenet7,full_recipe_minus_frozen_recipe,expected_entropy,aurc,-0.00029760008967501256,-0.0015339330051221485,0.0006344251042377597,1000,32,32,10,common-valid fixed32 images; paired group-bootstrap mean of per-image pixel metrics
spacenet7__panopticon__full_finetune__deep_ensemble,spacenet7__panopticon__frozen__deep_ensemble,spacenet7,full_recipe_minus_frozen_recipe,expected_entropy,auroc,-0.0008917600345166387,-0.013838058278867029,0.010802152710044175,1000,29,32,10,common-valid fixed32 images; paired group-bootstrap mean of per-image pixel metrics
spacenet7__panopticon__full_finetune__deep_ensemble,spacenet7__panopticon__frozen__deep_ensemble,spacenet7,full_recipe_minus_frozen_recipe,expected_entropy,average_precision,0.015261858264435022,0.0076459318091654785,0.02388104583682547,1000,29,32,10,common-valid fixed32 images; paired group-bootstrap mean of per-image pixel metrics
spacenet7__panopticon__full_finetune__deep_ensemble,spacenet7__panopticon__frozen__deep_ensemble,spacenet7,full_recipe_minus_frozen_recipe,expected_entropy,risk_at_1,-0.0001226931202168354,-0.0015503641467747892,0.0010903287096088376,1000,32,32,10,common-valid fixed32 images; paired group-bootstrap mean of per-image pixel metrics
spacenet7__panopticon__full_finetune__deep_ensemble,spacenet7__panopticon__frozen__deep_ensemble,spacenet7,full_recipe_minus_frozen_recipe,expected_entropy,risk_at_0.9,-0.0007792016546201809,-0.001972823722892777,5.583041297325891e-05,1000,32,32,10,common-valid fixed32 images; paired group-bootstrap mean of per-image pixel metrics
spacenet7__panopticon__full_finetune__deep_ensemble,spacenet7__panopticon__frozen__deep_ensemble,spacenet7,full_recipe_minus_frozen_recipe,expected_entropy,risk_at_0.8,-0.000958968181999349,-0.0023886829649954573,0.0001522235481106518,1000,32,32,10,common-valid fixed32 images; paired group-bootstrap mean of per-image pixel metrics
spacenet7__panopticon__full_finetune__deep_ensemble,spacenet7__panopticon__frozen__deep_ensemble,spacenet7,full_recipe_minus_frozen_recipe,expected_entropy,risk_at_0.5,-0.0004210180165816307,-0.001967082120934312,0.0006101190476190502,1000,32,32,10,common-valid fixed32 images; paired group-bootstrap mean of per-image pixel metrics
spacenet7__panopticon__full_finetune__deep_ensemble,spacenet7__panopticon__frozen__deep_ensemble,spacenet7,full_recipe_minus_frozen_recipe,gini_disagreement,base_risk,-0.0001226931202168354,-0.0015503641467747892,0.0010903287096088376,1000,32,32,10,common-valid fixed32 images; paired group-bootstrap mean of per-image pixel metrics
spacenet7__panopticon__full_finetune__deep_ensemble,spacenet7__panopticon__frozen__deep_ensemble,spacenet7,full_recipe_minus_frozen_recipe,gini_disagreement,aurc,-0.0006684020949573384,-0.0027735799234245803,0.0008502360443040697,1000,32,32,10,common-valid fixed32 images; paired group-bootstrap mean of per-image pixel metrics
spacenet7__panopticon__full_finetune__deep_ensemble,spacenet7__panopticon__frozen__deep_ensemble,spacenet7,full_recipe_minus_frozen_recipe,gini_disagreement,auroc,-0.009724091510153417,-0.034474783865955545,0.011116402947153263,1000,29,32,10,common-valid fixed32 images; paired group-bootstrap mean of per-image pixel metrics
spacenet7__panopticon__full_finetune__deep_ensemble,spacenet7__panopticon__frozen__deep_ensemble,spacenet7,full_recipe_minus_frozen_recipe,gini_disagreement,average_precision,-0.010989239438798811,-0.03169977195850001,0.008962946630393103,1000,29,32,10,common-valid fixed32 images; paired group-bootstrap mean of per-image pixel metrics
spacenet7__panopticon__full_finetune__deep_ensemble,spacenet7__panopticon__frozen__deep_ensemble,spacenet7,full_recipe_minus_frozen_recipe,gini_disagreement,risk_at_1,-0.0001226931202168354,-0.0015503641467747892,0.0010903287096088376,1000,32,32,10,common-valid fixed32 images; paired group-bootstrap mean of per-image pixel metrics
spacenet7__panopticon__full_finetune__deep_ensemble,spacenet7__panopticon__frozen__deep_ensemble,spacenet7,full_recipe_minus_frozen_recipe,gini_disagreement,risk_at_0.9,0.0001098909615929727,-0.0019370427207341275,0.0017749377031558594,1000,32,32,10,common-valid fixed32 images; paired group-bootstrap mean of per-image pixel metrics
spacenet7__panopticon__full_finetune__deep_ensemble,spacenet7__panopticon__frozen__deep_ensemble,spacenet7,full_recipe_minus_frozen_recipe,gini_disagreement,risk_at_0.8,-0.0009219111228475843,-0.0032541841606434263,0.0010225141370618503,1000,32,32,10,common-valid fixed32 images; paired group-bootstrap mean of per-image pixel metrics
spacenet7__panopticon__full_finetune__deep_ensemble,spacenet7__panopticon__frozen__deep_ensemble,spacenet7,full_recipe_minus_frozen_recipe,gini_disagreement,risk_at_0.5,-0.0015221420599489833,-0.004497114601048749,0.0007519414015606153,1000,32,32,10,common-valid fixed32 images; paired group-bootstrap mean of per-image pixel metrics
spacenet7__panopticon__full_finetune__deep_ensemble,spacenet7__panopticon__frozen__deep_ensemble,spacenet7,full_recipe_minus_frozen_recipe,gini_expected,base_risk,-0.0001226931202168354,-0.0015503641467747892,0.0010903287096088376,1000,32,32,10,common-valid fixed32 images; paired group-bootstrap mean of per-image pixel metrics
spacenet7__panopticon__full_finetune__deep_ensemble,spacenet7__panopticon__frozen__deep_ensemble,spacenet7,full_recipe_minus_frozen_recipe,gini_expected,aurc,-0.0001317683268953846,-0.001433442176945367,0.0008975847340129848,1000,32,32,10,common-valid fixed32 images; paired group-bootstrap mean of per-image pixel metrics
spacenet7__panopticon__full_finetune__deep_ensemble,spacenet7__panopticon__frozen__deep_ensemble,spacenet7,full_recipe_minus_frozen_recipe,gini_expected,auroc,-0.002279308510667063,-0.015825437891326805,0.00994908760605261,1000,29,32,10,common-valid fixed32 images; paired group-bootstrap mean of per-image pixel metrics
spacenet7__panopticon__full_finetune__deep_ensemble,spacenet7__panopticon__frozen__deep_ensemble,spacenet7,full_recipe_minus_frozen_recipe,gini_expected,average_precision,0.014405087653821914,0.006473266912800571,0.023752790815601322,1000,29,32,10,common-valid fixed32 images; paired group-bootstrap mean of per-image pixel metrics
spacenet7__panopticon__full_finetune__deep_ensemble,spacenet7__panopticon__frozen__deep_ensemble,spacenet7,full_recipe_minus_frozen_recipe,gini_expected,risk_at_1,-0.0001226931202168354,-0.0015503641467747892,0.0010903287096088376,1000,32,32,10,common-valid fixed32 images; paired group-bootstrap mean of per-image pixel metrics
spacenet7__panopticon__full_finetune__deep_ensemble,spacenet7__panopticon__frozen__deep_ensemble,spacenet7,full_recipe_minus_frozen_recipe,gini_expected,risk_at_0.9,-0.0006432911706349249,-0.0018501044904312288,0.00021880021182475541,1000,32,32,10,common-valid fixed32 images; paired group-bootstrap mean of per-image pixel metrics
spacenet7__panopticon__full_finetune__deep_ensemble,spacenet7__panopticon__frozen__deep_ensemble,spacenet7,full_recipe_minus_frozen_recipe,gini_expected,risk_at_0.8,-0.0008591632453762672,-0.0023694697343920814,0.00035449482527387,1000,32,32,10,common-valid fixed32 images; paired group-bootstrap mean of per-image pixel metrics
spacenet7__panopticon__full_finetune__deep_ensemble,spacenet7__panopticon__frozen__deep_ensemble,spacenet7,full_recipe_minus_frozen_recipe,gini_expected,risk_at_0.5,-0.0005443339445153148,-0.002406457839832376,0.0007439145646717444,1000,32,32,10,common-valid fixed32 images; paired group-bootstrap mean of per-image pixel metrics
spacenet7__panopticon__full_finetune__deep_ensemble,spacenet7__panopticon__frozen__deep_ensemble,spacenet7,full_recipe_minus_frozen_recipe,gini_total,base_risk,-0.0001226931202168354,-0.0015503641467747892,0.0010903287096088376,1000,32,32,10,common-valid fixed32 images; paired group-bootstrap mean of per-image pixel metrics
spacenet7__panopticon__full_finetune__deep_ensemble,spacenet7__panopticon__frozen__deep_ensemble,spacenet7,full_recipe_minus_frozen_recipe,gini_total,aurc,-0.00021154247276705597,-0.0017819800421289744,0.0010368428222469808,1000,32,32,10,common-valid fixed32 images; paired group-bootstrap mean of per-image pixel metrics
spacenet7__panopticon__full_finetune__deep_ensemble,spacenet7__panopticon__frozen__deep_ensemble,spacenet7,full_recipe_minus_frozen_recipe,gini_total,auroc,-0.003471430256737428,-0.018610073733859006,0.010478682544801365,1000,29,32,10,common-valid fixed32 images; paired group-bootstrap mean of per-image pixel metrics
spacenet7__panopticon__full_finetune__deep_ensemble,spacenet7__panopticon__frozen__deep_ensemble,spacenet7,full_recipe_minus_frozen_recipe,gini_total,average_precision,0.009285771449805748,-0.0027145990085654286,0.021752476933739478,1000,29,32,10,common-valid fixed32 images; paired group-bootstrap mean of per-image pixel metrics
spacenet7__panopticon__full_finetune__deep_ensemble,spacenet7__panopticon__frozen__deep_ensemble,spacenet7,full_recipe_minus_frozen_recipe,gini_total,risk_at_1,-0.0001226931202168354,-0.0015503641467747892,0.0010903287096088376,1000,32,32,10,common-valid fixed32 images; paired group-bootstrap mean of per-image pixel metrics
spacenet7__panopticon__full_finetune__deep_ensemble,spacenet7__panopticon__frozen__deep_ensemble,spacenet7,full_recipe_minus_frozen_recipe,gini_total,risk_at_0.9,-0.0005303553713152067,-0.001685439680308871,0.00044091529841100625,1000,32,32,10,common-valid fixed32 images; paired group-bootstrap mean of per-image pixel metrics
spacenet7__panopticon__full_finetune__deep_ensemble,spacenet7__panopticon__frozen__deep_ensemble,spacenet7,full_recipe_minus_frozen_recipe,gini_total,risk_at_0.8,-0.0007149832589285758,-0.0021584399258695324,0.0004492085315967498,1000,32,32,10,common-valid fixed32 images; paired group-bootstrap mean of per-image pixel metrics
spacenet7__panopticon__full_finetune__deep_ensemble,spacenet7__panopticon__frozen__deep_ensemble,spacenet7,full_recipe_minus_frozen_recipe,gini_total,risk_at_0.5,-0.0007971938775510235,-0.0030493662308673443,0.0008184316206951436,1000,32,32,10,common-valid fixed32 images; paired group-bootstrap mean of per-image pixel metrics
spacenet7__panopticon__full_finetune__deep_ensemble,spacenet7__panopticon__frozen__deep_ensemble,spacenet7,full_recipe_minus_frozen_recipe,msp,base_risk,-0.0001226931202168354,-0.0015503641467747892,0.0010903287096088376,1000,32,32,10,common-valid fixed32 images; paired group-bootstrap mean of per-image pixel metrics
spacenet7__panopticon__full_finetune__deep_ensemble,spacenet7__panopticon__frozen__deep_ensemble,spacenet7,full_recipe_minus_frozen_recipe,msp,aurc,-0.0002447681564481161,-0.0018113890790937659,0.0009755739305179062,1000,32,32,10,common-valid fixed32 images; paired group-bootstrap mean of per-image pixel metrics
spacenet7__panopticon__full_finetune__deep_ensemble,spacenet7__panopticon__frozen__deep_ensemble,spacenet7,full_recipe_minus_frozen_recipe,msp,auroc,-0.0034687163600141697,-0.0186092351630229,0.010484382496469819,1000,29,32,10,common-valid fixed32 images; paired group-bootstrap mean of per-image pixel metrics
spacenet7__panopticon__full_finetune__deep_ensemble,spacenet7__panopticon__frozen__deep_ensemble,spacenet7,full_recipe_minus_frozen_recipe,msp,average_precision,0.009285165021244211,-0.0027126230689173774,0.021751635554706213,1000,29,32,10,common-valid fixed32 images; paired group-bootstrap mean of per-image pixel metrics
spacenet7__panopticon__full_finetune__deep_ensemble,spacenet7__panopticon__frozen__deep_ensemble,spacenet7,full_recipe_minus_frozen_recipe,msp,risk_at_1,-0.0001226931202168354,-0.0015503641467747892,0.0010903287096088376,1000,32,32,10,common-valid fixed32 images; paired group-bootstrap mean of per-image pixel metrics
spacenet7__panopticon__full_finetune__deep_ensemble,spacenet7__panopticon__frozen__deep_ensemble,spacenet7,full_recipe_minus_frozen_recipe,msp,risk_at_0.9,-0.0005303553713152067,-0.001685439680308871,0.00044091529841100625,1000,32,32,10,common-valid fixed32 images; paired group-bootstrap mean of per-image pixel metrics
spacenet7__panopticon__full_finetune__deep_ensemble,spacenet7__panopticon__frozen__deep_ensemble,spacenet7,full_recipe_minus_frozen_recipe,msp,risk_at_0.8,-0.0007149832589285758,-0.0021584399258695324,0.0004492085315967498,1000,32,32,10,common-valid fixed32 images; paired group-bootstrap mean of per-image pixel metrics
spacenet7__panopticon__full_finetune__deep_ensemble,spacenet7__panopticon__frozen__deep_ensemble,spacenet7,full_recipe_minus_frozen_recipe,msp,risk_at_0.5,-0.0007971938775510235,-0.0030493662308673443,0.0008184316206951436,1000,32,32,10,common-valid fixed32 images; paired group-bootstrap mean of per-image pixel metrics
spacenet7__panopticon__full_finetune__deep_ensemble,spacenet7__panopticon__frozen__deep_ensemble,spacenet7,full_recipe_minus_frozen_recipe,mutual_information,base_risk,-0.0001226931202168354,-0.0015503641467747892,0.0010903287096088376,1000,32,32,10,common-valid fixed32 images; paired group-bootstrap mean of per-image pixel metrics
spacenet7__panopticon__full_finetune__deep_ensemble,spacenet7__panopticon__frozen__deep_ensemble,spacenet7,full_recipe_minus_frozen_recipe,mutual_information,aurc,-0.0010499944901200917,-0.0036890478774879577,0.0010582162338932017,1000,32,32,10,common-valid fixed32 images; paired group-bootstrap mean of per-image pixel metrics
spacenet7__panopticon__full_finetune__deep_ensemble,spacenet7__panopticon__frozen__deep_ensemble,spacenet7,full_recipe_minus_frozen_recipe,mutual_information,auroc,-0.01692151081749242,-0.05155184794700619,0.012228531152106929,1000,29,32,10,common-valid fixed32 images; paired group-bootstrap mean of per-image pixel metrics
spacenet7__panopticon__full_finetune__deep_ensemble,spacenet7__panopticon__frozen__deep_ensemble,spacenet7,full_recipe_minus_frozen_recipe,mutual_information,average_precision,-0.012270357563056078,-0.033269546392384275,0.007909288034515578,1000,29,32,10,common-valid fixed32 images; paired group-bootstrap mean of per-image pixel metrics
spacenet7__panopticon__full_finetune__deep_ensemble,spacenet7__panopticon__frozen__deep_ensemble,spacenet7,full_recipe_minus_frozen_recipe,mutual_information,risk_at_1,-0.0001226931202168354,-0.0015503641467747892,0.0010903287096088376,1000,32,32,10,common-valid fixed32 images; paired group-bootstrap mean of per-image pixel metrics
spacenet7__panopticon__full_finetune__deep_ensemble,spacenet7__panopticon__frozen__deep_ensemble,spacenet7,full_recipe_minus_frozen_recipe,mutual_information,risk_at_0.9,0.00026670010452098305,-0.0019815442581357983,0.0021736450656651557,1000,32,32,10,common-valid fixed32 images; paired group-bootstrap mean of per-image pixel metrics
spacenet7__panopticon__full_finetune__deep_ensemble,spacenet7__panopticon__frozen__deep_ensemble,spacenet7,full_recipe_minus_frozen_recipe,mutual_information,risk_at_0.8,-0.000399998256138392,-0.0033676130333725298,0.0020922708490262844,1000,32,32,10,common-valid fixed32 images; paired group-bootstrap mean of per-image pixel metrics
spacenet7__panopticon__full_finetune__deep_ensemble,spacenet7__panopticon__frozen__deep_ensemble,spacenet7,full_recipe_minus_frozen_recipe,mutual_information,risk_at_0.5,-0.0021212830835459244,-0.006064350575919855,0.0011055346543802141,1000,32,32,10,common-valid fixed32 images; paired group-bootstrap mean of per-image pixel metrics
spacenet7__panopticon__full_finetune__deep_ensemble,spacenet7__panopticon__frozen__deep_ensemble,spacenet7,full_recipe_minus_frozen_recipe,negative_margin,base_risk,-0.0001226931202168354,-0.0015503641467747892,0.0010903287096088376,1000,32,32,10,common-valid fixed32 images; paired group-bootstrap mean of per-image pixel metrics
spacenet7__panopticon__full_finetune__deep_ensemble,spacenet7__panopticon__frozen__deep_ensemble,spacenet7,full_recipe_minus_frozen_recipe,negative_margin,aurc,-0.00034176743969988884,-0.0019091260846071528,0.0008310017327844427,1000,32,32,10,common-valid fixed32 images; paired group-bootstrap mean of per-image pixel metrics
spacenet7__panopticon__full_finetune__deep_ensemble,spacenet7__panopticon__frozen__deep_ensemble,spacenet7,full_recipe_minus_frozen_recipe,negative_margin,auroc,-0.0034547142302289707,-0.018605208867463308,0.010510418015249394,1000,29,32,10,common-valid fixed32 images; paired group-bootstrap mean of per-image pixel metrics
spacenet7__panopticon__full_finetune__deep_ensemble,spacenet7__panopticon__frozen__deep_ensemble,spacenet7,full_recipe_minus_frozen_recipe,negative_margin,average_precision,0.009292963157606027,-0.0027035528726084153,0.02176052695433498,1000,29,32,10,common-valid fixed32 images; paired group-bootstrap mean of per-image pixel metrics
spacenet7__panopticon__full_finetune__deep_ensemble,spacenet7__panopticon__frozen__deep_ensemble,spacenet7,full_recipe_minus_frozen_recipe,negative_margin,risk_at_1,-0.0001226931202168354,-0.0015503641467747892,0.0010903287096088376,1000,32,32,10,common-valid fixed32 images; paired group-bootstrap mean of per-image pixel metrics
spacenet7__panopticon__full_finetune__deep_ensemble,spacenet7__panopticon__frozen__deep_ensemble,spacenet7,full_recipe_minus_frozen_recipe,negative_margin,risk_at_0.9,-0.0005303553713152067,-0.001685439680308871,0.00044091529841100625,1000,32,32,10,common-valid fixed32 images; paired group-bootstrap mean of per-image pixel metrics
spacenet7__panopticon__full_finetune__deep_ensemble,spacenet7__panopticon__frozen__deep_ensemble,spacenet7,full_recipe_minus_frozen_recipe,negative_margin,risk_at_0.8,-0.0007149832589285758,-0.0021584399258695324,0.0004492085315967498,1000,32,32,10,common-valid fixed32 images; paired group-bootstrap mean of per-image pixel metrics
spacenet7__panopticon__full_finetune__deep_ensemble,spacenet7__panopticon__frozen__deep_ensemble,spacenet7,full_recipe_minus_frozen_recipe,negative_margin,risk_at_0.5,-0.0007971938775510235,-0.0030493662308673443,0.0008184316206951436,1000,32,32,10,common-valid fixed32 images; paired group-bootstrap mean of per-image pixel metrics
spacenet7__panopticon__full_finetune__deep_ensemble,spacenet7__dofa__full_finetune__deep_ensemble,spacenet7,Pan_configuration_minus_DOFA_configuration,entropy,base_risk,0.0009373256138392842,-0.00020880685507376485,0.002123221219291285,1000,32,32,10,common-valid fixed32 images; paired group-bootstrap mean of per-image pixel metrics
spacenet7__panopticon__full_finetune__deep_ensemble,spacenet7__dofa__full_finetune__deep_ensemble,spacenet7,Pan_configuration_minus_DOFA_configuration,entropy,aurc,0.0004006196285951279,-0.0008466866434465629,0.0013027531790396711,1000,32,32,10,common-valid fixed32 images; paired group-bootstrap mean of per-image pixel metrics
spacenet7__panopticon__full_finetune__deep_ensemble,spacenet7__dofa__full_finetune__deep_ensemble,spacenet7,Pan_configuration_minus_DOFA_configuration,entropy,auroc,-0.006241327356222557,-0.019522886498086877,0.008842889549274742,1000,29,32,10,common-valid fixed32 images; paired group-bootstrap mean of per-image pixel metrics
spacenet7__panopticon__full_finetune__deep_ensemble,spacenet7__dofa__full_finetune__deep_ensemble,spacenet7,Pan_configuration_minus_DOFA_configuration,entropy,average_precision,0.004163418763232906,-0.00989117394001722,0.017655605635611863,1000,29,32,10,common-valid fixed32 images; paired group-bootstrap mean of per-image pixel metrics
spacenet7__panopticon__full_finetune__deep_ensemble,spacenet7__dofa__full_finetune__deep_ensemble,spacenet7,Pan_configuration_minus_DOFA_configuration,entropy,risk_at_1,0.0009373256138392842,-0.00020880685507376485,0.002123221219291285,1000,32,32,10,common-valid fixed32 images; paired group-bootstrap mean of per-image pixel metrics
spacenet7__panopticon__full_finetune__deep_ensemble,spacenet7__dofa__full_finetune__deep_ensemble,spacenet7,Pan_configuration_minus_DOFA_configuration,entropy,risk_at_0.9,0.00032026156816891726,-0.0008829387223639554,0.0011645258689413139,1000,32,32,10,common-valid fixed32 images; paired group-bootstrap mean of per-image pixel metrics
spacenet7__panopticon__full_finetune__deep_ensemble,spacenet7__dofa__full_finetune__deep_ensemble,spacenet7,Pan_configuration_minus_DOFA_configuration,entropy,risk_at_0.8,0.0005868405711893939,-0.0009032315179141263,0.0015718990698792752,1000,32,32,10,common-valid fixed32 images; paired group-bootstrap mean of per-image pixel metrics
spacenet7__panopticon__full_finetune__deep_ensemble,spacenet7__dofa__full_finetune__deep_ensemble,spacenet7,Pan_configuration_minus_DOFA_configuration,entropy,risk_at_0.5,0.0013141242825255044,-0.0006504286728896119,0.0032163570373265732,1000,32,32,10,common-valid fixed32 images; paired group-bootstrap mean of per-image pixel metrics
spacenet7__panopticon__full_finetune__deep_ensemble,spacenet7__dofa__full_finetune__deep_ensemble,spacenet7,Pan_configuration_minus_DOFA_configuration,expected_entropy,base_risk,0.0009373256138392842,-0.00020880685507376485,0.002123221219291285,1000,32,32,10,common-valid fixed32 images; paired group-bootstrap mean of per-image pixel metrics
spacenet7__panopticon__full_finetune__deep_ensemble,spacenet7__dofa__full_finetune__deep_ensemble,spacenet7,Pan_configuration_minus_DOFA_configuration,expected_entropy,aurc,0.0004090915675511826,-0.0006744286754638808,0.001227151086614053,1000,32,32,10,common-valid fixed32 images; paired group-bootstrap mean of per-image pixel metrics
spacenet7__panopticon__full_finetune__deep_ensemble,spacenet7__dofa__full_finetune__deep_ensemble,spacenet7,Pan_configuration_minus_DOFA_configuration,expected_entropy,auroc,-0.003479723945912308,-0.014725179459798796,0.010993688371564229,1000,29,32,10,common-valid fixed32 images; paired group-bootstrap mean of per-image pixel metrics
spacenet7__panopticon__full_finetune__deep_ensemble,spacenet7__dofa__full_finetune__deep_ensemble,spacenet7,Pan_configuration_minus_DOFA_configuration,expected_entropy,average_precision,0.0031245314006125274,-0.009226724002890192,0.014952396312323944,1000,29,32,10,common-valid fixed32 images; paired group-bootstrap mean of per-image pixel metrics
spacenet7__panopticon__full_finetune__deep_ensemble,spacenet7__dofa__full_finetune__deep_ensemble,spacenet7,Pan_configuration_minus_DOFA_configuration,expected_entropy,risk_at_1,0.0009373256138392842,-0.00020880685507376485,0.002123221219291285,1000,32,32,10,common-valid fixed32 images; paired group-bootstrap mean of per-image pixel metrics
spacenet7__panopticon__full_finetune__deep_ensemble,spacenet7__dofa__full_finetune__deep_ensemble,spacenet7,Pan_configuration_minus_DOFA_configuration,expected_entropy,risk_at_0.9,0.0007220417463860507,-0.0001072712410699318,0.0014548912907786063,1000,32,32,10,common-valid fixed32 images; paired group-bootstrap mean of per-image pixel metrics
spacenet7__panopticon__full_finetune__deep_ensemble,spacenet7__dofa__full_finetune__deep_ensemble,spacenet7,Pan_configuration_minus_DOFA_configuration,expected_entropy,risk_at_0.8,0.0004709983358577804,-0.0009286522749445874,0.0015106321546475734,1000,32,32,10,common-valid fixed32 images; paired group-bootstrap mean of per-image pixel metrics
spacenet7__panopticon__full_finetune__deep_ensemble,spacenet7__dofa__full_finetune__deep_ensemble,spacenet7,Pan_configuration_minus_DOFA_configuration,expected_entropy,risk_at_0.5,0.0012854751275510176,-0.00042697032648286276,0.003025237110073008,1000,32,32,10,common-valid fixed32 images; paired group-bootstrap mean of per-image pixel metrics
spacenet7__panopticon__full_finetune__deep_ensemble,spacenet7__dofa__full_finetune__deep_ensemble,spacenet7,Pan_configuration_minus_DOFA_configuration,gini_disagreement,base_risk,0.0009373256138392842,-0.00020880685507376485,0.002123221219291285,1000,32,32,10,common-valid fixed32 images; paired group-bootstrap mean of per-image pixel metrics
spacenet7__panopticon__full_finetune__deep_ensemble,spacenet7__dofa__full_finetune__deep_ensemble,spacenet7,Pan_configuration_minus_DOFA_configuration,gini_disagreement,aurc,0.0012387070852880502,-0.00012806238130968768,0.0023805283607030553,1000,32,32,10,common-valid fixed32 images; paired group-bootstrap mean of per-image pixel metrics
spacenet7__panopticon__full_finetune__deep_ensemble,spacenet7__dofa__full_finetune__deep_ensemble,spacenet7,Pan_configuration_minus_DOFA_configuration,gini_disagreement,auroc,-0.02092043902395859,-0.04049472072166702,-0.0011909591750922678,1000,29,32,10,common-valid fixed32 images; paired group-bootstrap mean of per-image pixel metrics
spacenet7__panopticon__full_finetune__deep_ensemble,spacenet7__dofa__full_finetune__deep_ensemble,spacenet7,Pan_configuration_minus_DOFA_configuration,gini_disagreement,average_precision,-0.041104095857540136,-0.06842284981289114,-0.015718499193987892,1000,29,32,10,common-valid fixed32 images; paired group-bootstrap mean of per-image pixel metrics
spacenet7__panopticon__full_finetune__deep_ensemble,spacenet7__dofa__full_finetune__deep_ensemble,spacenet7,Pan_configuration_minus_DOFA_configuration,gini_disagreement,risk_at_1,0.0009373256138392842,-0.00020880685507376485,0.002123221219291285,1000,32,32,10,common-valid fixed32 images; paired group-bootstrap mean of per-image pixel metrics
spacenet7__panopticon__full_finetune__deep_ensemble,spacenet7__dofa__full_finetune__deep_ensemble,spacenet7,Pan_configuration_minus_DOFA_configuration,gini_disagreement,risk_at_0.9,0.0020995540143140495,0.0004671791625049413,0.0033405440990986537,1000,32,32,10,common-valid fixed32 images; paired group-bootstrap mean of per-image pixel metrics
spacenet7__panopticon__full_finetune__deep_ensemble,spacenet7__dofa__full_finetune__deep_ensemble,spacenet7,Pan_configuration_minus_DOFA_configuration,gini_disagreement,risk_at_0.8,0.0020415636957908045,7.378714425223296e-05,0.0035662035272904804,1000,32,32,10,common-valid fixed32 images; paired group-bootstrap mean of per-image pixel metrics
spacenet7__panopticon__full_finetune__deep_ensemble,spacenet7__dofa__full_finetune__deep_ensemble,spacenet7,Pan_configuration_minus_DOFA_configuration,gini_disagreement,risk_at_0.5,0.002233388472576525,6.737319119457883e-05,0.004447088185072411,1000,32,32,10,common-valid fixed32 images; paired group-bootstrap mean of per-image pixel metrics
spacenet7__panopticon__full_finetune__deep_ensemble,spacenet7__dofa__full_finetune__deep_ensemble,spacenet7,Pan_configuration_minus_DOFA_configuration,gini_expected,base_risk,0.0009373256138392842,-0.00020880685507376485,0.002123221219291285,1000,32,32,10,common-valid fixed32 images; paired group-bootstrap mean of per-image pixel metrics
spacenet7__panopticon__full_finetune__deep_ensemble,spacenet7__dofa__full_finetune__deep_ensemble,spacenet7,Pan_configuration_minus_DOFA_configuration,gini_expected,aurc,0.0006510769536836233,-0.0005818068588618717,0.0016906148739726876,1000,32,32,10,common-valid fixed32 images; paired group-bootstrap mean of per-image pixel metrics
spacenet7__panopticon__full_finetune__deep_ensemble,spacenet7__dofa__full_finetune__deep_ensemble,spacenet7,Pan_configuration_minus_DOFA_configuration,gini_expected,auroc,-0.00544548283660619,-0.01718044548416769,0.009494166469435865,1000,29,32,10,common-valid fixed32 images; paired group-bootstrap mean of per-image pixel metrics
spacenet7__panopticon__full_finetune__deep_ensemble,spacenet7__dofa__full_finetune__deep_ensemble,spacenet7,Pan_configuration_minus_DOFA_configuration,gini_expected,average_precision,0.0019688687014138,-0.010176876615836656,0.013741622539501652,1000,29,32,10,common-valid fixed32 images; paired group-bootstrap mean of per-image pixel metrics
spacenet7__panopticon__full_finetune__deep_ensemble,spacenet7__dofa__full_finetune__deep_ensemble,spacenet7,Pan_configuration_minus_DOFA_configuration,gini_expected,risk_at_1,0.0009373256138392842,-0.00020880685507376485,0.002123221219291285,1000,32,32,10,common-valid fixed32 images; paired group-bootstrap mean of per-image pixel metrics
spacenet7__panopticon__full_finetune__deep_ensemble,spacenet7__dofa__full_finetune__deep_ensemble,spacenet7,Pan_configuration_minus_DOFA_configuration,gini_expected,risk_at_0.9,0.000792211415816321,-6.700585087446365e-05,0.0015190067641438726,1000,32,32,10,common-valid fixed32 images; paired group-bootstrap mean of per-image pixel metrics
spacenet7__panopticon__full_finetune__deep_ensemble,spacenet7__dofa__full_finetune__deep_ensemble,spacenet7,Pan_configuration_minus_DOFA_configuration,gini_expected,risk_at_0.8,0.0005197330397002614,-0.0008395560005627305,0.0015121228164080489,1000,32,32,10,common-valid fixed32 images; paired group-bootstrap mean of per-image pixel metrics
spacenet7__panopticon__full_finetune__deep_ensemble,spacenet7__dofa__full_finetune__deep_ensemble,spacenet7,Pan_configuration_minus_DOFA_configuration,gini_expected,risk_at_0.5,0.0014785455197703981,-0.0003735336464131239,0.00337389175815415,1000,32,32,10,common-valid fixed32 images; paired group-bootstrap mean of per-image pixel metrics
spacenet7__panopticon__full_finetune__deep_ensemble,spacenet7__dofa__full_finetune__deep_ensemble,spacenet7,Pan_configuration_minus_DOFA_configuration,gini_total,base_risk,0.0009373256138392842,-0.00020880685507376485,0.002123221219291285,1000,32,32,10,common-valid fixed32 images; paired group-bootstrap mean of per-image pixel metrics
spacenet7__panopticon__full_finetune__deep_ensemble,spacenet7__dofa__full_finetune__deep_ensemble,spacenet7,Pan_configuration_minus_DOFA_configuration,gini_total,aurc,0.000492053594982969,-0.0007923789132131926,0.001466844910009049,1000,32,32,10,common-valid fixed32 images; paired group-bootstrap mean of per-image pixel metrics
spacenet7__panopticon__full_finetune__deep_ensemble,spacenet7__dofa__full_finetune__deep_ensemble,spacenet7,Pan_configuration_minus_DOFA_configuration,gini_total,auroc,-0.006262151287356613,-0.019511911137385294,0.008770764664900742,1000,29,32,10,common-valid fixed32 images; paired group-bootstrap mean of per-image pixel metrics
spacenet7__panopticon__full_finetune__deep_ensemble,spacenet7__dofa__full_finetune__deep_ensemble,spacenet7,Pan_configuration_minus_DOFA_configuration,gini_total,average_precision,0.004167974795815273,-0.009892809057668159,0.017673392888295288,1000,29,32,10,common-valid fixed32 images; paired group-bootstrap mean of per-image pixel metrics
spacenet7__panopticon__full_finetune__deep_ensemble,spacenet7__dofa__full_finetune__deep_ensemble,spacenet7,Pan_configuration_minus_DOFA_configuration,gini_total,risk_at_1,0.0009373256138392842,-0.00020880685507376485,0.002123221219291285,1000,32,32,10,common-valid fixed32 images; paired group-bootstrap mean of per-image pixel metrics
spacenet7__panopticon__full_finetune__deep_ensemble,spacenet7__dofa__full_finetune__deep_ensemble,spacenet7,Pan_configuration_minus_DOFA_configuration,gini_total,risk_at_0.9,0.00032026156816891726,-0.0008829387223639554,0.0011645258689413139,1000,32,32,10,common-valid fixed32 images; paired group-bootstrap mean of per-image pixel metrics
spacenet7__panopticon__full_finetune__deep_ensemble,spacenet7__dofa__full_finetune__deep_ensemble,spacenet7,Pan_configuration_minus_DOFA_configuration,gini_total,risk_at_0.8,0.0005874633789062344,-0.0009032137234079309,0.0015718990698792752,1000,32,32,10,common-valid fixed32 images; paired group-bootstrap mean of per-image pixel metrics
spacenet7__panopticon__full_finetune__deep_ensemble,spacenet7__dofa__full_finetune__deep_ensemble,spacenet7,Pan_configuration_minus_DOFA_configuration,gini_total,risk_at_0.5,0.0013141242825255044,-0.0006551725803958017,0.003217573781864892,1000,32,32,10,common-valid fixed32 images; paired group-bootstrap mean of per-image pixel metrics
spacenet7__panopticon__full_finetune__deep_ensemble,spacenet7__dofa__full_finetune__deep_ensemble,spacenet7,Pan_configuration_minus_DOFA_configuration,msp,base_risk,0.0009373256138392842,-0.00020880685507376485,0.002123221219291285,1000,32,32,10,common-valid fixed32 images; paired group-bootstrap mean of per-image pixel metrics
spacenet7__panopticon__full_finetune__deep_ensemble,spacenet7__dofa__full_finetune__deep_ensemble,spacenet7,Pan_configuration_minus_DOFA_configuration,msp,aurc,0.00051110809364942,-0.0007520216703818978,0.0014564073834949156,1000,32,32,10,common-valid fixed32 images; paired group-bootstrap mean of per-image pixel metrics
spacenet7__panopticon__full_finetune__deep_ensemble,spacenet7__dofa__full_finetune__deep_ensemble,spacenet7,Pan_configuration_minus_DOFA_configuration,msp,auroc,-0.006255824909724829,-0.019519630747791936,0.008803893746675817,1000,29,32,10,common-valid fixed32 images; paired group-bootstrap mean of per-image pixel metrics
spacenet7__panopticon__full_finetune__deep_ensemble,spacenet7__dofa__full_finetune__deep_ensemble,spacenet7,Pan_configuration_minus_DOFA_configuration,msp,average_precision,0.004172699340193887,-0.009890705969277217,0.01767174330667334,1000,29,32,10,common-valid fixed32 images; paired group-bootstrap mean of per-image pixel metrics
spacenet7__panopticon__full_finetune__deep_ensemble,spacenet7__dofa__full_finetune__deep_ensemble,spacenet7,Pan_configuration_minus_DOFA_configuration,msp,risk_at_1,0.0009373256138392842,-0.00020880685507376485,0.002123221219291285,1000,32,32,10,common-valid fixed32 images; paired group-bootstrap mean of per-image pixel metrics
spacenet7__panopticon__full_finetune__deep_ensemble,spacenet7__dofa__full_finetune__deep_ensemble,spacenet7,Pan_configuration_minus_DOFA_configuration,msp,risk_at_0.9,0.00032026156816891726,-0.0008829387223639554,0.0011645258689413139,1000,32,32,10,common-valid fixed32 images; paired group-bootstrap mean of per-image pixel metrics
spacenet7__panopticon__full_finetune__deep_ensemble,spacenet7__dofa__full_finetune__deep_ensemble,spacenet7,Pan_configuration_minus_DOFA_configuration,msp,risk_at_0.8,0.0005872168508516532,-0.0009032207670666332,0.0015718990698792752,1000,32,32,10,common-valid fixed32 images; paired group-bootstrap mean of per-image pixel metrics
spacenet7__panopticon__full_finetune__deep_ensemble,spacenet7__dofa__full_finetune__deep_ensemble,spacenet7,Pan_configuration_minus_DOFA_configuration,msp,risk_at_0.5,0.0013154643724126855,-0.0006508245606534957,0.0032180185678776715,1000,32,32,10,common-valid fixed32 images; paired group-bootstrap mean of per-image pixel metrics
spacenet7__panopticon__full_finetune__deep_ensemble,spacenet7__dofa__full_finetune__deep_ensemble,spacenet7,Pan_configuration_minus_DOFA_configuration,mutual_information,base_risk,0.0009373256138392842,-0.00020880685507376485,0.002123221219291285,1000,32,32,10,common-valid fixed32 images; paired group-bootstrap mean of per-image pixel metrics
spacenet7__panopticon__full_finetune__deep_ensemble,spacenet7__dofa__full_finetune__deep_ensemble,spacenet7,Pan_configuration_minus_DOFA_configuration,mutual_information,aurc,0.0022198056592045053,0.0006311624919850029,0.003697195669584268,1000,32,32,10,common-valid fixed32 images; paired group-bootstrap mean of per-image pixel metrics
spacenet7__panopticon__full_finetune__deep_ensemble,spacenet7__dofa__full_finetune__deep_ensemble,spacenet7,Pan_configuration_minus_DOFA_configuration,mutual_information,auroc,-0.03596973178678569,-0.06350447477987177,-0.010855048488073555,1000,29,32,10,common-valid fixed32 images; paired group-bootstrap mean of per-image pixel metrics
spacenet7__panopticon__full_finetune__deep_ensemble,spacenet7__dofa__full_finetune__deep_ensemble,spacenet7,Pan_configuration_minus_DOFA_configuration,mutual_information,average_precision,-0.04537600629223871,-0.07374797583073679,-0.02038809313634262,1000,29,32,10,common-valid fixed32 images; paired group-bootstrap mean of per-image pixel metrics
spacenet7__panopticon__full_finetune__deep_ensemble,spacenet7__dofa__full_finetune__deep_ensemble,spacenet7,Pan_configuration_minus_DOFA_configuration,mutual_information,risk_at_1,0.0009373256138392842,-0.00020880685507376485,0.002123221219291285,1000,32,32,10,common-valid fixed32 images; paired group-bootstrap mean of per-image pixel metrics
spacenet7__panopticon__full_finetune__deep_ensemble,spacenet7__dofa__full_finetune__deep_ensemble,spacenet7,Pan_configuration_minus_DOFA_configuration,mutual_information,risk_at_0.9,0.002764020647321432,0.0009170969799210032,0.00416948641457745,1000,32,32,10,common-valid fixed32 images; paired group-bootstrap mean of per-image pixel metrics
spacenet7__panopticon__full_finetune__deep_ensemble,spacenet7__dofa__full_finetune__deep_ensemble,spacenet7,Pan_configuration_minus_DOFA_configuration,mutual_information,risk_at_0.8,0.0032308150310905574,0.000998752189844562,0.004853542761621954,1000,32,32,10,common-valid fixed32 images; paired group-bootstrap mean of per-image pixel metrics
spacenet7__panopticon__full_finetune__deep_ensemble,spacenet7__dofa__full_finetune__deep_ensemble,spacenet7,Pan_configuration_minus_DOFA_configuration,mutual_information,risk_at_0.5,0.0038115832270408045,0.0010143975745059682,0.006829324414424864,1000,32,32,10,common-valid fixed32 images; paired group-bootstrap mean of per-image pixel metrics
spacenet7__panopticon__full_finetune__deep_ensemble,spacenet7__dofa__full_finetune__deep_ensemble,spacenet7,Pan_configuration_minus_DOFA_configuration,negative_margin,base_risk,0.0009373256138392842,-0.00020880685507376485,0.002123221219291285,1000,32,32,10,common-valid fixed32 images; paired group-bootstrap mean of per-image pixel metrics
spacenet7__panopticon__full_finetune__deep_ensemble,spacenet7__dofa__full_finetune__deep_ensemble,spacenet7,Pan_configuration_minus_DOFA_configuration,negative_margin,aurc,0.0003994366654906637,-0.0008489806576662313,0.0013021241823600585,1000,32,32,10,common-valid fixed32 images; paired group-bootstrap mean of per-image pixel metrics
spacenet7__panopticon__full_finetune__deep_ensemble,spacenet7__dofa__full_finetune__deep_ensemble,spacenet7,Pan_configuration_minus_DOFA_configuration,negative_margin,auroc,-0.00624479402320846,-0.019522394824922386,0.008831913196029604,1000,29,32,10,common-valid fixed32 images; paired group-bootstrap mean of per-image pixel metrics
spacenet7__panopticon__full_finetune__deep_ensemble,spacenet7__dofa__full_finetune__deep_ensemble,spacenet7,Pan_configuration_minus_DOFA_configuration,negative_margin,average_precision,0.004159352779662527,-0.009901902715574985,0.01765635866344083,1000,29,32,10,common-valid fixed32 images; paired group-bootstrap mean of per-image pixel metrics
spacenet7__panopticon__full_finetune__deep_ensemble,spacenet7__dofa__full_finetune__deep_ensemble,spacenet7,Pan_configuration_minus_DOFA_configuration,negative_margin,risk_at_1,0.0009373256138392842,-0.00020880685507376485,0.002123221219291285,1000,32,32,10,common-valid fixed32 images; paired group-bootstrap mean of per-image pixel metrics
spacenet7__panopticon__full_finetune__deep_ensemble,spacenet7__dofa__full_finetune__deep_ensemble,spacenet7,Pan_configuration_minus_DOFA_configuration,negative_margin,risk_at_0.9,0.00032026156816891726,-0.0008829387223639554,0.0011645258689413139,1000,32,32,10,common-valid fixed32 images; paired group-bootstrap mean of per-image pixel metrics
spacenet7__panopticon__full_finetune__deep_ensemble,spacenet7__dofa__full_finetune__deep_ensemble,spacenet7,Pan_configuration_minus_DOFA_configuration,negative_margin,risk_at_0.8,0.0005868405711893939,-0.0009032315179141263,0.0015718990698792752,1000,32,32,10,common-valid fixed32 images; paired group-bootstrap mean of per-image pixel metrics
spacenet7__panopticon__full_finetune__deep_ensemble,spacenet7__dofa__full_finetune__deep_ensemble,spacenet7,Pan_configuration_minus_DOFA_configuration,negative_margin,risk_at_0.5,0.0013153698979591793,-0.0006504286728896119,0.0032176106889888526,1000,32,32,10,common-valid fixed32 images; paired group-bootstrap mean of per-image pixel metrics
cloudsen12__dofa__full_finetune__deterministic__42,cloudsen12__dofa__frozen__deterministic__42,cloudsen12,full_recipe_minus_frozen_recipe,entropy,base_risk,-0.00940439652423469,-0.021907251531427543,0.0065694641957085255,1000,32,32,30,common-valid fixed32 images; paired group-bootstrap mean of per-image pixel metrics
cloudsen12__dofa__full_finetune__deterministic__42,cloudsen12__dofa__frozen__deterministic__42,cloudsen12,full_recipe_minus_frozen_recipe,entropy,aurc,-0.004426911319870177,-0.013068643516568095,0.005445494587780672,1000,32,32,30,common-valid fixed32 images; paired group-bootstrap mean of per-image pixel metrics
cloudsen12__dofa__full_finetune__deterministic__42,cloudsen12__dofa__frozen__deterministic__42,cloudsen12,full_recipe_minus_frozen_recipe,entropy,auroc,0.021183171934997493,0.0027125437760608293,0.04625401555768975,1000,25,32,24,common-valid fixed32 images; paired group-bootstrap mean of per-image pixel metrics
cloudsen12__dofa__full_finetune__deterministic__42,cloudsen12__dofa__frozen__deterministic__42,cloudsen12,full_recipe_minus_frozen_recipe,entropy,average_precision,0.028041021946575144,-0.00442261802780114,0.06430559386016908,1000,25,32,24,common-valid fixed32 images; paired group-bootstrap mean of per-image pixel metrics
cloudsen12__dofa__full_finetune__deterministic__42,cloudsen12__dofa__frozen__deterministic__42,cloudsen12,full_recipe_minus_frozen_recipe,entropy,risk_at_1,-0.00940439652423469,-0.021907251531427543,0.0065694641957085255,1000,32,32,30,common-valid fixed32 images; paired group-bootstrap mean of per-image pixel metrics
cloudsen12__dofa__full_finetune__deterministic__42,cloudsen12__dofa__frozen__deterministic__42,cloudsen12,full_recipe_minus_frozen_recipe,entropy,risk_at_0.9,-0.010522267175099213,-0.02283720691164723,0.0052961889560931615,1000,32,32,30,common-valid fixed32 images; paired group-bootstrap mean of per-image pixel metrics
cloudsen12__dofa__full_finetune__deterministic__42,cloudsen12__dofa__frozen__deterministic__42,cloudsen12,full_recipe_minus_frozen_recipe,entropy,risk_at_0.8,-0.007888171137595662,-0.0204706172368501,0.0077153365968323714,1000,32,32,30,common-valid fixed32 images; paired group-bootstrap mean of per-image pixel metrics
cloudsen12__dofa__full_finetune__deterministic__42,cloudsen12__dofa__frozen__deterministic__42,cloudsen12,full_recipe_minus_frozen_recipe,entropy,risk_at_0.5,0.0011497030452806232,-0.008770682752267561,0.012453020207579003,1000,32,32,30,common-valid fixed32 images; paired group-bootstrap mean of per-image pixel metrics
cloudsen12__dofa__full_finetune__deterministic__42,cloudsen12__dofa__frozen__deterministic__42,cloudsen12,full_recipe_minus_frozen_recipe,gini_total,base_risk,-0.00940439652423469,-0.021907251531427543,0.0065694641957085255,1000,32,32,30,common-valid fixed32 images; paired group-bootstrap mean of per-image pixel metrics
cloudsen12__dofa__full_finetune__deterministic__42,cloudsen12__dofa__frozen__deterministic__42,cloudsen12,full_recipe_minus_frozen_recipe,gini_total,aurc,-0.004635973343469085,-0.013317892355703968,0.005372733539309071,1000,32,32,30,common-valid fixed32 images; paired group-bootstrap mean of per-image pixel metrics
cloudsen12__dofa__full_finetune__deterministic__42,cloudsen12__dofa__frozen__deterministic__42,cloudsen12,full_recipe_minus_frozen_recipe,gini_total,auroc,0.018744433598111905,0.0009467422981073008,0.0424739556922107,1000,25,32,24,common-valid fixed32 images; paired group-bootstrap mean of per-image pixel metrics
cloudsen12__dofa__full_finetune__deterministic__42,cloudsen12__dofa__frozen__deterministic__42,cloudsen12,full_recipe_minus_frozen_recipe,gini_total,average_precision,0.019559454178702442,-0.00857998390324248,0.05117340527457868,1000,25,32,24,common-valid fixed32 images; paired group-bootstrap mean of per-image pixel metrics
cloudsen12__dofa__full_finetune__deterministic__42,cloudsen12__dofa__frozen__deterministic__42,cloudsen12,full_recipe_minus_frozen_recipe,gini_total,risk_at_1,-0.00940439652423469,-0.021907251531427543,0.0065694641957085255,1000,32,32,30,common-valid fixed32 images; paired group-bootstrap mean of per-image pixel metrics
cloudsen12__dofa__full_finetune__deterministic__42,cloudsen12__dofa__frozen__deterministic__42,cloudsen12,full_recipe_minus_frozen_recipe,gini_total,risk_at_0.9,-0.00894019717261905,-0.021215751925770306,0.006772857458413052,1000,32,32,30,common-valid fixed32 images; paired group-bootstrap mean of per-image pixel metrics
cloudsen12__dofa__full_finetune__deterministic__42,cloudsen12__dofa__frozen__deterministic__42,cloudsen12,full_recipe_minus_frozen_recipe,gini_total,risk_at_0.8,-0.00611659458705357,-0.018279742427866025,0.009246312355508615,1000,32,32,30,common-valid fixed32 images; paired group-bootstrap mean of per-image pixel metrics
cloudsen12__dofa__full_finetune__deterministic__42,cloudsen12__dofa__frozen__deterministic__42,cloudsen12,full_recipe_minus_frozen_recipe,gini_total,risk_at_0.5,-3.985969387754868e-05,-0.009707315099335185,0.011253055909863948,1000,32,32,30,common-valid fixed32 images; paired group-bootstrap mean of per-image pixel metrics
cloudsen12__dofa__full_finetune__deterministic__42,cloudsen12__dofa__frozen__deterministic__42,cloudsen12,full_recipe_minus_frozen_recipe,msp,base_risk,-0.00940439652423469,-0.021907251531427543,0.0065694641957085255,1000,32,32,30,common-valid fixed32 images; paired group-bootstrap mean of per-image pixel metrics
cloudsen12__dofa__full_finetune__deterministic__42,cloudsen12__dofa__frozen__deterministic__42,cloudsen12,full_recipe_minus_frozen_recipe,msp,aurc,-0.005026268618138946,-0.013796299786818336,0.005091190991565555,1000,32,32,30,common-valid fixed32 images; paired group-bootstrap mean of per-image pixel metrics
cloudsen12__dofa__full_finetune__deterministic__42,cloudsen12__dofa__frozen__deterministic__42,cloudsen12,full_recipe_minus_frozen_recipe,msp,auroc,0.018800086019621222,0.0008151661755310688,0.042407445766560796,1000,25,32,24,common-valid fixed32 images; paired group-bootstrap mean of per-image pixel metrics
cloudsen12__dofa__full_finetune__deterministic__42,cloudsen12__dofa__frozen__deterministic__42,cloudsen12,full_recipe_minus_frozen_recipe,msp,average_precision,0.010648356223709562,-0.01410981015722529,0.03811517514153978,1000,25,32,24,common-valid fixed32 images; paired group-bootstrap mean of per-image pixel metrics
cloudsen12__dofa__full_finetune__deterministic__42,cloudsen12__dofa__frozen__deterministic__42,cloudsen12,full_recipe_minus_frozen_recipe,msp,risk_at_1,-0.00940439652423469,-0.021907251531427543,0.0065694641957085255,1000,32,32,30,common-valid fixed32 images; paired group-bootstrap mean of per-image pixel metrics
cloudsen12__dofa__full_finetune__deterministic__42,cloudsen12__dofa__frozen__deterministic__42,cloudsen12,full_recipe_minus_frozen_recipe,msp,risk_at_0.9,-0.007770979485544224,-0.02024314089831908,0.008055309111211701,1000,32,32,30,common-valid fixed32 images; paired group-bootstrap mean of per-image pixel metrics
cloudsen12__dofa__full_finetune__deterministic__42,cloudsen12__dofa__frozen__deterministic__42,cloudsen12,full_recipe_minus_frozen_recipe,msp,risk_at_0.8,-0.005951394840162626,-0.018101997879229812,0.009495074213767541,1000,32,32,30,common-valid fixed32 images; paired group-bootstrap mean of per-image pixel metrics
cloudsen12__dofa__full_finetune__deterministic__42,cloudsen12__dofa__frozen__deterministic__42,cloudsen12,full_recipe_minus_frozen_recipe,msp,risk_at_0.5,-0.001310387436224487,-0.010700757575757563,0.009948884094653486,1000,32,32,30,common-valid fixed32 images; paired group-bootstrap mean of per-image pixel metrics
cloudsen12__dofa__full_finetune__deterministic__42,cloudsen12__dofa__frozen__deterministic__42,cloudsen12,full_recipe_minus_frozen_recipe,negative_margin,base_risk,-0.00940439652423469,-0.021907251531427543,0.0065694641957085255,1000,32,32,30,common-valid fixed32 images; paired group-bootstrap mean of per-image pixel metrics
cloudsen12__dofa__full_finetune__deterministic__42,cloudsen12__dofa__frozen__deterministic__42,cloudsen12,full_recipe_minus_frozen_recipe,negative_margin,aurc,-0.005611559429389513,-0.01467670705220074,0.004642916579495228,1000,32,32,30,common-valid fixed32 images; paired group-bootstrap mean of per-image pixel metrics
cloudsen12__dofa__full_finetune__deterministic__42,cloudsen12__dofa__frozen__deterministic__42,cloudsen12,full_recipe_minus_frozen_recipe,negative_margin,auroc,0.019468093082162415,0.0018546761616394952,0.042630844814369136,1000,25,32,24,common-valid fixed32 images; paired group-bootstrap mean of per-image pixel metrics
cloudsen12__dofa__full_finetune__deterministic__42,cloudsen12__dofa__frozen__deterministic__42,cloudsen12,full_recipe_minus_frozen_recipe,negative_margin,average_precision,0.007253466627193081,-0.013634120763111405,0.030555079476492764,1000,25,32,24,common-valid fixed32 images; paired group-bootstrap mean of per-image pixel metrics
cloudsen12__dofa__full_finetune__deterministic__42,cloudsen12__dofa__frozen__deterministic__42,cloudsen12,full_recipe_minus_frozen_recipe,negative_margin,risk_at_1,-0.00940439652423469,-0.021907251531427543,0.0065694641957085255,1000,32,32,30,common-valid fixed32 images; paired group-bootstrap mean of per-image pixel metrics
cloudsen12__dofa__full_finetune__deterministic__42,cloudsen12__dofa__frozen__deterministic__42,cloudsen12,full_recipe_minus_frozen_recipe,negative_margin,risk_at_0.9,-0.00796404987776362,-0.020543935347576547,0.008140000424312867,1000,32,32,30,common-valid fixed32 images; paired group-bootstrap mean of per-image pixel metrics
cloudsen12__dofa__full_finetune__deterministic__42,cloudsen12__dofa__frozen__deterministic__42,cloudsen12,full_recipe_minus_frozen_recipe,negative_margin,risk_at_0.8,-0.006233838139748073,-0.018280459975284262,0.009208974773381045,1000,32,32,30,common-valid fixed32 images; paired group-bootstrap mean of per-image pixel metrics
cloudsen12__dofa__full_finetune__deterministic__42,cloudsen12__dofa__frozen__deterministic__42,cloudsen12,full_recipe_minus_frozen_recipe,negative_margin,risk_at_0.5,-0.0022308972417091804,-0.011964438656404825,0.009208579349078335,1000,32,32,30,common-valid fixed32 images; paired group-bootstrap mean of per-image pixel metrics
cloudsen12__panopticon__frozen__deterministic__42,cloudsen12__dofa__frozen__deterministic__42,cloudsen12,Pan_configuration_minus_DOFA_configuration,entropy,base_risk,-0.013222207828443877,-0.030234821911719233,0.0006474001430929458,1000,32,32,30,common-valid fixed32 images; paired group-bootstrap mean of per-image pixel metrics
cloudsen12__panopticon__frozen__deterministic__42,cloudsen12__dofa__frozen__deterministic__42,cloudsen12,Pan_configuration_minus_DOFA_configuration,entropy,aurc,-0.008277999918674348,-0.019904556699420487,0.0029384612637752016,1000,32,32,30,common-valid fixed32 images; paired group-bootstrap mean of per-image pixel metrics
cloudsen12__panopticon__frozen__deterministic__42,cloudsen12__dofa__frozen__deterministic__42,cloudsen12,Pan_configuration_minus_DOFA_configuration,entropy,auroc,0.015938773655935337,-0.005405998741060612,0.03769267697297278,1000,26,32,25,common-valid fixed32 images; paired group-bootstrap mean of per-image pixel metrics
cloudsen12__panopticon__frozen__deterministic__42,cloudsen12__dofa__frozen__deterministic__42,cloudsen12,Pan_configuration_minus_DOFA_configuration,entropy,average_precision,0.02032949704753651,-0.021967940412259634,0.0616803853548568,1000,26,32,25,common-valid fixed32 images; paired group-bootstrap mean of per-image pixel metrics
cloudsen12__panopticon__frozen__deterministic__42,cloudsen12__dofa__frozen__deterministic__42,cloudsen12,Pan_configuration_minus_DOFA_configuration,entropy,risk_at_1,-0.013222207828443877,-0.030234821911719233,0.0006474001430929458,1000,32,32,30,common-valid fixed32 images; paired group-bootstrap mean of per-image pixel metrics
cloudsen12__panopticon__frozen__deterministic__42,cloudsen12__dofa__frozen__deterministic__42,cloudsen12,Pan_configuration_minus_DOFA_configuration,entropy,risk_at_0.9,-0.014936036263463714,-0.03180343231042415,-0.0004660404898566518,1000,32,32,30,common-valid fixed32 images; paired group-bootstrap mean of per-image pixel metrics
cloudsen12__panopticon__frozen__deterministic__42,cloudsen12__dofa__frozen__deterministic__42,cloudsen12,Pan_configuration_minus_DOFA_configuration,entropy,risk_at_0.8,-0.01359620386240434,-0.029391719507548476,0.00029615784904667755,1000,32,32,30,common-valid fixed32 images; paired group-bootstrap mean of per-image pixel metrics
cloudsen12__panopticon__frozen__deterministic__42,cloudsen12__dofa__frozen__deterministic__42,cloudsen12,Pan_configuration_minus_DOFA_configuration,entropy,risk_at_0.5,-0.008254693478954068,-0.021127038067936334,0.0026068976697822053,1000,32,32,30,common-valid fixed32 images; paired group-bootstrap mean of per-image pixel metrics
cloudsen12__panopticon__frozen__deterministic__42,cloudsen12__dofa__frozen__deterministic__42,cloudsen12,Pan_configuration_minus_DOFA_configuration,gini_total,base_risk,-0.013222207828443877,-0.030234821911719233,0.0006474001430929458,1000,32,32,30,common-valid fixed32 images; paired group-bootstrap mean of per-image pixel metrics
cloudsen12__panopticon__frozen__deterministic__42,cloudsen12__dofa__frozen__deterministic__42,cloudsen12,Pan_configuration_minus_DOFA_configuration,gini_total,aurc,-0.009146865088120192,-0.021367322671172213,0.002358757020302874,1000,32,32,30,common-valid fixed32 images; paired group-bootstrap mean of per-image pixel metrics
cloudsen12__panopticon__frozen__deterministic__42,cloudsen12__dofa__frozen__deterministic__42,cloudsen12,Pan_configuration_minus_DOFA_configuration,gini_total,auroc,0.014803241580914263,-0.0034838834691956395,0.03425813442973522,1000,26,32,25,common-valid fixed32 images; paired group-bootstrap mean of per-image pixel metrics
cloudsen12__panopticon__frozen__deterministic__42,cloudsen12__dofa__frozen__deterministic__42,cloudsen12,Pan_configuration_minus_DOFA_configuration,gini_total,average_precision,0.015630419795466675,-0.022002919745357136,0.05145198693056961,1000,26,32,25,common-valid fixed32 images; paired group-bootstrap mean of per-image pixel metrics
cloudsen12__panopticon__frozen__deterministic__42,cloudsen12__dofa__frozen__deterministic__42,cloudsen12,Pan_configuration_minus_DOFA_configuration,gini_total,risk_at_1,-0.013222207828443877,-0.030234821911719233,0.0006474001430929458,1000,32,32,30,common-valid fixed32 images; paired group-bootstrap mean of per-image pixel metrics
cloudsen12__panopticon__frozen__deterministic__42,cloudsen12__dofa__frozen__deterministic__42,cloudsen12,Pan_configuration_minus_DOFA_configuration,gini_total,risk_at_0.9,-0.014048466066113954,-0.030838928334270547,0.0005348868950989415,1000,32,32,30,common-valid fixed32 images; paired group-bootstrap mean of per-image pixel metrics
cloudsen12__panopticon__frozen__deterministic__42,cloudsen12__dofa__frozen__deterministic__42,cloudsen12,Pan_configuration_minus_DOFA_configuration,gini_total,risk_at_0.8,-0.012347318688217469,-0.029104034268126175,0.0018741528635490882,1000,32,32,30,common-valid fixed32 images; paired group-bootstrap mean of per-image pixel metrics
cloudsen12__panopticon__frozen__deterministic__42,cloudsen12__dofa__frozen__deterministic__42,cloudsen12,Pan_configuration_minus_DOFA_configuration,gini_total,risk_at_0.5,-0.01009820432079081,-0.024477189754429987,0.0015468693580948027,1000,32,32,30,common-valid fixed32 images; paired group-bootstrap mean of per-image pixel metrics
cloudsen12__panopticon__frozen__deterministic__42,cloudsen12__dofa__frozen__deterministic__42,cloudsen12,Pan_configuration_minus_DOFA_configuration,msp,base_risk,-0.013222207828443877,-0.030234821911719233,0.0006474001430929458,1000,32,32,30,common-valid fixed32 images; paired group-bootstrap mean of per-image pixel metrics
cloudsen12__panopticon__frozen__deterministic__42,cloudsen12__dofa__frozen__deterministic__42,cloudsen12,Pan_configuration_minus_DOFA_configuration,msp,aurc,-0.009640651521270555,-0.02258206043730187,0.0020880757589590475,1000,32,32,30,common-valid fixed32 images; paired group-bootstrap mean of per-image pixel metrics
cloudsen12__panopticon__frozen__deterministic__42,cloudsen12__dofa__frozen__deterministic__42,cloudsen12,Pan_configuration_minus_DOFA_configuration,msp,auroc,0.01471388766304165,-0.002683147114866599,0.0328819974003227,1000,26,32,25,common-valid fixed32 images; paired group-bootstrap mean of per-image pixel metrics
cloudsen12__panopticon__frozen__deterministic__42,cloudsen12__dofa__frozen__deterministic__42,cloudsen12,Pan_configuration_minus_DOFA_configuration,msp,average_precision,0.008697395795496408,-0.02282935870269883,0.038867869433472764,1000,26,32,25,common-valid fixed32 images; paired group-bootstrap mean of per-image pixel metrics
cloudsen12__panopticon__frozen__deterministic__42,cloudsen12__dofa__frozen__deterministic__42,cloudsen12,Pan_configuration_minus_DOFA_configuration,msp,risk_at_1,-0.013222207828443877,-0.030234821911719233,0.0006474001430929458,1000,32,32,30,common-valid fixed32 images; paired group-bootstrap mean of per-image pixel metrics
cloudsen12__panopticon__frozen__deterministic__42,cloudsen12__dofa__frozen__deterministic__42,cloudsen12,Pan_configuration_minus_DOFA_configuration,msp,risk_at_0.9,-0.013191897852891168,-0.030381297974498952,0.001381027000446638,1000,32,32,30,common-valid fixed32 images; paired group-bootstrap mean of per-image pixel metrics
cloudsen12__panopticon__frozen__deterministic__42,cloudsen12__dofa__frozen__deterministic__42,cloudsen12,Pan_configuration_minus_DOFA_configuration,msp,risk_at_0.8,-0.012310884436782524,-0.02972390009746338,0.002582188068477934,1000,32,32,30,common-valid fixed32 images; paired group-bootstrap mean of per-image pixel metrics
cloudsen12__panopticon__frozen__deterministic__42,cloudsen12__dofa__frozen__deterministic__42,cloudsen12,Pan_configuration_minus_DOFA_configuration,msp,risk_at_0.5,-0.011398626833545917,-0.026067741549744887,0.0007277272259223352,1000,32,32,30,common-valid fixed32 images; paired group-bootstrap mean of per-image pixel metrics
cloudsen12__panopticon__frozen__deterministic__42,cloudsen12__dofa__frozen__deterministic__42,cloudsen12,Pan_configuration_minus_DOFA_configuration,negative_margin,base_risk,-0.013222207828443877,-0.030234821911719233,0.0006474001430929458,1000,32,32,30,common-valid fixed32 images; paired group-bootstrap mean of per-image pixel metrics
cloudsen12__panopticon__frozen__deterministic__42,cloudsen12__dofa__frozen__deterministic__42,cloudsen12,Pan_configuration_minus_DOFA_configuration,negative_margin,aurc,-0.010600672275212275,-0.024299659668628695,0.001636895473727757,1000,32,32,30,common-valid fixed32 images; paired group-bootstrap mean of per-image pixel metrics
cloudsen12__panopticon__frozen__deterministic__42,cloudsen12__dofa__frozen__deterministic__42,cloudsen12,Pan_configuration_minus_DOFA_configuration,negative_margin,auroc,0.015693609735629024,-0.0003706738278295348,0.032601163888823406,1000,26,32,25,common-valid fixed32 images; paired group-bootstrap mean of per-image pixel metrics
cloudsen12__panopticon__frozen__deterministic__42,cloudsen12__dofa__frozen__deterministic__42,cloudsen12,Pan_configuration_minus_DOFA_configuration,negative_margin,average_precision,0.005492010737323254,-0.02048685836215085,0.031334448889340234,1000,26,32,25,common-valid fixed32 images; paired group-bootstrap mean of per-image pixel metrics
cloudsen12__panopticon__frozen__deterministic__42,cloudsen12__dofa__frozen__deterministic__42,cloudsen12,Pan_configuration_minus_DOFA_configuration,negative_margin,risk_at_1,-0.013222207828443877,-0.030234821911719233,0.0006474001430929458,1000,32,32,30,common-valid fixed32 images; paired group-bootstrap mean of per-image pixel metrics
cloudsen12__panopticon__frozen__deterministic__42,cloudsen12__dofa__frozen__deterministic__42,cloudsen12,Pan_configuration_minus_DOFA_configuration,negative_margin,risk_at_0.9,-0.013361716757015302,-0.031199778820476528,0.0013434311601948927,1000,32,32,30,common-valid fixed32 images; paired group-bootstrap mean of per-image pixel metrics
cloudsen12__panopticon__frozen__deterministic__42,cloudsen12__dofa__frozen__deterministic__42,cloudsen12,Pan_configuration_minus_DOFA_configuration,negative_margin,risk_at_0.8,-0.012630229093590557,-0.030430577914129356,0.0024779332224664995,1000,32,32,30,common-valid fixed32 images; paired group-bootstrap mean of per-image pixel metrics
cloudsen12__panopticon__frozen__deterministic__42,cloudsen12__dofa__frozen__deterministic__42,cloudsen12,Pan_configuration_minus_DOFA_configuration,negative_margin,risk_at_0.5,-0.012361487563775501,-0.027423328753754528,8.586457696558573e-05,1000,32,32,30,common-valid fixed32 images; paired group-bootstrap mean of per-image pixel metrics
cloudsen12__panopticon__full_finetune__deterministic__42,cloudsen12__panopticon__frozen__deterministic__42,cloudsen12,full_recipe_minus_frozen_recipe,entropy,base_risk,-0.004989312619579066,-0.02184050289149749,0.018111014380894422,1000,32,32,30,common-valid fixed32 images; paired group-bootstrap mean of per-image pixel metrics
cloudsen12__panopticon__full_finetune__deterministic__42,cloudsen12__panopticon__frozen__deterministic__42,cloudsen12,full_recipe_minus_frozen_recipe,entropy,aurc,-0.0017258048403954083,-0.023956109256692885,0.0279896337013297,1000,32,32,30,common-valid fixed32 images; paired group-bootstrap mean of per-image pixel metrics
cloudsen12__panopticon__full_finetune__deterministic__42,cloudsen12__panopticon__frozen__deterministic__42,cloudsen12,full_recipe_minus_frozen_recipe,entropy,auroc,0.023877176566156996,-0.002508638968787845,0.05942471471328632,1000,25,32,24,common-valid fixed32 images; paired group-bootstrap mean of per-image pixel metrics
cloudsen12__panopticon__full_finetune__deterministic__42,cloudsen12__panopticon__frozen__deterministic__42,cloudsen12,full_recipe_minus_frozen_recipe,entropy,average_precision,0.01665582559939927,-0.013198974813785484,0.048450447079617556,1000,25,32,24,common-valid fixed32 images; paired group-bootstrap mean of per-image pixel metrics
cloudsen12__panopticon__full_finetune__deterministic__42,cloudsen12__panopticon__frozen__deterministic__42,cloudsen12,full_recipe_minus_frozen_recipe,entropy,risk_at_1,-0.004989312619579066,-0.02184050289149749,0.018111014380894422,1000,32,32,30,common-valid fixed32 images; paired group-bootstrap mean of per-image pixel metrics
cloudsen12__panopticon__full_finetune__deterministic__42,cloudsen12__panopticon__frozen__deterministic__42,cloudsen12,full_recipe_minus_frozen_recipe,entropy,risk_at_0.9,-0.0049408028185232485,-0.022953778981654616,0.01945459152242886,1000,32,32,30,common-valid fixed32 images; paired group-bootstrap mean of per-image pixel metrics
cloudsen12__panopticon__full_finetune__deterministic__42,cloudsen12__panopticon__frozen__deterministic__42,cloudsen12,full_recipe_minus_frozen_recipe,entropy,risk_at_0.8,-0.005643572126116063,-0.025610903870574978,0.020483730333741356,1000,32,32,30,common-valid fixed32 images; paired group-bootstrap mean of per-image pixel metrics
cloudsen12__panopticon__full_finetune__deterministic__42,cloudsen12__panopticon__frozen__deterministic__42,cloudsen12,full_recipe_minus_frozen_recipe,entropy,risk_at_0.5,-0.0036085479113520578,-0.02631896236610768,0.022505414275085015,1000,32,32,30,common-valid fixed32 images; paired group-bootstrap mean of per-image pixel metrics
cloudsen12__panopticon__full_finetune__deterministic__42,cloudsen12__panopticon__frozen__deterministic__42,cloudsen12,full_recipe_minus_frozen_recipe,gini_total,base_risk,-0.004989312619579066,-0.02184050289149749,0.018111014380894422,1000,32,32,30,common-valid fixed32 images; paired group-bootstrap mean of per-image pixel metrics
cloudsen12__panopticon__full_finetune__deterministic__42,cloudsen12__panopticon__frozen__deterministic__42,cloudsen12,full_recipe_minus_frozen_recipe,gini_total,aurc,-0.001561004221677033,-0.02359397087493812,0.02833464682823484,1000,32,32,30,common-valid fixed32 images; paired group-bootstrap mean of per-image pixel metrics
cloudsen12__panopticon__full_finetune__deterministic__42,cloudsen12__panopticon__frozen__deterministic__42,cloudsen12,full_recipe_minus_frozen_recipe,gini_total,auroc,0.02366649994936884,-0.0020903948851577446,0.059293676694776115,1000,25,32,24,common-valid fixed32 images; paired group-bootstrap mean of per-image pixel metrics
cloudsen12__panopticon__full_finetune__deterministic__42,cloudsen12__panopticon__frozen__deterministic__42,cloudsen12,full_recipe_minus_frozen_recipe,gini_total,average_precision,0.019734364562830987,-0.008355359279336175,0.05050178013727962,1000,25,32,24,common-valid fixed32 images; paired group-bootstrap mean of per-image pixel metrics
cloudsen12__panopticon__full_finetune__deterministic__42,cloudsen12__panopticon__frozen__deterministic__42,cloudsen12,full_recipe_minus_frozen_recipe,gini_total,risk_at_1,-0.004989312619579066,-0.02184050289149749,0.018111014380894422,1000,32,32,30,common-valid fixed32 images; paired group-bootstrap mean of per-image pixel metrics
cloudsen12__panopticon__full_finetune__deterministic__42,cloudsen12__panopticon__frozen__deterministic__42,cloudsen12,full_recipe_minus_frozen_recipe,gini_total,risk_at_0.9,-0.004849319285005665,-0.02331077435709131,0.019967820797673903,1000,32,32,30,common-valid fixed32 images; paired group-bootstrap mean of per-image pixel metrics
cloudsen12__panopticon__full_finetune__deterministic__42,cloudsen12__panopticon__frozen__deterministic__42,cloudsen12,full_recipe_minus_frozen_recipe,gini_total,risk_at_0.8,-0.005607293576610328,-0.025731455335868784,0.020941261356798257,1000,32,32,30,common-valid fixed32 images; paired group-bootstrap mean of per-image pixel metrics
cloudsen12__panopticon__full_finetune__deterministic__42,cloudsen12__panopticon__frozen__deterministic__42,cloudsen12,full_recipe_minus_frozen_recipe,gini_total,risk_at_0.5,-0.0033930564413265384,-0.025472702809370786,0.022409788378241917,1000,32,32,30,common-valid fixed32 images; paired group-bootstrap mean of per-image pixel metrics
cloudsen12__panopticon__full_finetune__deterministic__42,cloudsen12__panopticon__frozen__deterministic__42,cloudsen12,full_recipe_minus_frozen_recipe,msp,base_risk,-0.004989312619579066,-0.02184050289149749,0.018111014380894422,1000,32,32,30,common-valid fixed32 images; paired group-bootstrap mean of per-image pixel metrics
cloudsen12__panopticon__full_finetune__deterministic__42,cloudsen12__panopticon__frozen__deterministic__42,cloudsen12,full_recipe_minus_frozen_recipe,msp,aurc,-0.0014240283111674112,-0.02327713455129088,0.028454688302280453,1000,32,32,30,common-valid fixed32 images; paired group-bootstrap mean of per-image pixel metrics
cloudsen12__panopticon__full_finetune__deterministic__42,cloudsen12__panopticon__frozen__deterministic__42,cloudsen12,full_recipe_minus_frozen_recipe,msp,auroc,0.023076244042314596,-0.002525003919227186,0.058835888148292124,1000,25,32,24,common-valid fixed32 images; paired group-bootstrap mean of per-image pixel metrics
cloudsen12__panopticon__full_finetune__deterministic__42,cloudsen12__panopticon__frozen__deterministic__42,cloudsen12,full_recipe_minus_frozen_recipe,msp,average_precision,0.01956128738959547,-0.006239705983459397,0.049113997321271245,1000,25,32,24,common-valid fixed32 images; paired group-bootstrap mean of per-image pixel metrics
cloudsen12__panopticon__full_finetune__deterministic__42,cloudsen12__panopticon__frozen__deterministic__42,cloudsen12,full_recipe_minus_frozen_recipe,msp,risk_at_1,-0.004989312619579066,-0.02184050289149749,0.018111014380894422,1000,32,32,30,common-valid fixed32 images; paired group-bootstrap mean of per-image pixel metrics
cloudsen12__panopticon__full_finetune__deterministic__42,cloudsen12__panopticon__frozen__deterministic__42,cloudsen12,full_recipe_minus_frozen_recipe,msp,risk_at_0.9,-0.0047611573926445525,-0.02331365311276025,0.019772736325660546,1000,32,32,30,common-valid fixed32 images; paired group-bootstrap mean of per-image pixel metrics
cloudsen12__panopticon__full_finetune__deterministic__42,cloudsen12__panopticon__frozen__deterministic__42,cloudsen12,full_recipe_minus_frozen_recipe,msp,risk_at_0.8,-0.005015159139827798,-0.02487864686002241,0.02144402509617758,1000,32,32,30,common-valid fixed32 images; paired group-bootstrap mean of per-image pixel metrics
cloudsen12__panopticon__full_finetune__deterministic__42,cloudsen12__panopticon__frozen__deterministic__42,cloudsen12,full_recipe_minus_frozen_recipe,msp,risk_at_0.5,-0.0033544423628826463,-0.025344091429746238,0.022387633165665458,1000,32,32,30,common-valid fixed32 images; paired group-bootstrap mean of per-image pixel metrics
cloudsen12__panopticon__full_finetune__deterministic__42,cloudsen12__panopticon__frozen__deterministic__42,cloudsen12,full_recipe_minus_frozen_recipe,negative_margin,base_risk,-0.004989312619579066,-0.02184050289149749,0.018111014380894422,1000,32,32,30,common-valid fixed32 images; paired group-bootstrap mean of per-image pixel metrics
cloudsen12__panopticon__full_finetune__deterministic__42,cloudsen12__panopticon__frozen__deterministic__42,cloudsen12,full_recipe_minus_frozen_recipe,negative_margin,aurc,-0.0011776028544743396,-0.022895951198804537,0.02876286276692476,1000,32,32,30,common-valid fixed32 images; paired group-bootstrap mean of per-image pixel metrics
cloudsen12__panopticon__full_finetune__deterministic__42,cloudsen12__panopticon__frozen__deterministic__42,cloudsen12,full_recipe_minus_frozen_recipe,negative_margin,auroc,0.02251100653187191,-0.002440289091135438,0.05738427120651079,1000,25,32,24,common-valid fixed32 images; paired group-bootstrap mean of per-image pixel metrics
cloudsen12__panopticon__full_finetune__deterministic__42,cloudsen12__panopticon__frozen__deterministic__42,cloudsen12,full_recipe_minus_frozen_recipe,negative_margin,average_precision,0.016784198710220414,-0.008026832224303802,0.04536498567075137,1000,25,32,24,common-valid fixed32 images; paired group-bootstrap mean of per-image pixel metrics
cloudsen12__panopticon__full_finetune__deterministic__42,cloudsen12__panopticon__frozen__deterministic__42,cloudsen12,full_recipe_minus_frozen_recipe,negative_margin,risk_at_1,-0.004989312619579066,-0.02184050289149749,0.018111014380894422,1000,32,32,30,common-valid fixed32 images; paired group-bootstrap mean of per-image pixel metrics
cloudsen12__panopticon__full_finetune__deterministic__42,cloudsen12__panopticon__frozen__deterministic__42,cloudsen12,full_recipe_minus_frozen_recipe,negative_margin,risk_at_0.9,-0.0044651161245748364,-0.02293610172747485,0.020199090174806884,1000,32,32,30,common-valid fixed32 images; paired group-bootstrap mean of per-image pixel metrics
cloudsen12__panopticon__full_finetune__deterministic__42,cloudsen12__panopticon__frozen__deterministic__42,cloudsen12,full_recipe_minus_frozen_recipe,negative_margin,risk_at_0.8,-0.004789547044403689,-0.024732118411107347,0.02152353554198897,1000,32,32,30,common-valid fixed32 images; paired group-bootstrap mean of per-image pixel metrics
cloudsen12__panopticon__full_finetune__deterministic__42,cloudsen12__panopticon__frozen__deterministic__42,cloudsen12,full_recipe_minus_frozen_recipe,negative_margin,risk_at_0.5,-0.0031003368144132733,-0.024310144018860076,0.022618736884874913,1000,32,32,30,common-valid fixed32 images; paired group-bootstrap mean of per-image pixel metrics
cloudsen12__panopticon__full_finetune__deterministic__42,cloudsen12__dofa__full_finetune__deterministic__42,cloudsen12,Pan_configuration_minus_DOFA_configuration,entropy,base_risk,-0.008807123923788256,-0.027447976670506895,0.008290688934043089,1000,32,32,30,common-valid fixed32 images; paired group-bootstrap mean of per-image pixel metrics
cloudsen12__panopticon__full_finetune__deterministic__42,cloudsen12__dofa__full_finetune__deterministic__42,cloudsen12,Pan_configuration_minus_DOFA_configuration,entropy,aurc,-0.005576893439199582,-0.03076345050226831,0.02037047819712471,1000,32,32,30,common-valid fixed32 images; paired group-bootstrap mean of per-image pixel metrics
cloudsen12__panopticon__full_finetune__deterministic__42,cloudsen12__dofa__full_finetune__deterministic__42,cloudsen12,Pan_configuration_minus_DOFA_configuration,entropy,auroc,0.015000266008825276,-0.011564513252641594,0.042237599191813885,1000,25,32,24,common-valid fixed32 images; paired group-bootstrap mean of per-image pixel metrics
cloudsen12__panopticon__full_finetune__deterministic__42,cloudsen12__dofa__full_finetune__deterministic__42,cloudsen12,Pan_configuration_minus_DOFA_configuration,entropy,average_precision,-0.002950854299864221,-0.02704673097661408,0.01915696189701637,1000,25,32,24,common-valid fixed32 images; paired group-bootstrap mean of per-image pixel metrics
cloudsen12__panopticon__full_finetune__deterministic__42,cloudsen12__dofa__full_finetune__deterministic__42,cloudsen12,Pan_configuration_minus_DOFA_configuration,entropy,risk_at_1,-0.008807123923788256,-0.027447976670506895,0.008290688934043089,1000,32,32,30,common-valid fixed32 images; paired group-bootstrap mean of per-image pixel metrics
cloudsen12__panopticon__full_finetune__deterministic__42,cloudsen12__dofa__full_finetune__deterministic__42,cloudsen12,Pan_configuration_minus_DOFA_configuration,entropy,risk_at_0.9,-0.00935457190688775,-0.029399580263613063,0.01020904493731756,1000,32,32,30,common-valid fixed32 images; paired group-bootstrap mean of per-image pixel metrics
cloudsen12__panopticon__full_finetune__deterministic__42,cloudsen12__dofa__full_finetune__deterministic__42,cloudsen12,Pan_configuration_minus_DOFA_configuration,entropy,risk_at_0.8,-0.01135160485092474,-0.034017091867875084,0.009503313206464864,1000,32,32,30,common-valid fixed32 images; paired group-bootstrap mean of per-image pixel metrics
cloudsen12__panopticon__full_finetune__deterministic__42,cloudsen12__dofa__full_finetune__deterministic__42,cloudsen12,Pan_configuration_minus_DOFA_configuration,entropy,risk_at_0.5,-0.01301294443558675,-0.039129192919494835,0.01005017961774551,1000,32,32,30,common-valid fixed32 images; paired group-bootstrap mean of per-image pixel metrics
cloudsen12__panopticon__full_finetune__deterministic__42,cloudsen12__dofa__full_finetune__deterministic__42,cloudsen12,Pan_configuration_minus_DOFA_configuration,gini_total,base_risk,-0.008807123923788256,-0.027447976670506895,0.008290688934043089,1000,32,32,30,common-valid fixed32 images; paired group-bootstrap mean of per-image pixel metrics
cloudsen12__panopticon__full_finetune__deterministic__42,cloudsen12__dofa__full_finetune__deterministic__42,cloudsen12,Pan_configuration_minus_DOFA_configuration,gini_total,aurc,-0.0060718959663281415,-0.03088521805224638,0.01939056596063335,1000,32,32,30,common-valid fixed32 images; paired group-bootstrap mean of per-image pixel metrics
cloudsen12__panopticon__full_finetune__deterministic__42,cloudsen12__dofa__full_finetune__deterministic__42,cloudsen12,Pan_configuration_minus_DOFA_configuration,gini_total,auroc,0.01736602887959822,-0.007563849558818342,0.044189745642647216,1000,25,32,24,common-valid fixed32 images; paired group-bootstrap mean of per-image pixel metrics
cloudsen12__panopticon__full_finetune__deterministic__42,cloudsen12__dofa__full_finetune__deterministic__42,cloudsen12,Pan_configuration_minus_DOFA_configuration,gini_total,average_precision,0.006663936831857504,-0.014583468313910929,0.02742910232689618,1000,25,32,24,common-valid fixed32 images; paired group-bootstrap mean of per-image pixel metrics
cloudsen12__panopticon__full_finetune__deterministic__42,cloudsen12__dofa__full_finetune__deterministic__42,cloudsen12,Pan_configuration_minus_DOFA_configuration,gini_total,risk_at_1,-0.008807123923788256,-0.027447976670506895,0.008290688934043089,1000,32,32,30,common-valid fixed32 images; paired group-bootstrap mean of per-image pixel metrics
cloudsen12__panopticon__full_finetune__deterministic__42,cloudsen12__dofa__full_finetune__deterministic__42,cloudsen12,Pan_configuration_minus_DOFA_configuration,gini_total,risk_at_0.9,-0.009957588178500572,-0.030303691445181056,0.009322071612583206,1000,32,32,30,common-valid fixed32 images; paired group-bootstrap mean of per-image pixel metrics
cloudsen12__panopticon__full_finetune__deterministic__42,cloudsen12__dofa__full_finetune__deterministic__42,cloudsen12,Pan_configuration_minus_DOFA_configuration,gini_total,risk_at_0.8,-0.011838017677774232,-0.034511375946252525,0.008841082255045585,1000,32,32,30,common-valid fixed32 images; paired group-bootstrap mean of per-image pixel metrics
cloudsen12__panopticon__full_finetune__deterministic__42,cloudsen12__dofa__full_finetune__deterministic__42,cloudsen12,Pan_configuration_minus_DOFA_configuration,gini_total,risk_at_0.5,-0.013451401068239797,-0.039304980397571986,0.00923368530650896,1000,32,32,30,common-valid fixed32 images; paired group-bootstrap mean of per-image pixel metrics
cloudsen12__panopticon__full_finetune__deterministic__42,cloudsen12__dofa__full_finetune__deterministic__42,cloudsen12,Pan_configuration_minus_DOFA_configuration,msp,base_risk,-0.008807123923788256,-0.027447976670506895,0.008290688934043089,1000,32,32,30,common-valid fixed32 images; paired group-bootstrap mean of per-image pixel metrics
cloudsen12__panopticon__full_finetune__deterministic__42,cloudsen12__dofa__full_finetune__deterministic__42,cloudsen12,Pan_configuration_minus_DOFA_configuration,msp,aurc,-0.006038411214299018,-0.030607727934957054,0.019249890076266853,1000,32,32,30,common-valid fixed32 images; paired group-bootstrap mean of per-image pixel metrics
cloudsen12__panopticon__full_finetune__deterministic__42,cloudsen12__dofa__full_finetune__deterministic__42,cloudsen12,Pan_configuration_minus_DOFA_configuration,msp,auroc,0.017461155803544612,-0.006969244869879902,0.04374924263292384,1000,25,32,24,common-valid fixed32 images; paired group-bootstrap mean of per-image pixel metrics
cloudsen12__panopticon__full_finetune__deterministic__42,cloudsen12__dofa__full_finetune__deterministic__42,cloudsen12,Pan_configuration_minus_DOFA_configuration,msp,average_precision,0.012233639041721462,-0.0063778805643982675,0.031762784731506906,1000,25,32,24,common-valid fixed32 images; paired group-bootstrap mean of per-image pixel metrics
cloudsen12__panopticon__full_finetune__deterministic__42,cloudsen12__dofa__full_finetune__deterministic__42,cloudsen12,Pan_configuration_minus_DOFA_configuration,msp,risk_at_1,-0.008807123923788256,-0.027447976670506895,0.008290688934043089,1000,32,32,30,common-valid fixed32 images; paired group-bootstrap mean of per-image pixel metrics
cloudsen12__panopticon__full_finetune__deterministic__42,cloudsen12__dofa__full_finetune__deterministic__42,cloudsen12,Pan_configuration_minus_DOFA_configuration,msp,risk_at_0.9,-0.010182075759991496,-0.03040573960572763,0.00885260422900832,1000,32,32,30,common-valid fixed32 images; paired group-bootstrap mean of per-image pixel metrics
cloudsen12__panopticon__full_finetune__deterministic__42,cloudsen12__dofa__full_finetune__deterministic__42,cloudsen12,Pan_configuration_minus_DOFA_configuration,msp,risk_at_0.8,-0.011374648736447697,-0.033261850695589394,0.008975064024633298,1000,32,32,30,common-valid fixed32 images; paired group-bootstrap mean of per-image pixel metrics
cloudsen12__panopticon__full_finetune__deterministic__42,cloudsen12__dofa__full_finetune__deterministic__42,cloudsen12,Pan_configuration_minus_DOFA_configuration,msp,risk_at_0.5,-0.013442681760204075,-0.03909368932073388,0.00914465324482065,1000,32,32,30,common-valid fixed32 images; paired group-bootstrap mean of per-image pixel metrics
cloudsen12__panopticon__full_finetune__deterministic__42,cloudsen12__dofa__full_finetune__deterministic__42,cloudsen12,Pan_configuration_minus_DOFA_configuration,negative_margin,base_risk,-0.008807123923788256,-0.027447976670506895,0.008290688934043089,1000,32,32,30,common-valid fixed32 images; paired group-bootstrap mean of per-image pixel metrics
cloudsen12__panopticon__full_finetune__deterministic__42,cloudsen12__dofa__full_finetune__deterministic__42,cloudsen12,Pan_configuration_minus_DOFA_configuration,negative_margin,aurc,-0.006166715700297101,-0.030377781899778085,0.018732982056145146,1000,32,32,30,common-valid fixed32 images; paired group-bootstrap mean of per-image pixel metrics
cloudsen12__panopticon__full_finetune__deterministic__42,cloudsen12__dofa__full_finetune__deterministic__42,cloudsen12,Pan_configuration_minus_DOFA_configuration,negative_margin,auroc,0.017513622977601662,-0.00620096569030623,0.04292872232334574,1000,25,32,24,common-valid fixed32 images; paired group-bootstrap mean of per-image pixel metrics
cloudsen12__panopticon__full_finetune__deterministic__42,cloudsen12__dofa__full_finetune__deterministic__42,cloudsen12,Pan_configuration_minus_DOFA_configuration,negative_margin,average_precision,0.011115096154407715,-0.006153143087756789,0.030205473211807898,1000,25,32,24,common-valid fixed32 images; paired group-bootstrap mean of per-image pixel metrics
cloudsen12__panopticon__full_finetune__deterministic__42,cloudsen12__dofa__full_finetune__deterministic__42,cloudsen12,Pan_configuration_minus_DOFA_configuration,negative_margin,risk_at_1,-0.008807123923788256,-0.027447976670506895,0.008290688934043089,1000,32,32,30,common-valid fixed32 images; paired group-bootstrap mean of per-image pixel metrics
cloudsen12__panopticon__full_finetune__deterministic__42,cloudsen12__dofa__full_finetune__deterministic__42,cloudsen12,Pan_configuration_minus_DOFA_configuration,negative_margin,risk_at_0.9,-0.009862783003826519,-0.030051462467705067,0.008902415100886811,1000,32,32,30,common-valid fixed32 images; paired group-bootstrap mean of per-image pixel metrics
cloudsen12__panopticon__full_finetune__deterministic__42,cloudsen12__dofa__full_finetune__deterministic__42,cloudsen12,Pan_configuration_minus_DOFA_configuration,negative_margin,risk_at_0.8,-0.011185937998246175,-0.032830960958287025,0.009015538741131217,1000,32,32,30,common-valid fixed32 images; paired group-bootstrap mean of per-image pixel metrics
cloudsen12__panopticon__full_finetune__deterministic__42,cloudsen12__dofa__full_finetune__deterministic__42,cloudsen12,Pan_configuration_minus_DOFA_configuration,negative_margin,risk_at_0.5,-0.013230927136479595,-0.03844382772640307,0.008973096518436917,1000,32,32,30,common-valid fixed32 images; paired group-bootstrap mean of per-image pixel metrics
spacenet7__dofa__full_finetune__deterministic__42,spacenet7__dofa__frozen__deterministic__42,spacenet7,full_recipe_minus_frozen_recipe,entropy,base_risk,0.004405118981186228,-9.105102815866707e-05,0.009414194193696256,1000,32,32,10,common-valid fixed32 images; paired group-bootstrap mean of per-image pixel metrics
spacenet7__dofa__full_finetune__deterministic__42,spacenet7__dofa__frozen__deterministic__42,spacenet7,full_recipe_minus_frozen_recipe,entropy,aurc,0.0007050941687298184,-0.0012161750973075406,0.0037052761550868158,1000,32,32,10,common-valid fixed32 images; paired group-bootstrap mean of per-image pixel metrics
spacenet7__dofa__full_finetune__deterministic__42,spacenet7__dofa__frozen__deterministic__42,spacenet7,full_recipe_minus_frozen_recipe,entropy,auroc,0.01306920676417974,-0.005031830785560755,0.03080995103895499,1000,29,32,10,common-valid fixed32 images; paired group-bootstrap mean of per-image pixel metrics
spacenet7__dofa__full_finetune__deterministic__42,spacenet7__dofa__frozen__deterministic__42,spacenet7,full_recipe_minus_frozen_recipe,entropy,average_precision,0.049568665101799594,0.020263617399714315,0.07577421958287138,1000,29,32,10,common-valid fixed32 images; paired group-bootstrap mean of per-image pixel metrics
spacenet7__dofa__full_finetune__deterministic__42,spacenet7__dofa__frozen__deterministic__42,spacenet7,full_recipe_minus_frozen_recipe,entropy,risk_at_1,0.004405118981186228,-9.105102815866707e-05,0.009414194193696256,1000,32,32,10,common-valid fixed32 images; paired group-bootstrap mean of per-image pixel metrics
spacenet7__dofa__full_finetune__deterministic__42,spacenet7__dofa__frozen__deterministic__42,spacenet7,full_recipe_minus_frozen_recipe,entropy,risk_at_0.9,-0.000667788274163836,-0.0033199179452700466,0.0024260694310051503,1000,32,32,10,common-valid fixed32 images; paired group-bootstrap mean of per-image pixel metrics
spacenet7__dofa__full_finetune__deterministic__42,spacenet7__dofa__frozen__deterministic__42,spacenet7,full_recipe_minus_frozen_recipe,entropy,risk_at_0.8,-0.002071925571986605,-0.005050661066983611,0.0005332093101249198,1000,32,32,10,common-valid fixed32 images; paired group-bootstrap mean of per-image pixel metrics
spacenet7__dofa__full_finetune__deterministic__42,spacenet7__dofa__frozen__deterministic__42,spacenet7,full_recipe_minus_frozen_recipe,entropy,risk_at_0.5,-0.001804896763392858,-0.0034717868372147213,-0.0003756693106930362,1000,32,32,10,common-valid fixed32 images; paired group-bootstrap mean of per-image pixel metrics
spacenet7__dofa__full_finetune__deterministic__42,spacenet7__dofa__frozen__deterministic__42,spacenet7,full_recipe_minus_frozen_recipe,gini_total,base_risk,0.004405118981186228,-9.105102815866707e-05,0.009414194193696256,1000,32,32,10,common-valid fixed32 images; paired group-bootstrap mean of per-image pixel metrics
spacenet7__dofa__full_finetune__deterministic__42,spacenet7__dofa__frozen__deterministic__42,spacenet7,full_recipe_minus_frozen_recipe,gini_total,aurc,0.0016230170821289137,0.00012826491441507304,0.0042929003610429305,1000,32,32,10,common-valid fixed32 images; paired group-bootstrap mean of per-image pixel metrics
spacenet7__dofa__full_finetune__deterministic__42,spacenet7__dofa__frozen__deterministic__42,spacenet7,full_recipe_minus_frozen_recipe,gini_total,auroc,0.012688934855955531,-0.005091479326774027,0.030409240058308418,1000,29,32,10,common-valid fixed32 images; paired group-bootstrap mean of per-image pixel metrics
spacenet7__dofa__full_finetune__deterministic__42,spacenet7__dofa__frozen__deterministic__42,spacenet7,full_recipe_minus_frozen_recipe,gini_total,average_precision,0.04926043753774448,0.020121208558506857,0.07540626309467605,1000,29,32,10,common-valid fixed32 images; paired group-bootstrap mean of per-image pixel metrics
spacenet7__dofa__full_finetune__deterministic__42,spacenet7__dofa__frozen__deterministic__42,spacenet7,full_recipe_minus_frozen_recipe,gini_total,risk_at_1,0.004405118981186228,-9.105102815866707e-05,0.009414194193696256,1000,32,32,10,common-valid fixed32 images; paired group-bootstrap mean of per-image pixel metrics
spacenet7__dofa__full_finetune__deterministic__42,spacenet7__dofa__frozen__deterministic__42,spacenet7,full_recipe_minus_frozen_recipe,gini_total,risk_at_0.9,-0.000667788274163836,-0.0033199179452700466,0.0024260694310051503,1000,32,32,10,common-valid fixed32 images; paired group-bootstrap mean of per-image pixel metrics
spacenet7__dofa__full_finetune__deterministic__42,spacenet7__dofa__frozen__deterministic__42,spacenet7,full_recipe_minus_frozen_recipe,gini_total,risk_at_0.8,-0.002071925571986605,-0.005051378239506029,0.000532371741126414,1000,32,32,10,common-valid fixed32 images; paired group-bootstrap mean of per-image pixel metrics
spacenet7__dofa__full_finetune__deterministic__42,spacenet7__dofa__frozen__deterministic__42,spacenet7,full_recipe_minus_frozen_recipe,gini_total,risk_at_0.5,-0.0017936862244897914,-0.0034448384543549404,-0.00037266045741213456,1000,32,32,10,common-valid fixed32 images; paired group-bootstrap mean of per-image pixel metrics
spacenet7__dofa__full_finetune__deterministic__42,spacenet7__dofa__frozen__deterministic__42,spacenet7,full_recipe_minus_frozen_recipe,msp,base_risk,0.004405118981186228,-9.105102815866707e-05,0.009414194193696256,1000,32,32,10,common-valid fixed32 images; paired group-bootstrap mean of per-image pixel metrics
spacenet7__dofa__full_finetune__deterministic__42,spacenet7__dofa__frozen__deterministic__42,spacenet7,full_recipe_minus_frozen_recipe,msp,aurc,0.0012982696504440223,-3.7927983154427205e-05,0.003913157352787701,1000,32,32,10,common-valid fixed32 images; paired group-bootstrap mean of per-image pixel metrics
spacenet7__dofa__full_finetune__deterministic__42,spacenet7__dofa__frozen__deterministic__42,spacenet7,full_recipe_minus_frozen_recipe,msp,auroc,0.012769389219313889,-0.0051236653789208395,0.030586556906545603,1000,29,32,10,common-valid fixed32 images; paired group-bootstrap mean of per-image pixel metrics
spacenet7__dofa__full_finetune__deterministic__42,spacenet7__dofa__frozen__deterministic__42,spacenet7,full_recipe_minus_frozen_recipe,msp,average_precision,0.048973318348717924,0.019860848138636603,0.0750115480620106,1000,29,32,10,common-valid fixed32 images; paired group-bootstrap mean of per-image pixel metrics
spacenet7__dofa__full_finetune__deterministic__42,spacenet7__dofa__frozen__deterministic__42,spacenet7,full_recipe_minus_frozen_recipe,msp,risk_at_1,0.004405118981186228,-9.105102815866707e-05,0.009414194193696256,1000,32,32,10,common-valid fixed32 images; paired group-bootstrap mean of per-image pixel metrics
spacenet7__dofa__full_finetune__deterministic__42,spacenet7__dofa__frozen__deterministic__42,spacenet7,full_recipe_minus_frozen_recipe,msp,risk_at_0.9,-0.0006677433871211829,-0.00331991694778021,0.002426118961534974,1000,32,32,10,common-valid fixed32 images; paired group-bootstrap mean of per-image pixel metrics
spacenet7__dofa__full_finetune__deterministic__42,spacenet7__dofa__frozen__deterministic__42,spacenet7,full_recipe_minus_frozen_recipe,msp,risk_at_0.8,-0.0020722820755201122,-0.005051270891494748,0.0005327302678443274,1000,32,32,10,common-valid fixed32 images; paired group-bootstrap mean of per-image pixel metrics
spacenet7__dofa__full_finetune__deterministic__42,spacenet7__dofa__frozen__deterministic__42,spacenet7,full_recipe_minus_frozen_recipe,msp,risk_at_0.5,-0.001799563988116381,-0.003455471617022958,-0.000373736063961085,1000,32,32,10,common-valid fixed32 images; paired group-bootstrap mean of per-image pixel metrics
spacenet7__dofa__full_finetune__deterministic__42,spacenet7__dofa__frozen__deterministic__42,spacenet7,full_recipe_minus_frozen_recipe,negative_margin,base_risk,0.004405118981186228,-9.105102815866707e-05,0.009414194193696256,1000,32,32,10,common-valid fixed32 images; paired group-bootstrap mean of per-image pixel metrics
spacenet7__dofa__full_finetune__deterministic__42,spacenet7__dofa__frozen__deterministic__42,spacenet7,full_recipe_minus_frozen_recipe,negative_margin,aurc,0.0007182321954811491,-0.0011497049192528146,0.0036772061065902368,1000,32,32,10,common-valid fixed32 images; paired group-bootstrap mean of per-image pixel metrics
spacenet7__dofa__full_finetune__deterministic__42,spacenet7__dofa__frozen__deterministic__42,spacenet7,full_recipe_minus_frozen_recipe,negative_margin,auroc,0.013066817120934075,-0.005033266891387827,0.03080644041440854,1000,29,32,10,common-valid fixed32 images; paired group-bootstrap mean of per-image pixel metrics
spacenet7__dofa__full_finetune__deterministic__42,spacenet7__dofa__frozen__deterministic__42,spacenet7,full_recipe_minus_frozen_recipe,negative_margin,average_precision,0.04957447226224051,0.020264632616687248,0.07577795812823984,1000,29,32,10,common-valid fixed32 images; paired group-bootstrap mean of per-image pixel metrics
spacenet7__dofa__full_finetune__deterministic__42,spacenet7__dofa__frozen__deterministic__42,spacenet7,full_recipe_minus_frozen_recipe,negative_margin,risk_at_1,0.004405118981186228,-9.105102815866707e-05,0.009414194193696256,1000,32,32,10,common-valid fixed32 images; paired group-bootstrap mean of per-image pixel metrics
spacenet7__dofa__full_finetune__deterministic__42,spacenet7__dofa__frozen__deterministic__42,spacenet7,full_recipe_minus_frozen_recipe,negative_margin,risk_at_0.9,-0.000667788274163836,-0.0033199179452700466,0.0024260694310051503,1000,32,32,10,common-valid fixed32 images; paired group-bootstrap mean of per-image pixel metrics
spacenet7__dofa__full_finetune__deterministic__42,spacenet7__dofa__frozen__deterministic__42,spacenet7,full_recipe_minus_frozen_recipe,negative_margin,risk_at_0.8,-0.002071925571986605,-0.005050661066983611,0.0005332093101249198,1000,32,32,10,common-valid fixed32 images; paired group-bootstrap mean of per-image pixel metrics
spacenet7__dofa__full_finetune__deterministic__42,spacenet7__dofa__frozen__deterministic__42,spacenet7,full_recipe_minus_frozen_recipe,negative_margin,risk_at_0.5,-0.001804896763392858,-0.0034717868372147213,-0.0003756693106930362,1000,32,32,10,common-valid fixed32 images; paired group-bootstrap mean of per-image pixel metrics
spacenet7__panopticon__frozen__deterministic__42,spacenet7__dofa__frozen__deterministic__42,spacenet7,Pan_configuration_minus_DOFA_configuration,entropy,base_risk,0.008222930285395405,0.0030577387756387706,0.014381468364362363,1000,32,32,10,common-valid fixed32 images; paired group-bootstrap mean of per-image pixel metrics
spacenet7__panopticon__frozen__deterministic__42,spacenet7__dofa__frozen__deterministic__42,spacenet7,Pan_configuration_minus_DOFA_configuration,entropy,aurc,0.0008163289592600478,-0.0005651754949596704,0.002308359910307447,1000,32,32,10,common-valid fixed32 images; paired group-bootstrap mean of per-image pixel metrics
spacenet7__panopticon__frozen__deterministic__42,spacenet7__dofa__frozen__deterministic__42,spacenet7,Pan_configuration_minus_DOFA_configuration,entropy,auroc,0.018755398131992493,0.0014743243320471742,0.034873311040765784,1000,29,32,10,common-valid fixed32 images; paired group-bootstrap mean of per-image pixel metrics
spacenet7__panopticon__frozen__deterministic__42,spacenet7__dofa__frozen__deterministic__42,spacenet7,Pan_configuration_minus_DOFA_configuration,entropy,average_precision,0.0644934295523104,0.0428597027765481,0.08581438808701096,1000,29,32,10,common-valid fixed32 images; paired group-bootstrap mean of per-image pixel metrics
spacenet7__panopticon__frozen__deterministic__42,spacenet7__dofa__frozen__deterministic__42,spacenet7,Pan_configuration_minus_DOFA_configuration,entropy,risk_at_1,0.008222930285395405,0.0030577387756387706,0.014381468364362363,1000,32,32,10,common-valid fixed32 images; paired group-bootstrap mean of per-image pixel metrics
spacenet7__panopticon__frozen__deterministic__42,spacenet7__dofa__frozen__deterministic__42,spacenet7,Pan_configuration_minus_DOFA_configuration,entropy,risk_at_0.9,0.0029547382103883198,0.0003549444551669386,0.006191788493851346,1000,32,32,10,common-valid fixed32 images; paired group-bootstrap mean of per-image pixel metrics
spacenet7__panopticon__frozen__deterministic__42,spacenet7__dofa__frozen__deterministic__42,spacenet7,Pan_configuration_minus_DOFA_configuration,entropy,risk_at_0.8,0.001401628766741074,0.0001344543522589856,0.0029763820063055547,1000,32,32,10,common-valid fixed32 images; paired group-bootstrap mean of per-image pixel metrics
spacenet7__panopticon__frozen__deterministic__42,spacenet7__dofa__frozen__deterministic__42,spacenet7,Pan_configuration_minus_DOFA_configuration,entropy,risk_at_0.5,-4.982461734690251e-06,-0.0011121416875919563,0.0009913105867346856,1000,32,32,10,common-valid fixed32 images; paired group-bootstrap mean of per-image pixel metrics
spacenet7__panopticon__frozen__deterministic__42,spacenet7__dofa__frozen__deterministic__42,spacenet7,Pan_configuration_minus_DOFA_configuration,gini_total,base_risk,0.008222930285395405,0.0030577387756387706,0.014381468364362363,1000,32,32,10,common-valid fixed32 images; paired group-bootstrap mean of per-image pixel metrics
spacenet7__panopticon__frozen__deterministic__42,spacenet7__dofa__frozen__deterministic__42,spacenet7,Pan_configuration_minus_DOFA_configuration,gini_total,aurc,0.0013353622546966488,-0.00019131588076069003,0.0032882013105241083,1000,32,32,10,common-valid fixed32 images; paired group-bootstrap mean of per-image pixel metrics
spacenet7__panopticon__frozen__deterministic__42,spacenet7__dofa__frozen__deterministic__42,spacenet7,Pan_configuration_minus_DOFA_configuration,gini_total,auroc,0.018660552110498687,0.001527202131506087,0.03468648906925932,1000,29,32,10,common-valid fixed32 images; paired group-bootstrap mean of per-image pixel metrics
spacenet7__panopticon__frozen__deterministic__42,spacenet7__dofa__frozen__deterministic__42,spacenet7,Pan_configuration_minus_DOFA_configuration,gini_total,average_precision,0.06447595776816589,0.04285851376716374,0.08575755239000746,1000,29,32,10,common-valid fixed32 images; paired group-bootstrap mean of per-image pixel metrics
spacenet7__panopticon__frozen__deterministic__42,spacenet7__dofa__frozen__deterministic__42,spacenet7,Pan_configuration_minus_DOFA_configuration,gini_total,risk_at_1,0.008222930285395405,0.0030577387756387706,0.014381468364362363,1000,32,32,10,common-valid fixed32 images; paired group-bootstrap mean of per-image pixel metrics
spacenet7__panopticon__frozen__deterministic__42,spacenet7__dofa__frozen__deterministic__42,spacenet7,Pan_configuration_minus_DOFA_configuration,gini_total,risk_at_0.9,0.0029547382103883198,0.0003549444551669386,0.006191788493851346,1000,32,32,10,common-valid fixed32 images; paired group-bootstrap mean of per-image pixel metrics
spacenet7__panopticon__frozen__deterministic__42,spacenet7__dofa__frozen__deterministic__42,spacenet7,Pan_configuration_minus_DOFA_configuration,gini_total,risk_at_0.8,0.001401628766741074,0.0001344543522589856,0.0029763820063055547,1000,32,32,10,common-valid fixed32 images; paired group-bootstrap mean of per-image pixel metrics
spacenet7__panopticon__frozen__deterministic__42,spacenet7__dofa__frozen__deterministic__42,spacenet7,Pan_configuration_minus_DOFA_configuration,gini_total,risk_at_0.5,-4.982461734690251e-06,-0.0011121416875919563,0.0009913105867346856,1000,32,32,10,common-valid fixed32 images; paired group-bootstrap mean of per-image pixel metrics
spacenet7__panopticon__frozen__deterministic__42,spacenet7__dofa__frozen__deterministic__42,spacenet7,Pan_configuration_minus_DOFA_configuration,msp,base_risk,0.008222930285395405,0.0030577387756387706,0.014381468364362363,1000,32,32,10,common-valid fixed32 images; paired group-bootstrap mean of per-image pixel metrics
spacenet7__panopticon__frozen__deterministic__42,spacenet7__dofa__frozen__deterministic__42,spacenet7,Pan_configuration_minus_DOFA_configuration,msp,aurc,0.0011427822094877823,-0.0003096262193721109,0.0028702784208184742,1000,32,32,10,common-valid fixed32 images; paired group-bootstrap mean of per-image pixel metrics
spacenet7__panopticon__frozen__deterministic__42,spacenet7__dofa__frozen__deterministic__42,spacenet7,Pan_configuration_minus_DOFA_configuration,msp,auroc,0.018682082379656063,0.0014787912666161301,0.03475238898469022,1000,29,32,10,common-valid fixed32 images; paired group-bootstrap mean of per-image pixel metrics
spacenet7__panopticon__frozen__deterministic__42,spacenet7__dofa__frozen__deterministic__42,spacenet7,Pan_configuration_minus_DOFA_configuration,msp,average_precision,0.06445440778830411,0.04287663165344406,0.08573703663132104,1000,29,32,10,common-valid fixed32 images; paired group-bootstrap mean of per-image pixel metrics
spacenet7__panopticon__frozen__deterministic__42,spacenet7__dofa__frozen__deterministic__42,spacenet7,Pan_configuration_minus_DOFA_configuration,msp,risk_at_1,0.008222930285395405,0.0030577387756387706,0.014381468364362363,1000,32,32,10,common-valid fixed32 images; paired group-bootstrap mean of per-image pixel metrics
spacenet7__panopticon__frozen__deterministic__42,spacenet7__dofa__frozen__deterministic__42,spacenet7,Pan_configuration_minus_DOFA_configuration,msp,risk_at_0.9,0.0029547382103883198,0.0003549444551669386,0.006191788493851346,1000,32,32,10,common-valid fixed32 images; paired group-bootstrap mean of per-image pixel metrics
spacenet7__panopticon__frozen__deterministic__42,spacenet7__dofa__frozen__deterministic__42,spacenet7,Pan_configuration_minus_DOFA_configuration,msp,risk_at_0.8,0.001401628766741074,0.0001344543522589856,0.0029763820063055547,1000,32,32,10,common-valid fixed32 images; paired group-bootstrap mean of per-image pixel metrics
spacenet7__panopticon__frozen__deterministic__42,spacenet7__dofa__frozen__deterministic__42,spacenet7,Pan_configuration_minus_DOFA_configuration,msp,risk_at_0.5,-4.919657595177677e-06,-0.0011121416875919563,0.0009916434486741022,1000,32,32,10,common-valid fixed32 images; paired group-bootstrap mean of per-image pixel metrics
spacenet7__panopticon__frozen__deterministic__42,spacenet7__dofa__frozen__deterministic__42,spacenet7,Pan_configuration_minus_DOFA_configuration,negative_margin,base_risk,0.008222930285395405,0.0030577387756387706,0.014381468364362363,1000,32,32,10,common-valid fixed32 images; paired group-bootstrap mean of per-image pixel metrics
spacenet7__panopticon__frozen__deterministic__42,spacenet7__dofa__frozen__deterministic__42,spacenet7,Pan_configuration_minus_DOFA_configuration,negative_margin,aurc,0.0008379143985058328,-0.0005372715239607605,0.002326396734304339,1000,32,32,10,common-valid fixed32 images; paired group-bootstrap mean of per-image pixel metrics
spacenet7__panopticon__frozen__deterministic__42,spacenet7__dofa__frozen__deterministic__42,spacenet7,Pan_configuration_minus_DOFA_configuration,negative_margin,auroc,0.018753911929074045,0.0014734394955106247,0.03487089986329202,1000,29,32,10,common-valid fixed32 images; paired group-bootstrap mean of per-image pixel metrics
spacenet7__panopticon__frozen__deterministic__42,spacenet7__dofa__frozen__deterministic__42,spacenet7,Pan_configuration_minus_DOFA_configuration,negative_margin,average_precision,0.06450985689049538,0.04293144040513988,0.08581171368805397,1000,29,32,10,common-valid fixed32 images; paired group-bootstrap mean of per-image pixel metrics
spacenet7__panopticon__frozen__deterministic__42,spacenet7__dofa__frozen__deterministic__42,spacenet7,Pan_configuration_minus_DOFA_configuration,negative_margin,risk_at_1,0.008222930285395405,0.0030577387756387706,0.014381468364362363,1000,32,32,10,common-valid fixed32 images; paired group-bootstrap mean of per-image pixel metrics
spacenet7__panopticon__frozen__deterministic__42,spacenet7__dofa__frozen__deterministic__42,spacenet7,Pan_configuration_minus_DOFA_configuration,negative_margin,risk_at_0.9,0.0029547382103883198,0.0003549444551669386,0.006191788493851346,1000,32,32,10,common-valid fixed32 images; paired group-bootstrap mean of per-image pixel metrics
spacenet7__panopticon__frozen__deterministic__42,spacenet7__dofa__frozen__deterministic__42,spacenet7,Pan_configuration_minus_DOFA_configuration,negative_margin,risk_at_0.8,0.001401628766741074,0.0001344543522589856,0.0029763820063055547,1000,32,32,10,common-valid fixed32 images; paired group-bootstrap mean of per-image pixel metrics
spacenet7__panopticon__frozen__deterministic__42,spacenet7__dofa__frozen__deterministic__42,spacenet7,Pan_configuration_minus_DOFA_configuration,negative_margin,risk_at_0.5,-4.982461734690251e-06,-0.0011121416875919563,0.0009913105867346856,1000,32,32,10,common-valid fixed32 images; paired group-bootstrap mean of per-image pixel metrics
spacenet7__panopticon__full_finetune__deterministic__42,spacenet7__panopticon__frozen__deterministic__42,spacenet7,full_recipe_minus_frozen_recipe,entropy,base_risk,0.0076617805325255185,0.00022614532185054328,0.015933159518127536,1000,32,32,10,common-valid fixed32 images; paired group-bootstrap mean of per-image pixel metrics
spacenet7__panopticon__full_finetune__deterministic__42,spacenet7__panopticon__frozen__deterministic__42,spacenet7,full_recipe_minus_frozen_recipe,entropy,aurc,0.0004959799092353981,-0.0012165990558666944,0.0021751572687279115,1000,32,32,10,common-valid fixed32 images; paired group-bootstrap mean of per-image pixel metrics
spacenet7__panopticon__full_finetune__deterministic__42,spacenet7__panopticon__frozen__deterministic__42,spacenet7,full_recipe_minus_frozen_recipe,entropy,auroc,0.010268477243683637,-0.015987092815880434,0.03637762418910259,1000,32,32,10,common-valid fixed32 images; paired group-bootstrap mean of per-image pixel metrics
spacenet7__panopticon__full_finetune__deterministic__42,spacenet7__panopticon__frozen__deterministic__42,spacenet7,full_recipe_minus_frozen_recipe,entropy,average_precision,0.03971773557621758,0.0009622919262262009,0.07458962575148859,1000,32,32,10,common-valid fixed32 images; paired group-bootstrap mean of per-image pixel metrics
spacenet7__panopticon__full_finetune__deterministic__42,spacenet7__panopticon__frozen__deterministic__42,spacenet7,full_recipe_minus_frozen_recipe,entropy,risk_at_1,0.0076617805325255185,0.00022614532185054328,0.015933159518127536,1000,32,32,10,common-valid fixed32 images; paired group-bootstrap mean of per-image pixel metrics
spacenet7__panopticon__full_finetune__deterministic__42,spacenet7__panopticon__frozen__deterministic__42,spacenet7,full_recipe_minus_frozen_recipe,entropy,risk_at_0.9,0.0053132418331916145,-5.2828066370400817e-05,0.011484864837220807,1000,32,32,10,common-valid fixed32 images; paired group-bootstrap mean of per-image pixel metrics
spacenet7__panopticon__full_finetune__deterministic__42,spacenet7__panopticon__frozen__deterministic__42,spacenet7,full_recipe_minus_frozen_recipe,entropy,risk_at_0.8,0.0018252937161192676,-0.0008722333101767376,0.004730307650403914,1000,32,32,10,common-valid fixed32 images; paired group-bootstrap mean of per-image pixel metrics
spacenet7__panopticon__full_finetune__deterministic__42,spacenet7__panopticon__frozen__deterministic__42,spacenet7,full_recipe_minus_frozen_recipe,entropy,risk_at_0.5,-0.001971809231505107,-0.0036539381377550927,-0.00029608694063564184,1000,32,32,10,common-valid fixed32 images; paired group-bootstrap mean of per-image pixel metrics
spacenet7__panopticon__full_finetune__deterministic__42,spacenet7__panopticon__frozen__deterministic__42,spacenet7,full_recipe_minus_frozen_recipe,gini_total,base_risk,0.0076617805325255185,0.00022614532185054328,0.015933159518127536,1000,32,32,10,common-valid fixed32 images; paired group-bootstrap mean of per-image pixel metrics
spacenet7__panopticon__full_finetune__deterministic__42,spacenet7__panopticon__frozen__deterministic__42,spacenet7,full_recipe_minus_frozen_recipe,gini_total,aurc,0.0018739452891438357,-0.0002182391650994011,0.004065178218756821,1000,32,32,10,common-valid fixed32 images; paired group-bootstrap mean of per-image pixel metrics
spacenet7__panopticon__full_finetune__deterministic__42,spacenet7__panopticon__frozen__deterministic__42,spacenet7,full_recipe_minus_frozen_recipe,gini_total,auroc,0.009036402037546777,-0.016811654143434492,0.034982888727153834,1000,32,32,10,common-valid fixed32 images; paired group-bootstrap mean of per-image pixel metrics
spacenet7__panopticon__full_finetune__deterministic__42,spacenet7__panopticon__frozen__deterministic__42,spacenet7,full_recipe_minus_frozen_recipe,gini_total,average_precision,0.039182561097771615,0.000630722061499852,0.07399766912707638,1000,32,32,10,common-valid fixed32 images; paired group-bootstrap mean of per-image pixel metrics
spacenet7__panopticon__full_finetune__deterministic__42,spacenet7__panopticon__frozen__deterministic__42,spacenet7,full_recipe_minus_frozen_recipe,gini_total,risk_at_1,0.0076617805325255185,0.00022614532185054328,0.015933159518127536,1000,32,32,10,common-valid fixed32 images; paired group-bootstrap mean of per-image pixel metrics
spacenet7__panopticon__full_finetune__deterministic__42,spacenet7__panopticon__frozen__deterministic__42,spacenet7,full_recipe_minus_frozen_recipe,gini_total,risk_at_0.9,0.0053132418331916145,-5.2828066370400817e-05,0.011484864837220807,1000,32,32,10,common-valid fixed32 images; paired group-bootstrap mean of per-image pixel metrics
spacenet7__panopticon__full_finetune__deterministic__42,spacenet7__panopticon__frozen__deterministic__42,spacenet7,full_recipe_minus_frozen_recipe,gini_total,risk_at_0.8,0.001825138014190058,-0.0008723655982820056,0.004730123835626376,1000,32,32,10,common-valid fixed32 images; paired group-bootstrap mean of per-image pixel metrics
spacenet7__panopticon__full_finetune__deterministic__42,spacenet7__panopticon__frozen__deterministic__42,spacenet7,full_recipe_minus_frozen_recipe,gini_total,risk_at_0.5,-0.0019730548469387823,-0.003655233577806115,-0.00029608694063564184,1000,32,32,10,common-valid fixed32 images; paired group-bootstrap mean of per-image pixel metrics
spacenet7__panopticon__full_finetune__deterministic__42,spacenet7__panopticon__frozen__deterministic__42,spacenet7,full_recipe_minus_frozen_recipe,msp,base_risk,0.0076617805325255185,0.00022614532185054328,0.015933159518127536,1000,32,32,10,common-valid fixed32 images; paired group-bootstrap mean of per-image pixel metrics
spacenet7__panopticon__full_finetune__deterministic__42,spacenet7__panopticon__frozen__deterministic__42,spacenet7,full_recipe_minus_frozen_recipe,msp,aurc,0.0013927100690397016,-0.00047602876615286,0.003351826770990393,1000,32,32,10,common-valid fixed32 images; paired group-bootstrap mean of per-image pixel metrics
spacenet7__panopticon__full_finetune__deterministic__42,spacenet7__panopticon__frozen__deterministic__42,spacenet7,full_recipe_minus_frozen_recipe,msp,auroc,0.009383443852555476,-0.01660594391470897,0.03531105550567378,1000,32,32,10,common-valid fixed32 images; paired group-bootstrap mean of per-image pixel metrics
spacenet7__panopticon__full_finetune__deterministic__42,spacenet7__panopticon__frozen__deterministic__42,spacenet7,full_recipe_minus_frozen_recipe,msp,average_precision,0.03912593888611302,0.0006134025604753156,0.07391992266407141,1000,32,32,10,common-valid fixed32 images; paired group-bootstrap mean of per-image pixel metrics
spacenet7__panopticon__full_finetune__deterministic__42,spacenet7__panopticon__frozen__deterministic__42,spacenet7,full_recipe_minus_frozen_recipe,msp,risk_at_1,0.0076617805325255185,0.00022614532185054328,0.015933159518127536,1000,32,32,10,common-valid fixed32 images; paired group-bootstrap mean of per-image pixel metrics
spacenet7__panopticon__full_finetune__deterministic__42,spacenet7__panopticon__frozen__deterministic__42,spacenet7,full_recipe_minus_frozen_recipe,msp,risk_at_0.9,0.0053132418331916145,-5.2828066370400817e-05,0.011484864837220807,1000,32,32,10,common-valid fixed32 images; paired group-bootstrap mean of per-image pixel metrics
spacenet7__panopticon__full_finetune__deterministic__42,spacenet7__panopticon__frozen__deterministic__42,spacenet7,full_recipe_minus_frozen_recipe,msp,risk_at_0.8,0.0018250601632254517,-0.000872431742334641,0.004730031928237604,1000,32,32,10,common-valid fixed32 images; paired group-bootstrap mean of per-image pixel metrics
spacenet7__panopticon__full_finetune__deterministic__42,spacenet7__panopticon__frozen__deterministic__42,spacenet7,full_recipe_minus_frozen_recipe,msp,risk_at_0.5,-0.0019722774187319945,-0.00365541176412,-0.0002953468605324192,1000,32,32,10,common-valid fixed32 images; paired group-bootstrap mean of per-image pixel metrics
spacenet7__panopticon__full_finetune__deterministic__42,spacenet7__panopticon__frozen__deterministic__42,spacenet7,full_recipe_minus_frozen_recipe,negative_margin,base_risk,0.0076617805325255185,0.00022614532185054328,0.015933159518127536,1000,32,32,10,common-valid fixed32 images; paired group-bootstrap mean of per-image pixel metrics
spacenet7__panopticon__full_finetune__deterministic__42,spacenet7__panopticon__frozen__deterministic__42,spacenet7,full_recipe_minus_frozen_recipe,negative_margin,aurc,0.0005332428116300111,-0.0011850470209792993,0.0022575795010914314,1000,32,32,10,common-valid fixed32 images; paired group-bootstrap mean of per-image pixel metrics
spacenet7__panopticon__full_finetune__deterministic__42,spacenet7__panopticon__frozen__deterministic__42,spacenet7,full_recipe_minus_frozen_recipe,negative_margin,auroc,0.01024425559512112,-0.016000043871839592,0.03634908880465962,1000,32,32,10,common-valid fixed32 images; paired group-bootstrap mean of per-image pixel metrics
spacenet7__panopticon__full_finetune__deterministic__42,spacenet7__panopticon__frozen__deterministic__42,spacenet7,full_recipe_minus_frozen_recipe,negative_margin,average_precision,0.039681461579305535,0.000933756478989276,0.07453821065077883,1000,32,32,10,common-valid fixed32 images; paired group-bootstrap mean of per-image pixel metrics
spacenet7__panopticon__full_finetune__deterministic__42,spacenet7__panopticon__frozen__deterministic__42,spacenet7,full_recipe_minus_frozen_recipe,negative_margin,risk_at_1,0.0076617805325255185,0.00022614532185054328,0.015933159518127536,1000,32,32,10,common-valid fixed32 images; paired group-bootstrap mean of per-image pixel metrics
spacenet7__panopticon__full_finetune__deterministic__42,spacenet7__panopticon__frozen__deterministic__42,spacenet7,full_recipe_minus_frozen_recipe,negative_margin,risk_at_0.9,0.0053132418331916145,-5.2828066370400817e-05,0.011484864837220807,1000,32,32,10,common-valid fixed32 images; paired group-bootstrap mean of per-image pixel metrics
spacenet7__panopticon__full_finetune__deterministic__42,spacenet7__panopticon__frozen__deterministic__42,spacenet7,full_recipe_minus_frozen_recipe,negative_margin,risk_at_0.8,0.0018252937161192676,-0.0008722333101767376,0.004730307650403914,1000,32,32,10,common-valid fixed32 images; paired group-bootstrap mean of per-image pixel metrics
spacenet7__panopticon__full_finetune__deterministic__42,spacenet7__panopticon__frozen__deterministic__42,spacenet7,full_recipe_minus_frozen_recipe,negative_margin,risk_at_0.5,-0.001971809231505107,-0.0036539381377550927,-0.00029608694063564184,1000,32,32,10,common-valid fixed32 images; paired group-bootstrap mean of per-image pixel metrics
spacenet7__panopticon__full_finetune__deterministic__42,spacenet7__dofa__full_finetune__deterministic__42,spacenet7,Pan_configuration_minus_DOFA_configuration,entropy,base_risk,0.011479591836734693,0.003366777149561751,0.02029640124240678,1000,32,32,10,common-valid fixed32 images; paired group-bootstrap mean of per-image pixel metrics
spacenet7__panopticon__full_finetune__deterministic__42,spacenet7__dofa__full_finetune__deterministic__42,spacenet7,Pan_configuration_minus_DOFA_configuration,entropy,aurc,0.0006072146997656274,-0.00047818433038485157,0.0018769816639267636,1000,32,32,10,common-valid fixed32 images; paired group-bootstrap mean of per-image pixel metrics
spacenet7__panopticon__full_finetune__deterministic__42,spacenet7__dofa__full_finetune__deterministic__42,spacenet7,Pan_configuration_minus_DOFA_configuration,entropy,auroc,0.017963984245717286,-0.007443157468322861,0.04113922822185179,1000,29,32,10,common-valid fixed32 images; paired group-bootstrap mean of per-image pixel metrics
spacenet7__panopticon__full_finetune__deterministic__42,spacenet7__dofa__full_finetune__deterministic__42,spacenet7,Pan_configuration_minus_DOFA_configuration,entropy,average_precision,0.02502014685745499,-0.01699929146726192,0.057867283134947656,1000,29,32,10,common-valid fixed32 images; paired group-bootstrap mean of per-image pixel metrics
spacenet7__panopticon__full_finetune__deterministic__42,spacenet7__dofa__full_finetune__deterministic__42,spacenet7,Pan_configuration_minus_DOFA_configuration,entropy,risk_at_1,0.011479591836734693,0.003366777149561751,0.02029640124240678,1000,32,32,10,common-valid fixed32 images; paired group-bootstrap mean of per-image pixel metrics
spacenet7__panopticon__full_finetune__deterministic__42,spacenet7__dofa__full_finetune__deterministic__42,spacenet7,Pan_configuration_minus_DOFA_configuration,entropy,risk_at_0.9,0.00893576831774377,0.0024650359510763895,0.016039944413585333,1000,32,32,10,common-valid fixed32 images; paired group-bootstrap mean of per-image pixel metrics
spacenet7__panopticon__full_finetune__deterministic__42,spacenet7__dofa__full_finetune__deterministic__42,spacenet7,Pan_configuration_minus_DOFA_configuration,entropy,risk_at_0.8,0.005298848054846947,0.0013659166756825488,0.009732148206257542,1000,32,32,10,common-valid fixed32 images; paired group-bootstrap mean of per-image pixel metrics
spacenet7__panopticon__full_finetune__deterministic__42,spacenet7__dofa__full_finetune__deterministic__42,spacenet7,Pan_configuration_minus_DOFA_configuration,entropy,risk_at_0.5,-0.000171894929846939,-0.0014655886252582218,0.001222013351711644,1000,32,32,10,common-valid fixed32 images; paired group-bootstrap mean of per-image pixel metrics
spacenet7__panopticon__full_finetune__deterministic__42,spacenet7__dofa__full_finetune__deterministic__42,spacenet7,Pan_configuration_minus_DOFA_configuration,gini_total,base_risk,0.011479591836734693,0.003366777149561751,0.02029640124240678,1000,32,32,10,common-valid fixed32 images; paired group-bootstrap mean of per-image pixel metrics
spacenet7__panopticon__full_finetune__deterministic__42,spacenet7__dofa__full_finetune__deterministic__42,spacenet7,Pan_configuration_minus_DOFA_configuration,gini_total,aurc,0.0015862904617115706,0.00019681646834425882,0.0031830006058776073,1000,32,32,10,common-valid fixed32 images; paired group-bootstrap mean of per-image pixel metrics
spacenet7__panopticon__full_finetune__deterministic__42,spacenet7__dofa__full_finetune__deterministic__42,spacenet7,Pan_configuration_minus_DOFA_configuration,gini_total,auroc,0.016889802497237774,-0.008387985433809732,0.0399449055268158,1000,29,32,10,common-valid fixed32 images; paired group-bootstrap mean of per-image pixel metrics
spacenet7__panopticon__full_finetune__deterministic__42,spacenet7__dofa__full_finetune__deterministic__42,spacenet7,Pan_configuration_minus_DOFA_configuration,gini_total,average_precision,0.02472036494080742,-0.01719239889033358,0.057346770956547444,1000,29,32,10,common-valid fixed32 images; paired group-bootstrap mean of per-image pixel metrics
spacenet7__panopticon__full_finetune__deterministic__42,spacenet7__dofa__full_finetune__deterministic__42,spacenet7,Pan_configuration_minus_DOFA_configuration,gini_total,risk_at_1,0.011479591836734693,0.003366777149561751,0.02029640124240678,1000,32,32,10,common-valid fixed32 images; paired group-bootstrap mean of per-image pixel metrics
spacenet7__panopticon__full_finetune__deterministic__42,spacenet7__dofa__full_finetune__deterministic__42,spacenet7,Pan_configuration_minus_DOFA_configuration,gini_total,risk_at_0.9,0.00893576831774377,0.0024650359510763895,0.016039944413585333,1000,32,32,10,common-valid fixed32 images; paired group-bootstrap mean of per-image pixel metrics
spacenet7__panopticon__full_finetune__deterministic__42,spacenet7__dofa__full_finetune__deterministic__42,spacenet7,Pan_configuration_minus_DOFA_configuration,gini_total,risk_at_0.8,0.005298692352917737,0.0013659567133214884,0.009730424435221905,1000,32,32,10,common-valid fixed32 images; paired group-bootstrap mean of per-image pixel metrics
spacenet7__panopticon__full_finetune__deterministic__42,spacenet7__dofa__full_finetune__deterministic__42,spacenet7,Pan_configuration_minus_DOFA_configuration,gini_total,risk_at_0.5,-0.00018435108418368088,-0.0014676504028400784,0.0012004754757506365,1000,32,32,10,common-valid fixed32 images; paired group-bootstrap mean of per-image pixel metrics
spacenet7__panopticon__full_finetune__deterministic__42,spacenet7__dofa__full_finetune__deterministic__42,spacenet7,Pan_configuration_minus_DOFA_configuration,msp,base_risk,0.011479591836734693,0.003366777149561751,0.02029640124240678,1000,32,32,10,common-valid fixed32 images; paired group-bootstrap mean of per-image pixel metrics
spacenet7__panopticon__full_finetune__deterministic__42,spacenet7__dofa__full_finetune__deterministic__42,spacenet7,Pan_configuration_minus_DOFA_configuration,msp,aurc,0.0012372226280834618,7.603312579034776e-06,0.0026675537303820227,1000,32,32,10,common-valid fixed32 images; paired group-bootstrap mean of per-image pixel metrics
spacenet7__panopticon__full_finetune__deterministic__42,spacenet7__dofa__full_finetune__deterministic__42,spacenet7,Pan_configuration_minus_DOFA_configuration,msp,auroc,0.01721385928209308,-0.008031758936107195,0.04021770793012333,1000,29,32,10,common-valid fixed32 images; paired group-bootstrap mean of per-image pixel metrics
spacenet7__panopticon__full_finetune__deterministic__42,spacenet7__dofa__full_finetune__deterministic__42,spacenet7,Pan_configuration_minus_DOFA_configuration,msp,average_precision,0.024923454809173635,-0.017116530444199106,0.05769515891185033,1000,29,32,10,common-valid fixed32 images; paired group-bootstrap mean of per-image pixel metrics
spacenet7__panopticon__full_finetune__deterministic__42,spacenet7__dofa__full_finetune__deterministic__42,spacenet7,Pan_configuration_minus_DOFA_configuration,msp,risk_at_1,0.011479591836734693,0.003366777149561751,0.02029640124240678,1000,32,32,10,common-valid fixed32 images; paired group-bootstrap mean of per-image pixel metrics
spacenet7__panopticon__full_finetune__deterministic__42,spacenet7__dofa__full_finetune__deterministic__42,spacenet7,Pan_configuration_minus_DOFA_configuration,msp,risk_at_0.9,0.008935723430701118,0.002464988209466047,0.016039943255210038,1000,32,32,10,common-valid fixed32 images; paired group-bootstrap mean of per-image pixel metrics
spacenet7__panopticon__full_finetune__deterministic__42,spacenet7__dofa__full_finetune__deterministic__42,spacenet7,Pan_configuration_minus_DOFA_configuration,msp,risk_at_0.8,0.005298971005486639,0.001366787136594304,0.009731191196456048,1000,32,32,10,common-valid fixed32 images; paired group-bootstrap mean of per-image pixel metrics
spacenet7__panopticon__full_finetune__deterministic__42,spacenet7__dofa__full_finetune__deterministic__42,spacenet7,Pan_configuration_minus_DOFA_configuration,msp,risk_at_0.5,-0.00017763308821079122,-0.0014589175539058163,0.0012063089465219855,1000,32,32,10,common-valid fixed32 images; paired group-bootstrap mean of per-image pixel metrics
spacenet7__panopticon__full_finetune__deterministic__42,spacenet7__dofa__full_finetune__deterministic__42,spacenet7,Pan_configuration_minus_DOFA_configuration,negative_margin,base_risk,0.011479591836734693,0.003366777149561751,0.02029640124240678,1000,32,32,10,common-valid fixed32 images; paired group-bootstrap mean of per-image pixel metrics
spacenet7__panopticon__full_finetune__deterministic__42,spacenet7__dofa__full_finetune__deterministic__42,spacenet7,Pan_configuration_minus_DOFA_configuration,negative_margin,aurc,0.0006529250146546947,-0.00041404572844039,0.0019227656305888358,1000,32,32,10,common-valid fixed32 images; paired group-bootstrap mean of per-image pixel metrics
spacenet7__panopticon__full_finetune__deterministic__42,spacenet7__dofa__full_finetune__deterministic__42,spacenet7,Pan_configuration_minus_DOFA_configuration,negative_margin,auroc,0.017938160349699653,-0.007453930955045677,0.04110715978347485,1000,29,32,10,common-valid fixed32 images; paired group-bootstrap mean of per-image pixel metrics
spacenet7__panopticon__full_finetune__deterministic__42,spacenet7__dofa__full_finetune__deterministic__42,spacenet7,Pan_configuration_minus_DOFA_configuration,negative_margin,average_precision,0.02499074055584783,-0.017017033297547404,0.05779944521730653,1000,29,32,10,common-valid fixed32 images; paired group-bootstrap mean of per-image pixel metrics
spacenet7__panopticon__full_finetune__deterministic__42,spacenet7__dofa__full_finetune__deterministic__42,spacenet7,Pan_configuration_minus_DOFA_configuration,negative_margin,risk_at_1,0.011479591836734693,0.003366777149561751,0.02029640124240678,1000,32,32,10,common-valid fixed32 images; paired group-bootstrap mean of per-image pixel metrics
spacenet7__panopticon__full_finetune__deterministic__42,spacenet7__dofa__full_finetune__deterministic__42,spacenet7,Pan_configuration_minus_DOFA_configuration,negative_margin,risk_at_0.9,0.00893576831774377,0.0024650359510763895,0.016039944413585333,1000,32,32,10,common-valid fixed32 images; paired group-bootstrap mean of per-image pixel metrics
spacenet7__panopticon__full_finetune__deterministic__42,spacenet7__dofa__full_finetune__deterministic__42,spacenet7,Pan_configuration_minus_DOFA_configuration,negative_margin,risk_at_0.8,0.005298848054846947,0.0013659166756825488,0.009732148206257542,1000,32,32,10,common-valid fixed32 images; paired group-bootstrap mean of per-image pixel metrics
spacenet7__panopticon__full_finetune__deterministic__42,spacenet7__dofa__full_finetune__deterministic__42,spacenet7,Pan_configuration_minus_DOFA_configuration,negative_margin,risk_at_0.5,-0.000171894929846939,-0.0014655886252582218,0.001222013351711644,1000,32,32,10,common-valid fixed32 images; paired group-bootstrap mean of per-image pixel metrics
cloudsen12__dofa__frozen__mc_dropout__42,cloudsen12__dofa__frozen__mc_dropout_off__42,cloudsen12,MC_minus_Off,entropy,base_risk,0.00013514927455357276,-0.0005861772976236006,0.0009919432083913126,1000,32,32,30,common-valid fixed32 images; paired group-bootstrap mean of per-image pixel metrics
cloudsen12__dofa__frozen__mc_dropout__42,cloudsen12__dofa__frozen__mc_dropout_off__42,cloudsen12,MC_minus_Off,entropy,aurc,-0.00043107206202697634,-0.0019703938536321146,0.0005780519485190044,1000,32,32,30,common-valid fixed32 images; paired group-bootstrap mean of per-image pixel metrics
cloudsen12__dofa__frozen__mc_dropout__42,cloudsen12__dofa__frozen__mc_dropout_off__42,cloudsen12,MC_minus_Off,entropy,auroc,0.0018139938466656402,5.9463574195302955e-05,0.004646362976108707,1000,26,32,25,common-valid fixed32 images; paired group-bootstrap mean of per-image pixel metrics
cloudsen12__dofa__frozen__mc_dropout__42,cloudsen12__dofa__frozen__mc_dropout_off__42,cloudsen12,MC_minus_Off,entropy,average_precision,0.002038547699425278,-0.0007522393484458831,0.004877407102806806,1000,26,32,25,common-valid fixed32 images; paired group-bootstrap mean of per-image pixel metrics
cloudsen12__dofa__frozen__mc_dropout__42,cloudsen12__dofa__frozen__mc_dropout_off__42,cloudsen12,MC_minus_Off,entropy,risk_at_1,0.00013514927455357276,-0.0005861772976236006,0.0009919432083913126,1000,32,32,30,common-valid fixed32 images; paired group-bootstrap mean of per-image pixel metrics
cloudsen12__dofa__frozen__mc_dropout__42,cloudsen12__dofa__frozen__mc_dropout_off__42,cloudsen12,MC_minus_Off,entropy,risk_at_0.9,7.293770372731471e-05,-0.0008578624789562332,0.0011012393781297054,1000,32,32,30,common-valid fixed32 images; paired group-bootstrap mean of per-image pixel metrics
cloudsen12__dofa__frozen__mc_dropout__42,cloudsen12__dofa__frozen__mc_dropout_off__42,cloudsen12,MC_minus_Off,entropy,risk_at_0.8,0.0001149080237563666,-0.0010570136868223873,0.001243726631888097,1000,32,32,30,common-valid fixed32 images; paired group-bootstrap mean of per-image pixel metrics
cloudsen12__dofa__frozen__mc_dropout__42,cloudsen12__dofa__frozen__mc_dropout_off__42,cloudsen12,MC_minus_Off,entropy,risk_at_0.5,-0.0008918606505102134,-0.0026403789842550014,0.00038269806410466987,1000,32,32,30,common-valid fixed32 images; paired group-bootstrap mean of per-image pixel metrics
cloudsen12__dofa__frozen__mc_dropout__42,cloudsen12__dofa__frozen__mc_dropout_off__42,cloudsen12,MC_minus_Off,gini_total,base_risk,0.00013514927455357276,-0.0005861772976236006,0.0009919432083913126,1000,32,32,30,common-valid fixed32 images; paired group-bootstrap mean of per-image pixel metrics
cloudsen12__dofa__frozen__mc_dropout__42,cloudsen12__dofa__frozen__mc_dropout_off__42,cloudsen12,MC_minus_Off,gini_total,aurc,-0.0002483891949332539,-0.0015182023088521042,0.0007375904043942038,1000,32,32,30,common-valid fixed32 images; paired group-bootstrap mean of per-image pixel metrics
cloudsen12__dofa__frozen__mc_dropout__42,cloudsen12__dofa__frozen__mc_dropout_off__42,cloudsen12,MC_minus_Off,gini_total,auroc,0.00107723006721664,-6.468627339199064e-05,0.0030173291472124814,1000,26,32,25,common-valid fixed32 images; paired group-bootstrap mean of per-image pixel metrics
cloudsen12__dofa__frozen__mc_dropout__42,cloudsen12__dofa__frozen__mc_dropout_off__42,cloudsen12,MC_minus_Off,gini_total,average_precision,0.0017240367813834401,-0.0010145492080703338,0.00492770413430307,1000,26,32,25,common-valid fixed32 images; paired group-bootstrap mean of per-image pixel metrics
cloudsen12__dofa__frozen__mc_dropout__42,cloudsen12__dofa__frozen__mc_dropout_off__42,cloudsen12,MC_minus_Off,gini_total,risk_at_1,0.00013514927455357276,-0.0005861772976236006,0.0009919432083913126,1000,32,32,30,common-valid fixed32 images; paired group-bootstrap mean of per-image pixel metrics
cloudsen12__dofa__frozen__mc_dropout__42,cloudsen12__dofa__frozen__mc_dropout_off__42,cloudsen12,MC_minus_Off,gini_total,risk_at_0.9,0.0001384017148526141,-0.0006839176482805258,0.001035219713883114,1000,32,32,30,common-valid fixed32 images; paired group-bootstrap mean of per-image pixel metrics
cloudsen12__dofa__frozen__mc_dropout__42,cloudsen12__dofa__frozen__mc_dropout_off__42,cloudsen12,MC_minus_Off,gini_total,risk_at_0.8,5.138163663904007e-05,-0.0011830995414225853,0.001198289596378331,1000,32,32,30,common-valid fixed32 images; paired group-bootstrap mean of per-image pixel metrics
cloudsen12__dofa__frozen__mc_dropout__42,cloudsen12__dofa__frozen__mc_dropout_off__42,cloudsen12,MC_minus_Off,gini_total,risk_at_0.5,7.100007971939435e-05,-0.000834642702847263,0.000947950147299695,1000,32,32,30,common-valid fixed32 images; paired group-bootstrap mean of per-image pixel metrics
cloudsen12__dofa__frozen__mc_dropout__42,cloudsen12__dofa__frozen__mc_dropout_off__42,cloudsen12,MC_minus_Off,msp,base_risk,0.00013514927455357276,-0.0005861772976236006,0.0009919432083913126,1000,32,32,30,common-valid fixed32 images; paired group-bootstrap mean of per-image pixel metrics
cloudsen12__dofa__frozen__mc_dropout__42,cloudsen12__dofa__frozen__mc_dropout_off__42,cloudsen12,MC_minus_Off,msp,aurc,-0.0001779131489365277,-0.0013639412288481124,0.0007516872227539665,1000,32,32,30,common-valid fixed32 images; paired group-bootstrap mean of per-image pixel metrics
cloudsen12__dofa__frozen__mc_dropout__42,cloudsen12__dofa__frozen__mc_dropout_off__42,cloudsen12,MC_minus_Off,msp,auroc,0.0008363097866907027,-2.802666360718169e-05,0.002234082908658901,1000,26,32,25,common-valid fixed32 images; paired group-bootstrap mean of per-image pixel metrics
cloudsen12__dofa__frozen__mc_dropout__42,cloudsen12__dofa__frozen__mc_dropout_off__42,cloudsen12,MC_minus_Off,msp,average_precision,0.0019799557615731433,-0.0009090900269226557,0.005736580049465042,1000,26,32,25,common-valid fixed32 images; paired group-bootstrap mean of per-image pixel metrics
cloudsen12__dofa__frozen__mc_dropout__42,cloudsen12__dofa__frozen__mc_dropout_off__42,cloudsen12,MC_minus_Off,msp,risk_at_1,0.00013514927455357276,-0.0005861772976236006,0.0009919432083913126,1000,32,32,30,common-valid fixed32 images; paired group-bootstrap mean of per-image pixel metrics
cloudsen12__dofa__frozen__mc_dropout__42,cloudsen12__dofa__frozen__mc_dropout_off__42,cloudsen12,MC_minus_Off,msp,risk_at_0.9,0.00011473502161280693,-0.0006377989951561126,0.0009601794276738434,1000,32,32,30,common-valid fixed32 images; paired group-bootstrap mean of per-image pixel metrics
cloudsen12__dofa__frozen__mc_dropout__42,cloudsen12__dofa__frozen__mc_dropout_off__42,cloudsen12,MC_minus_Off,msp,risk_at_0.8,8.189921476402058e-05,-0.0008156837784371528,0.001016294551779882,1000,32,32,30,common-valid fixed32 images; paired group-bootstrap mean of per-image pixel metrics
cloudsen12__dofa__frozen__mc_dropout__42,cloudsen12__dofa__frozen__mc_dropout_off__42,cloudsen12,MC_minus_Off,msp,risk_at_0.5,5.107023278060879e-05,-0.0008011058162267866,0.0008995131491986908,1000,32,32,30,common-valid fixed32 images; paired group-bootstrap mean of per-image pixel metrics
cloudsen12__dofa__frozen__mc_dropout__42,cloudsen12__dofa__frozen__mc_dropout_off__42,cloudsen12,MC_minus_Off,negative_margin,base_risk,0.00013514927455357276,-0.0005861772976236006,0.0009919432083913126,1000,32,32,30,common-valid fixed32 images; paired group-bootstrap mean of per-image pixel metrics
cloudsen12__dofa__frozen__mc_dropout__42,cloudsen12__dofa__frozen__mc_dropout_off__42,cloudsen12,MC_minus_Off,negative_margin,aurc,-0.00013342705209235336,-0.001120942344379596,0.0006759504271391916,1000,32,32,30,common-valid fixed32 images; paired group-bootstrap mean of per-image pixel metrics
cloudsen12__dofa__frozen__mc_dropout__42,cloudsen12__dofa__frozen__mc_dropout_off__42,cloudsen12,MC_minus_Off,negative_margin,auroc,0.0005257894091518927,-0.0002979523268312139,0.0015594566752830596,1000,26,32,25,common-valid fixed32 images; paired group-bootstrap mean of per-image pixel metrics
cloudsen12__dofa__frozen__mc_dropout__42,cloudsen12__dofa__frozen__mc_dropout_off__42,cloudsen12,MC_minus_Off,negative_margin,average_precision,0.0025834853733433974,-0.000777699297265127,0.006984169124361386,1000,26,32,25,common-valid fixed32 images; paired group-bootstrap mean of per-image pixel metrics
cloudsen12__dofa__frozen__mc_dropout__42,cloudsen12__dofa__frozen__mc_dropout_off__42,cloudsen12,MC_minus_Off,negative_margin,risk_at_1,0.00013514927455357276,-0.0005861772976236006,0.0009919432083913126,1000,32,32,30,common-valid fixed32 images; paired group-bootstrap mean of per-image pixel metrics
cloudsen12__dofa__frozen__mc_dropout__42,cloudsen12__dofa__frozen__mc_dropout_off__42,cloudsen12,MC_minus_Off,negative_margin,risk_at_0.9,9.798841411564742e-05,-0.0008018404844576709,0.0010595685699642374,1000,32,32,30,common-valid fixed32 images; paired group-bootstrap mean of per-image pixel metrics
cloudsen12__dofa__frozen__mc_dropout__42,cloudsen12__dofa__frozen__mc_dropout_off__42,cloudsen12,MC_minus_Off,negative_margin,risk_at_0.8,0.00017999143016582771,-0.0005440908486000045,0.000984890736690198,1000,32,32,30,common-valid fixed32 images; paired group-bootstrap mean of per-image pixel metrics
cloudsen12__dofa__frozen__mc_dropout__42,cloudsen12__dofa__frozen__mc_dropout_off__42,cloudsen12,MC_minus_Off,negative_margin,risk_at_0.5,-0.00019431600765305981,-0.0008628953273417737,0.0004025206273915875,1000,32,32,30,common-valid fixed32 images; paired group-bootstrap mean of per-image pixel metrics
cloudsen12__dofa__frozen__mc_dropout__42,cloudsen12__dofa__frozen__deterministic__42,cloudsen12,MC_minus_D,entropy,base_risk,0.009535186144770417,-0.0031220105229591757,0.026187633167613644,1000,32,32,30,common-valid fixed32 images; paired group-bootstrap mean of per-image pixel metrics
cloudsen12__dofa__frozen__mc_dropout__42,cloudsen12__dofa__frozen__deterministic__42,cloudsen12,MC_minus_D,entropy,aurc,0.012405259571321124,-0.0021078817363873554,0.035318557689877655,1000,32,32,30,common-valid fixed32 images; paired group-bootstrap mean of per-image pixel metrics
cloudsen12__dofa__frozen__mc_dropout__42,cloudsen12__dofa__frozen__deterministic__42,cloudsen12,MC_minus_D,entropy,auroc,0.002813799013411596,-0.015030655972185463,0.018954928397067503,1000,26,32,25,common-valid fixed32 images; paired group-bootstrap mean of per-image pixel metrics
cloudsen12__dofa__frozen__mc_dropout__42,cloudsen12__dofa__frozen__deterministic__42,cloudsen12,MC_minus_D,entropy,average_precision,0.02872001542910746,-0.0003656710476429055,0.05625038555926452,1000,26,32,25,common-valid fixed32 images; paired group-bootstrap mean of per-image pixel metrics
cloudsen12__dofa__frozen__mc_dropout__42,cloudsen12__dofa__frozen__deterministic__42,cloudsen12,MC_minus_D,entropy,risk_at_1,0.009535186144770417,-0.0031220105229591757,0.026187633167613644,1000,32,32,30,common-valid fixed32 images; paired group-bootstrap mean of per-image pixel metrics
cloudsen12__dofa__frozen__mc_dropout__42,cloudsen12__dofa__frozen__deterministic__42,cloudsen12,MC_minus_D,entropy,risk_at_0.9,0.00935830875318877,-0.0034847064735952747,0.026849514351061327,1000,32,32,30,common-valid fixed32 images; paired group-bootstrap mean of per-image pixel metrics
cloudsen12__dofa__frozen__mc_dropout__42,cloudsen12__dofa__frozen__deterministic__42,cloudsen12,MC_minus_D,entropy,risk_at_0.8,0.008523590710698338,-0.00443386648787934,0.025730776708325392,1000,32,32,30,common-valid fixed32 images; paired group-bootstrap mean of per-image pixel metrics
cloudsen12__dofa__frozen__mc_dropout__42,cloudsen12__dofa__frozen__deterministic__42,cloudsen12,MC_minus_D,entropy,risk_at_0.5,0.013193558673469387,-0.0033576479908369572,0.03755892162812705,1000,32,32,30,common-valid fixed32 images; paired group-bootstrap mean of per-image pixel metrics
cloudsen12__dofa__frozen__mc_dropout__42,cloudsen12__dofa__frozen__deterministic__42,cloudsen12,MC_minus_D,gini_total,base_risk,0.009535186144770417,-0.0031220105229591757,0.026187633167613644,1000,32,32,30,common-valid fixed32 images; paired group-bootstrap mean of per-image pixel metrics
cloudsen12__dofa__frozen__mc_dropout__42,cloudsen12__dofa__frozen__deterministic__42,cloudsen12,MC_minus_D,gini_total,aurc,0.013289384404438628,-0.0009280631254964326,0.03601514158010149,1000,32,32,30,common-valid fixed32 images; paired group-bootstrap mean of per-image pixel metrics
cloudsen12__dofa__frozen__mc_dropout__42,cloudsen12__dofa__frozen__deterministic__42,cloudsen12,MC_minus_D,gini_total,auroc,-0.0029248048170742594,-0.023673955326633495,0.013868921857519784,1000,26,32,25,common-valid fixed32 images; paired group-bootstrap mean of per-image pixel metrics
cloudsen12__dofa__frozen__mc_dropout__42,cloudsen12__dofa__frozen__deterministic__42,cloudsen12,MC_minus_D,gini_total,average_precision,0.02183520825941091,-0.005102942428686911,0.046486935686348645,1000,26,32,25,common-valid fixed32 images; paired group-bootstrap mean of per-image pixel metrics
cloudsen12__dofa__frozen__mc_dropout__42,cloudsen12__dofa__frozen__deterministic__42,cloudsen12,MC_minus_D,gini_total,risk_at_1,0.009535186144770417,-0.0031220105229591757,0.026187633167613644,1000,32,32,30,common-valid fixed32 images; paired group-bootstrap mean of per-image pixel metrics
cloudsen12__dofa__frozen__mc_dropout__42,cloudsen12__dofa__frozen__deterministic__42,cloudsen12,MC_minus_D,gini_total,risk_at_0.9,0.009921742134353746,-0.0029312355231806185,0.027390230206876087,1000,32,32,30,common-valid fixed32 images; paired group-bootstrap mean of per-image pixel metrics
cloudsen12__dofa__frozen__mc_dropout__42,cloudsen12__dofa__frozen__deterministic__42,cloudsen12,MC_minus_D,gini_total,risk_at_0.8,0.01036040636957909,-0.0033632630027384167,0.029098961306737916,1000,32,32,30,common-valid fixed32 images; paired group-bootstrap mean of per-image pixel metrics
cloudsen12__dofa__frozen__mc_dropout__42,cloudsen12__dofa__frozen__deterministic__42,cloudsen12,MC_minus_D,gini_total,risk_at_0.5,0.014283472177933684,-0.0012906755719866,0.03816937464801322,1000,32,32,30,common-valid fixed32 images; paired group-bootstrap mean of per-image pixel metrics
cloudsen12__dofa__frozen__mc_dropout__42,cloudsen12__dofa__frozen__deterministic__42,cloudsen12,MC_minus_D,msp,base_risk,0.009535186144770417,-0.0031220105229591757,0.026187633167613644,1000,32,32,30,common-valid fixed32 images; paired group-bootstrap mean of per-image pixel metrics
cloudsen12__dofa__frozen__mc_dropout__42,cloudsen12__dofa__frozen__deterministic__42,cloudsen12,MC_minus_D,msp,aurc,0.013337081128510765,-0.0003336227770897923,0.03525785992349119,1000,32,32,30,common-valid fixed32 images; paired group-bootstrap mean of per-image pixel metrics
cloudsen12__dofa__frozen__mc_dropout__42,cloudsen12__dofa__frozen__deterministic__42,cloudsen12,MC_minus_D,msp,auroc,-0.0049309248647575205,-0.02498348861215894,0.01129585314459107,1000,26,32,25,common-valid fixed32 images; paired group-bootstrap mean of per-image pixel metrics
cloudsen12__dofa__frozen__mc_dropout__42,cloudsen12__dofa__frozen__deterministic__42,cloudsen12,MC_minus_D,msp,average_precision,0.014879185742644508,-0.013609266627906211,0.039586955278867596,1000,26,32,25,common-valid fixed32 images; paired group-bootstrap mean of per-image pixel metrics
cloudsen12__dofa__frozen__mc_dropout__42,cloudsen12__dofa__frozen__deterministic__42,cloudsen12,MC_minus_D,msp,risk_at_1,0.009535186144770417,-0.0031220105229591757,0.026187633167613644,1000,32,32,30,common-valid fixed32 images; paired group-bootstrap mean of per-image pixel metrics
cloudsen12__dofa__frozen__mc_dropout__42,cloudsen12__dofa__frozen__deterministic__42,cloudsen12,MC_minus_D,msp,risk_at_0.9,0.01105649779443026,-0.001673568179792087,0.02883665815772923,1000,32,32,30,common-valid fixed32 images; paired group-bootstrap mean of per-image pixel metrics
cloudsen12__dofa__frozen__mc_dropout__42,cloudsen12__dofa__frozen__deterministic__42,cloudsen12,MC_minus_D,msp,risk_at_0.8,0.011566162109374997,-0.001901963823899025,0.03086100831323738,1000,32,32,30,common-valid fixed32 images; paired group-bootstrap mean of per-image pixel metrics
cloudsen12__dofa__frozen__mc_dropout__42,cloudsen12__dofa__frozen__deterministic__42,cloudsen12,MC_minus_D,msp,risk_at_0.5,0.013215979751275517,-0.0013990527536619352,0.03467074307528409,1000,32,32,30,common-valid fixed32 images; paired group-bootstrap mean of per-image pixel metrics
cloudsen12__dofa__frozen__mc_dropout__42,cloudsen12__dofa__frozen__deterministic__42,cloudsen12,MC_minus_D,negative_margin,base_risk,0.009535186144770417,-0.0031220105229591757,0.026187633167613644,1000,32,32,30,common-valid fixed32 images; paired group-bootstrap mean of per-image pixel metrics
cloudsen12__dofa__frozen__mc_dropout__42,cloudsen12__dofa__frozen__deterministic__42,cloudsen12,MC_minus_D,negative_margin,aurc,0.013235051711774401,-7.941109319968486e-05,0.034621173609071215,1000,32,32,30,common-valid fixed32 images; paired group-bootstrap mean of per-image pixel metrics
cloudsen12__dofa__frozen__mc_dropout__42,cloudsen12__dofa__frozen__deterministic__42,cloudsen12,MC_minus_D,negative_margin,auroc,-0.006065206897343439,-0.024818570407955338,0.010103439929858902,1000,26,32,25,common-valid fixed32 images; paired group-bootstrap mean of per-image pixel metrics
cloudsen12__dofa__frozen__mc_dropout__42,cloudsen12__dofa__frozen__deterministic__42,cloudsen12,MC_minus_D,negative_margin,average_precision,0.01006488847055296,-0.017977515879896665,0.035138608735333934,1000,26,32,25,common-valid fixed32 images; paired group-bootstrap mean of per-image pixel metrics
cloudsen12__dofa__frozen__mc_dropout__42,cloudsen12__dofa__frozen__deterministic__42,cloudsen12,MC_minus_D,negative_margin,risk_at_1,0.009535186144770417,-0.0031220105229591757,0.026187633167613644,1000,32,32,30,common-valid fixed32 images; paired group-bootstrap mean of per-image pixel metrics
cloudsen12__dofa__frozen__mc_dropout__42,cloudsen12__dofa__frozen__deterministic__42,cloudsen12,MC_minus_D,negative_margin,risk_at_0.9,0.011145766900510196,-0.0013275387503588272,0.02831844661421426,1000,32,32,30,common-valid fixed32 images; paired group-bootstrap mean of per-image pixel metrics
cloudsen12__dofa__frozen__mc_dropout__42,cloudsen12__dofa__frozen__deterministic__42,cloudsen12,MC_minus_D,negative_margin,risk_at_0.8,0.012096171476403069,-0.0008724403735215652,0.03063686007545107,1000,32,32,30,common-valid fixed32 images; paired group-bootstrap mean of per-image pixel metrics
cloudsen12__dofa__frozen__mc_dropout__42,cloudsen12__dofa__frozen__deterministic__42,cloudsen12,MC_minus_D,negative_margin,risk_at_0.5,0.01233657525510205,-0.0019427210975430903,0.03261291466160327,1000,32,32,30,common-valid fixed32 images; paired group-bootstrap mean of per-image pixel metrics
cloudsen12__dofa__full_finetune__mc_dropout__42,cloudsen12__dofa__full_finetune__mc_dropout_off__42,cloudsen12,MC_minus_Off,entropy,base_risk,-9.528958067601078e-05,-0.00041596086519283924,0.00019254100566008968,1000,32,32,30,common-valid fixed32 images; paired group-bootstrap mean of per-image pixel metrics
cloudsen12__dofa__full_finetune__mc_dropout__42,cloudsen12__dofa__full_finetune__mc_dropout_off__42,cloudsen12,MC_minus_Off,entropy,aurc,0.000954852247471092,-0.0009060966907034262,0.004060811917497048,1000,32,32,30,common-valid fixed32 images; paired group-bootstrap mean of per-image pixel metrics
cloudsen12__dofa__full_finetune__mc_dropout__42,cloudsen12__dofa__full_finetune__mc_dropout_off__42,cloudsen12,MC_minus_Off,entropy,auroc,0.0007992937695743541,-0.0006564092971075851,0.002376255273972895,1000,25,32,24,common-valid fixed32 images; paired group-bootstrap mean of per-image pixel metrics
cloudsen12__dofa__full_finetune__mc_dropout__42,cloudsen12__dofa__full_finetune__mc_dropout_off__42,cloudsen12,MC_minus_Off,entropy,average_precision,0.0005417211690736345,-0.0011132491663084759,0.00219497854561976,1000,25,32,24,common-valid fixed32 images; paired group-bootstrap mean of per-image pixel metrics
cloudsen12__dofa__full_finetune__mc_dropout__42,cloudsen12__dofa__full_finetune__mc_dropout_off__42,cloudsen12,MC_minus_Off,entropy,risk_at_1,-9.528958067601078e-05,-0.00041596086519283924,0.00019254100566008968,1000,32,32,30,common-valid fixed32 images; paired group-bootstrap mean of per-image pixel metrics
cloudsen12__dofa__full_finetune__mc_dropout__42,cloudsen12__dofa__full_finetune__mc_dropout_off__42,cloudsen12,MC_minus_Off,entropy,risk_at_0.9,-0.0002939652423469347,-0.0006876704394795419,-2.2075073518943013e-06,1000,32,32,30,common-valid fixed32 images; paired group-bootstrap mean of per-image pixel metrics
cloudsen12__dofa__full_finetune__mc_dropout__42,cloudsen12__dofa__full_finetune__mc_dropout_off__42,cloudsen12,MC_minus_Off,entropy,risk_at_0.8,-0.00042989302654654587,-0.0009406817438101615,-3.695372968965635e-05,1000,32,32,30,common-valid fixed32 images; paired group-bootstrap mean of per-image pixel metrics
cloudsen12__dofa__full_finetune__mc_dropout__42,cloudsen12__dofa__full_finetune__mc_dropout_off__42,cloudsen12,MC_minus_Off,entropy,risk_at_0.5,-0.0005343690210459073,-0.0012202501739331914,3.215660347717834e-05,1000,32,32,30,common-valid fixed32 images; paired group-bootstrap mean of per-image pixel metrics
cloudsen12__dofa__full_finetune__mc_dropout__42,cloudsen12__dofa__full_finetune__mc_dropout_off__42,cloudsen12,MC_minus_Off,gini_total,base_risk,-9.528958067601078e-05,-0.00041596086519283924,0.00019254100566008968,1000,32,32,30,common-valid fixed32 images; paired group-bootstrap mean of per-image pixel metrics
cloudsen12__dofa__full_finetune__mc_dropout__42,cloudsen12__dofa__full_finetune__mc_dropout_off__42,cloudsen12,MC_minus_Off,gini_total,aurc,0.0009706868066761784,-0.0008191141909591201,0.004009270683826692,1000,32,32,30,common-valid fixed32 images; paired group-bootstrap mean of per-image pixel metrics
cloudsen12__dofa__full_finetune__mc_dropout__42,cloudsen12__dofa__full_finetune__mc_dropout_off__42,cloudsen12,MC_minus_Off,gini_total,auroc,0.0006004145321603583,-0.0007187549019728534,0.0020135127944595527,1000,25,32,24,common-valid fixed32 images; paired group-bootstrap mean of per-image pixel metrics
cloudsen12__dofa__full_finetune__mc_dropout__42,cloudsen12__dofa__full_finetune__mc_dropout_off__42,cloudsen12,MC_minus_Off,gini_total,average_precision,0.0006038640964942754,-0.000710176874917226,0.0019502817608486468,1000,25,32,24,common-valid fixed32 images; paired group-bootstrap mean of per-image pixel metrics
cloudsen12__dofa__full_finetune__mc_dropout__42,cloudsen12__dofa__full_finetune__mc_dropout_off__42,cloudsen12,MC_minus_Off,gini_total,risk_at_1,-9.528958067601078e-05,-0.00041596086519283924,0.00019254100566008968,1000,32,32,30,common-valid fixed32 images; paired group-bootstrap mean of per-image pixel metrics
cloudsen12__dofa__full_finetune__mc_dropout__42,cloudsen12__dofa__full_finetune__mc_dropout_off__42,cloudsen12,MC_minus_Off,gini_total,risk_at_0.9,-0.000258949608489226,-0.0006156731084360708,3.4262656631914056e-05,1000,32,32,30,common-valid fixed32 images; paired group-bootstrap mean of per-image pixel metrics
cloudsen12__dofa__full_finetune__mc_dropout__42,cloudsen12__dofa__full_finetune__mc_dropout_off__42,cloudsen12,MC_minus_Off,gini_total,risk_at_0.8,-0.00031062534877232973,-0.0007638503094108938,5.713449264647518e-05,1000,32,32,30,common-valid fixed32 images; paired group-bootstrap mean of per-image pixel metrics
cloudsen12__dofa__full_finetune__mc_dropout__42,cloudsen12__dofa__full_finetune__mc_dropout_off__42,cloudsen12,MC_minus_Off,gini_total,risk_at_0.5,-0.0004558952487244834,-0.0010056419584879351,1.2456154336813134e-06,1000,32,32,30,common-valid fixed32 images; paired group-bootstrap mean of per-image pixel metrics
cloudsen12__dofa__full_finetune__mc_dropout__42,cloudsen12__dofa__full_finetune__mc_dropout_off__42,cloudsen12,MC_minus_Off,msp,base_risk,-9.528958067601078e-05,-0.00041596086519283924,0.00019254100566008968,1000,32,32,30,common-valid fixed32 images; paired group-bootstrap mean of per-image pixel metrics
cloudsen12__dofa__full_finetune__mc_dropout__42,cloudsen12__dofa__full_finetune__mc_dropout_off__42,cloudsen12,MC_minus_Off,msp,aurc,0.001010790607467866,-0.0008041778872645348,0.004103354214304845,1000,32,32,30,common-valid fixed32 images; paired group-bootstrap mean of per-image pixel metrics
cloudsen12__dofa__full_finetune__mc_dropout__42,cloudsen12__dofa__full_finetune__mc_dropout_off__42,cloudsen12,MC_minus_Off,msp,auroc,0.0005648247380684834,-0.0007836495307814825,0.0019256798029284536,1000,25,32,24,common-valid fixed32 images; paired group-bootstrap mean of per-image pixel metrics
cloudsen12__dofa__full_finetune__mc_dropout__42,cloudsen12__dofa__full_finetune__mc_dropout_off__42,cloudsen12,MC_minus_Off,msp,average_precision,0.0008183758606852986,-0.0006764302054717469,0.0024423641705253805,1000,25,32,24,common-valid fixed32 images; paired group-bootstrap mean of per-image pixel metrics
cloudsen12__dofa__full_finetune__mc_dropout__42,cloudsen12__dofa__full_finetune__mc_dropout_off__42,cloudsen12,MC_minus_Off,msp,risk_at_1,-9.528958067601078e-05,-0.00041596086519283924,0.00019254100566008968,1000,32,32,30,common-valid fixed32 images; paired group-bootstrap mean of per-image pixel metrics
cloudsen12__dofa__full_finetune__mc_dropout__42,cloudsen12__dofa__full_finetune__mc_dropout_off__42,cloudsen12,MC_minus_Off,msp,risk_at_0.9,-0.0002264252054988773,-0.000562193123217049,7.212648094866947e-05,1000,32,32,30,common-valid fixed32 images; paired group-bootstrap mean of per-image pixel metrics
cloudsen12__dofa__full_finetune__mc_dropout__42,cloudsen12__dofa__full_finetune__mc_dropout_off__42,cloudsen12,MC_minus_Off,msp,risk_at_0.8,-0.0002777722417091737,-0.0007019841568967464,7.158124516072918e-05,1000,32,32,30,common-valid fixed32 images; paired group-bootstrap mean of per-image pixel metrics
cloudsen12__dofa__full_finetune__mc_dropout__42,cloudsen12__dofa__full_finetune__mc_dropout_off__42,cloudsen12,MC_minus_Off,msp,risk_at_0.5,-0.0004322285554846857,-0.0009553904976704253,5.013602120539334e-06,1000,32,32,30,common-valid fixed32 images; paired group-bootstrap mean of per-image pixel metrics
cloudsen12__dofa__full_finetune__mc_dropout__42,cloudsen12__dofa__full_finetune__mc_dropout_off__42,cloudsen12,MC_minus_Off,negative_margin,base_risk,-9.528958067601078e-05,-0.00041596086519283924,0.00019254100566008968,1000,32,32,30,common-valid fixed32 images; paired group-bootstrap mean of per-image pixel metrics
cloudsen12__dofa__full_finetune__mc_dropout__42,cloudsen12__dofa__full_finetune__mc_dropout_off__42,cloudsen12,MC_minus_Off,negative_margin,aurc,0.00108588089350922,-0.0007302929384188689,0.004227772341035519,1000,32,32,30,common-valid fixed32 images; paired group-bootstrap mean of per-image pixel metrics
cloudsen12__dofa__full_finetune__mc_dropout__42,cloudsen12__dofa__full_finetune__mc_dropout_off__42,cloudsen12,MC_minus_Off,negative_margin,auroc,0.0003988164277645412,-0.0008462235135527727,0.00165680838158528,1000,25,32,24,common-valid fixed32 images; paired group-bootstrap mean of per-image pixel metrics
cloudsen12__dofa__full_finetune__mc_dropout__42,cloudsen12__dofa__full_finetune__mc_dropout_off__42,cloudsen12,MC_minus_Off,negative_margin,average_precision,0.0006071134278303503,-0.0016416236817887757,0.0030302969875261585,1000,25,32,24,common-valid fixed32 images; paired group-bootstrap mean of per-image pixel metrics
cloudsen12__dofa__full_finetune__mc_dropout__42,cloudsen12__dofa__full_finetune__mc_dropout_off__42,cloudsen12,MC_minus_Off,negative_margin,risk_at_1,-9.528958067601078e-05,-0.00041596086519283924,0.00019254100566008968,1000,32,32,30,common-valid fixed32 images; paired group-bootstrap mean of per-image pixel metrics
cloudsen12__dofa__full_finetune__mc_dropout__42,cloudsen12__dofa__full_finetune__mc_dropout_off__42,cloudsen12,MC_minus_Off,negative_margin,risk_at_0.9,-0.00019985207624717812,-0.0005284967999856847,8.94732587560804e-05,1000,32,32,30,common-valid fixed32 images; paired group-bootstrap mean of per-image pixel metrics
cloudsen12__dofa__full_finetune__mc_dropout__42,cloudsen12__dofa__full_finetune__mc_dropout_off__42,cloudsen12,MC_minus_Off,negative_margin,risk_at_0.8,-0.00023697833625637164,-0.0006254780049226693,9.019019181513683e-05,1000,32,32,30,common-valid fixed32 images; paired group-bootstrap mean of per-image pixel metrics
cloudsen12__dofa__full_finetune__mc_dropout__42,cloudsen12__dofa__full_finetune__mc_dropout_off__42,cloudsen12,MC_minus_Off,negative_margin,risk_at_0.5,-0.0004035794005102031,-0.0008687459358743482,-3.4533683370021055e-05,1000,32,32,30,common-valid fixed32 images; paired group-bootstrap mean of per-image pixel metrics
cloudsen12__dofa__full_finetune__mc_dropout__42,cloudsen12__dofa__full_finetune__deterministic__42,cloudsen12,MC_minus_D,entropy,base_risk,0.0026737135283801143,-0.007279783495429402,0.013022470562710175,1000,32,32,30,common-valid fixed32 images; paired group-bootstrap mean of per-image pixel metrics
cloudsen12__dofa__full_finetune__mc_dropout__42,cloudsen12__dofa__full_finetune__deterministic__42,cloudsen12,MC_minus_D,entropy,aurc,0.0063871026862869626,-0.006442858561921035,0.021714194052001676,1000,32,32,30,common-valid fixed32 images; paired group-bootstrap mean of per-image pixel metrics
cloudsen12__dofa__full_finetune__mc_dropout__42,cloudsen12__dofa__full_finetune__deterministic__42,cloudsen12,MC_minus_D,entropy,auroc,-0.003418089425415505,-0.016816201141558785,0.00806964796945554,1000,25,32,24,common-valid fixed32 images; paired group-bootstrap mean of per-image pixel metrics
cloudsen12__dofa__full_finetune__mc_dropout__42,cloudsen12__dofa__full_finetune__deterministic__42,cloudsen12,MC_minus_D,entropy,average_precision,-0.01046609153136751,-0.03067724412131591,0.007967542435592475,1000,25,32,24,common-valid fixed32 images; paired group-bootstrap mean of per-image pixel metrics
cloudsen12__dofa__full_finetune__mc_dropout__42,cloudsen12__dofa__full_finetune__deterministic__42,cloudsen12,MC_minus_D,entropy,risk_at_1,0.0026737135283801143,-0.007279783495429402,0.013022470562710175,1000,32,32,30,common-valid fixed32 images; paired group-bootstrap mean of per-image pixel metrics
cloudsen12__dofa__full_finetune__mc_dropout__42,cloudsen12__dofa__full_finetune__deterministic__42,cloudsen12,MC_minus_D,entropy,risk_at_0.9,0.0031150073961876425,-0.008205256274794449,0.014860621317859592,1000,32,32,30,common-valid fixed32 images; paired group-bootstrap mean of per-image pixel metrics
cloudsen12__dofa__full_finetune__mc_dropout__42,cloudsen12__dofa__full_finetune__deterministic__42,cloudsen12,MC_minus_D,entropy,risk_at_0.8,0.001556552186304217,-0.011180147443498873,0.01474983210613793,1000,32,32,30,common-valid fixed32 images; paired group-bootstrap mean of per-image pixel metrics
cloudsen12__dofa__full_finetune__mc_dropout__42,cloudsen12__dofa__full_finetune__deterministic__42,cloudsen12,MC_minus_D,entropy,risk_at_0.5,0.002243353396045925,-0.011563265048963134,0.01743772828733767,1000,32,32,30,common-valid fixed32 images; paired group-bootstrap mean of per-image pixel metrics
cloudsen12__dofa__full_finetune__mc_dropout__42,cloudsen12__dofa__full_finetune__deterministic__42,cloudsen12,MC_minus_D,gini_total,base_risk,0.0026737135283801143,-0.007279783495429402,0.013022470562710175,1000,32,32,30,common-valid fixed32 images; paired group-bootstrap mean of per-image pixel metrics
cloudsen12__dofa__full_finetune__mc_dropout__42,cloudsen12__dofa__full_finetune__deterministic__42,cloudsen12,MC_minus_D,gini_total,aurc,0.0061362895989192515,-0.006492038588663075,0.02113226210880667,1000,32,32,30,common-valid fixed32 images; paired group-bootstrap mean of per-image pixel metrics
cloudsen12__dofa__full_finetune__mc_dropout__42,cloudsen12__dofa__full_finetune__deterministic__42,cloudsen12,MC_minus_D,gini_total,auroc,-0.0022133887635693485,-0.015266771123394906,0.009164955280110921,1000,25,32,24,common-valid fixed32 images; paired group-bootstrap mean of per-image pixel metrics
cloudsen12__dofa__full_finetune__mc_dropout__42,cloudsen12__dofa__full_finetune__deterministic__42,cloudsen12,MC_minus_D,gini_total,average_precision,-0.00378154815258134,-0.02138900333290221,0.01278894378994778,1000,25,32,24,common-valid fixed32 images; paired group-bootstrap mean of per-image pixel metrics
cloudsen12__dofa__full_finetune__mc_dropout__42,cloudsen12__dofa__full_finetune__deterministic__42,cloudsen12,MC_minus_D,gini_total,risk_at_1,0.0026737135283801143,-0.007279783495429402,0.013022470562710175,1000,32,32,30,common-valid fixed32 images; paired group-bootstrap mean of per-image pixel metrics
cloudsen12__dofa__full_finetune__mc_dropout__42,cloudsen12__dofa__full_finetune__deterministic__42,cloudsen12,MC_minus_D,gini_total,risk_at_0.9,0.0027460284243905927,-0.008431623381774582,0.014323461567611748,1000,32,32,30,common-valid fixed32 images; paired group-bootstrap mean of per-image pixel metrics
cloudsen12__dofa__full_finetune__mc_dropout__42,cloudsen12__dofa__full_finetune__deterministic__42,cloudsen12,MC_minus_D,gini_total,risk_at_0.8,0.0013424620336415778,-0.011447376069568447,0.01445062424383815,1000,32,32,30,common-valid fixed32 images; paired group-bootstrap mean of per-image pixel metrics
cloudsen12__dofa__full_finetune__mc_dropout__42,cloudsen12__dofa__full_finetune__deterministic__42,cloudsen12,MC_minus_D,gini_total,risk_at_0.5,0.002225914779974495,-0.011552528647547732,0.017363460165671384,1000,32,32,30,common-valid fixed32 images; paired group-bootstrap mean of per-image pixel metrics
cloudsen12__dofa__full_finetune__mc_dropout__42,cloudsen12__dofa__full_finetune__deterministic__42,cloudsen12,MC_minus_D,msp,base_risk,0.0026737135283801143,-0.007279783495429402,0.013022470562710175,1000,32,32,30,common-valid fixed32 images; paired group-bootstrap mean of per-image pixel metrics
cloudsen12__dofa__full_finetune__mc_dropout__42,cloudsen12__dofa__full_finetune__deterministic__42,cloudsen12,MC_minus_D,msp,aurc,0.006110844121049887,-0.006488119190446223,0.021063165879725246,1000,32,32,30,common-valid fixed32 images; paired group-bootstrap mean of per-image pixel metrics
cloudsen12__dofa__full_finetune__mc_dropout__42,cloudsen12__dofa__full_finetune__deterministic__42,cloudsen12,MC_minus_D,msp,auroc,-0.0019585192280316033,-0.015026192287972494,0.009416771307999998,1000,25,32,24,common-valid fixed32 images; paired group-bootstrap mean of per-image pixel metrics
cloudsen12__dofa__full_finetune__mc_dropout__42,cloudsen12__dofa__full_finetune__deterministic__42,cloudsen12,MC_minus_D,msp,average_precision,0.00018047773106351085,-0.014435458058648236,0.015182307606455045,1000,25,32,24,common-valid fixed32 images; paired group-bootstrap mean of per-image pixel metrics
cloudsen12__dofa__full_finetune__mc_dropout__42,cloudsen12__dofa__full_finetune__deterministic__42,cloudsen12,MC_minus_D,msp,risk_at_1,0.0026737135283801143,-0.007279783495429402,0.013022470562710175,1000,32,32,30,common-valid fixed32 images; paired group-bootstrap mean of per-image pixel metrics
cloudsen12__dofa__full_finetune__mc_dropout__42,cloudsen12__dofa__full_finetune__deterministic__42,cloudsen12,MC_minus_D,msp,risk_at_0.9,0.0026638178057681312,-0.008458845777894521,0.01414827537057608,1000,32,32,30,common-valid fixed32 images; paired group-bootstrap mean of per-image pixel metrics
cloudsen12__dofa__full_finetune__mc_dropout__42,cloudsen12__dofa__full_finetune__deterministic__42,cloudsen12,MC_minus_D,msp,risk_at_0.8,0.001260251415019136,-0.011539759214232564,0.014307196755655376,1000,32,32,30,common-valid fixed32 images; paired group-bootstrap mean of per-image pixel metrics
cloudsen12__dofa__full_finetune__mc_dropout__42,cloudsen12__dofa__full_finetune__deterministic__42,cloudsen12,MC_minus_D,msp,risk_at_0.5,0.0022495814732142955,-0.01150665785467412,0.017394422202030673,1000,32,32,30,common-valid fixed32 images; paired group-bootstrap mean of per-image pixel metrics
cloudsen12__dofa__full_finetune__mc_dropout__42,cloudsen12__dofa__full_finetune__deterministic__42,cloudsen12,MC_minus_D,negative_margin,base_risk,0.0026737135283801143,-0.007279783495429402,0.013022470562710175,1000,32,32,30,common-valid fixed32 images; paired group-bootstrap mean of per-image pixel metrics
cloudsen12__dofa__full_finetune__mc_dropout__42,cloudsen12__dofa__full_finetune__deterministic__42,cloudsen12,MC_minus_D,negative_margin,aurc,0.005971734287990493,-0.006386097824163202,0.020549650020143473,1000,32,32,30,common-valid fixed32 images; paired group-bootstrap mean of per-image pixel metrics
cloudsen12__dofa__full_finetune__mc_dropout__42,cloudsen12__dofa__full_finetune__deterministic__42,cloudsen12,MC_minus_D,negative_margin,auroc,-0.002016614394744809,-0.014793812028243005,0.009088839476622847,1000,25,32,24,common-valid fixed32 images; paired group-bootstrap mean of per-image pixel metrics
cloudsen12__dofa__full_finetune__mc_dropout__42,cloudsen12__dofa__full_finetune__deterministic__42,cloudsen12,MC_minus_D,negative_margin,average_precision,-0.0023315429762361694,-0.013947995142602074,0.010461795756658754,1000,25,32,24,common-valid fixed32 images; paired group-bootstrap mean of per-image pixel metrics
cloudsen12__dofa__full_finetune__mc_dropout__42,cloudsen12__dofa__full_finetune__deterministic__42,cloudsen12,MC_minus_D,negative_margin,risk_at_1,0.0026737135283801143,-0.007279783495429402,0.013022470562710175,1000,32,32,30,common-valid fixed32 images; paired group-bootstrap mean of per-image pixel metrics
cloudsen12__dofa__full_finetune__mc_dropout__42,cloudsen12__dofa__full_finetune__deterministic__42,cloudsen12,MC_minus_D,negative_margin,risk_at_0.9,0.002744506005527209,-0.00835190773638084,0.014106247442693471,1000,32,32,30,common-valid fixed32 images; paired group-bootstrap mean of per-image pixel metrics
cloudsen12__dofa__full_finetune__mc_dropout__42,cloudsen12__dofa__full_finetune__deterministic__42,cloudsen12,MC_minus_D,negative_margin,risk_at_0.8,0.0012627426458864653,-0.01154898092049321,0.014294822878117978,1000,32,32,30,common-valid fixed32 images; paired group-bootstrap mean of per-image pixel metrics
cloudsen12__dofa__full_finetune__mc_dropout__42,cloudsen12__dofa__full_finetune__deterministic__42,cloudsen12,MC_minus_D,negative_margin,risk_at_0.5,0.0022906867825255215,-0.011405401374259376,0.0173928736755711,1000,32,32,30,common-valid fixed32 images; paired group-bootstrap mean of per-image pixel metrics
cloudsen12__dofa__full_finetune__mc_dropout__42,cloudsen12__dofa__frozen__mc_dropout__42,cloudsen12,full_recipe_minus_frozen_recipe,entropy,base_risk,-0.01626586914062499,-0.03910941322044239,0.003050572834063984,1000,32,32,30,common-valid fixed32 images; paired group-bootstrap mean of per-image pixel metrics
cloudsen12__dofa__full_finetune__mc_dropout__42,cloudsen12__dofa__frozen__mc_dropout__42,cloudsen12,full_recipe_minus_frozen_recipe,entropy,aurc,-0.010445068204904338,-0.038540252650667434,0.011932206661667182,1000,32,32,30,common-valid fixed32 images; paired group-bootstrap mean of per-image pixel metrics
cloudsen12__dofa__full_finetune__mc_dropout__42,cloudsen12__dofa__frozen__mc_dropout__42,cloudsen12,full_recipe_minus_frozen_recipe,entropy,auroc,0.017594418859926332,-0.005771255706968183,0.0435990547266613,1000,25,32,24,common-valid fixed32 images; paired group-bootstrap mean of per-image pixel metrics
cloudsen12__dofa__full_finetune__mc_dropout__42,cloudsen12__dofa__frozen__mc_dropout__42,cloudsen12,full_recipe_minus_frozen_recipe,entropy,average_precision,-0.013993026425680117,-0.04020124943611159,0.014051564417979638,1000,25,32,24,common-valid fixed32 images; paired group-bootstrap mean of per-image pixel metrics
cloudsen12__dofa__full_finetune__mc_dropout__42,cloudsen12__dofa__frozen__mc_dropout__42,cloudsen12,full_recipe_minus_frozen_recipe,entropy,risk_at_1,-0.01626586914062499,-0.03910941322044239,0.003050572834063984,1000,32,32,30,common-valid fixed32 images; paired group-bootstrap mean of per-image pixel metrics
cloudsen12__dofa__full_finetune__mc_dropout__42,cloudsen12__dofa__frozen__mc_dropout__42,cloudsen12,full_recipe_minus_frozen_recipe,entropy,risk_at_0.9,-0.01676556853210034,-0.04171308140191561,0.004284152757205038,1000,32,32,30,common-valid fixed32 images; paired group-bootstrap mean of per-image pixel metrics
cloudsen12__dofa__full_finetune__mc_dropout__42,cloudsen12__dofa__frozen__mc_dropout__42,cloudsen12,full_recipe_minus_frozen_recipe,entropy,risk_at_0.8,-0.014855209661989784,-0.039892457581570936,0.006726966240125102,1000,32,32,30,common-valid fixed32 images; paired group-bootstrap mean of per-image pixel metrics
cloudsen12__dofa__full_finetune__mc_dropout__42,cloudsen12__dofa__frozen__mc_dropout__42,cloudsen12,full_recipe_minus_frozen_recipe,entropy,risk_at_0.5,-0.009800502232142839,-0.038386574821145686,0.013431353691457702,1000,32,32,30,common-valid fixed32 images; paired group-bootstrap mean of per-image pixel metrics
cloudsen12__dofa__full_finetune__mc_dropout__42,cloudsen12__dofa__frozen__mc_dropout__42,cloudsen12,full_recipe_minus_frozen_recipe,expected_entropy,base_risk,-0.01626586914062499,-0.03910941322044239,0.003050572834063984,1000,32,32,30,common-valid fixed32 images; paired group-bootstrap mean of per-image pixel metrics
cloudsen12__dofa__full_finetune__mc_dropout__42,cloudsen12__dofa__frozen__mc_dropout__42,cloudsen12,full_recipe_minus_frozen_recipe,expected_entropy,aurc,-0.010824867519643334,-0.039349811662182765,0.01187245974740462,1000,32,32,30,common-valid fixed32 images; paired group-bootstrap mean of per-image pixel metrics
cloudsen12__dofa__full_finetune__mc_dropout__42,cloudsen12__dofa__frozen__mc_dropout__42,cloudsen12,full_recipe_minus_frozen_recipe,expected_entropy,auroc,0.01807559479946051,-0.005901189726194503,0.04501255362180201,1000,25,32,24,common-valid fixed32 images; paired group-bootstrap mean of per-image pixel metrics
cloudsen12__dofa__full_finetune__mc_dropout__42,cloudsen12__dofa__frozen__mc_dropout__42,cloudsen12,full_recipe_minus_frozen_recipe,expected_entropy,average_precision,-0.013697782855691253,-0.03944164712009975,0.013800146892809102,1000,25,32,24,common-valid fixed32 images; paired group-bootstrap mean of per-image pixel metrics
cloudsen12__dofa__full_finetune__mc_dropout__42,cloudsen12__dofa__frozen__mc_dropout__42,cloudsen12,full_recipe_minus_frozen_recipe,expected_entropy,risk_at_1,-0.01626586914062499,-0.03910941322044239,0.003050572834063984,1000,32,32,30,common-valid fixed32 images; paired group-bootstrap mean of per-image pixel metrics
cloudsen12__dofa__full_finetune__mc_dropout__42,cloudsen12__dofa__frozen__mc_dropout__42,cloudsen12,full_recipe_minus_frozen_recipe,expected_entropy,risk_at_0.9,-0.016738164992559517,-0.04171568535008089,0.004379576833095894,1000,32,32,30,common-valid fixed32 images; paired group-bootstrap mean of per-image pixel metrics
cloudsen12__dofa__full_finetune__mc_dropout__42,cloudsen12__dofa__frozen__mc_dropout__42,cloudsen12,full_recipe_minus_frozen_recipe,expected_entropy,risk_at_0.8,-0.014864084671954717,-0.04009196014752926,0.006863288804054896,1000,32,32,30,common-valid fixed32 images; paired group-bootstrap mean of per-image pixel metrics
cloudsen12__dofa__full_finetune__mc_dropout__42,cloudsen12__dofa__frozen__mc_dropout__42,cloudsen12,full_recipe_minus_frozen_recipe,expected_entropy,risk_at_0.5,-0.01014802893813775,-0.039214450928187324,0.013375667649872457,1000,32,32,30,common-valid fixed32 images; paired group-bootstrap mean of per-image pixel metrics
cloudsen12__dofa__full_finetune__mc_dropout__42,cloudsen12__dofa__frozen__mc_dropout__42,cloudsen12,full_recipe_minus_frozen_recipe,gini_disagreement,base_risk,-0.01626586914062499,-0.03910941322044239,0.003050572834063984,1000,32,32,30,common-valid fixed32 images; paired group-bootstrap mean of per-image pixel metrics
cloudsen12__dofa__full_finetune__mc_dropout__42,cloudsen12__dofa__frozen__mc_dropout__42,cloudsen12,full_recipe_minus_frozen_recipe,gini_disagreement,aurc,-0.01319480998864902,-0.03626400249470811,0.003292256015528679,1000,32,32,30,common-valid fixed32 images; paired group-bootstrap mean of per-image pixel metrics
cloudsen12__dofa__full_finetune__mc_dropout__42,cloudsen12__dofa__frozen__mc_dropout__42,cloudsen12,full_recipe_minus_frozen_recipe,gini_disagreement,auroc,0.03875606634073597,0.02073065197856964,0.05946530262679951,1000,25,32,24,common-valid fixed32 images; paired group-bootstrap mean of per-image pixel metrics
cloudsen12__dofa__full_finetune__mc_dropout__42,cloudsen12__dofa__frozen__mc_dropout__42,cloudsen12,full_recipe_minus_frozen_recipe,gini_disagreement,average_precision,0.03509952359160645,-0.009498015684396075,0.07309439946060967,1000,25,32,24,common-valid fixed32 images; paired group-bootstrap mean of per-image pixel metrics
cloudsen12__dofa__full_finetune__mc_dropout__42,cloudsen12__dofa__frozen__mc_dropout__42,cloudsen12,full_recipe_minus_frozen_recipe,gini_disagreement,risk_at_1,-0.01626586914062499,-0.03910941322044239,0.003050572834063984,1000,32,32,30,common-valid fixed32 images; paired group-bootstrap mean of per-image pixel metrics
cloudsen12__dofa__full_finetune__mc_dropout__42,cloudsen12__dofa__frozen__mc_dropout__42,cloudsen12,full_recipe_minus_frozen_recipe,gini_disagreement,risk_at_0.9,-0.020042505934665535,-0.04182987342886373,-0.0010012997974727488,1000,32,32,30,common-valid fixed32 images; paired group-bootstrap mean of per-image pixel metrics
cloudsen12__dofa__full_finetune__mc_dropout__42,cloudsen12__dofa__frozen__mc_dropout__42,cloudsen12,full_recipe_minus_frozen_recipe,gini_disagreement,risk_at_0.8,-0.020969313018176033,-0.04271196266463652,-0.002144891137430136,1000,32,32,30,common-valid fixed32 images; paired group-bootstrap mean of per-image pixel metrics
cloudsen12__dofa__full_finetune__mc_dropout__42,cloudsen12__dofa__frozen__mc_dropout__42,cloudsen12,full_recipe_minus_frozen_recipe,gini_disagreement,risk_at_0.5,-0.013014190051020405,-0.03432392610364456,0.002885714328574173,1000,32,32,30,common-valid fixed32 images; paired group-bootstrap mean of per-image pixel metrics
cloudsen12__dofa__full_finetune__mc_dropout__42,cloudsen12__dofa__frozen__mc_dropout__42,cloudsen12,full_recipe_minus_frozen_recipe,gini_expected,base_risk,-0.01626586914062499,-0.03910941322044239,0.003050572834063984,1000,32,32,30,common-valid fixed32 images; paired group-bootstrap mean of per-image pixel metrics
cloudsen12__dofa__full_finetune__mc_dropout__42,cloudsen12__dofa__frozen__mc_dropout__42,cloudsen12,full_recipe_minus_frozen_recipe,gini_expected,aurc,-0.0118178459049044,-0.040548812012172746,0.011007762715868988,1000,32,32,30,common-valid fixed32 images; paired group-bootstrap mean of per-image pixel metrics
cloudsen12__dofa__full_finetune__mc_dropout__42,cloudsen12__dofa__frozen__mc_dropout__42,cloudsen12,full_recipe_minus_frozen_recipe,gini_expected,auroc,0.02122960061483893,-0.0033677108733140455,0.04753770831773885,1000,25,32,24,common-valid fixed32 images; paired group-bootstrap mean of per-image pixel metrics
cloudsen12__dofa__full_finetune__mc_dropout__42,cloudsen12__dofa__frozen__mc_dropout__42,cloudsen12,full_recipe_minus_frozen_recipe,gini_expected,average_precision,-0.011093802170755658,-0.03395534884579771,0.013934502603388244,1000,25,32,24,common-valid fixed32 images; paired group-bootstrap mean of per-image pixel metrics
cloudsen12__dofa__full_finetune__mc_dropout__42,cloudsen12__dofa__frozen__mc_dropout__42,cloudsen12,full_recipe_minus_frozen_recipe,gini_expected,risk_at_1,-0.01626586914062499,-0.03910941322044239,0.003050572834063984,1000,32,32,30,common-valid fixed32 images; paired group-bootstrap mean of per-image pixel metrics
cloudsen12__dofa__full_finetune__mc_dropout__42,cloudsen12__dofa__frozen__mc_dropout__42,cloudsen12,full_recipe_minus_frozen_recipe,gini_expected,risk_at_0.9,-0.016187049364016434,-0.04127053243961725,0.0049126749766747035,1000,32,32,30,common-valid fixed32 images; paired group-bootstrap mean of per-image pixel metrics
cloudsen12__dofa__full_finetune__mc_dropout__42,cloudsen12__dofa__frozen__mc_dropout__42,cloudsen12,full_recipe_minus_frozen_recipe,gini_expected,risk_at_0.8,-0.01526268161073023,-0.04087064781967473,0.006392332859302992,1000,32,32,30,common-valid fixed32 images; paired group-bootstrap mean of per-image pixel metrics
cloudsen12__dofa__full_finetune__mc_dropout__42,cloudsen12__dofa__frozen__mc_dropout__42,cloudsen12,full_recipe_minus_frozen_recipe,gini_expected,risk_at_0.5,-0.012030153858418357,-0.04215106695399934,0.012459073228900936,1000,32,32,30,common-valid fixed32 images; paired group-bootstrap mean of per-image pixel metrics
cloudsen12__dofa__full_finetune__mc_dropout__42,cloudsen12__dofa__frozen__mc_dropout__42,cloudsen12,full_recipe_minus_frozen_recipe,gini_total,base_risk,-0.01626586914062499,-0.03910941322044239,0.003050572834063984,1000,32,32,30,common-valid fixed32 images; paired group-bootstrap mean of per-image pixel metrics
cloudsen12__dofa__full_finetune__mc_dropout__42,cloudsen12__dofa__frozen__mc_dropout__42,cloudsen12,full_recipe_minus_frozen_recipe,gini_total,aurc,-0.011789068148988462,-0.040055445377152284,0.010657447795754775,1000,32,32,30,common-valid fixed32 images; paired group-bootstrap mean of per-image pixel metrics
cloudsen12__dofa__full_finetune__mc_dropout__42,cloudsen12__dofa__frozen__mc_dropout__42,cloudsen12,full_recipe_minus_frozen_recipe,gini_total,auroc,0.021165050571659152,-0.0031256889310750744,0.04686373627879193,1000,25,32,24,common-valid fixed32 images; paired group-bootstrap mean of per-image pixel metrics
cloudsen12__dofa__full_finetune__mc_dropout__42,cloudsen12__dofa__frozen__mc_dropout__42,cloudsen12,full_recipe_minus_frozen_recipe,gini_total,average_precision,-0.010971123283429453,-0.034421088092816604,0.013780888709977486,1000,25,32,24,common-valid fixed32 images; paired group-bootstrap mean of per-image pixel metrics
cloudsen12__dofa__full_finetune__mc_dropout__42,cloudsen12__dofa__frozen__mc_dropout__42,cloudsen12,full_recipe_minus_frozen_recipe,gini_total,risk_at_1,-0.01626586914062499,-0.03910941322044239,0.003050572834063984,1000,32,32,30,common-valid fixed32 images; paired group-bootstrap mean of per-image pixel metrics
cloudsen12__dofa__full_finetune__mc_dropout__42,cloudsen12__dofa__frozen__mc_dropout__42,cloudsen12,full_recipe_minus_frozen_recipe,gini_total,risk_at_0.9,-0.016115910882582206,-0.04112350787853021,0.004968482700154699,1000,32,32,30,common-valid fixed32 images; paired group-bootstrap mean of per-image pixel metrics
cloudsen12__dofa__full_finetune__mc_dropout__42,cloudsen12__dofa__frozen__mc_dropout__42,cloudsen12,full_recipe_minus_frozen_recipe,gini_total,risk_at_0.8,-0.015134538922991077,-0.04046185373912401,0.006375261097067356,1000,32,32,30,common-valid fixed32 images; paired group-bootstrap mean of per-image pixel metrics
cloudsen12__dofa__full_finetune__mc_dropout__42,cloudsen12__dofa__frozen__mc_dropout__42,cloudsen12,full_recipe_minus_frozen_recipe,gini_total,risk_at_0.5,-0.012097417091836739,-0.0418049370976069,0.012187120087292716,1000,32,32,30,common-valid fixed32 images; paired group-bootstrap mean of per-image pixel metrics
cloudsen12__dofa__full_finetune__mc_dropout__42,cloudsen12__dofa__frozen__mc_dropout__42,cloudsen12,full_recipe_minus_frozen_recipe,msp,base_risk,-0.01626586914062499,-0.03910941322044239,0.003050572834063984,1000,32,32,30,common-valid fixed32 images; paired group-bootstrap mean of per-image pixel metrics
cloudsen12__dofa__full_finetune__mc_dropout__42,cloudsen12__dofa__frozen__mc_dropout__42,cloudsen12,full_recipe_minus_frozen_recipe,msp,aurc,-0.012252505625599822,-0.040752620557750634,0.010090062434397211,1000,32,32,30,common-valid fixed32 images; paired group-bootstrap mean of per-image pixel metrics
cloudsen12__dofa__full_finetune__mc_dropout__42,cloudsen12__dofa__frozen__mc_dropout__42,cloudsen12,full_recipe_minus_frozen_recipe,msp,auroc,0.022674224630382336,-0.0016891564467900835,0.04841958515874935,1000,25,32,24,common-valid fixed32 images; paired group-bootstrap mean of per-image pixel metrics
cloudsen12__dofa__full_finetune__mc_dropout__42,cloudsen12__dofa__frozen__mc_dropout__42,cloudsen12,full_recipe_minus_frozen_recipe,msp,average_precision,-0.011681565801099669,-0.03343817558180423,0.010846850960402398,1000,25,32,24,common-valid fixed32 images; paired group-bootstrap mean of per-image pixel metrics
cloudsen12__dofa__full_finetune__mc_dropout__42,cloudsen12__dofa__frozen__mc_dropout__42,cloudsen12,full_recipe_minus_frozen_recipe,msp,risk_at_1,-0.01626586914062499,-0.03910941322044239,0.003050572834063984,1000,32,32,30,common-valid fixed32 images; paired group-bootstrap mean of per-image pixel metrics
cloudsen12__dofa__full_finetune__mc_dropout__42,cloudsen12__dofa__frozen__mc_dropout__42,cloudsen12,full_recipe_minus_frozen_recipe,msp,risk_at_0.9,-0.016163659474206355,-0.04099029091108586,0.004767763330130432,1000,32,32,30,common-valid fixed32 images; paired group-bootstrap mean of per-image pixel metrics
cloudsen12__dofa__full_finetune__mc_dropout__42,cloudsen12__dofa__frozen__mc_dropout__42,cloudsen12,full_recipe_minus_frozen_recipe,msp,risk_at_0.8,-0.016257305534518485,-0.04207939287822211,0.005602220293674438,1000,32,32,30,common-valid fixed32 images; paired group-bootstrap mean of per-image pixel metrics
cloudsen12__dofa__full_finetune__mc_dropout__42,cloudsen12__dofa__frozen__mc_dropout__42,cloudsen12,full_recipe_minus_frozen_recipe,msp,risk_at_0.5,-0.012276785714285707,-0.042400948660714276,0.01226628135897127,1000,32,32,30,common-valid fixed32 images; paired group-bootstrap mean of per-image pixel metrics
cloudsen12__dofa__full_finetune__mc_dropout__42,cloudsen12__dofa__frozen__mc_dropout__42,cloudsen12,full_recipe_minus_frozen_recipe,mutual_information,base_risk,-0.01626586914062499,-0.03910941322044239,0.003050572834063984,1000,32,32,30,common-valid fixed32 images; paired group-bootstrap mean of per-image pixel metrics
cloudsen12__dofa__full_finetune__mc_dropout__42,cloudsen12__dofa__frozen__mc_dropout__42,cloudsen12,full_recipe_minus_frozen_recipe,mutual_information,aurc,-0.01600985820551319,-0.03986420586121021,0.005526495911971878,1000,32,32,30,common-valid fixed32 images; paired group-bootstrap mean of per-image pixel metrics
cloudsen12__dofa__full_finetune__mc_dropout__42,cloudsen12__dofa__frozen__mc_dropout__42,cloudsen12,full_recipe_minus_frozen_recipe,mutual_information,auroc,0.07925825295033338,0.023942524528616754,0.1440670496148194,1000,25,32,24,common-valid fixed32 images; paired group-bootstrap mean of per-image pixel metrics
cloudsen12__dofa__full_finetune__mc_dropout__42,cloudsen12__dofa__frozen__mc_dropout__42,cloudsen12,full_recipe_minus_frozen_recipe,mutual_information,average_precision,0.031504539328897456,-0.009651451250817473,0.07451072002062537,1000,25,32,24,common-valid fixed32 images; paired group-bootstrap mean of per-image pixel metrics
cloudsen12__dofa__full_finetune__mc_dropout__42,cloudsen12__dofa__frozen__mc_dropout__42,cloudsen12,full_recipe_minus_frozen_recipe,mutual_information,risk_at_1,-0.01626586914062499,-0.03910941322044239,0.003050572834063984,1000,32,32,30,common-valid fixed32 images; paired group-bootstrap mean of per-image pixel metrics
cloudsen12__dofa__full_finetune__mc_dropout__42,cloudsen12__dofa__frozen__mc_dropout__42,cloudsen12,full_recipe_minus_frozen_recipe,mutual_information,risk_at_0.9,-0.02274327699829932,-0.04573675755418959,-0.0029410226004464063,1000,32,32,30,common-valid fixed32 images; paired group-bootstrap mean of per-image pixel metrics
cloudsen12__dofa__full_finetune__mc_dropout__42,cloudsen12__dofa__frozen__mc_dropout__42,cloudsen12,full_recipe_minus_frozen_recipe,mutual_information,risk_at_0.8,-0.02615761270328444,-0.049948548046360675,-0.005632704332362986,1000,32,32,30,common-valid fixed32 images; paired group-bootstrap mean of per-image pixel metrics
cloudsen12__dofa__full_finetune__mc_dropout__42,cloudsen12__dofa__frozen__mc_dropout__42,cloudsen12,full_recipe_minus_frozen_recipe,mutual_information,risk_at_0.5,-0.01973179408482142,-0.0486119183056287,0.007233542691630227,1000,32,32,30,common-valid fixed32 images; paired group-bootstrap mean of per-image pixel metrics
cloudsen12__dofa__full_finetune__mc_dropout__42,cloudsen12__dofa__frozen__mc_dropout__42,cloudsen12,full_recipe_minus_frozen_recipe,negative_margin,base_risk,-0.01626586914062499,-0.03910941322044239,0.003050572834063984,1000,32,32,30,common-valid fixed32 images; paired group-bootstrap mean of per-image pixel metrics
cloudsen12__dofa__full_finetune__mc_dropout__42,cloudsen12__dofa__frozen__mc_dropout__42,cloudsen12,full_recipe_minus_frozen_recipe,negative_margin,aurc,-0.012874876853173423,-0.04092111705558742,0.009256091322115986,1000,32,32,30,common-valid fixed32 images; paired group-bootstrap mean of per-image pixel metrics
cloudsen12__dofa__full_finetune__mc_dropout__42,cloudsen12__dofa__frozen__mc_dropout__42,cloudsen12,full_recipe_minus_frozen_recipe,negative_margin,auroc,0.02383546318769403,0.0002177310490779503,0.04993603744628461,1000,25,32,24,common-valid fixed32 images; paired group-bootstrap mean of per-image pixel metrics
cloudsen12__dofa__full_finetune__mc_dropout__42,cloudsen12__dofa__frozen__mc_dropout__42,cloudsen12,full_recipe_minus_frozen_recipe,negative_margin,average_precision,-0.013745854775461187,-0.03417241032218785,0.009113056414971609,1000,25,32,24,common-valid fixed32 images; paired group-bootstrap mean of per-image pixel metrics
cloudsen12__dofa__full_finetune__mc_dropout__42,cloudsen12__dofa__frozen__mc_dropout__42,cloudsen12,full_recipe_minus_frozen_recipe,negative_margin,risk_at_1,-0.01626586914062499,-0.03910941322044239,0.003050572834063984,1000,32,32,30,common-valid fixed32 images; paired group-bootstrap mean of per-image pixel metrics
cloudsen12__dofa__full_finetune__mc_dropout__42,cloudsen12__dofa__frozen__mc_dropout__42,cloudsen12,full_recipe_minus_frozen_recipe,negative_margin,risk_at_0.9,-0.016365310772746604,-0.040598996387716885,0.00421148739233596,1000,32,32,30,common-valid fixed32 images; paired group-bootstrap mean of per-image pixel metrics
cloudsen12__dofa__full_finetune__mc_dropout__42,cloudsen12__dofa__frozen__mc_dropout__42,cloudsen12,full_recipe_minus_frozen_recipe,negative_margin,risk_at_0.8,-0.017067266970264675,-0.0425674583676602,0.004428168492069207,1000,32,32,30,common-valid fixed32 images; paired group-bootstrap mean of per-image pixel metrics
cloudsen12__dofa__full_finetune__mc_dropout__42,cloudsen12__dofa__frozen__mc_dropout__42,cloudsen12,full_recipe_minus_frozen_recipe,negative_margin,risk_at_0.5,-0.012276785714285705,-0.04243696462645037,0.012386545529092423,1000,32,32,30,common-valid fixed32 images; paired group-bootstrap mean of per-image pixel metrics
cloudsen12__panopticon__frozen__mc_dropout__42,cloudsen12__panopticon__frozen__mc_dropout_off__42,cloudsen12,MC_minus_Off,entropy,base_risk,-0.00029832489636480127,-0.0011394739003555926,0.0003636409515923171,1000,32,32,30,common-valid fixed32 images; paired group-bootstrap mean of per-image pixel metrics
cloudsen12__panopticon__frozen__mc_dropout__42,cloudsen12__panopticon__frozen__mc_dropout_off__42,cloudsen12,MC_minus_Off,entropy,aurc,0.00012582227746888526,-0.0010443361741083277,0.00191739424813711,1000,32,32,30,common-valid fixed32 images; paired group-bootstrap mean of per-image pixel metrics
cloudsen12__panopticon__frozen__mc_dropout__42,cloudsen12__panopticon__frozen__mc_dropout_off__42,cloudsen12,MC_minus_Off,entropy,auroc,0.0016893861509072504,-0.002778902941016621,0.006066027005582249,1000,26,32,25,common-valid fixed32 images; paired group-bootstrap mean of per-image pixel metrics
cloudsen12__panopticon__frozen__mc_dropout__42,cloudsen12__panopticon__frozen__mc_dropout_off__42,cloudsen12,MC_minus_Off,entropy,average_precision,-0.0010182068072397282,-0.0034275237150105625,0.000919654868541921,1000,26,32,25,common-valid fixed32 images; paired group-bootstrap mean of per-image pixel metrics
cloudsen12__panopticon__frozen__mc_dropout__42,cloudsen12__panopticon__frozen__mc_dropout_off__42,cloudsen12,MC_minus_Off,entropy,risk_at_1,-0.00029832489636480127,-0.0011394739003555926,0.0003636409515923171,1000,32,32,30,common-valid fixed32 images; paired group-bootstrap mean of per-image pixel metrics
cloudsen12__panopticon__frozen__mc_dropout__42,cloudsen12__panopticon__frozen__mc_dropout_off__42,cloudsen12,MC_minus_Off,entropy,risk_at_0.9,-0.0004034409987953571,-0.0016433846265779103,0.0005144409004080972,1000,32,32,30,common-valid fixed32 images; paired group-bootstrap mean of per-image pixel metrics
cloudsen12__panopticon__frozen__mc_dropout__42,cloudsen12__panopticon__frozen__mc_dropout_off__42,cloudsen12,MC_minus_Off,entropy,risk_at_0.8,-0.00023728974011479905,-0.0013163603352310956,0.0008019447810986308,1000,32,32,30,common-valid fixed32 images; paired group-bootstrap mean of per-image pixel metrics
cloudsen12__panopticon__frozen__mc_dropout__42,cloudsen12__panopticon__frozen__mc_dropout_off__42,cloudsen12,MC_minus_Off,entropy,risk_at_0.5,0.00039112324617347896,-0.0009015479588096119,0.0025844350467001363,1000,32,32,30,common-valid fixed32 images; paired group-bootstrap mean of per-image pixel metrics
cloudsen12__panopticon__frozen__mc_dropout__42,cloudsen12__panopticon__frozen__mc_dropout_off__42,cloudsen12,MC_minus_Off,gini_total,base_risk,-0.00029832489636480127,-0.0011394739003555926,0.0003636409515923171,1000,32,32,30,common-valid fixed32 images; paired group-bootstrap mean of per-image pixel metrics
cloudsen12__panopticon__frozen__mc_dropout__42,cloudsen12__panopticon__frozen__mc_dropout_off__42,cloudsen12,MC_minus_Off,gini_total,aurc,0.0001277709488752371,-0.0008982362245865945,0.0016588544585652348,1000,32,32,30,common-valid fixed32 images; paired group-bootstrap mean of per-image pixel metrics
cloudsen12__panopticon__frozen__mc_dropout__42,cloudsen12__panopticon__frozen__mc_dropout_off__42,cloudsen12,MC_minus_Off,gini_total,auroc,0.001081309334652857,-0.003019933915168122,0.0054586660204039225,1000,26,32,25,common-valid fixed32 images; paired group-bootstrap mean of per-image pixel metrics
cloudsen12__panopticon__frozen__mc_dropout__42,cloudsen12__panopticon__frozen__mc_dropout_off__42,cloudsen12,MC_minus_Off,gini_total,average_precision,-0.0017409422044423685,-0.004756511349694686,0.0006290268430395864,1000,26,32,25,common-valid fixed32 images; paired group-bootstrap mean of per-image pixel metrics
cloudsen12__panopticon__frozen__mc_dropout__42,cloudsen12__panopticon__frozen__mc_dropout_off__42,cloudsen12,MC_minus_Off,gini_total,risk_at_1,-0.00029832489636480127,-0.0011394739003555926,0.0003636409515923171,1000,32,32,30,common-valid fixed32 images; paired group-bootstrap mean of per-image pixel metrics
cloudsen12__panopticon__frozen__mc_dropout__42,cloudsen12__panopticon__frozen__mc_dropout_off__42,cloudsen12,MC_minus_Off,gini_total,risk_at_0.9,-0.00013660249255952994,-0.0009196039176759471,0.0006165814850245725,1000,32,32,30,common-valid fixed32 images; paired group-bootstrap mean of per-image pixel metrics
cloudsen12__panopticon__frozen__mc_dropout__42,cloudsen12__panopticon__frozen__mc_dropout_off__42,cloudsen12,MC_minus_Off,gini_total,risk_at_0.8,-4.733338647959002e-05,-0.0007076704248357586,0.0006147534447683595,1000,32,32,30,common-valid fixed32 images; paired group-bootstrap mean of per-image pixel metrics
cloudsen12__panopticon__frozen__mc_dropout__42,cloudsen12__panopticon__frozen__mc_dropout_off__42,cloudsen12,MC_minus_Off,gini_total,risk_at_0.5,0.00013078962053572,-0.000994169146305886,0.0017191994260847075,1000,32,32,30,common-valid fixed32 images; paired group-bootstrap mean of per-image pixel metrics
cloudsen12__panopticon__frozen__mc_dropout__42,cloudsen12__panopticon__frozen__mc_dropout_off__42,cloudsen12,MC_minus_Off,msp,base_risk,-0.00029832489636480127,-0.0011394739003555926,0.0003636409515923171,1000,32,32,30,common-valid fixed32 images; paired group-bootstrap mean of per-image pixel metrics
cloudsen12__panopticon__frozen__mc_dropout__42,cloudsen12__panopticon__frozen__mc_dropout_off__42,cloudsen12,MC_minus_Off,msp,aurc,0.00011976236812629625,-0.0008511435362754888,0.0015719283186475248,1000,32,32,30,common-valid fixed32 images; paired group-bootstrap mean of per-image pixel metrics
cloudsen12__panopticon__frozen__mc_dropout__42,cloudsen12__panopticon__frozen__mc_dropout_off__42,cloudsen12,MC_minus_Off,msp,auroc,0.0009516538420582874,-0.003126916791787087,0.005410417910493251,1000,26,32,25,common-valid fixed32 images; paired group-bootstrap mean of per-image pixel metrics
cloudsen12__panopticon__frozen__mc_dropout__42,cloudsen12__panopticon__frozen__mc_dropout_off__42,cloudsen12,MC_minus_Off,msp,average_precision,-0.00254602149853977,-0.007159263696706966,0.0008197949250303627,1000,26,32,25,common-valid fixed32 images; paired group-bootstrap mean of per-image pixel metrics
cloudsen12__panopticon__frozen__mc_dropout__42,cloudsen12__panopticon__frozen__mc_dropout_off__42,cloudsen12,MC_minus_Off,msp,risk_at_1,-0.00029832489636480127,-0.0011394739003555926,0.0003636409515923171,1000,32,32,30,common-valid fixed32 images; paired group-bootstrap mean of per-image pixel metrics
cloudsen12__panopticon__frozen__mc_dropout__42,cloudsen12__panopticon__frozen__mc_dropout_off__42,cloudsen12,MC_minus_Off,msp,risk_at_0.9,-8.608586663831026e-05,-0.0006836373675101185,0.0004946725072547568,1000,32,32,30,common-valid fixed32 images; paired group-bootstrap mean of per-image pixel metrics
cloudsen12__panopticon__frozen__mc_dropout__42,cloudsen12__panopticon__frozen__mc_dropout_off__42,cloudsen12,MC_minus_Off,msp,risk_at_0.8,2.6313626036369097e-05,-0.0005704591879594418,0.0006287360677913834,1000,32,32,30,common-valid fixed32 images; paired group-bootstrap mean of per-image pixel metrics
cloudsen12__panopticon__frozen__mc_dropout__42,cloudsen12__panopticon__frozen__mc_dropout_off__42,cloudsen12,MC_minus_Off,msp,risk_at_0.5,0.0001420001594387828,-0.0009406516079529079,0.001662097900239642,1000,32,32,30,common-valid fixed32 images; paired group-bootstrap mean of per-image pixel metrics
cloudsen12__panopticon__frozen__mc_dropout__42,cloudsen12__panopticon__frozen__mc_dropout_off__42,cloudsen12,MC_minus_Off,negative_margin,base_risk,-0.00029832489636480127,-0.0011394739003555926,0.0003636409515923171,1000,32,32,30,common-valid fixed32 images; paired group-bootstrap mean of per-image pixel metrics
cloudsen12__panopticon__frozen__mc_dropout__42,cloudsen12__panopticon__frozen__mc_dropout_off__42,cloudsen12,MC_minus_Off,negative_margin,aurc,0.00014253337569907875,-0.0007880436195496993,0.0015274166301969697,1000,32,32,30,common-valid fixed32 images; paired group-bootstrap mean of per-image pixel metrics
cloudsen12__panopticon__frozen__mc_dropout__42,cloudsen12__panopticon__frozen__mc_dropout_off__42,cloudsen12,MC_minus_Off,negative_margin,auroc,0.0006882255046293293,-0.0034948039039381738,0.005421959805706931,1000,26,32,25,common-valid fixed32 images; paired group-bootstrap mean of per-image pixel metrics
cloudsen12__panopticon__frozen__mc_dropout__42,cloudsen12__panopticon__frozen__mc_dropout_off__42,cloudsen12,MC_minus_Off,negative_margin,average_precision,-0.0029100619035585104,-0.00858131008521873,0.0012505671914035295,1000,26,32,25,common-valid fixed32 images; paired group-bootstrap mean of per-image pixel metrics
cloudsen12__panopticon__frozen__mc_dropout__42,cloudsen12__panopticon__frozen__mc_dropout_off__42,cloudsen12,MC_minus_Off,negative_margin,risk_at_1,-0.00029832489636480127,-0.0011394739003555926,0.0003636409515923171,1000,32,32,30,common-valid fixed32 images; paired group-bootstrap mean of per-image pixel metrics
cloudsen12__panopticon__frozen__mc_dropout__42,cloudsen12__panopticon__frozen__mc_dropout_off__42,cloudsen12,MC_minus_Off,negative_margin,risk_at_0.9,-4.7610189909294114e-05,-0.0006487843793431288,0.0005200509023053784,1000,32,32,30,common-valid fixed32 images; paired group-bootstrap mean of per-image pixel metrics
cloudsen12__panopticon__frozen__mc_dropout__42,cloudsen12__panopticon__frozen__mc_dropout_off__42,cloudsen12,MC_minus_Off,negative_margin,risk_at_0.8,0.00010478739835777316,-0.0004292236338170551,0.0006972919034675398,1000,32,32,30,common-valid fixed32 images; paired group-bootstrap mean of per-image pixel metrics
cloudsen12__panopticon__frozen__mc_dropout__42,cloudsen12__panopticon__frozen__mc_dropout_off__42,cloudsen12,MC_minus_Off,negative_margin,risk_at_0.5,0.00021424585459183247,-0.0008012762816820265,0.0016137389935812988,1000,32,32,30,common-valid fixed32 images; paired group-bootstrap mean of per-image pixel metrics
cloudsen12__panopticon__frozen__mc_dropout__42,cloudsen12__panopticon__frozen__deterministic__42,cloudsen12,MC_minus_D,entropy,base_risk,-0.003741828762755095,-0.019752496414234783,0.01304558163597471,1000,32,32,30,common-valid fixed32 images; paired group-bootstrap mean of per-image pixel metrics
cloudsen12__panopticon__frozen__mc_dropout__42,cloudsen12__panopticon__frozen__deterministic__42,cloudsen12,MC_minus_D,entropy,aurc,-0.010358450566274935,-0.03525719971422936,0.008084380068778945,1000,32,32,30,common-valid fixed32 images; paired group-bootstrap mean of per-image pixel metrics
cloudsen12__panopticon__frozen__mc_dropout__42,cloudsen12__panopticon__frozen__deterministic__42,cloudsen12,MC_minus_D,entropy,auroc,0.015345267799235203,-0.009106164008495704,0.049268171500808616,1000,26,32,25,common-valid fixed32 images; paired group-bootstrap mean of per-image pixel metrics
cloudsen12__panopticon__frozen__mc_dropout__42,cloudsen12__panopticon__frozen__deterministic__42,cloudsen12,MC_minus_D,entropy,average_precision,0.0058874462604660855,-0.02174386660195082,0.0363194264737012,1000,26,32,25,common-valid fixed32 images; paired group-bootstrap mean of per-image pixel metrics
cloudsen12__panopticon__frozen__mc_dropout__42,cloudsen12__panopticon__frozen__deterministic__42,cloudsen12,MC_minus_D,entropy,risk_at_1,-0.003741828762755095,-0.019752496414234783,0.01304558163597471,1000,32,32,30,common-valid fixed32 images; paired group-bootstrap mean of per-image pixel metrics
cloudsen12__panopticon__frozen__mc_dropout__42,cloudsen12__panopticon__frozen__deterministic__42,cloudsen12,MC_minus_D,entropy,risk_at_0.9,-0.0037194076849489987,-0.021981147158200418,0.013456497250050159,1000,32,32,30,common-valid fixed32 images; paired group-bootstrap mean of per-image pixel metrics
cloudsen12__panopticon__frozen__mc_dropout__42,cloudsen12__panopticon__frozen__deterministic__42,cloudsen12,MC_minus_D,entropy,risk_at_0.8,-0.00630187988281249,-0.026543137416256805,0.012201403479108378,1000,32,32,30,common-valid fixed32 images; paired group-bootstrap mean of per-image pixel metrics
cloudsen12__panopticon__frozen__mc_dropout__42,cloudsen12__panopticon__frozen__deterministic__42,cloudsen12,MC_minus_D,entropy,risk_at_0.5,-0.011239188058035721,-0.04099597405746573,0.010676886110889666,1000,32,32,30,common-valid fixed32 images; paired group-bootstrap mean of per-image pixel metrics
cloudsen12__panopticon__frozen__mc_dropout__42,cloudsen12__panopticon__frozen__deterministic__42,cloudsen12,MC_minus_D,gini_total,base_risk,-0.003741828762755095,-0.019752496414234783,0.01304558163597471,1000,32,32,30,common-valid fixed32 images; paired group-bootstrap mean of per-image pixel metrics
cloudsen12__panopticon__frozen__mc_dropout__42,cloudsen12__panopticon__frozen__deterministic__42,cloudsen12,MC_minus_D,gini_total,aurc,-0.009599176124569012,-0.034132323841305344,0.009179243387622178,1000,32,32,30,common-valid fixed32 images; paired group-bootstrap mean of per-image pixel metrics
cloudsen12__panopticon__frozen__mc_dropout__42,cloudsen12__panopticon__frozen__deterministic__42,cloudsen12,MC_minus_D,gini_total,auroc,0.013913945023560949,-0.009410169000533307,0.045375555454293615,1000,26,32,25,common-valid fixed32 images; paired group-bootstrap mean of per-image pixel metrics
cloudsen12__panopticon__frozen__mc_dropout__42,cloudsen12__panopticon__frozen__deterministic__42,cloudsen12,MC_minus_D,gini_total,average_precision,0.004974147150368469,-0.01877776028562991,0.03068005178622224,1000,26,32,25,common-valid fixed32 images; paired group-bootstrap mean of per-image pixel metrics
cloudsen12__panopticon__frozen__mc_dropout__42,cloudsen12__panopticon__frozen__deterministic__42,cloudsen12,MC_minus_D,gini_total,risk_at_1,-0.003741828762755095,-0.019752496414234783,0.01304558163597471,1000,32,32,30,common-valid fixed32 images; paired group-bootstrap mean of per-image pixel metrics
cloudsen12__panopticon__frozen__mc_dropout__42,cloudsen12__panopticon__frozen__deterministic__42,cloudsen12,MC_minus_D,gini_total,risk_at_0.9,-0.004181115805697268,-0.022227254687157107,0.01304550410869155,1000,32,32,30,common-valid fixed32 images; paired group-bootstrap mean of per-image pixel metrics
cloudsen12__panopticon__frozen__mc_dropout__42,cloudsen12__panopticon__frozen__deterministic__42,cloudsen12,MC_minus_D,gini_total,risk_at_0.8,-0.005884131606744258,-0.025877622839178667,0.012568818695691151,1000,32,32,30,common-valid fixed32 images; paired group-bootstrap mean of per-image pixel metrics
cloudsen12__panopticon__frozen__mc_dropout__42,cloudsen12__panopticon__frozen__deterministic__42,cloudsen12,MC_minus_D,gini_total,risk_at_0.5,-0.009926309390943883,-0.0381812267153929,0.012615213217801778,1000,32,32,30,common-valid fixed32 images; paired group-bootstrap mean of per-image pixel metrics
cloudsen12__panopticon__frozen__mc_dropout__42,cloudsen12__panopticon__frozen__deterministic__42,cloudsen12,MC_minus_D,msp,base_risk,-0.003741828762755095,-0.019752496414234783,0.01304558163597471,1000,32,32,30,common-valid fixed32 images; paired group-bootstrap mean of per-image pixel metrics
cloudsen12__panopticon__frozen__mc_dropout__42,cloudsen12__panopticon__frozen__deterministic__42,cloudsen12,MC_minus_D,msp,aurc,-0.009460622663191663,-0.03383699054492825,0.009416410438226422,1000,32,32,30,common-valid fixed32 images; paired group-bootstrap mean of per-image pixel metrics
cloudsen12__panopticon__frozen__mc_dropout__42,cloudsen12__panopticon__frozen__deterministic__42,cloudsen12,MC_minus_D,msp,auroc,0.013701634535563527,-0.0090749911188982,0.043509042273593264,1000,26,32,25,common-valid fixed32 images; paired group-bootstrap mean of per-image pixel metrics
cloudsen12__panopticon__frozen__mc_dropout__42,cloudsen12__panopticon__frozen__deterministic__42,cloudsen12,MC_minus_D,msp,average_precision,0.0055432908758489535,-0.014939960115398436,0.02832974331414067,1000,26,32,25,common-valid fixed32 images; paired group-bootstrap mean of per-image pixel metrics
cloudsen12__panopticon__frozen__mc_dropout__42,cloudsen12__panopticon__frozen__deterministic__42,cloudsen12,MC_minus_D,msp,risk_at_1,-0.003741828762755095,-0.019752496414234783,0.01304558163597471,1000,32,32,30,common-valid fixed32 images; paired group-bootstrap mean of per-image pixel metrics
cloudsen12__panopticon__frozen__mc_dropout__42,cloudsen12__panopticon__frozen__deterministic__42,cloudsen12,MC_minus_D,msp,risk_at_0.9,-0.004054063031462584,-0.021997216041364467,0.013699545074456202,1000,32,32,30,common-valid fixed32 images; paired group-bootstrap mean of per-image pixel metrics
cloudsen12__panopticon__frozen__mc_dropout__42,cloudsen12__panopticon__frozen__deterministic__42,cloudsen12,MC_minus_D,msp,risk_at_0.8,-0.005358793297592467,-0.024950080831400885,0.013399735275579966,1000,32,32,30,common-valid fixed32 images; paired group-bootstrap mean of per-image pixel metrics
cloudsen12__panopticon__frozen__mc_dropout__42,cloudsen12__panopticon__frozen__deterministic__42,cloudsen12,MC_minus_D,msp,risk_at_0.5,-0.00970209861288265,-0.03792508136510997,0.012891942941491116,1000,32,32,30,common-valid fixed32 images; paired group-bootstrap mean of per-image pixel metrics
cloudsen12__panopticon__frozen__mc_dropout__42,cloudsen12__panopticon__frozen__deterministic__42,cloudsen12,MC_minus_D,negative_margin,base_risk,-0.003741828762755095,-0.019752496414234783,0.01304558163597471,1000,32,32,30,common-valid fixed32 images; paired group-bootstrap mean of per-image pixel metrics
cloudsen12__panopticon__frozen__mc_dropout__42,cloudsen12__panopticon__frozen__deterministic__42,cloudsen12,MC_minus_D,negative_margin,aurc,-0.00866586486401547,-0.0326129778513711,0.010254134027630635,1000,32,32,30,common-valid fixed32 images; paired group-bootstrap mean of per-image pixel metrics
cloudsen12__panopticon__frozen__mc_dropout__42,cloudsen12__panopticon__frozen__deterministic__42,cloudsen12,MC_minus_D,negative_margin,auroc,0.011143218497791981,-0.011181087961719568,0.04017482656980684,1000,26,32,25,common-valid fixed32 images; paired group-bootstrap mean of per-image pixel metrics
cloudsen12__panopticon__frozen__mc_dropout__42,cloudsen12__panopticon__frozen__deterministic__42,cloudsen12,MC_minus_D,negative_margin,average_precision,0.0006515690221555801,-0.019294796900003523,0.02304623699763908,1000,26,32,25,common-valid fixed32 images; paired group-bootstrap mean of per-image pixel metrics
cloudsen12__panopticon__frozen__mc_dropout__42,cloudsen12__panopticon__frozen__deterministic__42,cloudsen12,MC_minus_D,negative_margin,risk_at_1,-0.003741828762755095,-0.019752496414234783,0.01304558163597471,1000,32,32,30,common-valid fixed32 images; paired group-bootstrap mean of per-image pixel metrics
cloudsen12__panopticon__frozen__mc_dropout__42,cloudsen12__panopticon__frozen__deterministic__42,cloudsen12,MC_minus_D,negative_margin,risk_at_0.9,-0.003556924071712022,-0.021282228101201422,0.01394515922488427,1000,32,32,30,common-valid fixed32 images; paired group-bootstrap mean of per-image pixel metrics
cloudsen12__panopticon__frozen__mc_dropout__42,cloudsen12__panopticon__frozen__deterministic__42,cloudsen12,MC_minus_D,negative_margin,risk_at_0.8,-0.00505533023756378,-0.02431189089405295,0.014095054796321492,1000,32,32,30,common-valid fixed32 images; paired group-bootstrap mean of per-image pixel metrics
cloudsen12__panopticon__frozen__mc_dropout__42,cloudsen12__panopticon__frozen__deterministic__42,cloudsen12,MC_minus_D,negative_margin,risk_at_0.5,-0.009132852359693893,-0.037543596540178574,0.013451427185982742,1000,32,32,30,common-valid fixed32 images; paired group-bootstrap mean of per-image pixel metrics
cloudsen12__panopticon__frozen__mc_dropout__42,cloudsen12__dofa__frozen__mc_dropout__42,cloudsen12,Pan_configuration_minus_DOFA_configuration,entropy,base_risk,-0.026499222735969392,-0.04904063831676136,-0.009149015894160086,1000,32,32,30,common-valid fixed32 images; paired group-bootstrap mean of per-image pixel metrics
cloudsen12__panopticon__frozen__mc_dropout__42,cloudsen12__dofa__frozen__mc_dropout__42,cloudsen12,Pan_configuration_minus_DOFA_configuration,entropy,aurc,-0.031041710056270412,-0.061626076514384204,-0.005770514760041614,1000,32,32,30,common-valid fixed32 images; paired group-bootstrap mean of per-image pixel metrics
cloudsen12__panopticon__frozen__mc_dropout__42,cloudsen12__dofa__frozen__mc_dropout__42,cloudsen12,Pan_configuration_minus_DOFA_configuration,entropy,auroc,0.028470242441758945,0.005477736971729988,0.05573637339330218,1000,26,32,25,common-valid fixed32 images; paired group-bootstrap mean of per-image pixel metrics
cloudsen12__panopticon__frozen__mc_dropout__42,cloudsen12__dofa__frozen__mc_dropout__42,cloudsen12,Pan_configuration_minus_DOFA_configuration,entropy,average_precision,-0.0025030721211048604,-0.03556215911911999,0.04213472784637317,1000,26,32,25,common-valid fixed32 images; paired group-bootstrap mean of per-image pixel metrics
cloudsen12__panopticon__frozen__mc_dropout__42,cloudsen12__dofa__frozen__mc_dropout__42,cloudsen12,Pan_configuration_minus_DOFA_configuration,entropy,risk_at_1,-0.026499222735969392,-0.04904063831676136,-0.009149015894160086,1000,32,32,30,common-valid fixed32 images; paired group-bootstrap mean of per-image pixel metrics
cloudsen12__panopticon__frozen__mc_dropout__42,cloudsen12__dofa__frozen__mc_dropout__42,cloudsen12,Pan_configuration_minus_DOFA_configuration,entropy,risk_at_0.9,-0.02801375270160148,-0.05273982792271542,-0.00861560572777092,1000,32,32,30,common-valid fixed32 images; paired group-bootstrap mean of per-image pixel metrics
cloudsen12__panopticon__frozen__mc_dropout__42,cloudsen12__dofa__frozen__mc_dropout__42,cloudsen12,Pan_configuration_minus_DOFA_configuration,entropy,risk_at_0.8,-0.028421674455915168,-0.055259136277802136,-0.007445571889977601,1000,32,32,30,common-valid fixed32 images; paired group-bootstrap mean of per-image pixel metrics
cloudsen12__panopticon__frozen__mc_dropout__42,cloudsen12__dofa__frozen__mc_dropout__42,cloudsen12,Pan_configuration_minus_DOFA_configuration,entropy,risk_at_0.5,-0.03268744021045917,-0.06771114844856561,-0.005521080946583167,1000,32,32,30,common-valid fixed32 images; paired group-bootstrap mean of per-image pixel metrics
cloudsen12__panopticon__frozen__mc_dropout__42,cloudsen12__dofa__frozen__mc_dropout__42,cloudsen12,Pan_configuration_minus_DOFA_configuration,expected_entropy,base_risk,-0.026499222735969392,-0.04904063831676136,-0.009149015894160086,1000,32,32,30,common-valid fixed32 images; paired group-bootstrap mean of per-image pixel metrics
cloudsen12__panopticon__frozen__mc_dropout__42,cloudsen12__dofa__frozen__mc_dropout__42,cloudsen12,Pan_configuration_minus_DOFA_configuration,expected_entropy,aurc,-0.03158635882289701,-0.06268215601795578,-0.005756712532639934,1000,32,32,30,common-valid fixed32 images; paired group-bootstrap mean of per-image pixel metrics
cloudsen12__panopticon__frozen__mc_dropout__42,cloudsen12__dofa__frozen__mc_dropout__42,cloudsen12,Pan_configuration_minus_DOFA_configuration,expected_entropy,auroc,0.02940065133682399,0.005623695885588246,0.05821863074917957,1000,26,32,25,common-valid fixed32 images; paired group-bootstrap mean of per-image pixel metrics
cloudsen12__panopticon__frozen__mc_dropout__42,cloudsen12__dofa__frozen__mc_dropout__42,cloudsen12,Pan_configuration_minus_DOFA_configuration,expected_entropy,average_precision,-0.00041706285909251306,-0.03546627484283346,0.04732937125395369,1000,26,32,25,common-valid fixed32 images; paired group-bootstrap mean of per-image pixel metrics
cloudsen12__panopticon__frozen__mc_dropout__42,cloudsen12__dofa__frozen__mc_dropout__42,cloudsen12,Pan_configuration_minus_DOFA_configuration,expected_entropy,risk_at_1,-0.026499222735969392,-0.04904063831676136,-0.009149015894160086,1000,32,32,30,common-valid fixed32 images; paired group-bootstrap mean of per-image pixel metrics
cloudsen12__panopticon__frozen__mc_dropout__42,cloudsen12__dofa__frozen__mc_dropout__42,cloudsen12,Pan_configuration_minus_DOFA_configuration,expected_entropy,risk_at_0.9,-0.028008908641581624,-0.05262858072916667,-0.008658847456280481,1000,32,32,30,common-valid fixed32 images; paired group-bootstrap mean of per-image pixel metrics
cloudsen12__panopticon__frozen__mc_dropout__42,cloudsen12__dofa__frozen__mc_dropout__42,cloudsen12,Pan_configuration_minus_DOFA_configuration,expected_entropy,risk_at_0.8,-0.02859746193399234,-0.05545698897943755,-0.007487371724257898,1000,32,32,30,common-valid fixed32 images; paired group-bootstrap mean of per-image pixel metrics
cloudsen12__panopticon__frozen__mc_dropout__42,cloudsen12__dofa__frozen__mc_dropout__42,cloudsen12,Pan_configuration_minus_DOFA_configuration,expected_entropy,risk_at_0.5,-0.033449756855867346,-0.06862849304538932,-0.00572265455143349,1000,32,32,30,common-valid fixed32 images; paired group-bootstrap mean of per-image pixel metrics
cloudsen12__panopticon__frozen__mc_dropout__42,cloudsen12__dofa__frozen__mc_dropout__42,cloudsen12,Pan_configuration_minus_DOFA_configuration,gini_disagreement,base_risk,-0.026499222735969392,-0.04904063831676136,-0.009149015894160086,1000,32,32,30,common-valid fixed32 images; paired group-bootstrap mean of per-image pixel metrics
cloudsen12__panopticon__frozen__mc_dropout__42,cloudsen12__dofa__frozen__mc_dropout__42,cloudsen12,Pan_configuration_minus_DOFA_configuration,gini_disagreement,aurc,-0.024360634619943658,-0.059313415031995026,-0.0023569047545129434,1000,32,32,30,common-valid fixed32 images; paired group-bootstrap mean of per-image pixel metrics
cloudsen12__panopticon__frozen__mc_dropout__42,cloudsen12__dofa__frozen__mc_dropout__42,cloudsen12,Pan_configuration_minus_DOFA_configuration,gini_disagreement,auroc,0.016851085364731073,-0.029072601690434317,0.06181633584984646,1000,26,32,25,common-valid fixed32 images; paired group-bootstrap mean of per-image pixel metrics
cloudsen12__panopticon__frozen__mc_dropout__42,cloudsen12__dofa__frozen__mc_dropout__42,cloudsen12,Pan_configuration_minus_DOFA_configuration,gini_disagreement,average_precision,-0.0222299129670089,-0.07063579486151483,0.019224358087567655,1000,26,32,25,common-valid fixed32 images; paired group-bootstrap mean of per-image pixel metrics
cloudsen12__panopticon__frozen__mc_dropout__42,cloudsen12__dofa__frozen__mc_dropout__42,cloudsen12,Pan_configuration_minus_DOFA_configuration,gini_disagreement,risk_at_1,-0.026499222735969392,-0.04904063831676136,-0.009149015894160086,1000,32,32,30,common-valid fixed32 images; paired group-bootstrap mean of per-image pixel metrics
cloudsen12__panopticon__frozen__mc_dropout__42,cloudsen12__dofa__frozen__mc_dropout__42,cloudsen12,Pan_configuration_minus_DOFA_configuration,gini_disagreement,risk_at_0.9,-0.024705536511479602,-0.05048148795808649,-0.006604938117825269,1000,32,32,30,common-valid fixed32 images; paired group-bootstrap mean of per-image pixel metrics
cloudsen12__panopticon__frozen__mc_dropout__42,cloudsen12__dofa__frozen__mc_dropout__42,cloudsen12,Pan_configuration_minus_DOFA_configuration,gini_disagreement,risk_at_0.8,-0.024963690310108432,-0.05345796079051739,-0.004902054366843023,1000,32,32,30,common-valid fixed32 images; paired group-bootstrap mean of per-image pixel metrics
cloudsen12__panopticon__frozen__mc_dropout__42,cloudsen12__dofa__frozen__mc_dropout__42,cloudsen12,Pan_configuration_minus_DOFA_configuration,gini_disagreement,risk_at_0.5,-0.024343062420280604,-0.0638231489672482,-0.0005496137467083418,1000,32,32,30,common-valid fixed32 images; paired group-bootstrap mean of per-image pixel metrics
cloudsen12__panopticon__frozen__mc_dropout__42,cloudsen12__dofa__frozen__mc_dropout__42,cloudsen12,Pan_configuration_minus_DOFA_configuration,gini_expected,base_risk,-0.026499222735969392,-0.04904063831676136,-0.009149015894160086,1000,32,32,30,common-valid fixed32 images; paired group-bootstrap mean of per-image pixel metrics
cloudsen12__panopticon__frozen__mc_dropout__42,cloudsen12__dofa__frozen__mc_dropout__42,cloudsen12,Pan_configuration_minus_DOFA_configuration,gini_expected,aurc,-0.03242527831109024,-0.06473890563556758,-0.005448892882720594,1000,32,32,30,common-valid fixed32 images; paired group-bootstrap mean of per-image pixel metrics
cloudsen12__panopticon__frozen__mc_dropout__42,cloudsen12__dofa__frozen__mc_dropout__42,cloudsen12,Pan_configuration_minus_DOFA_configuration,gini_expected,auroc,0.03257308911109613,0.0061721025512112065,0.06545555713158648,1000,26,32,25,common-valid fixed32 images; paired group-bootstrap mean of per-image pixel metrics
cloudsen12__panopticon__frozen__mc_dropout__42,cloudsen12__dofa__frozen__mc_dropout__42,cloudsen12,Pan_configuration_minus_DOFA_configuration,gini_expected,average_precision,0.0017140583941579384,-0.029202525505869492,0.04462862889594423,1000,26,32,25,common-valid fixed32 images; paired group-bootstrap mean of per-image pixel metrics
cloudsen12__panopticon__frozen__mc_dropout__42,cloudsen12__dofa__frozen__mc_dropout__42,cloudsen12,Pan_configuration_minus_DOFA_configuration,gini_expected,risk_at_1,-0.026499222735969392,-0.04904063831676136,-0.009149015894160086,1000,32,32,30,common-valid fixed32 images; paired group-bootstrap mean of per-image pixel metrics
cloudsen12__panopticon__frozen__mc_dropout__42,cloudsen12__dofa__frozen__mc_dropout__42,cloudsen12,Pan_configuration_minus_DOFA_configuration,gini_expected,risk_at_0.9,-0.02824308434311223,-0.05316776596212979,-0.00886554271940935,1000,32,32,30,common-valid fixed32 images; paired group-bootstrap mean of per-image pixel metrics
cloudsen12__panopticon__frozen__mc_dropout__42,cloudsen12__dofa__frozen__mc_dropout__42,cloudsen12,Pan_configuration_minus_DOFA_configuration,gini_expected,risk_at_0.8,-0.028883797781808027,-0.05577891710647211,-0.006898405661923378,1000,32,32,30,common-valid fixed32 images; paired group-bootstrap mean of per-image pixel metrics
cloudsen12__panopticon__frozen__mc_dropout__42,cloudsen12__dofa__frozen__mc_dropout__42,cloudsen12,Pan_configuration_minus_DOFA_configuration,gini_expected,risk_at_0.5,-0.0345982142857143,-0.07263564510985845,-0.005213114798032159,1000,32,32,30,common-valid fixed32 images; paired group-bootstrap mean of per-image pixel metrics
cloudsen12__panopticon__frozen__mc_dropout__42,cloudsen12__dofa__frozen__mc_dropout__42,cloudsen12,Pan_configuration_minus_DOFA_configuration,gini_total,base_risk,-0.026499222735969392,-0.04904063831676136,-0.009149015894160086,1000,32,32,30,common-valid fixed32 images; paired group-bootstrap mean of per-image pixel metrics
cloudsen12__panopticon__frozen__mc_dropout__42,cloudsen12__dofa__frozen__mc_dropout__42,cloudsen12,Pan_configuration_minus_DOFA_configuration,gini_total,aurc,-0.03203542561712783,-0.06450545524510282,-0.005416353760522892,1000,32,32,30,common-valid fixed32 images; paired group-bootstrap mean of per-image pixel metrics
cloudsen12__panopticon__frozen__mc_dropout__42,cloudsen12__dofa__frozen__mc_dropout__42,cloudsen12,Pan_configuration_minus_DOFA_configuration,gini_total,auroc,0.03164199142154947,0.005573814141895349,0.06345603984742597,1000,26,32,25,common-valid fixed32 images; paired group-bootstrap mean of per-image pixel metrics
cloudsen12__panopticon__frozen__mc_dropout__42,cloudsen12__dofa__frozen__mc_dropout__42,cloudsen12,Pan_configuration_minus_DOFA_configuration,gini_total,average_precision,-0.001230641313575766,-0.03062550930598781,0.036495424394571395,1000,26,32,25,common-valid fixed32 images; paired group-bootstrap mean of per-image pixel metrics
cloudsen12__panopticon__frozen__mc_dropout__42,cloudsen12__dofa__frozen__mc_dropout__42,cloudsen12,Pan_configuration_minus_DOFA_configuration,gini_total,risk_at_1,-0.026499222735969392,-0.04904063831676136,-0.009149015894160086,1000,32,32,30,common-valid fixed32 images; paired group-bootstrap mean of per-image pixel metrics
cloudsen12__panopticon__frozen__mc_dropout__42,cloudsen12__dofa__frozen__mc_dropout__42,cloudsen12,Pan_configuration_minus_DOFA_configuration,gini_total,risk_at_0.9,-0.02815132400616497,-0.05316867473714746,-0.008743483284228885,1000,32,32,30,common-valid fixed32 images; paired group-bootstrap mean of per-image pixel metrics
cloudsen12__panopticon__frozen__mc_dropout__42,cloudsen12__dofa__frozen__mc_dropout__42,cloudsen12,Pan_configuration_minus_DOFA_configuration,gini_total,risk_at_0.8,-0.028591856664540817,-0.05539220281007911,-0.0067063682903628005,1000,32,32,30,common-valid fixed32 images; paired group-bootstrap mean of per-image pixel metrics
cloudsen12__panopticon__frozen__mc_dropout__42,cloudsen12__dofa__frozen__mc_dropout__42,cloudsen12,Pan_configuration_minus_DOFA_configuration,gini_total,risk_at_0.5,-0.03430798588966837,-0.07312537288100725,-0.00514987811086794,1000,32,32,30,common-valid fixed32 images; paired group-bootstrap mean of per-image pixel metrics
cloudsen12__panopticon__frozen__mc_dropout__42,cloudsen12__dofa__frozen__mc_dropout__42,cloudsen12,Pan_configuration_minus_DOFA_configuration,msp,base_risk,-0.026499222735969392,-0.04904063831676136,-0.009149015894160086,1000,32,32,30,common-valid fixed32 images; paired group-bootstrap mean of per-image pixel metrics
cloudsen12__panopticon__frozen__mc_dropout__42,cloudsen12__dofa__frozen__mc_dropout__42,cloudsen12,Pan_configuration_minus_DOFA_configuration,msp,aurc,-0.03243835531297298,-0.06548998314752984,-0.005681356282494159,1000,32,32,30,common-valid fixed32 images; paired group-bootstrap mean of per-image pixel metrics
cloudsen12__panopticon__frozen__mc_dropout__42,cloudsen12__dofa__frozen__mc_dropout__42,cloudsen12,Pan_configuration_minus_DOFA_configuration,msp,auroc,0.0333464470633627,0.006231677590641363,0.06764004551932844,1000,26,32,25,common-valid fixed32 images; paired group-bootstrap mean of per-image pixel metrics
cloudsen12__panopticon__frozen__mc_dropout__42,cloudsen12__dofa__frozen__mc_dropout__42,cloudsen12,Pan_configuration_minus_DOFA_configuration,msp,average_precision,-0.0006384990712991457,-0.023820541743523927,0.02843407558128811,1000,26,32,25,common-valid fixed32 images; paired group-bootstrap mean of per-image pixel metrics
cloudsen12__panopticon__frozen__mc_dropout__42,cloudsen12__dofa__frozen__mc_dropout__42,cloudsen12,Pan_configuration_minus_DOFA_configuration,msp,risk_at_1,-0.026499222735969392,-0.04904063831676136,-0.009149015894160086,1000,32,32,30,common-valid fixed32 images; paired group-bootstrap mean of per-image pixel metrics
cloudsen12__panopticon__frozen__mc_dropout__42,cloudsen12__dofa__frozen__mc_dropout__42,cloudsen12,Pan_configuration_minus_DOFA_configuration,msp,risk_at_0.9,-0.02830245867878401,-0.05348160258447017,-0.008623034125266266,1000,32,32,30,common-valid fixed32 images; paired group-bootstrap mean of per-image pixel metrics
cloudsen12__panopticon__frozen__mc_dropout__42,cloudsen12__dofa__frozen__mc_dropout__42,cloudsen12,Pan_configuration_minus_DOFA_configuration,msp,risk_at_0.8,-0.029235839843749993,-0.05627547566656277,-0.007616133256392029,1000,32,32,30,common-valid fixed32 images; paired group-bootstrap mean of per-image pixel metrics
cloudsen12__panopticon__frozen__mc_dropout__42,cloudsen12__dofa__frozen__mc_dropout__42,cloudsen12,Pan_configuration_minus_DOFA_configuration,msp,risk_at_0.5,-0.03431670519770408,-0.07338317107652033,-0.005057427023543785,1000,32,32,30,common-valid fixed32 images; paired group-bootstrap mean of per-image pixel metrics
cloudsen12__panopticon__frozen__mc_dropout__42,cloudsen12__dofa__frozen__mc_dropout__42,cloudsen12,Pan_configuration_minus_DOFA_configuration,mutual_information,base_risk,-0.026499222735969392,-0.04904063831676136,-0.009149015894160086,1000,32,32,30,common-valid fixed32 images; paired group-bootstrap mean of per-image pixel metrics
cloudsen12__panopticon__frozen__mc_dropout__42,cloudsen12__dofa__frozen__mc_dropout__42,cloudsen12,Pan_configuration_minus_DOFA_configuration,mutual_information,aurc,-0.016544189702682215,-0.04630678344218625,0.004421762558508087,1000,32,32,30,common-valid fixed32 images; paired group-bootstrap mean of per-image pixel metrics
cloudsen12__panopticon__frozen__mc_dropout__42,cloudsen12__dofa__frozen__mc_dropout__42,cloudsen12,Pan_configuration_minus_DOFA_configuration,mutual_information,auroc,0.020533359927897635,-0.05232725946187052,0.09808447623700522,1000,26,32,25,common-valid fixed32 images; paired group-bootstrap mean of per-image pixel metrics
cloudsen12__panopticon__frozen__mc_dropout__42,cloudsen12__dofa__frozen__mc_dropout__42,cloudsen12,Pan_configuration_minus_DOFA_configuration,mutual_information,average_precision,-0.036188675208492775,-0.07827264808104759,0.0004392323857009064,1000,26,32,25,common-valid fixed32 images; paired group-bootstrap mean of per-image pixel metrics
cloudsen12__panopticon__frozen__mc_dropout__42,cloudsen12__dofa__frozen__mc_dropout__42,cloudsen12,Pan_configuration_minus_DOFA_configuration,mutual_information,risk_at_1,-0.026499222735969392,-0.04904063831676136,-0.009149015894160086,1000,32,32,30,common-valid fixed32 images; paired group-bootstrap mean of per-image pixel metrics
cloudsen12__panopticon__frozen__mc_dropout__42,cloudsen12__dofa__frozen__mc_dropout__42,cloudsen12,Pan_configuration_minus_DOFA_configuration,mutual_information,risk_at_0.9,-0.025396022666879247,-0.0532753421562754,-0.005622993049314894,1000,32,32,30,common-valid fixed32 images; paired group-bootstrap mean of per-image pixel metrics
cloudsen12__panopticon__frozen__mc_dropout__42,cloudsen12__dofa__frozen__mc_dropout__42,cloudsen12,Pan_configuration_minus_DOFA_configuration,mutual_information,risk_at_0.8,-0.026105296855070154,-0.05695088211294875,-0.004532934953616268,1000,32,32,30,common-valid fixed32 images; paired group-bootstrap mean of per-image pixel metrics
cloudsen12__panopticon__frozen__mc_dropout__42,cloudsen12__dofa__frozen__mc_dropout__42,cloudsen12,Pan_configuration_minus_DOFA_configuration,mutual_information,risk_at_0.5,-0.018590810347576536,-0.05073338421337537,0.005488003972895972,1000,32,32,30,common-valid fixed32 images; paired group-bootstrap mean of per-image pixel metrics
cloudsen12__panopticon__frozen__mc_dropout__42,cloudsen12__dofa__frozen__mc_dropout__42,cloudsen12,Pan_configuration_minus_DOFA_configuration,negative_margin,base_risk,-0.026499222735969392,-0.04904063831676136,-0.009149015894160086,1000,32,32,30,common-valid fixed32 images; paired group-bootstrap mean of per-image pixel metrics
cloudsen12__panopticon__frozen__mc_dropout__42,cloudsen12__dofa__frozen__mc_dropout__42,cloudsen12,Pan_configuration_minus_DOFA_configuration,negative_margin,aurc,-0.03250158885100215,-0.06602916033400856,-0.005699085109882085,1000,32,32,30,common-valid fixed32 images; paired group-bootstrap mean of per-image pixel metrics
cloudsen12__panopticon__frozen__mc_dropout__42,cloudsen12__dofa__frozen__mc_dropout__42,cloudsen12,Pan_configuration_minus_DOFA_configuration,negative_margin,auroc,0.032902035130764444,0.004871373560387815,0.0662502485490043,1000,26,32,25,common-valid fixed32 images; paired group-bootstrap mean of per-image pixel metrics
cloudsen12__panopticon__frozen__mc_dropout__42,cloudsen12__dofa__frozen__mc_dropout__42,cloudsen12,Pan_configuration_minus_DOFA_configuration,negative_margin,average_precision,-0.003921308711074124,-0.02479547512048851,0.02262995791848054,1000,26,32,25,common-valid fixed32 images; paired group-bootstrap mean of per-image pixel metrics
cloudsen12__panopticon__frozen__mc_dropout__42,cloudsen12__dofa__frozen__mc_dropout__42,cloudsen12,Pan_configuration_minus_DOFA_configuration,negative_margin,risk_at_1,-0.026499222735969392,-0.04904063831676136,-0.009149015894160086,1000,32,32,30,common-valid fixed32 images; paired group-bootstrap mean of per-image pixel metrics
cloudsen12__panopticon__frozen__mc_dropout__42,cloudsen12__dofa__frozen__mc_dropout__42,cloudsen12,Pan_configuration_minus_DOFA_configuration,negative_margin,risk_at_0.9,-0.028064407729237517,-0.052997084782176046,-0.008582189787067356,1000,32,32,30,common-valid fixed32 images; paired group-bootstrap mean of per-image pixel metrics
cloudsen12__panopticon__frozen__mc_dropout__42,cloudsen12__dofa__frozen__mc_dropout__42,cloudsen12,Pan_configuration_minus_DOFA_configuration,negative_margin,risk_at_0.8,-0.029781730807557402,-0.05721946431844366,-0.008404615091997391,1000,32,32,30,common-valid fixed32 images; paired group-bootstrap mean of per-image pixel metrics
cloudsen12__panopticon__frozen__mc_dropout__42,cloudsen12__dofa__frozen__mc_dropout__42,cloudsen12,Pan_configuration_minus_DOFA_configuration,negative_margin,risk_at_0.5,-0.033830915178571445,-0.07312760996614498,-0.004835308313222325,1000,32,32,30,common-valid fixed32 images; paired group-bootstrap mean of per-image pixel metrics
cloudsen12__panopticon__full_finetune__mc_dropout__42,cloudsen12__panopticon__full_finetune__mc_dropout_off__42,cloudsen12,MC_minus_Off,entropy,base_risk,-9.964923469388937e-05,-0.00036609468005953453,0.000147187781362531,1000,32,32,30,common-valid fixed32 images; paired group-bootstrap mean of per-image pixel metrics
cloudsen12__panopticon__full_finetune__mc_dropout__42,cloudsen12__panopticon__full_finetune__mc_dropout_off__42,cloudsen12,MC_minus_Off,entropy,aurc,-0.0006163675501638934,-0.0016313257037623523,-9.205158030894881e-06,1000,32,32,30,common-valid fixed32 images; paired group-bootstrap mean of per-image pixel metrics
cloudsen12__panopticon__full_finetune__mc_dropout__42,cloudsen12__panopticon__full_finetune__mc_dropout_off__42,cloudsen12,MC_minus_Off,entropy,auroc,0.0018327704379961297,-0.00030435128310360275,0.004849654883385497,1000,25,32,24,common-valid fixed32 images; paired group-bootstrap mean of per-image pixel metrics
cloudsen12__panopticon__full_finetune__mc_dropout__42,cloudsen12__panopticon__full_finetune__mc_dropout_off__42,cloudsen12,MC_minus_Off,entropy,average_precision,0.0010721999394245297,-0.001468315091633709,0.004707660482290268,1000,25,32,24,common-valid fixed32 images; paired group-bootstrap mean of per-image pixel metrics
cloudsen12__panopticon__full_finetune__mc_dropout__42,cloudsen12__panopticon__full_finetune__mc_dropout_off__42,cloudsen12,MC_minus_Off,entropy,risk_at_1,-9.964923469388937e-05,-0.00036609468005953453,0.000147187781362531,1000,32,32,30,common-valid fixed32 images; paired group-bootstrap mean of per-image pixel metrics
cloudsen12__panopticon__full_finetune__mc_dropout__42,cloudsen12__panopticon__full_finetune__mc_dropout_off__42,cloudsen12,MC_minus_Off,entropy,risk_at_0.9,-0.00016718927154194771,-0.0006544010537453668,0.00019655320440507872,1000,32,32,30,common-valid fixed32 images; paired group-bootstrap mean of per-image pixel metrics
cloudsen12__panopticon__full_finetune__mc_dropout__42,cloudsen12__panopticon__full_finetune__mc_dropout_off__42,cloudsen12,MC_minus_Off,entropy,risk_at_0.8,-0.0005555444834183667,-0.0013365051791885984,3.8859308982379276e-05,1000,32,32,30,common-valid fixed32 images; paired group-bootstrap mean of per-image pixel metrics
cloudsen12__panopticon__full_finetune__mc_dropout__42,cloudsen12__panopticon__full_finetune__mc_dropout_off__42,cloudsen12,MC_minus_Off,entropy,risk_at_0.5,-0.0005742287149234827,-0.001506167042012132,6.739345685005583e-05,1000,32,32,30,common-valid fixed32 images; paired group-bootstrap mean of per-image pixel metrics
cloudsen12__panopticon__full_finetune__mc_dropout__42,cloudsen12__panopticon__full_finetune__mc_dropout_off__42,cloudsen12,MC_minus_Off,gini_total,base_risk,-9.964923469388937e-05,-0.00036609468005953453,0.000147187781362531,1000,32,32,30,common-valid fixed32 images; paired group-bootstrap mean of per-image pixel metrics
cloudsen12__panopticon__full_finetune__mc_dropout__42,cloudsen12__panopticon__full_finetune__mc_dropout_off__42,cloudsen12,MC_minus_Off,gini_total,aurc,-0.00043991131567372086,-0.0010973757535061325,-2.5330710061635994e-05,1000,32,32,30,common-valid fixed32 images; paired group-bootstrap mean of per-image pixel metrics
cloudsen12__panopticon__full_finetune__mc_dropout__42,cloudsen12__panopticon__full_finetune__mc_dropout_off__42,cloudsen12,MC_minus_Off,gini_total,auroc,0.0011342262347049203,-0.0002182167852203367,0.0030448642778717135,1000,25,32,24,common-valid fixed32 images; paired group-bootstrap mean of per-image pixel metrics
cloudsen12__panopticon__full_finetune__mc_dropout__42,cloudsen12__panopticon__full_finetune__mc_dropout_off__42,cloudsen12,MC_minus_Off,gini_total,average_precision,0.0003964219764614141,-0.0016378887633636046,0.0033299010644905554,1000,25,32,24,common-valid fixed32 images; paired group-bootstrap mean of per-image pixel metrics
cloudsen12__panopticon__full_finetune__mc_dropout__42,cloudsen12__panopticon__full_finetune__mc_dropout_off__42,cloudsen12,MC_minus_Off,gini_total,risk_at_1,-9.964923469388937e-05,-0.00036609468005953453,0.000147187781362531,1000,32,32,30,common-valid fixed32 images; paired group-bootstrap mean of per-image pixel metrics
cloudsen12__panopticon__full_finetune__mc_dropout__42,cloudsen12__panopticon__full_finetune__mc_dropout_off__42,cloudsen12,MC_minus_Off,gini_total,risk_at_0.9,-0.00013120482568027594,-0.000505178002387826,0.0002124578721955972,1000,32,32,30,common-valid fixed32 images; paired group-bootstrap mean of per-image pixel metrics
cloudsen12__panopticon__full_finetune__mc_dropout__42,cloudsen12__panopticon__full_finetune__mc_dropout_off__42,cloudsen12,MC_minus_Off,gini_total,risk_at_0.8,-0.0003827153419961628,-0.0009498798101649795,6.418916110479267e-05,1000,32,32,30,common-valid fixed32 images; paired group-bootstrap mean of per-image pixel metrics
cloudsen12__panopticon__full_finetune__mc_dropout__42,cloudsen12__panopticon__full_finetune__mc_dropout_off__42,cloudsen12,MC_minus_Off,gini_total,risk_at_0.5,-0.000317631935586739,-0.0008546582695578299,7.974958449288603e-05,1000,32,32,30,common-valid fixed32 images; paired group-bootstrap mean of per-image pixel metrics
cloudsen12__panopticon__full_finetune__mc_dropout__42,cloudsen12__panopticon__full_finetune__mc_dropout_off__42,cloudsen12,MC_minus_Off,msp,base_risk,-9.964923469388937e-05,-0.00036609468005953453,0.000147187781362531,1000,32,32,30,common-valid fixed32 images; paired group-bootstrap mean of per-image pixel metrics
cloudsen12__panopticon__full_finetune__mc_dropout__42,cloudsen12__panopticon__full_finetune__mc_dropout_off__42,cloudsen12,MC_minus_Off,msp,aurc,-0.0003894044674521576,-0.0009568189507766978,-2.517563745678749e-05,1000,32,32,30,common-valid fixed32 images; paired group-bootstrap mean of per-image pixel metrics
cloudsen12__panopticon__full_finetune__mc_dropout__42,cloudsen12__panopticon__full_finetune__mc_dropout_off__42,cloudsen12,MC_minus_Off,msp,auroc,0.0008783430448759732,-0.0002607564009140415,0.00240703354525156,1000,25,32,24,common-valid fixed32 images; paired group-bootstrap mean of per-image pixel metrics
cloudsen12__panopticon__full_finetune__mc_dropout__42,cloudsen12__panopticon__full_finetune__mc_dropout_off__42,cloudsen12,MC_minus_Off,msp,average_precision,3.1676059152374594e-05,-0.001978121453299762,0.0025307713862198996,1000,25,32,24,common-valid fixed32 images; paired group-bootstrap mean of per-image pixel metrics
cloudsen12__panopticon__full_finetune__mc_dropout__42,cloudsen12__panopticon__full_finetune__mc_dropout_off__42,cloudsen12,MC_minus_Off,msp,risk_at_1,-9.964923469388937e-05,-0.00036609468005953453,0.000147187781362531,1000,32,32,30,common-valid fixed32 images; paired group-bootstrap mean of per-image pixel metrics
cloudsen12__panopticon__full_finetune__mc_dropout__42,cloudsen12__panopticon__full_finetune__mc_dropout_off__42,cloudsen12,MC_minus_Off,msp,risk_at_0.9,-0.00018172145160148546,-0.0005899803007560794,0.00016958487940629805,1000,32,32,30,common-valid fixed32 images; paired group-bootstrap mean of per-image pixel metrics
cloudsen12__panopticon__full_finetune__mc_dropout__42,cloudsen12__panopticon__full_finetune__mc_dropout_off__42,cloudsen12,MC_minus_Off,msp,risk_at_0.8,-0.0002539498465401701,-0.0006935804717394682,0.00010165637410859991,1000,32,32,30,common-valid fixed32 images; paired group-bootstrap mean of per-image pixel metrics
cloudsen12__panopticon__full_finetune__mc_dropout__42,cloudsen12__panopticon__full_finetune__mc_dropout_off__42,cloudsen12,MC_minus_Off,msp,risk_at_0.5,-0.0002578423947704139,-0.0007077254730017018,8.576345355257763e-05,1000,32,32,30,common-valid fixed32 images; paired group-bootstrap mean of per-image pixel metrics
cloudsen12__panopticon__full_finetune__mc_dropout__42,cloudsen12__panopticon__full_finetune__mc_dropout_off__42,cloudsen12,MC_minus_Off,negative_margin,base_risk,-9.964923469388937e-05,-0.00036609468005953453,0.000147187781362531,1000,32,32,30,common-valid fixed32 images; paired group-bootstrap mean of per-image pixel metrics
cloudsen12__panopticon__full_finetune__mc_dropout__42,cloudsen12__panopticon__full_finetune__mc_dropout_off__42,cloudsen12,MC_minus_Off,negative_margin,aurc,-0.00024519539403860895,-0.000578959899351035,-1.650008198913338e-05,1000,32,32,30,common-valid fixed32 images; paired group-bootstrap mean of per-image pixel metrics
cloudsen12__panopticon__full_finetune__mc_dropout__42,cloudsen12__panopticon__full_finetune__mc_dropout_off__42,cloudsen12,MC_minus_Off,negative_margin,auroc,0.0003184811960308487,-0.0004531254222047817,0.001295066015504873,1000,25,32,24,common-valid fixed32 images; paired group-bootstrap mean of per-image pixel metrics
cloudsen12__panopticon__full_finetune__mc_dropout__42,cloudsen12__panopticon__full_finetune__mc_dropout_off__42,cloudsen12,MC_minus_Off,negative_margin,average_precision,-0.0014311893592942227,-0.003864537183298762,0.001152130381745207,1000,25,32,24,common-valid fixed32 images; paired group-bootstrap mean of per-image pixel metrics
cloudsen12__panopticon__full_finetune__mc_dropout__42,cloudsen12__panopticon__full_finetune__mc_dropout_off__42,cloudsen12,MC_minus_Off,negative_margin,risk_at_1,-9.964923469388937e-05,-0.00036609468005953453,0.000147187781362531,1000,32,32,30,common-valid fixed32 images; paired group-bootstrap mean of per-image pixel metrics
cloudsen12__panopticon__full_finetune__mc_dropout__42,cloudsen12__panopticon__full_finetune__mc_dropout_off__42,cloudsen12,MC_minus_Off,negative_margin,risk_at_0.9,-0.00010726132901076734,-0.0004459673024115546,0.00020637466412346675,1000,32,32,30,common-valid fixed32 images; paired group-bootstrap mean of per-image pixel metrics
cloudsen12__panopticon__full_finetune__mc_dropout__42,cloudsen12__panopticon__full_finetune__mc_dropout_off__42,cloudsen12,MC_minus_Off,negative_margin,risk_at_0.8,-0.00017500896843113483,-0.0005599075345692394,0.00014516103416777488,1000,32,32,30,common-valid fixed32 images; paired group-bootstrap mean of per-image pixel metrics
cloudsen12__panopticon__full_finetune__mc_dropout__42,cloudsen12__panopticon__full_finetune__mc_dropout_off__42,cloudsen12,MC_minus_Off,negative_margin,risk_at_0.5,-0.00010961415816326283,-0.0004128692807768294,0.00011373532527930933,1000,32,32,30,common-valid fixed32 images; paired group-bootstrap mean of per-image pixel metrics
cloudsen12__panopticon__full_finetune__mc_dropout__42,cloudsen12__panopticon__full_finetune__deterministic__42,cloudsen12,MC_minus_D,entropy,base_risk,-0.00213373923788267,-0.023846747328192672,0.01749438457567775,1000,32,32,30,common-valid fixed32 images; paired group-bootstrap mean of per-image pixel metrics
cloudsen12__panopticon__full_finetune__mc_dropout__42,cloudsen12__panopticon__full_finetune__deterministic__42,cloudsen12,MC_minus_D,entropy,aurc,-0.00047212548495203263,-0.015357571007214646,0.014629611279069938,1000,32,32,30,common-valid fixed32 images; paired group-bootstrap mean of per-image pixel metrics
cloudsen12__panopticon__full_finetune__mc_dropout__42,cloudsen12__panopticon__full_finetune__deterministic__42,cloudsen12,MC_minus_D,entropy,auroc,-0.0011786517593781575,-0.015701164792669222,0.012647095875659427,1000,25,32,24,common-valid fixed32 images; paired group-bootstrap mean of per-image pixel metrics
cloudsen12__panopticon__full_finetune__mc_dropout__42,cloudsen12__panopticon__full_finetune__deterministic__42,cloudsen12,MC_minus_D,entropy,average_precision,-0.003134217629406204,-0.024762582944309174,0.019483482064374762,1000,25,32,24,common-valid fixed32 images; paired group-bootstrap mean of per-image pixel metrics
cloudsen12__panopticon__full_finetune__mc_dropout__42,cloudsen12__panopticon__full_finetune__deterministic__42,cloudsen12,MC_minus_D,entropy,risk_at_1,-0.00213373923788267,-0.023846747328192672,0.01749438457567775,1000,32,32,30,common-valid fixed32 images; paired group-bootstrap mean of per-image pixel metrics
cloudsen12__panopticon__full_finetune__mc_dropout__42,cloudsen12__panopticon__full_finetune__deterministic__42,cloudsen12,MC_minus_D,entropy,risk_at_0.9,-0.0026519152582908153,-0.02475788390933211,0.017989917588491895,1000,32,32,30,common-valid fixed32 images; paired group-bootstrap mean of per-image pixel metrics
cloudsen12__panopticon__full_finetune__mc_dropout__42,cloudsen12__panopticon__full_finetune__deterministic__42,cloudsen12,MC_minus_D,entropy,risk_at_0.8,-0.0016115149673150554,-0.0241864050474149,0.020147300194019106,1000,32,32,30,common-valid fixed32 images; paired group-bootstrap mean of per-image pixel metrics
cloudsen12__panopticon__full_finetune__mc_dropout__42,cloudsen12__panopticon__full_finetune__deterministic__42,cloudsen12,MC_minus_D,entropy,risk_at_0.5,4.359654017856824e-05,-0.020295482817150292,0.020161201021601807,1000,32,32,30,common-valid fixed32 images; paired group-bootstrap mean of per-image pixel metrics
cloudsen12__panopticon__full_finetune__mc_dropout__42,cloudsen12__panopticon__full_finetune__deterministic__42,cloudsen12,MC_minus_D,gini_total,base_risk,-0.00213373923788267,-0.023846747328192672,0.01749438457567775,1000,32,32,30,common-valid fixed32 images; paired group-bootstrap mean of per-image pixel metrics
cloudsen12__panopticon__full_finetune__mc_dropout__42,cloudsen12__panopticon__full_finetune__deterministic__42,cloudsen12,MC_minus_D,gini_total,aurc,-0.00035126767405186613,-0.015762695338161877,0.014590559515436077,1000,32,32,30,common-valid fixed32 images; paired group-bootstrap mean of per-image pixel metrics
cloudsen12__panopticon__full_finetune__mc_dropout__42,cloudsen12__panopticon__full_finetune__deterministic__42,cloudsen12,MC_minus_D,gini_total,auroc,-0.0016473282965669012,-0.01607406105144256,0.013343835447773868,1000,25,32,24,common-valid fixed32 images; paired group-bootstrap mean of per-image pixel metrics
cloudsen12__panopticon__full_finetune__mc_dropout__42,cloudsen12__panopticon__full_finetune__deterministic__42,cloudsen12,MC_minus_D,gini_total,average_precision,-0.0037899622716447445,-0.022490154528870487,0.017114314262800672,1000,25,32,24,common-valid fixed32 images; paired group-bootstrap mean of per-image pixel metrics
cloudsen12__panopticon__full_finetune__mc_dropout__42,cloudsen12__panopticon__full_finetune__deterministic__42,cloudsen12,MC_minus_D,gini_total,risk_at_1,-0.00213373923788267,-0.023846747328192672,0.01749438457567775,1000,32,32,30,common-valid fixed32 images; paired group-bootstrap mean of per-image pixel metrics
cloudsen12__panopticon__full_finetune__mc_dropout__42,cloudsen12__panopticon__full_finetune__deterministic__42,cloudsen12,MC_minus_D,gini_total,risk_at_0.9,-0.0029660871510062354,-0.02541636470537686,0.017386252005842647,1000,32,32,30,common-valid fixed32 images; paired group-bootstrap mean of per-image pixel metrics
cloudsen12__panopticon__full_finetune__mc_dropout__42,cloudsen12__panopticon__full_finetune__deterministic__42,cloudsen12,MC_minus_D,gini_total,risk_at_0.8,-0.0018684231505102064,-0.025243957675233172,0.020241216825863877,1000,32,32,30,common-valid fixed32 images; paired group-bootstrap mean of per-image pixel metrics
cloudsen12__panopticon__full_finetune__mc_dropout__42,cloudsen12__panopticon__full_finetune__deterministic__42,cloudsen12,MC_minus_D,gini_total,risk_at_0.5,0.00038738639987245067,-0.02067829573235544,0.02067407573824984,1000,32,32,30,common-valid fixed32 images; paired group-bootstrap mean of per-image pixel metrics
cloudsen12__panopticon__full_finetune__mc_dropout__42,cloudsen12__panopticon__full_finetune__deterministic__42,cloudsen12,MC_minus_D,msp,base_risk,-0.00213373923788267,-0.023846747328192672,0.01749438457567775,1000,32,32,30,common-valid fixed32 images; paired group-bootstrap mean of per-image pixel metrics
cloudsen12__panopticon__full_finetune__mc_dropout__42,cloudsen12__panopticon__full_finetune__deterministic__42,cloudsen12,MC_minus_D,msp,aurc,-0.0004656505100901296,-0.01628668113289373,0.014575062642730396,1000,32,32,30,common-valid fixed32 images; paired group-bootstrap mean of per-image pixel metrics
cloudsen12__panopticon__full_finetune__mc_dropout__42,cloudsen12__panopticon__full_finetune__deterministic__42,cloudsen12,MC_minus_D,msp,auroc,-0.001235247313895882,-0.01570692703730146,0.014299507182379465,1000,25,32,24,common-valid fixed32 images; paired group-bootstrap mean of per-image pixel metrics
cloudsen12__panopticon__full_finetune__mc_dropout__42,cloudsen12__panopticon__full_finetune__deterministic__42,cloudsen12,MC_minus_D,msp,average_precision,-0.0008128599380066138,-0.017205414201055338,0.0182843358572406,1000,25,32,24,common-valid fixed32 images; paired group-bootstrap mean of per-image pixel metrics
cloudsen12__panopticon__full_finetune__mc_dropout__42,cloudsen12__panopticon__full_finetune__deterministic__42,cloudsen12,MC_minus_D,msp,risk_at_1,-0.00213373923788267,-0.023846747328192672,0.01749438457567775,1000,32,32,30,common-valid fixed32 images; paired group-bootstrap mean of per-image pixel metrics
cloudsen12__panopticon__full_finetune__mc_dropout__42,cloudsen12__panopticon__full_finetune__deterministic__42,cloudsen12,MC_minus_D,msp,risk_at_0.9,-0.0030719644628684904,-0.02626346170570502,0.017421991089680795,1000,32,32,30,common-valid fixed32 images; paired group-bootstrap mean of per-image pixel metrics
cloudsen12__panopticon__full_finetune__mc_dropout__42,cloudsen12__panopticon__full_finetune__deterministic__42,cloudsen12,MC_minus_D,msp,risk_at_0.8,-0.002562542350924751,-0.02662982853386383,0.01959331746004066,1000,32,32,30,common-valid fixed32 images; paired group-bootstrap mean of per-image pixel metrics
cloudsen12__panopticon__full_finetune__mc_dropout__42,cloudsen12__panopticon__full_finetune__deterministic__42,cloudsen12,MC_minus_D,msp,risk_at_0.5,0.00042475486288264495,-0.020850624551578455,0.02083662100315977,1000,32,32,30,common-valid fixed32 images; paired group-bootstrap mean of per-image pixel metrics
cloudsen12__panopticon__full_finetune__mc_dropout__42,cloudsen12__panopticon__full_finetune__deterministic__42,cloudsen12,MC_minus_D,negative_margin,base_risk,-0.00213373923788267,-0.023846747328192672,0.01749438457567775,1000,32,32,30,common-valid fixed32 images; paired group-bootstrap mean of per-image pixel metrics
cloudsen12__panopticon__full_finetune__mc_dropout__42,cloudsen12__panopticon__full_finetune__deterministic__42,cloudsen12,MC_minus_D,negative_margin,aurc,-0.0002982786714826424,-0.016631511060684286,0.014543087823122967,1000,32,32,30,common-valid fixed32 images; paired group-bootstrap mean of per-image pixel metrics
cloudsen12__panopticon__full_finetune__mc_dropout__42,cloudsen12__panopticon__full_finetune__deterministic__42,cloudsen12,MC_minus_D,negative_margin,auroc,-0.0019959306937071485,-0.016736650595684483,0.014558167799708773,1000,25,32,24,common-valid fixed32 images; paired group-bootstrap mean of per-image pixel metrics
cloudsen12__panopticon__full_finetune__mc_dropout__42,cloudsen12__panopticon__full_finetune__deterministic__42,cloudsen12,MC_minus_D,negative_margin,average_precision,-0.0012691831055881009,-0.017503681174099565,0.017522982864820347,1000,25,32,24,common-valid fixed32 images; paired group-bootstrap mean of per-image pixel metrics
cloudsen12__panopticon__full_finetune__mc_dropout__42,cloudsen12__panopticon__full_finetune__deterministic__42,cloudsen12,MC_minus_D,negative_margin,risk_at_1,-0.00213373923788267,-0.023846747328192672,0.01749438457567775,1000,32,32,30,common-valid fixed32 images; paired group-bootstrap mean of per-image pixel metrics
cloudsen12__panopticon__full_finetune__mc_dropout__42,cloudsen12__panopticon__full_finetune__deterministic__42,cloudsen12,MC_minus_D,negative_margin,risk_at_0.9,-0.0029814497413548735,-0.026482894101651076,0.01827608904199306,1000,32,32,30,common-valid fixed32 images; paired group-bootstrap mean of per-image pixel metrics
cloudsen12__panopticon__full_finetune__mc_dropout__42,cloudsen12__panopticon__full_finetune__deterministic__42,cloudsen12,MC_minus_D,negative_margin,risk_at_0.8,-0.00253077915736609,-0.026930469142557624,0.019769430436033963,1000,32,32,30,common-valid fixed32 images; paired group-bootstrap mean of per-image pixel metrics
cloudsen12__panopticon__full_finetune__mc_dropout__42,cloudsen12__panopticon__full_finetune__deterministic__42,cloudsen12,MC_minus_D,negative_margin,risk_at_0.5,0.0002715441645408166,-0.02168945935307717,0.020972747897099187,1000,32,32,30,common-valid fixed32 images; paired group-bootstrap mean of per-image pixel metrics
cloudsen12__panopticon__full_finetune__mc_dropout__42,cloudsen12__panopticon__frozen__mc_dropout__42,cloudsen12,full_recipe_minus_frozen_recipe,entropy,base_risk,-0.00338122309470664,-0.045412849893375316,0.0334352755719223,1000,32,32,30,common-valid fixed32 images; paired group-bootstrap mean of per-image pixel metrics
cloudsen12__panopticon__full_finetune__mc_dropout__42,cloudsen12__panopticon__frozen__mc_dropout__42,cloudsen12,full_recipe_minus_frozen_recipe,entropy,aurc,0.00816052024092749,-0.037948701390289385,0.057815592533319256,1000,32,32,30,common-valid fixed32 images; paired group-bootstrap mean of per-image pixel metrics
cloudsen12__panopticon__full_finetune__mc_dropout__42,cloudsen12__panopticon__frozen__mc_dropout__42,cloudsen12,full_recipe_minus_frozen_recipe,entropy,auroc,0.0069044531963880695,-0.03416060385435732,0.0419687614334026,1000,25,32,24,common-valid fixed32 images; paired group-bootstrap mean of per-image pixel metrics
cloudsen12__panopticon__full_finetune__mc_dropout__42,cloudsen12__panopticon__frozen__mc_dropout__42,cloudsen12,full_recipe_minus_frozen_recipe,entropy,average_precision,0.009722837784295358,-0.024791372690618586,0.04256359274345394,1000,25,32,24,common-valid fixed32 images; paired group-bootstrap mean of per-image pixel metrics
cloudsen12__panopticon__full_finetune__mc_dropout__42,cloudsen12__panopticon__frozen__mc_dropout__42,cloudsen12,full_recipe_minus_frozen_recipe,entropy,risk_at_1,-0.00338122309470664,-0.045412849893375316,0.0334352755719223,1000,32,32,30,common-valid fixed32 images; paired group-bootstrap mean of per-image pixel metrics
cloudsen12__panopticon__full_finetune__mc_dropout__42,cloudsen12__panopticon__frozen__mc_dropout__42,cloudsen12,full_recipe_minus_frozen_recipe,entropy,risk_at_0.9,-0.0038733103918650643,-0.04833919560584019,0.03450414005067752,1000,32,32,30,common-valid fixed32 images; paired group-bootstrap mean of per-image pixel metrics
cloudsen12__panopticon__full_finetune__mc_dropout__42,cloudsen12__panopticon__frozen__mc_dropout__42,cloudsen12,full_recipe_minus_frozen_recipe,entropy,risk_at_0.8,-0.0009532072106186271,-0.0478269873362297,0.0405113126793686,1000,32,32,30,common-valid fixed32 images; paired group-bootstrap mean of per-image pixel metrics
cloudsen12__panopticon__full_finetune__mc_dropout__42,cloudsen12__panopticon__frozen__mc_dropout__42,cloudsen12,full_recipe_minus_frozen_recipe,entropy,risk_at_0.5,0.0076742366868622295,-0.04788049292297566,0.06175629058441556,1000,32,32,30,common-valid fixed32 images; paired group-bootstrap mean of per-image pixel metrics
cloudsen12__panopticon__full_finetune__mc_dropout__42,cloudsen12__panopticon__frozen__mc_dropout__42,cloudsen12,full_recipe_minus_frozen_recipe,expected_entropy,base_risk,-0.00338122309470664,-0.045412849893375316,0.0334352755719223,1000,32,32,30,common-valid fixed32 images; paired group-bootstrap mean of per-image pixel metrics
cloudsen12__panopticon__full_finetune__mc_dropout__42,cloudsen12__panopticon__frozen__mc_dropout__42,cloudsen12,full_recipe_minus_frozen_recipe,expected_entropy,aurc,0.00877595878763679,-0.03642568018434981,0.05864514714325265,1000,32,32,30,common-valid fixed32 images; paired group-bootstrap mean of per-image pixel metrics
cloudsen12__panopticon__full_finetune__mc_dropout__42,cloudsen12__panopticon__frozen__mc_dropout__42,cloudsen12,full_recipe_minus_frozen_recipe,expected_entropy,auroc,0.005638949392372532,-0.03545878941487914,0.03974481980788651,1000,25,32,24,common-valid fixed32 images; paired group-bootstrap mean of per-image pixel metrics
cloudsen12__panopticon__full_finetune__mc_dropout__42,cloudsen12__panopticon__frozen__mc_dropout__42,cloudsen12,full_recipe_minus_frozen_recipe,expected_entropy,average_precision,0.008629059717043261,-0.026936179277247604,0.04243275097522705,1000,25,32,24,common-valid fixed32 images; paired group-bootstrap mean of per-image pixel metrics
cloudsen12__panopticon__full_finetune__mc_dropout__42,cloudsen12__panopticon__frozen__mc_dropout__42,cloudsen12,full_recipe_minus_frozen_recipe,expected_entropy,risk_at_1,-0.00338122309470664,-0.045412849893375316,0.0334352755719223,1000,32,32,30,common-valid fixed32 images; paired group-bootstrap mean of per-image pixel metrics
cloudsen12__panopticon__full_finetune__mc_dropout__42,cloudsen12__panopticon__frozen__mc_dropout__42,cloudsen12,full_recipe_minus_frozen_recipe,expected_entropy,risk_at_0.9,-0.003856010177508517,-0.04818967442934208,0.03445214207995022,1000,32,32,30,common-valid fixed32 images; paired group-bootstrap mean of per-image pixel metrics
cloudsen12__panopticon__full_finetune__mc_dropout__42,cloudsen12__panopticon__frozen__mc_dropout__42,cloudsen12,full_recipe_minus_frozen_recipe,expected_entropy,risk_at_0.8,-0.0005851278499681052,-0.04727062780343836,0.04119533596578754,1000,32,32,30,common-valid fixed32 images; paired group-bootstrap mean of per-image pixel metrics
cloudsen12__panopticon__full_finetune__mc_dropout__42,cloudsen12__panopticon__frozen__mc_dropout__42,cloudsen12,full_recipe_minus_frozen_recipe,expected_entropy,risk_at_0.5,0.008208605707908162,-0.04624380246050035,0.06191834741709182,1000,32,32,30,common-valid fixed32 images; paired group-bootstrap mean of per-image pixel metrics
cloudsen12__panopticon__full_finetune__mc_dropout__42,cloudsen12__panopticon__frozen__mc_dropout__42,cloudsen12,full_recipe_minus_frozen_recipe,gini_disagreement,base_risk,-0.00338122309470664,-0.045412849893375316,0.0334352755719223,1000,32,32,30,common-valid fixed32 images; paired group-bootstrap mean of per-image pixel metrics
cloudsen12__panopticon__full_finetune__mc_dropout__42,cloudsen12__panopticon__frozen__mc_dropout__42,cloudsen12,full_recipe_minus_frozen_recipe,gini_disagreement,aurc,-0.0068338463533352154,-0.05534738980551846,0.03268781504843131,1000,32,32,30,common-valid fixed32 images; paired group-bootstrap mean of per-image pixel metrics
cloudsen12__panopticon__full_finetune__mc_dropout__42,cloudsen12__panopticon__frozen__mc_dropout__42,cloudsen12,full_recipe_minus_frozen_recipe,gini_disagreement,auroc,0.05376531486293683,0.02630303956402824,0.08847758381458408,1000,25,32,24,common-valid fixed32 images; paired group-bootstrap mean of per-image pixel metrics
cloudsen12__panopticon__full_finetune__mc_dropout__42,cloudsen12__panopticon__frozen__mc_dropout__42,cloudsen12,full_recipe_minus_frozen_recipe,gini_disagreement,average_precision,0.0487281385562254,0.0023097255673705814,0.0869400043884382,1000,25,32,24,common-valid fixed32 images; paired group-bootstrap mean of per-image pixel metrics
cloudsen12__panopticon__full_finetune__mc_dropout__42,cloudsen12__panopticon__frozen__mc_dropout__42,cloudsen12,full_recipe_minus_frozen_recipe,gini_disagreement,risk_at_1,-0.00338122309470664,-0.045412849893375316,0.0334352755719223,1000,32,32,30,common-valid fixed32 images; paired group-bootstrap mean of per-image pixel metrics
cloudsen12__panopticon__full_finetune__mc_dropout__42,cloudsen12__panopticon__frozen__mc_dropout__42,cloudsen12,full_recipe_minus_frozen_recipe,gini_disagreement,risk_at_0.9,-0.01031231177366779,-0.05593007405598956,0.0292775683531192,1000,32,32,30,common-valid fixed32 images; paired group-bootstrap mean of per-image pixel metrics
cloudsen12__panopticon__full_finetune__mc_dropout__42,cloudsen12__panopticon__frozen__mc_dropout__42,cloudsen12,full_recipe_minus_frozen_recipe,gini_disagreement,risk_at_0.8,-0.009430243044483425,-0.05747617730347243,0.03335316504087429,1000,32,32,30,common-valid fixed32 images; paired group-bootstrap mean of per-image pixel metrics
cloudsen12__panopticon__full_finetune__mc_dropout__42,cloudsen12__panopticon__frozen__mc_dropout__42,cloudsen12,full_recipe_minus_frozen_recipe,gini_disagreement,risk_at_0.5,-0.005266462053571433,-0.06070946397712313,0.041233833987696644,1000,32,32,30,common-valid fixed32 images; paired group-bootstrap mean of per-image pixel metrics
cloudsen12__panopticon__full_finetune__mc_dropout__42,cloudsen12__panopticon__frozen__mc_dropout__42,cloudsen12,full_recipe_minus_frozen_recipe,gini_expected,base_risk,-0.00338122309470664,-0.045412849893375316,0.0334352755719223,1000,32,32,30,common-valid fixed32 images; paired group-bootstrap mean of per-image pixel metrics
cloudsen12__panopticon__full_finetune__mc_dropout__42,cloudsen12__panopticon__frozen__mc_dropout__42,cloudsen12,full_recipe_minus_frozen_recipe,gini_expected,aurc,0.008155580243642149,-0.03835846930062647,0.05787766964611947,1000,32,32,30,common-valid fixed32 images; paired group-bootstrap mean of per-image pixel metrics
cloudsen12__panopticon__full_finetune__mc_dropout__42,cloudsen12__panopticon__frozen__mc_dropout__42,cloudsen12,full_recipe_minus_frozen_recipe,gini_expected,auroc,0.0063605301954014195,-0.036019475095583654,0.04291416194665088,1000,25,32,24,common-valid fixed32 images; paired group-bootstrap mean of per-image pixel metrics
cloudsen12__panopticon__full_finetune__mc_dropout__42,cloudsen12__panopticon__frozen__mc_dropout__42,cloudsen12,full_recipe_minus_frozen_recipe,gini_expected,average_precision,0.009676719642167158,-0.024698006892824337,0.04231589988409905,1000,25,32,24,common-valid fixed32 images; paired group-bootstrap mean of per-image pixel metrics
cloudsen12__panopticon__full_finetune__mc_dropout__42,cloudsen12__panopticon__frozen__mc_dropout__42,cloudsen12,full_recipe_minus_frozen_recipe,gini_expected,risk_at_1,-0.00338122309470664,-0.045412849893375316,0.0334352755719223,1000,32,32,30,common-valid fixed32 images; paired group-bootstrap mean of per-image pixel metrics
cloudsen12__panopticon__full_finetune__mc_dropout__42,cloudsen12__panopticon__frozen__mc_dropout__42,cloudsen12,full_recipe_minus_frozen_recipe,gini_expected,risk_at_0.9,-0.0035815595769557894,-0.048300780982125695,0.034358585020869865,1000,32,32,30,common-valid fixed32 images; paired group-bootstrap mean of per-image pixel metrics
cloudsen12__panopticon__full_finetune__mc_dropout__42,cloudsen12__panopticon__frozen__mc_dropout__42,cloudsen12,full_recipe_minus_frozen_recipe,gini_expected,risk_at_0.8,-0.001188939931441348,-0.04915128096378975,0.040131233220354626,1000,32,32,30,common-valid fixed32 images; paired group-bootstrap mean of per-image pixel metrics
cloudsen12__panopticon__full_finetune__mc_dropout__42,cloudsen12__panopticon__frozen__mc_dropout__42,cloudsen12,full_recipe_minus_frozen_recipe,gini_expected,risk_at_0.5,0.00736158721301022,-0.04840344108553557,0.06069889745670997,1000,32,32,30,common-valid fixed32 images; paired group-bootstrap mean of per-image pixel metrics
cloudsen12__panopticon__full_finetune__mc_dropout__42,cloudsen12__panopticon__frozen__mc_dropout__42,cloudsen12,full_recipe_minus_frozen_recipe,gini_total,base_risk,-0.00338122309470664,-0.045412849893375316,0.0334352755719223,1000,32,32,30,common-valid fixed32 images; paired group-bootstrap mean of per-image pixel metrics
cloudsen12__panopticon__full_finetune__mc_dropout__42,cloudsen12__panopticon__frozen__mc_dropout__42,cloudsen12,full_recipe_minus_frozen_recipe,gini_total,aurc,0.007686904228840105,-0.039636694997988456,0.05740033948502407,1000,32,32,30,common-valid fixed32 images; paired group-bootstrap mean of per-image pixel metrics
cloudsen12__panopticon__full_finetune__mc_dropout__42,cloudsen12__panopticon__frozen__mc_dropout__42,cloudsen12,full_recipe_minus_frozen_recipe,gini_total,auroc,0.0076908943585435145,-0.034829265337991834,0.044975880424487864,1000,25,32,24,common-valid fixed32 images; paired group-bootstrap mean of per-image pixel metrics
cloudsen12__panopticon__full_finetune__mc_dropout__42,cloudsen12__panopticon__frozen__mc_dropout__42,cloudsen12,full_recipe_minus_frozen_recipe,gini_total,average_precision,0.01093445297558227,-0.02236079467639805,0.04325568639866957,1000,25,32,24,common-valid fixed32 images; paired group-bootstrap mean of per-image pixel metrics
cloudsen12__panopticon__full_finetune__mc_dropout__42,cloudsen12__panopticon__frozen__mc_dropout__42,cloudsen12,full_recipe_minus_frozen_recipe,gini_total,risk_at_1,-0.00338122309470664,-0.045412849893375316,0.0334352755719223,1000,32,32,30,common-valid fixed32 images; paired group-bootstrap mean of per-image pixel metrics
cloudsen12__panopticon__full_finetune__mc_dropout__42,cloudsen12__panopticon__frozen__mc_dropout__42,cloudsen12,full_recipe_minus_frozen_recipe,gini_total,risk_at_0.9,-0.003634290630314633,-0.04851269119616515,0.03441127767891429,1000,32,32,30,common-valid fixed32 images; paired group-bootstrap mean of per-image pixel metrics
cloudsen12__panopticon__full_finetune__mc_dropout__42,cloudsen12__panopticon__frozen__mc_dropout__42,cloudsen12,full_recipe_minus_frozen_recipe,gini_total,risk_at_0.8,-0.0015915851203762814,-0.04956473776821717,0.03984102531669167,1000,32,32,30,common-valid fixed32 images; paired group-bootstrap mean of per-image pixel metrics
cloudsen12__panopticon__full_finetune__mc_dropout__42,cloudsen12__panopticon__frozen__mc_dropout__42,cloudsen12,full_recipe_minus_frozen_recipe,gini_total,risk_at_0.5,0.006920639349489793,-0.049574103262089296,0.060626235046575445,1000,32,32,30,common-valid fixed32 images; paired group-bootstrap mean of per-image pixel metrics
cloudsen12__panopticon__full_finetune__mc_dropout__42,cloudsen12__panopticon__frozen__mc_dropout__42,cloudsen12,full_recipe_minus_frozen_recipe,msp,base_risk,-0.00338122309470664,-0.045412849893375316,0.0334352755719223,1000,32,32,30,common-valid fixed32 images; paired group-bootstrap mean of per-image pixel metrics
cloudsen12__panopticon__full_finetune__mc_dropout__42,cloudsen12__panopticon__frozen__mc_dropout__42,cloudsen12,full_recipe_minus_frozen_recipe,msp,aurc,0.007570943841934122,-0.04046122494272553,0.057218204641738137,1000,32,32,30,common-valid fixed32 images; paired group-bootstrap mean of per-image pixel metrics
cloudsen12__panopticon__full_finetune__mc_dropout__42,cloudsen12__panopticon__frozen__mc_dropout__42,cloudsen12,full_recipe_minus_frozen_recipe,msp,auroc,0.007722024065542392,-0.034992771872492355,0.045992076147682096,1000,25,32,24,common-valid fixed32 images; paired group-bootstrap mean of per-image pixel metrics
cloudsen12__panopticon__full_finetune__mc_dropout__42,cloudsen12__panopticon__frozen__mc_dropout__42,cloudsen12,full_recipe_minus_frozen_recipe,msp,average_precision,0.010618777146896144,-0.020675761176343434,0.040948332471173805,1000,25,32,24,common-valid fixed32 images; paired group-bootstrap mean of per-image pixel metrics
cloudsen12__panopticon__full_finetune__mc_dropout__42,cloudsen12__panopticon__frozen__mc_dropout__42,cloudsen12,full_recipe_minus_frozen_recipe,msp,risk_at_1,-0.00338122309470664,-0.045412849893375316,0.0334352755719223,1000,32,32,30,common-valid fixed32 images; paired group-bootstrap mean of per-image pixel metrics
cloudsen12__panopticon__full_finetune__mc_dropout__42,cloudsen12__panopticon__frozen__mc_dropout__42,cloudsen12,full_recipe_minus_frozen_recipe,msp,risk_at_0.9,-0.00377905882405046,-0.04954723117904545,0.034842974593231095,1000,32,32,30,common-valid fixed32 images; paired group-bootstrap mean of per-image pixel metrics
cloudsen12__panopticon__full_finetune__mc_dropout__42,cloudsen12__panopticon__frozen__mc_dropout__42,cloudsen12,full_recipe_minus_frozen_recipe,msp,risk_at_0.8,-0.0022189081931600872,-0.051291226430344235,0.039243354119306476,1000,32,32,30,common-valid fixed32 images; paired group-bootstrap mean of per-image pixel metrics
cloudsen12__panopticon__full_finetune__mc_dropout__42,cloudsen12__panopticon__frozen__mc_dropout__42,cloudsen12,full_recipe_minus_frozen_recipe,msp,risk_at_0.5,0.006772411112882645,-0.05003974517761996,0.060476788371598623,1000,32,32,30,common-valid fixed32 images; paired group-bootstrap mean of per-image pixel metrics
cloudsen12__panopticon__full_finetune__mc_dropout__42,cloudsen12__panopticon__frozen__mc_dropout__42,cloudsen12,full_recipe_minus_frozen_recipe,mutual_information,base_risk,-0.00338122309470664,-0.045412849893375316,0.0334352755719223,1000,32,32,30,common-valid fixed32 images; paired group-bootstrap mean of per-image pixel metrics
cloudsen12__panopticon__full_finetune__mc_dropout__42,cloudsen12__panopticon__frozen__mc_dropout__42,cloudsen12,full_recipe_minus_frozen_recipe,mutual_information,aurc,-0.016758759846489543,-0.06194372699774501,0.01712651708360959,1000,32,32,30,common-valid fixed32 images; paired group-bootstrap mean of per-image pixel metrics
cloudsen12__panopticon__full_finetune__mc_dropout__42,cloudsen12__panopticon__frozen__mc_dropout__42,cloudsen12,full_recipe_minus_frozen_recipe,mutual_information,auroc,0.0663364503321354,0.04012864727076734,0.09447883713059056,1000,25,32,24,common-valid fixed32 images; paired group-bootstrap mean of per-image pixel metrics
cloudsen12__panopticon__full_finetune__mc_dropout__42,cloudsen12__panopticon__frozen__mc_dropout__42,cloudsen12,full_recipe_minus_frozen_recipe,mutual_information,average_precision,0.03910520006147661,-0.015107285305445162,0.08275672063592317,1000,25,32,24,common-valid fixed32 images; paired group-bootstrap mean of per-image pixel metrics
cloudsen12__panopticon__full_finetune__mc_dropout__42,cloudsen12__panopticon__frozen__mc_dropout__42,cloudsen12,full_recipe_minus_frozen_recipe,mutual_information,risk_at_1,-0.00338122309470664,-0.045412849893375316,0.0334352755719223,1000,32,32,30,common-valid fixed32 images; paired group-bootstrap mean of per-image pixel metrics
cloudsen12__panopticon__full_finetune__mc_dropout__42,cloudsen12__panopticon__frozen__mc_dropout__42,cloudsen12,full_recipe_minus_frozen_recipe,mutual_information,risk_at_0.9,-0.009122057025935373,-0.054423997421549256,0.029846812955769412,1000,32,32,30,common-valid fixed32 images; paired group-bootstrap mean of per-image pixel metrics
cloudsen12__panopticon__full_finetune__mc_dropout__42,cloudsen12__panopticon__frozen__mc_dropout__42,cloudsen12,full_recipe_minus_frozen_recipe,mutual_information,risk_at_0.8,-0.008062245894451524,-0.053103292967197,0.03379845972479901,1000,32,32,30,common-valid fixed32 images; paired group-bootstrap mean of per-image pixel metrics
cloudsen12__panopticon__full_finetune__mc_dropout__42,cloudsen12__panopticon__frozen__mc_dropout__42,cloudsen12,full_recipe_minus_frozen_recipe,mutual_information,risk_at_0.5,-0.011291503906249988,-0.0626286097935268,0.030057431741784057,1000,32,32,30,common-valid fixed32 images; paired group-bootstrap mean of per-image pixel metrics
cloudsen12__panopticon__full_finetune__mc_dropout__42,cloudsen12__panopticon__frozen__mc_dropout__42,cloudsen12,full_recipe_minus_frozen_recipe,negative_margin,base_risk,-0.00338122309470664,-0.045412849893375316,0.0334352755719223,1000,32,32,30,common-valid fixed32 images; paired group-bootstrap mean of per-image pixel metrics
cloudsen12__panopticon__full_finetune__mc_dropout__42,cloudsen12__panopticon__frozen__mc_dropout__42,cloudsen12,full_recipe_minus_frozen_recipe,negative_margin,aurc,0.007189983338058487,-0.04147632890856691,0.05737432027506436,1000,32,32,30,common-valid fixed32 images; paired group-bootstrap mean of per-image pixel metrics
cloudsen12__panopticon__full_finetune__mc_dropout__42,cloudsen12__panopticon__frozen__mc_dropout__42,cloudsen12,full_recipe_minus_frozen_recipe,negative_margin,auroc,0.009053582546963585,-0.03501370800387524,0.049252286261223646,1000,25,32,24,common-valid fixed32 images; paired group-bootstrap mean of per-image pixel metrics
cloudsen12__panopticon__full_finetune__mc_dropout__42,cloudsen12__panopticon__frozen__mc_dropout__42,cloudsen12,full_recipe_minus_frozen_recipe,negative_margin,average_precision,0.012126299206324099,-0.017664098451700944,0.04145268659153424,1000,25,32,24,common-valid fixed32 images; paired group-bootstrap mean of per-image pixel metrics
cloudsen12__panopticon__full_finetune__mc_dropout__42,cloudsen12__panopticon__frozen__mc_dropout__42,cloudsen12,full_recipe_minus_frozen_recipe,negative_margin,risk_at_1,-0.00338122309470664,-0.045412849893375316,0.0334352755719223,1000,32,32,30,common-valid fixed32 images; paired group-bootstrap mean of per-image pixel metrics
cloudsen12__panopticon__full_finetune__mc_dropout__42,cloudsen12__panopticon__frozen__mc_dropout__42,cloudsen12,full_recipe_minus_frozen_recipe,negative_margin,risk_at_0.9,-0.003889641794217686,-0.049504750223657176,0.035399354844424316,1000,32,32,30,common-valid fixed32 images; paired group-bootstrap mean of per-image pixel metrics
cloudsen12__panopticon__full_finetune__mc_dropout__42,cloudsen12__panopticon__frozen__mc_dropout__42,cloudsen12,full_recipe_minus_frozen_recipe,negative_margin,risk_at_0.8,-0.0022649959642060047,-0.05161648901612294,0.03948066435180424,1000,32,32,30,common-valid fixed32 images; paired group-bootstrap mean of per-image pixel metrics
cloudsen12__panopticon__full_finetune__mc_dropout__42,cloudsen12__panopticon__frozen__mc_dropout__42,cloudsen12,full_recipe_minus_frozen_recipe,negative_margin,risk_at_0.5,0.006304059709821444,-0.051078496306637,0.060000978374304265,1000,32,32,30,common-valid fixed32 images; paired group-bootstrap mean of per-image pixel metrics
cloudsen12__panopticon__full_finetune__mc_dropout__42,cloudsen12__dofa__full_finetune__mc_dropout__42,cloudsen12,Pan_configuration_minus_DOFA_configuration,entropy,base_risk,-0.013614576690051039,-0.03971278760054931,0.00545707525071519,1000,32,32,30,common-valid fixed32 images; paired group-bootstrap mean of per-image pixel metrics
cloudsen12__panopticon__full_finetune__mc_dropout__42,cloudsen12__dofa__full_finetune__mc_dropout__42,cloudsen12,Pan_configuration_minus_DOFA_configuration,entropy,aurc,-0.012436121610438574,-0.037111265844939276,0.00687182975702733,1000,32,32,30,common-valid fixed32 images; paired group-bootstrap mean of per-image pixel metrics
cloudsen12__panopticon__full_finetune__mc_dropout__42,cloudsen12__dofa__full_finetune__mc_dropout__42,cloudsen12,Pan_configuration_minus_DOFA_configuration,entropy,auroc,0.017239703674862623,-0.006378709266106938,0.0443739329671361,1000,25,32,24,common-valid fixed32 images; paired group-bootstrap mean of per-image pixel metrics
cloudsen12__panopticon__full_finetune__mc_dropout__42,cloudsen12__dofa__full_finetune__mc_dropout__42,cloudsen12,Pan_configuration_minus_DOFA_configuration,entropy,average_precision,0.004381019602097084,-0.023654211603418022,0.027582680560662053,1000,25,32,24,common-valid fixed32 images; paired group-bootstrap mean of per-image pixel metrics
cloudsen12__panopticon__full_finetune__mc_dropout__42,cloudsen12__dofa__full_finetune__mc_dropout__42,cloudsen12,Pan_configuration_minus_DOFA_configuration,entropy,risk_at_1,-0.013614576690051039,-0.03971278760054931,0.00545707525071519,1000,32,32,30,common-valid fixed32 images; paired group-bootstrap mean of per-image pixel metrics
cloudsen12__panopticon__full_finetune__mc_dropout__42,cloudsen12__dofa__full_finetune__mc_dropout__42,cloudsen12,Pan_configuration_minus_DOFA_configuration,entropy,risk_at_0.9,-0.015121494561366204,-0.0431086360732444,0.0037759992025041596,1000,32,32,30,common-valid fixed32 images; paired group-bootstrap mean of per-image pixel metrics
cloudsen12__panopticon__full_finetune__mc_dropout__42,cloudsen12__dofa__full_finetune__mc_dropout__42,cloudsen12,Pan_configuration_minus_DOFA_configuration,entropy,risk_at_0.8,-0.014519672004544015,-0.04393919291191781,0.005167337274875759,1000,32,32,30,common-valid fixed32 images; paired group-bootstrap mean of per-image pixel metrics
cloudsen12__panopticon__full_finetune__mc_dropout__42,cloudsen12__dofa__full_finetune__mc_dropout__42,cloudsen12,Pan_configuration_minus_DOFA_configuration,entropy,risk_at_0.5,-0.015212701291454103,-0.04506061445968259,0.0069149784048029295,1000,32,32,30,common-valid fixed32 images; paired group-bootstrap mean of per-image pixel metrics
cloudsen12__panopticon__full_finetune__mc_dropout__42,cloudsen12__dofa__full_finetune__mc_dropout__42,cloudsen12,Pan_configuration_minus_DOFA_configuration,expected_entropy,base_risk,-0.013614576690051039,-0.03971278760054931,0.00545707525071519,1000,32,32,30,common-valid fixed32 images; paired group-bootstrap mean of per-image pixel metrics
cloudsen12__panopticon__full_finetune__mc_dropout__42,cloudsen12__dofa__full_finetune__mc_dropout__42,cloudsen12,Pan_configuration_minus_DOFA_configuration,expected_entropy,aurc,-0.011985532515616886,-0.037073394998975946,0.008310686550346617,1000,32,32,30,common-valid fixed32 images; paired group-bootstrap mean of per-image pixel metrics
cloudsen12__panopticon__full_finetune__mc_dropout__42,cloudsen12__dofa__full_finetune__mc_dropout__42,cloudsen12,Pan_configuration_minus_DOFA_configuration,expected_entropy,auroc,0.016484567651201223,-0.0074806341431594685,0.043961173598896834,1000,25,32,24,common-valid fixed32 images; paired group-bootstrap mean of per-image pixel metrics
cloudsen12__panopticon__full_finetune__mc_dropout__42,cloudsen12__dofa__full_finetune__mc_dropout__42,cloudsen12,Pan_configuration_minus_DOFA_configuration,expected_entropy,average_precision,0.0036349486308653225,-0.025619940784112248,0.02700175561731116,1000,25,32,24,common-valid fixed32 images; paired group-bootstrap mean of per-image pixel metrics
cloudsen12__panopticon__full_finetune__mc_dropout__42,cloudsen12__dofa__full_finetune__mc_dropout__42,cloudsen12,Pan_configuration_minus_DOFA_configuration,expected_entropy,risk_at_1,-0.013614576690051039,-0.03971278760054931,0.00545707525071519,1000,32,32,30,common-valid fixed32 images; paired group-bootstrap mean of per-image pixel metrics
cloudsen12__panopticon__full_finetune__mc_dropout__42,cloudsen12__dofa__full_finetune__mc_dropout__42,cloudsen12,Pan_configuration_minus_DOFA_configuration,expected_entropy,risk_at_0.9,-0.015126753826530618,-0.043210533108047504,0.0037329905347708355,1000,32,32,30,common-valid fixed32 images; paired group-bootstrap mean of per-image pixel metrics
cloudsen12__panopticon__full_finetune__mc_dropout__42,cloudsen12__dofa__full_finetune__mc_dropout__42,cloudsen12,Pan_configuration_minus_DOFA_configuration,expected_entropy,risk_at_0.8,-0.01431850511200573,-0.04391042175238174,0.005370673095287925,1000,32,32,30,common-valid fixed32 images; paired group-bootstrap mean of per-image pixel metrics
cloudsen12__panopticon__full_finetune__mc_dropout__42,cloudsen12__dofa__full_finetune__mc_dropout__42,cloudsen12,Pan_configuration_minus_DOFA_configuration,expected_entropy,risk_at_0.5,-0.015093122209821438,-0.04521439372119817,0.007309146803252529,1000,32,32,30,common-valid fixed32 images; paired group-bootstrap mean of per-image pixel metrics
cloudsen12__panopticon__full_finetune__mc_dropout__42,cloudsen12__dofa__full_finetune__mc_dropout__42,cloudsen12,Pan_configuration_minus_DOFA_configuration,gini_disagreement,base_risk,-0.013614576690051039,-0.03971278760054931,0.00545707525071519,1000,32,32,30,common-valid fixed32 images; paired group-bootstrap mean of per-image pixel metrics
cloudsen12__panopticon__full_finetune__mc_dropout__42,cloudsen12__dofa__full_finetune__mc_dropout__42,cloudsen12,Pan_configuration_minus_DOFA_configuration,gini_disagreement,aurc,-0.017999670984629856,-0.03997583818520066,-0.0012735400029627042,1000,32,32,30,common-valid fixed32 images; paired group-bootstrap mean of per-image pixel metrics
cloudsen12__panopticon__full_finetune__mc_dropout__42,cloudsen12__dofa__full_finetune__mc_dropout__42,cloudsen12,Pan_configuration_minus_DOFA_configuration,gini_disagreement,auroc,0.01993848110902503,-0.005501511699499121,0.05274255354782861,1000,25,32,24,common-valid fixed32 images; paired group-bootstrap mean of per-image pixel metrics
cloudsen12__panopticon__full_finetune__mc_dropout__42,cloudsen12__dofa__full_finetune__mc_dropout__42,cloudsen12,Pan_configuration_minus_DOFA_configuration,gini_disagreement,average_precision,-0.015983294795486477,-0.05335621595431812,0.018562063344354743,1000,25,32,24,common-valid fixed32 images; paired group-bootstrap mean of per-image pixel metrics
cloudsen12__panopticon__full_finetune__mc_dropout__42,cloudsen12__dofa__full_finetune__mc_dropout__42,cloudsen12,Pan_configuration_minus_DOFA_configuration,gini_disagreement,risk_at_1,-0.013614576690051039,-0.03971278760054931,0.00545707525071519,1000,32,32,30,common-valid fixed32 images; paired group-bootstrap mean of per-image pixel metrics
cloudsen12__panopticon__full_finetune__mc_dropout__42,cloudsen12__dofa__full_finetune__mc_dropout__42,cloudsen12,Pan_configuration_minus_DOFA_configuration,gini_disagreement,risk_at_0.9,-0.014975342350481861,-0.043376578333156196,0.005270126573815011,1000,32,32,30,common-valid fixed32 images; paired group-bootstrap mean of per-image pixel metrics
cloudsen12__panopticon__full_finetune__mc_dropout__42,cloudsen12__dofa__full_finetune__mc_dropout__42,cloudsen12,Pan_configuration_minus_DOFA_configuration,gini_disagreement,risk_at_0.8,-0.013424620336415827,-0.04141973378706954,0.006280233422104175,1000,32,32,30,common-valid fixed32 images; paired group-bootstrap mean of per-image pixel metrics
cloudsen12__panopticon__full_finetune__mc_dropout__42,cloudsen12__dofa__full_finetune__mc_dropout__42,cloudsen12,Pan_configuration_minus_DOFA_configuration,gini_disagreement,risk_at_0.5,-0.01659533442283163,-0.04360506286688062,0.001805946100030924,1000,32,32,30,common-valid fixed32 images; paired group-bootstrap mean of per-image pixel metrics
cloudsen12__panopticon__full_finetune__mc_dropout__42,cloudsen12__dofa__full_finetune__mc_dropout__42,cloudsen12,Pan_configuration_minus_DOFA_configuration,gini_expected,base_risk,-0.013614576690051039,-0.03971278760054931,0.00545707525071519,1000,32,32,30,common-valid fixed32 images; paired group-bootstrap mean of per-image pixel metrics
cloudsen12__panopticon__full_finetune__mc_dropout__42,cloudsen12__dofa__full_finetune__mc_dropout__42,cloudsen12,Pan_configuration_minus_DOFA_configuration,gini_expected,aurc,-0.012451852162543693,-0.03814717730628548,0.008026331869867483,1000,32,32,30,common-valid fixed32 images; paired group-bootstrap mean of per-image pixel metrics
cloudsen12__panopticon__full_finetune__mc_dropout__42,cloudsen12__dofa__full_finetune__mc_dropout__42,cloudsen12,Pan_configuration_minus_DOFA_configuration,gini_expected,auroc,0.017561181151145057,-0.008602748680119524,0.04712083850372415,1000,25,32,24,common-valid fixed32 images; paired group-bootstrap mean of per-image pixel metrics
cloudsen12__panopticon__full_finetune__mc_dropout__42,cloudsen12__dofa__full_finetune__mc_dropout__42,cloudsen12,Pan_configuration_minus_DOFA_configuration,gini_expected,average_precision,0.006302275815816365,-0.019688067923076997,0.02896075462458128,1000,25,32,24,common-valid fixed32 images; paired group-bootstrap mean of per-image pixel metrics
cloudsen12__panopticon__full_finetune__mc_dropout__42,cloudsen12__dofa__full_finetune__mc_dropout__42,cloudsen12,Pan_configuration_minus_DOFA_configuration,gini_expected,risk_at_1,-0.013614576690051039,-0.03971278760054931,0.00545707525071519,1000,32,32,30,common-valid fixed32 images; paired group-bootstrap mean of per-image pixel metrics
cloudsen12__panopticon__full_finetune__mc_dropout__42,cloudsen12__dofa__full_finetune__mc_dropout__42,cloudsen12,Pan_configuration_minus_DOFA_configuration,gini_expected,risk_at_0.9,-0.015637594556051588,-0.0436448737406694,0.0036282403242638645,1000,32,32,30,common-valid fixed32 images; paired group-bootstrap mean of per-image pixel metrics
cloudsen12__panopticon__full_finetune__mc_dropout__42,cloudsen12__dofa__full_finetune__mc_dropout__42,cloudsen12,Pan_configuration_minus_DOFA_configuration,gini_expected,risk_at_0.8,-0.014810056102519138,-0.04514431719896308,0.005712509155273439,1000,32,32,30,common-valid fixed32 images; paired group-bootstrap mean of per-image pixel metrics
cloudsen12__panopticon__full_finetune__mc_dropout__42,cloudsen12__dofa__full_finetune__mc_dropout__42,cloudsen12,Pan_configuration_minus_DOFA_configuration,gini_expected,risk_at_0.5,-0.015206473214285723,-0.04624242558666613,0.008004552195967154,1000,32,32,30,common-valid fixed32 images; paired group-bootstrap mean of per-image pixel metrics
cloudsen12__panopticon__full_finetune__mc_dropout__42,cloudsen12__dofa__full_finetune__mc_dropout__42,cloudsen12,Pan_configuration_minus_DOFA_configuration,gini_total,base_risk,-0.013614576690051039,-0.03971278760054931,0.00545707525071519,1000,32,32,30,common-valid fixed32 images; paired group-bootstrap mean of per-image pixel metrics
cloudsen12__panopticon__full_finetune__mc_dropout__42,cloudsen12__dofa__full_finetune__mc_dropout__42,cloudsen12,Pan_configuration_minus_DOFA_configuration,gini_total,aurc,-0.01255945323929926,-0.0382073168661091,0.007582195421796467,1000,32,32,30,common-valid fixed32 images; paired group-bootstrap mean of per-image pixel metrics
cloudsen12__panopticon__full_finetune__mc_dropout__42,cloudsen12__dofa__full_finetune__mc_dropout__42,cloudsen12,Pan_configuration_minus_DOFA_configuration,gini_total,auroc,0.017932089346600667,-0.00786674029725844,0.04722116606316905,1000,25,32,24,common-valid fixed32 images; paired group-bootstrap mean of per-image pixel metrics
cloudsen12__panopticon__full_finetune__mc_dropout__42,cloudsen12__dofa__full_finetune__mc_dropout__42,cloudsen12,Pan_configuration_minus_DOFA_configuration,gini_total,average_precision,0.0066555227127940994,-0.01870877587185759,0.02872143430472589,1000,25,32,24,common-valid fixed32 images; paired group-bootstrap mean of per-image pixel metrics
cloudsen12__panopticon__full_finetune__mc_dropout__42,cloudsen12__dofa__full_finetune__mc_dropout__42,cloudsen12,Pan_configuration_minus_DOFA_configuration,gini_total,risk_at_1,-0.013614576690051039,-0.03971278760054931,0.00545707525071519,1000,32,32,30,common-valid fixed32 images; paired group-bootstrap mean of per-image pixel metrics
cloudsen12__panopticon__full_finetune__mc_dropout__42,cloudsen12__dofa__full_finetune__mc_dropout__42,cloudsen12,Pan_configuration_minus_DOFA_configuration,gini_total,risk_at_0.9,-0.015669703753897396,-0.043673973036060035,0.0036111941225353676,1000,32,32,30,common-valid fixed32 images; paired group-bootstrap mean of per-image pixel metrics
cloudsen12__panopticon__full_finetune__mc_dropout__42,cloudsen12__dofa__full_finetune__mc_dropout__42,cloudsen12,Pan_configuration_minus_DOFA_configuration,gini_total,risk_at_0.8,-0.015048902861926016,-0.045467259864046865,0.005587764662139266,1000,32,32,30,common-valid fixed32 images; paired group-bootstrap mean of per-image pixel metrics
cloudsen12__panopticon__full_finetune__mc_dropout__42,cloudsen12__dofa__full_finetune__mc_dropout__42,cloudsen12,Pan_configuration_minus_DOFA_configuration,gini_total,risk_at_0.5,-0.01528992944834184,-0.04623092942680474,0.007805579285158646,1000,32,32,30,common-valid fixed32 images; paired group-bootstrap mean of per-image pixel metrics
cloudsen12__panopticon__full_finetune__mc_dropout__42,cloudsen12__dofa__full_finetune__mc_dropout__42,cloudsen12,Pan_configuration_minus_DOFA_configuration,msp,base_risk,-0.013614576690051039,-0.03971278760054931,0.00545707525071519,1000,32,32,30,common-valid fixed32 images; paired group-bootstrap mean of per-image pixel metrics
cloudsen12__panopticon__full_finetune__mc_dropout__42,cloudsen12__dofa__full_finetune__mc_dropout__42,cloudsen12,Pan_configuration_minus_DOFA_configuration,msp,aurc,-0.012614905845439034,-0.03850577142082264,0.007841297541425587,1000,32,32,30,common-valid fixed32 images; paired group-bootstrap mean of per-image pixel metrics
cloudsen12__panopticon__full_finetune__mc_dropout__42,cloudsen12__dofa__full_finetune__mc_dropout__42,cloudsen12,Pan_configuration_minus_DOFA_configuration,msp,auroc,0.01818442771768033,-0.00864071059977623,0.04856160568906876,1000,25,32,24,common-valid fixed32 images; paired group-bootstrap mean of per-image pixel metrics
cloudsen12__panopticon__full_finetune__mc_dropout__42,cloudsen12__dofa__full_finetune__mc_dropout__42,cloudsen12,Pan_configuration_minus_DOFA_configuration,msp,average_precision,0.011240301372651338,-0.0129030131600287,0.033394274913704745,1000,25,32,24,common-valid fixed32 images; paired group-bootstrap mean of per-image pixel metrics
cloudsen12__panopticon__full_finetune__mc_dropout__42,cloudsen12__dofa__full_finetune__mc_dropout__42,cloudsen12,Pan_configuration_minus_DOFA_configuration,msp,risk_at_1,-0.013614576690051039,-0.03971278760054931,0.00545707525071519,1000,32,32,30,common-valid fixed32 images; paired group-bootstrap mean of per-image pixel metrics
cloudsen12__panopticon__full_finetune__mc_dropout__42,cloudsen12__dofa__full_finetune__mc_dropout__42,cloudsen12,Pan_configuration_minus_DOFA_configuration,msp,risk_at_0.9,-0.015917858028628117,-0.04452990341422434,0.003973565238911201,1000,32,32,30,common-valid fixed32 images; paired group-bootstrap mean of per-image pixel metrics
cloudsen12__panopticon__full_finetune__mc_dropout__42,cloudsen12__dofa__full_finetune__mc_dropout__42,cloudsen12,Pan_configuration_minus_DOFA_configuration,msp,risk_at_0.8,-0.015197442502391585,-0.045587269857998186,0.005700186055312567,1000,32,32,30,common-valid fixed32 images; paired group-bootstrap mean of per-image pixel metrics
cloudsen12__panopticon__full_finetune__mc_dropout__42,cloudsen12__dofa__full_finetune__mc_dropout__42,cloudsen12,Pan_configuration_minus_DOFA_configuration,msp,risk_at_0.5,-0.01526750837053573,-0.04637184315510479,0.007996842591351151,1000,32,32,30,common-valid fixed32 images; paired group-bootstrap mean of per-image pixel metrics
cloudsen12__panopticon__full_finetune__mc_dropout__42,cloudsen12__dofa__full_finetune__mc_dropout__42,cloudsen12,Pan_configuration_minus_DOFA_configuration,mutual_information,base_risk,-0.013614576690051039,-0.03971278760054931,0.00545707525071519,1000,32,32,30,common-valid fixed32 images; paired group-bootstrap mean of per-image pixel metrics
cloudsen12__panopticon__full_finetune__mc_dropout__42,cloudsen12__dofa__full_finetune__mc_dropout__42,cloudsen12,Pan_configuration_minus_DOFA_configuration,mutual_information,aurc,-0.01729309134365856,-0.0432559252560648,0.0017542241306425259,1000,32,32,30,common-valid fixed32 images; paired group-bootstrap mean of per-image pixel metrics
cloudsen12__panopticon__full_finetune__mc_dropout__42,cloudsen12__dofa__full_finetune__mc_dropout__42,cloudsen12,Pan_configuration_minus_DOFA_configuration,mutual_information,auroc,-0.009429295202158667,-0.061674271894359305,0.054329285668046304,1000,25,32,24,common-valid fixed32 images; paired group-bootstrap mean of per-image pixel metrics
cloudsen12__panopticon__full_finetune__mc_dropout__42,cloudsen12__dofa__full_finetune__mc_dropout__42,cloudsen12,Pan_configuration_minus_DOFA_configuration,mutual_information,average_precision,-0.03537763226264004,-0.0976193622544463,0.01580418802596478,1000,25,32,24,common-valid fixed32 images; paired group-bootstrap mean of per-image pixel metrics
cloudsen12__panopticon__full_finetune__mc_dropout__42,cloudsen12__dofa__full_finetune__mc_dropout__42,cloudsen12,Pan_configuration_minus_DOFA_configuration,mutual_information,risk_at_1,-0.013614576690051039,-0.03971278760054931,0.00545707525071519,1000,32,32,30,common-valid fixed32 images; paired group-bootstrap mean of per-image pixel metrics
cloudsen12__panopticon__full_finetune__mc_dropout__42,cloudsen12__dofa__full_finetune__mc_dropout__42,cloudsen12,Pan_configuration_minus_DOFA_configuration,mutual_information,risk_at_0.9,-0.011774802694515304,-0.03803212322255291,0.007635213862020504,1000,32,32,30,common-valid fixed32 images; paired group-bootstrap mean of per-image pixel metrics
cloudsen12__panopticon__full_finetune__mc_dropout__42,cloudsen12__dofa__full_finetune__mc_dropout__42,cloudsen12,Pan_configuration_minus_DOFA_configuration,mutual_information,risk_at_0.8,-0.008009930046237235,-0.032400584058696724,0.01067621476080667,1000,32,32,30,common-valid fixed32 images; paired group-bootstrap mean of per-image pixel metrics
cloudsen12__panopticon__full_finetune__mc_dropout__42,cloudsen12__dofa__full_finetune__mc_dropout__42,cloudsen12,Pan_configuration_minus_DOFA_configuration,mutual_information,risk_at_0.5,-0.010150520169005108,-0.03124162022262284,0.007110471141581623,1000,32,32,30,common-valid fixed32 images; paired group-bootstrap mean of per-image pixel metrics
cloudsen12__panopticon__full_finetune__mc_dropout__42,cloudsen12__dofa__full_finetune__mc_dropout__42,cloudsen12,Pan_configuration_minus_DOFA_configuration,negative_margin,base_risk,-0.013614576690051039,-0.03971278760054931,0.00545707525071519,1000,32,32,30,common-valid fixed32 images; paired group-bootstrap mean of per-image pixel metrics
cloudsen12__panopticon__full_finetune__mc_dropout__42,cloudsen12__dofa__full_finetune__mc_dropout__42,cloudsen12,Pan_configuration_minus_DOFA_configuration,negative_margin,aurc,-0.012436728659770241,-0.03889988513410866,0.008830160119140791,1000,32,32,30,common-valid fixed32 images; paired group-bootstrap mean of per-image pixel metrics
cloudsen12__panopticon__full_finetune__mc_dropout__42,cloudsen12__dofa__full_finetune__mc_dropout__42,cloudsen12,Pan_configuration_minus_DOFA_configuration,negative_margin,auroc,0.01753430667863932,-0.01091027829825726,0.049177824557044586,1000,25,32,24,common-valid fixed32 images; paired group-bootstrap mean of per-image pixel metrics
cloudsen12__panopticon__full_finetune__mc_dropout__42,cloudsen12__dofa__full_finetune__mc_dropout__42,cloudsen12,Pan_configuration_minus_DOFA_configuration,negative_margin,average_precision,0.012177456025055784,-0.009831979641108822,0.03199859607994389,1000,25,32,24,common-valid fixed32 images; paired group-bootstrap mean of per-image pixel metrics
cloudsen12__panopticon__full_finetune__mc_dropout__42,cloudsen12__dofa__full_finetune__mc_dropout__42,cloudsen12,Pan_configuration_minus_DOFA_configuration,negative_margin,risk_at_1,-0.013614576690051039,-0.03971278760054931,0.00545707525071519,1000,32,32,30,common-valid fixed32 images; paired group-bootstrap mean of per-image pixel metrics
cloudsen12__panopticon__full_finetune__mc_dropout__42,cloudsen12__dofa__full_finetune__mc_dropout__42,cloudsen12,Pan_configuration_minus_DOFA_configuration,negative_margin,risk_at_0.9,-0.015588738750708606,-0.0444901587337953,0.004508646994966116,1000,32,32,30,common-valid fixed32 images; paired group-bootstrap mean of per-image pixel metrics
cloudsen12__panopticon__full_finetune__mc_dropout__42,cloudsen12__dofa__full_finetune__mc_dropout__42,cloudsen12,Pan_configuration_minus_DOFA_configuration,negative_margin,risk_at_0.8,-0.01497945980149873,-0.04500611476634506,0.006245478038516531,1000,32,32,30,common-valid fixed32 images; paired group-bootstrap mean of per-image pixel metrics
cloudsen12__panopticon__full_finetune__mc_dropout__42,cloudsen12__dofa__full_finetune__mc_dropout__42,cloudsen12,Pan_configuration_minus_DOFA_configuration,negative_margin,risk_at_0.5,-0.015250069754464296,-0.04653644976135618,0.008514820445667598,1000,32,32,30,common-valid fixed32 images; paired group-bootstrap mean of per-image pixel metrics
spacenet7__dofa__frozen__mc_dropout__42,spacenet7__dofa__frozen__mc_dropout_off__42,spacenet7,MC_minus_Off,entropy,base_risk,4.35965401784989e-06,-2.6964856002900644e-05,3.114038584182489e-05,1000,32,32,10,common-valid fixed32 images; paired group-bootstrap mean of per-image pixel metrics
spacenet7__dofa__frozen__mc_dropout__42,spacenet7__dofa__frozen__mc_dropout_off__42,spacenet7,MC_minus_Off,entropy,aurc,8.969769921377128e-06,-0.00016063485367606185,0.0001526294633858025,1000,32,32,10,common-valid fixed32 images; paired group-bootstrap mean of per-image pixel metrics
spacenet7__dofa__frozen__mc_dropout__42,spacenet7__dofa__frozen__mc_dropout_off__42,spacenet7,MC_minus_Off,entropy,auroc,-0.001579842794899755,-0.00718956468627778,0.0017677203958833241,1000,29,32,10,common-valid fixed32 images; paired group-bootstrap mean of per-image pixel metrics
spacenet7__dofa__frozen__mc_dropout__42,spacenet7__dofa__frozen__mc_dropout_off__42,spacenet7,MC_minus_Off,entropy,average_precision,-0.00018737007683540595,-0.0014962717234525413,0.001291490548123828,1000,29,32,10,common-valid fixed32 images; paired group-bootstrap mean of per-image pixel metrics
spacenet7__dofa__frozen__mc_dropout__42,spacenet7__dofa__frozen__mc_dropout_off__42,spacenet7,MC_minus_Off,entropy,risk_at_1,4.35965401784989e-06,-2.6964856002900644e-05,3.114038584182489e-05,1000,32,32,10,common-valid fixed32 images; paired group-bootstrap mean of per-image pixel metrics
spacenet7__dofa__frozen__mc_dropout__42,spacenet7__dofa__frozen__mc_dropout_off__42,spacenet7,MC_minus_Off,entropy,risk_at_0.9,-2.768034297046563e-06,-2.2318265103653794e-05,1.3704415685552479e-05,1000,32,32,10,common-valid fixed32 images; paired group-bootstrap mean of per-image pixel metrics
spacenet7__dofa__frozen__mc_dropout__42,spacenet7__dofa__frozen__mc_dropout_off__42,spacenet7,MC_minus_Off,entropy,risk_at_0.8,-9.030711894140747e-06,-5.7094796518289916e-05,3.363698574122236e-05,1000,32,32,10,common-valid fixed32 images; paired group-bootstrap mean of per-image pixel metrics
spacenet7__dofa__frozen__mc_dropout__42,spacenet7__dofa__frozen__mc_dropout_off__42,spacenet7,MC_minus_Off,entropy,risk_at_0.5,-6.228077168363388e-06,-9.964923469386144e-05,8.523081303445695e-05,1000,32,32,10,common-valid fixed32 images; paired group-bootstrap mean of per-image pixel metrics
spacenet7__dofa__frozen__mc_dropout__42,spacenet7__dofa__frozen__mc_dropout_off__42,spacenet7,MC_minus_Off,gini_total,base_risk,4.35965401784989e-06,-2.6964856002900644e-05,3.114038584182489e-05,1000,32,32,10,common-valid fixed32 images; paired group-bootstrap mean of per-image pixel metrics
spacenet7__dofa__frozen__mc_dropout__42,spacenet7__dofa__frozen__mc_dropout_off__42,spacenet7,MC_minus_Off,gini_total,aurc,-3.8733560528349014e-05,-0.00020448954888520766,8.421576516283665e-05,1000,32,32,10,common-valid fixed32 images; paired group-bootstrap mean of per-image pixel metrics
spacenet7__dofa__frozen__mc_dropout__42,spacenet7__dofa__frozen__mc_dropout_off__42,spacenet7,MC_minus_Off,gini_total,auroc,-0.0015867048787130335,-0.007220550131856518,0.0017691787999045978,1000,29,32,10,common-valid fixed32 images; paired group-bootstrap mean of per-image pixel metrics
spacenet7__dofa__frozen__mc_dropout__42,spacenet7__dofa__frozen__mc_dropout_off__42,spacenet7,MC_minus_Off,gini_total,average_precision,-0.00018780909749657976,-0.0014965527494049428,0.0012910019869441247,1000,29,32,10,common-valid fixed32 images; paired group-bootstrap mean of per-image pixel metrics
spacenet7__dofa__frozen__mc_dropout__42,spacenet7__dofa__frozen__mc_dropout_off__42,spacenet7,MC_minus_Off,gini_total,risk_at_1,4.35965401784989e-06,-2.6964856002900644e-05,3.114038584182489e-05,1000,32,32,10,common-valid fixed32 images; paired group-bootstrap mean of per-image pixel metrics
spacenet7__dofa__frozen__mc_dropout__42,spacenet7__dofa__frozen__mc_dropout_off__42,spacenet7,MC_minus_Off,gini_total,risk_at_0.9,-2.768034297046563e-06,-2.2318265103653794e-05,1.3704415685552479e-05,1000,32,32,10,common-valid fixed32 images; paired group-bootstrap mean of per-image pixel metrics
spacenet7__dofa__frozen__mc_dropout__42,spacenet7__dofa__frozen__mc_dropout_off__42,spacenet7,MC_minus_Off,gini_total,risk_at_0.8,-9.030711894140747e-06,-5.7094796518289916e-05,3.363698574122236e-05,1000,32,32,10,common-valid fixed32 images; paired group-bootstrap mean of per-image pixel metrics
spacenet7__dofa__frozen__mc_dropout__42,spacenet7__dofa__frozen__mc_dropout_off__42,spacenet7,MC_minus_Off,gini_total,risk_at_0.5,-6.228077168363388e-06,-9.964923469386144e-05,8.523081303445695e-05,1000,32,32,10,common-valid fixed32 images; paired group-bootstrap mean of per-image pixel metrics
spacenet7__dofa__frozen__mc_dropout__42,spacenet7__dofa__frozen__mc_dropout_off__42,spacenet7,MC_minus_Off,msp,base_risk,4.35965401784989e-06,-2.6964856002900644e-05,3.114038584182489e-05,1000,32,32,10,common-valid fixed32 images; paired group-bootstrap mean of per-image pixel metrics
spacenet7__dofa__frozen__mc_dropout__42,spacenet7__dofa__frozen__mc_dropout_off__42,spacenet7,MC_minus_Off,msp,aurc,-2.608671370408644e-05,-0.00018512430545655786,9.44378506001557e-05,1000,32,32,10,common-valid fixed32 images; paired group-bootstrap mean of per-image pixel metrics
spacenet7__dofa__frozen__mc_dropout__42,spacenet7__dofa__frozen__mc_dropout_off__42,spacenet7,MC_minus_Off,msp,auroc,-0.0015820259696353149,-0.007203827031862204,0.0017693279458201503,1000,29,32,10,common-valid fixed32 images; paired group-bootstrap mean of per-image pixel metrics
spacenet7__dofa__frozen__mc_dropout__42,spacenet7__dofa__frozen__mc_dropout_off__42,spacenet7,MC_minus_Off,msp,average_precision,-0.00017243925158756166,-0.0014660253095108897,0.0012951499618008711,1000,29,32,10,common-valid fixed32 images; paired group-bootstrap mean of per-image pixel metrics
spacenet7__dofa__frozen__mc_dropout__42,spacenet7__dofa__frozen__mc_dropout_off__42,spacenet7,MC_minus_Off,msp,risk_at_1,4.35965401784989e-06,-2.6964856002900644e-05,3.114038584182489e-05,1000,32,32,10,common-valid fixed32 images; paired group-bootstrap mean of per-image pixel metrics
spacenet7__dofa__frozen__mc_dropout__42,spacenet7__dofa__frozen__mc_dropout_off__42,spacenet7,MC_minus_Off,msp,risk_at_0.9,-2.768034297046563e-06,-2.2318265103653794e-05,1.3704415685552479e-05,1000,32,32,10,common-valid fixed32 images; paired group-bootstrap mean of per-image pixel metrics
spacenet7__dofa__frozen__mc_dropout__42,spacenet7__dofa__frozen__mc_dropout_off__42,spacenet7,MC_minus_Off,msp,risk_at_0.8,-9.030711894140747e-06,-5.7094796518289916e-05,3.363698574122236e-05,1000,32,32,10,common-valid fixed32 images; paired group-bootstrap mean of per-image pixel metrics
spacenet7__dofa__frozen__mc_dropout__42,spacenet7__dofa__frozen__mc_dropout_off__42,spacenet7,MC_minus_Off,msp,risk_at_0.5,-6.228077168363388e-06,-9.964923469386144e-05,8.523081303445695e-05,1000,32,32,10,common-valid fixed32 images; paired group-bootstrap mean of per-image pixel metrics
spacenet7__dofa__frozen__mc_dropout__42,spacenet7__dofa__frozen__mc_dropout_off__42,spacenet7,MC_minus_Off,negative_margin,base_risk,4.35965401784989e-06,-2.6964856002900644e-05,3.114038584182489e-05,1000,32,32,10,common-valid fixed32 images; paired group-bootstrap mean of per-image pixel metrics
spacenet7__dofa__frozen__mc_dropout__42,spacenet7__dofa__frozen__mc_dropout_off__42,spacenet7,MC_minus_Off,negative_margin,aurc,-2.118429682462802e-05,-0.00017622299726802884,9.381559459920066e-05,1000,32,32,10,common-valid fixed32 images; paired group-bootstrap mean of per-image pixel metrics
spacenet7__dofa__frozen__mc_dropout__42,spacenet7__dofa__frozen__mc_dropout_off__42,spacenet7,MC_minus_Off,negative_margin,auroc,-0.0015789293731800107,-0.007188592138773488,0.0017684774877425812,1000,29,32,10,common-valid fixed32 images; paired group-bootstrap mean of per-image pixel metrics
spacenet7__dofa__frozen__mc_dropout__42,spacenet7__dofa__frozen__mc_dropout_off__42,spacenet7,MC_minus_Off,negative_margin,average_precision,-0.00017502331821367132,-0.0014663448251241197,0.0012922644882740301,1000,29,32,10,common-valid fixed32 images; paired group-bootstrap mean of per-image pixel metrics
spacenet7__dofa__frozen__mc_dropout__42,spacenet7__dofa__frozen__mc_dropout_off__42,spacenet7,MC_minus_Off,negative_margin,risk_at_1,4.35965401784989e-06,-2.6964856002900644e-05,3.114038584182489e-05,1000,32,32,10,common-valid fixed32 images; paired group-bootstrap mean of per-image pixel metrics
spacenet7__dofa__frozen__mc_dropout__42,spacenet7__dofa__frozen__mc_dropout_off__42,spacenet7,MC_minus_Off,negative_margin,risk_at_0.9,-2.768034297046563e-06,-2.2318265103653794e-05,1.3704415685552479e-05,1000,32,32,10,common-valid fixed32 images; paired group-bootstrap mean of per-image pixel metrics
spacenet7__dofa__frozen__mc_dropout__42,spacenet7__dofa__frozen__mc_dropout_off__42,spacenet7,MC_minus_Off,negative_margin,risk_at_0.8,-9.030711894140747e-06,-5.7094796518289916e-05,3.363698574122236e-05,1000,32,32,10,common-valid fixed32 images; paired group-bootstrap mean of per-image pixel metrics
spacenet7__dofa__frozen__mc_dropout__42,spacenet7__dofa__frozen__mc_dropout_off__42,spacenet7,MC_minus_Off,negative_margin,risk_at_0.5,-6.228077168363388e-06,-9.964923469386144e-05,8.523081303445695e-05,1000,32,32,10,common-valid fixed32 images; paired group-bootstrap mean of per-image pixel metrics
spacenet7__dofa__frozen__mc_dropout__42,spacenet7__dofa__frozen__deterministic__42,spacenet7,MC_minus_D,entropy,base_risk,0.0005013602120535705,-0.0009947863828204998,0.0027131263824354086,1000,32,32,10,common-valid fixed32 images; paired group-bootstrap mean of per-image pixel metrics
spacenet7__dofa__frozen__mc_dropout__42,spacenet7__dofa__frozen__deterministic__42,spacenet7,MC_minus_D,entropy,aurc,0.0013165503290734945,1.1646446647119387e-05,0.0031431992918014027,1000,32,32,10,common-valid fixed32 images; paired group-bootstrap mean of per-image pixel metrics
spacenet7__dofa__frozen__mc_dropout__42,spacenet7__dofa__frozen__deterministic__42,spacenet7,MC_minus_D,entropy,auroc,-0.02514231215765661,-0.05845451786185668,-0.005252000004463638,1000,29,32,10,common-valid fixed32 images; paired group-bootstrap mean of per-image pixel metrics
spacenet7__dofa__frozen__mc_dropout__42,spacenet7__dofa__frozen__deterministic__42,spacenet7,MC_minus_D,entropy,average_precision,-0.018641195948868847,-0.05458852800782588,0.002545513790492169,1000,29,32,10,common-valid fixed32 images; paired group-bootstrap mean of per-image pixel metrics
spacenet7__dofa__frozen__mc_dropout__42,spacenet7__dofa__frozen__deterministic__42,spacenet7,MC_minus_D,entropy,risk_at_1,0.0005013602120535705,-0.0009947863828204998,0.0027131263824354086,1000,32,32,10,common-valid fixed32 images; paired group-bootstrap mean of per-image pixel metrics
spacenet7__dofa__frozen__mc_dropout__42,spacenet7__dofa__frozen__deterministic__42,spacenet7,MC_minus_D,entropy,risk_at_0.9,0.0011162098302862824,-0.00026796851553122003,0.0033682364004629563,1000,32,32,10,common-valid fixed32 images; paired group-bootstrap mean of per-image pixel metrics
spacenet7__dofa__frozen__mc_dropout__42,spacenet7__dofa__frozen__deterministic__42,spacenet7,MC_minus_D,entropy,risk_at_0.8,0.0013281374561543262,6.657320201145847e-05,0.0032214069083663097,1000,32,32,10,common-valid fixed32 images; paired group-bootstrap mean of per-image pixel metrics
spacenet7__dofa__frozen__mc_dropout__42,spacenet7__dofa__frozen__deterministic__42,spacenet7,MC_minus_D,entropy,risk_at_0.5,0.0016130719866071458,0.0003167324701262132,0.0033451661914766038,1000,32,32,10,common-valid fixed32 images; paired group-bootstrap mean of per-image pixel metrics
spacenet7__dofa__frozen__mc_dropout__42,spacenet7__dofa__frozen__deterministic__42,spacenet7,MC_minus_D,gini_total,base_risk,0.0005013602120535705,-0.0009947863828204998,0.0027131263824354086,1000,32,32,10,common-valid fixed32 images; paired group-bootstrap mean of per-image pixel metrics
spacenet7__dofa__frozen__mc_dropout__42,spacenet7__dofa__frozen__deterministic__42,spacenet7,MC_minus_D,gini_total,aurc,0.0011958660429803448,3.6750140486322962e-06,0.002912802178855061,1000,32,32,10,common-valid fixed32 images; paired group-bootstrap mean of per-image pixel metrics
spacenet7__dofa__frozen__mc_dropout__42,spacenet7__dofa__frozen__deterministic__42,spacenet7,MC_minus_D,gini_total,auroc,-0.025127398051707783,-0.05844893054257823,-0.005227503391396171,1000,29,32,10,common-valid fixed32 images; paired group-bootstrap mean of per-image pixel metrics
spacenet7__dofa__frozen__mc_dropout__42,spacenet7__dofa__frozen__deterministic__42,spacenet7,MC_minus_D,gini_total,average_precision,-0.01863909295345882,-0.05458578001400595,0.0025562960246135642,1000,29,32,10,common-valid fixed32 images; paired group-bootstrap mean of per-image pixel metrics
spacenet7__dofa__frozen__mc_dropout__42,spacenet7__dofa__frozen__deterministic__42,spacenet7,MC_minus_D,gini_total,risk_at_1,0.0005013602120535705,-0.0009947863828204998,0.0027131263824354086,1000,32,32,10,common-valid fixed32 images; paired group-bootstrap mean of per-image pixel metrics
spacenet7__dofa__frozen__mc_dropout__42,spacenet7__dofa__frozen__deterministic__42,spacenet7,MC_minus_D,gini_total,risk_at_0.9,0.0011162098302862824,-0.00026796851553122003,0.0033682364004629563,1000,32,32,10,common-valid fixed32 images; paired group-bootstrap mean of per-image pixel metrics
spacenet7__dofa__frozen__mc_dropout__42,spacenet7__dofa__frozen__deterministic__42,spacenet7,MC_minus_D,gini_total,risk_at_0.8,0.0013281374561543262,6.657320201145847e-05,0.0032214069083663097,1000,32,32,10,common-valid fixed32 images; paired group-bootstrap mean of per-image pixel metrics
spacenet7__dofa__frozen__mc_dropout__42,spacenet7__dofa__frozen__deterministic__42,spacenet7,MC_minus_D,gini_total,risk_at_0.5,0.0016130719866071458,0.0003167324701262132,0.0033451661914766038,1000,32,32,10,common-valid fixed32 images; paired group-bootstrap mean of per-image pixel metrics
spacenet7__dofa__frozen__mc_dropout__42,spacenet7__dofa__frozen__deterministic__42,spacenet7,MC_minus_D,msp,base_risk,0.0005013602120535705,-0.0009947863828204998,0.0027131263824354086,1000,32,32,10,common-valid fixed32 images; paired group-bootstrap mean of per-image pixel metrics
spacenet7__dofa__frozen__mc_dropout__42,spacenet7__dofa__frozen__deterministic__42,spacenet7,MC_minus_D,msp,aurc,0.001242445393491874,1.0785686990364458e-05,0.0029745670901762953,1000,32,32,10,common-valid fixed32 images; paired group-bootstrap mean of per-image pixel metrics
spacenet7__dofa__frozen__mc_dropout__42,spacenet7__dofa__frozen__deterministic__42,spacenet7,MC_minus_D,msp,auroc,-0.025129706290999827,-0.058446463556881455,-0.005230938544337211,1000,29,32,10,common-valid fixed32 images; paired group-bootstrap mean of per-image pixel metrics
spacenet7__dofa__frozen__mc_dropout__42,spacenet7__dofa__frozen__deterministic__42,spacenet7,MC_minus_D,msp,average_precision,-0.01861864246806739,-0.05457977289875769,0.002559969843800368,1000,29,32,10,common-valid fixed32 images; paired group-bootstrap mean of per-image pixel metrics
spacenet7__dofa__frozen__mc_dropout__42,spacenet7__dofa__frozen__deterministic__42,spacenet7,MC_minus_D,msp,risk_at_1,0.0005013602120535705,-0.0009947863828204998,0.0027131263824354086,1000,32,32,10,common-valid fixed32 images; paired group-bootstrap mean of per-image pixel metrics
spacenet7__dofa__frozen__mc_dropout__42,spacenet7__dofa__frozen__deterministic__42,spacenet7,MC_minus_D,msp,risk_at_0.9,0.0011162098302862824,-0.00026796851553122003,0.0033682364004629563,1000,32,32,10,common-valid fixed32 images; paired group-bootstrap mean of per-image pixel metrics
spacenet7__dofa__frozen__mc_dropout__42,spacenet7__dofa__frozen__deterministic__42,spacenet7,MC_minus_D,msp,risk_at_0.8,0.0013281374561543262,6.657320201145847e-05,0.0032214069083663097,1000,32,32,10,common-valid fixed32 images; paired group-bootstrap mean of per-image pixel metrics
spacenet7__dofa__frozen__mc_dropout__42,spacenet7__dofa__frozen__deterministic__42,spacenet7,MC_minus_D,msp,risk_at_0.5,0.0016130719866071458,0.0003167324701262132,0.0033451661914766038,1000,32,32,10,common-valid fixed32 images; paired group-bootstrap mean of per-image pixel metrics
spacenet7__dofa__frozen__mc_dropout__42,spacenet7__dofa__frozen__deterministic__42,spacenet7,MC_minus_D,negative_margin,base_risk,0.0005013602120535705,-0.0009947863828204998,0.0027131263824354086,1000,32,32,10,common-valid fixed32 images; paired group-bootstrap mean of per-image pixel metrics
spacenet7__dofa__frozen__mc_dropout__42,spacenet7__dofa__frozen__deterministic__42,spacenet7,MC_minus_D,negative_margin,aurc,0.0012858034512492106,9.923106777597589e-06,0.0030694826967484503,1000,32,32,10,common-valid fixed32 images; paired group-bootstrap mean of per-image pixel metrics
spacenet7__dofa__frozen__mc_dropout__42,spacenet7__dofa__frozen__deterministic__42,spacenet7,MC_minus_D,negative_margin,auroc,-0.025141260367264273,-0.058453345030177684,-0.0052509760429709455,1000,29,32,10,common-valid fixed32 images; paired group-bootstrap mean of per-image pixel metrics
spacenet7__dofa__frozen__mc_dropout__42,spacenet7__dofa__frozen__deterministic__42,spacenet7,MC_minus_D,negative_margin,average_precision,-0.01862397233269469,-0.05458535202682722,0.0025482301021025975,1000,29,32,10,common-valid fixed32 images; paired group-bootstrap mean of per-image pixel metrics
spacenet7__dofa__frozen__mc_dropout__42,spacenet7__dofa__frozen__deterministic__42,spacenet7,MC_minus_D,negative_margin,risk_at_1,0.0005013602120535705,-0.0009947863828204998,0.0027131263824354086,1000,32,32,10,common-valid fixed32 images; paired group-bootstrap mean of per-image pixel metrics
spacenet7__dofa__frozen__mc_dropout__42,spacenet7__dofa__frozen__deterministic__42,spacenet7,MC_minus_D,negative_margin,risk_at_0.9,0.0011162098302862824,-0.00026796851553122003,0.0033682364004629563,1000,32,32,10,common-valid fixed32 images; paired group-bootstrap mean of per-image pixel metrics
spacenet7__dofa__frozen__mc_dropout__42,spacenet7__dofa__frozen__deterministic__42,spacenet7,MC_minus_D,negative_margin,risk_at_0.8,0.0013281374561543262,6.657320201145847e-05,0.0032214069083663097,1000,32,32,10,common-valid fixed32 images; paired group-bootstrap mean of per-image pixel metrics
spacenet7__dofa__frozen__mc_dropout__42,spacenet7__dofa__frozen__deterministic__42,spacenet7,MC_minus_D,negative_margin,risk_at_0.5,0.0016130719866071458,0.0003167324701262132,0.0033451661914766038,1000,32,32,10,common-valid fixed32 images; paired group-bootstrap mean of per-image pixel metrics
spacenet7__dofa__full_finetune__mc_dropout__42,spacenet7__dofa__full_finetune__mc_dropout_off__42,spacenet7,MC_minus_Off,entropy,base_risk,-9.964923469390829e-06,-1.812501114956339e-05,-2.3430130980994422e-06,1000,32,32,10,common-valid fixed32 images; paired group-bootstrap mean of per-image pixel metrics
spacenet7__dofa__full_finetune__mc_dropout__42,spacenet7__dofa__full_finetune__mc_dropout_off__42,spacenet7,MC_minus_Off,entropy,aurc,2.2326248422888878e-05,-2.91480611431667e-05,6.363662425073838e-05,1000,32,32,10,common-valid fixed32 images; paired group-bootstrap mean of per-image pixel metrics
spacenet7__dofa__full_finetune__mc_dropout__42,spacenet7__dofa__full_finetune__mc_dropout_off__42,spacenet7,MC_minus_Off,entropy,auroc,-0.001182173716547152,-0.00239049722564778,-0.0002785889988629685,1000,29,32,10,common-valid fixed32 images; paired group-bootstrap mean of per-image pixel metrics
spacenet7__dofa__full_finetune__mc_dropout__42,spacenet7__dofa__full_finetune__mc_dropout_off__42,spacenet7,MC_minus_Off,entropy,average_precision,0.0012419671623686156,-0.0005325220689592738,0.003159239632770803,1000,29,32,10,common-valid fixed32 images; paired group-bootstrap mean of per-image pixel metrics
spacenet7__dofa__full_finetune__mc_dropout__42,spacenet7__dofa__full_finetune__mc_dropout_off__42,spacenet7,MC_minus_Off,entropy,risk_at_1,-9.964923469390829e-06,-1.812501114956339e-05,-2.3430130980994422e-06,1000,32,32,10,common-valid fixed32 images; paired group-bootstrap mean of per-image pixel metrics
spacenet7__dofa__full_finetune__mc_dropout__42,spacenet7__dofa__full_finetune__mc_dropout_off__42,spacenet7,MC_minus_Off,entropy,risk_at_0.9,2.0760257227799276e-06,-1.4764269089064302e-05,1.8271003527880724e-05,1000,32,32,10,common-valid fixed32 images; paired group-bootstrap mean of per-image pixel metrics
spacenet7__dofa__full_finetune__mc_dropout__42,spacenet7__dofa__full_finetune__mc_dropout_off__42,spacenet7,MC_minus_Off,entropy,risk_at_0.8,1.2923260124364975e-05,1.5761222178612727e-06,2.4380141722585982e-05,1000,32,32,10,common-valid fixed32 images; paired group-bootstrap mean of per-image pixel metrics
spacenet7__dofa__full_finetune__mc_dropout__42,spacenet7__dofa__full_finetune__mc_dropout_off__42,spacenet7,MC_minus_Off,entropy,risk_at_0.5,5.4807079081624406e-05,2.65127357760365e-06,0.00011823897123504068,1000,32,32,10,common-valid fixed32 images; paired group-bootstrap mean of per-image pixel metrics
spacenet7__dofa__full_finetune__mc_dropout__42,spacenet7__dofa__full_finetune__mc_dropout_off__42,spacenet7,MC_minus_Off,gini_total,base_risk,-9.964923469390829e-06,-1.812501114956339e-05,-2.3430130980994422e-06,1000,32,32,10,common-valid fixed32 images; paired group-bootstrap mean of per-image pixel metrics
spacenet7__dofa__full_finetune__mc_dropout__42,spacenet7__dofa__full_finetune__mc_dropout_off__42,spacenet7,MC_minus_Off,gini_total,aurc,-0.00010015472611232282,-0.0003535229289783597,4.969152917032226e-05,1000,32,32,10,common-valid fixed32 images; paired group-bootstrap mean of per-image pixel metrics
spacenet7__dofa__full_finetune__mc_dropout__42,spacenet7__dofa__full_finetune__mc_dropout_off__42,spacenet7,MC_minus_Off,gini_total,auroc,-0.0011680388190705676,-0.0023778455001649515,-0.0002613561071255684,1000,29,32,10,common-valid fixed32 images; paired group-bootstrap mean of per-image pixel metrics
spacenet7__dofa__full_finetune__mc_dropout__42,spacenet7__dofa__full_finetune__mc_dropout_off__42,spacenet7,MC_minus_Off,gini_total,average_precision,0.0012469257369059667,-0.0005255049921070033,0.0031636682500267767,1000,29,32,10,common-valid fixed32 images; paired group-bootstrap mean of per-image pixel metrics
spacenet7__dofa__full_finetune__mc_dropout__42,spacenet7__dofa__full_finetune__mc_dropout_off__42,spacenet7,MC_minus_Off,gini_total,risk_at_1,-9.964923469390829e-06,-1.812501114956339e-05,-2.3430130980994422e-06,1000,32,32,10,common-valid fixed32 images; paired group-bootstrap mean of per-image pixel metrics
spacenet7__dofa__full_finetune__mc_dropout__42,spacenet7__dofa__full_finetune__mc_dropout_off__42,spacenet7,MC_minus_Off,gini_total,risk_at_0.9,2.0760257227799276e-06,-1.4764269089064302e-05,1.8271003527880724e-05,1000,32,32,10,common-valid fixed32 images; paired group-bootstrap mean of per-image pixel metrics
spacenet7__dofa__full_finetune__mc_dropout__42,spacenet7__dofa__full_finetune__mc_dropout_off__42,spacenet7,MC_minus_Off,gini_total,risk_at_0.8,1.2923260124364975e-05,1.5761222178612727e-06,2.4380141722585982e-05,1000,32,32,10,common-valid fixed32 images; paired group-bootstrap mean of per-image pixel metrics
spacenet7__dofa__full_finetune__mc_dropout__42,spacenet7__dofa__full_finetune__mc_dropout_off__42,spacenet7,MC_minus_Off,gini_total,risk_at_0.5,5.356146364795252e-05,1.1776727736434655e-06,0.00011744400623133253,1000,32,32,10,common-valid fixed32 images; paired group-bootstrap mean of per-image pixel metrics
spacenet7__dofa__full_finetune__mc_dropout__42,spacenet7__dofa__full_finetune__mc_dropout_off__42,spacenet7,MC_minus_Off,msp,base_risk,-9.964923469390829e-06,-1.812501114956339e-05,-2.3430130980994422e-06,1000,32,32,10,common-valid fixed32 images; paired group-bootstrap mean of per-image pixel metrics
spacenet7__dofa__full_finetune__mc_dropout__42,spacenet7__dofa__full_finetune__mc_dropout_off__42,spacenet7,MC_minus_Off,msp,aurc,-3.5702306298609406e-05,-0.0001764721268669029,5.620249396177029e-05,1000,32,32,10,common-valid fixed32 images; paired group-bootstrap mean of per-image pixel metrics
spacenet7__dofa__full_finetune__mc_dropout__42,spacenet7__dofa__full_finetune__mc_dropout_off__42,spacenet7,MC_minus_Off,msp,auroc,-0.0011748522770278567,-0.0023834808760927616,-0.0002681763188772222,1000,29,32,10,common-valid fixed32 images; paired group-bootstrap mean of per-image pixel metrics
spacenet7__dofa__full_finetune__mc_dropout__42,spacenet7__dofa__full_finetune__mc_dropout_off__42,spacenet7,MC_minus_Off,msp,average_precision,0.0012436378443599397,-0.0005200401817927291,0.003166327585595777,1000,29,32,10,common-valid fixed32 images; paired group-bootstrap mean of per-image pixel metrics
spacenet7__dofa__full_finetune__mc_dropout__42,spacenet7__dofa__full_finetune__mc_dropout_off__42,spacenet7,MC_minus_Off,msp,risk_at_1,-9.964923469390829e-06,-1.812501114956339e-05,-2.3430130980994422e-06,1000,32,32,10,common-valid fixed32 images; paired group-bootstrap mean of per-image pixel metrics
spacenet7__dofa__full_finetune__mc_dropout__42,spacenet7__dofa__full_finetune__mc_dropout_off__42,spacenet7,MC_minus_Off,msp,risk_at_0.9,2.0760257227799276e-06,-1.4764269089064302e-05,1.8271003527880724e-05,1000,32,32,10,common-valid fixed32 images; paired group-bootstrap mean of per-image pixel metrics
spacenet7__dofa__full_finetune__mc_dropout__42,spacenet7__dofa__full_finetune__mc_dropout_off__42,spacenet7,MC_minus_Off,msp,risk_at_0.8,1.2923260124364975e-05,1.5761222178612727e-06,2.4380141722585982e-05,1000,32,32,10,common-valid fixed32 images; paired group-bootstrap mean of per-image pixel metrics
spacenet7__dofa__full_finetune__mc_dropout__42,spacenet7__dofa__full_finetune__mc_dropout_off__42,spacenet7,MC_minus_Off,msp,risk_at_0.5,5.418427136478684e-05,1.9884551831995464e-06,0.00011755173513370275,1000,32,32,10,common-valid fixed32 images; paired group-bootstrap mean of per-image pixel metrics
spacenet7__dofa__full_finetune__mc_dropout__42,spacenet7__dofa__full_finetune__mc_dropout_off__42,spacenet7,MC_minus_Off,negative_margin,base_risk,-9.964923469390829e-06,-1.812501114956339e-05,-2.3430130980994422e-06,1000,32,32,10,common-valid fixed32 images; paired group-bootstrap mean of per-image pixel metrics
spacenet7__dofa__full_finetune__mc_dropout__42,spacenet7__dofa__full_finetune__mc_dropout_off__42,spacenet7,MC_minus_Off,negative_margin,aurc,2.4361546328255055e-05,-2.7152769058832083e-05,6.415458855655883e-05,1000,32,32,10,common-valid fixed32 images; paired group-bootstrap mean of per-image pixel metrics
spacenet7__dofa__full_finetune__mc_dropout__42,spacenet7__dofa__full_finetune__mc_dropout_off__42,spacenet7,MC_minus_Off,negative_margin,auroc,-0.0011821866113417405,-0.002390505776884584,-0.000278615531447879,1000,29,32,10,common-valid fixed32 images; paired group-bootstrap mean of per-image pixel metrics
spacenet7__dofa__full_finetune__mc_dropout__42,spacenet7__dofa__full_finetune__mc_dropout_off__42,spacenet7,MC_minus_Off,negative_margin,average_precision,0.0012402833662493538,-0.0005297055970413972,0.00316076844550411,1000,29,32,10,common-valid fixed32 images; paired group-bootstrap mean of per-image pixel metrics
spacenet7__dofa__full_finetune__mc_dropout__42,spacenet7__dofa__full_finetune__mc_dropout_off__42,spacenet7,MC_minus_Off,negative_margin,risk_at_1,-9.964923469390829e-06,-1.812501114956339e-05,-2.3430130980994422e-06,1000,32,32,10,common-valid fixed32 images; paired group-bootstrap mean of per-image pixel metrics
spacenet7__dofa__full_finetune__mc_dropout__42,spacenet7__dofa__full_finetune__mc_dropout_off__42,spacenet7,MC_minus_Off,negative_margin,risk_at_0.9,2.0760257227799276e-06,-1.4764269089064302e-05,1.8271003527880724e-05,1000,32,32,10,common-valid fixed32 images; paired group-bootstrap mean of per-image pixel metrics
spacenet7__dofa__full_finetune__mc_dropout__42,spacenet7__dofa__full_finetune__mc_dropout_off__42,spacenet7,MC_minus_Off,negative_margin,risk_at_0.8,1.2923260124364975e-05,1.5761222178612727e-06,2.4380141722585982e-05,1000,32,32,10,common-valid fixed32 images; paired group-bootstrap mean of per-image pixel metrics
spacenet7__dofa__full_finetune__mc_dropout__42,spacenet7__dofa__full_finetune__mc_dropout_off__42,spacenet7,MC_minus_Off,negative_margin,risk_at_0.5,5.4807079081624406e-05,2.65127357760365e-06,0.00011823897123504068,1000,32,32,10,common-valid fixed32 images; paired group-bootstrap mean of per-image pixel metrics
spacenet7__dofa__full_finetune__mc_dropout__42,spacenet7__dofa__full_finetune__deterministic__42,spacenet7,MC_minus_D,entropy,base_risk,-0.007005341198979588,-0.013175742077542225,-0.0020450531984557065,1000,32,32,10,common-valid fixed32 images; paired group-bootstrap mean of per-image pixel metrics
spacenet7__dofa__full_finetune__mc_dropout__42,spacenet7__dofa__full_finetune__deterministic__42,spacenet7,MC_minus_D,entropy,aurc,-0.006275136178063896,-0.01234934357918692,-0.0018606228084831042,1000,32,32,10,common-valid fixed32 images; paired group-bootstrap mean of per-image pixel metrics
spacenet7__dofa__full_finetune__mc_dropout__42,spacenet7__dofa__full_finetune__deterministic__42,spacenet7,MC_minus_D,entropy,auroc,0.014914030375644443,-0.0103582005789976,0.03583163129850876,1000,29,32,10,common-valid fixed32 images; paired group-bootstrap mean of per-image pixel metrics
spacenet7__dofa__full_finetune__mc_dropout__42,spacenet7__dofa__full_finetune__deterministic__42,spacenet7,MC_minus_D,entropy,average_precision,-0.013811436514268291,-0.03700820836640383,0.008995937186964464,1000,29,32,10,common-valid fixed32 images; paired group-bootstrap mean of per-image pixel metrics
spacenet7__dofa__full_finetune__mc_dropout__42,spacenet7__dofa__full_finetune__deterministic__42,spacenet7,MC_minus_D,entropy,risk_at_1,-0.007005341198979588,-0.013175742077542225,-0.0020450531984557065,1000,32,32,10,common-valid fixed32 images; paired group-bootstrap mean of per-image pixel metrics
spacenet7__dofa__full_finetune__mc_dropout__42,spacenet7__dofa__full_finetune__deterministic__42,spacenet7,MC_minus_D,entropy,risk_at_0.9,-0.003721345308956918,-0.008631718647369816,-0.00050981833743793,1000,32,32,10,common-valid fixed32 images; paired group-bootstrap mean of per-image pixel metrics
spacenet7__dofa__full_finetune__mc_dropout__42,spacenet7__dofa__full_finetune__deterministic__42,spacenet7,MC_minus_D,entropy,risk_at_0.8,-0.003103606554926651,-0.006863261602723212,-0.000717542036956373,1000,32,32,10,common-valid fixed32 images; paired group-bootstrap mean of per-image pixel metrics
spacenet7__dofa__full_finetune__mc_dropout__42,spacenet7__dofa__full_finetune__deterministic__42,spacenet7,MC_minus_D,entropy,risk_at_0.5,-0.004623724489795917,-0.00826861590060132,-0.0013716920983592265,1000,32,32,10,common-valid fixed32 images; paired group-bootstrap mean of per-image pixel metrics
spacenet7__dofa__full_finetune__mc_dropout__42,spacenet7__dofa__full_finetune__deterministic__42,spacenet7,MC_minus_D,gini_total,base_risk,-0.007005341198979588,-0.013175742077542225,-0.0020450531984557065,1000,32,32,10,common-valid fixed32 images; paired group-bootstrap mean of per-image pixel metrics
spacenet7__dofa__full_finetune__mc_dropout__42,spacenet7__dofa__full_finetune__deterministic__42,spacenet7,MC_minus_D,gini_total,aurc,-0.007382741078682873,-0.013902305122088603,-0.0022872021934150773,1000,32,32,10,common-valid fixed32 images; paired group-bootstrap mean of per-image pixel metrics
spacenet7__dofa__full_finetune__mc_dropout__42,spacenet7__dofa__full_finetune__deterministic__42,spacenet7,MC_minus_D,gini_total,auroc,0.015318877400606598,-0.009895674672251312,0.035995480550478715,1000,29,32,10,common-valid fixed32 images; paired group-bootstrap mean of per-image pixel metrics
spacenet7__dofa__full_finetune__mc_dropout__42,spacenet7__dofa__full_finetune__deterministic__42,spacenet7,MC_minus_D,gini_total,average_precision,-0.01349458451350055,-0.036586649591486206,0.009139175291604238,1000,29,32,10,common-valid fixed32 images; paired group-bootstrap mean of per-image pixel metrics
spacenet7__dofa__full_finetune__mc_dropout__42,spacenet7__dofa__full_finetune__deterministic__42,spacenet7,MC_minus_D,gini_total,risk_at_1,-0.007005341198979588,-0.013175742077542225,-0.0020450531984557065,1000,32,32,10,common-valid fixed32 images; paired group-bootstrap mean of per-image pixel metrics
spacenet7__dofa__full_finetune__mc_dropout__42,spacenet7__dofa__full_finetune__deterministic__42,spacenet7,MC_minus_D,gini_total,risk_at_0.9,-0.003721345308956918,-0.008631718647369816,-0.00050981833743793,1000,32,32,10,common-valid fixed32 images; paired group-bootstrap mean of per-image pixel metrics
spacenet7__dofa__full_finetune__mc_dropout__42,spacenet7__dofa__full_finetune__deterministic__42,spacenet7,MC_minus_D,gini_total,risk_at_0.8,-0.003103606554926651,-0.006865561810390375,-0.0007175054012083238,1000,32,32,10,common-valid fixed32 images; paired group-bootstrap mean of per-image pixel metrics
spacenet7__dofa__full_finetune__mc_dropout__42,spacenet7__dofa__full_finetune__deterministic__42,spacenet7,MC_minus_D,gini_total,risk_at_0.5,-0.004636180644132656,-0.008294106588127776,-0.0013610917322221929,1000,32,32,10,common-valid fixed32 images; paired group-bootstrap mean of per-image pixel metrics
spacenet7__dofa__full_finetune__mc_dropout__42,spacenet7__dofa__full_finetune__deterministic__42,spacenet7,MC_minus_D,msp,base_risk,-0.007005341198979588,-0.013175742077542225,-0.0020450531984557065,1000,32,32,10,common-valid fixed32 images; paired group-bootstrap mean of per-image pixel metrics
spacenet7__dofa__full_finetune__mc_dropout__42,spacenet7__dofa__full_finetune__deterministic__42,spacenet7,MC_minus_D,msp,aurc,-0.007000373924205411,-0.013233498780638082,-0.002206894940143859,1000,32,32,10,common-valid fixed32 images; paired group-bootstrap mean of per-image pixel metrics
spacenet7__dofa__full_finetune__mc_dropout__42,spacenet7__dofa__full_finetune__deterministic__42,spacenet7,MC_minus_D,msp,auroc,0.015233244414967895,-0.009910243686293174,0.0360482749367811,1000,29,32,10,common-valid fixed32 images; paired group-bootstrap mean of per-image pixel metrics
spacenet7__dofa__full_finetune__mc_dropout__42,spacenet7__dofa__full_finetune__deterministic__42,spacenet7,MC_minus_D,msp,average_precision,-0.0132008452526854,-0.0363434390002266,0.00924933931690379,1000,29,32,10,common-valid fixed32 images; paired group-bootstrap mean of per-image pixel metrics
spacenet7__dofa__full_finetune__mc_dropout__42,spacenet7__dofa__full_finetune__deterministic__42,spacenet7,MC_minus_D,msp,risk_at_1,-0.007005341198979588,-0.013175742077542225,-0.0020450531984557065,1000,32,32,10,common-valid fixed32 images; paired group-bootstrap mean of per-image pixel metrics
spacenet7__dofa__full_finetune__mc_dropout__42,spacenet7__dofa__full_finetune__deterministic__42,spacenet7,MC_minus_D,msp,risk_at_0.9,-0.003721390195999571,-0.008631718647369816,-0.0005098193349277667,1000,32,32,10,common-valid fixed32 images; paired group-bootstrap mean of per-image pixel metrics
spacenet7__dofa__full_finetune__mc_dropout__42,spacenet7__dofa__full_finetune__deterministic__42,spacenet7,MC_minus_D,msp,risk_at_0.8,-0.0031032500513931433,-0.006864297162055614,-0.0007166306547330099,1000,32,32,10,common-valid fixed32 images; paired group-bootstrap mean of per-image pixel metrics
spacenet7__dofa__full_finetune__mc_dropout__42,spacenet7__dofa__full_finetune__deterministic__42,spacenet7,MC_minus_D,msp,risk_at_0.5,-0.004629680072789232,-0.00828184800524116,-0.0013671848318182662,1000,32,32,10,common-valid fixed32 images; paired group-bootstrap mean of per-image pixel metrics
spacenet7__dofa__full_finetune__mc_dropout__42,spacenet7__dofa__full_finetune__deterministic__42,spacenet7,MC_minus_D,negative_margin,base_risk,-0.007005341198979588,-0.013175742077542225,-0.0020450531984557065,1000,32,32,10,common-valid fixed32 images; paired group-bootstrap mean of per-image pixel metrics
spacenet7__dofa__full_finetune__mc_dropout__42,spacenet7__dofa__full_finetune__deterministic__42,spacenet7,MC_minus_D,negative_margin,aurc,-0.006314101959397399,-0.012382403987360539,-0.0018750151886676725,1000,32,32,10,common-valid fixed32 images; paired group-bootstrap mean of per-image pixel metrics
spacenet7__dofa__full_finetune__mc_dropout__42,spacenet7__dofa__full_finetune__deterministic__42,spacenet7,MC_minus_D,negative_margin,auroc,0.014917508694616636,-0.010353050143629364,0.03583369445674028,1000,29,32,10,common-valid fixed32 images; paired group-bootstrap mean of per-image pixel metrics
spacenet7__dofa__full_finetune__mc_dropout__42,spacenet7__dofa__full_finetune__deterministic__42,spacenet7,MC_minus_D,negative_margin,average_precision,-0.013810775435152923,-0.037007326442233444,0.008996243417532397,1000,29,32,10,common-valid fixed32 images; paired group-bootstrap mean of per-image pixel metrics
spacenet7__dofa__full_finetune__mc_dropout__42,spacenet7__dofa__full_finetune__deterministic__42,spacenet7,MC_minus_D,negative_margin,risk_at_1,-0.007005341198979588,-0.013175742077542225,-0.0020450531984557065,1000,32,32,10,common-valid fixed32 images; paired group-bootstrap mean of per-image pixel metrics
spacenet7__dofa__full_finetune__mc_dropout__42,spacenet7__dofa__full_finetune__deterministic__42,spacenet7,MC_minus_D,negative_margin,risk_at_0.9,-0.003721345308956918,-0.008631718647369816,-0.00050981833743793,1000,32,32,10,common-valid fixed32 images; paired group-bootstrap mean of per-image pixel metrics
spacenet7__dofa__full_finetune__mc_dropout__42,spacenet7__dofa__full_finetune__deterministic__42,spacenet7,MC_minus_D,negative_margin,risk_at_0.8,-0.003103606554926651,-0.006863261602723212,-0.000717542036956373,1000,32,32,10,common-valid fixed32 images; paired group-bootstrap mean of per-image pixel metrics
spacenet7__dofa__full_finetune__mc_dropout__42,spacenet7__dofa__full_finetune__deterministic__42,spacenet7,MC_minus_D,negative_margin,risk_at_0.5,-0.004623724489795917,-0.00826861590060132,-0.0013716920983592265,1000,32,32,10,common-valid fixed32 images; paired group-bootstrap mean of per-image pixel metrics
spacenet7__dofa__full_finetune__mc_dropout__42,spacenet7__dofa__frozen__mc_dropout__42,spacenet7,full_recipe_minus_frozen_recipe,entropy,base_risk,-0.0031015824298469305,-0.007825263406143706,-0.000140740011825033,1000,32,32,10,common-valid fixed32 images; paired group-bootstrap mean of per-image pixel metrics
spacenet7__dofa__full_finetune__mc_dropout__42,spacenet7__dofa__frozen__mc_dropout__42,spacenet7,full_recipe_minus_frozen_recipe,entropy,aurc,-0.006886592338407572,-0.012909244005851332,-0.0020615779269472865,1000,32,32,10,common-valid fixed32 images; paired group-bootstrap mean of per-image pixel metrics
spacenet7__dofa__full_finetune__mc_dropout__42,spacenet7__dofa__frozen__mc_dropout__42,spacenet7,full_recipe_minus_frozen_recipe,entropy,auroc,0.0531255492974808,0.03802767579171028,0.0689591642838292,1000,29,32,10,common-valid fixed32 images; paired group-bootstrap mean of per-image pixel metrics
spacenet7__dofa__full_finetune__mc_dropout__42,spacenet7__dofa__frozen__mc_dropout__42,spacenet7,full_recipe_minus_frozen_recipe,entropy,average_precision,0.05439842453640015,0.02981690613189792,0.08014313269790217,1000,29,32,10,common-valid fixed32 images; paired group-bootstrap mean of per-image pixel metrics
spacenet7__dofa__full_finetune__mc_dropout__42,spacenet7__dofa__frozen__mc_dropout__42,spacenet7,full_recipe_minus_frozen_recipe,entropy,risk_at_1,-0.0031015824298469305,-0.007825263406143706,-0.000140740011825033,1000,32,32,10,common-valid fixed32 images; paired group-bootstrap mean of per-image pixel metrics
spacenet7__dofa__full_finetune__mc_dropout__42,spacenet7__dofa__frozen__mc_dropout__42,spacenet7,full_recipe_minus_frozen_recipe,entropy,risk_at_0.9,-0.005505343413407036,-0.01000446306888765,-0.0021902119546411748,1000,32,32,10,common-valid fixed32 images; paired group-bootstrap mean of per-image pixel metrics
spacenet7__dofa__full_finetune__mc_dropout__42,spacenet7__dofa__frozen__mc_dropout__42,spacenet7,full_recipe_minus_frozen_recipe,entropy,risk_at_0.8,-0.006503669583067582,-0.011716125310336164,-0.0023903079647037253,1000,32,32,10,common-valid fixed32 images; paired group-bootstrap mean of per-image pixel metrics
spacenet7__dofa__full_finetune__mc_dropout__42,spacenet7__dofa__frozen__mc_dropout__42,spacenet7,full_recipe_minus_frozen_recipe,entropy,risk_at_0.5,-0.008041693239795922,-0.014896191667955071,-0.00247471756559767,1000,32,32,10,common-valid fixed32 images; paired group-bootstrap mean of per-image pixel metrics
spacenet7__dofa__full_finetune__mc_dropout__42,spacenet7__dofa__frozen__mc_dropout__42,spacenet7,full_recipe_minus_frozen_recipe,expected_entropy,base_risk,-0.0031015824298469305,-0.007825263406143706,-0.000140740011825033,1000,32,32,10,common-valid fixed32 images; paired group-bootstrap mean of per-image pixel metrics
spacenet7__dofa__full_finetune__mc_dropout__42,spacenet7__dofa__frozen__mc_dropout__42,spacenet7,full_recipe_minus_frozen_recipe,expected_entropy,aurc,-0.006904876086372535,-0.0129127350868777,-0.0020772584930343,1000,32,32,10,common-valid fixed32 images; paired group-bootstrap mean of per-image pixel metrics
spacenet7__dofa__full_finetune__mc_dropout__42,spacenet7__dofa__frozen__mc_dropout__42,spacenet7,full_recipe_minus_frozen_recipe,expected_entropy,auroc,0.0529124717845247,0.03803382683118503,0.06848365536212639,1000,29,32,10,common-valid fixed32 images; paired group-bootstrap mean of per-image pixel metrics
spacenet7__dofa__full_finetune__mc_dropout__42,spacenet7__dofa__frozen__mc_dropout__42,spacenet7,full_recipe_minus_frozen_recipe,expected_entropy,average_precision,0.05378274896486598,0.030051533152095793,0.07806368531399052,1000,29,32,10,common-valid fixed32 images; paired group-bootstrap mean of per-image pixel metrics
spacenet7__dofa__full_finetune__mc_dropout__42,spacenet7__dofa__frozen__mc_dropout__42,spacenet7,full_recipe_minus_frozen_recipe,expected_entropy,risk_at_1,-0.0031015824298469305,-0.007825263406143706,-0.000140740011825033,1000,32,32,10,common-valid fixed32 images; paired group-bootstrap mean of per-image pixel metrics
spacenet7__dofa__full_finetune__mc_dropout__42,spacenet7__dofa__frozen__mc_dropout__42,spacenet7,full_recipe_minus_frozen_recipe,expected_entropy,risk_at_0.9,-0.0055171075591695035,-0.01003171752253228,-0.0021915256565288575,1000,32,32,10,common-valid fixed32 images; paired group-bootstrap mean of per-image pixel metrics
spacenet7__dofa__full_finetune__mc_dropout__42,spacenet7__dofa__frozen__mc_dropout__42,spacenet7,full_recipe_minus_frozen_recipe,expected_entropy,risk_at_0.8,-0.0065139459103953894,-0.011743126751438586,-0.0023847564974650457,1000,32,32,10,common-valid fixed32 images; paired group-bootstrap mean of per-image pixel metrics
spacenet7__dofa__full_finetune__mc_dropout__42,spacenet7__dofa__frozen__mc_dropout__42,spacenet7,full_recipe_minus_frozen_recipe,expected_entropy,risk_at_0.5,-0.00807283362563776,-0.014928468625455242,-0.0024986333819241955,1000,32,32,10,common-valid fixed32 images; paired group-bootstrap mean of per-image pixel metrics
spacenet7__dofa__full_finetune__mc_dropout__42,spacenet7__dofa__frozen__mc_dropout__42,spacenet7,full_recipe_minus_frozen_recipe,gini_disagreement,base_risk,-0.0031015824298469305,-0.007825263406143706,-0.000140740011825033,1000,32,32,10,common-valid fixed32 images; paired group-bootstrap mean of per-image pixel metrics
spacenet7__dofa__full_finetune__mc_dropout__42,spacenet7__dofa__frozen__mc_dropout__42,spacenet7,full_recipe_minus_frozen_recipe,gini_disagreement,aurc,-0.0028215145546578247,-0.005432005877776242,-0.00044431561002044375,1000,32,32,10,common-valid fixed32 images; paired group-bootstrap mean of per-image pixel metrics
spacenet7__dofa__full_finetune__mc_dropout__42,spacenet7__dofa__frozen__mc_dropout__42,spacenet7,full_recipe_minus_frozen_recipe,gini_disagreement,auroc,0.02501082095292513,-0.0042688945258260455,0.06175310301219779,1000,29,32,10,common-valid fixed32 images; paired group-bootstrap mean of per-image pixel metrics
spacenet7__dofa__full_finetune__mc_dropout__42,spacenet7__dofa__frozen__mc_dropout__42,spacenet7,full_recipe_minus_frozen_recipe,gini_disagreement,average_precision,-0.047945389260899744,-0.08100544069651576,-0.016780355337819675,1000,29,32,10,common-valid fixed32 images; paired group-bootstrap mean of per-image pixel metrics
spacenet7__dofa__full_finetune__mc_dropout__42,spacenet7__dofa__frozen__mc_dropout__42,spacenet7,full_recipe_minus_frozen_recipe,gini_disagreement,risk_at_1,-0.0031015824298469305,-0.007825263406143706,-0.000140740011825033,1000,32,32,10,common-valid fixed32 images; paired group-bootstrap mean of per-image pixel metrics
spacenet7__dofa__full_finetune__mc_dropout__42,spacenet7__dofa__frozen__mc_dropout__42,spacenet7,full_recipe_minus_frozen_recipe,gini_disagreement,risk_at_0.9,0.00028856757546768283,-0.0011211585029126637,0.0015647676545474428,1000,32,32,10,common-valid fixed32 images; paired group-bootstrap mean of per-image pixel metrics
spacenet7__dofa__full_finetune__mc_dropout__42,spacenet7__dofa__frozen__mc_dropout__42,spacenet7,full_recipe_minus_frozen_recipe,gini_disagreement,risk_at_0.8,0.0004448404117506648,-0.0009745446029974102,0.0018292170625333162,1000,32,32,10,common-valid fixed32 images; paired group-bootstrap mean of per-image pixel metrics
spacenet7__dofa__full_finetune__mc_dropout__42,spacenet7__dofa__frozen__mc_dropout__42,spacenet7,full_recipe_minus_frozen_recipe,gini_disagreement,risk_at_0.5,-0.0013215979751275435,-0.004013255692902163,0.0015477790903293265,1000,32,32,10,common-valid fixed32 images; paired group-bootstrap mean of per-image pixel metrics
spacenet7__dofa__full_finetune__mc_dropout__42,spacenet7__dofa__frozen__mc_dropout__42,spacenet7,full_recipe_minus_frozen_recipe,gini_expected,base_risk,-0.0031015824298469305,-0.007825263406143706,-0.000140740011825033,1000,32,32,10,common-valid fixed32 images; paired group-bootstrap mean of per-image pixel metrics
spacenet7__dofa__full_finetune__mc_dropout__42,spacenet7__dofa__frozen__mc_dropout__42,spacenet7,full_recipe_minus_frozen_recipe,gini_expected,aurc,-0.006975695666512068,-0.013105250257637775,-0.0020654861179003393,1000,32,32,10,common-valid fixed32 images; paired group-bootstrap mean of per-image pixel metrics
spacenet7__dofa__full_finetune__mc_dropout__42,spacenet7__dofa__frozen__mc_dropout__42,spacenet7,full_recipe_minus_frozen_recipe,gini_expected,auroc,0.05315976086409406,0.03807089151689009,0.0689758783574712,1000,29,32,10,common-valid fixed32 images; paired group-bootstrap mean of per-image pixel metrics
spacenet7__dofa__full_finetune__mc_dropout__42,spacenet7__dofa__frozen__mc_dropout__42,spacenet7,full_recipe_minus_frozen_recipe,gini_expected,average_precision,0.05371927181152669,0.030030059626300686,0.07793035849702762,1000,29,32,10,common-valid fixed32 images; paired group-bootstrap mean of per-image pixel metrics
spacenet7__dofa__full_finetune__mc_dropout__42,spacenet7__dofa__frozen__mc_dropout__42,spacenet7,full_recipe_minus_frozen_recipe,gini_expected,risk_at_1,-0.0031015824298469305,-0.007825263406143706,-0.000140740011825033,1000,32,32,10,common-valid fixed32 images; paired group-bootstrap mean of per-image pixel metrics
spacenet7__dofa__full_finetune__mc_dropout__42,spacenet7__dofa__frozen__mc_dropout__42,spacenet7,full_recipe_minus_frozen_recipe,gini_expected,risk_at_0.9,-0.005515031533446712,-0.01002447026067797,-0.002192263319694771,1000,32,32,10,common-valid fixed32 images; paired group-bootstrap mean of per-image pixel metrics
spacenet7__dofa__full_finetune__mc_dropout__42,spacenet7__dofa__frozen__mc_dropout__42,spacenet7,full_recipe_minus_frozen_recipe,gini_expected,risk_at_0.8,-0.006514724420041453,-0.011743622558042706,-0.002387807313215458,1000,32,32,10,common-valid fixed32 images; paired group-bootstrap mean of per-image pixel metrics
spacenet7__dofa__full_finetune__mc_dropout__42,spacenet7__dofa__frozen__mc_dropout__42,spacenet7,full_recipe_minus_frozen_recipe,gini_expected,risk_at_0.5,-0.008039202008928572,-0.014898979833410646,-0.0024701621720116616,1000,32,32,10,common-valid fixed32 images; paired group-bootstrap mean of per-image pixel metrics
spacenet7__dofa__full_finetune__mc_dropout__42,spacenet7__dofa__frozen__mc_dropout__42,spacenet7,full_recipe_minus_frozen_recipe,gini_total,base_risk,-0.0031015824298469305,-0.007825263406143706,-0.000140740011825033,1000,32,32,10,common-valid fixed32 images; paired group-bootstrap mean of per-image pixel metrics
spacenet7__dofa__full_finetune__mc_dropout__42,spacenet7__dofa__frozen__mc_dropout__42,spacenet7,full_recipe_minus_frozen_recipe,gini_total,aurc,-0.006955590039534303,-0.01304256794019358,-0.002057125173595735,1000,32,32,10,common-valid fixed32 images; paired group-bootstrap mean of per-image pixel metrics
spacenet7__dofa__full_finetune__mc_dropout__42,spacenet7__dofa__frozen__mc_dropout__42,spacenet7,full_recipe_minus_frozen_recipe,gini_total,auroc,0.05313521030826991,0.038033960204605935,0.06897044738132535,1000,29,32,10,common-valid fixed32 images; paired group-bootstrap mean of per-image pixel metrics
spacenet7__dofa__full_finetune__mc_dropout__42,spacenet7__dofa__frozen__mc_dropout__42,spacenet7,full_recipe_minus_frozen_recipe,gini_total,average_precision,0.05440494597770276,0.02982655551662466,0.08014478902613881,1000,29,32,10,common-valid fixed32 images; paired group-bootstrap mean of per-image pixel metrics
spacenet7__dofa__full_finetune__mc_dropout__42,spacenet7__dofa__frozen__mc_dropout__42,spacenet7,full_recipe_minus_frozen_recipe,gini_total,risk_at_1,-0.0031015824298469305,-0.007825263406143706,-0.000140740011825033,1000,32,32,10,common-valid fixed32 images; paired group-bootstrap mean of per-image pixel metrics
spacenet7__dofa__full_finetune__mc_dropout__42,spacenet7__dofa__frozen__mc_dropout__42,spacenet7,full_recipe_minus_frozen_recipe,gini_total,risk_at_0.9,-0.005505343413407036,-0.01000446306888765,-0.0021902119546411748,1000,32,32,10,common-valid fixed32 images; paired group-bootstrap mean of per-image pixel metrics
spacenet7__dofa__full_finetune__mc_dropout__42,spacenet7__dofa__frozen__mc_dropout__42,spacenet7,full_recipe_minus_frozen_recipe,gini_total,risk_at_0.8,-0.006503669583067582,-0.011716125310336164,-0.0023903079647037253,1000,32,32,10,common-valid fixed32 images; paired group-bootstrap mean of per-image pixel metrics
spacenet7__dofa__full_finetune__mc_dropout__42,spacenet7__dofa__frozen__mc_dropout__42,spacenet7,full_recipe_minus_frozen_recipe,gini_total,risk_at_0.5,-0.008042938855229593,-0.014897661242527324,-0.00247471756559767,1000,32,32,10,common-valid fixed32 images; paired group-bootstrap mean of per-image pixel metrics
spacenet7__dofa__full_finetune__mc_dropout__42,spacenet7__dofa__frozen__mc_dropout__42,spacenet7,full_recipe_minus_frozen_recipe,msp,base_risk,-0.0031015824298469305,-0.007825263406143706,-0.000140740011825033,1000,32,32,10,common-valid fixed32 images; paired group-bootstrap mean of per-image pixel metrics
spacenet7__dofa__full_finetune__mc_dropout__42,spacenet7__dofa__frozen__mc_dropout__42,spacenet7,full_recipe_minus_frozen_recipe,msp,aurc,-0.006944549667253263,-0.013032992450407154,-0.0020618102238078415,1000,32,32,10,common-valid fixed32 images; paired group-bootstrap mean of per-image pixel metrics
spacenet7__dofa__full_finetune__mc_dropout__42,spacenet7__dofa__frozen__mc_dropout__42,spacenet7,full_recipe_minus_frozen_recipe,msp,auroc,0.0531323399252816,0.038032960611776474,0.06896617707124808,1000,29,32,10,common-valid fixed32 images; paired group-bootstrap mean of per-image pixel metrics
spacenet7__dofa__full_finetune__mc_dropout__42,spacenet7__dofa__frozen__mc_dropout__42,spacenet7,full_recipe_minus_frozen_recipe,msp,average_precision,0.0543911155640999,0.02982173237687711,0.08014330280238263,1000,29,32,10,common-valid fixed32 images; paired group-bootstrap mean of per-image pixel metrics
spacenet7__dofa__full_finetune__mc_dropout__42,spacenet7__dofa__frozen__mc_dropout__42,spacenet7,full_recipe_minus_frozen_recipe,msp,risk_at_1,-0.0031015824298469305,-0.007825263406143706,-0.000140740011825033,1000,32,32,10,common-valid fixed32 images; paired group-bootstrap mean of per-image pixel metrics
spacenet7__dofa__full_finetune__mc_dropout__42,spacenet7__dofa__frozen__mc_dropout__42,spacenet7,full_recipe_minus_frozen_recipe,msp,risk_at_0.9,-0.005505343413407036,-0.01000446306888765,-0.0021902119546411748,1000,32,32,10,common-valid fixed32 images; paired group-bootstrap mean of per-image pixel metrics
spacenet7__dofa__full_finetune__mc_dropout__42,spacenet7__dofa__frozen__mc_dropout__42,spacenet7,full_recipe_minus_frozen_recipe,msp,risk_at_0.8,-0.006503669583067582,-0.011716125310336164,-0.0023903079647037253,1000,32,32,10,common-valid fixed32 images; paired group-bootstrap mean of per-image pixel metrics
spacenet7__dofa__full_finetune__mc_dropout__42,spacenet7__dofa__frozen__mc_dropout__42,spacenet7,full_recipe_minus_frozen_recipe,msp,risk_at_0.5,-0.008042316047512758,-0.014896926455241198,-0.00247471756559767,1000,32,32,10,common-valid fixed32 images; paired group-bootstrap mean of per-image pixel metrics
spacenet7__dofa__full_finetune__mc_dropout__42,spacenet7__dofa__frozen__mc_dropout__42,spacenet7,full_recipe_minus_frozen_recipe,mutual_information,base_risk,-0.0031015824298469305,-0.007825263406143706,-0.000140740011825033,1000,32,32,10,common-valid fixed32 images; paired group-bootstrap mean of per-image pixel metrics
spacenet7__dofa__full_finetune__mc_dropout__42,spacenet7__dofa__frozen__mc_dropout__42,spacenet7,full_recipe_minus_frozen_recipe,mutual_information,aurc,0.006058201692085904,0.003961232136552169,0.009005311816921375,1000,32,32,10,common-valid fixed32 images; paired group-bootstrap mean of per-image pixel metrics
spacenet7__dofa__full_finetune__mc_dropout__42,spacenet7__dofa__frozen__mc_dropout__42,spacenet7,full_recipe_minus_frozen_recipe,mutual_information,auroc,-0.11293353832713807,-0.1672936637808385,-0.06618370090934711,1000,29,32,10,common-valid fixed32 images; paired group-bootstrap mean of per-image pixel metrics
spacenet7__dofa__full_finetune__mc_dropout__42,spacenet7__dofa__frozen__mc_dropout__42,spacenet7,full_recipe_minus_frozen_recipe,mutual_information,average_precision,-0.04837501964632227,-0.06974060392365368,-0.03263457397654419,1000,29,32,10,common-valid fixed32 images; paired group-bootstrap mean of per-image pixel metrics
spacenet7__dofa__full_finetune__mc_dropout__42,spacenet7__dofa__frozen__mc_dropout__42,spacenet7,full_recipe_minus_frozen_recipe,mutual_information,risk_at_1,-0.0031015824298469305,-0.007825263406143706,-0.000140740011825033,1000,32,32,10,common-valid fixed32 images; paired group-bootstrap mean of per-image pixel metrics
spacenet7__dofa__full_finetune__mc_dropout__42,spacenet7__dofa__frozen__mc_dropout__42,spacenet7,full_recipe_minus_frozen_recipe,mutual_information,risk_at_0.9,0.002073396090206918,-5.560517291120937e-05,0.003602284245171288,1000,32,32,10,common-valid fixed32 images; paired group-bootstrap mean of per-image pixel metrics
spacenet7__dofa__full_finetune__mc_dropout__42,spacenet7__dofa__frozen__mc_dropout__42,spacenet7,full_recipe_minus_frozen_recipe,mutual_information,risk_at_0.8,0.00621499820631379,0.004730556773490651,0.008022486294671347,1000,32,32,10,common-valid fixed32 images; paired group-bootstrap mean of per-image pixel metrics
spacenet7__dofa__full_finetune__mc_dropout__42,spacenet7__dofa__frozen__mc_dropout__42,spacenet7,full_recipe_minus_frozen_recipe,mutual_information,risk_at_0.5,0.01260438257334183,0.007061382907981811,0.01975368242248822,1000,32,32,10,common-valid fixed32 images; paired group-bootstrap mean of per-image pixel metrics
spacenet7__dofa__full_finetune__mc_dropout__42,spacenet7__dofa__frozen__mc_dropout__42,spacenet7,full_recipe_minus_frozen_recipe,negative_margin,base_risk,-0.0031015824298469305,-0.007825263406143706,-0.000140740011825033,1000,32,32,10,common-valid fixed32 images; paired group-bootstrap mean of per-image pixel metrics
spacenet7__dofa__full_finetune__mc_dropout__42,spacenet7__dofa__frozen__mc_dropout__42,spacenet7,full_recipe_minus_frozen_recipe,negative_margin,aurc,-0.0068816732151654614,-0.012929319723966881,-0.0020616364642499895,1000,32,32,10,common-valid fixed32 images; paired group-bootstrap mean of per-image pixel metrics
spacenet7__dofa__full_finetune__mc_dropout__42,spacenet7__dofa__frozen__mc_dropout__42,spacenet7,full_recipe_minus_frozen_recipe,negative_margin,auroc,0.05312558618281499,0.03802771467132231,0.0689591462356585,1000,29,32,10,common-valid fixed32 images; paired group-bootstrap mean of per-image pixel metrics
spacenet7__dofa__full_finetune__mc_dropout__42,spacenet7__dofa__frozen__mc_dropout__42,spacenet7,full_recipe_minus_frozen_recipe,negative_margin,average_precision,0.05438766915978228,0.029817720489561963,0.08014289670523313,1000,29,32,10,common-valid fixed32 images; paired group-bootstrap mean of per-image pixel metrics
spacenet7__dofa__full_finetune__mc_dropout__42,spacenet7__dofa__frozen__mc_dropout__42,spacenet7,full_recipe_minus_frozen_recipe,negative_margin,risk_at_1,-0.0031015824298469305,-0.007825263406143706,-0.000140740011825033,1000,32,32,10,common-valid fixed32 images; paired group-bootstrap mean of per-image pixel metrics
spacenet7__dofa__full_finetune__mc_dropout__42,spacenet7__dofa__frozen__mc_dropout__42,spacenet7,full_recipe_minus_frozen_recipe,negative_margin,risk_at_0.9,-0.005505343413407036,-0.01000446306888765,-0.0021902119546411748,1000,32,32,10,common-valid fixed32 images; paired group-bootstrap mean of per-image pixel metrics
spacenet7__dofa__full_finetune__mc_dropout__42,spacenet7__dofa__frozen__mc_dropout__42,spacenet7,full_recipe_minus_frozen_recipe,negative_margin,risk_at_0.8,-0.006503669583067582,-0.011716125310336164,-0.0023903079647037253,1000,32,32,10,common-valid fixed32 images; paired group-bootstrap mean of per-image pixel metrics
spacenet7__dofa__full_finetune__mc_dropout__42,spacenet7__dofa__frozen__mc_dropout__42,spacenet7,full_recipe_minus_frozen_recipe,negative_margin,risk_at_0.5,-0.008041693239795922,-0.014896191667955071,-0.00247471756559767,1000,32,32,10,common-valid fixed32 images; paired group-bootstrap mean of per-image pixel metrics
spacenet7__panopticon__frozen__mc_dropout__42,spacenet7__panopticon__frozen__mc_dropout_off__42,spacenet7,MC_minus_Off,entropy,base_risk,3.550003985968696e-05,-1.9947027841381626e-06,7.435493728740814e-05,1000,32,32,10,common-valid fixed32 images; paired group-bootstrap mean of per-image pixel metrics
spacenet7__panopticon__frozen__mc_dropout__42,spacenet7__panopticon__frozen__mc_dropout_off__42,spacenet7,MC_minus_Off,entropy,aurc,-0.0003492356414724193,-0.0015313216022297055,0.00035093220448850196,1000,32,32,10,common-valid fixed32 images; paired group-bootstrap mean of per-image pixel metrics
spacenet7__panopticon__frozen__mc_dropout__42,spacenet7__panopticon__frozen__mc_dropout_off__42,spacenet7,MC_minus_Off,entropy,auroc,0.0035826116367838434,-0.0008321465262036181,0.011870014436320853,1000,31,32,10,common-valid fixed32 images; paired group-bootstrap mean of per-image pixel metrics
spacenet7__panopticon__frozen__mc_dropout__42,spacenet7__panopticon__frozen__mc_dropout_off__42,spacenet7,MC_minus_Off,entropy,average_precision,0.0020700570328944096,-0.0035269480975783814,0.008839666707287457,1000,31,32,10,common-valid fixed32 images; paired group-bootstrap mean of per-image pixel metrics
spacenet7__panopticon__frozen__mc_dropout__42,spacenet7__panopticon__frozen__mc_dropout_off__42,spacenet7,MC_minus_Off,entropy,risk_at_1,3.550003985968696e-05,-1.9947027841381626e-06,7.435493728740814e-05,1000,32,32,10,common-valid fixed32 images; paired group-bootstrap mean of per-image pixel metrics
spacenet7__panopticon__frozen__mc_dropout__42,spacenet7__panopticon__frozen__mc_dropout_off__42,spacenet7,MC_minus_Off,entropy,risk_at_0.9,-2.8233949829930025e-05,-0.00010339221703151224,1.799452962609314e-05,1000,32,32,10,common-valid fixed32 images; paired group-bootstrap mean of per-image pixel metrics
spacenet7__panopticon__frozen__mc_dropout__42,spacenet7__panopticon__frozen__mc_dropout_off__42,spacenet7,MC_minus_Off,entropy,risk_at_0.8,-0.00019182477678572266,-0.000523439461486377,6.941638846167411e-07,1000,32,32,10,common-valid fixed32 images; paired group-bootstrap mean of per-image pixel metrics
spacenet7__panopticon__frozen__mc_dropout__42,spacenet7__panopticon__frozen__mc_dropout_off__42,spacenet7,MC_minus_Off,entropy,risk_at_0.5,-0.000524404097576536,-0.0017855459128694768,9.305480004501061e-05,1000,32,32,10,common-valid fixed32 images; paired group-bootstrap mean of per-image pixel metrics
spacenet7__panopticon__frozen__mc_dropout__42,spacenet7__panopticon__frozen__mc_dropout_off__42,spacenet7,MC_minus_Off,gini_total,base_risk,3.550003985968696e-05,-1.9947027841381626e-06,7.435493728740814e-05,1000,32,32,10,common-valid fixed32 images; paired group-bootstrap mean of per-image pixel metrics
spacenet7__panopticon__frozen__mc_dropout__42,spacenet7__panopticon__frozen__mc_dropout_off__42,spacenet7,MC_minus_Off,gini_total,aurc,-0.0005856708546229028,-0.00178648379142506,7.285630063509529e-06,1000,32,32,10,common-valid fixed32 images; paired group-bootstrap mean of per-image pixel metrics
spacenet7__panopticon__frozen__mc_dropout__42,spacenet7__panopticon__frozen__mc_dropout_off__42,spacenet7,MC_minus_Off,gini_total,auroc,0.003622425515925964,-0.0008022300924615027,0.011900087191268213,1000,31,32,10,common-valid fixed32 images; paired group-bootstrap mean of per-image pixel metrics
spacenet7__panopticon__frozen__mc_dropout__42,spacenet7__panopticon__frozen__mc_dropout_off__42,spacenet7,MC_minus_Off,gini_total,average_precision,0.0020537790631164248,-0.003501283182850815,0.008767297013569871,1000,31,32,10,common-valid fixed32 images; paired group-bootstrap mean of per-image pixel metrics
spacenet7__panopticon__frozen__mc_dropout__42,spacenet7__panopticon__frozen__mc_dropout_off__42,spacenet7,MC_minus_Off,gini_total,risk_at_1,3.550003985968696e-05,-1.9947027841381626e-06,7.435493728740814e-05,1000,32,32,10,common-valid fixed32 images; paired group-bootstrap mean of per-image pixel metrics
spacenet7__panopticon__frozen__mc_dropout__42,spacenet7__panopticon__frozen__mc_dropout_off__42,spacenet7,MC_minus_Off,gini_total,risk_at_0.9,-2.8233949829930025e-05,-0.00010339221703151224,1.799452962609314e-05,1000,32,32,10,common-valid fixed32 images; paired group-bootstrap mean of per-image pixel metrics
spacenet7__panopticon__frozen__mc_dropout__42,spacenet7__panopticon__frozen__mc_dropout_off__42,spacenet7,MC_minus_Off,gini_total,risk_at_0.8,-0.00019182477678572266,-0.000523439461486377,6.941638846167411e-07,1000,32,32,10,common-valid fixed32 images; paired group-bootstrap mean of per-image pixel metrics
spacenet7__panopticon__frozen__mc_dropout__42,spacenet7__panopticon__frozen__mc_dropout_off__42,spacenet7,MC_minus_Off,gini_total,risk_at_0.5,-0.000524404097576536,-0.0017855459128694768,9.305480004501061e-05,1000,32,32,10,common-valid fixed32 images; paired group-bootstrap mean of per-image pixel metrics
spacenet7__panopticon__frozen__mc_dropout__42,spacenet7__panopticon__frozen__mc_dropout_off__42,spacenet7,MC_minus_Off,msp,base_risk,3.550003985968696e-05,-1.9947027841381626e-06,7.435493728740814e-05,1000,32,32,10,common-valid fixed32 images; paired group-bootstrap mean of per-image pixel metrics
spacenet7__panopticon__frozen__mc_dropout__42,spacenet7__panopticon__frozen__mc_dropout_off__42,spacenet7,MC_minus_Off,msp,aurc,-0.00047574609502237244,-0.0016777386724020917,0.00014156835540371106,1000,32,32,10,common-valid fixed32 images; paired group-bootstrap mean of per-image pixel metrics
spacenet7__panopticon__frozen__mc_dropout__42,spacenet7__panopticon__frozen__mc_dropout_off__42,spacenet7,MC_minus_Off,msp,auroc,0.0036096090710179057,-0.000811811540376416,0.01189344264778951,1000,31,32,10,common-valid fixed32 images; paired group-bootstrap mean of per-image pixel metrics
spacenet7__panopticon__frozen__mc_dropout__42,spacenet7__panopticon__frozen__mc_dropout_off__42,spacenet7,MC_minus_Off,msp,average_precision,0.002092682537762596,-0.0035066755578031478,0.008876597406472996,1000,31,32,10,common-valid fixed32 images; paired group-bootstrap mean of per-image pixel metrics
spacenet7__panopticon__frozen__mc_dropout__42,spacenet7__panopticon__frozen__mc_dropout_off__42,spacenet7,MC_minus_Off,msp,risk_at_1,3.550003985968696e-05,-1.9947027841381626e-06,7.435493728740814e-05,1000,32,32,10,common-valid fixed32 images; paired group-bootstrap mean of per-image pixel metrics
spacenet7__panopticon__frozen__mc_dropout__42,spacenet7__panopticon__frozen__mc_dropout_off__42,spacenet7,MC_minus_Off,msp,risk_at_0.9,-2.8233949829930025e-05,-0.00010339221703151224,1.799452962609314e-05,1000,32,32,10,common-valid fixed32 images; paired group-bootstrap mean of per-image pixel metrics
spacenet7__panopticon__frozen__mc_dropout__42,spacenet7__panopticon__frozen__mc_dropout_off__42,spacenet7,MC_minus_Off,msp,risk_at_0.8,-0.00019182477678572266,-0.000523439461486377,6.941638846167411e-07,1000,32,32,10,common-valid fixed32 images; paired group-bootstrap mean of per-image pixel metrics
spacenet7__panopticon__frozen__mc_dropout__42,spacenet7__panopticon__frozen__mc_dropout_off__42,spacenet7,MC_minus_Off,msp,risk_at_0.5,-0.0005251220972634079,-0.0017879207587303304,9.305480004501061e-05,1000,32,32,10,common-valid fixed32 images; paired group-bootstrap mean of per-image pixel metrics
spacenet7__panopticon__frozen__mc_dropout__42,spacenet7__panopticon__frozen__mc_dropout_off__42,spacenet7,MC_minus_Off,negative_margin,base_risk,3.550003985968696e-05,-1.9947027841381626e-06,7.435493728740814e-05,1000,32,32,10,common-valid fixed32 images; paired group-bootstrap mean of per-image pixel metrics
spacenet7__panopticon__frozen__mc_dropout__42,spacenet7__panopticon__frozen__mc_dropout_off__42,spacenet7,MC_minus_Off,negative_margin,aurc,-0.00035098629313078225,-0.001533061434470301,0.0003435241051781233,1000,32,32,10,common-valid fixed32 images; paired group-bootstrap mean of per-image pixel metrics
spacenet7__panopticon__frozen__mc_dropout__42,spacenet7__panopticon__frozen__mc_dropout_off__42,spacenet7,MC_minus_Off,negative_margin,auroc,0.0035826711389738966,-0.0008321667748776912,0.011869950984454073,1000,31,32,10,common-valid fixed32 images; paired group-bootstrap mean of per-image pixel metrics
spacenet7__panopticon__frozen__mc_dropout__42,spacenet7__panopticon__frozen__mc_dropout_off__42,spacenet7,MC_minus_Off,negative_margin,average_precision,0.002077158096778614,-0.0035345104362104612,0.008870015380558333,1000,31,32,10,common-valid fixed32 images; paired group-bootstrap mean of per-image pixel metrics
spacenet7__panopticon__frozen__mc_dropout__42,spacenet7__panopticon__frozen__mc_dropout_off__42,spacenet7,MC_minus_Off,negative_margin,risk_at_1,3.550003985968696e-05,-1.9947027841381626e-06,7.435493728740814e-05,1000,32,32,10,common-valid fixed32 images; paired group-bootstrap mean of per-image pixel metrics
spacenet7__panopticon__frozen__mc_dropout__42,spacenet7__panopticon__frozen__mc_dropout_off__42,spacenet7,MC_minus_Off,negative_margin,risk_at_0.9,-2.8233949829930025e-05,-0.00010339221703151224,1.799452962609314e-05,1000,32,32,10,common-valid fixed32 images; paired group-bootstrap mean of per-image pixel metrics
spacenet7__panopticon__frozen__mc_dropout__42,spacenet7__panopticon__frozen__mc_dropout_off__42,spacenet7,MC_minus_Off,negative_margin,risk_at_0.8,-0.00019182477678572266,-0.000523439461486377,6.941638846167411e-07,1000,32,32,10,common-valid fixed32 images; paired group-bootstrap mean of per-image pixel metrics
spacenet7__panopticon__frozen__mc_dropout__42,spacenet7__panopticon__frozen__mc_dropout_off__42,spacenet7,MC_minus_Off,negative_margin,risk_at_0.5,-0.000524404097576536,-0.0017855459128694768,9.305480004501061e-05,1000,32,32,10,common-valid fixed32 images; paired group-bootstrap mean of per-image pixel metrics
spacenet7__panopticon__frozen__mc_dropout__42,spacenet7__panopticon__frozen__deterministic__42,spacenet7,MC_minus_D,entropy,base_risk,-0.0020571338887117284,-0.004182485238168525,-0.00048699530035229625,1000,32,32,10,common-valid fixed32 images; paired group-bootstrap mean of per-image pixel metrics
spacenet7__panopticon__frozen__mc_dropout__42,spacenet7__panopticon__frozen__deterministic__42,spacenet7,MC_minus_D,entropy,aurc,-0.0014768776660874826,-0.002208235106595603,-0.0008547093825512467,1000,32,32,10,common-valid fixed32 images; paired group-bootstrap mean of per-image pixel metrics
spacenet7__panopticon__frozen__mc_dropout__42,spacenet7__panopticon__frozen__deterministic__42,spacenet7,MC_minus_D,entropy,auroc,0.0037219584586718263,-0.00249861039208088,0.010282845226325398,1000,31,32,10,common-valid fixed32 images; paired group-bootstrap mean of per-image pixel metrics
spacenet7__panopticon__frozen__mc_dropout__42,spacenet7__panopticon__frozen__deterministic__42,spacenet7,MC_minus_D,entropy,average_precision,-0.014815918134576318,-0.031109424389261398,-0.0011125496636861458,1000,31,32,10,common-valid fixed32 images; paired group-bootstrap mean of per-image pixel metrics
spacenet7__panopticon__frozen__mc_dropout__42,spacenet7__panopticon__frozen__deterministic__42,spacenet7,MC_minus_D,entropy,risk_at_1,-0.0020571338887117284,-0.004182485238168525,-0.00048699530035229625,1000,32,32,10,common-valid fixed32 images; paired group-bootstrap mean of per-image pixel metrics
spacenet7__panopticon__frozen__mc_dropout__42,spacenet7__panopticon__frozen__deterministic__42,spacenet7,MC_minus_D,entropy,risk_at_0.9,-0.0012792470503826463,-0.002848809355818467,-3.563789590469623e-05,1000,32,32,10,common-valid fixed32 images; paired group-bootstrap mean of per-image pixel metrics
spacenet7__panopticon__frozen__mc_dropout__42,spacenet7__panopticon__frozen__deterministic__42,spacenet7,MC_minus_D,entropy,risk_at_0.8,-0.0013016681281887775,-0.002506372547266099,-0.00035515476381642596,1000,32,32,10,common-valid fixed32 images; paired group-bootstrap mean of per-image pixel metrics
spacenet7__panopticon__frozen__mc_dropout__42,spacenet7__panopticon__frozen__deterministic__42,spacenet7,MC_minus_D,entropy,risk_at_0.5,-0.0015719666772959205,-0.002777618104469314,-0.0006493906156212474,1000,32,32,10,common-valid fixed32 images; paired group-bootstrap mean of per-image pixel metrics
spacenet7__panopticon__frozen__mc_dropout__42,spacenet7__panopticon__frozen__deterministic__42,spacenet7,MC_minus_D,gini_total,base_risk,-0.0020571338887117284,-0.004182485238168525,-0.00048699530035229625,1000,32,32,10,common-valid fixed32 images; paired group-bootstrap mean of per-image pixel metrics
spacenet7__panopticon__frozen__mc_dropout__42,spacenet7__panopticon__frozen__deterministic__42,spacenet7,MC_minus_D,gini_total,aurc,-0.0019232564783430383,-0.0031480934888054985,-0.0009999796811028558,1000,32,32,10,common-valid fixed32 images; paired group-bootstrap mean of per-image pixel metrics
spacenet7__panopticon__frozen__mc_dropout__42,spacenet7__panopticon__frozen__deterministic__42,spacenet7,MC_minus_D,gini_total,auroc,0.003798662972987004,-0.0023292801758863085,0.010290969433215787,1000,31,32,10,common-valid fixed32 images; paired group-bootstrap mean of per-image pixel metrics
spacenet7__panopticon__frozen__mc_dropout__42,spacenet7__panopticon__frozen__deterministic__42,spacenet7,MC_minus_D,gini_total,average_precision,-0.014824270354179906,-0.031159562417185045,-0.0011173075953312002,1000,31,32,10,common-valid fixed32 images; paired group-bootstrap mean of per-image pixel metrics
spacenet7__panopticon__frozen__mc_dropout__42,spacenet7__panopticon__frozen__deterministic__42,spacenet7,MC_minus_D,gini_total,risk_at_1,-0.0020571338887117284,-0.004182485238168525,-0.00048699530035229625,1000,32,32,10,common-valid fixed32 images; paired group-bootstrap mean of per-image pixel metrics
spacenet7__panopticon__frozen__mc_dropout__42,spacenet7__panopticon__frozen__deterministic__42,spacenet7,MC_minus_D,gini_total,risk_at_0.9,-0.0012792470503826463,-0.002848809355818467,-3.563789590469623e-05,1000,32,32,10,common-valid fixed32 images; paired group-bootstrap mean of per-image pixel metrics
spacenet7__panopticon__frozen__mc_dropout__42,spacenet7__panopticon__frozen__deterministic__42,spacenet7,MC_minus_D,gini_total,risk_at_0.8,-0.0013016681281887775,-0.002506372547266099,-0.00035515476381642596,1000,32,32,10,common-valid fixed32 images; paired group-bootstrap mean of per-image pixel metrics
spacenet7__panopticon__frozen__mc_dropout__42,spacenet7__panopticon__frozen__deterministic__42,spacenet7,MC_minus_D,gini_total,risk_at_0.5,-0.0015719666772959205,-0.002777618104469314,-0.0006493906156212474,1000,32,32,10,common-valid fixed32 images; paired group-bootstrap mean of per-image pixel metrics
spacenet7__panopticon__frozen__mc_dropout__42,spacenet7__panopticon__frozen__deterministic__42,spacenet7,MC_minus_D,msp,base_risk,-0.0020571338887117284,-0.004182485238168525,-0.00048699530035229625,1000,32,32,10,common-valid fixed32 images; paired group-bootstrap mean of per-image pixel metrics
spacenet7__panopticon__frozen__mc_dropout__42,spacenet7__panopticon__frozen__deterministic__42,spacenet7,MC_minus_D,msp,aurc,-0.0017568056191483482,-0.002736530297287775,-0.0009673940473804445,1000,32,32,10,common-valid fixed32 images; paired group-bootstrap mean of per-image pixel metrics
spacenet7__panopticon__frozen__mc_dropout__42,spacenet7__panopticon__frozen__deterministic__42,spacenet7,MC_minus_D,msp,auroc,0.0037823406622466325,-0.0023879062981880636,0.010296885367049478,1000,31,32,10,common-valid fixed32 images; paired group-bootstrap mean of per-image pixel metrics
spacenet7__panopticon__frozen__mc_dropout__42,spacenet7__panopticon__frozen__deterministic__42,spacenet7,MC_minus_D,msp,average_precision,-0.014779926104003305,-0.031086581807890458,-0.0010901242634999,1000,31,32,10,common-valid fixed32 images; paired group-bootstrap mean of per-image pixel metrics
spacenet7__panopticon__frozen__mc_dropout__42,spacenet7__panopticon__frozen__deterministic__42,spacenet7,MC_minus_D,msp,risk_at_1,-0.0020571338887117284,-0.004182485238168525,-0.00048699530035229625,1000,32,32,10,common-valid fixed32 images; paired group-bootstrap mean of per-image pixel metrics
spacenet7__panopticon__frozen__mc_dropout__42,spacenet7__panopticon__frozen__deterministic__42,spacenet7,MC_minus_D,msp,risk_at_0.9,-0.0012792470503826463,-0.002848809355818467,-3.563789590469623e-05,1000,32,32,10,common-valid fixed32 images; paired group-bootstrap mean of per-image pixel metrics
spacenet7__panopticon__frozen__mc_dropout__42,spacenet7__panopticon__frozen__deterministic__42,spacenet7,MC_minus_D,msp,risk_at_0.8,-0.0013016681281887775,-0.002506372547266099,-0.00035515476381642596,1000,32,32,10,common-valid fixed32 images; paired group-bootstrap mean of per-image pixel metrics
spacenet7__panopticon__frozen__mc_dropout__42,spacenet7__panopticon__frozen__deterministic__42,spacenet7,MC_minus_D,msp,risk_at_0.5,-0.001572029481435433,-0.0027776198369973007,-0.0006493906156212474,1000,32,32,10,common-valid fixed32 images; paired group-bootstrap mean of per-image pixel metrics
spacenet7__panopticon__frozen__mc_dropout__42,spacenet7__panopticon__frozen__deterministic__42,spacenet7,MC_minus_D,negative_margin,base_risk,-0.0020571338887117284,-0.004182485238168525,-0.00048699530035229625,1000,32,32,10,common-valid fixed32 images; paired group-bootstrap mean of per-image pixel metrics
spacenet7__panopticon__frozen__mc_dropout__42,spacenet7__panopticon__frozen__deterministic__42,spacenet7,MC_minus_D,negative_margin,aurc,-0.0015212648350170876,-0.0022739076769404047,-0.0008833176690619351,1000,32,32,10,common-valid fixed32 images; paired group-bootstrap mean of per-image pixel metrics
spacenet7__panopticon__frozen__mc_dropout__42,spacenet7__panopticon__frozen__deterministic__42,spacenet7,MC_minus_D,negative_margin,auroc,0.0037242781208449384,-0.002494140549759232,0.01028444002370459,1000,31,32,10,common-valid fixed32 images; paired group-bootstrap mean of per-image pixel metrics
spacenet7__panopticon__frozen__mc_dropout__42,spacenet7__panopticon__frozen__deterministic__42,spacenet7,MC_minus_D,negative_margin,average_precision,-0.014826534138296087,-0.03112383504198938,-0.0011349928961582349,1000,31,32,10,common-valid fixed32 images; paired group-bootstrap mean of per-image pixel metrics
spacenet7__panopticon__frozen__mc_dropout__42,spacenet7__panopticon__frozen__deterministic__42,spacenet7,MC_minus_D,negative_margin,risk_at_1,-0.0020571338887117284,-0.004182485238168525,-0.00048699530035229625,1000,32,32,10,common-valid fixed32 images; paired group-bootstrap mean of per-image pixel metrics
spacenet7__panopticon__frozen__mc_dropout__42,spacenet7__panopticon__frozen__deterministic__42,spacenet7,MC_minus_D,negative_margin,risk_at_0.9,-0.0012792470503826463,-0.002848809355818467,-3.563789590469623e-05,1000,32,32,10,common-valid fixed32 images; paired group-bootstrap mean of per-image pixel metrics
spacenet7__panopticon__frozen__mc_dropout__42,spacenet7__panopticon__frozen__deterministic__42,spacenet7,MC_minus_D,negative_margin,risk_at_0.8,-0.0013016681281887775,-0.002506372547266099,-0.00035515476381642596,1000,32,32,10,common-valid fixed32 images; paired group-bootstrap mean of per-image pixel metrics
spacenet7__panopticon__frozen__mc_dropout__42,spacenet7__panopticon__frozen__deterministic__42,spacenet7,MC_minus_D,negative_margin,risk_at_0.5,-0.0015719666772959205,-0.002777618104469314,-0.0006493906156212474,1000,32,32,10,common-valid fixed32 images; paired group-bootstrap mean of per-image pixel metrics
spacenet7__panopticon__frozen__mc_dropout__42,spacenet7__dofa__frozen__mc_dropout__42,spacenet7,Pan_configuration_minus_DOFA_configuration,entropy,base_risk,0.005664436184630105,0.0017190645789565905,0.009859018942398403,1000,32,32,10,common-valid fixed32 images; paired group-bootstrap mean of per-image pixel metrics
spacenet7__panopticon__frozen__mc_dropout__42,spacenet7__dofa__frozen__mc_dropout__42,spacenet7,Pan_configuration_minus_DOFA_configuration,entropy,aurc,-0.0019770990359009293,-0.004200849201744796,-0.0003373499223791623,1000,32,32,10,common-valid fixed32 images; paired group-bootstrap mean of per-image pixel metrics
spacenet7__panopticon__frozen__mc_dropout__42,spacenet7__dofa__frozen__mc_dropout__42,spacenet7,Pan_configuration_minus_DOFA_configuration,entropy,auroc,0.04782769796962077,0.026040947477420258,0.08276820057787167,1000,29,32,10,common-valid fixed32 images; paired group-bootstrap mean of per-image pixel metrics
spacenet7__panopticon__frozen__mc_dropout__42,spacenet7__dofa__frozen__mc_dropout__42,spacenet7,Pan_configuration_minus_DOFA_configuration,entropy,average_precision,0.06681007511372992,0.04952248335927168,0.08578732833484758,1000,29,32,10,common-valid fixed32 images; paired group-bootstrap mean of per-image pixel metrics
spacenet7__panopticon__frozen__mc_dropout__42,spacenet7__dofa__frozen__mc_dropout__42,spacenet7,Pan_configuration_minus_DOFA_configuration,entropy,risk_at_1,0.005664436184630105,0.0017190645789565905,0.009859018942398403,1000,32,32,10,common-valid fixed32 images; paired group-bootstrap mean of per-image pixel metrics
spacenet7__panopticon__frozen__mc_dropout__42,spacenet7__dofa__frozen__mc_dropout__42,spacenet7,Pan_configuration_minus_DOFA_configuration,entropy,risk_at_0.9,0.0005592813297193909,-0.0015955858476529657,0.002484513483198119,1000,32,32,10,common-valid fixed32 images; paired group-bootstrap mean of per-image pixel metrics
spacenet7__panopticon__frozen__mc_dropout__42,spacenet7__dofa__frozen__mc_dropout__42,spacenet7,Pan_configuration_minus_DOFA_configuration,entropy,risk_at_0.8,-0.0012281768176020296,-0.0030904433984965383,0.00014608114070507116,1000,32,32,10,common-valid fixed32 images; paired group-bootstrap mean of per-image pixel metrics
spacenet7__panopticon__frozen__mc_dropout__42,spacenet7__dofa__frozen__mc_dropout__42,spacenet7,Pan_configuration_minus_DOFA_configuration,entropy,risk_at_0.5,-0.0031900211256377566,-0.006072836748286585,-0.001108813193774141,1000,32,32,10,common-valid fixed32 images; paired group-bootstrap mean of per-image pixel metrics
spacenet7__panopticon__frozen__mc_dropout__42,spacenet7__dofa__frozen__mc_dropout__42,spacenet7,Pan_configuration_minus_DOFA_configuration,expected_entropy,base_risk,0.005664436184630105,0.0017190645789565905,0.009859018942398403,1000,32,32,10,common-valid fixed32 images; paired group-bootstrap mean of per-image pixel metrics
spacenet7__panopticon__frozen__mc_dropout__42,spacenet7__dofa__frozen__mc_dropout__42,spacenet7,Pan_configuration_minus_DOFA_configuration,expected_entropy,aurc,-0.001989336024281368,-0.004231927477199822,-0.0003467516829423786,1000,32,32,10,common-valid fixed32 images; paired group-bootstrap mean of per-image pixel metrics
spacenet7__panopticon__frozen__mc_dropout__42,spacenet7__dofa__frozen__mc_dropout__42,spacenet7,Pan_configuration_minus_DOFA_configuration,expected_entropy,auroc,0.04730969036414153,0.026318006530242494,0.08082422589367583,1000,29,32,10,common-valid fixed32 images; paired group-bootstrap mean of per-image pixel metrics
spacenet7__panopticon__frozen__mc_dropout__42,spacenet7__dofa__frozen__mc_dropout__42,spacenet7,Pan_configuration_minus_DOFA_configuration,expected_entropy,average_precision,0.06528931545199479,0.04895929388068996,0.08272534175280381,1000,29,32,10,common-valid fixed32 images; paired group-bootstrap mean of per-image pixel metrics
spacenet7__panopticon__frozen__mc_dropout__42,spacenet7__dofa__frozen__mc_dropout__42,spacenet7,Pan_configuration_minus_DOFA_configuration,expected_entropy,risk_at_1,0.005664436184630105,0.0017190645789565905,0.009859018942398403,1000,32,32,10,common-valid fixed32 images; paired group-bootstrap mean of per-image pixel metrics
spacenet7__panopticon__frozen__mc_dropout__42,spacenet7__dofa__frozen__mc_dropout__42,spacenet7,Pan_configuration_minus_DOFA_configuration,expected_entropy,risk_at_0.9,0.0005800415869472806,-0.0015772214778888441,0.00251620222741874,1000,32,32,10,common-valid fixed32 images; paired group-bootstrap mean of per-image pixel metrics
spacenet7__panopticon__frozen__mc_dropout__42,spacenet7__dofa__frozen__mc_dropout__42,spacenet7,Pan_configuration_minus_DOFA_configuration,expected_entropy,risk_at_0.8,-0.0011914311623086571,-0.0031109891330664023,0.00023878070404298902,1000,32,32,10,common-valid fixed32 images; paired group-bootstrap mean of per-image pixel metrics
spacenet7__panopticon__frozen__mc_dropout__42,spacenet7__dofa__frozen__mc_dropout__42,spacenet7,Pan_configuration_minus_DOFA_configuration,expected_entropy,risk_at_0.5,-0.0032261439732142886,-0.006116719148596948,-0.0011288373035024783,1000,32,32,10,common-valid fixed32 images; paired group-bootstrap mean of per-image pixel metrics
spacenet7__panopticon__frozen__mc_dropout__42,spacenet7__dofa__frozen__mc_dropout__42,spacenet7,Pan_configuration_minus_DOFA_configuration,gini_disagreement,base_risk,0.005664436184630105,0.0017190645789565905,0.009859018942398403,1000,32,32,10,common-valid fixed32 images; paired group-bootstrap mean of per-image pixel metrics
spacenet7__panopticon__frozen__mc_dropout__42,spacenet7__dofa__frozen__mc_dropout__42,spacenet7,Pan_configuration_minus_DOFA_configuration,gini_disagreement,aurc,-0.0018928733027008256,-0.003946600225719322,-0.0004626302153037754,1000,32,32,10,common-valid fixed32 images; paired group-bootstrap mean of per-image pixel metrics
spacenet7__panopticon__frozen__mc_dropout__42,spacenet7__dofa__frozen__mc_dropout__42,spacenet7,Pan_configuration_minus_DOFA_configuration,gini_disagreement,auroc,0.0557711928879152,0.022752643003023258,0.10909918235197819,1000,29,32,10,common-valid fixed32 images; paired group-bootstrap mean of per-image pixel metrics
spacenet7__panopticon__frozen__mc_dropout__42,spacenet7__dofa__frozen__mc_dropout__42,spacenet7,Pan_configuration_minus_DOFA_configuration,gini_disagreement,average_precision,0.10271408840196154,0.049520605596984985,0.17207595326650585,1000,29,32,10,common-valid fixed32 images; paired group-bootstrap mean of per-image pixel metrics
spacenet7__panopticon__frozen__mc_dropout__42,spacenet7__dofa__frozen__mc_dropout__42,spacenet7,Pan_configuration_minus_DOFA_configuration,gini_disagreement,risk_at_1,0.005664436184630105,0.0017190645789565905,0.009859018942398403,1000,32,32,10,common-valid fixed32 images; paired group-bootstrap mean of per-image pixel metrics
spacenet7__panopticon__frozen__mc_dropout__42,spacenet7__dofa__frozen__mc_dropout__42,spacenet7,Pan_configuration_minus_DOFA_configuration,gini_disagreement,risk_at_0.9,-0.0005075190883645111,-0.0015117532317986814,0.0008622505922011799,1000,32,32,10,common-valid fixed32 images; paired group-bootstrap mean of per-image pixel metrics
spacenet7__panopticon__frozen__mc_dropout__42,spacenet7__dofa__frozen__mc_dropout__42,spacenet7,Pan_configuration_minus_DOFA_configuration,gini_disagreement,risk_at_0.8,-0.0017075830576371031,-0.0030304784149042456,-0.0007793487013688238,1000,32,32,10,common-valid fixed32 images; paired group-bootstrap mean of per-image pixel metrics
spacenet7__panopticon__frozen__mc_dropout__42,spacenet7__dofa__frozen__mc_dropout__42,spacenet7,Pan_configuration_minus_DOFA_configuration,gini_disagreement,risk_at_0.5,-0.0027851961096938774,-0.005216231721483239,-0.0007164193802520835,1000,32,32,10,common-valid fixed32 images; paired group-bootstrap mean of per-image pixel metrics
spacenet7__panopticon__frozen__mc_dropout__42,spacenet7__dofa__frozen__mc_dropout__42,spacenet7,Pan_configuration_minus_DOFA_configuration,gini_expected,base_risk,0.005664436184630105,0.0017190645789565905,0.009859018942398403,1000,32,32,10,common-valid fixed32 images; paired group-bootstrap mean of per-image pixel metrics
spacenet7__panopticon__frozen__mc_dropout__42,spacenet7__dofa__frozen__mc_dropout__42,spacenet7,Pan_configuration_minus_DOFA_configuration,gini_expected,aurc,-0.0018542118924010395,-0.003988607584631727,-0.0003071092234955403,1000,32,32,10,common-valid fixed32 images; paired group-bootstrap mean of per-image pixel metrics
spacenet7__panopticon__frozen__mc_dropout__42,spacenet7__dofa__frozen__mc_dropout__42,spacenet7,Pan_configuration_minus_DOFA_configuration,gini_expected,auroc,0.047784337396405405,0.026018714988278246,0.0826976987760462,1000,29,32,10,common-valid fixed32 images; paired group-bootstrap mean of per-image pixel metrics
spacenet7__panopticon__frozen__mc_dropout__42,spacenet7__dofa__frozen__mc_dropout__42,spacenet7,Pan_configuration_minus_DOFA_configuration,gini_expected,average_precision,0.0654720119327111,0.049227355994940464,0.08293017700766656,1000,29,32,10,common-valid fixed32 images; paired group-bootstrap mean of per-image pixel metrics
spacenet7__panopticon__frozen__mc_dropout__42,spacenet7__dofa__frozen__mc_dropout__42,spacenet7,Pan_configuration_minus_DOFA_configuration,gini_expected,risk_at_1,0.005664436184630105,0.0017190645789565905,0.009859018942398403,1000,32,32,10,common-valid fixed32 images; paired group-bootstrap mean of per-image pixel metrics
spacenet7__panopticon__frozen__mc_dropout__42,spacenet7__dofa__frozen__mc_dropout__42,spacenet7,Pan_configuration_minus_DOFA_configuration,gini_expected,risk_at_0.9,0.0005742287149234777,-0.0015781383024386327,0.0025124872617697837,1000,32,32,10,common-valid fixed32 images; paired group-bootstrap mean of per-image pixel metrics
spacenet7__panopticon__frozen__mc_dropout__42,spacenet7__dofa__frozen__mc_dropout__42,spacenet7,Pan_configuration_minus_DOFA_configuration,gini_expected,risk_at_0.8,-0.0012269312021683547,-0.0031085601829707404,0.00015950466910588846,1000,32,32,10,common-valid fixed32 images; paired group-bootstrap mean of per-image pixel metrics
spacenet7__panopticon__frozen__mc_dropout__42,spacenet7__dofa__frozen__mc_dropout__42,spacenet7,Pan_configuration_minus_DOFA_configuration,gini_expected,risk_at_0.5,-0.003195003587372453,-0.00608687718769104,-0.0011196264823496935,1000,32,32,10,common-valid fixed32 images; paired group-bootstrap mean of per-image pixel metrics
spacenet7__panopticon__frozen__mc_dropout__42,spacenet7__dofa__frozen__mc_dropout__42,spacenet7,Pan_configuration_minus_DOFA_configuration,gini_total,base_risk,0.005664436184630105,0.0017190645789565905,0.009859018942398403,1000,32,32,10,common-valid fixed32 images; paired group-bootstrap mean of per-image pixel metrics
spacenet7__panopticon__frozen__mc_dropout__42,spacenet7__dofa__frozen__mc_dropout__42,spacenet7,Pan_configuration_minus_DOFA_configuration,gini_total,aurc,-0.0017837602666267345,-0.0038776379905102383,-0.0002817612433025684,1000,32,32,10,common-valid fixed32 images; paired group-bootstrap mean of per-image pixel metrics
spacenet7__panopticon__frozen__mc_dropout__42,spacenet7__dofa__frozen__mc_dropout__42,spacenet7,Pan_configuration_minus_DOFA_configuration,gini_total,auroc,0.04779993232299781,0.025970716067724237,0.08276781710179638,1000,29,32,10,common-valid fixed32 images; paired group-bootstrap mean of per-image pixel metrics
spacenet7__panopticon__frozen__mc_dropout__42,spacenet7__dofa__frozen__mc_dropout__42,spacenet7,Pan_configuration_minus_DOFA_configuration,gini_total,average_precision,0.06678157209942676,0.049508231837017275,0.08573298428740728,1000,29,32,10,common-valid fixed32 images; paired group-bootstrap mean of per-image pixel metrics
spacenet7__panopticon__frozen__mc_dropout__42,spacenet7__dofa__frozen__mc_dropout__42,spacenet7,Pan_configuration_minus_DOFA_configuration,gini_total,risk_at_1,0.005664436184630105,0.0017190645789565905,0.009859018942398403,1000,32,32,10,common-valid fixed32 images; paired group-bootstrap mean of per-image pixel metrics
spacenet7__panopticon__frozen__mc_dropout__42,spacenet7__dofa__frozen__mc_dropout__42,spacenet7,Pan_configuration_minus_DOFA_configuration,gini_total,risk_at_0.9,0.0005592813297193909,-0.0015955858476529657,0.002484513483198119,1000,32,32,10,common-valid fixed32 images; paired group-bootstrap mean of per-image pixel metrics
spacenet7__panopticon__frozen__mc_dropout__42,spacenet7__dofa__frozen__mc_dropout__42,spacenet7,Pan_configuration_minus_DOFA_configuration,gini_total,risk_at_0.8,-0.0012281768176020296,-0.0030904433984965383,0.00014608114070507116,1000,32,32,10,common-valid fixed32 images; paired group-bootstrap mean of per-image pixel metrics
spacenet7__panopticon__frozen__mc_dropout__42,spacenet7__dofa__frozen__mc_dropout__42,spacenet7,Pan_configuration_minus_DOFA_configuration,gini_total,risk_at_0.5,-0.0031900211256377566,-0.006072836748286585,-0.001108813193774141,1000,32,32,10,common-valid fixed32 images; paired group-bootstrap mean of per-image pixel metrics
spacenet7__panopticon__frozen__mc_dropout__42,spacenet7__dofa__frozen__mc_dropout__42,spacenet7,Pan_configuration_minus_DOFA_configuration,msp,base_risk,0.005664436184630105,0.0017190645789565905,0.009859018942398403,1000,32,32,10,common-valid fixed32 images; paired group-bootstrap mean of per-image pixel metrics
spacenet7__panopticon__frozen__mc_dropout__42,spacenet7__dofa__frozen__mc_dropout__42,spacenet7,Pan_configuration_minus_DOFA_configuration,msp,aurc,-0.0018564688031524397,-0.003999599134950594,-0.0003009290931796962,1000,32,32,10,common-valid fixed32 images; paired group-bootstrap mean of per-image pixel metrics
spacenet7__panopticon__frozen__mc_dropout__42,spacenet7__dofa__frozen__mc_dropout__42,spacenet7,Pan_configuration_minus_DOFA_configuration,msp,auroc,0.04780632284410406,0.02598990345267221,0.0827655974026071,1000,29,32,10,common-valid fixed32 images; paired group-bootstrap mean of per-image pixel metrics
spacenet7__panopticon__frozen__mc_dropout__42,spacenet7__dofa__frozen__mc_dropout__42,spacenet7,Pan_configuration_minus_DOFA_configuration,msp,average_precision,0.06678697410850025,0.049466856466400595,0.08578492503731015,1000,29,32,10,common-valid fixed32 images; paired group-bootstrap mean of per-image pixel metrics
spacenet7__panopticon__frozen__mc_dropout__42,spacenet7__dofa__frozen__mc_dropout__42,spacenet7,Pan_configuration_minus_DOFA_configuration,msp,risk_at_1,0.005664436184630105,0.0017190645789565905,0.009859018942398403,1000,32,32,10,common-valid fixed32 images; paired group-bootstrap mean of per-image pixel metrics
spacenet7__panopticon__frozen__mc_dropout__42,spacenet7__dofa__frozen__mc_dropout__42,spacenet7,Pan_configuration_minus_DOFA_configuration,msp,risk_at_0.9,0.0005592813297193909,-0.0015955858476529657,0.002484513483198119,1000,32,32,10,common-valid fixed32 images; paired group-bootstrap mean of per-image pixel metrics
spacenet7__panopticon__frozen__mc_dropout__42,spacenet7__dofa__frozen__mc_dropout__42,spacenet7,Pan_configuration_minus_DOFA_configuration,msp,risk_at_0.8,-0.0012281768176020296,-0.0030904433984965383,0.00014608114070507116,1000,32,32,10,common-valid fixed32 images; paired group-bootstrap mean of per-image pixel metrics
spacenet7__panopticon__frozen__mc_dropout__42,spacenet7__dofa__frozen__mc_dropout__42,spacenet7,Pan_configuration_minus_DOFA_configuration,msp,risk_at_0.5,-0.0031900211256377566,-0.006072836748286585,-0.001108813193774141,1000,32,32,10,common-valid fixed32 images; paired group-bootstrap mean of per-image pixel metrics
spacenet7__panopticon__frozen__mc_dropout__42,spacenet7__dofa__frozen__mc_dropout__42,spacenet7,Pan_configuration_minus_DOFA_configuration,mutual_information,base_risk,0.005664436184630105,0.0017190645789565905,0.009859018942398403,1000,32,32,10,common-valid fixed32 images; paired group-bootstrap mean of per-image pixel metrics
spacenet7__panopticon__frozen__mc_dropout__42,spacenet7__dofa__frozen__mc_dropout__42,spacenet7,Pan_configuration_minus_DOFA_configuration,mutual_information,aurc,-0.002926009605327789,-0.005006904880920696,-0.0012102208077188117,1000,32,32,10,common-valid fixed32 images; paired group-bootstrap mean of per-image pixel metrics
spacenet7__panopticon__frozen__mc_dropout__42,spacenet7__dofa__frozen__mc_dropout__42,spacenet7,Pan_configuration_minus_DOFA_configuration,mutual_information,auroc,0.06837568316374214,0.03578831369344589,0.12040820829412141,1000,29,32,10,common-valid fixed32 images; paired group-bootstrap mean of per-image pixel metrics
spacenet7__panopticon__frozen__mc_dropout__42,spacenet7__dofa__frozen__mc_dropout__42,spacenet7,Pan_configuration_minus_DOFA_configuration,mutual_information,average_precision,0.09817196494190852,0.05203194094024825,0.14758484329314045,1000,29,32,10,common-valid fixed32 images; paired group-bootstrap mean of per-image pixel metrics
spacenet7__panopticon__frozen__mc_dropout__42,spacenet7__dofa__frozen__mc_dropout__42,spacenet7,Pan_configuration_minus_DOFA_configuration,mutual_information,risk_at_1,0.005664436184630105,0.0017190645789565905,0.009859018942398403,1000,32,32,10,common-valid fixed32 images; paired group-bootstrap mean of per-image pixel metrics
spacenet7__panopticon__frozen__mc_dropout__42,spacenet7__dofa__frozen__mc_dropout__42,spacenet7,Pan_configuration_minus_DOFA_configuration,mutual_information,risk_at_0.9,-0.0009122057025935189,-0.0029350244588543157,0.001157119955148057,1000,32,32,10,common-valid fixed32 images; paired group-bootstrap mean of per-image pixel metrics
spacenet7__panopticon__frozen__mc_dropout__42,spacenet7__dofa__frozen__mc_dropout__42,spacenet7,Pan_configuration_minus_DOFA_configuration,mutual_information,risk_at_0.8,-0.0024423404615752427,-0.004749193343632093,-0.000344977642982422,1000,32,32,10,common-valid fixed32 images; paired group-bootstrap mean of per-image pixel metrics
spacenet7__panopticon__frozen__mc_dropout__42,spacenet7__dofa__frozen__mc_dropout__42,spacenet7,Pan_configuration_minus_DOFA_configuration,mutual_information,risk_at_0.5,-0.004793128188775502,-0.008815729542825189,-0.0013780935551303752,1000,32,32,10,common-valid fixed32 images; paired group-bootstrap mean of per-image pixel metrics
spacenet7__panopticon__frozen__mc_dropout__42,spacenet7__dofa__frozen__mc_dropout__42,spacenet7,Pan_configuration_minus_DOFA_configuration,negative_margin,base_risk,0.005664436184630105,0.0017190645789565905,0.009859018942398403,1000,32,32,10,common-valid fixed32 images; paired group-bootstrap mean of per-image pixel metrics
spacenet7__panopticon__frozen__mc_dropout__42,spacenet7__dofa__frozen__mc_dropout__42,spacenet7,Pan_configuration_minus_DOFA_configuration,negative_margin,aurc,-0.001969153887760466,-0.004184370193431025,-0.0003373311382602123,1000,32,32,10,common-valid fixed32 images; paired group-bootstrap mean of per-image pixel metrics
spacenet7__panopticon__frozen__mc_dropout__42,spacenet7__dofa__frozen__mc_dropout__42,spacenet7,Pan_configuration_minus_DOFA_configuration,negative_margin,auroc,0.04782763961518468,0.026041087389546986,0.08276817730102064,1000,29,32,10,common-valid fixed32 images; paired group-bootstrap mean of per-image pixel metrics
spacenet7__panopticon__frozen__mc_dropout__42,spacenet7__dofa__frozen__mc_dropout__42,spacenet7,Pan_configuration_minus_DOFA_configuration,negative_margin,average_precision,0.06679793069383341,0.04948655910648322,0.08578852672184573,1000,29,32,10,common-valid fixed32 images; paired group-bootstrap mean of per-image pixel metrics
spacenet7__panopticon__frozen__mc_dropout__42,spacenet7__dofa__frozen__mc_dropout__42,spacenet7,Pan_configuration_minus_DOFA_configuration,negative_margin,risk_at_1,0.005664436184630105,0.0017190645789565905,0.009859018942398403,1000,32,32,10,common-valid fixed32 images; paired group-bootstrap mean of per-image pixel metrics
spacenet7__panopticon__frozen__mc_dropout__42,spacenet7__dofa__frozen__mc_dropout__42,spacenet7,Pan_configuration_minus_DOFA_configuration,negative_margin,risk_at_0.9,0.0005592813297193909,-0.0015955858476529657,0.002484513483198119,1000,32,32,10,common-valid fixed32 images; paired group-bootstrap mean of per-image pixel metrics
spacenet7__panopticon__frozen__mc_dropout__42,spacenet7__dofa__frozen__mc_dropout__42,spacenet7,Pan_configuration_minus_DOFA_configuration,negative_margin,risk_at_0.8,-0.0012281768176020296,-0.0030904433984965383,0.00014608114070507116,1000,32,32,10,common-valid fixed32 images; paired group-bootstrap mean of per-image pixel metrics
spacenet7__panopticon__frozen__mc_dropout__42,spacenet7__dofa__frozen__mc_dropout__42,spacenet7,Pan_configuration_minus_DOFA_configuration,negative_margin,risk_at_0.5,-0.0031900211256377566,-0.006072836748286585,-0.001108813193774141,1000,32,32,10,common-valid fixed32 images; paired group-bootstrap mean of per-image pixel metrics
spacenet7__panopticon__full_finetune__mc_dropout__42,spacenet7__panopticon__full_finetune__mc_dropout_off__42,spacenet7,MC_minus_Off,entropy,base_risk,3.1140385841831606e-05,-2.8787556689351183e-05,0.00011522273038297688,1000,32,32,10,common-valid fixed32 images; paired group-bootstrap mean of per-image pixel metrics
spacenet7__panopticon__full_finetune__mc_dropout__42,spacenet7__panopticon__full_finetune__mc_dropout_off__42,spacenet7,MC_minus_Off,entropy,aurc,0.0003393369076724031,4.588649710127692e-05,0.0007243838939032853,1000,32,32,10,common-valid fixed32 images; paired group-bootstrap mean of per-image pixel metrics
spacenet7__panopticon__full_finetune__mc_dropout__42,spacenet7__panopticon__full_finetune__mc_dropout_off__42,spacenet7,MC_minus_Off,entropy,auroc,-0.0005812089881500997,-0.0014301636720088335,0.0003593708199201655,1000,32,32,10,common-valid fixed32 images; paired group-bootstrap mean of per-image pixel metrics
spacenet7__panopticon__full_finetune__mc_dropout__42,spacenet7__panopticon__full_finetune__mc_dropout_off__42,spacenet7,MC_minus_Off,entropy,average_precision,-0.0016204006511629566,-0.0044012657752235075,0.0006532322785801952,1000,32,32,10,common-valid fixed32 images; paired group-bootstrap mean of per-image pixel metrics
spacenet7__panopticon__full_finetune__mc_dropout__42,spacenet7__panopticon__full_finetune__mc_dropout_off__42,spacenet7,MC_minus_Off,entropy,risk_at_1,3.1140385841831606e-05,-2.8787556689351183e-05,0.00011522273038297688,1000,32,32,10,common-valid fixed32 images; paired group-bootstrap mean of per-image pixel metrics
spacenet7__panopticon__full_finetune__mc_dropout__42,spacenet7__panopticon__full_finetune__mc_dropout_off__42,spacenet7,MC_minus_Off,entropy,risk_at_0.9,2.9064360119065e-06,-4.20123826700532e-05,4.484260206939942e-05,1000,32,32,10,common-valid fixed32 images; paired group-bootstrap mean of per-image pixel metrics
spacenet7__panopticon__full_finetune__mc_dropout__42,spacenet7__panopticon__full_finetune__mc_dropout_off__42,spacenet7,MC_minus_Off,entropy,risk_at_0.8,1.3390365911983848e-05,-4.1229062013405066e-05,6.368987414300475e-05,1000,32,32,10,common-valid fixed32 images; paired group-bootstrap mean of per-image pixel metrics
spacenet7__panopticon__full_finetune__mc_dropout__42,spacenet7__panopticon__full_finetune__mc_dropout_off__42,spacenet7,MC_minus_Off,entropy,risk_at_0.5,9.964923469387747e-05,-4.807231841600043e-05,0.0002643037776866628,1000,32,32,10,common-valid fixed32 images; paired group-bootstrap mean of per-image pixel metrics
spacenet7__panopticon__full_finetune__mc_dropout__42,spacenet7__panopticon__full_finetune__mc_dropout_off__42,spacenet7,MC_minus_Off,gini_total,base_risk,3.1140385841831606e-05,-2.8787556689351183e-05,0.00011522273038297688,1000,32,32,10,common-valid fixed32 images; paired group-bootstrap mean of per-image pixel metrics
spacenet7__panopticon__full_finetune__mc_dropout__42,spacenet7__panopticon__full_finetune__mc_dropout_off__42,spacenet7,MC_minus_Off,gini_total,aurc,-0.0002790061950714658,-0.000649931567039269,1.732135895758047e-05,1000,32,32,10,common-valid fixed32 images; paired group-bootstrap mean of per-image pixel metrics
spacenet7__panopticon__full_finetune__mc_dropout__42,spacenet7__panopticon__full_finetune__mc_dropout_off__42,spacenet7,MC_minus_Off,gini_total,auroc,-0.00018647760760533497,-0.001009106045320647,0.0005737392792884886,1000,32,32,10,common-valid fixed32 images; paired group-bootstrap mean of per-image pixel metrics
spacenet7__panopticon__full_finetune__mc_dropout__42,spacenet7__panopticon__full_finetune__mc_dropout_off__42,spacenet7,MC_minus_Off,gini_total,average_precision,-0.0014821620621747514,-0.0043359944386471665,0.0008592832897019639,1000,32,32,10,common-valid fixed32 images; paired group-bootstrap mean of per-image pixel metrics
spacenet7__panopticon__full_finetune__mc_dropout__42,spacenet7__panopticon__full_finetune__mc_dropout_off__42,spacenet7,MC_minus_Off,gini_total,risk_at_1,3.1140385841831606e-05,-2.8787556689351183e-05,0.00011522273038297688,1000,32,32,10,common-valid fixed32 images; paired group-bootstrap mean of per-image pixel metrics
spacenet7__panopticon__full_finetune__mc_dropout__42,spacenet7__panopticon__full_finetune__mc_dropout_off__42,spacenet7,MC_minus_Off,gini_total,risk_at_0.9,2.9064360119065e-06,-4.20123826700532e-05,4.484260206939942e-05,1000,32,32,10,common-valid fixed32 images; paired group-bootstrap mean of per-image pixel metrics
spacenet7__panopticon__full_finetune__mc_dropout__42,spacenet7__panopticon__full_finetune__mc_dropout_off__42,spacenet7,MC_minus_Off,gini_total,risk_at_0.8,1.3390365911983848e-05,-4.1229062013405066e-05,6.368987414300475e-05,1000,32,32,10,common-valid fixed32 images; paired group-bootstrap mean of per-image pixel metrics
spacenet7__panopticon__full_finetune__mc_dropout__42,spacenet7__panopticon__full_finetune__mc_dropout_off__42,spacenet7,MC_minus_Off,gini_total,risk_at_0.5,0.00010836854272958996,-3.9889002475990194e-05,0.0002762977766537577,1000,32,32,10,common-valid fixed32 images; paired group-bootstrap mean of per-image pixel metrics
spacenet7__panopticon__full_finetune__mc_dropout__42,spacenet7__panopticon__full_finetune__mc_dropout_off__42,spacenet7,MC_minus_Off,msp,base_risk,3.1140385841831606e-05,-2.8787556689351183e-05,0.00011522273038297688,1000,32,32,10,common-valid fixed32 images; paired group-bootstrap mean of per-image pixel metrics
spacenet7__panopticon__full_finetune__mc_dropout__42,spacenet7__panopticon__full_finetune__mc_dropout_off__42,spacenet7,MC_minus_Off,msp,aurc,-9.311373131183062e-05,-0.0003183434128030143,0.00010274203088272277,1000,32,32,10,common-valid fixed32 images; paired group-bootstrap mean of per-image pixel metrics
spacenet7__panopticon__full_finetune__mc_dropout__42,spacenet7__panopticon__full_finetune__mc_dropout_off__42,spacenet7,MC_minus_Off,msp,auroc,-0.00031285707824312003,-0.0011387396882757968,0.00046455270448854,1000,32,32,10,common-valid fixed32 images; paired group-bootstrap mean of per-image pixel metrics
spacenet7__panopticon__full_finetune__mc_dropout__42,spacenet7__panopticon__full_finetune__mc_dropout_off__42,spacenet7,MC_minus_Off,msp,average_precision,-0.001422905561233128,-0.004279342485774459,0.0009336274041999856,1000,32,32,10,common-valid fixed32 images; paired group-bootstrap mean of per-image pixel metrics
spacenet7__panopticon__full_finetune__mc_dropout__42,spacenet7__panopticon__full_finetune__mc_dropout_off__42,spacenet7,MC_minus_Off,msp,risk_at_1,3.1140385841831606e-05,-2.8787556689351183e-05,0.00011522273038297688,1000,32,32,10,common-valid fixed32 images; paired group-bootstrap mean of per-image pixel metrics
spacenet7__panopticon__full_finetune__mc_dropout__42,spacenet7__panopticon__full_finetune__mc_dropout_off__42,spacenet7,MC_minus_Off,msp,risk_at_0.9,2.9064360119065e-06,-4.20123826700532e-05,4.484260206939942e-05,1000,32,32,10,common-valid fixed32 images; paired group-bootstrap mean of per-image pixel metrics
spacenet7__panopticon__full_finetune__mc_dropout__42,spacenet7__panopticon__full_finetune__mc_dropout_off__42,spacenet7,MC_minus_Off,msp,risk_at_0.8,1.3390365911983848e-05,-4.1229062013405066e-05,6.368987414300475e-05,1000,32,32,10,common-valid fixed32 images; paired group-bootstrap mean of per-image pixel metrics
spacenet7__panopticon__full_finetune__mc_dropout__42,spacenet7__panopticon__full_finetune__mc_dropout_off__42,spacenet7,MC_minus_Off,msp,risk_at_0.5,0.00010303716791078346,-4.4186321972181216e-05,0.0002693648855159125,1000,32,32,10,common-valid fixed32 images; paired group-bootstrap mean of per-image pixel metrics
spacenet7__panopticon__full_finetune__mc_dropout__42,spacenet7__panopticon__full_finetune__mc_dropout_off__42,spacenet7,MC_minus_Off,negative_margin,base_risk,3.1140385841831606e-05,-2.8787556689351183e-05,0.00011522273038297688,1000,32,32,10,common-valid fixed32 images; paired group-bootstrap mean of per-image pixel metrics
spacenet7__panopticon__full_finetune__mc_dropout__42,spacenet7__panopticon__full_finetune__mc_dropout_off__42,spacenet7,MC_minus_Off,negative_margin,aurc,0.00033762442816320695,4.237938110595468e-05,0.0007317195251967715,1000,32,32,10,common-valid fixed32 images; paired group-bootstrap mean of per-image pixel metrics
spacenet7__panopticon__full_finetune__mc_dropout__42,spacenet7__panopticon__full_finetune__mc_dropout_off__42,spacenet7,MC_minus_Off,negative_margin,auroc,-0.0005748523634775578,-0.0014290536327797654,0.0003760122037973059,1000,32,32,10,common-valid fixed32 images; paired group-bootstrap mean of per-image pixel metrics
spacenet7__panopticon__full_finetune__mc_dropout__42,spacenet7__panopticon__full_finetune__mc_dropout_off__42,spacenet7,MC_minus_Off,negative_margin,average_precision,-0.0016189532020509352,-0.004401311854146553,0.0006711871288188375,1000,32,32,10,common-valid fixed32 images; paired group-bootstrap mean of per-image pixel metrics
spacenet7__panopticon__full_finetune__mc_dropout__42,spacenet7__panopticon__full_finetune__mc_dropout_off__42,spacenet7,MC_minus_Off,negative_margin,risk_at_1,3.1140385841831606e-05,-2.8787556689351183e-05,0.00011522273038297688,1000,32,32,10,common-valid fixed32 images; paired group-bootstrap mean of per-image pixel metrics
spacenet7__panopticon__full_finetune__mc_dropout__42,spacenet7__panopticon__full_finetune__mc_dropout_off__42,spacenet7,MC_minus_Off,negative_margin,risk_at_0.9,2.9064360119065e-06,-4.20123826700532e-05,4.484260206939942e-05,1000,32,32,10,common-valid fixed32 images; paired group-bootstrap mean of per-image pixel metrics
spacenet7__panopticon__full_finetune__mc_dropout__42,spacenet7__panopticon__full_finetune__mc_dropout_off__42,spacenet7,MC_minus_Off,negative_margin,risk_at_0.8,1.3390365911983848e-05,-4.1229062013405066e-05,6.368987414300475e-05,1000,32,32,10,common-valid fixed32 images; paired group-bootstrap mean of per-image pixel metrics
spacenet7__panopticon__full_finetune__mc_dropout__42,spacenet7__panopticon__full_finetune__mc_dropout_off__42,spacenet7,MC_minus_Off,negative_margin,risk_at_0.5,9.964923469387747e-05,-4.807231841600043e-05,0.0002643037776866628,1000,32,32,10,common-valid fixed32 images; paired group-bootstrap mean of per-image pixel metrics
spacenet7__panopticon__full_finetune__mc_dropout__42,spacenet7__panopticon__full_finetune__deterministic__42,spacenet7,MC_minus_D,entropy,base_risk,-0.011792241310586739,-0.02093916028482967,-0.003477228215648975,1000,32,32,10,common-valid fixed32 images; paired group-bootstrap mean of per-image pixel metrics
spacenet7__panopticon__full_finetune__mc_dropout__42,spacenet7__panopticon__full_finetune__deterministic__42,spacenet7,MC_minus_D,entropy,aurc,-0.003902016993763834,-0.007363770069648996,-0.0010192171000389814,1000,32,32,10,common-valid fixed32 images; paired group-bootstrap mean of per-image pixel metrics
spacenet7__panopticon__full_finetune__mc_dropout__42,spacenet7__panopticon__full_finetune__deterministic__42,spacenet7,MC_minus_D,entropy,auroc,-0.004816053906312807,-0.015474114036339746,0.006139414372607146,1000,32,32,10,common-valid fixed32 images; paired group-bootstrap mean of per-image pixel metrics
spacenet7__panopticon__full_finetune__mc_dropout__42,spacenet7__panopticon__full_finetune__deterministic__42,spacenet7,MC_minus_D,entropy,average_precision,-0.019895877118646082,-0.048773799775679944,0.015200264454042095,1000,32,32,10,common-valid fixed32 images; paired group-bootstrap mean of per-image pixel metrics
spacenet7__panopticon__full_finetune__mc_dropout__42,spacenet7__panopticon__full_finetune__deterministic__42,spacenet7,MC_minus_D,entropy,risk_at_1,-0.011792241310586739,-0.02093916028482967,-0.003477228215648975,1000,32,32,10,common-valid fixed32 images; paired group-bootstrap mean of per-image pixel metrics
spacenet7__panopticon__full_finetune__mc_dropout__42,spacenet7__panopticon__full_finetune__deterministic__42,spacenet7,MC_minus_D,entropy,risk_at_0.9,-0.009605217412485831,-0.01726130449086564,-0.0029815525540573427,1000,32,32,10,common-valid fixed32 images; paired group-bootstrap mean of per-image pixel metrics
spacenet7__panopticon__full_finetune__mc_dropout__42,spacenet7__panopticon__full_finetune__deterministic__42,spacenet7,MC_minus_D,entropy,risk_at_0.8,-0.006377706722337383,-0.011208670479910737,-0.0020996944920546323,1000,32,32,10,common-valid fixed32 images; paired group-bootstrap mean of per-image pixel metrics
spacenet7__panopticon__full_finetune__mc_dropout__42,spacenet7__panopticon__full_finetune__deterministic__42,spacenet7,MC_minus_D,entropy,risk_at_0.5,-0.0028649154974489744,-0.005149450993435008,-0.000918299934761988,1000,32,32,10,common-valid fixed32 images; paired group-bootstrap mean of per-image pixel metrics
spacenet7__panopticon__full_finetune__mc_dropout__42,spacenet7__panopticon__full_finetune__deterministic__42,spacenet7,MC_minus_D,gini_total,base_risk,-0.011792241310586739,-0.02093916028482967,-0.003477228215648975,1000,32,32,10,common-valid fixed32 images; paired group-bootstrap mean of per-image pixel metrics
spacenet7__panopticon__full_finetune__mc_dropout__42,spacenet7__panopticon__full_finetune__deterministic__42,spacenet7,MC_minus_D,gini_total,aurc,-0.004926484098515914,-0.008826657206570318,-0.001517708393736487,1000,32,32,10,common-valid fixed32 images; paired group-bootstrap mean of per-image pixel metrics
spacenet7__panopticon__full_finetune__mc_dropout__42,spacenet7__panopticon__full_finetune__deterministic__42,spacenet7,MC_minus_D,gini_total,auroc,-0.00375309077777081,-0.014444256669940269,0.007136046625585999,1000,32,32,10,common-valid fixed32 images; paired group-bootstrap mean of per-image pixel metrics
spacenet7__panopticon__full_finetune__mc_dropout__42,spacenet7__panopticon__full_finetune__deterministic__42,spacenet7,MC_minus_D,gini_total,average_precision,-0.019468913715297582,-0.048033135752283025,0.01574317803452985,1000,32,32,10,common-valid fixed32 images; paired group-bootstrap mean of per-image pixel metrics
spacenet7__panopticon__full_finetune__mc_dropout__42,spacenet7__panopticon__full_finetune__deterministic__42,spacenet7,MC_minus_D,gini_total,risk_at_1,-0.011792241310586739,-0.02093916028482967,-0.003477228215648975,1000,32,32,10,common-valid fixed32 images; paired group-bootstrap mean of per-image pixel metrics
spacenet7__panopticon__full_finetune__mc_dropout__42,spacenet7__panopticon__full_finetune__deterministic__42,spacenet7,MC_minus_D,gini_total,risk_at_0.9,-0.009605217412485831,-0.01726130449086564,-0.0029815525540573427,1000,32,32,10,common-valid fixed32 images; paired group-bootstrap mean of per-image pixel metrics
spacenet7__panopticon__full_finetune__mc_dropout__42,spacenet7__panopticon__full_finetune__deterministic__42,spacenet7,MC_minus_D,gini_total,risk_at_0.8,-0.006377551020408174,-0.01120852327081403,-0.0020994515970450653,1000,32,32,10,common-valid fixed32 images; paired group-bootstrap mean of per-image pixel metrics
spacenet7__panopticon__full_finetune__mc_dropout__42,spacenet7__panopticon__full_finetune__deterministic__42,spacenet7,MC_minus_D,gini_total,risk_at_0.5,-0.0028636698820152994,-0.005147979470686121,-0.0009140985075694841,1000,32,32,10,common-valid fixed32 images; paired group-bootstrap mean of per-image pixel metrics
spacenet7__panopticon__full_finetune__mc_dropout__42,spacenet7__panopticon__full_finetune__deterministic__42,spacenet7,MC_minus_D,msp,base_risk,-0.011792241310586739,-0.02093916028482967,-0.003477228215648975,1000,32,32,10,common-valid fixed32 images; paired group-bootstrap mean of per-image pixel metrics
spacenet7__panopticon__full_finetune__mc_dropout__42,spacenet7__panopticon__full_finetune__deterministic__42,spacenet7,MC_minus_D,msp,aurc,-0.004598406908661208,-0.00840017463398715,-0.0013086475939209016,1000,32,32,10,common-valid fixed32 images; paired group-bootstrap mean of per-image pixel metrics
spacenet7__panopticon__full_finetune__mc_dropout__42,spacenet7__panopticon__full_finetune__deterministic__42,spacenet7,MC_minus_D,msp,auroc,-0.004046516539105462,-0.014676744231047234,0.0067898440273618035,1000,32,32,10,common-valid fixed32 images; paired group-bootstrap mean of per-image pixel metrics
spacenet7__panopticon__full_finetune__mc_dropout__42,spacenet7__panopticon__full_finetune__deterministic__42,spacenet7,MC_minus_D,msp,average_precision,-0.01942665264562456,-0.04799732814605926,0.015789163130807186,1000,32,32,10,common-valid fixed32 images; paired group-bootstrap mean of per-image pixel metrics
spacenet7__panopticon__full_finetune__mc_dropout__42,spacenet7__panopticon__full_finetune__deterministic__42,spacenet7,MC_minus_D,msp,risk_at_1,-0.011792241310586739,-0.02093916028482967,-0.003477228215648975,1000,32,32,10,common-valid fixed32 images; paired group-bootstrap mean of per-image pixel metrics
spacenet7__panopticon__full_finetune__mc_dropout__42,spacenet7__panopticon__full_finetune__deterministic__42,spacenet7,MC_minus_D,msp,risk_at_0.9,-0.009605217412485831,-0.01726130449086564,-0.0029815525540573427,1000,32,32,10,common-valid fixed32 images; paired group-bootstrap mean of per-image pixel metrics
spacenet7__panopticon__full_finetune__mc_dropout__42,spacenet7__panopticon__full_finetune__deterministic__42,spacenet7,MC_minus_D,msp,risk_at_0.8,-0.0063774731694435675,-0.011208449666265673,-0.00209933014954028,1000,32,32,10,common-valid fixed32 images; paired group-bootstrap mean of per-image pixel metrics
spacenet7__panopticon__full_finetune__mc_dropout__42,spacenet7__panopticon__full_finetune__deterministic__42,spacenet7,MC_minus_D,msp,risk_at_0.5,-0.0028647963257448896,-0.005147498653269786,-0.0009163054786834998,1000,32,32,10,common-valid fixed32 images; paired group-bootstrap mean of per-image pixel metrics
spacenet7__panopticon__full_finetune__mc_dropout__42,spacenet7__panopticon__full_finetune__deterministic__42,spacenet7,MC_minus_D,negative_margin,base_risk,-0.011792241310586739,-0.02093916028482967,-0.003477228215648975,1000,32,32,10,common-valid fixed32 images; paired group-bootstrap mean of per-image pixel metrics
spacenet7__panopticon__full_finetune__mc_dropout__42,spacenet7__panopticon__full_finetune__deterministic__42,spacenet7,MC_minus_D,negative_margin,aurc,-0.003975017407646186,-0.007558816853156486,-0.0010415950009552615,1000,32,32,10,common-valid fixed32 images; paired group-bootstrap mean of per-image pixel metrics
spacenet7__panopticon__full_finetune__mc_dropout__42,spacenet7__panopticon__full_finetune__deterministic__42,spacenet7,MC_minus_D,negative_margin,auroc,-0.004785085327767436,-0.015446359132416133,0.006161172096835028,1000,32,32,10,common-valid fixed32 images; paired group-bootstrap mean of per-image pixel metrics
spacenet7__panopticon__full_finetune__mc_dropout__42,spacenet7__panopticon__full_finetune__deterministic__42,spacenet7,MC_minus_D,negative_margin,average_precision,-0.01986728369288822,-0.04871947454525617,0.015235057713481116,1000,32,32,10,common-valid fixed32 images; paired group-bootstrap mean of per-image pixel metrics
spacenet7__panopticon__full_finetune__mc_dropout__42,spacenet7__panopticon__full_finetune__deterministic__42,spacenet7,MC_minus_D,negative_margin,risk_at_1,-0.011792241310586739,-0.02093916028482967,-0.003477228215648975,1000,32,32,10,common-valid fixed32 images; paired group-bootstrap mean of per-image pixel metrics
spacenet7__panopticon__full_finetune__mc_dropout__42,spacenet7__panopticon__full_finetune__deterministic__42,spacenet7,MC_minus_D,negative_margin,risk_at_0.9,-0.009605217412485831,-0.01726130449086564,-0.0029815525540573427,1000,32,32,10,common-valid fixed32 images; paired group-bootstrap mean of per-image pixel metrics
spacenet7__panopticon__full_finetune__mc_dropout__42,spacenet7__panopticon__full_finetune__deterministic__42,spacenet7,MC_minus_D,negative_margin,risk_at_0.8,-0.006377706722337383,-0.011208670479910737,-0.0020996944920546323,1000,32,32,10,common-valid fixed32 images; paired group-bootstrap mean of per-image pixel metrics
spacenet7__panopticon__full_finetune__mc_dropout__42,spacenet7__panopticon__full_finetune__deterministic__42,spacenet7,MC_minus_D,negative_margin,risk_at_0.5,-0.0028649154974489744,-0.005149450993435008,-0.000918299934761988,1000,32,32,10,common-valid fixed32 images; paired group-bootstrap mean of per-image pixel metrics
spacenet7__panopticon__full_finetune__mc_dropout__42,spacenet7__panopticon__frozen__mc_dropout__42,spacenet7,full_recipe_minus_frozen_recipe,entropy,base_risk,-0.002073326889349493,-0.005067850316446242,0.0007640397467580732,1000,32,32,10,common-valid fixed32 images; paired group-bootstrap mean of per-image pixel metrics
spacenet7__panopticon__full_finetune__mc_dropout__42,spacenet7__panopticon__frozen__mc_dropout__42,spacenet7,full_recipe_minus_frozen_recipe,entropy,aurc,-0.0019291594184409535,-0.003915893516981493,-0.00024755440302617123,1000,32,32,10,common-valid fixed32 images; paired group-bootstrap mean of per-image pixel metrics
spacenet7__panopticon__full_finetune__mc_dropout__42,spacenet7__panopticon__frozen__mc_dropout__42,spacenet7,full_recipe_minus_frozen_recipe,entropy,auroc,0.0018832037033492247,-0.017282092119142552,0.021865286802278727,1000,31,32,10,common-valid fixed32 images; paired group-bootstrap mean of per-image pixel metrics
spacenet7__panopticon__full_finetune__mc_dropout__42,spacenet7__panopticon__frozen__mc_dropout__42,spacenet7,full_recipe_minus_frozen_recipe,entropy,average_precision,0.029342581529441185,0.010191866238919602,0.05213125727460887,1000,31,32,10,common-valid fixed32 images; paired group-bootstrap mean of per-image pixel metrics
spacenet7__panopticon__full_finetune__mc_dropout__42,spacenet7__panopticon__frozen__mc_dropout__42,spacenet7,full_recipe_minus_frozen_recipe,entropy,risk_at_1,-0.002073326889349493,-0.005067850316446242,0.0007640397467580732,1000,32,32,10,common-valid fixed32 images; paired group-bootstrap mean of per-image pixel metrics
spacenet7__panopticon__full_finetune__mc_dropout__42,spacenet7__panopticon__frozen__mc_dropout__42,spacenet7,full_recipe_minus_frozen_recipe,entropy,risk_at_0.9,-0.0030127285289115696,-0.005767006650001961,-0.000537545101778146,1000,32,32,10,common-valid fixed32 images; paired group-bootstrap mean of per-image pixel metrics
spacenet7__panopticon__full_finetune__mc_dropout__42,spacenet7__panopticon__frozen__mc_dropout__42,spacenet7,full_recipe_minus_frozen_recipe,entropy,risk_at_0.8,-0.0032507448780293383,-0.005907166595014127,-0.0009439775411860248,1000,32,32,10,common-valid fixed32 images; paired group-bootstrap mean of per-image pixel metrics
spacenet7__panopticon__full_finetune__mc_dropout__42,spacenet7__panopticon__frozen__mc_dropout__42,spacenet7,full_recipe_minus_frozen_recipe,entropy,risk_at_0.5,-0.003264758051658161,-0.0065844619899829435,-0.0005373086734693944,1000,32,32,10,common-valid fixed32 images; paired group-bootstrap mean of per-image pixel metrics
spacenet7__panopticon__full_finetune__mc_dropout__42,spacenet7__panopticon__frozen__mc_dropout__42,spacenet7,full_recipe_minus_frozen_recipe,expected_entropy,base_risk,-0.002073326889349493,-0.005067850316446242,0.0007640397467580732,1000,32,32,10,common-valid fixed32 images; paired group-bootstrap mean of per-image pixel metrics
spacenet7__panopticon__full_finetune__mc_dropout__42,spacenet7__panopticon__frozen__mc_dropout__42,spacenet7,full_recipe_minus_frozen_recipe,expected_entropy,aurc,-0.0019482962250086213,-0.003938905016774737,-0.0002529442159051951,1000,32,32,10,common-valid fixed32 images; paired group-bootstrap mean of per-image pixel metrics
spacenet7__panopticon__full_finetune__mc_dropout__42,spacenet7__panopticon__frozen__mc_dropout__42,spacenet7,full_recipe_minus_frozen_recipe,expected_entropy,auroc,0.0022575969797257716,-0.017127288475103326,0.02286862919120522,1000,31,32,10,common-valid fixed32 images; paired group-bootstrap mean of per-image pixel metrics
spacenet7__panopticon__full_finetune__mc_dropout__42,spacenet7__panopticon__frozen__mc_dropout__42,spacenet7,full_recipe_minus_frozen_recipe,expected_entropy,average_precision,0.038706371717105906,0.012689672757745291,0.0689990720075854,1000,31,32,10,common-valid fixed32 images; paired group-bootstrap mean of per-image pixel metrics
spacenet7__panopticon__full_finetune__mc_dropout__42,spacenet7__panopticon__frozen__mc_dropout__42,spacenet7,full_recipe_minus_frozen_recipe,expected_entropy,risk_at_1,-0.002073326889349493,-0.005067850316446242,0.0007640397467580732,1000,32,32,10,common-valid fixed32 images; paired group-bootstrap mean of per-image pixel metrics
spacenet7__panopticon__full_finetune__mc_dropout__42,spacenet7__panopticon__frozen__mc_dropout__42,spacenet7,full_recipe_minus_frozen_recipe,expected_entropy,risk_at_0.9,-0.0030463601456207426,-0.005809645832111567,-0.0006159840180026549,1000,32,32,10,common-valid fixed32 images; paired group-bootstrap mean of per-image pixel metrics
spacenet7__panopticon__full_finetune__mc_dropout__42,spacenet7__panopticon__frozen__mc_dropout__42,spacenet7,full_recipe_minus_frozen_recipe,expected_entropy,risk_at_0.8,-0.0032884247448979583,-0.005930023064205695,-0.0009962978945587703,1000,32,32,10,common-valid fixed32 images; paired group-bootstrap mean of per-image pixel metrics
spacenet7__panopticon__full_finetune__mc_dropout__42,spacenet7__panopticon__frozen__mc_dropout__42,spacenet7,full_recipe_minus_frozen_recipe,expected_entropy,risk_at_0.5,-0.003288424744897967,-0.006622917848653263,-0.0005617431768380524,1000,32,32,10,common-valid fixed32 images; paired group-bootstrap mean of per-image pixel metrics
spacenet7__panopticon__full_finetune__mc_dropout__42,spacenet7__panopticon__frozen__mc_dropout__42,spacenet7,full_recipe_minus_frozen_recipe,gini_disagreement,base_risk,-0.002073326889349493,-0.005067850316446242,0.0007640397467580732,1000,32,32,10,common-valid fixed32 images; paired group-bootstrap mean of per-image pixel metrics
spacenet7__panopticon__full_finetune__mc_dropout__42,spacenet7__panopticon__frozen__mc_dropout__42,spacenet7,full_recipe_minus_frozen_recipe,gini_disagreement,aurc,-0.0012705463709261164,-0.0028538083304279196,4.899828683439679e-05,1000,32,32,10,common-valid fixed32 images; paired group-bootstrap mean of per-image pixel metrics
spacenet7__panopticon__full_finetune__mc_dropout__42,spacenet7__panopticon__frozen__mc_dropout__42,spacenet7,full_recipe_minus_frozen_recipe,gini_disagreement,auroc,-0.005056948996823794,-0.02215069270039725,0.012454849267507135,1000,31,32,10,common-valid fixed32 images; paired group-bootstrap mean of per-image pixel metrics
spacenet7__panopticon__full_finetune__mc_dropout__42,spacenet7__panopticon__frozen__mc_dropout__42,spacenet7,full_recipe_minus_frozen_recipe,gini_disagreement,average_precision,-0.09577568826464068,-0.1782379466277052,-0.030491083873279465,1000,31,32,10,common-valid fixed32 images; paired group-bootstrap mean of per-image pixel metrics
spacenet7__panopticon__full_finetune__mc_dropout__42,spacenet7__panopticon__frozen__mc_dropout__42,spacenet7,full_recipe_minus_frozen_recipe,gini_disagreement,risk_at_1,-0.002073326889349493,-0.005067850316446242,0.0007640397467580732,1000,32,32,10,common-valid fixed32 images; paired group-bootstrap mean of per-image pixel metrics
spacenet7__panopticon__full_finetune__mc_dropout__42,spacenet7__panopticon__frozen__mc_dropout__42,spacenet7,full_recipe_minus_frozen_recipe,gini_disagreement,risk_at_0.9,0.000693807796556113,-0.0015238864678786847,0.0032805545057529037,1000,32,32,10,common-valid fixed32 images; paired group-bootstrap mean of per-image pixel metrics
spacenet7__panopticon__full_finetune__mc_dropout__42,spacenet7__panopticon__frozen__mc_dropout__42,spacenet7,full_recipe_minus_frozen_recipe,gini_disagreement,risk_at_0.8,-0.0011654289401307394,-0.0032069140064473066,0.0009158920084062645,1000,32,32,10,common-valid fixed32 images; paired group-bootstrap mean of per-image pixel metrics
spacenet7__panopticon__full_finetune__mc_dropout__42,spacenet7__panopticon__frozen__mc_dropout__42,spacenet7,full_recipe_minus_frozen_recipe,gini_disagreement,risk_at_0.5,-0.003153898278061225,-0.006326876858894475,-0.0005423787057436699,1000,32,32,10,common-valid fixed32 images; paired group-bootstrap mean of per-image pixel metrics
spacenet7__panopticon__full_finetune__mc_dropout__42,spacenet7__panopticon__frozen__mc_dropout__42,spacenet7,full_recipe_minus_frozen_recipe,gini_expected,base_risk,-0.002073326889349493,-0.005067850316446242,0.0007640397467580732,1000,32,32,10,common-valid fixed32 images; paired group-bootstrap mean of per-image pixel metrics
spacenet7__panopticon__full_finetune__mc_dropout__42,spacenet7__panopticon__frozen__mc_dropout__42,spacenet7,full_recipe_minus_frozen_recipe,gini_expected,aurc,-0.0014197418195888742,-0.003151506226138087,0.00010865252142728441,1000,32,32,10,common-valid fixed32 images; paired group-bootstrap mean of per-image pixel metrics
spacenet7__panopticon__full_finetune__mc_dropout__42,spacenet7__panopticon__frozen__mc_dropout__42,spacenet7,full_recipe_minus_frozen_recipe,gini_expected,auroc,0.0017890636562606186,-0.017305806605448247,0.021780558657557018,1000,31,32,10,common-valid fixed32 images; paired group-bootstrap mean of per-image pixel metrics
spacenet7__panopticon__full_finetune__mc_dropout__42,spacenet7__panopticon__frozen__mc_dropout__42,spacenet7,full_recipe_minus_frozen_recipe,gini_expected,average_precision,0.0384175316820663,0.01247655341892319,0.0687898884156467,1000,31,32,10,common-valid fixed32 images; paired group-bootstrap mean of per-image pixel metrics
spacenet7__panopticon__full_finetune__mc_dropout__42,spacenet7__panopticon__frozen__mc_dropout__42,spacenet7,full_recipe_minus_frozen_recipe,gini_expected,risk_at_1,-0.002073326889349493,-0.005067850316446242,0.0007640397467580732,1000,32,32,10,common-valid fixed32 images; paired group-bootstrap mean of per-image pixel metrics
spacenet7__panopticon__full_finetune__mc_dropout__42,spacenet7__panopticon__frozen__mc_dropout__42,spacenet7,full_recipe_minus_frozen_recipe,gini_expected,risk_at_0.9,-0.0030322431707057894,-0.005796645615861302,-0.0005932777338055786,1000,32,32,10,common-valid fixed32 images; paired group-bootstrap mean of per-image pixel metrics
spacenet7__panopticon__full_finetune__mc_dropout__42,spacenet7__panopticon__frozen__mc_dropout__42,spacenet7,full_recipe_minus_frozen_recipe,gini_expected,risk_at_0.8,-0.0032544817243303683,-0.005906361393608811,-0.0009547581418587525,1000,32,32,10,common-valid fixed32 images; paired group-bootstrap mean of per-image pixel metrics
spacenet7__panopticon__full_finetune__mc_dropout__42,spacenet7__panopticon__frozen__mc_dropout__42,spacenet7,full_recipe_minus_frozen_recipe,gini_expected,risk_at_0.5,-0.0032660036670918327,-0.006586817335530249,-0.000537308673469392,1000,32,32,10,common-valid fixed32 images; paired group-bootstrap mean of per-image pixel metrics
spacenet7__panopticon__full_finetune__mc_dropout__42,spacenet7__panopticon__frozen__mc_dropout__42,spacenet7,full_recipe_minus_frozen_recipe,gini_total,base_risk,-0.002073326889349493,-0.005067850316446242,0.0007640397467580732,1000,32,32,10,common-valid fixed32 images; paired group-bootstrap mean of per-image pixel metrics
spacenet7__panopticon__full_finetune__mc_dropout__42,spacenet7__panopticon__frozen__mc_dropout__42,spacenet7,full_recipe_minus_frozen_recipe,gini_total,aurc,-0.00112928233102904,-0.0027158260956602,0.00033090107877868267,1000,32,32,10,common-valid fixed32 images; paired group-bootstrap mean of per-image pixel metrics
spacenet7__panopticon__full_finetune__mc_dropout__42,spacenet7__panopticon__frozen__mc_dropout__42,spacenet7,full_recipe_minus_frozen_recipe,gini_total,auroc,0.001631931883129672,-0.01737482939451328,0.021630954143388056,1000,31,32,10,common-valid fixed32 images; paired group-bootstrap mean of per-image pixel metrics
spacenet7__panopticon__full_finetune__mc_dropout__42,spacenet7__panopticon__frozen__mc_dropout__42,spacenet7,full_recipe_minus_frozen_recipe,gini_total,average_precision,0.02923923199410547,0.010001795248581247,0.05207125108752481,1000,31,32,10,common-valid fixed32 images; paired group-bootstrap mean of per-image pixel metrics
spacenet7__panopticon__full_finetune__mc_dropout__42,spacenet7__panopticon__frozen__mc_dropout__42,spacenet7,full_recipe_minus_frozen_recipe,gini_total,risk_at_1,-0.002073326889349493,-0.005067850316446242,0.0007640397467580732,1000,32,32,10,common-valid fixed32 images; paired group-bootstrap mean of per-image pixel metrics
spacenet7__panopticon__full_finetune__mc_dropout__42,spacenet7__panopticon__frozen__mc_dropout__42,spacenet7,full_recipe_minus_frozen_recipe,gini_total,risk_at_0.9,-0.0030127285289115696,-0.005767006650001961,-0.000537545101778146,1000,32,32,10,common-valid fixed32 images; paired group-bootstrap mean of per-image pixel metrics
spacenet7__panopticon__full_finetune__mc_dropout__42,spacenet7__panopticon__frozen__mc_dropout__42,spacenet7,full_recipe_minus_frozen_recipe,gini_total,risk_at_0.8,-0.0032507448780293383,-0.005907166595014127,-0.0009439775411860248,1000,32,32,10,common-valid fixed32 images; paired group-bootstrap mean of per-image pixel metrics
spacenet7__panopticon__full_finetune__mc_dropout__42,spacenet7__panopticon__frozen__mc_dropout__42,spacenet7,full_recipe_minus_frozen_recipe,gini_total,risk_at_0.5,-0.003264758051658161,-0.0065844619899829435,-0.0005373086734693944,1000,32,32,10,common-valid fixed32 images; paired group-bootstrap mean of per-image pixel metrics
spacenet7__panopticon__full_finetune__mc_dropout__42,spacenet7__panopticon__frozen__mc_dropout__42,spacenet7,full_recipe_minus_frozen_recipe,msp,base_risk,-0.002073326889349493,-0.005067850316446242,0.0007640397467580732,1000,32,32,10,common-valid fixed32 images; paired group-bootstrap mean of per-image pixel metrics
spacenet7__panopticon__full_finetune__mc_dropout__42,spacenet7__panopticon__frozen__mc_dropout__42,spacenet7,full_recipe_minus_frozen_recipe,msp,aurc,-0.0014488912204731585,-0.00316056621984824,8.300423379490876e-05,1000,32,32,10,common-valid fixed32 images; paired group-bootstrap mean of per-image pixel metrics
spacenet7__panopticon__full_finetune__mc_dropout__42,spacenet7__panopticon__frozen__mc_dropout__42,spacenet7,full_recipe_minus_frozen_recipe,msp,auroc,0.0017035997976626081,-0.017356164684862504,0.02169905203256513,1000,31,32,10,common-valid fixed32 images; paired group-bootstrap mean of per-image pixel metrics
spacenet7__panopticon__full_finetune__mc_dropout__42,spacenet7__panopticon__frozen__mc_dropout__42,spacenet7,full_recipe_minus_frozen_recipe,msp,average_precision,0.029180063339298592,0.00990961175306123,0.0520391770405952,1000,31,32,10,common-valid fixed32 images; paired group-bootstrap mean of per-image pixel metrics
spacenet7__panopticon__full_finetune__mc_dropout__42,spacenet7__panopticon__frozen__mc_dropout__42,spacenet7,full_recipe_minus_frozen_recipe,msp,risk_at_1,-0.002073326889349493,-0.005067850316446242,0.0007640397467580732,1000,32,32,10,common-valid fixed32 images; paired group-bootstrap mean of per-image pixel metrics
spacenet7__panopticon__full_finetune__mc_dropout__42,spacenet7__panopticon__frozen__mc_dropout__42,spacenet7,full_recipe_minus_frozen_recipe,msp,risk_at_0.9,-0.0030127285289115696,-0.005767006650001961,-0.000537545101778146,1000,32,32,10,common-valid fixed32 images; paired group-bootstrap mean of per-image pixel metrics
spacenet7__panopticon__full_finetune__mc_dropout__42,spacenet7__panopticon__frozen__mc_dropout__42,spacenet7,full_recipe_minus_frozen_recipe,msp,risk_at_0.8,-0.0032507448780293383,-0.005907166595014127,-0.0009439775411860248,1000,32,32,10,common-valid fixed32 images; paired group-bootstrap mean of per-image pixel metrics
spacenet7__panopticon__full_finetune__mc_dropout__42,spacenet7__panopticon__frozen__mc_dropout__42,spacenet7,full_recipe_minus_frozen_recipe,msp,risk_at_0.5,-0.0032650442630414514,-0.006584443410677274,-0.000538227410290002,1000,32,32,10,common-valid fixed32 images; paired group-bootstrap mean of per-image pixel metrics
spacenet7__panopticon__full_finetune__mc_dropout__42,spacenet7__panopticon__frozen__mc_dropout__42,spacenet7,full_recipe_minus_frozen_recipe,mutual_information,base_risk,-0.002073326889349493,-0.005067850316446242,0.0007640397467580732,1000,32,32,10,common-valid fixed32 images; paired group-bootstrap mean of per-image pixel metrics
spacenet7__panopticon__full_finetune__mc_dropout__42,spacenet7__panopticon__frozen__mc_dropout__42,spacenet7,full_recipe_minus_frozen_recipe,mutual_information,aurc,-0.0022330223171993908,-0.0044595042153753595,-0.0002625888576776091,1000,32,32,10,common-valid fixed32 images; paired group-bootstrap mean of per-image pixel metrics
spacenet7__panopticon__full_finetune__mc_dropout__42,spacenet7__panopticon__frozen__mc_dropout__42,spacenet7,full_recipe_minus_frozen_recipe,mutual_information,auroc,0.0015617116510010843,-0.016895348385132427,0.01912772701694415,1000,31,32,10,common-valid fixed32 images; paired group-bootstrap mean of per-image pixel metrics
spacenet7__panopticon__full_finetune__mc_dropout__42,spacenet7__panopticon__frozen__mc_dropout__42,spacenet7,full_recipe_minus_frozen_recipe,mutual_information,average_precision,-0.06589307194714832,-0.11615501171542247,-0.020435711660076846,1000,31,32,10,common-valid fixed32 images; paired group-bootstrap mean of per-image pixel metrics
spacenet7__panopticon__full_finetune__mc_dropout__42,spacenet7__panopticon__frozen__mc_dropout__42,spacenet7,full_recipe_minus_frozen_recipe,mutual_information,risk_at_1,-0.002073326889349493,-0.005067850316446242,0.0007640397467580732,1000,32,32,10,common-valid fixed32 images; paired group-bootstrap mean of per-image pixel metrics
spacenet7__panopticon__full_finetune__mc_dropout__42,spacenet7__panopticon__frozen__mc_dropout__42,spacenet7,full_recipe_minus_frozen_recipe,mutual_information,risk_at_0.9,0.0005858544589710762,-0.0009119811842561284,0.002546834288603258,1000,32,32,10,common-valid fixed32 images; paired group-bootstrap mean of per-image pixel metrics
spacenet7__panopticon__full_finetune__mc_dropout__42,spacenet7__panopticon__frozen__mc_dropout__42,spacenet7,full_recipe_minus_frozen_recipe,mutual_information,risk_at_0.8,-0.0008850097656249974,-0.0028537538275036503,0.0014179270004068432,1000,32,32,10,common-valid fixed32 images; paired group-bootstrap mean of per-image pixel metrics
spacenet7__panopticon__full_finetune__mc_dropout__42,spacenet7__panopticon__frozen__mc_dropout__42,spacenet7,full_recipe_minus_frozen_recipe,mutual_information,risk_at_0.5,-0.005660076530612261,-0.01093688924662608,-0.0010946131382240597,1000,32,32,10,common-valid fixed32 images; paired group-bootstrap mean of per-image pixel metrics
spacenet7__panopticon__full_finetune__mc_dropout__42,spacenet7__panopticon__frozen__mc_dropout__42,spacenet7,full_recipe_minus_frozen_recipe,negative_margin,base_risk,-0.002073326889349493,-0.005067850316446242,0.0007640397467580732,1000,32,32,10,common-valid fixed32 images; paired group-bootstrap mean of per-image pixel metrics
spacenet7__panopticon__full_finetune__mc_dropout__42,spacenet7__panopticon__frozen__mc_dropout__42,spacenet7,full_recipe_minus_frozen_recipe,negative_margin,aurc,-0.0019205097609990864,-0.00391096606991469,-0.000249523264622688,1000,32,32,10,common-valid fixed32 images; paired group-bootstrap mean of per-image pixel metrics
spacenet7__panopticon__full_finetune__mc_dropout__42,spacenet7__panopticon__frozen__mc_dropout__42,spacenet7,full_recipe_minus_frozen_recipe,negative_margin,auroc,0.0018878486140616387,-0.017267389801895953,0.021863657605460326,1000,31,32,10,common-valid fixed32 images; paired group-bootstrap mean of per-image pixel metrics
spacenet7__panopticon__full_finetune__mc_dropout__42,spacenet7__panopticon__frozen__mc_dropout__42,spacenet7,full_recipe_minus_frozen_recipe,negative_margin,average_precision,0.029345269201646963,0.010191915046036464,0.05213042074571355,1000,31,32,10,common-valid fixed32 images; paired group-bootstrap mean of per-image pixel metrics
spacenet7__panopticon__full_finetune__mc_dropout__42,spacenet7__panopticon__frozen__mc_dropout__42,spacenet7,full_recipe_minus_frozen_recipe,negative_margin,risk_at_1,-0.002073326889349493,-0.005067850316446242,0.0007640397467580732,1000,32,32,10,common-valid fixed32 images; paired group-bootstrap mean of per-image pixel metrics
spacenet7__panopticon__full_finetune__mc_dropout__42,spacenet7__panopticon__frozen__mc_dropout__42,spacenet7,full_recipe_minus_frozen_recipe,negative_margin,risk_at_0.9,-0.0030127285289115696,-0.005767006650001961,-0.000537545101778146,1000,32,32,10,common-valid fixed32 images; paired group-bootstrap mean of per-image pixel metrics
spacenet7__panopticon__full_finetune__mc_dropout__42,spacenet7__panopticon__frozen__mc_dropout__42,spacenet7,full_recipe_minus_frozen_recipe,negative_margin,risk_at_0.8,-0.0032507448780293383,-0.005907166595014127,-0.0009439775411860248,1000,32,32,10,common-valid fixed32 images; paired group-bootstrap mean of per-image pixel metrics
spacenet7__panopticon__full_finetune__mc_dropout__42,spacenet7__panopticon__frozen__mc_dropout__42,spacenet7,full_recipe_minus_frozen_recipe,negative_margin,risk_at_0.5,-0.003264758051658161,-0.0065844619899829435,-0.0005373086734693944,1000,32,32,10,common-valid fixed32 images; paired group-bootstrap mean of per-image pixel metrics
spacenet7__panopticon__full_finetune__mc_dropout__42,spacenet7__dofa__full_finetune__mc_dropout__42,spacenet7,Pan_configuration_minus_DOFA_configuration,entropy,base_risk,0.006692691725127542,0.0024454323740958172,0.011891461859449528,1000,32,32,10,common-valid fixed32 images; paired group-bootstrap mean of per-image pixel metrics
spacenet7__panopticon__full_finetune__mc_dropout__42,spacenet7__dofa__full_finetune__mc_dropout__42,spacenet7,Pan_configuration_minus_DOFA_configuration,entropy,aurc,0.0029803338840656895,0.0008636197703997289,0.005793670399996089,1000,32,32,10,common-valid fixed32 images; paired group-bootstrap mean of per-image pixel metrics
spacenet7__panopticon__full_finetune__mc_dropout__42,spacenet7__dofa__full_finetune__mc_dropout__42,spacenet7,Pan_configuration_minus_DOFA_configuration,entropy,auroc,-0.0033233642273458883,-0.026574882268853534,0.01571126682588986,1000,29,32,10,common-valid fixed32 images; paired group-bootstrap mean of per-image pixel metrics
spacenet7__panopticon__full_finetune__mc_dropout__42,spacenet7__dofa__full_finetune__mc_dropout__42,spacenet7,Pan_configuration_minus_DOFA_configuration,entropy,average_precision,0.03540020672506023,0.01663710965472402,0.05143047751157742,1000,29,32,10,common-valid fixed32 images; paired group-bootstrap mean of per-image pixel metrics
spacenet7__panopticon__full_finetune__mc_dropout__42,spacenet7__dofa__full_finetune__mc_dropout__42,spacenet7,Pan_configuration_minus_DOFA_configuration,entropy,risk_at_1,0.006692691725127542,0.0024454323740958172,0.011891461859449528,1000,32,32,10,common-valid fixed32 images; paired group-bootstrap mean of per-image pixel metrics
spacenet7__panopticon__full_finetune__mc_dropout__42,spacenet7__dofa__full_finetune__mc_dropout__42,spacenet7,Pan_configuration_minus_DOFA_configuration,entropy,risk_at_0.9,0.0030518962142148573,0.0005719910108337882,0.006812272821804336,1000,32,32,10,common-valid fixed32 images; paired group-bootstrap mean of per-image pixel metrics
spacenet7__panopticon__full_finetune__mc_dropout__42,spacenet7__dofa__full_finetune__mc_dropout__42,spacenet7,Pan_configuration_minus_DOFA_configuration,entropy,risk_at_0.8,0.0020247478874362143,0.00034353717770590114,0.004300309339695678,1000,32,32,10,common-valid fixed32 images; paired group-bootstrap mean of per-image pixel metrics
spacenet7__panopticon__full_finetune__mc_dropout__42,spacenet7__dofa__full_finetune__mc_dropout__42,spacenet7,Pan_configuration_minus_DOFA_configuration,entropy,risk_at_0.5,0.0015869140625000043,9.632522093659348e-05,0.003262005069344858,1000,32,32,10,common-valid fixed32 images; paired group-bootstrap mean of per-image pixel metrics
spacenet7__panopticon__full_finetune__mc_dropout__42,spacenet7__dofa__full_finetune__mc_dropout__42,spacenet7,Pan_configuration_minus_DOFA_configuration,expected_entropy,base_risk,0.006692691725127542,0.0024454323740958172,0.011891461859449528,1000,32,32,10,common-valid fixed32 images; paired group-bootstrap mean of per-image pixel metrics
spacenet7__panopticon__full_finetune__mc_dropout__42,spacenet7__dofa__full_finetune__mc_dropout__42,spacenet7,Pan_configuration_minus_DOFA_configuration,expected_entropy,aurc,0.0029672438370825453,0.0008551157468653625,0.005758751201015826,1000,32,32,10,common-valid fixed32 images; paired group-bootstrap mean of per-image pixel metrics
spacenet7__panopticon__full_finetune__mc_dropout__42,spacenet7__dofa__full_finetune__mc_dropout__42,spacenet7,Pan_configuration_minus_DOFA_configuration,expected_entropy,auroc,-0.0032286032677004695,-0.026372434227473616,0.015671473746110408,1000,29,32,10,common-valid fixed32 images; paired group-bootstrap mean of per-image pixel metrics
spacenet7__panopticon__full_finetune__mc_dropout__42,spacenet7__dofa__full_finetune__mc_dropout__42,spacenet7,Pan_configuration_minus_DOFA_configuration,expected_entropy,average_precision,0.03773676369986992,0.018535350336768994,0.05419166868000878,1000,29,32,10,common-valid fixed32 images; paired group-bootstrap mean of per-image pixel metrics
spacenet7__panopticon__full_finetune__mc_dropout__42,spacenet7__dofa__full_finetune__mc_dropout__42,spacenet7,Pan_configuration_minus_DOFA_configuration,expected_entropy,risk_at_1,0.006692691725127542,0.0024454323740958172,0.011891461859449528,1000,32,32,10,common-valid fixed32 images; paired group-bootstrap mean of per-image pixel metrics
spacenet7__panopticon__full_finetune__mc_dropout__42,spacenet7__dofa__full_finetune__mc_dropout__42,spacenet7,Pan_configuration_minus_DOFA_configuration,expected_entropy,risk_at_0.9,0.003050789000496042,0.0005699292446816215,0.006776992439430026,1000,32,32,10,common-valid fixed32 images; paired group-bootstrap mean of per-image pixel metrics
spacenet7__panopticon__full_finetune__mc_dropout__42,spacenet7__dofa__full_finetune__mc_dropout__42,spacenet7,Pan_configuration_minus_DOFA_configuration,expected_entropy,risk_at_0.8,0.0020340900031887727,0.0003493863255476053,0.0043196740675586895,1000,32,32,10,common-valid fixed32 images; paired group-bootstrap mean of per-image pixel metrics
spacenet7__panopticon__full_finetune__mc_dropout__42,spacenet7__dofa__full_finetune__mc_dropout__42,spacenet7,Pan_configuration_minus_DOFA_configuration,expected_entropy,risk_at_0.5,0.0015582649075255044,9.499063297194189e-05,0.003206556240007514,1000,32,32,10,common-valid fixed32 images; paired group-bootstrap mean of per-image pixel metrics
spacenet7__panopticon__full_finetune__mc_dropout__42,spacenet7__dofa__full_finetune__mc_dropout__42,spacenet7,Pan_configuration_minus_DOFA_configuration,gini_disagreement,base_risk,0.006692691725127542,0.0024454323740958172,0.011891461859449528,1000,32,32,10,common-valid fixed32 images; paired group-bootstrap mean of per-image pixel metrics
spacenet7__panopticon__full_finetune__mc_dropout__42,spacenet7__dofa__full_finetune__mc_dropout__42,spacenet7,Pan_configuration_minus_DOFA_configuration,gini_disagreement,aurc,-0.000341905118969117,-0.001553991852899749,0.0008855076696502202,1000,32,32,10,common-valid fixed32 images; paired group-bootstrap mean of per-image pixel metrics
spacenet7__panopticon__full_finetune__mc_dropout__42,spacenet7__dofa__full_finetune__mc_dropout__42,spacenet7,Pan_configuration_minus_DOFA_configuration,gini_disagreement,auroc,0.02536460724696786,-0.0034594712680780363,0.051386082405796736,1000,29,32,10,common-valid fixed32 images; paired group-bootstrap mean of per-image pixel metrics
spacenet7__panopticon__full_finetune__mc_dropout__42,spacenet7__dofa__full_finetune__mc_dropout__42,spacenet7,Pan_configuration_minus_DOFA_configuration,gini_disagreement,average_precision,0.08784361988294523,0.07554775562555652,0.1031657917001618,1000,29,32,10,common-valid fixed32 images; paired group-bootstrap mean of per-image pixel metrics
spacenet7__panopticon__full_finetune__mc_dropout__42,spacenet7__dofa__full_finetune__mc_dropout__42,spacenet7,Pan_configuration_minus_DOFA_configuration,gini_disagreement,risk_at_1,0.006692691725127542,0.0024454323740958172,0.011891461859449528,1000,32,32,10,common-valid fixed32 images; paired group-bootstrap mean of per-image pixel metrics
spacenet7__panopticon__full_finetune__mc_dropout__42,spacenet7__dofa__full_finetune__mc_dropout__42,spacenet7,Pan_configuration_minus_DOFA_configuration,gini_disagreement,risk_at_0.9,-0.00010227886727608095,-0.002220022123432708,0.003682538698349703,1000,32,32,10,common-valid fixed32 images; paired group-bootstrap mean of per-image pixel metrics
spacenet7__panopticon__full_finetune__mc_dropout__42,spacenet7__dofa__full_finetune__mc_dropout__42,spacenet7,Pan_configuration_minus_DOFA_configuration,gini_disagreement,risk_at_0.8,-0.0033178524095185073,-0.006861309129364654,-0.00019979305198644307,1000,32,32,10,common-valid fixed32 images; paired group-bootstrap mean of per-image pixel metrics
spacenet7__panopticon__full_finetune__mc_dropout__42,spacenet7__dofa__full_finetune__mc_dropout__42,spacenet7,Pan_configuration_minus_DOFA_configuration,gini_disagreement,risk_at_0.5,-0.004617496412627559,-0.010263186084980874,-0.0005717620685712885,1000,32,32,10,common-valid fixed32 images; paired group-bootstrap mean of per-image pixel metrics
spacenet7__panopticon__full_finetune__mc_dropout__42,spacenet7__dofa__full_finetune__mc_dropout__42,spacenet7,Pan_configuration_minus_DOFA_configuration,gini_expected,base_risk,0.006692691725127542,0.0024454323740958172,0.011891461859449528,1000,32,32,10,common-valid fixed32 images; paired group-bootstrap mean of per-image pixel metrics
spacenet7__panopticon__full_finetune__mc_dropout__42,spacenet7__dofa__full_finetune__mc_dropout__42,spacenet7,Pan_configuration_minus_DOFA_configuration,gini_expected,aurc,0.003701741954522155,0.001160479189131815,0.0072332552638522535,1000,32,32,10,common-valid fixed32 images; paired group-bootstrap mean of per-image pixel metrics
spacenet7__panopticon__full_finetune__mc_dropout__42,spacenet7__dofa__full_finetune__mc_dropout__42,spacenet7,Pan_configuration_minus_DOFA_configuration,gini_expected,auroc,-0.0035020912814687183,-0.026651931024635405,0.015507143097440394,1000,29,32,10,common-valid fixed32 images; paired group-bootstrap mean of per-image pixel metrics
spacenet7__panopticon__full_finetune__mc_dropout__42,spacenet7__dofa__full_finetune__mc_dropout__42,spacenet7,Pan_configuration_minus_DOFA_configuration,gini_expected,average_precision,0.03767417729646939,0.018447288044383805,0.0540563766133833,1000,29,32,10,common-valid fixed32 images; paired group-bootstrap mean of per-image pixel metrics
spacenet7__panopticon__full_finetune__mc_dropout__42,spacenet7__dofa__full_finetune__mc_dropout__42,spacenet7,Pan_configuration_minus_DOFA_configuration,gini_expected,risk_at_1,0.006692691725127542,0.0024454323740958172,0.011891461859449528,1000,32,32,10,common-valid fixed32 images; paired group-bootstrap mean of per-image pixel metrics
spacenet7__panopticon__full_finetune__mc_dropout__42,spacenet7__dofa__full_finetune__mc_dropout__42,spacenet7,Pan_configuration_minus_DOFA_configuration,gini_expected,risk_at_0.9,0.0030570170776644005,0.0005794184646810855,0.006787871980821932,1000,32,32,10,common-valid fixed32 images; paired group-bootstrap mean of per-image pixel metrics
spacenet7__panopticon__full_finetune__mc_dropout__42,spacenet7__dofa__full_finetune__mc_dropout__42,spacenet7,Pan_configuration_minus_DOFA_configuration,gini_expected,risk_at_0.8,0.0020333114935427304,0.0003485054038356448,0.004302990569967911,1000,32,32,10,common-valid fixed32 images; paired group-bootstrap mean of per-image pixel metrics
spacenet7__panopticon__full_finetune__mc_dropout__42,spacenet7__dofa__full_finetune__mc_dropout__42,spacenet7,Pan_configuration_minus_DOFA_configuration,gini_expected,risk_at_0.5,0.0015781947544642864,8.847784370445221e-05,0.003251329513660308,1000,32,32,10,common-valid fixed32 images; paired group-bootstrap mean of per-image pixel metrics
spacenet7__panopticon__full_finetune__mc_dropout__42,spacenet7__dofa__full_finetune__mc_dropout__42,spacenet7,Pan_configuration_minus_DOFA_configuration,gini_total,base_risk,0.006692691725127542,0.0024454323740958172,0.011891461859449528,1000,32,32,10,common-valid fixed32 images; paired group-bootstrap mean of per-image pixel metrics
spacenet7__panopticon__full_finetune__mc_dropout__42,spacenet7__dofa__full_finetune__mc_dropout__42,spacenet7,Pan_configuration_minus_DOFA_configuration,gini_total,aurc,0.004042547441878529,0.001272667946162669,0.007924106394925932,1000,32,32,10,common-valid fixed32 images; paired group-bootstrap mean of per-image pixel metrics
spacenet7__panopticon__full_finetune__mc_dropout__42,spacenet7__dofa__full_finetune__mc_dropout__42,spacenet7,Pan_configuration_minus_DOFA_configuration,gini_total,auroc,-0.0036293917960271475,-0.026651770841051407,0.015279422106950538,1000,29,32,10,common-valid fixed32 images; paired group-bootstrap mean of per-image pixel metrics
spacenet7__panopticon__full_finetune__mc_dropout__42,spacenet7__dofa__full_finetune__mc_dropout__42,spacenet7,Pan_configuration_minus_DOFA_configuration,gini_total,average_precision,0.03525470517995766,0.01656866531352887,0.051174344460270485,1000,29,32,10,common-valid fixed32 images; paired group-bootstrap mean of per-image pixel metrics
spacenet7__panopticon__full_finetune__mc_dropout__42,spacenet7__dofa__full_finetune__mc_dropout__42,spacenet7,Pan_configuration_minus_DOFA_configuration,gini_total,risk_at_1,0.006692691725127542,0.0024454323740958172,0.011891461859449528,1000,32,32,10,common-valid fixed32 images; paired group-bootstrap mean of per-image pixel metrics
spacenet7__panopticon__full_finetune__mc_dropout__42,spacenet7__dofa__full_finetune__mc_dropout__42,spacenet7,Pan_configuration_minus_DOFA_configuration,gini_total,risk_at_0.9,0.0030518962142148573,0.0005719910108337882,0.006812272821804336,1000,32,32,10,common-valid fixed32 images; paired group-bootstrap mean of per-image pixel metrics
spacenet7__panopticon__full_finetune__mc_dropout__42,spacenet7__dofa__full_finetune__mc_dropout__42,spacenet7,Pan_configuration_minus_DOFA_configuration,gini_total,risk_at_0.8,0.0020247478874362143,0.00034353717770590114,0.004300309339695678,1000,32,32,10,common-valid fixed32 images; paired group-bootstrap mean of per-image pixel metrics
spacenet7__panopticon__full_finetune__mc_dropout__42,spacenet7__dofa__full_finetune__mc_dropout__42,spacenet7,Pan_configuration_minus_DOFA_configuration,gini_total,risk_at_0.5,0.0015881596779336762,9.746051043185441e-05,0.0032633930408280925,1000,32,32,10,common-valid fixed32 images; paired group-bootstrap mean of per-image pixel metrics
spacenet7__panopticon__full_finetune__mc_dropout__42,spacenet7__dofa__full_finetune__mc_dropout__42,spacenet7,Pan_configuration_minus_DOFA_configuration,msp,base_risk,0.006692691725127542,0.0024454323740958172,0.011891461859449528,1000,32,32,10,common-valid fixed32 images; paired group-bootstrap mean of per-image pixel metrics
spacenet7__panopticon__full_finetune__mc_dropout__42,spacenet7__dofa__full_finetune__mc_dropout__42,spacenet7,Pan_configuration_minus_DOFA_configuration,msp,aurc,0.0036391896436276648,0.0011479672163200762,0.007142784228029969,1000,32,32,10,common-valid fixed32 images; paired group-bootstrap mean of per-image pixel metrics
spacenet7__panopticon__full_finetune__mc_dropout__42,spacenet7__dofa__full_finetune__mc_dropout__42,spacenet7,Pan_configuration_minus_DOFA_configuration,msp,auroc,-0.0035435203626042714,-0.026635427420703472,0.015441431235916271,1000,29,32,10,common-valid fixed32 images; paired group-bootstrap mean of per-image pixel metrics
spacenet7__panopticon__full_finetune__mc_dropout__42,spacenet7__dofa__full_finetune__mc_dropout__42,spacenet7,Pan_configuration_minus_DOFA_configuration,msp,average_precision,0.03521068835094388,0.016543449904975794,0.05110905842958693,1000,29,32,10,common-valid fixed32 images; paired group-bootstrap mean of per-image pixel metrics
spacenet7__panopticon__full_finetune__mc_dropout__42,spacenet7__dofa__full_finetune__mc_dropout__42,spacenet7,Pan_configuration_minus_DOFA_configuration,msp,risk_at_1,0.006692691725127542,0.0024454323740958172,0.011891461859449528,1000,32,32,10,common-valid fixed32 images; paired group-bootstrap mean of per-image pixel metrics
spacenet7__panopticon__full_finetune__mc_dropout__42,spacenet7__dofa__full_finetune__mc_dropout__42,spacenet7,Pan_configuration_minus_DOFA_configuration,msp,risk_at_0.9,0.0030518962142148573,0.0005719910108337882,0.006812272821804336,1000,32,32,10,common-valid fixed32 images; paired group-bootstrap mean of per-image pixel metrics
spacenet7__panopticon__full_finetune__mc_dropout__42,spacenet7__dofa__full_finetune__mc_dropout__42,spacenet7,Pan_configuration_minus_DOFA_configuration,msp,risk_at_0.8,0.0020247478874362143,0.00034353717770590114,0.004300309339695678,1000,32,32,10,common-valid fixed32 images; paired group-bootstrap mean of per-image pixel metrics
spacenet7__panopticon__full_finetune__mc_dropout__42,spacenet7__dofa__full_finetune__mc_dropout__42,spacenet7,Pan_configuration_minus_DOFA_configuration,msp,risk_at_0.5,0.001587250658833551,9.658928585776856e-05,0.003261721308936269,1000,32,32,10,common-valid fixed32 images; paired group-bootstrap mean of per-image pixel metrics
spacenet7__panopticon__full_finetune__mc_dropout__42,spacenet7__dofa__full_finetune__mc_dropout__42,spacenet7,Pan_configuration_minus_DOFA_configuration,mutual_information,base_risk,0.006692691725127542,0.0024454323740958172,0.011891461859449528,1000,32,32,10,common-valid fixed32 images; paired group-bootstrap mean of per-image pixel metrics
spacenet7__panopticon__full_finetune__mc_dropout__42,spacenet7__dofa__full_finetune__mc_dropout__42,spacenet7,Pan_configuration_minus_DOFA_configuration,mutual_information,aurc,-0.011217233614613084,-0.017457668467988546,-0.006082550845080711,1000,32,32,10,common-valid fixed32 images; paired group-bootstrap mean of per-image pixel metrics
spacenet7__panopticon__full_finetune__mc_dropout__42,spacenet7__dofa__full_finetune__mc_dropout__42,spacenet7,Pan_configuration_minus_DOFA_configuration,mutual_information,auroc,0.18308156007679263,0.14910635014661475,0.21910257412063397,1000,29,32,10,common-valid fixed32 images; paired group-bootstrap mean of per-image pixel metrics
spacenet7__panopticon__full_finetune__mc_dropout__42,spacenet7__dofa__full_finetune__mc_dropout__42,spacenet7,Pan_configuration_minus_DOFA_configuration,mutual_information,average_precision,0.10057249669568974,0.08267199183426238,0.1271891141399404,1000,29,32,10,common-valid fixed32 images; paired group-bootstrap mean of per-image pixel metrics
spacenet7__panopticon__full_finetune__mc_dropout__42,spacenet7__dofa__full_finetune__mc_dropout__42,spacenet7,Pan_configuration_minus_DOFA_configuration,mutual_information,risk_at_1,0.006692691725127542,0.0024454323740958172,0.011891461859449528,1000,32,32,10,common-valid fixed32 images; paired group-bootstrap mean of per-image pixel metrics
spacenet7__panopticon__full_finetune__mc_dropout__42,spacenet7__dofa__full_finetune__mc_dropout__42,spacenet7,Pan_configuration_minus_DOFA_configuration,mutual_information,risk_at_0.9,-0.0023997473338293607,-0.005331420762749554,0.001921074844462092,1000,32,32,10,common-valid fixed32 images; paired group-bootstrap mean of per-image pixel metrics
spacenet7__panopticon__full_finetune__mc_dropout__42,spacenet7__dofa__full_finetune__mc_dropout__42,spacenet7,Pan_configuration_minus_DOFA_configuration,mutual_information,risk_at_0.8,-0.009542348433514031,-0.01368208904655612,-0.005439931589918106,1000,32,32,10,common-valid fixed32 images; paired group-bootstrap mean of per-image pixel metrics
spacenet7__panopticon__full_finetune__mc_dropout__42,spacenet7__dofa__full_finetune__mc_dropout__42,spacenet7,Pan_configuration_minus_DOFA_configuration,mutual_information,risk_at_0.5,-0.023057587292729595,-0.03736152315278791,-0.010968340638812347,1000,32,32,10,common-valid fixed32 images; paired group-bootstrap mean of per-image pixel metrics
spacenet7__panopticon__full_finetune__mc_dropout__42,spacenet7__dofa__full_finetune__mc_dropout__42,spacenet7,Pan_configuration_minus_DOFA_configuration,negative_margin,base_risk,0.006692691725127542,0.0024454323740958172,0.011891461859449528,1000,32,32,10,common-valid fixed32 images; paired group-bootstrap mean of per-image pixel metrics
spacenet7__panopticon__full_finetune__mc_dropout__42,spacenet7__dofa__full_finetune__mc_dropout__42,spacenet7,Pan_configuration_minus_DOFA_configuration,negative_margin,aurc,0.0029920095664059086,0.0008827884073817038,0.005807033620563225,1000,32,32,10,common-valid fixed32 images; paired group-bootstrap mean of per-image pixel metrics
spacenet7__panopticon__full_finetune__mc_dropout__42,spacenet7__dofa__full_finetune__mc_dropout__42,spacenet7,Pan_configuration_minus_DOFA_configuration,negative_margin,auroc,-0.003318494217733926,-0.026569589420107783,0.01572211724060505,1000,29,32,10,common-valid fixed32 images; paired group-bootstrap mean of per-image pixel metrics
spacenet7__panopticon__full_finetune__mc_dropout__42,spacenet7__dofa__full_finetune__mc_dropout__42,spacenet7,Pan_configuration_minus_DOFA_configuration,negative_margin,average_precision,0.0354016907106912,0.016639892434116482,0.051434693430109764,1000,29,32,10,common-valid fixed32 images; paired group-bootstrap mean of per-image pixel metrics
spacenet7__panopticon__full_finetune__mc_dropout__42,spacenet7__dofa__full_finetune__mc_dropout__42,spacenet7,Pan_configuration_minus_DOFA_configuration,negative_margin,risk_at_1,0.006692691725127542,0.0024454323740958172,0.011891461859449528,1000,32,32,10,common-valid fixed32 images; paired group-bootstrap mean of per-image pixel metrics
spacenet7__panopticon__full_finetune__mc_dropout__42,spacenet7__dofa__full_finetune__mc_dropout__42,spacenet7,Pan_configuration_minus_DOFA_configuration,negative_margin,risk_at_0.9,0.0030518962142148573,0.0005719910108337882,0.006812272821804336,1000,32,32,10,common-valid fixed32 images; paired group-bootstrap mean of per-image pixel metrics
spacenet7__panopticon__full_finetune__mc_dropout__42,spacenet7__dofa__full_finetune__mc_dropout__42,spacenet7,Pan_configuration_minus_DOFA_configuration,negative_margin,risk_at_0.8,0.0020247478874362143,0.00034353717770590114,0.004300309339695678,1000,32,32,10,common-valid fixed32 images; paired group-bootstrap mean of per-image pixel metrics
spacenet7__panopticon__full_finetune__mc_dropout__42,spacenet7__dofa__full_finetune__mc_dropout__42,spacenet7,Pan_configuration_minus_DOFA_configuration,negative_margin,risk_at_0.5,0.0015869140625000043,9.632522093659348e-05,0.003262005069344858,1000,32,32,10,common-valid fixed32 images; paired group-bootstrap mean of per-image pixel metrics
cloudsen12__dofa__frozen__mc_dropout_off__42,cloudsen12__dofa__frozen__deterministic__42,cloudsen12,Off_minus_D,entropy,base_risk,0.009400036870216844,-0.0033914454453656457,0.026649130544354846,1000,32,32,30,common-valid fixed32 images; paired group-bootstrap mean of per-image pixel metrics
cloudsen12__dofa__frozen__mc_dropout_off__42,cloudsen12__dofa__frozen__deterministic__42,cloudsen12,Off_minus_D,entropy,aurc,0.012836331633348103,-0.002440143079754971,0.03721462350673022,1000,32,32,30,common-valid fixed32 images; paired group-bootstrap mean of per-image pixel metrics
cloudsen12__dofa__frozen__mc_dropout_off__42,cloudsen12__dofa__frozen__deterministic__42,cloudsen12,Off_minus_D,entropy,auroc,0.0009998051667459557,-0.019451546525143634,0.01882879568859107,1000,26,32,25,common-valid fixed32 images; paired group-bootstrap mean of per-image pixel metrics
cloudsen12__dofa__frozen__mc_dropout_off__42,cloudsen12__dofa__frozen__deterministic__42,cloudsen12,Off_minus_D,entropy,average_precision,0.026681467729682183,-0.003991195231126794,0.055419451318867524,1000,26,32,25,common-valid fixed32 images; paired group-bootstrap mean of per-image pixel metrics
cloudsen12__dofa__frozen__mc_dropout_off__42,cloudsen12__dofa__frozen__deterministic__42,cloudsen12,Off_minus_D,entropy,risk_at_1,0.009400036870216844,-0.0033914454453656457,0.026649130544354846,1000,32,32,30,common-valid fixed32 images; paired group-bootstrap mean of per-image pixel metrics
cloudsen12__dofa__frozen__mc_dropout_off__42,cloudsen12__dofa__frozen__deterministic__42,cloudsen12,Off_minus_D,entropy,risk_at_0.9,0.009285371049461456,-0.003951492404442463,0.027660277958682217,1000,32,32,30,common-valid fixed32 images; paired group-bootstrap mean of per-image pixel metrics
cloudsen12__dofa__frozen__mc_dropout_off__42,cloudsen12__dofa__frozen__deterministic__42,cloudsen12,Off_minus_D,entropy,risk_at_0.8,0.008408682686941971,-0.005100001372186009,0.02669767966154297,1000,32,32,30,common-valid fixed32 images; paired group-bootstrap mean of per-image pixel metrics
cloudsen12__dofa__frozen__mc_dropout_off__42,cloudsen12__dofa__frozen__deterministic__42,cloudsen12,Off_minus_D,entropy,risk_at_0.5,0.014085419323979598,-0.0029530614736128715,0.03998517094826213,1000,32,32,30,common-valid fixed32 images; paired group-bootstrap mean of per-image pixel metrics
cloudsen12__dofa__frozen__mc_dropout_off__42,cloudsen12__dofa__frozen__deterministic__42,cloudsen12,Off_minus_D,gini_total,base_risk,0.009400036870216844,-0.0033914454453656457,0.026649130544354846,1000,32,32,30,common-valid fixed32 images; paired group-bootstrap mean of per-image pixel metrics
cloudsen12__dofa__frozen__mc_dropout_off__42,cloudsen12__dofa__frozen__deterministic__42,cloudsen12,Off_minus_D,gini_total,aurc,0.01353777359937188,-0.001294655166912896,0.03729306173553399,1000,32,32,30,common-valid fixed32 images; paired group-bootstrap mean of per-image pixel metrics
cloudsen12__dofa__frozen__mc_dropout_off__42,cloudsen12__dofa__frozen__deterministic__42,cloudsen12,Off_minus_D,gini_total,auroc,-0.0040020348842909,-0.026781682860109995,0.013973325501950599,1000,26,32,25,common-valid fixed32 images; paired group-bootstrap mean of per-image pixel metrics
cloudsen12__dofa__frozen__mc_dropout_off__42,cloudsen12__dofa__frozen__deterministic__42,cloudsen12,Off_minus_D,gini_total,average_precision,0.02011117147802747,-0.008512628394823559,0.046248293000414234,1000,26,32,25,common-valid fixed32 images; paired group-bootstrap mean of per-image pixel metrics
cloudsen12__dofa__frozen__mc_dropout_off__42,cloudsen12__dofa__frozen__deterministic__42,cloudsen12,Off_minus_D,gini_total,risk_at_1,0.009400036870216844,-0.0033914454453656457,0.026649130544354846,1000,32,32,30,common-valid fixed32 images; paired group-bootstrap mean of per-image pixel metrics
cloudsen12__dofa__frozen__mc_dropout_off__42,cloudsen12__dofa__frozen__deterministic__42,cloudsen12,Off_minus_D,gini_total,risk_at_0.9,0.00978334041950113,-0.0032755736843348517,0.02809636814523986,1000,32,32,30,common-valid fixed32 images; paired group-bootstrap mean of per-image pixel metrics
cloudsen12__dofa__frozen__mc_dropout_off__42,cloudsen12__dofa__frozen__deterministic__42,cloudsen12,Off_minus_D,gini_total,risk_at_0.8,0.010309024732940049,-0.004120206550362084,0.030290827477754485,1000,32,32,30,common-valid fixed32 images; paired group-bootstrap mean of per-image pixel metrics
cloudsen12__dofa__frozen__mc_dropout_off__42,cloudsen12__dofa__frozen__deterministic__42,cloudsen12,Off_minus_D,gini_total,risk_at_0.5,0.014212472098214288,-0.0016145324302610632,0.038574899686437084,1000,32,32,30,common-valid fixed32 images; paired group-bootstrap mean of per-image pixel metrics
cloudsen12__dofa__frozen__mc_dropout_off__42,cloudsen12__dofa__frozen__deterministic__42,cloudsen12,Off_minus_D,msp,base_risk,0.009400036870216844,-0.0033914454453656457,0.026649130544354846,1000,32,32,30,common-valid fixed32 images; paired group-bootstrap mean of per-image pixel metrics
cloudsen12__dofa__frozen__mc_dropout_off__42,cloudsen12__dofa__frozen__deterministic__42,cloudsen12,Off_minus_D,msp,aurc,0.013514994277447291,-0.0008171063346464871,0.036356670669460925,1000,32,32,30,common-valid fixed32 images; paired group-bootstrap mean of per-image pixel metrics
cloudsen12__dofa__frozen__mc_dropout_off__42,cloudsen12__dofa__frozen__deterministic__42,cloudsen12,Off_minus_D,msp,auroc,-0.005767234651448224,-0.027091219745391165,0.011043869740709766,1000,26,32,25,common-valid fixed32 images; paired group-bootstrap mean of per-image pixel metrics
cloudsen12__dofa__frozen__mc_dropout_off__42,cloudsen12__dofa__frozen__deterministic__42,cloudsen12,Off_minus_D,msp,average_precision,0.012899229981071363,-0.017760881043300664,0.03977067241237347,1000,26,32,25,common-valid fixed32 images; paired group-bootstrap mean of per-image pixel metrics
cloudsen12__dofa__frozen__mc_dropout_off__42,cloudsen12__dofa__frozen__deterministic__42,cloudsen12,Off_minus_D,msp,risk_at_1,0.009400036870216844,-0.0033914454453656457,0.026649130544354846,1000,32,32,30,common-valid fixed32 images; paired group-bootstrap mean of per-image pixel metrics
cloudsen12__dofa__frozen__mc_dropout_off__42,cloudsen12__dofa__frozen__deterministic__42,cloudsen12,Off_minus_D,msp,risk_at_0.9,0.010941762772817451,-0.002413566253954551,0.02931393439537273,1000,32,32,30,common-valid fixed32 images; paired group-bootstrap mean of per-image pixel metrics
cloudsen12__dofa__frozen__mc_dropout_off__42,cloudsen12__dofa__frozen__deterministic__42,cloudsen12,Off_minus_D,msp,risk_at_0.8,0.011484262894610978,-0.0024402255575525543,0.031415393595792804,1000,32,32,30,common-valid fixed32 images; paired group-bootstrap mean of per-image pixel metrics
cloudsen12__dofa__frozen__mc_dropout_off__42,cloudsen12__dofa__frozen__deterministic__42,cloudsen12,Off_minus_D,msp,risk_at_0.5,0.013164909518494907,-0.0015834166958113732,0.035007118692203465,1000,32,32,30,common-valid fixed32 images; paired group-bootstrap mean of per-image pixel metrics
cloudsen12__dofa__frozen__mc_dropout_off__42,cloudsen12__dofa__frozen__deterministic__42,cloudsen12,Off_minus_D,negative_margin,base_risk,0.009400036870216844,-0.0033914454453656457,0.026649130544354846,1000,32,32,30,common-valid fixed32 images; paired group-bootstrap mean of per-image pixel metrics
cloudsen12__dofa__frozen__mc_dropout_off__42,cloudsen12__dofa__frozen__deterministic__42,cloudsen12,Off_minus_D,negative_margin,aurc,0.013368478763866756,-0.0004618330839826721,0.03541485574480546,1000,32,32,30,common-valid fixed32 images; paired group-bootstrap mean of per-image pixel metrics
cloudsen12__dofa__frozen__mc_dropout_off__42,cloudsen12__dofa__frozen__deterministic__42,cloudsen12,Off_minus_D,negative_margin,auroc,-0.006590996306495332,-0.026203330182646218,0.010149889085543847,1000,26,32,25,common-valid fixed32 images; paired group-bootstrap mean of per-image pixel metrics
cloudsen12__dofa__frozen__mc_dropout_off__42,cloudsen12__dofa__frozen__deterministic__42,cloudsen12,Off_minus_D,negative_margin,average_precision,0.007481403097209563,-0.022766801638458196,0.03303952530896054,1000,26,32,25,common-valid fixed32 images; paired group-bootstrap mean of per-image pixel metrics
cloudsen12__dofa__frozen__mc_dropout_off__42,cloudsen12__dofa__frozen__deterministic__42,cloudsen12,Off_minus_D,negative_margin,risk_at_1,0.009400036870216844,-0.0033914454453656457,0.026649130544354846,1000,32,32,30,common-valid fixed32 images; paired group-bootstrap mean of per-image pixel metrics
cloudsen12__dofa__frozen__mc_dropout_off__42,cloudsen12__dofa__frozen__deterministic__42,cloudsen12,Off_minus_D,negative_margin,risk_at_0.9,0.011047778486394547,-0.0019717730163897372,0.028932123508583117,1000,32,32,30,common-valid fixed32 images; paired group-bootstrap mean of per-image pixel metrics
cloudsen12__dofa__frozen__mc_dropout_off__42,cloudsen12__dofa__frozen__deterministic__42,cloudsen12,Off_minus_D,negative_margin,risk_at_0.8,0.011916180046237243,-0.0015977421499781216,0.03114355100255433,1000,32,32,30,common-valid fixed32 images; paired group-bootstrap mean of per-image pixel metrics
cloudsen12__dofa__frozen__mc_dropout_off__42,cloudsen12__dofa__frozen__deterministic__42,cloudsen12,Off_minus_D,negative_margin,risk_at_0.5,0.01253089126275511,-0.0019328094140881962,0.033127334207830865,1000,32,32,30,common-valid fixed32 images; paired group-bootstrap mean of per-image pixel metrics
cloudsen12__dofa__full_finetune__mc_dropout_off__42,cloudsen12__dofa__full_finetune__deterministic__42,cloudsen12,Off_minus_D,entropy,base_risk,0.002769003109056126,-0.007159757331612075,0.013041106394202069,1000,32,32,30,common-valid fixed32 images; paired group-bootstrap mean of per-image pixel metrics
cloudsen12__dofa__full_finetune__mc_dropout_off__42,cloudsen12__dofa__full_finetune__deterministic__42,cloudsen12,Off_minus_D,entropy,aurc,0.00543225043881587,-0.006169476867616234,0.019463428821080955,1000,32,32,30,common-valid fixed32 images; paired group-bootstrap mean of per-image pixel metrics
cloudsen12__dofa__full_finetune__mc_dropout_off__42,cloudsen12__dofa__full_finetune__deterministic__42,cloudsen12,Off_minus_D,entropy,auroc,-0.004217383194989859,-0.01745225736462444,0.007683950750391668,1000,25,32,24,common-valid fixed32 images; paired group-bootstrap mean of per-image pixel metrics
cloudsen12__dofa__full_finetune__mc_dropout_off__42,cloudsen12__dofa__full_finetune__deterministic__42,cloudsen12,Off_minus_D,entropy,average_precision,-0.011007812700441141,-0.03190696543130947,0.007489879275162751,1000,25,32,24,common-valid fixed32 images; paired group-bootstrap mean of per-image pixel metrics
cloudsen12__dofa__full_finetune__mc_dropout_off__42,cloudsen12__dofa__full_finetune__deterministic__42,cloudsen12,Off_minus_D,entropy,risk_at_1,0.002769003109056126,-0.007159757331612075,0.013041106394202069,1000,32,32,30,common-valid fixed32 images; paired group-bootstrap mean of per-image pixel metrics
cloudsen12__dofa__full_finetune__mc_dropout_off__42,cloudsen12__dofa__full_finetune__deterministic__42,cloudsen12,Off_minus_D,entropy,risk_at_0.9,0.0034089726385345765,-0.00791644559028039,0.015271183665278385,1000,32,32,30,common-valid fixed32 images; paired group-bootstrap mean of per-image pixel metrics
cloudsen12__dofa__full_finetune__mc_dropout_off__42,cloudsen12__dofa__full_finetune__deterministic__42,cloudsen12,Off_minus_D,entropy,risk_at_0.8,0.001986445212850764,-0.01082918154139097,0.015368992228948011,1000,32,32,30,common-valid fixed32 images; paired group-bootstrap mean of per-image pixel metrics
cloudsen12__dofa__full_finetune__mc_dropout_off__42,cloudsen12__dofa__full_finetune__deterministic__42,cloudsen12,Off_minus_D,entropy,risk_at_0.5,0.002777722417091831,-0.011147470580974338,0.018132454003841964,1000,32,32,30,common-valid fixed32 images; paired group-bootstrap mean of per-image pixel metrics
cloudsen12__dofa__full_finetune__mc_dropout_off__42,cloudsen12__dofa__full_finetune__deterministic__42,cloudsen12,Off_minus_D,gini_total,base_risk,0.002769003109056126,-0.007159757331612075,0.013041106394202069,1000,32,32,30,common-valid fixed32 images; paired group-bootstrap mean of per-image pixel metrics
cloudsen12__dofa__full_finetune__mc_dropout_off__42,cloudsen12__dofa__full_finetune__deterministic__42,cloudsen12,Off_minus_D,gini_total,aurc,0.005165602792243073,-0.006374141978425402,0.01892414928253592,1000,32,32,30,common-valid fixed32 images; paired group-bootstrap mean of per-image pixel metrics
cloudsen12__dofa__full_finetune__mc_dropout_off__42,cloudsen12__dofa__full_finetune__deterministic__42,cloudsen12,Off_minus_D,gini_total,auroc,-0.0028138032957297065,-0.015750688053122804,0.008838127039460632,1000,25,32,24,common-valid fixed32 images; paired group-bootstrap mean of per-image pixel metrics
cloudsen12__dofa__full_finetune__mc_dropout_off__42,cloudsen12__dofa__full_finetune__deterministic__42,cloudsen12,Off_minus_D,gini_total,average_precision,-0.004385412249075615,-0.02222151289595642,0.012740992843928668,1000,25,32,24,common-valid fixed32 images; paired group-bootstrap mean of per-image pixel metrics
cloudsen12__dofa__full_finetune__mc_dropout_off__42,cloudsen12__dofa__full_finetune__deterministic__42,cloudsen12,Off_minus_D,gini_total,risk_at_1,0.002769003109056126,-0.007159757331612075,0.013041106394202069,1000,32,32,30,common-valid fixed32 images; paired group-bootstrap mean of per-image pixel metrics
cloudsen12__dofa__full_finetune__mc_dropout_off__42,cloudsen12__dofa__full_finetune__deterministic__42,cloudsen12,Off_minus_D,gini_total,risk_at_0.9,0.0030049780328798175,-0.008206908947529783,0.014607009967685537,1000,32,32,30,common-valid fixed32 images; paired group-bootstrap mean of per-image pixel metrics
cloudsen12__dofa__full_finetune__mc_dropout_off__42,cloudsen12__dofa__full_finetune__deterministic__42,cloudsen12,Off_minus_D,gini_total,risk_at_0.8,0.001653087382413908,-0.011312666108845258,0.014981699413178038,1000,32,32,30,common-valid fixed32 images; paired group-bootstrap mean of per-image pixel metrics
cloudsen12__dofa__full_finetune__mc_dropout_off__42,cloudsen12__dofa__full_finetune__deterministic__42,cloudsen12,Off_minus_D,gini_total,risk_at_0.5,0.002681810028698975,-0.011333236041392367,0.018119993831390922,1000,32,32,30,common-valid fixed32 images; paired group-bootstrap mean of per-image pixel metrics
cloudsen12__dofa__full_finetune__mc_dropout_off__42,cloudsen12__dofa__full_finetune__deterministic__42,cloudsen12,Off_minus_D,msp,base_risk,0.002769003109056126,-0.007159757331612075,0.013041106394202069,1000,32,32,30,common-valid fixed32 images; paired group-bootstrap mean of per-image pixel metrics
cloudsen12__dofa__full_finetune__mc_dropout_off__42,cloudsen12__dofa__full_finetune__deterministic__42,cloudsen12,Off_minus_D,msp,aurc,0.005100053513582023,-0.006383479269182155,0.018770885978424662,1000,32,32,30,common-valid fixed32 images; paired group-bootstrap mean of per-image pixel metrics
cloudsen12__dofa__full_finetune__mc_dropout_off__42,cloudsen12__dofa__full_finetune__deterministic__42,cloudsen12,Off_minus_D,msp,auroc,-0.0025233439661000866,-0.01536524135557387,0.009075182678143168,1000,25,32,24,common-valid fixed32 images; paired group-bootstrap mean of per-image pixel metrics
cloudsen12__dofa__full_finetune__mc_dropout_off__42,cloudsen12__dofa__full_finetune__deterministic__42,cloudsen12,Off_minus_D,msp,average_precision,-0.0006378981296217878,-0.015693796463300342,0.014482111716878774,1000,25,32,24,common-valid fixed32 images; paired group-bootstrap mean of per-image pixel metrics
cloudsen12__dofa__full_finetune__mc_dropout_off__42,cloudsen12__dofa__full_finetune__deterministic__42,cloudsen12,Off_minus_D,msp,risk_at_1,0.002769003109056126,-0.007159757331612075,0.013041106394202069,1000,32,32,30,common-valid fixed32 images; paired group-bootstrap mean of per-image pixel metrics
cloudsen12__dofa__full_finetune__mc_dropout_off__42,cloudsen12__dofa__full_finetune__deterministic__42,cloudsen12,Off_minus_D,msp,risk_at_0.9,0.0028902430112670062,-0.00824971106974377,0.014293142261104706,1000,32,32,30,common-valid fixed32 images; paired group-bootstrap mean of per-image pixel metrics
cloudsen12__dofa__full_finetune__mc_dropout_off__42,cloudsen12__dofa__full_finetune__deterministic__42,cloudsen12,Off_minus_D,msp,risk_at_0.8,0.0015380236567283097,-0.011469809603528914,0.014725641548201938,1000,32,32,30,common-valid fixed32 images; paired group-bootstrap mean of per-image pixel metrics
cloudsen12__dofa__full_finetune__mc_dropout_off__42,cloudsen12__dofa__full_finetune__deterministic__42,cloudsen12,Off_minus_D,msp,risk_at_0.5,0.00268181002869898,-0.011325681986504275,0.018110535190323615,1000,32,32,30,common-valid fixed32 images; paired group-bootstrap mean of per-image pixel metrics
cloudsen12__dofa__full_finetune__mc_dropout_off__42,cloudsen12__dofa__full_finetune__deterministic__42,cloudsen12,Off_minus_D,negative_margin,base_risk,0.002769003109056126,-0.007159757331612075,0.013041106394202069,1000,32,32,30,common-valid fixed32 images; paired group-bootstrap mean of per-image pixel metrics
cloudsen12__dofa__full_finetune__mc_dropout_off__42,cloudsen12__dofa__full_finetune__deterministic__42,cloudsen12,Off_minus_D,negative_margin,aurc,0.004885853394481274,-0.006415540097195695,0.01815230841939361,1000,32,32,30,common-valid fixed32 images; paired group-bootstrap mean of per-image pixel metrics
cloudsen12__dofa__full_finetune__mc_dropout_off__42,cloudsen12__dofa__full_finetune__deterministic__42,cloudsen12,Off_minus_D,negative_margin,auroc,-0.0024154308225093502,-0.014997262283711102,0.009017553274811236,1000,25,32,24,common-valid fixed32 images; paired group-bootstrap mean of per-image pixel metrics
cloudsen12__dofa__full_finetune__mc_dropout_off__42,cloudsen12__dofa__full_finetune__deterministic__42,cloudsen12,Off_minus_D,negative_margin,average_precision,-0.00293865640406652,-0.015345747390834436,0.0103191291294664,1000,25,32,24,common-valid fixed32 images; paired group-bootstrap mean of per-image pixel metrics
cloudsen12__dofa__full_finetune__mc_dropout_off__42,cloudsen12__dofa__full_finetune__deterministic__42,cloudsen12,Off_minus_D,negative_margin,risk_at_1,0.002769003109056126,-0.007159757331612075,0.013041106394202069,1000,32,32,30,common-valid fixed32 images; paired group-bootstrap mean of per-image pixel metrics
cloudsen12__dofa__full_finetune__mc_dropout_off__42,cloudsen12__dofa__full_finetune__deterministic__42,cloudsen12,Off_minus_D,negative_margin,risk_at_0.9,0.0029443580817743887,-0.008120417763459533,0.014341155572051845,1000,32,32,30,common-valid fixed32 images; paired group-bootstrap mean of per-image pixel metrics
cloudsen12__dofa__full_finetune__mc_dropout_off__42,cloudsen12__dofa__full_finetune__deterministic__42,cloudsen12,Off_minus_D,negative_margin,risk_at_0.8,0.001499720982142837,-0.011497569367166796,0.01463999402369313,1000,32,32,30,common-valid fixed32 images; paired group-bootstrap mean of per-image pixel metrics
cloudsen12__dofa__full_finetune__mc_dropout_off__42,cloudsen12__dofa__full_finetune__deterministic__42,cloudsen12,Off_minus_D,negative_margin,risk_at_0.5,0.0026942661830357227,-0.011269736977452273,0.01806566390338268,1000,32,32,30,common-valid fixed32 images; paired group-bootstrap mean of per-image pixel metrics
cloudsen12__dofa__full_finetune__mc_dropout_off__42,cloudsen12__dofa__frozen__mc_dropout_off__42,cloudsen12,full_recipe_minus_frozen_recipe,entropy,base_risk,-0.01603543028539541,-0.03927732261228357,0.0035701647491382976,1000,32,32,30,common-valid fixed32 images; paired group-bootstrap mean of per-image pixel metrics
cloudsen12__dofa__full_finetune__mc_dropout_off__42,cloudsen12__dofa__frozen__mc_dropout_off__42,cloudsen12,full_recipe_minus_frozen_recipe,entropy,aurc,-0.01183099251440241,-0.040102066636523145,0.011171621569302227,1000,32,32,30,common-valid fixed32 images; paired group-bootstrap mean of per-image pixel metrics
cloudsen12__dofa__full_finetune__mc_dropout_off__42,cloudsen12__dofa__frozen__mc_dropout_off__42,cloudsen12,full_recipe_minus_frozen_recipe,entropy,auroc,0.01864264613636786,-0.005231342284843979,0.04499525592798048,1000,25,32,24,common-valid fixed32 images; paired group-bootstrap mean of per-image pixel metrics
cloudsen12__dofa__full_finetune__mc_dropout_off__42,cloudsen12__dofa__frozen__mc_dropout_off__42,cloudsen12,full_recipe_minus_frozen_recipe,entropy,average_precision,-0.013124875690851762,-0.04046253500051423,0.01495589695957546,1000,25,32,24,common-valid fixed32 images; paired group-bootstrap mean of per-image pixel metrics
cloudsen12__dofa__full_finetune__mc_dropout_off__42,cloudsen12__dofa__frozen__mc_dropout_off__42,cloudsen12,full_recipe_minus_frozen_recipe,entropy,risk_at_1,-0.01603543028539541,-0.03927732261228357,0.0035701647491382976,1000,32,32,30,common-valid fixed32 images; paired group-bootstrap mean of per-image pixel metrics
cloudsen12__dofa__full_finetune__mc_dropout_off__42,cloudsen12__dofa__frozen__mc_dropout_off__42,cloudsen12,full_recipe_minus_frozen_recipe,entropy,risk_at_0.9,-0.016398665586026092,-0.04153682134357901,0.004983376078926171,1000,32,32,30,common-valid fixed32 images; paired group-bootstrap mean of per-image pixel metrics
cloudsen12__dofa__full_finetune__mc_dropout_off__42,cloudsen12__dofa__frozen__mc_dropout_off__42,cloudsen12,full_recipe_minus_frozen_recipe,entropy,risk_at_0.8,-0.014310408611686868,-0.039988826940775615,0.007820520465876779,1000,32,32,30,common-valid fixed32 images; paired group-bootstrap mean of per-image pixel metrics
cloudsen12__dofa__full_finetune__mc_dropout_off__42,cloudsen12__dofa__frozen__mc_dropout_off__42,cloudsen12,full_recipe_minus_frozen_recipe,entropy,risk_at_0.5,-0.010157993861607146,-0.03993945505369487,0.01398821410731001,1000,32,32,30,common-valid fixed32 images; paired group-bootstrap mean of per-image pixel metrics
cloudsen12__dofa__full_finetune__mc_dropout_off__42,cloudsen12__dofa__frozen__mc_dropout_off__42,cloudsen12,full_recipe_minus_frozen_recipe,gini_total,base_risk,-0.01603543028539541,-0.03927732261228357,0.0035701647491382976,1000,32,32,30,common-valid fixed32 images; paired group-bootstrap mean of per-image pixel metrics
cloudsen12__dofa__full_finetune__mc_dropout_off__42,cloudsen12__dofa__frozen__mc_dropout_off__42,cloudsen12,full_recipe_minus_frozen_recipe,gini_total,aurc,-0.013008144150597891,-0.04173298905004873,0.009857970304010302,1000,32,32,30,common-valid fixed32 images; paired group-bootstrap mean of per-image pixel metrics
cloudsen12__dofa__full_finetune__mc_dropout_off__42,cloudsen12__dofa__frozen__mc_dropout_off__42,cloudsen12,full_recipe_minus_frozen_recipe,gini_total,auroc,0.021683983640485394,-0.0037961429210094143,0.04786045062121787,1000,25,32,24,common-valid fixed32 images; paired group-bootstrap mean of per-image pixel metrics
cloudsen12__dofa__full_finetune__mc_dropout_off__42,cloudsen12__dofa__frozen__mc_dropout_off__42,cloudsen12,full_recipe_minus_frozen_recipe,gini_total,average_precision,-0.010672635025893431,-0.03488989165814869,0.015111230390866209,1000,25,32,24,common-valid fixed32 images; paired group-bootstrap mean of per-image pixel metrics
cloudsen12__dofa__full_finetune__mc_dropout_off__42,cloudsen12__dofa__frozen__mc_dropout_off__42,cloudsen12,full_recipe_minus_frozen_recipe,gini_total,risk_at_1,-0.01603543028539541,-0.03927732261228357,0.0035701647491382976,1000,32,32,30,common-valid fixed32 images; paired group-bootstrap mean of per-image pixel metrics
cloudsen12__dofa__full_finetune__mc_dropout_off__42,cloudsen12__dofa__frozen__mc_dropout_off__42,cloudsen12,full_recipe_minus_frozen_recipe,gini_total,risk_at_0.9,-0.01571855955924036,-0.04063556301369523,0.005570361771010504,1000,32,32,30,common-valid fixed32 images; paired group-bootstrap mean of per-image pixel metrics
cloudsen12__dofa__full_finetune__mc_dropout_off__42,cloudsen12__dofa__frozen__mc_dropout_off__42,cloudsen12,full_recipe_minus_frozen_recipe,gini_total,risk_at_0.8,-0.014772531937579707,-0.04135284601773187,0.007370169503348219,1000,32,32,30,common-valid fixed32 images; paired group-bootstrap mean of per-image pixel metrics
cloudsen12__dofa__full_finetune__mc_dropout_off__42,cloudsen12__dofa__frozen__mc_dropout_off__42,cloudsen12,full_recipe_minus_frozen_recipe,gini_total,risk_at_0.5,-0.011570521763392858,-0.04187941242525236,0.013038323850047823,1000,32,32,30,common-valid fixed32 images; paired group-bootstrap mean of per-image pixel metrics
cloudsen12__dofa__full_finetune__mc_dropout_off__42,cloudsen12__dofa__frozen__mc_dropout_off__42,cloudsen12,full_recipe_minus_frozen_recipe,msp,base_risk,-0.01603543028539541,-0.03927732261228357,0.0035701647491382976,1000,32,32,30,common-valid fixed32 images; paired group-bootstrap mean of per-image pixel metrics
cloudsen12__dofa__full_finetune__mc_dropout_off__42,cloudsen12__dofa__frozen__mc_dropout_off__42,cloudsen12,full_recipe_minus_frozen_recipe,msp,aurc,-0.013441209382004216,-0.04207585472489251,0.009572611233194831,1000,32,32,30,common-valid fixed32 images; paired group-bootstrap mean of per-image pixel metrics
cloudsen12__dofa__full_finetune__mc_dropout_off__42,cloudsen12__dofa__frozen__mc_dropout_off__42,cloudsen12,full_recipe_minus_frozen_recipe,msp,auroc,0.023017327002548358,-0.0017246205836402625,0.04943444490003568,1000,25,32,24,common-valid fixed32 images; paired group-bootstrap mean of per-image pixel metrics
cloudsen12__dofa__full_finetune__mc_dropout_off__42,cloudsen12__dofa__frozen__mc_dropout_off__42,cloudsen12,full_recipe_minus_frozen_recipe,msp,average_precision,-0.011497300346235894,-0.03455713286584561,0.012120284382094473,1000,25,32,24,common-valid fixed32 images; paired group-bootstrap mean of per-image pixel metrics
cloudsen12__dofa__full_finetune__mc_dropout_off__42,cloudsen12__dofa__frozen__mc_dropout_off__42,cloudsen12,full_recipe_minus_frozen_recipe,msp,risk_at_1,-0.01603543028539541,-0.03927732261228357,0.0035701647491382976,1000,32,32,30,common-valid fixed32 images; paired group-bootstrap mean of per-image pixel metrics
cloudsen12__dofa__full_finetune__mc_dropout_off__42,cloudsen12__dofa__frozen__mc_dropout_off__42,cloudsen12,full_recipe_minus_frozen_recipe,msp,risk_at_0.9,-0.015822499247094668,-0.04106594835056457,0.005367922736043193,1000,32,32,30,common-valid fixed32 images; paired group-bootstrap mean of per-image pixel metrics
cloudsen12__dofa__full_finetune__mc_dropout_off__42,cloudsen12__dofa__frozen__mc_dropout_off__42,cloudsen12,full_recipe_minus_frozen_recipe,msp,risk_at_0.8,-0.01589763407804529,-0.042133579124398794,0.0061787644587824936,1000,32,32,30,common-valid fixed32 images; paired group-bootstrap mean of per-image pixel metrics
cloudsen12__dofa__full_finetune__mc_dropout_off__42,cloudsen12__dofa__frozen__mc_dropout_off__42,cloudsen12,full_recipe_minus_frozen_recipe,msp,risk_at_0.5,-0.01179348692602041,-0.04223805192734562,0.013015559424374575,1000,32,32,30,common-valid fixed32 images; paired group-bootstrap mean of per-image pixel metrics
cloudsen12__dofa__full_finetune__mc_dropout_off__42,cloudsen12__dofa__frozen__mc_dropout_off__42,cloudsen12,full_recipe_minus_frozen_recipe,negative_margin,base_risk,-0.01603543028539541,-0.03927732261228357,0.0035701647491382976,1000,32,32,30,common-valid fixed32 images; paired group-bootstrap mean of per-image pixel metrics
cloudsen12__dofa__full_finetune__mc_dropout_off__42,cloudsen12__dofa__frozen__mc_dropout_off__42,cloudsen12,full_recipe_minus_frozen_recipe,negative_margin,aurc,-0.014094184798774997,-0.04285416665443551,0.008730705447044622,1000,32,32,30,common-valid fixed32 images; paired group-bootstrap mean of per-image pixel metrics
cloudsen12__dofa__full_finetune__mc_dropout_off__42,cloudsen12__dofa__frozen__mc_dropout_off__42,cloudsen12,full_recipe_minus_frozen_recipe,negative_margin,auroc,0.024143215995376985,0.0003458860775482076,0.050954652638474096,1000,25,32,24,common-valid fixed32 images; paired group-bootstrap mean of per-image pixel metrics
cloudsen12__dofa__full_finetune__mc_dropout_off__42,cloudsen12__dofa__frozen__mc_dropout_off__42,cloudsen12,full_recipe_minus_frozen_recipe,negative_margin,average_precision,-0.012399095575279994,-0.03449541602115622,0.010548902715307791,1000,25,32,24,common-valid fixed32 images; paired group-bootstrap mean of per-image pixel metrics
cloudsen12__dofa__full_finetune__mc_dropout_off__42,cloudsen12__dofa__frozen__mc_dropout_off__42,cloudsen12,full_recipe_minus_frozen_recipe,negative_margin,risk_at_1,-0.01603543028539541,-0.03927732261228357,0.0035701647491382976,1000,32,32,30,common-valid fixed32 images; paired group-bootstrap mean of per-image pixel metrics
cloudsen12__dofa__full_finetune__mc_dropout_off__42,cloudsen12__dofa__frozen__mc_dropout_off__42,cloudsen12,full_recipe_minus_frozen_recipe,negative_margin,risk_at_0.9,-0.01606747028238378,-0.040930064654008,0.004929213221747047,1000,32,32,30,common-valid fixed32 images; paired group-bootstrap mean of per-image pixel metrics
cloudsen12__dofa__full_finetune__mc_dropout_off__42,cloudsen12__dofa__frozen__mc_dropout_off__42,cloudsen12,full_recipe_minus_frozen_recipe,negative_margin,risk_at_0.8,-0.016650297203842476,-0.0422029461032016,0.005112548361019207,1000,32,32,30,common-valid fixed32 images; paired group-bootstrap mean of per-image pixel metrics
cloudsen12__dofa__full_finetune__mc_dropout_off__42,cloudsen12__dofa__frozen__mc_dropout_off__42,cloudsen12,full_recipe_minus_frozen_recipe,negative_margin,risk_at_0.5,-0.012067522321428565,-0.04248544854731665,0.012894914203080435,1000,32,32,30,common-valid fixed32 images; paired group-bootstrap mean of per-image pixel metrics
cloudsen12__panopticon__frozen__mc_dropout_off__42,cloudsen12__panopticon__frozen__deterministic__42,cloudsen12,Off_minus_D,entropy,base_risk,-0.0034435038663902934,-0.01886701552470787,0.012546901573129253,1000,32,32,30,common-valid fixed32 images; paired group-bootstrap mean of per-image pixel metrics
cloudsen12__panopticon__frozen__mc_dropout_off__42,cloudsen12__panopticon__frozen__deterministic__42,cloudsen12,Off_minus_D,entropy,aurc,-0.01048427284374382,-0.03462674684066822,0.0067836873855796126,1000,32,32,30,common-valid fixed32 images; paired group-bootstrap mean of per-image pixel metrics
cloudsen12__panopticon__frozen__mc_dropout_off__42,cloudsen12__panopticon__frozen__deterministic__42,cloudsen12,Off_minus_D,entropy,auroc,0.013655881648327957,-0.01123266843832042,0.04633092419424688,1000,26,32,25,common-valid fixed32 images; paired group-bootstrap mean of per-image pixel metrics
cloudsen12__panopticon__frozen__mc_dropout_off__42,cloudsen12__panopticon__frozen__deterministic__42,cloudsen12,Off_minus_D,entropy,average_precision,0.006905653067705814,-0.021256570180590764,0.03751733311461784,1000,26,32,25,common-valid fixed32 images; paired group-bootstrap mean of per-image pixel metrics
cloudsen12__panopticon__frozen__mc_dropout_off__42,cloudsen12__panopticon__frozen__deterministic__42,cloudsen12,Off_minus_D,entropy,risk_at_1,-0.0034435038663902934,-0.01886701552470787,0.012546901573129253,1000,32,32,30,common-valid fixed32 images; paired group-bootstrap mean of per-image pixel metrics
cloudsen12__panopticon__frozen__mc_dropout_off__42,cloudsen12__panopticon__frozen__deterministic__42,cloudsen12,Off_minus_D,entropy,risk_at_0.9,-0.0033159666861536405,-0.020928195766136182,0.013201996118227748,1000,32,32,30,common-valid fixed32 images; paired group-bootstrap mean of per-image pixel metrics
cloudsen12__panopticon__frozen__mc_dropout_off__42,cloudsen12__panopticon__frozen__deterministic__42,cloudsen12,Off_minus_D,entropy,risk_at_0.8,-0.006064590142697692,-0.025646932475106958,0.011433839201534785,1000,32,32,30,common-valid fixed32 images; paired group-bootstrap mean of per-image pixel metrics
cloudsen12__panopticon__frozen__mc_dropout_off__42,cloudsen12__panopticon__frozen__deterministic__42,cloudsen12,Off_minus_D,entropy,risk_at_0.5,-0.011630311304209197,-0.04099878106484531,0.008596907549021895,1000,32,32,30,common-valid fixed32 images; paired group-bootstrap mean of per-image pixel metrics
cloudsen12__panopticon__frozen__mc_dropout_off__42,cloudsen12__panopticon__frozen__deterministic__42,cloudsen12,Off_minus_D,gini_total,base_risk,-0.0034435038663902934,-0.01886701552470787,0.012546901573129253,1000,32,32,30,common-valid fixed32 images; paired group-bootstrap mean of per-image pixel metrics
cloudsen12__panopticon__frozen__mc_dropout_off__42,cloudsen12__panopticon__frozen__deterministic__42,cloudsen12,Off_minus_D,gini_total,aurc,-0.009726947073444247,-0.03373865039736624,0.007990590653692137,1000,32,32,30,common-valid fixed32 images; paired group-bootstrap mean of per-image pixel metrics
cloudsen12__panopticon__frozen__mc_dropout_off__42,cloudsen12__panopticon__frozen__deterministic__42,cloudsen12,Off_minus_D,gini_total,auroc,0.01283263568890809,-0.011604278988931906,0.04362928974677544,1000,26,32,25,common-valid fixed32 images; paired group-bootstrap mean of per-image pixel metrics
cloudsen12__panopticon__frozen__mc_dropout_off__42,cloudsen12__panopticon__frozen__deterministic__42,cloudsen12,Off_minus_D,gini_total,average_precision,0.0067150893548108374,-0.016804828174002362,0.03264786022608719,1000,26,32,25,common-valid fixed32 images; paired group-bootstrap mean of per-image pixel metrics
cloudsen12__panopticon__frozen__mc_dropout_off__42,cloudsen12__panopticon__frozen__deterministic__42,cloudsen12,Off_minus_D,gini_total,risk_at_1,-0.0034435038663902934,-0.01886701552470787,0.012546901573129253,1000,32,32,30,common-valid fixed32 images; paired group-bootstrap mean of per-image pixel metrics
cloudsen12__panopticon__frozen__mc_dropout_off__42,cloudsen12__panopticon__frozen__deterministic__42,cloudsen12,Off_minus_D,gini_total,risk_at_0.9,-0.004044513313137739,-0.02153654507995655,0.012607253150727641,1000,32,32,30,common-valid fixed32 images; paired group-bootstrap mean of per-image pixel metrics
cloudsen12__panopticon__frozen__mc_dropout_off__42,cloudsen12__panopticon__frozen__deterministic__42,cloudsen12,Off_minus_D,gini_total,risk_at_0.8,-0.0058367982202646666,-0.02532010076242281,0.012094211766718235,1000,32,32,30,common-valid fixed32 images; paired group-bootstrap mean of per-image pixel metrics
cloudsen12__panopticon__frozen__mc_dropout_off__42,cloudsen12__panopticon__frozen__deterministic__42,cloudsen12,Off_minus_D,gini_total,risk_at_0.5,-0.010057099011479602,-0.0377196386367047,0.0111340910876069,1000,32,32,30,common-valid fixed32 images; paired group-bootstrap mean of per-image pixel metrics
cloudsen12__panopticon__frozen__mc_dropout_off__42,cloudsen12__panopticon__frozen__deterministic__42,cloudsen12,Off_minus_D,msp,base_risk,-0.0034435038663902934,-0.01886701552470787,0.012546901573129253,1000,32,32,30,common-valid fixed32 images; paired group-bootstrap mean of per-image pixel metrics
cloudsen12__panopticon__frozen__mc_dropout_off__42,cloudsen12__panopticon__frozen__deterministic__42,cloudsen12,Off_minus_D,msp,aurc,-0.00958038503131796,-0.03370133519127134,0.008182061334337501,1000,32,32,30,common-valid fixed32 images; paired group-bootstrap mean of per-image pixel metrics
cloudsen12__panopticon__frozen__mc_dropout_off__42,cloudsen12__panopticon__frozen__deterministic__42,cloudsen12,Off_minus_D,msp,auroc,0.012749980693505239,-0.010572852554132317,0.043005489265244744,1000,26,32,25,common-valid fixed32 images; paired group-bootstrap mean of per-image pixel metrics
cloudsen12__panopticon__frozen__mc_dropout_off__42,cloudsen12__panopticon__frozen__deterministic__42,cloudsen12,Off_minus_D,msp,average_precision,0.008089312374388723,-0.01260966034254964,0.03064887604040419,1000,26,32,25,common-valid fixed32 images; paired group-bootstrap mean of per-image pixel metrics
cloudsen12__panopticon__frozen__mc_dropout_off__42,cloudsen12__panopticon__frozen__deterministic__42,cloudsen12,Off_minus_D,msp,risk_at_1,-0.0034435038663902934,-0.01886701552470787,0.012546901573129253,1000,32,32,30,common-valid fixed32 images; paired group-bootstrap mean of per-image pixel metrics
cloudsen12__panopticon__frozen__mc_dropout_off__42,cloudsen12__panopticon__frozen__deterministic__42,cloudsen12,Off_minus_D,msp,risk_at_0.9,-0.003967977164824273,-0.021359135734687038,0.013356763914523164,1000,32,32,30,common-valid fixed32 images; paired group-bootstrap mean of per-image pixel metrics
cloudsen12__panopticon__frozen__mc_dropout_off__42,cloudsen12__panopticon__frozen__deterministic__42,cloudsen12,Off_minus_D,msp,risk_at_0.8,-0.0053851069236288355,-0.02450713131912765,0.012801906668566955,1000,32,32,30,common-valid fixed32 images; paired group-bootstrap mean of per-image pixel metrics
cloudsen12__panopticon__frozen__mc_dropout_off__42,cloudsen12__panopticon__frozen__deterministic__42,cloudsen12,Off_minus_D,msp,risk_at_0.5,-0.009844098772321432,-0.037183871961870674,0.011529963547919157,1000,32,32,30,common-valid fixed32 images; paired group-bootstrap mean of per-image pixel metrics
cloudsen12__panopticon__frozen__mc_dropout_off__42,cloudsen12__panopticon__frozen__deterministic__42,cloudsen12,Off_minus_D,negative_margin,base_risk,-0.0034435038663902934,-0.01886701552470787,0.012546901573129253,1000,32,32,30,common-valid fixed32 images; paired group-bootstrap mean of per-image pixel metrics
cloudsen12__panopticon__frozen__mc_dropout_off__42,cloudsen12__panopticon__frozen__deterministic__42,cloudsen12,Off_minus_D,negative_margin,aurc,-0.008808398239714547,-0.03222581921015104,0.008981760817952135,1000,32,32,30,common-valid fixed32 images; paired group-bootstrap mean of per-image pixel metrics
cloudsen12__panopticon__frozen__mc_dropout_off__42,cloudsen12__panopticon__frozen__deterministic__42,cloudsen12,Off_minus_D,negative_margin,auroc,0.01045499299316265,-0.012363529009994184,0.03960068177569734,1000,26,32,25,common-valid fixed32 images; paired group-bootstrap mean of per-image pixel metrics
cloudsen12__panopticon__frozen__mc_dropout_off__42,cloudsen12__panopticon__frozen__deterministic__42,cloudsen12,Off_minus_D,negative_margin,average_precision,0.00356163092571409,-0.01623933230067319,0.025337576180565508,1000,26,32,25,common-valid fixed32 images; paired group-bootstrap mean of per-image pixel metrics
cloudsen12__panopticon__frozen__mc_dropout_off__42,cloudsen12__panopticon__frozen__deterministic__42,cloudsen12,Off_minus_D,negative_margin,risk_at_1,-0.0034435038663902934,-0.01886701552470787,0.012546901573129253,1000,32,32,30,common-valid fixed32 images; paired group-bootstrap mean of per-image pixel metrics
cloudsen12__panopticon__frozen__mc_dropout_off__42,cloudsen12__panopticon__frozen__deterministic__42,cloudsen12,Off_minus_D,negative_margin,risk_at_0.9,-0.0035093138818027285,-0.020834048951611905,0.013618426490009633,1000,32,32,30,common-valid fixed32 images; paired group-bootstrap mean of per-image pixel metrics
cloudsen12__panopticon__frozen__mc_dropout_off__42,cloudsen12__panopticon__frozen__deterministic__42,cloudsen12,Off_minus_D,negative_margin,risk_at_0.8,-0.00516011763592155,-0.02408353844467474,0.013382815875216019,1000,32,32,30,common-valid fixed32 images; paired group-bootstrap mean of per-image pixel metrics
cloudsen12__panopticon__frozen__mc_dropout_off__42,cloudsen12__panopticon__frozen__deterministic__42,cloudsen12,Off_minus_D,negative_margin,risk_at_0.5,-0.009347098214285728,-0.03683167636283918,0.012340911036793726,1000,32,32,30,common-valid fixed32 images; paired group-bootstrap mean of per-image pixel metrics
cloudsen12__panopticon__frozen__mc_dropout_off__42,cloudsen12__dofa__frozen__mc_dropout_off__42,cloudsen12,Pan_configuration_minus_DOFA_configuration,entropy,base_risk,-0.026065748565051016,-0.04772589195708526,-0.009290852650283907,1000,32,32,30,common-valid fixed32 images; paired group-bootstrap mean of per-image pixel metrics
cloudsen12__panopticon__frozen__mc_dropout_off__42,cloudsen12__dofa__frozen__mc_dropout_off__42,cloudsen12,Pan_configuration_minus_DOFA_configuration,entropy,aurc,-0.03159860439576627,-0.06323700181291682,-0.0052481387277587815,1000,32,32,30,common-valid fixed32 images; paired group-bootstrap mean of per-image pixel metrics
cloudsen12__panopticon__frozen__mc_dropout_off__42,cloudsen12__dofa__frozen__mc_dropout_off__42,cloudsen12,Pan_configuration_minus_DOFA_configuration,entropy,auroc,0.02859485013751734,0.003254792256742023,0.058465810435542026,1000,26,32,25,common-valid fixed32 images; paired group-bootstrap mean of per-image pixel metrics
cloudsen12__panopticon__frozen__mc_dropout_off__42,cloudsen12__dofa__frozen__mc_dropout_off__42,cloudsen12,Pan_configuration_minus_DOFA_configuration,entropy,average_precision,0.0005536823855601456,-0.03436909159676543,0.0483053149187574,1000,26,32,25,common-valid fixed32 images; paired group-bootstrap mean of per-image pixel metrics
cloudsen12__panopticon__frozen__mc_dropout_off__42,cloudsen12__dofa__frozen__mc_dropout_off__42,cloudsen12,Pan_configuration_minus_DOFA_configuration,entropy,risk_at_1,-0.026065748565051016,-0.04772589195708526,-0.009290852650283907,1000,32,32,30,common-valid fixed32 images; paired group-bootstrap mean of per-image pixel metrics
cloudsen12__panopticon__frozen__mc_dropout_off__42,cloudsen12__dofa__frozen__mc_dropout_off__42,cloudsen12,Pan_configuration_minus_DOFA_configuration,entropy,risk_at_0.9,-0.02753737399907881,-0.0514443153156445,-0.00814912251786712,1000,32,32,30,common-valid fixed32 images; paired group-bootstrap mean of per-image pixel metrics
cloudsen12__panopticon__frozen__mc_dropout_off__42,cloudsen12__dofa__frozen__mc_dropout_off__42,cloudsen12,Pan_configuration_minus_DOFA_configuration,entropy,risk_at_0.8,-0.028069476692044,-0.054062670544958044,-0.006549197888772438,1000,32,32,30,common-valid fixed32 images; paired group-bootstrap mean of per-image pixel metrics
cloudsen12__panopticon__frozen__mc_dropout_off__42,cloudsen12__dofa__frozen__mc_dropout_off__42,cloudsen12,Pan_configuration_minus_DOFA_configuration,entropy,risk_at_0.5,-0.03397042410714287,-0.06948290505324484,-0.00544518777773208,1000,32,32,30,common-valid fixed32 images; paired group-bootstrap mean of per-image pixel metrics
cloudsen12__panopticon__frozen__mc_dropout_off__42,cloudsen12__dofa__frozen__mc_dropout_off__42,cloudsen12,Pan_configuration_minus_DOFA_configuration,gini_total,base_risk,-0.026065748565051016,-0.04772589195708526,-0.009290852650283907,1000,32,32,30,common-valid fixed32 images; paired group-bootstrap mean of per-image pixel metrics
cloudsen12__panopticon__frozen__mc_dropout_off__42,cloudsen12__dofa__frozen__mc_dropout_off__42,cloudsen12,Pan_configuration_minus_DOFA_configuration,gini_total,aurc,-0.03241158576093632,-0.06492250426294702,-0.005062373612962532,1000,32,32,30,common-valid fixed32 images; paired group-bootstrap mean of per-image pixel metrics
cloudsen12__panopticon__frozen__mc_dropout_off__42,cloudsen12__dofa__frozen__mc_dropout_off__42,cloudsen12,Pan_configuration_minus_DOFA_configuration,gini_total,auroc,0.031637912154113254,0.0038142561324513054,0.06456418696645713,1000,26,32,25,common-valid fixed32 images; paired group-bootstrap mean of per-image pixel metrics
cloudsen12__panopticon__frozen__mc_dropout_off__42,cloudsen12__dofa__frozen__mc_dropout_off__42,cloudsen12,Pan_configuration_minus_DOFA_configuration,gini_total,average_precision,0.002234337672250045,-0.027685345528808192,0.042055808866607466,1000,26,32,25,common-valid fixed32 images; paired group-bootstrap mean of per-image pixel metrics
cloudsen12__panopticon__frozen__mc_dropout_off__42,cloudsen12__dofa__frozen__mc_dropout_off__42,cloudsen12,Pan_configuration_minus_DOFA_configuration,gini_total,risk_at_1,-0.026065748565051016,-0.04772589195708526,-0.009290852650283907,1000,32,32,30,common-valid fixed32 images; paired group-bootstrap mean of per-image pixel metrics
cloudsen12__panopticon__frozen__mc_dropout_off__42,cloudsen12__dofa__frozen__mc_dropout_off__42,cloudsen12,Pan_configuration_minus_DOFA_configuration,gini_total,risk_at_0.9,-0.02787631979875282,-0.05207494272937039,-0.00866658453153989,1000,32,32,30,common-valid fixed32 images; paired group-bootstrap mean of per-image pixel metrics
cloudsen12__panopticon__frozen__mc_dropout_off__42,cloudsen12__dofa__frozen__mc_dropout_off__42,cloudsen12,Pan_configuration_minus_DOFA_configuration,gini_total,risk_at_0.8,-0.028493141641422186,-0.05475351867958876,-0.007304323848479542,1000,32,32,30,common-valid fixed32 images; paired group-bootstrap mean of per-image pixel metrics
cloudsen12__panopticon__frozen__mc_dropout_off__42,cloudsen12__dofa__frozen__mc_dropout_off__42,cloudsen12,Pan_configuration_minus_DOFA_configuration,gini_total,risk_at_0.5,-0.0343677754304847,-0.07188941163663046,-0.005031357802353913,1000,32,32,30,common-valid fixed32 images; paired group-bootstrap mean of per-image pixel metrics
cloudsen12__panopticon__frozen__mc_dropout_off__42,cloudsen12__dofa__frozen__mc_dropout_off__42,cloudsen12,Pan_configuration_minus_DOFA_configuration,msp,base_risk,-0.026065748565051016,-0.04772589195708526,-0.009290852650283907,1000,32,32,30,common-valid fixed32 images; paired group-bootstrap mean of per-image pixel metrics
cloudsen12__panopticon__frozen__mc_dropout_off__42,cloudsen12__dofa__frozen__mc_dropout_off__42,cloudsen12,Pan_configuration_minus_DOFA_configuration,msp,aurc,-0.03273603083003581,-0.06567884335991697,-0.005124212724997512,1000,32,32,30,common-valid fixed32 images; paired group-bootstrap mean of per-image pixel metrics
cloudsen12__panopticon__frozen__mc_dropout_off__42,cloudsen12__dofa__frozen__mc_dropout_off__42,cloudsen12,Pan_configuration_minus_DOFA_configuration,msp,auroc,0.03323110300799511,0.004952860559191582,0.06824740977763433,1000,26,32,25,common-valid fixed32 images; paired group-bootstrap mean of per-image pixel metrics
cloudsen12__panopticon__frozen__mc_dropout_off__42,cloudsen12__dofa__frozen__mc_dropout_off__42,cloudsen12,Pan_configuration_minus_DOFA_configuration,msp,average_precision,0.00388747818881377,-0.019616111541034688,0.03603316714950315,1000,26,32,25,common-valid fixed32 images; paired group-bootstrap mean of per-image pixel metrics
cloudsen12__panopticon__frozen__mc_dropout_off__42,cloudsen12__dofa__frozen__mc_dropout_off__42,cloudsen12,Pan_configuration_minus_DOFA_configuration,msp,risk_at_1,-0.026065748565051016,-0.04772589195708526,-0.009290852650283907,1000,32,32,30,common-valid fixed32 images; paired group-bootstrap mean of per-image pixel metrics
cloudsen12__panopticon__frozen__mc_dropout_off__42,cloudsen12__dofa__frozen__mc_dropout_off__42,cloudsen12,Pan_configuration_minus_DOFA_configuration,msp,risk_at_0.9,-0.02810163779053289,-0.05245662865280521,-0.008814995521320512,1000,32,32,30,common-valid fixed32 images; paired group-bootstrap mean of per-image pixel metrics
cloudsen12__panopticon__frozen__mc_dropout_off__42,cloudsen12__dofa__frozen__mc_dropout_off__42,cloudsen12,Pan_configuration_minus_DOFA_configuration,msp,risk_at_0.8,-0.029180254255022336,-0.055850246574871705,-0.008124888673120636,1000,32,32,30,common-valid fixed32 images; paired group-bootstrap mean of per-image pixel metrics
cloudsen12__panopticon__frozen__mc_dropout_off__42,cloudsen12__dofa__frozen__mc_dropout_off__42,cloudsen12,Pan_configuration_minus_DOFA_configuration,msp,risk_at_0.5,-0.034407635124362256,-0.07249535328824358,-0.005037619850852286,1000,32,32,30,common-valid fixed32 images; paired group-bootstrap mean of per-image pixel metrics
cloudsen12__panopticon__frozen__mc_dropout_off__42,cloudsen12__dofa__frozen__mc_dropout_off__42,cloudsen12,Pan_configuration_minus_DOFA_configuration,negative_margin,base_risk,-0.026065748565051016,-0.04772589195708526,-0.009290852650283907,1000,32,32,30,common-valid fixed32 images; paired group-bootstrap mean of per-image pixel metrics
cloudsen12__panopticon__frozen__mc_dropout_off__42,cloudsen12__dofa__frozen__mc_dropout_off__42,cloudsen12,Pan_configuration_minus_DOFA_configuration,negative_margin,aurc,-0.032777549278793575,-0.06643679116049883,-0.0050397990197834815,1000,32,32,30,common-valid fixed32 images; paired group-bootstrap mean of per-image pixel metrics
cloudsen12__panopticon__frozen__mc_dropout_off__42,cloudsen12__dofa__frozen__mc_dropout_off__42,cloudsen12,Pan_configuration_minus_DOFA_configuration,negative_margin,auroc,0.03273959903528701,0.004077738344366401,0.0690212748323638,1000,26,32,25,common-valid fixed32 images; paired group-bootstrap mean of per-image pixel metrics
cloudsen12__panopticon__frozen__mc_dropout_off__42,cloudsen12__dofa__frozen__mc_dropout_off__42,cloudsen12,Pan_configuration_minus_DOFA_configuration,negative_margin,average_precision,0.0015722385658277836,-0.018616053354954806,0.03051873619690755,1000,26,32,25,common-valid fixed32 images; paired group-bootstrap mean of per-image pixel metrics
cloudsen12__panopticon__frozen__mc_dropout_off__42,cloudsen12__dofa__frozen__mc_dropout_off__42,cloudsen12,Pan_configuration_minus_DOFA_configuration,negative_margin,risk_at_1,-0.026065748565051016,-0.04772589195708526,-0.009290852650283907,1000,32,32,30,common-valid fixed32 images; paired group-bootstrap mean of per-image pixel metrics
cloudsen12__panopticon__frozen__mc_dropout_off__42,cloudsen12__dofa__frozen__mc_dropout_off__42,cloudsen12,Pan_configuration_minus_DOFA_configuration,negative_margin,risk_at_0.9,-0.02791880912521258,-0.0523049121247656,-0.008748404378399684,1000,32,32,30,common-valid fixed32 images; paired group-bootstrap mean of per-image pixel metrics
cloudsen12__panopticon__frozen__mc_dropout_off__42,cloudsen12__dofa__frozen__mc_dropout_off__42,cloudsen12,Pan_configuration_minus_DOFA_configuration,negative_margin,risk_at_0.8,-0.029706526775749347,-0.056691129409230226,-0.008166955441844695,1000,32,32,30,common-valid fixed32 images; paired group-bootstrap mean of per-image pixel metrics
cloudsen12__panopticon__frozen__mc_dropout_off__42,cloudsen12__dofa__frozen__mc_dropout_off__42,cloudsen12,Pan_configuration_minus_DOFA_configuration,negative_margin,risk_at_0.5,-0.03423947704081634,-0.07279449972460576,-0.004908633541751227,1000,32,32,30,common-valid fixed32 images; paired group-bootstrap mean of per-image pixel metrics
cloudsen12__panopticon__full_finetune__mc_dropout_off__42,cloudsen12__panopticon__full_finetune__deterministic__42,cloudsen12,Off_minus_D,entropy,base_risk,-0.0020340900031887823,-0.023562207802727952,0.017489370943116964,1000,32,32,30,common-valid fixed32 images; paired group-bootstrap mean of per-image pixel metrics
cloudsen12__panopticon__full_finetune__mc_dropout_off__42,cloudsen12__panopticon__full_finetune__deterministic__42,cloudsen12,Off_minus_D,entropy,aurc,0.00014424206521185994,-0.01491019142333037,0.015050478640128899,1000,32,32,30,common-valid fixed32 images; paired group-bootstrap mean of per-image pixel metrics
cloudsen12__panopticon__full_finetune__mc_dropout_off__42,cloudsen12__panopticon__full_finetune__deterministic__42,cloudsen12,Off_minus_D,entropy,auroc,-0.003011422197374287,-0.01802029565550776,0.011617298604222668,1000,25,32,24,common-valid fixed32 images; paired group-bootstrap mean of per-image pixel metrics
cloudsen12__panopticon__full_finetune__mc_dropout_off__42,cloudsen12__panopticon__full_finetune__deterministic__42,cloudsen12,Off_minus_D,entropy,average_precision,-0.004206417568830734,-0.02622409054420381,0.019501492869306396,1000,25,32,24,common-valid fixed32 images; paired group-bootstrap mean of per-image pixel metrics
cloudsen12__panopticon__full_finetune__mc_dropout_off__42,cloudsen12__panopticon__full_finetune__deterministic__42,cloudsen12,Off_minus_D,entropy,risk_at_1,-0.0020340900031887823,-0.023562207802727952,0.017489370943116964,1000,32,32,30,common-valid fixed32 images; paired group-bootstrap mean of per-image pixel metrics
cloudsen12__panopticon__full_finetune__mc_dropout_off__42,cloudsen12__panopticon__full_finetune__deterministic__42,cloudsen12,Off_minus_D,entropy,risk_at_0.9,-0.002484725986748866,-0.02471453887334504,0.01779461895765409,1000,32,32,30,common-valid fixed32 images; paired group-bootstrap mean of per-image pixel metrics
cloudsen12__panopticon__full_finetune__mc_dropout_off__42,cloudsen12__panopticon__full_finetune__deterministic__42,cloudsen12,Off_minus_D,entropy,risk_at_0.8,-0.0010559704838966873,-0.023743059586505497,0.02031112105622808,1000,32,32,30,common-valid fixed32 images; paired group-bootstrap mean of per-image pixel metrics
cloudsen12__panopticon__full_finetune__mc_dropout_off__42,cloudsen12__panopticon__full_finetune__deterministic__42,cloudsen12,Off_minus_D,entropy,risk_at_0.5,0.000617825255102053,-0.01994915397799742,0.02085266585105279,1000,32,32,30,common-valid fixed32 images; paired group-bootstrap mean of per-image pixel metrics
cloudsen12__panopticon__full_finetune__mc_dropout_off__42,cloudsen12__panopticon__full_finetune__deterministic__42,cloudsen12,Off_minus_D,gini_total,base_risk,-0.0020340900031887823,-0.023562207802727952,0.017489370943116964,1000,32,32,30,common-valid fixed32 images; paired group-bootstrap mean of per-image pixel metrics
cloudsen12__panopticon__full_finetune__mc_dropout_off__42,cloudsen12__panopticon__full_finetune__deterministic__42,cloudsen12,Off_minus_D,gini_total,aurc,8.864364162185353e-05,-0.015415798918931004,0.015037143682836361,1000,32,32,30,common-valid fixed32 images; paired group-bootstrap mean of per-image pixel metrics
cloudsen12__panopticon__full_finetune__mc_dropout_off__42,cloudsen12__panopticon__full_finetune__deterministic__42,cloudsen12,Off_minus_D,gini_total,auroc,-0.0027815545312718216,-0.017744377236914768,0.012407543614497982,1000,25,32,24,common-valid fixed32 images; paired group-bootstrap mean of per-image pixel metrics
cloudsen12__panopticon__full_finetune__mc_dropout_off__42,cloudsen12__panopticon__full_finetune__deterministic__42,cloudsen12,Off_minus_D,gini_total,average_precision,-0.0041863842481061585,-0.024727861032657127,0.01757954126744894,1000,25,32,24,common-valid fixed32 images; paired group-bootstrap mean of per-image pixel metrics
cloudsen12__panopticon__full_finetune__mc_dropout_off__42,cloudsen12__panopticon__full_finetune__deterministic__42,cloudsen12,Off_minus_D,gini_total,risk_at_1,-0.0020340900031887823,-0.023562207802727952,0.017489370943116964,1000,32,32,30,common-valid fixed32 images; paired group-bootstrap mean of per-image pixel metrics
cloudsen12__panopticon__full_finetune__mc_dropout_off__42,cloudsen12__panopticon__full_finetune__deterministic__42,cloudsen12,Off_minus_D,gini_total,risk_at_0.9,-0.002834882325325959,-0.0251280147777672,0.01736642422171297,1000,32,32,30,common-valid fixed32 images; paired group-bootstrap mean of per-image pixel metrics
cloudsen12__panopticon__full_finetune__mc_dropout_off__42,cloudsen12__panopticon__full_finetune__deterministic__42,cloudsen12,Off_minus_D,gini_total,risk_at_0.8,-0.0014857078085140432,-0.024942959214649476,0.020479012117814478,1000,32,32,30,common-valid fixed32 images; paired group-bootstrap mean of per-image pixel metrics
cloudsen12__panopticon__full_finetune__mc_dropout_off__42,cloudsen12__panopticon__full_finetune__deterministic__42,cloudsen12,Off_minus_D,gini_total,risk_at_0.5,0.0007050183354591919,-0.020367549974091192,0.021105583346619904,1000,32,32,30,common-valid fixed32 images; paired group-bootstrap mean of per-image pixel metrics
cloudsen12__panopticon__full_finetune__mc_dropout_off__42,cloudsen12__panopticon__full_finetune__deterministic__42,cloudsen12,Off_minus_D,msp,base_risk,-0.0020340900031887823,-0.023562207802727952,0.017489370943116964,1000,32,32,30,common-valid fixed32 images; paired group-bootstrap mean of per-image pixel metrics
cloudsen12__panopticon__full_finetune__mc_dropout_off__42,cloudsen12__panopticon__full_finetune__deterministic__42,cloudsen12,Off_minus_D,msp,aurc,-7.624604263797071e-05,-0.01585180097513733,0.014915874907503308,1000,32,32,30,common-valid fixed32 images; paired group-bootstrap mean of per-image pixel metrics
cloudsen12__panopticon__full_finetune__mc_dropout_off__42,cloudsen12__panopticon__full_finetune__deterministic__42,cloudsen12,Off_minus_D,msp,auroc,-0.0021135903587718554,-0.017413099951920044,0.014102964501797504,1000,25,32,24,common-valid fixed32 images; paired group-bootstrap mean of per-image pixel metrics
cloudsen12__panopticon__full_finetune__mc_dropout_off__42,cloudsen12__panopticon__full_finetune__deterministic__42,cloudsen12,Off_minus_D,msp,average_precision,-0.0008445359971589883,-0.01859988317128497,0.019456784511835114,1000,25,32,24,common-valid fixed32 images; paired group-bootstrap mean of per-image pixel metrics
cloudsen12__panopticon__full_finetune__mc_dropout_off__42,cloudsen12__panopticon__full_finetune__deterministic__42,cloudsen12,Off_minus_D,msp,risk_at_1,-0.0020340900031887823,-0.023562207802727952,0.017489370943116964,1000,32,32,30,common-valid fixed32 images; paired group-bootstrap mean of per-image pixel metrics
cloudsen12__panopticon__full_finetune__mc_dropout_off__42,cloudsen12__panopticon__full_finetune__deterministic__42,cloudsen12,Off_minus_D,msp,risk_at_0.9,-0.0028902430112670036,-0.02592894635732876,0.017447526457710607,1000,32,32,30,common-valid fixed32 images; paired group-bootstrap mean of per-image pixel metrics
cloudsen12__panopticon__full_finetune__mc_dropout_off__42,cloudsen12__panopticon__full_finetune__deterministic__42,cloudsen12,Off_minus_D,msp,risk_at_0.8,-0.002308592504384579,-0.026432087838686634,0.019568148688046617,1000,32,32,30,common-valid fixed32 images; paired group-bootstrap mean of per-image pixel metrics
cloudsen12__panopticon__full_finetune__mc_dropout_off__42,cloudsen12__panopticon__full_finetune__deterministic__42,cloudsen12,Off_minus_D,msp,risk_at_0.5,0.0006825972576530563,-0.020549266581632662,0.02120009441764987,1000,32,32,30,common-valid fixed32 images; paired group-bootstrap mean of per-image pixel metrics
cloudsen12__panopticon__full_finetune__mc_dropout_off__42,cloudsen12__panopticon__full_finetune__deterministic__42,cloudsen12,Off_minus_D,negative_margin,base_risk,-0.0020340900031887823,-0.023562207802727952,0.017489370943116964,1000,32,32,30,common-valid fixed32 images; paired group-bootstrap mean of per-image pixel metrics
cloudsen12__panopticon__full_finetune__mc_dropout_off__42,cloudsen12__panopticon__full_finetune__deterministic__42,cloudsen12,Off_minus_D,negative_margin,aurc,-5.308327744403627e-05,-0.016236417731731893,0.014835533506737934,1000,32,32,30,common-valid fixed32 images; paired group-bootstrap mean of per-image pixel metrics
cloudsen12__panopticon__full_finetune__mc_dropout_off__42,cloudsen12__panopticon__full_finetune__deterministic__42,cloudsen12,Off_minus_D,negative_margin,auroc,-0.0023144118897379974,-0.017494760240086425,0.014510229547256222,1000,25,32,24,common-valid fixed32 images; paired group-bootstrap mean of per-image pixel metrics
cloudsen12__panopticon__full_finetune__mc_dropout_off__42,cloudsen12__panopticon__full_finetune__deterministic__42,cloudsen12,Off_minus_D,negative_margin,average_precision,0.00016200625370612175,-0.016406465594664046,0.019175138788302258,1000,25,32,24,common-valid fixed32 images; paired group-bootstrap mean of per-image pixel metrics
cloudsen12__panopticon__full_finetune__mc_dropout_off__42,cloudsen12__panopticon__full_finetune__deterministic__42,cloudsen12,Off_minus_D,negative_margin,risk_at_1,-0.0020340900031887823,-0.023562207802727952,0.017489370943116964,1000,32,32,30,common-valid fixed32 images; paired group-bootstrap mean of per-image pixel metrics
cloudsen12__panopticon__full_finetune__mc_dropout_off__42,cloudsen12__panopticon__full_finetune__deterministic__42,cloudsen12,Off_minus_D,negative_margin,risk_at_0.9,-0.0028741884123441083,-0.026255104612409486,0.01825208599064625,1000,32,32,30,common-valid fixed32 images; paired group-bootstrap mean of per-image pixel metrics
cloudsen12__panopticon__full_finetune__mc_dropout_off__42,cloudsen12__panopticon__full_finetune__deterministic__42,cloudsen12,Off_minus_D,negative_margin,risk_at_0.8,-0.0023557701889349563,-0.02682774814471245,0.01970787559931896,1000,32,32,30,common-valid fixed32 images; paired group-bootstrap mean of per-image pixel metrics
cloudsen12__panopticon__full_finetune__mc_dropout_off__42,cloudsen12__panopticon__full_finetune__deterministic__42,cloudsen12,Off_minus_D,negative_margin,risk_at_0.5,0.0003811583227040804,-0.021535250463821893,0.021032806188881807,1000,32,32,30,common-valid fixed32 images; paired group-bootstrap mean of per-image pixel metrics
cloudsen12__panopticon__full_finetune__mc_dropout_off__42,cloudsen12__panopticon__frozen__mc_dropout_off__42,cloudsen12,full_recipe_minus_frozen_recipe,entropy,base_risk,-0.0035798987563775463,-0.045157452018893506,0.03291050984405857,1000,32,32,30,common-valid fixed32 images; paired group-bootstrap mean of per-image pixel metrics
cloudsen12__panopticon__full_finetune__mc_dropout_off__42,cloudsen12__panopticon__frozen__mc_dropout_off__42,cloudsen12,full_recipe_minus_frozen_recipe,entropy,aurc,0.00890271006856027,-0.035709076779634495,0.05909361815191258,1000,32,32,30,common-valid fixed32 images; paired group-bootstrap mean of per-image pixel metrics
cloudsen12__panopticon__full_finetune__mc_dropout_off__42,cloudsen12__panopticon__frozen__mc_dropout_off__42,cloudsen12,full_recipe_minus_frozen_recipe,entropy,auroc,0.006840556217438441,-0.03505654315296183,0.04241279470888992,1000,25,32,24,common-valid fixed32 images; paired group-bootstrap mean of per-image pixel metrics
cloudsen12__panopticon__full_finetune__mc_dropout_off__42,cloudsen12__panopticon__frozen__mc_dropout_off__42,cloudsen12,full_recipe_minus_frozen_recipe,entropy,average_precision,0.008117635738382745,-0.027286098546460212,0.04173956682651124,1000,25,32,24,common-valid fixed32 images; paired group-bootstrap mean of per-image pixel metrics
cloudsen12__panopticon__full_finetune__mc_dropout_off__42,cloudsen12__panopticon__frozen__mc_dropout_off__42,cloudsen12,full_recipe_minus_frozen_recipe,entropy,risk_at_1,-0.0035798987563775463,-0.045157452018893506,0.03291050984405857,1000,32,32,30,common-valid fixed32 images; paired group-bootstrap mean of per-image pixel metrics
cloudsen12__panopticon__full_finetune__mc_dropout_off__42,cloudsen12__panopticon__frozen__mc_dropout_off__42,cloudsen12,full_recipe_minus_frozen_recipe,entropy,risk_at_0.9,-0.004109562119118478,-0.04797046506474614,0.03427960139448925,1000,32,32,30,common-valid fixed32 images; paired group-bootstrap mean of per-image pixel metrics
cloudsen12__panopticon__full_finetune__mc_dropout_off__42,cloudsen12__panopticon__frozen__mc_dropout_off__42,cloudsen12,full_recipe_minus_frozen_recipe,entropy,risk_at_0.8,-0.0006349524673150576,-0.046685871377911047,0.04083936171022087,1000,32,32,30,common-valid fixed32 images; paired group-bootstrap mean of per-image pixel metrics
cloudsen12__panopticon__full_finetune__mc_dropout_off__42,cloudsen12__panopticon__frozen__mc_dropout_off__42,cloudsen12,full_recipe_minus_frozen_recipe,entropy,risk_at_0.5,0.00863958864795919,-0.04489772111040107,0.06231960274028964,1000,32,32,30,common-valid fixed32 images; paired group-bootstrap mean of per-image pixel metrics
cloudsen12__panopticon__full_finetune__mc_dropout_off__42,cloudsen12__panopticon__frozen__mc_dropout_off__42,cloudsen12,full_recipe_minus_frozen_recipe,gini_total,base_risk,-0.0035798987563775463,-0.045157452018893506,0.03291050984405857,1000,32,32,30,common-valid fixed32 images; paired group-bootstrap mean of per-image pixel metrics
cloudsen12__panopticon__full_finetune__mc_dropout_off__42,cloudsen12__panopticon__frozen__mc_dropout_off__42,cloudsen12,full_recipe_minus_frozen_recipe,gini_total,aurc,0.008254586493389065,-0.03758561134410069,0.058240582688912995,1000,32,32,30,common-valid fixed32 images; paired group-bootstrap mean of per-image pixel metrics
cloudsen12__panopticon__full_finetune__mc_dropout_off__42,cloudsen12__panopticon__frozen__mc_dropout_off__42,cloudsen12,full_recipe_minus_frozen_recipe,gini_total,auroc,0.007692053719468612,-0.035080257544171635,0.04390911419111639,1000,25,32,24,common-valid fixed32 images; paired group-bootstrap mean of per-image pixel metrics
cloudsen12__panopticon__full_finetune__mc_dropout_off__42,cloudsen12__panopticon__frozen__mc_dropout_off__42,cloudsen12,full_recipe_minus_frozen_recipe,gini_total,average_precision,0.009065651648285227,-0.024803169161561806,0.04136382092397456,1000,25,32,24,common-valid fixed32 images; paired group-bootstrap mean of per-image pixel metrics
cloudsen12__panopticon__full_finetune__mc_dropout_off__42,cloudsen12__panopticon__frozen__mc_dropout_off__42,cloudsen12,full_recipe_minus_frozen_recipe,gini_total,risk_at_1,-0.0035798987563775463,-0.045157452018893506,0.03291050984405857,1000,32,32,30,common-valid fixed32 images; paired group-bootstrap mean of per-image pixel metrics
cloudsen12__panopticon__full_finetune__mc_dropout_off__42,cloudsen12__panopticon__frozen__mc_dropout_off__42,cloudsen12,full_recipe_minus_frozen_recipe,gini_total,risk_at_0.9,-0.0036396882971938874,-0.047869008036157186,0.03421821317992921,1000,32,32,30,common-valid fixed32 images; paired group-bootstrap mean of per-image pixel metrics
cloudsen12__panopticon__full_finetune__mc_dropout_off__42,cloudsen12__panopticon__frozen__mc_dropout_off__42,cloudsen12,full_recipe_minus_frozen_recipe,gini_total,risk_at_0.8,-0.0012562031648597016,-0.048445717043747935,0.03978578709394541,1000,32,32,30,common-valid fixed32 images; paired group-bootstrap mean of per-image pixel metrics
cloudsen12__panopticon__full_finetune__mc_dropout_off__42,cloudsen12__panopticon__frozen__mc_dropout_off__42,cloudsen12,full_recipe_minus_frozen_recipe,gini_total,risk_at_0.5,0.007369060905612252,-0.04787345318671823,0.06020386421614101,1000,32,32,30,common-valid fixed32 images; paired group-bootstrap mean of per-image pixel metrics
cloudsen12__panopticon__full_finetune__mc_dropout_off__42,cloudsen12__panopticon__frozen__mc_dropout_off__42,cloudsen12,full_recipe_minus_frozen_recipe,msp,base_risk,-0.0035798987563775463,-0.045157452018893506,0.03291050984405857,1000,32,32,30,common-valid fixed32 images; paired group-bootstrap mean of per-image pixel metrics
cloudsen12__panopticon__full_finetune__mc_dropout_off__42,cloudsen12__panopticon__frozen__mc_dropout_off__42,cloudsen12,full_recipe_minus_frozen_recipe,msp,aurc,0.008080110677512584,-0.0381691122754234,0.05826805506815564,1000,32,32,30,common-valid fixed32 images; paired group-bootstrap mean of per-image pixel metrics
cloudsen12__panopticon__full_finetune__mc_dropout_off__42,cloudsen12__panopticon__frozen__mc_dropout_off__42,cloudsen12,full_recipe_minus_frozen_recipe,msp,auroc,0.00784633198118795,-0.03538703488680096,0.046297067023645125,1000,25,32,24,common-valid fixed32 images; paired group-bootstrap mean of per-image pixel metrics
cloudsen12__panopticon__full_finetune__mc_dropout_off__42,cloudsen12__panopticon__frozen__mc_dropout_off__42,cloudsen12,full_recipe_minus_frozen_recipe,msp,average_precision,0.00860893480642007,-0.02229070952312743,0.038496486538670244,1000,25,32,24,common-valid fixed32 images; paired group-bootstrap mean of per-image pixel metrics
cloudsen12__panopticon__full_finetune__mc_dropout_off__42,cloudsen12__panopticon__frozen__mc_dropout_off__42,cloudsen12,full_recipe_minus_frozen_recipe,msp,risk_at_1,-0.0035798987563775463,-0.045157452018893506,0.03291050984405857,1000,32,32,30,common-valid fixed32 images; paired group-bootstrap mean of per-image pixel metrics
cloudsen12__panopticon__full_finetune__mc_dropout_off__42,cloudsen12__panopticon__frozen__mc_dropout_off__42,cloudsen12,full_recipe_minus_frozen_recipe,msp,risk_at_0.9,-0.0036834232390872855,-0.04877166725724017,0.03484802705944611,1000,32,32,30,common-valid fixed32 images; paired group-bootstrap mean of per-image pixel metrics
cloudsen12__panopticon__full_finetune__mc_dropout_off__42,cloudsen12__panopticon__frozen__mc_dropout_off__42,cloudsen12,full_recipe_minus_frozen_recipe,msp,risk_at_0.8,-0.0019386447205835444,-0.050404764744229356,0.039146316257097594,1000,32,32,30,common-valid fixed32 images; paired group-bootstrap mean of per-image pixel metrics
cloudsen12__panopticon__full_finetune__mc_dropout_off__42,cloudsen12__panopticon__frozen__mc_dropout_off__42,cloudsen12,full_recipe_minus_frozen_recipe,msp,risk_at_0.5,0.007172253667091839,-0.04842749891350189,0.05977509167729592,1000,32,32,30,common-valid fixed32 images; paired group-bootstrap mean of per-image pixel metrics
cloudsen12__panopticon__full_finetune__mc_dropout_off__42,cloudsen12__panopticon__frozen__mc_dropout_off__42,cloudsen12,full_recipe_minus_frozen_recipe,negative_margin,base_risk,-0.0035798987563775463,-0.045157452018893506,0.03291050984405857,1000,32,32,30,common-valid fixed32 images; paired group-bootstrap mean of per-image pixel metrics
cloudsen12__panopticon__full_finetune__mc_dropout_off__42,cloudsen12__panopticon__frozen__mc_dropout_off__42,cloudsen12,full_recipe_minus_frozen_recipe,negative_margin,aurc,0.007577712107796175,-0.03960376306940587,0.05754283461986422,1000,32,32,30,common-valid fixed32 images; paired group-bootstrap mean of per-image pixel metrics
cloudsen12__panopticon__full_finetune__mc_dropout_off__42,cloudsen12__panopticon__frozen__mc_dropout_off__42,cloudsen12,full_recipe_minus_frozen_recipe,negative_margin,auroc,0.009464407304209128,-0.033942515543964116,0.047814779759005756,1000,25,32,24,common-valid fixed32 images; paired group-bootstrap mean of per-image pixel metrics
cloudsen12__panopticon__full_finetune__mc_dropout_off__42,cloudsen12__panopticon__frozen__mc_dropout_off__42,cloudsen12,full_recipe_minus_frozen_recipe,negative_margin,average_precision,0.011279430206904181,-0.01879417461727522,0.03947996893176363,1000,25,32,24,common-valid fixed32 images; paired group-bootstrap mean of per-image pixel metrics
cloudsen12__panopticon__full_finetune__mc_dropout_off__42,cloudsen12__panopticon__frozen__mc_dropout_off__42,cloudsen12,full_recipe_minus_frozen_recipe,negative_margin,risk_at_1,-0.0035798987563775463,-0.045157452018893506,0.03291050984405857,1000,32,32,30,common-valid fixed32 images; paired group-bootstrap mean of per-image pixel metrics
cloudsen12__panopticon__full_finetune__mc_dropout_off__42,cloudsen12__panopticon__frozen__mc_dropout_off__42,cloudsen12,full_recipe_minus_frozen_recipe,negative_margin,risk_at_0.9,-0.003829990655116214,-0.048814021865256504,0.035224300664766346,1000,32,32,30,common-valid fixed32 images; paired group-bootstrap mean of per-image pixel metrics
cloudsen12__panopticon__full_finetune__mc_dropout_off__42,cloudsen12__panopticon__frozen__mc_dropout_off__42,cloudsen12,full_recipe_minus_frozen_recipe,negative_margin,risk_at_0.8,-0.001985199597417094,-0.05085263305623882,0.03945500949560774,1000,32,32,30,common-valid fixed32 images; paired group-bootstrap mean of per-image pixel metrics
cloudsen12__panopticon__full_finetune__mc_dropout_off__42,cloudsen12__panopticon__frozen__mc_dropout_off__42,cloudsen12,full_recipe_minus_frozen_recipe,negative_margin,risk_at_0.5,0.006627919722576536,-0.049546167048441093,0.059171594774273334,1000,32,32,30,common-valid fixed32 images; paired group-bootstrap mean of per-image pixel metrics
cloudsen12__panopticon__full_finetune__mc_dropout_off__42,cloudsen12__dofa__full_finetune__mc_dropout_off__42,cloudsen12,Pan_configuration_minus_DOFA_configuration,entropy,base_risk,-0.013610217036033163,-0.039735925395143645,0.005313762290608017,1000,32,32,30,common-valid fixed32 images; paired group-bootstrap mean of per-image pixel metrics
cloudsen12__panopticon__full_finetune__mc_dropout_off__42,cloudsen12__dofa__full_finetune__mc_dropout_off__42,cloudsen12,Pan_configuration_minus_DOFA_configuration,entropy,aurc,-0.010864901812803588,-0.03691080066926867,0.011724408603313505,1000,32,32,30,common-valid fixed32 images; paired group-bootstrap mean of per-image pixel metrics
cloudsen12__panopticon__full_finetune__mc_dropout_off__42,cloudsen12__dofa__full_finetune__mc_dropout_off__42,cloudsen12,Pan_configuration_minus_DOFA_configuration,entropy,auroc,0.016206227006440848,-0.008946239098530975,0.0447478830442988,1000,25,32,24,common-valid fixed32 images; paired group-bootstrap mean of per-image pixel metrics
cloudsen12__panopticon__full_finetune__mc_dropout_off__42,cloudsen12__dofa__full_finetune__mc_dropout_off__42,cloudsen12,Pan_configuration_minus_DOFA_configuration,entropy,average_precision,0.003850540831746189,-0.027952526359646648,0.028414034379196203,1000,25,32,24,common-valid fixed32 images; paired group-bootstrap mean of per-image pixel metrics
cloudsen12__panopticon__full_finetune__mc_dropout_off__42,cloudsen12__dofa__full_finetune__mc_dropout_off__42,cloudsen12,Pan_configuration_minus_DOFA_configuration,entropy,risk_at_1,-0.013610217036033163,-0.039735925395143645,0.005313762290608017,1000,32,32,30,common-valid fixed32 images; paired group-bootstrap mean of per-image pixel metrics
cloudsen12__panopticon__full_finetune__mc_dropout_off__42,cloudsen12__dofa__full_finetune__mc_dropout_off__42,cloudsen12,Pan_configuration_minus_DOFA_configuration,entropy,risk_at_0.9,-0.01524827053217119,-0.04340039726828231,0.003561444166192882,1000,32,32,30,common-valid fixed32 images; paired group-bootstrap mean of per-image pixel metrics
cloudsen12__panopticon__full_finetune__mc_dropout_off__42,cloudsen12__dofa__full_finetune__mc_dropout_off__42,cloudsen12,Pan_configuration_minus_DOFA_configuration,entropy,risk_at_0.8,-0.01439402054767219,-0.04381814424683447,0.005119897350530682,1000,32,32,30,common-valid fixed32 images; paired group-bootstrap mean of per-image pixel metrics
cloudsen12__panopticon__full_finetune__mc_dropout_off__42,cloudsen12__dofa__full_finetune__mc_dropout_off__42,cloudsen12,Pan_configuration_minus_DOFA_configuration,entropy,risk_at_0.5,-0.01517284159757653,-0.04585658482142858,0.007825880320626232,1000,32,32,30,common-valid fixed32 images; paired group-bootstrap mean of per-image pixel metrics
cloudsen12__panopticon__full_finetune__mc_dropout_off__42,cloudsen12__dofa__full_finetune__mc_dropout_off__42,cloudsen12,Pan_configuration_minus_DOFA_configuration,gini_total,base_risk,-0.013610217036033163,-0.039735925395143645,0.005313762290608017,1000,32,32,30,common-valid fixed32 images; paired group-bootstrap mean of per-image pixel metrics
cloudsen12__panopticon__full_finetune__mc_dropout_off__42,cloudsen12__dofa__full_finetune__mc_dropout_off__42,cloudsen12,Pan_configuration_minus_DOFA_configuration,gini_total,aurc,-0.011148855116949359,-0.03782622595304854,0.011900143563341816,1000,32,32,30,common-valid fixed32 images; paired group-bootstrap mean of per-image pixel metrics
cloudsen12__panopticon__full_finetune__mc_dropout_off__42,cloudsen12__dofa__full_finetune__mc_dropout_off__42,cloudsen12,Pan_configuration_minus_DOFA_configuration,gini_total,auroc,0.017398277644056104,-0.00947346313769426,0.047853759907252935,1000,25,32,24,common-valid fixed32 images; paired group-bootstrap mean of per-image pixel metrics
cloudsen12__panopticon__full_finetune__mc_dropout_off__42,cloudsen12__dofa__full_finetune__mc_dropout_off__42,cloudsen12,Pan_configuration_minus_DOFA_configuration,gini_total,average_precision,0.006862964832826961,-0.02217523045412453,0.030466107616131523,1000,25,32,24,common-valid fixed32 images; paired group-bootstrap mean of per-image pixel metrics
cloudsen12__panopticon__full_finetune__mc_dropout_off__42,cloudsen12__dofa__full_finetune__mc_dropout_off__42,cloudsen12,Pan_configuration_minus_DOFA_configuration,gini_total,risk_at_1,-0.013610217036033163,-0.039735925395143645,0.005313762290608017,1000,32,32,30,common-valid fixed32 images; paired group-bootstrap mean of per-image pixel metrics
cloudsen12__panopticon__full_finetune__mc_dropout_off__42,cloudsen12__dofa__full_finetune__mc_dropout_off__42,cloudsen12,Pan_configuration_minus_DOFA_configuration,gini_total,risk_at_0.9,-0.015797448536706348,-0.04413815821266132,0.0034444622982656597,1000,32,32,30,common-valid fixed32 images; paired group-bootstrap mean of per-image pixel metrics
cloudsen12__panopticon__full_finetune__mc_dropout_off__42,cloudsen12__dofa__full_finetune__mc_dropout_off__42,cloudsen12,Pan_configuration_minus_DOFA_configuration,gini_total,risk_at_0.8,-0.014976812868702184,-0.045506908180759933,0.005622028994869841,1000,32,32,30,common-valid fixed32 images; paired group-bootstrap mean of per-image pixel metrics
cloudsen12__panopticon__full_finetune__mc_dropout_off__42,cloudsen12__dofa__full_finetune__mc_dropout_off__42,cloudsen12,Pan_configuration_minus_DOFA_configuration,gini_total,risk_at_0.5,-0.015428192761479585,-0.046744073763578003,0.008086642879965751,1000,32,32,30,common-valid fixed32 images; paired group-bootstrap mean of per-image pixel metrics
cloudsen12__panopticon__full_finetune__mc_dropout_off__42,cloudsen12__dofa__full_finetune__mc_dropout_off__42,cloudsen12,Pan_configuration_minus_DOFA_configuration,msp,base_risk,-0.013610217036033163,-0.039735925395143645,0.005313762290608017,1000,32,32,30,common-valid fixed32 images; paired group-bootstrap mean of per-image pixel metrics
cloudsen12__panopticon__full_finetune__mc_dropout_off__42,cloudsen12__dofa__full_finetune__mc_dropout_off__42,cloudsen12,Pan_configuration_minus_DOFA_configuration,msp,aurc,-0.011214710770519012,-0.03809390656605114,0.012072806865471405,1000,32,32,30,common-valid fixed32 images; paired group-bootstrap mean of per-image pixel metrics
cloudsen12__panopticon__full_finetune__mc_dropout_off__42,cloudsen12__dofa__full_finetune__mc_dropout_off__42,cloudsen12,Pan_configuration_minus_DOFA_configuration,msp,auroc,0.01787090941087284,-0.00991385073305434,0.049284789383374744,1000,25,32,24,common-valid fixed32 images; paired group-bootstrap mean of per-image pixel metrics
cloudsen12__panopticon__full_finetune__mc_dropout_off__42,cloudsen12__dofa__full_finetune__mc_dropout_off__42,cloudsen12,Pan_configuration_minus_DOFA_configuration,msp,average_precision,0.012027001174184261,-0.013774087672019118,0.035068596600962065,1000,25,32,24,common-valid fixed32 images; paired group-bootstrap mean of per-image pixel metrics
cloudsen12__panopticon__full_finetune__mc_dropout_off__42,cloudsen12__dofa__full_finetune__mc_dropout_off__42,cloudsen12,Pan_configuration_minus_DOFA_configuration,msp,risk_at_1,-0.013610217036033163,-0.039735925395143645,0.005313762290608017,1000,32,32,30,common-valid fixed32 images; paired group-bootstrap mean of per-image pixel metrics
cloudsen12__panopticon__full_finetune__mc_dropout_off__42,cloudsen12__dofa__full_finetune__mc_dropout_off__42,cloudsen12,Pan_configuration_minus_DOFA_configuration,msp,risk_at_0.9,-0.015962561782525506,-0.04472657508197407,0.003987882686613165,1000,32,32,30,common-valid fixed32 images; paired group-bootstrap mean of per-image pixel metrics
cloudsen12__panopticon__full_finetune__mc_dropout_off__42,cloudsen12__dofa__full_finetune__mc_dropout_off__42,cloudsen12,Pan_configuration_minus_DOFA_configuration,msp,risk_at_0.8,-0.01522126489756059,-0.04546261340190059,0.00577319599123987,1000,32,32,30,common-valid fixed32 images; paired group-bootstrap mean of per-image pixel metrics
cloudsen12__panopticon__full_finetune__mc_dropout_off__42,cloudsen12__dofa__full_finetune__mc_dropout_off__42,cloudsen12,Pan_configuration_minus_DOFA_configuration,msp,risk_at_0.5,-0.01544189453125,-0.046900683786619476,0.008173861073537268,1000,32,32,30,common-valid fixed32 images; paired group-bootstrap mean of per-image pixel metrics
cloudsen12__panopticon__full_finetune__mc_dropout_off__42,cloudsen12__dofa__full_finetune__mc_dropout_off__42,cloudsen12,Pan_configuration_minus_DOFA_configuration,negative_margin,base_risk,-0.013610217036033163,-0.039735925395143645,0.005313762290608017,1000,32,32,30,common-valid fixed32 images; paired group-bootstrap mean of per-image pixel metrics
cloudsen12__panopticon__full_finetune__mc_dropout_off__42,cloudsen12__dofa__full_finetune__mc_dropout_off__42,cloudsen12,Pan_configuration_minus_DOFA_configuration,negative_margin,aurc,-0.01110565237222241,-0.03832830045595908,0.01254356741502221,1000,32,32,30,common-valid fixed32 images; paired group-bootstrap mean of per-image pixel metrics
cloudsen12__panopticon__full_finetune__mc_dropout_off__42,cloudsen12__dofa__full_finetune__mc_dropout_off__42,cloudsen12,Pan_configuration_minus_DOFA_configuration,negative_margin,auroc,0.017614641910373013,-0.011271168129134932,0.04947424859182791,1000,25,32,24,common-valid fixed32 images; paired group-bootstrap mean of per-image pixel metrics
cloudsen12__panopticon__full_finetune__mc_dropout_off__42,cloudsen12__dofa__full_finetune__mc_dropout_off__42,cloudsen12,Pan_configuration_minus_DOFA_configuration,negative_margin,average_precision,0.014215758812180356,-0.0085757683577272,0.035346003789038294,1000,25,32,24,common-valid fixed32 images; paired group-bootstrap mean of per-image pixel metrics
cloudsen12__panopticon__full_finetune__mc_dropout_off__42,cloudsen12__dofa__full_finetune__mc_dropout_off__42,cloudsen12,Pan_configuration_minus_DOFA_configuration,negative_margin,risk_at_1,-0.013610217036033163,-0.039735925395143645,0.005313762290608017,1000,32,32,30,common-valid fixed32 images; paired group-bootstrap mean of per-image pixel metrics
cloudsen12__panopticon__full_finetune__mc_dropout_off__42,cloudsen12__dofa__full_finetune__mc_dropout_off__42,cloudsen12,Pan_configuration_minus_DOFA_configuration,negative_margin,risk_at_0.9,-0.015681329497945012,-0.044686337614324854,0.004566153506145811,1000,32,32,30,common-valid fixed32 images; paired group-bootstrap mean of per-image pixel metrics
cloudsen12__panopticon__full_finetune__mc_dropout_off__42,cloudsen12__dofa__full_finetune__mc_dropout_off__42,cloudsen12,Pan_configuration_minus_DOFA_configuration,negative_margin,risk_at_0.8,-0.015041429169323967,-0.04524588146693334,0.006220693004374606,1000,32,32,30,common-valid fixed32 images; paired group-bootstrap mean of per-image pixel metrics
cloudsen12__panopticon__full_finetune__mc_dropout_off__42,cloudsen12__dofa__full_finetune__mc_dropout_off__42,cloudsen12,Pan_configuration_minus_DOFA_configuration,negative_margin,risk_at_0.5,-0.01554403499681124,-0.04708940657916394,0.008288630472350213,1000,32,32,30,common-valid fixed32 images; paired group-bootstrap mean of per-image pixel metrics
spacenet7__dofa__frozen__mc_dropout_off__42,spacenet7__dofa__frozen__deterministic__42,spacenet7,Off_minus_D,entropy,base_risk,0.0004970005580357207,-0.0009943916333425243,0.002755336928298104,1000,32,32,10,common-valid fixed32 images; paired group-bootstrap mean of per-image pixel metrics
spacenet7__dofa__frozen__mc_dropout_off__42,spacenet7__dofa__frozen__deterministic__42,spacenet7,Off_minus_D,entropy,aurc,0.0013075805591521176,5.6335901796730235e-05,0.003031548975615212,1000,32,32,10,common-valid fixed32 images; paired group-bootstrap mean of per-image pixel metrics
spacenet7__dofa__frozen__mc_dropout_off__42,spacenet7__dofa__frozen__deterministic__42,spacenet7,Off_minus_D,entropy,auroc,-0.023562469362756855,-0.051760209879358254,-0.004782774915175399,1000,29,32,10,common-valid fixed32 images; paired group-bootstrap mean of per-image pixel metrics
spacenet7__dofa__frozen__mc_dropout_off__42,spacenet7__dofa__frozen__deterministic__42,spacenet7,Off_minus_D,entropy,average_precision,-0.01845382587203344,-0.0541955512835972,0.001730092830979403,1000,29,32,10,common-valid fixed32 images; paired group-bootstrap mean of per-image pixel metrics
spacenet7__dofa__frozen__mc_dropout_off__42,spacenet7__dofa__frozen__deterministic__42,spacenet7,Off_minus_D,entropy,risk_at_1,0.0004970005580357207,-0.0009943916333425243,0.002755336928298104,1000,32,32,10,common-valid fixed32 images; paired group-bootstrap mean of per-image pixel metrics
spacenet7__dofa__frozen__mc_dropout_off__42,spacenet7__dofa__frozen__deterministic__42,spacenet7,Off_minus_D,entropy,risk_at_0.9,0.001118977864583329,-0.0002734817885487441,0.0033743904267992592,1000,32,32,10,common-valid fixed32 images; paired group-bootstrap mean of per-image pixel metrics
spacenet7__dofa__frozen__mc_dropout_off__42,spacenet7__dofa__frozen__deterministic__42,spacenet7,Off_minus_D,entropy,risk_at_0.8,0.0013371681680484668,7.144264630895384e-05,0.0032164830562702858,1000,32,32,10,common-valid fixed32 images; paired group-bootstrap mean of per-image pixel metrics
spacenet7__dofa__frozen__mc_dropout_off__42,spacenet7__dofa__frozen__deterministic__42,spacenet7,Off_minus_D,entropy,risk_at_0.5,0.001619300063775509,0.0002857926939278928,0.0033646223413243523,1000,32,32,10,common-valid fixed32 images; paired group-bootstrap mean of per-image pixel metrics
spacenet7__dofa__frozen__mc_dropout_off__42,spacenet7__dofa__frozen__deterministic__42,spacenet7,Off_minus_D,gini_total,base_risk,0.0004970005580357207,-0.0009943916333425243,0.002755336928298104,1000,32,32,10,common-valid fixed32 images; paired group-bootstrap mean of per-image pixel metrics
spacenet7__dofa__frozen__mc_dropout_off__42,spacenet7__dofa__frozen__deterministic__42,spacenet7,Off_minus_D,gini_total,aurc,0.0012345996035086936,3.151470844659075e-05,0.0028862967651202454,1000,32,32,10,common-valid fixed32 images; paired group-bootstrap mean of per-image pixel metrics
spacenet7__dofa__frozen__mc_dropout_off__42,spacenet7__dofa__frozen__deterministic__42,spacenet7,Off_minus_D,gini_total,auroc,-0.02354069317299475,-0.05172002258514621,-0.004763441085351361,1000,29,32,10,common-valid fixed32 images; paired group-bootstrap mean of per-image pixel metrics
spacenet7__dofa__frozen__mc_dropout_off__42,spacenet7__dofa__frozen__deterministic__42,spacenet7,Off_minus_D,gini_total,average_precision,-0.018451283855962237,-0.054192759174549805,0.0017335134704098173,1000,29,32,10,common-valid fixed32 images; paired group-bootstrap mean of per-image pixel metrics
spacenet7__dofa__frozen__mc_dropout_off__42,spacenet7__dofa__frozen__deterministic__42,spacenet7,Off_minus_D,gini_total,risk_at_1,0.0004970005580357207,-0.0009943916333425243,0.002755336928298104,1000,32,32,10,common-valid fixed32 images; paired group-bootstrap mean of per-image pixel metrics
spacenet7__dofa__frozen__mc_dropout_off__42,spacenet7__dofa__frozen__deterministic__42,spacenet7,Off_minus_D,gini_total,risk_at_0.9,0.001118977864583329,-0.0002734817885487441,0.0033743904267992592,1000,32,32,10,common-valid fixed32 images; paired group-bootstrap mean of per-image pixel metrics
spacenet7__dofa__frozen__mc_dropout_off__42,spacenet7__dofa__frozen__deterministic__42,spacenet7,Off_minus_D,gini_total,risk_at_0.8,0.0013371681680484668,7.144264630895384e-05,0.0032164830562702858,1000,32,32,10,common-valid fixed32 images; paired group-bootstrap mean of per-image pixel metrics
spacenet7__dofa__frozen__mc_dropout_off__42,spacenet7__dofa__frozen__deterministic__42,spacenet7,Off_minus_D,gini_total,risk_at_0.5,0.001619300063775509,0.0002857926939278928,0.0033646223413243523,1000,32,32,10,common-valid fixed32 images; paired group-bootstrap mean of per-image pixel metrics
spacenet7__dofa__frozen__mc_dropout_off__42,spacenet7__dofa__frozen__deterministic__42,spacenet7,Off_minus_D,msp,base_risk,0.0004970005580357207,-0.0009943916333425243,0.002755336928298104,1000,32,32,10,common-valid fixed32 images; paired group-bootstrap mean of per-image pixel metrics
spacenet7__dofa__frozen__mc_dropout_off__42,spacenet7__dofa__frozen__deterministic__42,spacenet7,Off_minus_D,msp,aurc,0.0012685321071959604,5.389638646162941e-05,0.0029451393616931987,1000,32,32,10,common-valid fixed32 images; paired group-bootstrap mean of per-image pixel metrics
spacenet7__dofa__frozen__mc_dropout_off__42,spacenet7__dofa__frozen__deterministic__42,spacenet7,Off_minus_D,msp,auroc,-0.023547680321364513,-0.05173357534626038,-0.004763381190052658,1000,29,32,10,common-valid fixed32 images; paired group-bootstrap mean of per-image pixel metrics
spacenet7__dofa__frozen__mc_dropout_off__42,spacenet7__dofa__frozen__deterministic__42,spacenet7,Off_minus_D,msp,average_precision,-0.01844620321647983,-0.05418705398133372,0.001737982943450275,1000,29,32,10,common-valid fixed32 images; paired group-bootstrap mean of per-image pixel metrics
spacenet7__dofa__frozen__mc_dropout_off__42,spacenet7__dofa__frozen__deterministic__42,spacenet7,Off_minus_D,msp,risk_at_1,0.0004970005580357207,-0.0009943916333425243,0.002755336928298104,1000,32,32,10,common-valid fixed32 images; paired group-bootstrap mean of per-image pixel metrics
spacenet7__dofa__frozen__mc_dropout_off__42,spacenet7__dofa__frozen__deterministic__42,spacenet7,Off_minus_D,msp,risk_at_0.9,0.001118977864583329,-0.0002734817885487441,0.0033743904267992592,1000,32,32,10,common-valid fixed32 images; paired group-bootstrap mean of per-image pixel metrics
spacenet7__dofa__frozen__mc_dropout_off__42,spacenet7__dofa__frozen__deterministic__42,spacenet7,Off_minus_D,msp,risk_at_0.8,0.0013371681680484668,7.144264630895384e-05,0.0032164830562702858,1000,32,32,10,common-valid fixed32 images; paired group-bootstrap mean of per-image pixel metrics
spacenet7__dofa__frozen__mc_dropout_off__42,spacenet7__dofa__frozen__deterministic__42,spacenet7,Off_minus_D,msp,risk_at_0.5,0.001619300063775509,0.0002857926939278928,0.0033646223413243523,1000,32,32,10,common-valid fixed32 images; paired group-bootstrap mean of per-image pixel metrics
spacenet7__dofa__frozen__mc_dropout_off__42,spacenet7__dofa__frozen__deterministic__42,spacenet7,Off_minus_D,negative_margin,base_risk,0.0004970005580357207,-0.0009943916333425243,0.002755336928298104,1000,32,32,10,common-valid fixed32 images; paired group-bootstrap mean of per-image pixel metrics
spacenet7__dofa__frozen__mc_dropout_off__42,spacenet7__dofa__frozen__deterministic__42,spacenet7,Off_minus_D,negative_margin,aurc,0.0013069877480738387,5.3038547942053245e-05,0.0030412137026601133,1000,32,32,10,common-valid fixed32 images; paired group-bootstrap mean of per-image pixel metrics
spacenet7__dofa__frozen__mc_dropout_off__42,spacenet7__dofa__frozen__deterministic__42,spacenet7,Off_minus_D,negative_margin,auroc,-0.023562330994084262,-0.05175993085550071,-0.004782734210070222,1000,29,32,10,common-valid fixed32 images; paired group-bootstrap mean of per-image pixel metrics
spacenet7__dofa__frozen__mc_dropout_off__42,spacenet7__dofa__frozen__deterministic__42,spacenet7,Off_minus_D,negative_margin,average_precision,-0.018448949014481023,-0.05419165965645477,0.00173489396223601,1000,29,32,10,common-valid fixed32 images; paired group-bootstrap mean of per-image pixel metrics
spacenet7__dofa__frozen__mc_dropout_off__42,spacenet7__dofa__frozen__deterministic__42,spacenet7,Off_minus_D,negative_margin,risk_at_1,0.0004970005580357207,-0.0009943916333425243,0.002755336928298104,1000,32,32,10,common-valid fixed32 images; paired group-bootstrap mean of per-image pixel metrics
spacenet7__dofa__frozen__mc_dropout_off__42,spacenet7__dofa__frozen__deterministic__42,spacenet7,Off_minus_D,negative_margin,risk_at_0.9,0.001118977864583329,-0.0002734817885487441,0.0033743904267992592,1000,32,32,10,common-valid fixed32 images; paired group-bootstrap mean of per-image pixel metrics
spacenet7__dofa__frozen__mc_dropout_off__42,spacenet7__dofa__frozen__deterministic__42,spacenet7,Off_minus_D,negative_margin,risk_at_0.8,0.0013371681680484668,7.144264630895384e-05,0.0032164830562702858,1000,32,32,10,common-valid fixed32 images; paired group-bootstrap mean of per-image pixel metrics
spacenet7__dofa__frozen__mc_dropout_off__42,spacenet7__dofa__frozen__deterministic__42,spacenet7,Off_minus_D,negative_margin,risk_at_0.5,0.001619300063775509,0.0002857926939278928,0.0033646223413243523,1000,32,32,10,common-valid fixed32 images; paired group-bootstrap mean of per-image pixel metrics
spacenet7__dofa__full_finetune__mc_dropout_off__42,spacenet7__dofa__full_finetune__deterministic__42,spacenet7,Off_minus_D,entropy,base_risk,-0.006995376275510197,-0.01316540776466836,-0.0020399007991868407,1000,32,32,10,common-valid fixed32 images; paired group-bootstrap mean of per-image pixel metrics
spacenet7__dofa__full_finetune__mc_dropout_off__42,spacenet7__dofa__full_finetune__deterministic__42,spacenet7,Off_minus_D,entropy,aurc,-0.006297462426486785,-0.012312709995300345,-0.0019332416214598595,1000,32,32,10,common-valid fixed32 images; paired group-bootstrap mean of per-image pixel metrics
spacenet7__dofa__full_finetune__mc_dropout_off__42,spacenet7__dofa__full_finetune__deterministic__42,spacenet7,Off_minus_D,entropy,auroc,0.016096204092191594,-0.008668317240393913,0.037024870115865444,1000,29,32,10,common-valid fixed32 images; paired group-bootstrap mean of per-image pixel metrics
spacenet7__dofa__full_finetune__mc_dropout_off__42,spacenet7__dofa__full_finetune__deterministic__42,spacenet7,Off_minus_D,entropy,average_precision,-0.015053403676636908,-0.037446375135368894,0.007345899654562323,1000,29,32,10,common-valid fixed32 images; paired group-bootstrap mean of per-image pixel metrics
spacenet7__dofa__full_finetune__mc_dropout_off__42,spacenet7__dofa__full_finetune__deterministic__42,spacenet7,Off_minus_D,entropy,risk_at_1,-0.006995376275510197,-0.01316540776466836,-0.0020399007991868407,1000,32,32,10,common-valid fixed32 images; paired group-bootstrap mean of per-image pixel metrics
spacenet7__dofa__full_finetune__mc_dropout_off__42,spacenet7__dofa__full_finetune__deterministic__42,spacenet7,Off_minus_D,entropy,risk_at_0.9,-0.0037234213346796973,-0.008647730128835386,-0.0005075975969396095,1000,32,32,10,common-valid fixed32 images; paired group-bootstrap mean of per-image pixel metrics
spacenet7__dofa__full_finetune__mc_dropout_off__42,spacenet7__dofa__full_finetune__deterministic__42,spacenet7,Off_minus_D,entropy,risk_at_0.8,-0.003116529815051016,-0.006877137527984814,-0.0007286209161398849,1000,32,32,10,common-valid fixed32 images; paired group-bootstrap mean of per-image pixel metrics
spacenet7__dofa__full_finetune__mc_dropout_off__42,spacenet7__dofa__full_finetune__deterministic__42,spacenet7,Off_minus_D,entropy,risk_at_0.5,-0.004678531568877542,-0.008278244220895436,-0.0014814013762465136,1000,32,32,10,common-valid fixed32 images; paired group-bootstrap mean of per-image pixel metrics
spacenet7__dofa__full_finetune__mc_dropout_off__42,spacenet7__dofa__full_finetune__deterministic__42,spacenet7,Off_minus_D,gini_total,base_risk,-0.006995376275510197,-0.01316540776466836,-0.0020399007991868407,1000,32,32,10,common-valid fixed32 images; paired group-bootstrap mean of per-image pixel metrics
spacenet7__dofa__full_finetune__mc_dropout_off__42,spacenet7__dofa__full_finetune__deterministic__42,spacenet7,Off_minus_D,gini_total,aurc,-0.007282586352570549,-0.013595337301986983,-0.0023401170835522615,1000,32,32,10,common-valid fixed32 images; paired group-bootstrap mean of per-image pixel metrics
spacenet7__dofa__full_finetune__mc_dropout_off__42,spacenet7__dofa__full_finetune__deterministic__42,spacenet7,Off_minus_D,gini_total,auroc,0.016486916219677166,-0.008233647334897289,0.03727128020285449,1000,29,32,10,common-valid fixed32 images; paired group-bootstrap mean of per-image pixel metrics
spacenet7__dofa__full_finetune__mc_dropout_off__42,spacenet7__dofa__full_finetune__deterministic__42,spacenet7,Off_minus_D,gini_total,average_precision,-0.014741510250406513,-0.036989931248268985,0.0074062348778100055,1000,29,32,10,common-valid fixed32 images; paired group-bootstrap mean of per-image pixel metrics
spacenet7__dofa__full_finetune__mc_dropout_off__42,spacenet7__dofa__full_finetune__deterministic__42,spacenet7,Off_minus_D,gini_total,risk_at_1,-0.006995376275510197,-0.01316540776466836,-0.0020399007991868407,1000,32,32,10,common-valid fixed32 images; paired group-bootstrap mean of per-image pixel metrics
spacenet7__dofa__full_finetune__mc_dropout_off__42,spacenet7__dofa__full_finetune__deterministic__42,spacenet7,Off_minus_D,gini_total,risk_at_0.9,-0.0037234213346796973,-0.008647730128835386,-0.0005075975969396095,1000,32,32,10,common-valid fixed32 images; paired group-bootstrap mean of per-image pixel metrics
spacenet7__dofa__full_finetune__mc_dropout_off__42,spacenet7__dofa__full_finetune__deterministic__42,spacenet7,Off_minus_D,gini_total,risk_at_0.8,-0.003116529815051016,-0.006879437735651976,-0.0007285842803918356,1000,32,32,10,common-valid fixed32 images; paired group-bootstrap mean of per-image pixel metrics
spacenet7__dofa__full_finetune__mc_dropout_off__42,spacenet7__dofa__full_finetune__deterministic__42,spacenet7,Off_minus_D,gini_total,risk_at_0.5,-0.004689742107780609,-0.008314271781761381,-0.0014707275843576007,1000,32,32,10,common-valid fixed32 images; paired group-bootstrap mean of per-image pixel metrics
spacenet7__dofa__full_finetune__mc_dropout_off__42,spacenet7__dofa__full_finetune__deterministic__42,spacenet7,Off_minus_D,msp,base_risk,-0.006995376275510197,-0.01316540776466836,-0.0020399007991868407,1000,32,32,10,common-valid fixed32 images; paired group-bootstrap mean of per-image pixel metrics
spacenet7__dofa__full_finetune__mc_dropout_off__42,spacenet7__dofa__full_finetune__deterministic__42,spacenet7,Off_minus_D,msp,aurc,-0.0069646716179068025,-0.013025207442502127,-0.002225558541321776,1000,32,32,10,common-valid fixed32 images; paired group-bootstrap mean of per-image pixel metrics
spacenet7__dofa__full_finetune__mc_dropout_off__42,spacenet7__dofa__full_finetune__deterministic__42,spacenet7,Off_minus_D,msp,auroc,0.016408096691995753,-0.008373915147076938,0.03721655174835089,1000,29,32,10,common-valid fixed32 images; paired group-bootstrap mean of per-image pixel metrics
spacenet7__dofa__full_finetune__mc_dropout_off__42,spacenet7__dofa__full_finetune__deterministic__42,spacenet7,Off_minus_D,msp,average_precision,-0.014444483097045335,-0.036608685322574136,0.007548997139701532,1000,29,32,10,common-valid fixed32 images; paired group-bootstrap mean of per-image pixel metrics
spacenet7__dofa__full_finetune__mc_dropout_off__42,spacenet7__dofa__full_finetune__deterministic__42,spacenet7,Off_minus_D,msp,risk_at_1,-0.006995376275510197,-0.01316540776466836,-0.0020399007991868407,1000,32,32,10,common-valid fixed32 images; paired group-bootstrap mean of per-image pixel metrics
spacenet7__dofa__full_finetune__mc_dropout_off__42,spacenet7__dofa__full_finetune__deterministic__42,spacenet7,Off_minus_D,msp,risk_at_0.9,-0.0037234662217223505,-0.008647730128835386,-0.0005075985944294463,1000,32,32,10,common-valid fixed32 images; paired group-bootstrap mean of per-image pixel metrics
spacenet7__dofa__full_finetune__mc_dropout_off__42,spacenet7__dofa__full_finetune__deterministic__42,spacenet7,Off_minus_D,msp,risk_at_0.8,-0.0031161733115175083,-0.006878173087317215,-0.0007277095339165218,1000,32,32,10,common-valid fixed32 images; paired group-bootstrap mean of per-image pixel metrics
spacenet7__dofa__full_finetune__mc_dropout_off__42,spacenet7__dofa__full_finetune__deterministic__42,spacenet7,Off_minus_D,msp,risk_at_0.5,-0.004683864344154019,-0.008302657819212097,-0.0014768393528654892,1000,32,32,10,common-valid fixed32 images; paired group-bootstrap mean of per-image pixel metrics
spacenet7__dofa__full_finetune__mc_dropout_off__42,spacenet7__dofa__full_finetune__deterministic__42,spacenet7,Off_minus_D,negative_margin,base_risk,-0.006995376275510197,-0.01316540776466836,-0.0020399007991868407,1000,32,32,10,common-valid fixed32 images; paired group-bootstrap mean of per-image pixel metrics
spacenet7__dofa__full_finetune__mc_dropout_off__42,spacenet7__dofa__full_finetune__deterministic__42,spacenet7,Off_minus_D,negative_margin,aurc,-0.006338463505725655,-0.012345425697429253,-0.0019494943942458586,1000,32,32,10,common-valid fixed32 images; paired group-bootstrap mean of per-image pixel metrics
spacenet7__dofa__full_finetune__mc_dropout_off__42,spacenet7__dofa__full_finetune__deterministic__42,spacenet7,Off_minus_D,negative_margin,auroc,0.016099695305958377,-0.0086631701204157,0.03702766369408044,1000,29,32,10,common-valid fixed32 images; paired group-bootstrap mean of per-image pixel metrics
spacenet7__dofa__full_finetune__mc_dropout_off__42,spacenet7__dofa__full_finetune__deterministic__42,spacenet7,Off_minus_D,negative_margin,average_precision,-0.015051058801402272,-0.03744229524904935,0.007345845720842714,1000,29,32,10,common-valid fixed32 images; paired group-bootstrap mean of per-image pixel metrics
spacenet7__dofa__full_finetune__mc_dropout_off__42,spacenet7__dofa__full_finetune__deterministic__42,spacenet7,Off_minus_D,negative_margin,risk_at_1,-0.006995376275510197,-0.01316540776466836,-0.0020399007991868407,1000,32,32,10,common-valid fixed32 images; paired group-bootstrap mean of per-image pixel metrics
spacenet7__dofa__full_finetune__mc_dropout_off__42,spacenet7__dofa__full_finetune__deterministic__42,spacenet7,Off_minus_D,negative_margin,risk_at_0.9,-0.0037234213346796973,-0.008647730128835386,-0.0005075975969396095,1000,32,32,10,common-valid fixed32 images; paired group-bootstrap mean of per-image pixel metrics
spacenet7__dofa__full_finetune__mc_dropout_off__42,spacenet7__dofa__full_finetune__deterministic__42,spacenet7,Off_minus_D,negative_margin,risk_at_0.8,-0.003116529815051016,-0.006877137527984814,-0.0007286209161398849,1000,32,32,10,common-valid fixed32 images; paired group-bootstrap mean of per-image pixel metrics
spacenet7__dofa__full_finetune__mc_dropout_off__42,spacenet7__dofa__full_finetune__deterministic__42,spacenet7,Off_minus_D,negative_margin,risk_at_0.5,-0.004678531568877542,-0.008278244220895436,-0.0014814013762465136,1000,32,32,10,common-valid fixed32 images; paired group-bootstrap mean of per-image pixel metrics
spacenet7__dofa__full_finetune__mc_dropout_off__42,spacenet7__dofa__frozen__mc_dropout_off__42,spacenet7,full_recipe_minus_frozen_recipe,entropy,base_risk,-0.0030872578523596893,-0.007798939399978717,-0.00012815514389348824,1000,32,32,10,common-valid fixed32 images; paired group-bootstrap mean of per-image pixel metrics
spacenet7__dofa__full_finetune__mc_dropout_off__42,spacenet7__dofa__frozen__mc_dropout_off__42,spacenet7,full_recipe_minus_frozen_recipe,entropy,aurc,-0.006899948816909085,-0.012832955020144083,-0.0021342091023460207,1000,32,32,10,common-valid fixed32 images; paired group-bootstrap mean of per-image pixel metrics
spacenet7__dofa__full_finetune__mc_dropout_off__42,spacenet7__dofa__frozen__mc_dropout_off__42,spacenet7,full_recipe_minus_frozen_recipe,entropy,auroc,0.052727880219128206,0.0380326989084946,0.06697654981736095,1000,29,32,10,common-valid fixed32 images; paired group-bootstrap mean of per-image pixel metrics
spacenet7__dofa__full_finetune__mc_dropout_off__42,spacenet7__dofa__frozen__mc_dropout_off__42,spacenet7,full_recipe_minus_frozen_recipe,entropy,average_precision,0.05296908729719613,0.029737777722895417,0.07822626479462579,1000,29,32,10,common-valid fixed32 images; paired group-bootstrap mean of per-image pixel metrics
spacenet7__dofa__full_finetune__mc_dropout_off__42,spacenet7__dofa__frozen__mc_dropout_off__42,spacenet7,full_recipe_minus_frozen_recipe,entropy,risk_at_1,-0.0030872578523596893,-0.007798939399978717,-0.00012815514389348824,1000,32,32,10,common-valid fixed32 images; paired group-bootstrap mean of per-image pixel metrics
spacenet7__dofa__full_finetune__mc_dropout_off__42,spacenet7__dofa__frozen__mc_dropout_off__42,spacenet7,full_recipe_minus_frozen_recipe,entropy,risk_at_0.9,-0.0055101874734268625,-0.010006883174513299,-0.002184958872618307,1000,32,32,10,common-valid fixed32 images; paired group-bootstrap mean of per-image pixel metrics
spacenet7__dofa__full_finetune__mc_dropout_off__42,spacenet7__dofa__frozen__mc_dropout_off__42,spacenet7,full_recipe_minus_frozen_recipe,entropy,risk_at_0.8,-0.0065256235550860886,-0.011726014607154228,-0.0024292244196182367,1000,32,32,10,common-valid fixed32 images; paired group-bootstrap mean of per-image pixel metrics
spacenet7__dofa__full_finetune__mc_dropout_off__42,spacenet7__dofa__frozen__mc_dropout_off__42,spacenet7,full_recipe_minus_frozen_recipe,entropy,risk_at_0.5,-0.00810272839604591,-0.014900631282587475,-0.0025681031341107732,1000,32,32,10,common-valid fixed32 images; paired group-bootstrap mean of per-image pixel metrics
spacenet7__dofa__full_finetune__mc_dropout_off__42,spacenet7__dofa__frozen__mc_dropout_off__42,spacenet7,full_recipe_minus_frozen_recipe,gini_total,base_risk,-0.0030872578523596893,-0.007798939399978717,-0.00012815514389348824,1000,32,32,10,common-valid fixed32 images; paired group-bootstrap mean of per-image pixel metrics
spacenet7__dofa__full_finetune__mc_dropout_off__42,spacenet7__dofa__frozen__mc_dropout_off__42,spacenet7,full_recipe_minus_frozen_recipe,gini_total,aurc,-0.00689416887395033,-0.012761357602966933,-0.0021529424782424007,1000,32,32,10,common-valid fixed32 images; paired group-bootstrap mean of per-image pixel metrics
spacenet7__dofa__full_finetune__mc_dropout_off__42,spacenet7__dofa__frozen__mc_dropout_off__42,spacenet7,full_recipe_minus_frozen_recipe,gini_total,auroc,0.05271654424862744,0.03802701551470258,0.0669592836690756,1000,29,32,10,common-valid fixed32 images; paired group-bootstrap mean of per-image pixel metrics
spacenet7__dofa__full_finetune__mc_dropout_off__42,spacenet7__dofa__frozen__mc_dropout_off__42,spacenet7,full_recipe_minus_frozen_recipe,gini_total,average_precision,0.052970211143300194,0.0297391658329555,0.07822703114924692,1000,29,32,10,common-valid fixed32 images; paired group-bootstrap mean of per-image pixel metrics
spacenet7__dofa__full_finetune__mc_dropout_off__42,spacenet7__dofa__frozen__mc_dropout_off__42,spacenet7,full_recipe_minus_frozen_recipe,gini_total,risk_at_1,-0.0030872578523596893,-0.007798939399978717,-0.00012815514389348824,1000,32,32,10,common-valid fixed32 images; paired group-bootstrap mean of per-image pixel metrics
spacenet7__dofa__full_finetune__mc_dropout_off__42,spacenet7__dofa__frozen__mc_dropout_off__42,spacenet7,full_recipe_minus_frozen_recipe,gini_total,risk_at_0.9,-0.0055101874734268625,-0.010006883174513299,-0.002184958872618307,1000,32,32,10,common-valid fixed32 images; paired group-bootstrap mean of per-image pixel metrics
spacenet7__dofa__full_finetune__mc_dropout_off__42,spacenet7__dofa__frozen__mc_dropout_off__42,spacenet7,full_recipe_minus_frozen_recipe,gini_total,risk_at_0.8,-0.0065256235550860886,-0.011726014607154228,-0.0024292244196182367,1000,32,32,10,common-valid fixed32 images; paired group-bootstrap mean of per-image pixel metrics
spacenet7__dofa__full_finetune__mc_dropout_off__42,spacenet7__dofa__frozen__mc_dropout_off__42,spacenet7,full_recipe_minus_frozen_recipe,gini_total,risk_at_0.5,-0.00810272839604591,-0.014900631282587475,-0.0025681031341107732,1000,32,32,10,common-valid fixed32 images; paired group-bootstrap mean of per-image pixel metrics
spacenet7__dofa__full_finetune__mc_dropout_off__42,spacenet7__dofa__frozen__mc_dropout_off__42,spacenet7,full_recipe_minus_frozen_recipe,msp,base_risk,-0.0030872578523596893,-0.007798939399978717,-0.00012815514389348824,1000,32,32,10,common-valid fixed32 images; paired group-bootstrap mean of per-image pixel metrics
spacenet7__dofa__full_finetune__mc_dropout_off__42,spacenet7__dofa__frozen__mc_dropout_off__42,spacenet7,full_recipe_minus_frozen_recipe,msp,aurc,-0.0069349340746587395,-0.012868270466944476,-0.0021561448260024605,1000,32,32,10,common-valid fixed32 images; paired group-bootstrap mean of per-image pixel metrics
spacenet7__dofa__full_finetune__mc_dropout_off__42,spacenet7__dofa__frozen__mc_dropout_off__42,spacenet7,full_recipe_minus_frozen_recipe,msp,auroc,0.052725166232674155,0.038031623324835576,0.0669726372285658,1000,29,32,10,common-valid fixed32 images; paired group-bootstrap mean of per-image pixel metrics
spacenet7__dofa__full_finetune__mc_dropout_off__42,spacenet7__dofa__frozen__mc_dropout_off__42,spacenet7,full_recipe_minus_frozen_recipe,msp,average_precision,0.052975038468152415,0.029748302534677716,0.07823199479258795,1000,29,32,10,common-valid fixed32 images; paired group-bootstrap mean of per-image pixel metrics
spacenet7__dofa__full_finetune__mc_dropout_off__42,spacenet7__dofa__frozen__mc_dropout_off__42,spacenet7,full_recipe_minus_frozen_recipe,msp,risk_at_1,-0.0030872578523596893,-0.007798939399978717,-0.00012815514389348824,1000,32,32,10,common-valid fixed32 images; paired group-bootstrap mean of per-image pixel metrics
spacenet7__dofa__full_finetune__mc_dropout_off__42,spacenet7__dofa__frozen__mc_dropout_off__42,spacenet7,full_recipe_minus_frozen_recipe,msp,risk_at_0.9,-0.0055101874734268625,-0.010006883174513299,-0.002184958872618307,1000,32,32,10,common-valid fixed32 images; paired group-bootstrap mean of per-image pixel metrics
spacenet7__dofa__full_finetune__mc_dropout_off__42,spacenet7__dofa__frozen__mc_dropout_off__42,spacenet7,full_recipe_minus_frozen_recipe,msp,risk_at_0.8,-0.0065256235550860886,-0.011726014607154228,-0.0024292244196182367,1000,32,32,10,common-valid fixed32 images; paired group-bootstrap mean of per-image pixel metrics
spacenet7__dofa__full_finetune__mc_dropout_off__42,spacenet7__dofa__frozen__mc_dropout_off__42,spacenet7,full_recipe_minus_frozen_recipe,msp,risk_at_0.5,-0.00810272839604591,-0.014900631282587475,-0.0025681031341107732,1000,32,32,10,common-valid fixed32 images; paired group-bootstrap mean of per-image pixel metrics
spacenet7__dofa__full_finetune__mc_dropout_off__42,spacenet7__dofa__frozen__mc_dropout_off__42,spacenet7,full_recipe_minus_frozen_recipe,negative_margin,base_risk,-0.0030872578523596893,-0.007798939399978717,-0.00012815514389348824,1000,32,32,10,common-valid fixed32 images; paired group-bootstrap mean of per-image pixel metrics
spacenet7__dofa__full_finetune__mc_dropout_off__42,spacenet7__dofa__frozen__mc_dropout_off__42,spacenet7,full_recipe_minus_frozen_recipe,negative_margin,aurc,-0.006927219058318344,-0.012874368294758676,-0.0021404262727412198,1000,32,32,10,common-valid fixed32 images; paired group-bootstrap mean of per-image pixel metrics
spacenet7__dofa__full_finetune__mc_dropout_off__42,spacenet7__dofa__frozen__mc_dropout_off__42,spacenet7,full_recipe_minus_frozen_recipe,negative_margin,auroc,0.05272884342097672,0.03803351697371453,0.06697764813430726,1000,29,32,10,common-valid fixed32 images; paired group-bootstrap mean of per-image pixel metrics
spacenet7__dofa__full_finetune__mc_dropout_off__42,spacenet7__dofa__frozen__mc_dropout_off__42,spacenet7,full_recipe_minus_frozen_recipe,negative_margin,average_precision,0.05297236247531926,0.02974348572087792,0.0782293221538954,1000,29,32,10,common-valid fixed32 images; paired group-bootstrap mean of per-image pixel metrics
spacenet7__dofa__full_finetune__mc_dropout_off__42,spacenet7__dofa__frozen__mc_dropout_off__42,spacenet7,full_recipe_minus_frozen_recipe,negative_margin,risk_at_1,-0.0030872578523596893,-0.007798939399978717,-0.00012815514389348824,1000,32,32,10,common-valid fixed32 images; paired group-bootstrap mean of per-image pixel metrics
spacenet7__dofa__full_finetune__mc_dropout_off__42,spacenet7__dofa__frozen__mc_dropout_off__42,spacenet7,full_recipe_minus_frozen_recipe,negative_margin,risk_at_0.9,-0.0055101874734268625,-0.010006883174513299,-0.002184958872618307,1000,32,32,10,common-valid fixed32 images; paired group-bootstrap mean of per-image pixel metrics
spacenet7__dofa__full_finetune__mc_dropout_off__42,spacenet7__dofa__frozen__mc_dropout_off__42,spacenet7,full_recipe_minus_frozen_recipe,negative_margin,risk_at_0.8,-0.0065256235550860886,-0.011726014607154228,-0.0024292244196182367,1000,32,32,10,common-valid fixed32 images; paired group-bootstrap mean of per-image pixel metrics
spacenet7__dofa__full_finetune__mc_dropout_off__42,spacenet7__dofa__frozen__mc_dropout_off__42,spacenet7,full_recipe_minus_frozen_recipe,negative_margin,risk_at_0.5,-0.00810272839604591,-0.014900631282587475,-0.0025681031341107732,1000,32,32,10,common-valid fixed32 images; paired group-bootstrap mean of per-image pixel metrics
spacenet7__panopticon__frozen__mc_dropout_off__42,spacenet7__panopticon__frozen__deterministic__42,spacenet7,Off_minus_D,entropy,base_risk,-0.0020926339285714155,-0.004237337650288697,-0.0005108504550468786,1000,32,32,10,common-valid fixed32 images; paired group-bootstrap mean of per-image pixel metrics
spacenet7__panopticon__frozen__mc_dropout_off__42,spacenet7__panopticon__frozen__deterministic__42,spacenet7,Off_minus_D,entropy,aurc,-0.0011276420246150633,-0.002158796173020438,-0.00021318479430630841,1000,32,32,10,common-valid fixed32 images; paired group-bootstrap mean of per-image pixel metrics
spacenet7__panopticon__frozen__mc_dropout_off__42,spacenet7__panopticon__frozen__deterministic__42,spacenet7,Off_minus_D,entropy,auroc,0.00013934682188798317,-0.005372832221058147,0.005289124865027733,1000,31,32,10,common-valid fixed32 images; paired group-bootstrap mean of per-image pixel metrics
spacenet7__panopticon__frozen__mc_dropout_off__42,spacenet7__panopticon__frozen__deterministic__42,spacenet7,Off_minus_D,entropy,average_precision,-0.01688597516747073,-0.039667119032221206,0.0013855347763316842,1000,31,32,10,common-valid fixed32 images; paired group-bootstrap mean of per-image pixel metrics
spacenet7__panopticon__frozen__mc_dropout_off__42,spacenet7__panopticon__frozen__deterministic__42,spacenet7,Off_minus_D,entropy,risk_at_1,-0.0020926339285714155,-0.004237337650288697,-0.0005108504550468786,1000,32,32,10,common-valid fixed32 images; paired group-bootstrap mean of per-image pixel metrics
spacenet7__panopticon__frozen__mc_dropout_off__42,spacenet7__panopticon__frozen__deterministic__42,spacenet7,Off_minus_D,entropy,risk_at_0.9,-0.0012510131005527161,-0.0028602353902298073,5.293225671205764e-05,1000,32,32,10,common-valid fixed32 images; paired group-bootstrap mean of per-image pixel metrics
spacenet7__panopticon__frozen__mc_dropout_off__42,spacenet7__panopticon__frozen__deterministic__42,spacenet7,Off_minus_D,entropy,risk_at_0.8,-0.0011098433514030548,-0.0024578919989654874,5.0417767553457664e-05,1000,32,32,10,common-valid fixed32 images; paired group-bootstrap mean of per-image pixel metrics
spacenet7__panopticon__frozen__mc_dropout_off__42,spacenet7__panopticon__frozen__deterministic__42,spacenet7,Off_minus_D,entropy,risk_at_0.5,-0.0010475625797193846,-0.002176651968063623,-0.0001274142469487696,1000,32,32,10,common-valid fixed32 images; paired group-bootstrap mean of per-image pixel metrics
spacenet7__panopticon__frozen__mc_dropout_off__42,spacenet7__panopticon__frozen__deterministic__42,spacenet7,Off_minus_D,gini_total,base_risk,-0.0020926339285714155,-0.004237337650288697,-0.0005108504550468786,1000,32,32,10,common-valid fixed32 images; paired group-bootstrap mean of per-image pixel metrics
spacenet7__panopticon__frozen__mc_dropout_off__42,spacenet7__panopticon__frozen__deterministic__42,spacenet7,Off_minus_D,gini_total,aurc,-0.0013375856237201355,-0.0026781679457193513,-0.00026737752458229846,1000,32,32,10,common-valid fixed32 images; paired group-bootstrap mean of per-image pixel metrics
spacenet7__panopticon__frozen__mc_dropout_off__42,spacenet7__panopticon__frozen__deterministic__42,spacenet7,Off_minus_D,gini_total,auroc,0.0001762374570610398,-0.0053574782177748465,0.005340612370356561,1000,31,32,10,common-valid fixed32 images; paired group-bootstrap mean of per-image pixel metrics
spacenet7__panopticon__frozen__mc_dropout_off__42,spacenet7__panopticon__frozen__deterministic__42,spacenet7,Off_minus_D,gini_total,average_precision,-0.01687804941729634,-0.03966979048518178,0.0014251911054435733,1000,31,32,10,common-valid fixed32 images; paired group-bootstrap mean of per-image pixel metrics
spacenet7__panopticon__frozen__mc_dropout_off__42,spacenet7__panopticon__frozen__deterministic__42,spacenet7,Off_minus_D,gini_total,risk_at_1,-0.0020926339285714155,-0.004237337650288697,-0.0005108504550468786,1000,32,32,10,common-valid fixed32 images; paired group-bootstrap mean of per-image pixel metrics
spacenet7__panopticon__frozen__mc_dropout_off__42,spacenet7__panopticon__frozen__deterministic__42,spacenet7,Off_minus_D,gini_total,risk_at_0.9,-0.0012510131005527161,-0.0028602353902298073,5.293225671205764e-05,1000,32,32,10,common-valid fixed32 images; paired group-bootstrap mean of per-image pixel metrics
spacenet7__panopticon__frozen__mc_dropout_off__42,spacenet7__panopticon__frozen__deterministic__42,spacenet7,Off_minus_D,gini_total,risk_at_0.8,-0.0011098433514030548,-0.0024578919989654874,5.0417767553457664e-05,1000,32,32,10,common-valid fixed32 images; paired group-bootstrap mean of per-image pixel metrics
spacenet7__panopticon__frozen__mc_dropout_off__42,spacenet7__panopticon__frozen__deterministic__42,spacenet7,Off_minus_D,gini_total,risk_at_0.5,-0.0010475625797193846,-0.002176651968063623,-0.0001274142469487696,1000,32,32,10,common-valid fixed32 images; paired group-bootstrap mean of per-image pixel metrics
spacenet7__panopticon__frozen__mc_dropout_off__42,spacenet7__panopticon__frozen__deterministic__42,spacenet7,Off_minus_D,msp,base_risk,-0.0020926339285714155,-0.004237337650288697,-0.0005108504550468786,1000,32,32,10,common-valid fixed32 images; paired group-bootstrap mean of per-image pixel metrics
spacenet7__panopticon__frozen__mc_dropout_off__42,spacenet7__panopticon__frozen__deterministic__42,spacenet7,Off_minus_D,msp,aurc,-0.0012810595241259759,-0.0025212721094256207,-0.00026339405338595345,1000,32,32,10,common-valid fixed32 images; paired group-bootstrap mean of per-image pixel metrics
spacenet7__panopticon__frozen__mc_dropout_off__42,spacenet7__panopticon__frozen__deterministic__42,spacenet7,Off_minus_D,msp,auroc,0.0001727315912287267,-0.00533993208980004,0.0053147657385439785,1000,31,32,10,common-valid fixed32 images; paired group-bootstrap mean of per-image pixel metrics
spacenet7__panopticon__frozen__mc_dropout_off__42,spacenet7__panopticon__frozen__deterministic__42,spacenet7,Off_minus_D,msp,average_precision,-0.016872608641765898,-0.039667289127972974,0.001404184702450368,1000,31,32,10,common-valid fixed32 images; paired group-bootstrap mean of per-image pixel metrics
spacenet7__panopticon__frozen__mc_dropout_off__42,spacenet7__panopticon__frozen__deterministic__42,spacenet7,Off_minus_D,msp,risk_at_1,-0.0020926339285714155,-0.004237337650288697,-0.0005108504550468786,1000,32,32,10,common-valid fixed32 images; paired group-bootstrap mean of per-image pixel metrics
spacenet7__panopticon__frozen__mc_dropout_off__42,spacenet7__panopticon__frozen__deterministic__42,spacenet7,Off_minus_D,msp,risk_at_0.9,-0.0012510131005527161,-0.0028602353902298073,5.293225671205764e-05,1000,32,32,10,common-valid fixed32 images; paired group-bootstrap mean of per-image pixel metrics
spacenet7__panopticon__frozen__mc_dropout_off__42,spacenet7__panopticon__frozen__deterministic__42,spacenet7,Off_minus_D,msp,risk_at_0.8,-0.0011098433514030548,-0.0024578919989654874,5.0417767553457664e-05,1000,32,32,10,common-valid fixed32 images; paired group-bootstrap mean of per-image pixel metrics
spacenet7__panopticon__frozen__mc_dropout_off__42,spacenet7__panopticon__frozen__deterministic__42,spacenet7,Off_minus_D,msp,risk_at_0.5,-0.001046907384172025,-0.002176651968063623,-0.0001267984487807286,1000,32,32,10,common-valid fixed32 images; paired group-bootstrap mean of per-image pixel metrics
spacenet7__panopticon__frozen__mc_dropout_off__42,spacenet7__panopticon__frozen__deterministic__42,spacenet7,Off_minus_D,negative_margin,base_risk,-0.0020926339285714155,-0.004237337650288697,-0.0005108504550468786,1000,32,32,10,common-valid fixed32 images; paired group-bootstrap mean of per-image pixel metrics
spacenet7__panopticon__frozen__mc_dropout_off__42,spacenet7__panopticon__frozen__deterministic__42,spacenet7,Off_minus_D,negative_margin,aurc,-0.0011702785418863056,-0.0022431532508340843,-0.00022668291088029537,1000,32,32,10,common-valid fixed32 images; paired group-bootstrap mean of per-image pixel metrics
spacenet7__panopticon__frozen__mc_dropout_off__42,spacenet7__panopticon__frozen__deterministic__42,spacenet7,Off_minus_D,negative_margin,auroc,0.00014160698187104168,-0.005370971437453021,0.005291150722397522,1000,31,32,10,common-valid fixed32 images; paired group-bootstrap mean of per-image pixel metrics
spacenet7__panopticon__frozen__mc_dropout_off__42,spacenet7__panopticon__frozen__deterministic__42,spacenet7,Off_minus_D,negative_margin,average_precision,-0.016903692235074704,-0.03968377083001013,0.0013527553837498283,1000,31,32,10,common-valid fixed32 images; paired group-bootstrap mean of per-image pixel metrics
spacenet7__panopticon__frozen__mc_dropout_off__42,spacenet7__panopticon__frozen__deterministic__42,spacenet7,Off_minus_D,negative_margin,risk_at_1,-0.0020926339285714155,-0.004237337650288697,-0.0005108504550468786,1000,32,32,10,common-valid fixed32 images; paired group-bootstrap mean of per-image pixel metrics
spacenet7__panopticon__frozen__mc_dropout_off__42,spacenet7__panopticon__frozen__deterministic__42,spacenet7,Off_minus_D,negative_margin,risk_at_0.9,-0.0012510131005527161,-0.0028602353902298073,5.293225671205764e-05,1000,32,32,10,common-valid fixed32 images; paired group-bootstrap mean of per-image pixel metrics
spacenet7__panopticon__frozen__mc_dropout_off__42,spacenet7__panopticon__frozen__deterministic__42,spacenet7,Off_minus_D,negative_margin,risk_at_0.8,-0.0011098433514030548,-0.0024578919989654874,5.0417767553457664e-05,1000,32,32,10,common-valid fixed32 images; paired group-bootstrap mean of per-image pixel metrics
spacenet7__panopticon__frozen__mc_dropout_off__42,spacenet7__panopticon__frozen__deterministic__42,spacenet7,Off_minus_D,negative_margin,risk_at_0.5,-0.0010475625797193846,-0.002176651968063623,-0.0001274142469487696,1000,32,32,10,common-valid fixed32 images; paired group-bootstrap mean of per-image pixel metrics
spacenet7__panopticon__frozen__mc_dropout_off__42,spacenet7__dofa__frozen__mc_dropout_off__42,spacenet7,Pan_configuration_minus_DOFA_configuration,entropy,base_risk,0.005633295798788268,0.0017053247080082124,0.00977884146505599,1000,32,32,10,common-valid fixed32 images; paired group-bootstrap mean of per-image pixel metrics
spacenet7__panopticon__frozen__mc_dropout_off__42,spacenet7__dofa__frozen__mc_dropout_off__42,spacenet7,Pan_configuration_minus_DOFA_configuration,entropy,aurc,-0.0016188936245071332,-0.004251172413181699,0.00034511004022248044,1000,32,32,10,common-valid fixed32 images; paired group-bootstrap mean of per-image pixel metrics
spacenet7__panopticon__frozen__mc_dropout_off__42,spacenet7__dofa__frozen__mc_dropout_off__42,spacenet7,Pan_configuration_minus_DOFA_configuration,entropy,auroc,0.04241674200394954,0.02089729912849639,0.07363424443896129,1000,29,32,10,common-valid fixed32 images; paired group-bootstrap mean of per-image pixel metrics
spacenet7__panopticon__frozen__mc_dropout_off__42,spacenet7__dofa__frozen__mc_dropout_off__42,spacenet7,Pan_configuration_minus_DOFA_configuration,entropy,average_precision,0.062277862252308004,0.04564937566929865,0.07872629771740247,1000,29,32,10,common-valid fixed32 images; paired group-bootstrap mean of per-image pixel metrics
spacenet7__panopticon__frozen__mc_dropout_off__42,spacenet7__dofa__frozen__mc_dropout_off__42,spacenet7,Pan_configuration_minus_DOFA_configuration,entropy,risk_at_1,0.005633295798788268,0.0017053247080082124,0.00977884146505599,1000,32,32,10,common-valid fixed32 images; paired group-bootstrap mean of per-image pixel metrics
spacenet7__panopticon__frozen__mc_dropout_off__42,spacenet7__dofa__frozen__mc_dropout_off__42,spacenet7,Pan_configuration_minus_DOFA_configuration,entropy,risk_at_0.9,0.0005847472452522746,-0.0015895928053680987,0.002538228926243131,1000,32,32,10,common-valid fixed32 images; paired group-bootstrap mean of per-image pixel metrics
spacenet7__panopticon__frozen__mc_dropout_off__42,spacenet7__dofa__frozen__mc_dropout_off__42,spacenet7,Pan_configuration_minus_DOFA_configuration,entropy,risk_at_0.8,-0.0010453827527104477,-0.003067749853847777,0.0005542066263872526,1000,32,32,10,common-valid fixed32 images; paired group-bootstrap mean of per-image pixel metrics
spacenet7__panopticon__frozen__mc_dropout_off__42,spacenet7__dofa__frozen__mc_dropout_off__42,spacenet7,Pan_configuration_minus_DOFA_configuration,entropy,risk_at_0.5,-0.0026718451052295837,-0.005802064712979513,-0.00031395203170554015,1000,32,32,10,common-valid fixed32 images; paired group-bootstrap mean of per-image pixel metrics
spacenet7__panopticon__frozen__mc_dropout_off__42,spacenet7__dofa__frozen__mc_dropout_off__42,spacenet7,Pan_configuration_minus_DOFA_configuration,gini_total,base_risk,0.005633295798788268,0.0017053247080082124,0.00977884146505599,1000,32,32,10,common-valid fixed32 images; paired group-bootstrap mean of per-image pixel metrics
spacenet7__panopticon__frozen__mc_dropout_off__42,spacenet7__dofa__frozen__mc_dropout_off__42,spacenet7,Pan_configuration_minus_DOFA_configuration,gini_total,aurc,-0.0012368229725321807,-0.003571098176317734,0.0005762895243690094,1000,32,32,10,common-valid fixed32 images; paired group-bootstrap mean of per-image pixel metrics
spacenet7__panopticon__frozen__mc_dropout_off__42,spacenet7__dofa__frozen__mc_dropout_off__42,spacenet7,Pan_configuration_minus_DOFA_configuration,gini_total,auroc,0.04233955460960276,0.020804060531120154,0.07353839570019967,1000,29,32,10,common-valid fixed32 images; paired group-bootstrap mean of per-image pixel metrics
spacenet7__panopticon__frozen__mc_dropout_off__42,spacenet7__dofa__frozen__mc_dropout_off__42,spacenet7,Pan_configuration_minus_DOFA_configuration,gini_total,average_precision,0.06226632080572703,0.04563445133659224,0.0787296552291824,1000,29,32,10,common-valid fixed32 images; paired group-bootstrap mean of per-image pixel metrics
spacenet7__panopticon__frozen__mc_dropout_off__42,spacenet7__dofa__frozen__mc_dropout_off__42,spacenet7,Pan_configuration_minus_DOFA_configuration,gini_total,risk_at_1,0.005633295798788268,0.0017053247080082124,0.00977884146505599,1000,32,32,10,common-valid fixed32 images; paired group-bootstrap mean of per-image pixel metrics
spacenet7__panopticon__frozen__mc_dropout_off__42,spacenet7__dofa__frozen__mc_dropout_off__42,spacenet7,Pan_configuration_minus_DOFA_configuration,gini_total,risk_at_0.9,0.0005847472452522746,-0.0015895928053680987,0.002538228926243131,1000,32,32,10,common-valid fixed32 images; paired group-bootstrap mean of per-image pixel metrics
spacenet7__panopticon__frozen__mc_dropout_off__42,spacenet7__dofa__frozen__mc_dropout_off__42,spacenet7,Pan_configuration_minus_DOFA_configuration,gini_total,risk_at_0.8,-0.0010453827527104477,-0.003067749853847777,0.0005542066263872526,1000,32,32,10,common-valid fixed32 images; paired group-bootstrap mean of per-image pixel metrics
spacenet7__panopticon__frozen__mc_dropout_off__42,spacenet7__dofa__frozen__mc_dropout_off__42,spacenet7,Pan_configuration_minus_DOFA_configuration,gini_total,risk_at_0.5,-0.0026718451052295837,-0.005802064712979513,-0.00031395203170554015,1000,32,32,10,common-valid fixed32 images; paired group-bootstrap mean of per-image pixel metrics
spacenet7__panopticon__frozen__mc_dropout_off__42,spacenet7__dofa__frozen__mc_dropout_off__42,spacenet7,Pan_configuration_minus_DOFA_configuration,msp,base_risk,0.005633295798788268,0.0017053247080082124,0.00977884146505599,1000,32,32,10,common-valid fixed32 images; paired group-bootstrap mean of per-image pixel metrics
spacenet7__panopticon__frozen__mc_dropout_off__42,spacenet7__dofa__frozen__mc_dropout_off__42,spacenet7,Pan_configuration_minus_DOFA_configuration,msp,aurc,-0.0014068094218341537,-0.003864007609595357,0.0004751562535660443,1000,32,32,10,common-valid fixed32 images; paired group-bootstrap mean of per-image pixel metrics
spacenet7__panopticon__frozen__mc_dropout_off__42,spacenet7__dofa__frozen__mc_dropout_off__42,spacenet7,Pan_configuration_minus_DOFA_configuration,msp,auroc,0.04236432437744709,0.020827613931020113,0.07357336837873825,1000,29,32,10,common-valid fixed32 images; paired group-bootstrap mean of per-image pixel metrics
spacenet7__panopticon__frozen__mc_dropout_off__42,spacenet7__dofa__frozen__mc_dropout_off__42,spacenet7,Pan_configuration_minus_DOFA_configuration,msp,average_precision,0.062245506187811904,0.045617816384155886,0.07867086219127042,1000,29,32,10,common-valid fixed32 images; paired group-bootstrap mean of per-image pixel metrics
spacenet7__panopticon__frozen__mc_dropout_off__42,spacenet7__dofa__frozen__mc_dropout_off__42,spacenet7,Pan_configuration_minus_DOFA_configuration,msp,risk_at_1,0.005633295798788268,0.0017053247080082124,0.00977884146505599,1000,32,32,10,common-valid fixed32 images; paired group-bootstrap mean of per-image pixel metrics
spacenet7__panopticon__frozen__mc_dropout_off__42,spacenet7__dofa__frozen__mc_dropout_off__42,spacenet7,Pan_configuration_minus_DOFA_configuration,msp,risk_at_0.9,0.0005847472452522746,-0.0015895928053680987,0.002538228926243131,1000,32,32,10,common-valid fixed32 images; paired group-bootstrap mean of per-image pixel metrics
spacenet7__panopticon__frozen__mc_dropout_off__42,spacenet7__dofa__frozen__mc_dropout_off__42,spacenet7,Pan_configuration_minus_DOFA_configuration,msp,risk_at_0.8,-0.0010453827527104477,-0.003067749853847777,0.0005542066263872526,1000,32,32,10,common-valid fixed32 images; paired group-bootstrap mean of per-image pixel metrics
spacenet7__panopticon__frozen__mc_dropout_off__42,spacenet7__dofa__frozen__mc_dropout_off__42,spacenet7,Pan_configuration_minus_DOFA_configuration,msp,risk_at_0.5,-0.002671127105542712,-0.005802042620681455,-0.0003120154839786629,1000,32,32,10,common-valid fixed32 images; paired group-bootstrap mean of per-image pixel metrics
spacenet7__panopticon__frozen__mc_dropout_off__42,spacenet7__dofa__frozen__mc_dropout_off__42,spacenet7,Pan_configuration_minus_DOFA_configuration,negative_margin,base_risk,0.005633295798788268,0.0017053247080082124,0.00977884146505599,1000,32,32,10,common-valid fixed32 images; paired group-bootstrap mean of per-image pixel metrics
spacenet7__panopticon__frozen__mc_dropout_off__42,spacenet7__dofa__frozen__mc_dropout_off__42,spacenet7,Pan_configuration_minus_DOFA_configuration,negative_margin,aurc,-0.0016393518914543117,-0.004295590041606375,0.00032459426093983803,1000,32,32,10,common-valid fixed32 images; paired group-bootstrap mean of per-image pixel metrics
spacenet7__panopticon__frozen__mc_dropout_off__42,spacenet7__dofa__frozen__mc_dropout_off__42,spacenet7,Pan_configuration_minus_DOFA_configuration,negative_margin,auroc,0.04241753346544384,0.020897478516623075,0.07363565753584575,1000,29,32,10,common-valid fixed32 images; paired group-bootstrap mean of per-image pixel metrics
spacenet7__panopticon__frozen__mc_dropout_off__42,spacenet7__dofa__frozen__mc_dropout_off__42,spacenet7,Pan_configuration_minus_DOFA_configuration,negative_margin,average_precision,0.06227047379860527,0.045652176183450195,0.0786970455758787,1000,29,32,10,common-valid fixed32 images; paired group-bootstrap mean of per-image pixel metrics
spacenet7__panopticon__frozen__mc_dropout_off__42,spacenet7__dofa__frozen__mc_dropout_off__42,spacenet7,Pan_configuration_minus_DOFA_configuration,negative_margin,risk_at_1,0.005633295798788268,0.0017053247080082124,0.00977884146505599,1000,32,32,10,common-valid fixed32 images; paired group-bootstrap mean of per-image pixel metrics
spacenet7__panopticon__frozen__mc_dropout_off__42,spacenet7__dofa__frozen__mc_dropout_off__42,spacenet7,Pan_configuration_minus_DOFA_configuration,negative_margin,risk_at_0.9,0.0005847472452522746,-0.0015895928053680987,0.002538228926243131,1000,32,32,10,common-valid fixed32 images; paired group-bootstrap mean of per-image pixel metrics
spacenet7__panopticon__frozen__mc_dropout_off__42,spacenet7__dofa__frozen__mc_dropout_off__42,spacenet7,Pan_configuration_minus_DOFA_configuration,negative_margin,risk_at_0.8,-0.0010453827527104477,-0.003067749853847777,0.0005542066263872526,1000,32,32,10,common-valid fixed32 images; paired group-bootstrap mean of per-image pixel metrics
spacenet7__panopticon__frozen__mc_dropout_off__42,spacenet7__dofa__frozen__mc_dropout_off__42,spacenet7,Pan_configuration_minus_DOFA_configuration,negative_margin,risk_at_0.5,-0.0026718451052295837,-0.005802064712979513,-0.00031395203170554015,1000,32,32,10,common-valid fixed32 images; paired group-bootstrap mean of per-image pixel metrics
spacenet7__panopticon__full_finetune__mc_dropout_off__42,spacenet7__panopticon__full_finetune__deterministic__42,spacenet7,Off_minus_D,entropy,base_risk,-0.01182338169642857,-0.02097479728498543,-0.0034603502795467083,1000,32,32,10,common-valid fixed32 images; paired group-bootstrap mean of per-image pixel metrics
spacenet7__panopticon__full_finetune__mc_dropout_off__42,spacenet7__panopticon__full_finetune__deterministic__42,spacenet7,Off_minus_D,entropy,aurc,-0.004241353901436238,-0.007991995584780916,-0.0012130852710288407,1000,32,32,10,common-valid fixed32 images; paired group-bootstrap mean of per-image pixel metrics
spacenet7__panopticon__full_finetune__mc_dropout_off__42,spacenet7__panopticon__full_finetune__deterministic__42,spacenet7,Off_minus_D,entropy,auroc,-0.004234844918162707,-0.014724171722029056,0.0058651353100904885,1000,32,32,10,common-valid fixed32 images; paired group-bootstrap mean of per-image pixel metrics
spacenet7__panopticon__full_finetune__mc_dropout_off__42,spacenet7__panopticon__full_finetune__deterministic__42,spacenet7,Off_minus_D,entropy,average_precision,-0.018275476467483127,-0.0495968167229164,0.019422604414399226,1000,32,32,10,common-valid fixed32 images; paired group-bootstrap mean of per-image pixel metrics
spacenet7__panopticon__full_finetune__mc_dropout_off__42,spacenet7__panopticon__full_finetune__deterministic__42,spacenet7,Off_minus_D,entropy,risk_at_1,-0.01182338169642857,-0.02097479728498543,-0.0034603502795467083,1000,32,32,10,common-valid fixed32 images; paired group-bootstrap mean of per-image pixel metrics
spacenet7__panopticon__full_finetune__mc_dropout_off__42,spacenet7__panopticon__full_finetune__deterministic__42,spacenet7,Off_minus_D,entropy,risk_at_0.9,-0.009608123848497739,-0.017288557232969032,-0.002965978802235183,1000,32,32,10,common-valid fixed32 images; paired group-bootstrap mean of per-image pixel metrics
spacenet7__panopticon__full_finetune__mc_dropout_off__42,spacenet7__panopticon__full_finetune__deterministic__42,spacenet7,Off_minus_D,entropy,risk_at_0.8,-0.006391097088249368,-0.011235494383633249,-0.0021388090814273048,1000,32,32,10,common-valid fixed32 images; paired group-bootstrap mean of per-image pixel metrics
spacenet7__panopticon__full_finetune__mc_dropout_off__42,spacenet7__panopticon__full_finetune__deterministic__42,spacenet7,Off_minus_D,entropy,risk_at_0.5,-0.002964564732142852,-0.005331608222926261,-0.0009412839028840653,1000,32,32,10,common-valid fixed32 images; paired group-bootstrap mean of per-image pixel metrics
spacenet7__panopticon__full_finetune__mc_dropout_off__42,spacenet7__panopticon__full_finetune__deterministic__42,spacenet7,Off_minus_D,gini_total,base_risk,-0.01182338169642857,-0.02097479728498543,-0.0034603502795467083,1000,32,32,10,common-valid fixed32 images; paired group-bootstrap mean of per-image pixel metrics
spacenet7__panopticon__full_finetune__mc_dropout_off__42,spacenet7__panopticon__full_finetune__deterministic__42,spacenet7,Off_minus_D,gini_total,aurc,-0.004647477903444447,-0.008308632617926751,-0.0013966065883297618,1000,32,32,10,common-valid fixed32 images; paired group-bootstrap mean of per-image pixel metrics
spacenet7__panopticon__full_finetune__mc_dropout_off__42,spacenet7__panopticon__full_finetune__deterministic__42,spacenet7,Off_minus_D,gini_total,auroc,-0.003566613170165475,-0.014054198674103992,0.006710406578245115,1000,32,32,10,common-valid fixed32 images; paired group-bootstrap mean of per-image pixel metrics
spacenet7__panopticon__full_finetune__mc_dropout_off__42,spacenet7__panopticon__full_finetune__deterministic__42,spacenet7,Off_minus_D,gini_total,average_precision,-0.01798675165312283,-0.04931747442244005,0.019841943599013,1000,32,32,10,common-valid fixed32 images; paired group-bootstrap mean of per-image pixel metrics
spacenet7__panopticon__full_finetune__mc_dropout_off__42,spacenet7__panopticon__full_finetune__deterministic__42,spacenet7,Off_minus_D,gini_total,risk_at_1,-0.01182338169642857,-0.02097479728498543,-0.0034603502795467083,1000,32,32,10,common-valid fixed32 images; paired group-bootstrap mean of per-image pixel metrics
spacenet7__panopticon__full_finetune__mc_dropout_off__42,spacenet7__panopticon__full_finetune__deterministic__42,spacenet7,Off_minus_D,gini_total,risk_at_0.9,-0.009608123848497739,-0.017288557232969032,-0.002965978802235183,1000,32,32,10,common-valid fixed32 images; paired group-bootstrap mean of per-image pixel metrics
spacenet7__panopticon__full_finetune__mc_dropout_off__42,spacenet7__panopticon__full_finetune__deterministic__42,spacenet7,Off_minus_D,gini_total,risk_at_0.8,-0.006390941386320159,-0.011235347174536541,-0.002138566186417738,1000,32,32,10,common-valid fixed32 images; paired group-bootstrap mean of per-image pixel metrics
spacenet7__panopticon__full_finetune__mc_dropout_off__42,spacenet7__panopticon__full_finetune__deterministic__42,spacenet7,Off_minus_D,gini_total,risk_at_0.5,-0.002972038424744889,-0.0053381953587886615,-0.0009480296024659776,1000,32,32,10,common-valid fixed32 images; paired group-bootstrap mean of per-image pixel metrics
spacenet7__panopticon__full_finetune__mc_dropout_off__42,spacenet7__panopticon__full_finetune__deterministic__42,spacenet7,Off_minus_D,msp,base_risk,-0.01182338169642857,-0.02097479728498543,-0.0034603502795467083,1000,32,32,10,common-valid fixed32 images; paired group-bootstrap mean of per-image pixel metrics
spacenet7__panopticon__full_finetune__mc_dropout_off__42,spacenet7__panopticon__full_finetune__deterministic__42,spacenet7,Off_minus_D,msp,aurc,-0.004505293177349378,-0.008165698071825364,-0.0013470507264945928,1000,32,32,10,common-valid fixed32 images; paired group-bootstrap mean of per-image pixel metrics
spacenet7__panopticon__full_finetune__mc_dropout_off__42,spacenet7__panopticon__full_finetune__deterministic__42,spacenet7,Off_minus_D,msp,auroc,-0.0037336594608623416,-0.014167922921591284,0.006404555885806207,1000,32,32,10,common-valid fixed32 images; paired group-bootstrap mean of per-image pixel metrics
spacenet7__panopticon__full_finetune__mc_dropout_off__42,spacenet7__panopticon__full_finetune__deterministic__42,spacenet7,Off_minus_D,msp,average_precision,-0.018003747084391432,-0.049340125899704226,0.019839707771574115,1000,32,32,10,common-valid fixed32 images; paired group-bootstrap mean of per-image pixel metrics
spacenet7__panopticon__full_finetune__mc_dropout_off__42,spacenet7__panopticon__full_finetune__deterministic__42,spacenet7,Off_minus_D,msp,risk_at_1,-0.01182338169642857,-0.02097479728498543,-0.0034603502795467083,1000,32,32,10,common-valid fixed32 images; paired group-bootstrap mean of per-image pixel metrics
spacenet7__panopticon__full_finetune__mc_dropout_off__42,spacenet7__panopticon__full_finetune__deterministic__42,spacenet7,Off_minus_D,msp,risk_at_0.9,-0.009608123848497739,-0.017288557232969032,-0.002965978802235183,1000,32,32,10,common-valid fixed32 images; paired group-bootstrap mean of per-image pixel metrics
spacenet7__panopticon__full_finetune__mc_dropout_off__42,spacenet7__panopticon__full_finetune__deterministic__42,spacenet7,Off_minus_D,msp,risk_at_0.8,-0.006390863535355552,-0.011235273569988187,-0.0021384447389129523,1000,32,32,10,common-valid fixed32 images; paired group-bootstrap mean of per-image pixel metrics
spacenet7__panopticon__full_finetune__mc_dropout_off__42,spacenet7__panopticon__full_finetune__deterministic__42,spacenet7,Off_minus_D,msp,risk_at_0.5,-0.002967833493655673,-0.005337605285911578,-0.0009435022864464889,1000,32,32,10,common-valid fixed32 images; paired group-bootstrap mean of per-image pixel metrics
spacenet7__panopticon__full_finetune__mc_dropout_off__42,spacenet7__panopticon__full_finetune__deterministic__42,spacenet7,Off_minus_D,negative_margin,base_risk,-0.01182338169642857,-0.02097479728498543,-0.0034603502795467083,1000,32,32,10,common-valid fixed32 images; paired group-bootstrap mean of per-image pixel metrics
spacenet7__panopticon__full_finetune__mc_dropout_off__42,spacenet7__panopticon__full_finetune__deterministic__42,spacenet7,Off_minus_D,negative_margin,aurc,-0.004312641835809393,-0.008128108472512009,-0.0012505857275106746,1000,32,32,10,common-valid fixed32 images; paired group-bootstrap mean of per-image pixel metrics
spacenet7__panopticon__full_finetune__mc_dropout_off__42,spacenet7__panopticon__full_finetune__deterministic__42,spacenet7,Off_minus_D,negative_margin,auroc,-0.004210232964289878,-0.01468616341049462,0.005882004332805162,1000,32,32,10,common-valid fixed32 images; paired group-bootstrap mean of per-image pixel metrics
spacenet7__panopticon__full_finetune__mc_dropout_off__42,spacenet7__panopticon__full_finetune__deterministic__42,spacenet7,Off_minus_D,negative_margin,average_precision,-0.018248330490837288,-0.049583823958716154,0.019446474591584252,1000,32,32,10,common-valid fixed32 images; paired group-bootstrap mean of per-image pixel metrics
spacenet7__panopticon__full_finetune__mc_dropout_off__42,spacenet7__panopticon__full_finetune__deterministic__42,spacenet7,Off_minus_D,negative_margin,risk_at_1,-0.01182338169642857,-0.02097479728498543,-0.0034603502795467083,1000,32,32,10,common-valid fixed32 images; paired group-bootstrap mean of per-image pixel metrics
spacenet7__panopticon__full_finetune__mc_dropout_off__42,spacenet7__panopticon__full_finetune__deterministic__42,spacenet7,Off_minus_D,negative_margin,risk_at_0.9,-0.009608123848497739,-0.017288557232969032,-0.002965978802235183,1000,32,32,10,common-valid fixed32 images; paired group-bootstrap mean of per-image pixel metrics
spacenet7__panopticon__full_finetune__mc_dropout_off__42,spacenet7__panopticon__full_finetune__deterministic__42,spacenet7,Off_minus_D,negative_margin,risk_at_0.8,-0.006391097088249368,-0.011235494383633249,-0.0021388090814273048,1000,32,32,10,common-valid fixed32 images; paired group-bootstrap mean of per-image pixel metrics
spacenet7__panopticon__full_finetune__mc_dropout_off__42,spacenet7__panopticon__full_finetune__deterministic__42,spacenet7,Off_minus_D,negative_margin,risk_at_0.5,-0.002964564732142852,-0.005331608222926261,-0.0009412839028840653,1000,32,32,10,common-valid fixed32 images; paired group-bootstrap mean of per-image pixel metrics
spacenet7__panopticon__full_finetune__mc_dropout_off__42,spacenet7__panopticon__frozen__mc_dropout_off__42,spacenet7,full_recipe_minus_frozen_recipe,entropy,base_risk,-0.0020689672353316375,-0.005046800198366683,0.0007638065621914096,1000,32,32,10,common-valid fixed32 images; paired group-bootstrap mean of per-image pixel metrics
spacenet7__panopticon__full_finetune__mc_dropout_off__42,spacenet7__panopticon__frozen__mc_dropout_off__42,spacenet7,full_recipe_minus_frozen_recipe,entropy,aurc,-0.0026177319675857757,-0.004935593217487724,-0.00047535597179505654,1000,32,32,10,common-valid fixed32 images; paired group-bootstrap mean of per-image pixel metrics
spacenet7__panopticon__full_finetune__mc_dropout_off__42,spacenet7__panopticon__frozen__mc_dropout_off__42,spacenet7,full_recipe_minus_frozen_recipe,entropy,auroc,0.006065773005320268,-0.01622703426393651,0.032202332384312735,1000,31,32,10,common-valid fixed32 images; paired group-bootstrap mean of per-image pixel metrics
spacenet7__panopticon__full_finetune__mc_dropout_off__42,spacenet7__panopticon__frozen__mc_dropout_off__42,spacenet7,full_recipe_minus_frozen_recipe,entropy,average_precision,0.033085310202245755,0.010397854408366625,0.06105681146884177,1000,31,32,10,common-valid fixed32 images; paired group-bootstrap mean of per-image pixel metrics
spacenet7__panopticon__full_finetune__mc_dropout_off__42,spacenet7__panopticon__frozen__mc_dropout_off__42,spacenet7,full_recipe_minus_frozen_recipe,entropy,risk_at_1,-0.0020689672353316375,-0.005046800198366683,0.0007638065621914096,1000,32,32,10,common-valid fixed32 images; paired group-bootstrap mean of per-image pixel metrics
spacenet7__panopticon__full_finetune__mc_dropout_off__42,spacenet7__panopticon__frozen__mc_dropout_off__42,spacenet7,full_recipe_minus_frozen_recipe,entropy,risk_at_0.9,-0.003043868914753407,-0.005795368263482651,-0.0006032379981252373,1000,32,32,10,common-valid fixed32 images; paired group-bootstrap mean of per-image pixel metrics
spacenet7__panopticon__full_finetune__mc_dropout_off__42,spacenet7__panopticon__frozen__mc_dropout_off__42,spacenet7,full_recipe_minus_frozen_recipe,entropy,risk_at_0.8,-0.003455960020727045,-0.0061280522507298416,-0.001152288475815137,1000,32,32,10,common-valid fixed32 images; paired group-bootstrap mean of per-image pixel metrics
spacenet7__panopticon__full_finetune__mc_dropout_off__42,spacenet7__panopticon__frozen__mc_dropout_off__42,spacenet7,full_recipe_minus_frozen_recipe,entropy,risk_at_0.5,-0.003888811383928574,-0.00717241553969658,-0.0010416300089151726,1000,32,32,10,common-valid fixed32 images; paired group-bootstrap mean of per-image pixel metrics
spacenet7__panopticon__full_finetune__mc_dropout_off__42,spacenet7__panopticon__frozen__mc_dropout_off__42,spacenet7,full_recipe_minus_frozen_recipe,gini_total,base_risk,-0.0020689672353316375,-0.005046800198366683,0.0007638065621914096,1000,32,32,10,common-valid fixed32 images; paired group-bootstrap mean of per-image pixel metrics
spacenet7__panopticon__full_finetune__mc_dropout_off__42,spacenet7__panopticon__frozen__mc_dropout_off__42,spacenet7,full_recipe_minus_frozen_recipe,gini_total,aurc,-0.001435946990580477,-0.0034647334171689073,0.00037700102732453013,1000,32,32,10,common-valid fixed32 images; paired group-bootstrap mean of per-image pixel metrics
spacenet7__panopticon__full_finetune__mc_dropout_off__42,spacenet7__panopticon__frozen__mc_dropout_off__42,spacenet7,full_recipe_minus_frozen_recipe,gini_total,auroc,0.005446850413357917,-0.016521714956516928,0.03133962725934021,1000,31,32,10,common-valid fixed32 images; paired group-bootstrap mean of per-image pixel metrics
spacenet7__panopticon__full_finetune__mc_dropout_off__42,spacenet7__panopticon__frozen__mc_dropout_off__42,spacenet7,full_recipe_minus_frozen_recipe,gini_total,average_precision,0.03282298479882164,0.010075875443049236,0.06086646273578397,1000,31,32,10,common-valid fixed32 images; paired group-bootstrap mean of per-image pixel metrics
spacenet7__panopticon__full_finetune__mc_dropout_off__42,spacenet7__panopticon__frozen__mc_dropout_off__42,spacenet7,full_recipe_minus_frozen_recipe,gini_total,risk_at_1,-0.0020689672353316375,-0.005046800198366683,0.0007638065621914096,1000,32,32,10,common-valid fixed32 images; paired group-bootstrap mean of per-image pixel metrics
spacenet7__panopticon__full_finetune__mc_dropout_off__42,spacenet7__panopticon__frozen__mc_dropout_off__42,spacenet7,full_recipe_minus_frozen_recipe,gini_total,risk_at_0.9,-0.003043868914753407,-0.005795368263482651,-0.0006032379981252373,1000,32,32,10,common-valid fixed32 images; paired group-bootstrap mean of per-image pixel metrics
spacenet7__panopticon__full_finetune__mc_dropout_off__42,spacenet7__panopticon__frozen__mc_dropout_off__42,spacenet7,full_recipe_minus_frozen_recipe,gini_total,risk_at_0.8,-0.003455960020727045,-0.0061280522507298416,-0.001152288475815137,1000,32,32,10,common-valid fixed32 images; paired group-bootstrap mean of per-image pixel metrics
spacenet7__panopticon__full_finetune__mc_dropout_off__42,spacenet7__panopticon__frozen__mc_dropout_off__42,spacenet7,full_recipe_minus_frozen_recipe,gini_total,risk_at_0.5,-0.0038975306919642864,-0.007182652546905848,-0.001047158596335502,1000,32,32,10,common-valid fixed32 images; paired group-bootstrap mean of per-image pixel metrics
spacenet7__panopticon__full_finetune__mc_dropout_off__42,spacenet7__panopticon__frozen__mc_dropout_off__42,spacenet7,full_recipe_minus_frozen_recipe,msp,base_risk,-0.0020689672353316375,-0.005046800198366683,0.0007638065621914096,1000,32,32,10,common-valid fixed32 images; paired group-bootstrap mean of per-image pixel metrics
spacenet7__panopticon__full_finetune__mc_dropout_off__42,spacenet7__panopticon__frozen__mc_dropout_off__42,spacenet7,full_recipe_minus_frozen_recipe,msp,aurc,-0.0018315235841837002,-0.0038540344038648497,5.453557029371429e-05,1000,32,32,10,common-valid fixed32 images; paired group-bootstrap mean of per-image pixel metrics
spacenet7__panopticon__full_finetune__mc_dropout_off__42,spacenet7__panopticon__frozen__mc_dropout_off__42,spacenet7,full_recipe_minus_frozen_recipe,msp,auroc,0.005636158110737928,-0.01637203862959342,0.03158927580193527,1000,31,32,10,common-valid fixed32 images; paired group-bootstrap mean of per-image pixel metrics
spacenet7__panopticon__full_finetune__mc_dropout_off__42,spacenet7__panopticon__frozen__mc_dropout_off__42,spacenet7,full_recipe_minus_frozen_recipe,msp,average_precision,0.032741551617688935,0.009965650511662085,0.06081458360658903,1000,31,32,10,common-valid fixed32 images; paired group-bootstrap mean of per-image pixel metrics
spacenet7__panopticon__full_finetune__mc_dropout_off__42,spacenet7__panopticon__frozen__mc_dropout_off__42,spacenet7,full_recipe_minus_frozen_recipe,msp,risk_at_1,-0.0020689672353316375,-0.005046800198366683,0.0007638065621914096,1000,32,32,10,common-valid fixed32 images; paired group-bootstrap mean of per-image pixel metrics
spacenet7__panopticon__full_finetune__mc_dropout_off__42,spacenet7__panopticon__frozen__mc_dropout_off__42,spacenet7,full_recipe_minus_frozen_recipe,msp,risk_at_0.9,-0.003043868914753407,-0.005795368263482651,-0.0006032379981252373,1000,32,32,10,common-valid fixed32 images; paired group-bootstrap mean of per-image pixel metrics
spacenet7__panopticon__full_finetune__mc_dropout_off__42,spacenet7__panopticon__frozen__mc_dropout_off__42,spacenet7,full_recipe_minus_frozen_recipe,msp,risk_at_0.8,-0.003455960020727045,-0.0061280522507298416,-0.001152288475815137,1000,32,32,10,common-valid fixed32 images; paired group-bootstrap mean of per-image pixel metrics
spacenet7__panopticon__full_finetune__mc_dropout_off__42,spacenet7__panopticon__frozen__mc_dropout_off__42,spacenet7,full_recipe_minus_frozen_recipe,msp,risk_at_0.5,-0.0038932035282156427,-0.007178933818634766,-0.0010421657861608292,1000,32,32,10,common-valid fixed32 images; paired group-bootstrap mean of per-image pixel metrics
spacenet7__panopticon__full_finetune__mc_dropout_off__42,spacenet7__panopticon__frozen__mc_dropout_off__42,spacenet7,full_recipe_minus_frozen_recipe,negative_margin,base_risk,-0.0020689672353316375,-0.005046800198366683,0.0007638065621914096,1000,32,32,10,common-valid fixed32 images; paired group-bootstrap mean of per-image pixel metrics
spacenet7__panopticon__full_finetune__mc_dropout_off__42,spacenet7__panopticon__frozen__mc_dropout_off__42,spacenet7,full_recipe_minus_frozen_recipe,negative_margin,aurc,-0.002609120482293076,-0.004920689608967025,-0.0004838827298734409,1000,32,32,10,common-valid fixed32 images; paired group-bootstrap mean of per-image pixel metrics
spacenet7__panopticon__full_finetune__mc_dropout_off__42,spacenet7__panopticon__frozen__mc_dropout_off__42,spacenet7,full_recipe_minus_frozen_recipe,negative_margin,auroc,0.006063915741141401,-0.016227211295892847,0.032201021183979,1000,31,32,10,common-valid fixed32 images; paired group-bootstrap mean of per-image pixel metrics
spacenet7__panopticon__full_finetune__mc_dropout_off__42,spacenet7__panopticon__frozen__mc_dropout_off__42,spacenet7,full_recipe_minus_frozen_recipe,negative_margin,average_precision,0.033093604797316864,0.01040844308876602,0.061071199126039394,1000,31,32,10,common-valid fixed32 images; paired group-bootstrap mean of per-image pixel metrics
spacenet7__panopticon__full_finetune__mc_dropout_off__42,spacenet7__panopticon__frozen__mc_dropout_off__42,spacenet7,full_recipe_minus_frozen_recipe,negative_margin,risk_at_1,-0.0020689672353316375,-0.005046800198366683,0.0007638065621914096,1000,32,32,10,common-valid fixed32 images; paired group-bootstrap mean of per-image pixel metrics
spacenet7__panopticon__full_finetune__mc_dropout_off__42,spacenet7__panopticon__frozen__mc_dropout_off__42,spacenet7,full_recipe_minus_frozen_recipe,negative_margin,risk_at_0.9,-0.003043868914753407,-0.005795368263482651,-0.0006032379981252373,1000,32,32,10,common-valid fixed32 images; paired group-bootstrap mean of per-image pixel metrics
spacenet7__panopticon__full_finetune__mc_dropout_off__42,spacenet7__panopticon__frozen__mc_dropout_off__42,spacenet7,full_recipe_minus_frozen_recipe,negative_margin,risk_at_0.8,-0.003455960020727045,-0.0061280522507298416,-0.001152288475815137,1000,32,32,10,common-valid fixed32 images; paired group-bootstrap mean of per-image pixel metrics
spacenet7__panopticon__full_finetune__mc_dropout_off__42,spacenet7__panopticon__frozen__mc_dropout_off__42,spacenet7,full_recipe_minus_frozen_recipe,negative_margin,risk_at_0.5,-0.003888811383928574,-0.00717241553969658,-0.0010416300089151726,1000,32,32,10,common-valid fixed32 images; paired group-bootstrap mean of per-image pixel metrics
spacenet7__panopticon__full_finetune__mc_dropout_off__42,spacenet7__dofa__full_finetune__mc_dropout_off__42,spacenet7,Pan_configuration_minus_DOFA_configuration,entropy,base_risk,0.00665158641581632,0.002451986605831679,0.011843421545769261,1000,32,32,10,common-valid fixed32 images; paired group-bootstrap mean of per-image pixel metrics
spacenet7__panopticon__full_finetune__mc_dropout_off__42,spacenet7__dofa__full_finetune__mc_dropout_off__42,spacenet7,Pan_configuration_minus_DOFA_configuration,entropy,aurc,0.0026633232248161752,0.0008676988715925457,0.005055897838810637,1000,32,32,10,common-valid fixed32 images; paired group-bootstrap mean of per-image pixel metrics
spacenet7__panopticon__full_finetune__mc_dropout_off__42,spacenet7__dofa__full_finetune__mc_dropout_off__42,spacenet7,Pan_configuration_minus_DOFA_configuration,entropy,auroc,-0.003864203888003275,-0.02687900574649161,0.015130687970498076,1000,29,32,10,common-valid fixed32 images; paired group-bootstrap mean of per-image pixel metrics
spacenet7__panopticon__full_finetune__mc_dropout_off__42,spacenet7__dofa__full_finetune__mc_dropout_off__42,spacenet7,Pan_configuration_minus_DOFA_configuration,entropy,average_precision,0.038430202192160395,0.02092253378376134,0.053216284203884356,1000,29,32,10,common-valid fixed32 images; paired group-bootstrap mean of per-image pixel metrics
spacenet7__panopticon__full_finetune__mc_dropout_off__42,spacenet7__dofa__full_finetune__mc_dropout_off__42,spacenet7,Pan_configuration_minus_DOFA_configuration,entropy,risk_at_1,0.00665158641581632,0.002451986605831679,0.011843421545769261,1000,32,32,10,common-valid fixed32 images; paired group-bootstrap mean of per-image pixel metrics
spacenet7__panopticon__full_finetune__mc_dropout_off__42,spacenet7__dofa__full_finetune__mc_dropout_off__42,spacenet7,Pan_configuration_minus_DOFA_configuration,entropy,risk_at_0.9,0.003051065803925731,0.0005657585299744775,0.006781449999846151,1000,32,32,10,common-valid fixed32 images; paired group-bootstrap mean of per-image pixel metrics
spacenet7__panopticon__full_finetune__mc_dropout_off__42,spacenet7__dofa__full_finetune__mc_dropout_off__42,spacenet7,Pan_configuration_minus_DOFA_configuration,entropy,risk_at_0.8,0.0020242807816485955,0.00034410126355229173,0.004301722998409648,1000,32,32,10,common-valid fixed32 images; paired group-bootstrap mean of per-image pixel metrics
spacenet7__panopticon__full_finetune__mc_dropout_off__42,spacenet7__dofa__full_finetune__mc_dropout_off__42,spacenet7,Pan_configuration_minus_DOFA_configuration,entropy,risk_at_0.5,0.0015420719068877514,0.00020369133981717972,0.003053928742255827,1000,32,32,10,common-valid fixed32 images; paired group-bootstrap mean of per-image pixel metrics
spacenet7__panopticon__full_finetune__mc_dropout_off__42,spacenet7__dofa__full_finetune__mc_dropout_off__42,spacenet7,Pan_configuration_minus_DOFA_configuration,gini_total,base_risk,0.00665158641581632,0.002451986605831679,0.011843421545769261,1000,32,32,10,common-valid fixed32 images; paired group-bootstrap mean of per-image pixel metrics
spacenet7__panopticon__full_finetune__mc_dropout_off__42,spacenet7__dofa__full_finetune__mc_dropout_off__42,spacenet7,Pan_configuration_minus_DOFA_configuration,gini_total,aurc,0.004221398910837672,0.0013770491698030967,0.008190952858210693,1000,32,32,10,common-valid fixed32 images; paired group-bootstrap mean of per-image pixel metrics
spacenet7__panopticon__full_finetune__mc_dropout_off__42,spacenet7__dofa__full_finetune__mc_dropout_off__42,spacenet7,Pan_configuration_minus_DOFA_configuration,gini_total,auroc,-0.004591662220498725,-0.027246572837572508,0.014106964356282566,1000,29,32,10,common-valid fixed32 images; paired group-bootstrap mean of per-image pixel metrics
spacenet7__panopticon__full_finetune__mc_dropout_off__42,spacenet7__dofa__full_finetune__mc_dropout_off__42,spacenet7,Pan_configuration_minus_DOFA_configuration,gini_total,average_precision,0.03813712008891852,0.02077197321557534,0.05273921160624042,1000,29,32,10,common-valid fixed32 images; paired group-bootstrap mean of per-image pixel metrics
spacenet7__panopticon__full_finetune__mc_dropout_off__42,spacenet7__dofa__full_finetune__mc_dropout_off__42,spacenet7,Pan_configuration_minus_DOFA_configuration,gini_total,risk_at_1,0.00665158641581632,0.002451986605831679,0.011843421545769261,1000,32,32,10,common-valid fixed32 images; paired group-bootstrap mean of per-image pixel metrics
spacenet7__panopticon__full_finetune__mc_dropout_off__42,spacenet7__dofa__full_finetune__mc_dropout_off__42,spacenet7,Pan_configuration_minus_DOFA_configuration,gini_total,risk_at_0.9,0.003051065803925731,0.0005657585299744775,0.006781449999846151,1000,32,32,10,common-valid fixed32 images; paired group-bootstrap mean of per-image pixel metrics
spacenet7__panopticon__full_finetune__mc_dropout_off__42,spacenet7__dofa__full_finetune__mc_dropout_off__42,spacenet7,Pan_configuration_minus_DOFA_configuration,gini_total,risk_at_0.8,0.0020242807816485955,0.00034410126355229173,0.004301722998409648,1000,32,32,10,common-valid fixed32 images; paired group-bootstrap mean of per-image pixel metrics
spacenet7__panopticon__full_finetune__mc_dropout_off__42,spacenet7__dofa__full_finetune__mc_dropout_off__42,spacenet7,Pan_configuration_minus_DOFA_configuration,gini_total,risk_at_0.5,0.0015333525988520385,0.00019576971413565197,0.0030400846164358587,1000,32,32,10,common-valid fixed32 images; paired group-bootstrap mean of per-image pixel metrics
spacenet7__panopticon__full_finetune__mc_dropout_off__42,spacenet7__dofa__full_finetune__mc_dropout_off__42,spacenet7,Pan_configuration_minus_DOFA_configuration,msp,base_risk,0.00665158641581632,0.002451986605831679,0.011843421545769261,1000,32,32,10,common-valid fixed32 images; paired group-bootstrap mean of per-image pixel metrics
spacenet7__panopticon__full_finetune__mc_dropout_off__42,spacenet7__dofa__full_finetune__mc_dropout_off__42,spacenet7,Pan_configuration_minus_DOFA_configuration,msp,aurc,0.003696601068640886,0.0012007146785190394,0.0071728505980547365,1000,32,32,10,common-valid fixed32 images; paired group-bootstrap mean of per-image pixel metrics
spacenet7__panopticon__full_finetune__mc_dropout_off__42,spacenet7__dofa__full_finetune__mc_dropout_off__42,spacenet7,Pan_configuration_minus_DOFA_configuration,msp,auroc,-0.004373151036053513,-0.027119664826889826,0.014393840074551316,1000,29,32,10,common-valid fixed32 images; paired group-bootstrap mean of per-image pixel metrics
spacenet7__panopticon__full_finetune__mc_dropout_off__42,spacenet7__dofa__full_finetune__mc_dropout_off__42,spacenet7,Pan_configuration_minus_DOFA_configuration,msp,average_precision,0.03802442888356104,0.020706360061557367,0.05257063479543837,1000,29,32,10,common-valid fixed32 images; paired group-bootstrap mean of per-image pixel metrics
spacenet7__panopticon__full_finetune__mc_dropout_off__42,spacenet7__dofa__full_finetune__mc_dropout_off__42,spacenet7,Pan_configuration_minus_DOFA_configuration,msp,risk_at_1,0.00665158641581632,0.002451986605831679,0.011843421545769261,1000,32,32,10,common-valid fixed32 images; paired group-bootstrap mean of per-image pixel metrics
spacenet7__panopticon__full_finetune__mc_dropout_off__42,spacenet7__dofa__full_finetune__mc_dropout_off__42,spacenet7,Pan_configuration_minus_DOFA_configuration,msp,risk_at_0.9,0.003051065803925731,0.0005657585299744775,0.006781449999846151,1000,32,32,10,common-valid fixed32 images; paired group-bootstrap mean of per-image pixel metrics
spacenet7__panopticon__full_finetune__mc_dropout_off__42,spacenet7__dofa__full_finetune__mc_dropout_off__42,spacenet7,Pan_configuration_minus_DOFA_configuration,msp,risk_at_0.8,0.0020242807816485955,0.00034410126355229173,0.004301722998409648,1000,32,32,10,common-valid fixed32 images; paired group-bootstrap mean of per-image pixel metrics
spacenet7__panopticon__full_finetune__mc_dropout_off__42,spacenet7__dofa__full_finetune__mc_dropout_off__42,spacenet7,Pan_configuration_minus_DOFA_configuration,msp,risk_at_0.5,0.0015383977622875546,0.0002026003479579353,0.0030481749465862368,1000,32,32,10,common-valid fixed32 images; paired group-bootstrap mean of per-image pixel metrics
spacenet7__panopticon__full_finetune__mc_dropout_off__42,spacenet7__dofa__full_finetune__mc_dropout_off__42,spacenet7,Pan_configuration_minus_DOFA_configuration,negative_margin,base_risk,0.00665158641581632,0.002451986605831679,0.011843421545769261,1000,32,32,10,common-valid fixed32 images; paired group-bootstrap mean of per-image pixel metrics
spacenet7__panopticon__full_finetune__mc_dropout_off__42,spacenet7__dofa__full_finetune__mc_dropout_off__42,spacenet7,Pan_configuration_minus_DOFA_configuration,negative_margin,aurc,0.002678746684570957,0.0008861539203675184,0.005072287632124376,1000,32,32,10,common-valid fixed32 images; paired group-bootstrap mean of per-image pixel metrics
spacenet7__panopticon__full_finetune__mc_dropout_off__42,spacenet7__dofa__full_finetune__mc_dropout_off__42,spacenet7,Pan_configuration_minus_DOFA_configuration,negative_margin,auroc,-0.00386636097972112,-0.026880901282208408,0.015127771387870364,1000,29,32,10,common-valid fixed32 images; paired group-bootstrap mean of per-image pixel metrics
spacenet7__panopticon__full_finetune__mc_dropout_off__42,spacenet7__dofa__full_finetune__mc_dropout_off__42,spacenet7,Pan_configuration_minus_DOFA_configuration,negative_margin,average_precision,0.03842840519644505,0.020924616034899247,0.05322578182225054,1000,29,32,10,common-valid fixed32 images; paired group-bootstrap mean of per-image pixel metrics
spacenet7__panopticon__full_finetune__mc_dropout_off__42,spacenet7__dofa__full_finetune__mc_dropout_off__42,spacenet7,Pan_configuration_minus_DOFA_configuration,negative_margin,risk_at_1,0.00665158641581632,0.002451986605831679,0.011843421545769261,1000,32,32,10,common-valid fixed32 images; paired group-bootstrap mean of per-image pixel metrics
spacenet7__panopticon__full_finetune__mc_dropout_off__42,spacenet7__dofa__full_finetune__mc_dropout_off__42,spacenet7,Pan_configuration_minus_DOFA_configuration,negative_margin,risk_at_0.9,0.003051065803925731,0.0005657585299744775,0.006781449999846151,1000,32,32,10,common-valid fixed32 images; paired group-bootstrap mean of per-image pixel metrics
spacenet7__panopticon__full_finetune__mc_dropout_off__42,spacenet7__dofa__full_finetune__mc_dropout_off__42,spacenet7,Pan_configuration_minus_DOFA_configuration,negative_margin,risk_at_0.8,0.0020242807816485955,0.00034410126355229173,0.004301722998409648,1000,32,32,10,common-valid fixed32 images; paired group-bootstrap mean of per-image pixel metrics
spacenet7__panopticon__full_finetune__mc_dropout_off__42,spacenet7__dofa__full_finetune__mc_dropout_off__42,spacenet7,Pan_configuration_minus_DOFA_configuration,negative_margin,risk_at_0.5,0.0015420719068877514,0.00020369133981717972,0.003053928742255827,1000,32,32,10,common-valid fixed32 images; paired group-bootstrap mean of per-image pixel metrics
