object_id,analysis_unit,score,coverage,risk,random_risk
cloudsen12__dofa__frozen__mc_dropout__42,image_pixel_error_fraction,msp,0.01,0.0,0.16919577446363163
cloudsen12__dofa__frozen__mc_dropout__42,image_pixel_error_fraction,msp,0.02,0.0,0.16919577446363163
cloudsen12__dofa__frozen__mc_dropout__42,image_pixel_error_fraction,msp,0.03,0.0,0.16919577446363163
cloudsen12__dofa__frozen__mc_dropout__42,image_pixel_error_fraction,msp,0.04,0.008767599587912088,0.16919577446363163
cloudsen12__dofa__frozen__mc_dropout__42,image_pixel_error_fraction,msp,0.05,0.0070140796703296706,0.16919577446363163
cloudsen12__dofa__frozen__mc_dropout__42,image_pixel_error_fraction,msp,0.06,0.005845066391941392,0.16919577446363163
cloudsen12__dofa__frozen__mc_dropout__42,image_pixel_error_fraction,msp,0.07,0.005010056907378336,0.16919577446363163
cloudsen12__dofa__frozen__mc_dropout__42,image_pixel_error_fraction,msp,0.08,0.009677218243066457,0.16919577446363163
cloudsen12__dofa__frozen__mc_dropout__42,image_pixel_error_fraction,msp,0.09,0.00860197177161463,0.16919577446363163
cloudsen12__dofa__frozen__mc_dropout__42,image_pixel_error_fraction,msp,0.1,0.007806980965463109,0.16919577446363163
cloudsen12__dofa__frozen__mc_dropout__42,image_pixel_error_fraction,msp,0.11,0.0070972554231482805,0.16919577446363163
cloudsen12__dofa__frozen__mc_dropout__42,image_pixel_error_fraction,msp,0.12,0.006505817471219257,0.16919577446363163
cloudsen12__dofa__frozen__mc_dropout__42,image_pixel_error_fraction,msp,0.13,0.008325094090890793,0.16919577446363163
cloudsen12__dofa__frozen__mc_dropout__42,image_pixel_error_fraction,msp,0.14,0.008044503859236002,0.16919577446363163
cloudsen12__dofa__frozen__mc_dropout__42,image_pixel_error_fraction,msp,0.15,0.008138020833333332,0.16919577446363163
cloudsen12__dofa__frozen__mc_dropout__42,image_pixel_error_fraction,msp,0.16,0.008157950680272107,0.16919577446363163
cloudsen12__dofa__frozen__mc_dropout__42,image_pixel_error_fraction,msp,0.17,0.00804083652691846,0.16919577446363163
cloudsen12__dofa__frozen__mc_dropout__42,image_pixel_error_fraction,msp,0.18,0.00877657085804407,0.16919577446363163
cloudsen12__dofa__frozen__mc_dropout__42,image_pixel_error_fraction,msp,0.19,0.009023782843096753,0.16919577446363163
cloudsen12__dofa__frozen__mc_dropout__42,image_pixel_error_fraction,msp,0.2,0.00999548256802721,0.16919577446363163
cloudsen12__dofa__frozen__mc_dropout__42,image_pixel_error_fraction,msp,0.21,0.010672542540367794,0.16919577446363163
cloudsen12__dofa__frozen__mc_dropout__42,image_pixel_error_fraction,msp,0.22,0.012715939194733837,0.16919577446363163
cloudsen12__dofa__frozen__mc_dropout__42,image_pixel_error_fraction,msp,0.23,0.014373396724910696,0.16919577446363163
cloudsen12__dofa__frozen__mc_dropout__42,image_pixel_error_fraction,msp,0.24,0.016053832390327927,0.16919577446363163
cloudsen12__dofa__frozen__mc_dropout__42,image_pixel_error_fraction,msp,0.25,0.0210501291862899,0.16919577446363163
cloudsen12__dofa__frozen__mc_dropout__42,image_pixel_error_fraction,msp,0.26,0.02213286155808477,0.16919577446363163
cloudsen12__dofa__frozen__mc_dropout__42,image_pixel_error_fraction,msp,0.27,0.023763740049082306,0.16919577446363163
cloudsen12__dofa__frozen__mc_dropout__42,image_pixel_error_fraction,msp,0.28,0.025454867730059054,0.16919577446363163
cloudsen12__dofa__frozen__mc_dropout__42,image_pixel_error_fraction,msp,0.29,0.026554626741280066,0.16919577446363163
cloudsen12__dofa__frozen__mc_dropout__42,image_pixel_error_fraction,msp,0.3,0.029807930784493293,0.16919577446363163
cloudsen12__dofa__frozen__mc_dropout__42,image_pixel_error_fraction,msp,0.31,0.031364073234752966,0.16919577446363163
cloudsen12__dofa__frozen__mc_dropout__42,image_pixel_error_fraction,msp,0.32,0.03314953159749477,0.16919577446363163
cloudsen12__dofa__frozen__mc_dropout__42,image_pixel_error_fraction,msp,0.33,0.03527514771934415,0.16919577446363163
cloudsen12__dofa__frozen__mc_dropout__42,image_pixel_error_fraction,msp,0.34,0.0367754373383969,0.16919577446363163
cloudsen12__dofa__frozen__mc_dropout__42,image_pixel_error_fraction,msp,0.35,0.03894159226190476,0.16919577446363163
cloudsen12__dofa__frozen__mc_dropout__42,image_pixel_error_fraction,msp,0.36,0.04136868422582708,0.16919577446363163
cloudsen12__dofa__frozen__mc_dropout__42,image_pixel_error_fraction,msp,0.37,0.042707120692611754,0.16919577446363163
cloudsen12__dofa__frozen__mc_dropout__42,image_pixel_error_fraction,msp,0.38,0.04418742921004433,0.16919577446363163
cloudsen12__dofa__frozen__mc_dropout__42,image_pixel_error_fraction,msp,0.39,0.04729863700287805,0.16919577446363163
cloudsen12__dofa__frozen__mc_dropout__42,image_pixel_error_fraction,msp,0.4,0.04841281765109888,0.16919577446363163
cloudsen12__dofa__frozen__mc_dropout__42,image_pixel_error_fraction,msp,0.41,0.04989892738286682,0.16919577446363163
cloudsen12__dofa__frozen__mc_dropout__42,image_pixel_error_fraction,msp,0.42,0.051461006220253645,0.16919577446363163
cloudsen12__dofa__frozen__mc_dropout__42,image_pixel_error_fraction,msp,0.43,0.05337449506300729,0.16919577446363163
cloudsen12__dofa__frozen__mc_dropout__42,image_pixel_error_fraction,msp,0.44,0.054817903450715924,0.16919577446363163
cloudsen12__dofa__frozen__mc_dropout__42,image_pixel_error_fraction,msp,0.45,0.0565189450513111,0.16919577446363163
cloudsen12__dofa__frozen__mc_dropout__42,image_pixel_error_fraction,msp,0.46,0.05782335143505561,0.16919577446363163
cloudsen12__dofa__frozen__mc_dropout__42,image_pixel_error_fraction,msp,0.47,0.05952614717634189,0.16919577446363163
cloudsen12__dofa__frozen__mc_dropout__42,image_pixel_error_fraction,msp,0.48,0.061216526374171465,0.16919577446363163
cloudsen12__dofa__frozen__mc_dropout__42,image_pixel_error_fraction,msp,0.49,0.06323419220023174,0.16919577446363163
cloudsen12__dofa__frozen__mc_dropout__42,image_pixel_error_fraction,msp,0.5,0.06529749640240712,0.16919577446363163
cloudsen12__dofa__frozen__mc_dropout__42,image_pixel_error_fraction,msp,0.51,0.06672621973468874,0.16919577446363163
cloudsen12__dofa__frozen__mc_dropout__42,image_pixel_error_fraction,msp,0.52,0.0686734961181218,0.16919577446363163
cloudsen12__dofa__frozen__mc_dropout__42,image_pixel_error_fraction,msp,0.53,0.07027297777329362,0.16919577446363163
cloudsen12__dofa__frozen__mc_dropout__42,image_pixel_error_fraction,msp,0.54,0.0731332263140299,0.16919577446363163
cloudsen12__dofa__frozen__mc_dropout__42,image_pixel_error_fraction,msp,0.55,0.07479243227011083,0.16919577446363163
cloudsen12__dofa__frozen__mc_dropout__42,image_pixel_error_fraction,msp,0.56,0.0773094458422105,0.16919577446363163
cloudsen12__dofa__frozen__mc_dropout__42,image_pixel_error_fraction,msp,0.57,0.0789502283496057,0.16919577446363163
cloudsen12__dofa__frozen__mc_dropout__42,image_pixel_error_fraction,msp,0.58,0.0808413095012541,0.16919577446363163
cloudsen12__dofa__frozen__mc_dropout__42,image_pixel_error_fraction,msp,0.59,0.08193955191675759,0.16919577446363163
cloudsen12__dofa__frozen__mc_dropout__42,image_pixel_error_fraction,msp,0.6,0.08339564391461714,0.16919577446363163
cloudsen12__dofa__frozen__mc_dropout__42,image_pixel_error_fraction,msp,0.61,0.08492513247023273,0.16919577446363163
cloudsen12__dofa__frozen__mc_dropout__42,image_pixel_error_fraction,msp,0.62,0.0858286853435543,0.16919577446363163
cloudsen12__dofa__frozen__mc_dropout__42,image_pixel_error_fraction,msp,0.63,0.08756793506474628,0.16919577446363163
cloudsen12__dofa__frozen__mc_dropout__42,image_pixel_error_fraction,msp,0.64,0.08972369183550821,0.16919577446363163
cloudsen12__dofa__frozen__mc_dropout__42,image_pixel_error_fraction,msp,0.65,0.09130585388741291,0.16919577446363163
cloudsen12__dofa__frozen__mc_dropout__42,image_pixel_error_fraction,msp,0.66,0.09308121194281904,0.16919577446363163
cloudsen12__dofa__frozen__mc_dropout__42,image_pixel_error_fraction,msp,0.67,0.09422743157251416,0.16919577446363163
cloudsen12__dofa__frozen__mc_dropout__42,image_pixel_error_fraction,msp,0.68,0.09607791433881241,0.16919577446363163
cloudsen12__dofa__frozen__mc_dropout__42,image_pixel_error_fraction,msp,0.69,0.0974091302665157,0.16919577446363163
cloudsen12__dofa__frozen__mc_dropout__42,image_pixel_error_fraction,msp,0.7,0.09894730986487996,0.16919577446363163
cloudsen12__dofa__frozen__mc_dropout__42,image_pixel_error_fraction,msp,0.71,0.10032039334219599,0.16919577446363163
cloudsen12__dofa__frozen__mc_dropout__42,image_pixel_error_fraction,msp,0.72,0.10157720606939354,0.16919577446363163
cloudsen12__dofa__frozen__mc_dropout__42,image_pixel_error_fraction,msp,0.73,0.10385059623493759,0.16919577446363163
cloudsen12__dofa__frozen__mc_dropout__42,image_pixel_error_fraction,msp,0.74,0.10524731186003508,0.16919577446363163
cloudsen12__dofa__frozen__mc_dropout__42,image_pixel_error_fraction,msp,0.75,0.10676895277341705,0.16919577446363163
cloudsen12__dofa__frozen__mc_dropout__42,image_pixel_error_fraction,msp,0.76,0.10942236364434438,0.16919577446363163
cloudsen12__dofa__frozen__mc_dropout__42,image_pixel_error_fraction,msp,0.77,0.11164643179949302,0.16919577446363163
cloudsen12__dofa__frozen__mc_dropout__42,image_pixel_error_fraction,msp,0.78,0.1129255788854003,0.16919577446363163
cloudsen12__dofa__frozen__mc_dropout__42,image_pixel_error_fraction,msp,0.79,0.11473234467837767,0.16919577446363163
cloudsen12__dofa__frozen__mc_dropout__42,image_pixel_error_fraction,msp,0.8,0.11650653801183936,0.16919577446363163
cloudsen12__dofa__frozen__mc_dropout__42,image_pixel_error_fraction,msp,0.81,0.11904466016879213,0.16919577446363163
cloudsen12__dofa__frozen__mc_dropout__42,image_pixel_error_fraction,msp,0.82,0.12081838407853761,0.16919577446363163
cloudsen12__dofa__frozen__mc_dropout__42,image_pixel_error_fraction,msp,0.83,0.12272965980877985,0.16919577446363163
cloudsen12__dofa__frozen__mc_dropout__42,image_pixel_error_fraction,msp,0.84,0.12523073847212876,0.16919577446363163
cloudsen12__dofa__frozen__mc_dropout__42,image_pixel_error_fraction,msp,0.85,0.12735398245836796,0.16919577446363163
cloudsen12__dofa__frozen__mc_dropout__42,image_pixel_error_fraction,msp,0.86,0.1296704413820537,0.16919577446363163
cloudsen12__dofa__frozen__mc_dropout__42,image_pixel_error_fraction,msp,0.87,0.13205668713385,0.16919577446363163
cloudsen12__dofa__frozen__mc_dropout__42,image_pixel_error_fraction,msp,0.88,0.1351814805358332,0.16919577446363163
cloudsen12__dofa__frozen__mc_dropout__42,image_pixel_error_fraction,msp,0.89,0.13680275852508247,0.16919577446363163
cloudsen12__dofa__frozen__mc_dropout__42,image_pixel_error_fraction,msp,0.9,0.13915163354337462,0.16919577446363163
cloudsen12__dofa__frozen__mc_dropout__42,image_pixel_error_fraction,msp,0.91,0.14174103773483188,0.16919577446363163
cloudsen12__dofa__frozen__mc_dropout__42,image_pixel_error_fraction,msp,0.92,0.14501518756541074,0.16919577446363163
cloudsen12__dofa__frozen__mc_dropout__42,image_pixel_error_fraction,msp,0.93,0.1475096988624854,0.16919577446363163
cloudsen12__dofa__frozen__mc_dropout__42,image_pixel_error_fraction,msp,0.94,0.14967823898176294,0.16919577446363163
cloudsen12__dofa__frozen__mc_dropout__42,image_pixel_error_fraction,msp,0.95,0.153087179013812,0.16919577446363163
cloudsen12__dofa__frozen__mc_dropout__42,image_pixel_error_fraction,msp,0.96,0.15692676309305775,0.16919577446363163
cloudsen12__dofa__frozen__mc_dropout__42,image_pixel_error_fraction,msp,0.97,0.16012527260111026,0.16919577446363163
cloudsen12__dofa__frozen__mc_dropout__42,image_pixel_error_fraction,msp,0.98,0.16223922666103335,0.16919577446363163
cloudsen12__dofa__frozen__mc_dropout__42,image_pixel_error_fraction,msp,0.99,0.16519738631903813,0.16919577446363163
cloudsen12__dofa__frozen__mc_dropout__42,image_pixel_error_fraction,msp,1.0,0.16919577446363163,0.16919577446363163
cloudsen12__dofa__frozen__mc_dropout__42,image_pixel_error_fraction,entropy,0.01,0.0,0.16919577446363168
cloudsen12__dofa__frozen__mc_dropout__42,image_pixel_error_fraction,entropy,0.02,0.0,0.16919577446363168
cloudsen12__dofa__frozen__mc_dropout__42,image_pixel_error_fraction,entropy,0.03,0.0,0.16919577446363168
cloudsen12__dofa__frozen__mc_dropout__42,image_pixel_error_fraction,entropy,0.04,0.008767599587912088,0.16919577446363168
cloudsen12__dofa__frozen__mc_dropout__42,image_pixel_error_fraction,entropy,0.05,0.0070140796703296706,0.16919577446363168
cloudsen12__dofa__frozen__mc_dropout__42,image_pixel_error_fraction,entropy,0.06,0.005845066391941392,0.16919577446363168
cloudsen12__dofa__frozen__mc_dropout__42,image_pixel_error_fraction,entropy,0.07,0.005010056907378336,0.16919577446363168
cloudsen12__dofa__frozen__mc_dropout__42,image_pixel_error_fraction,entropy,0.08,0.009677218243066457,0.16919577446363168
cloudsen12__dofa__frozen__mc_dropout__42,image_pixel_error_fraction,entropy,0.09,0.00860197177161463,0.16919577446363168
cloudsen12__dofa__frozen__mc_dropout__42,image_pixel_error_fraction,entropy,0.1,0.007806980965463109,0.16919577446363168
cloudsen12__dofa__frozen__mc_dropout__42,image_pixel_error_fraction,entropy,0.11,0.0070972554231482805,0.16919577446363168
cloudsen12__dofa__frozen__mc_dropout__42,image_pixel_error_fraction,entropy,0.12,0.006505817471219257,0.16919577446363168
cloudsen12__dofa__frozen__mc_dropout__42,image_pixel_error_fraction,entropy,0.13,0.008325094090890793,0.16919577446363168
cloudsen12__dofa__frozen__mc_dropout__42,image_pixel_error_fraction,entropy,0.14,0.008059834510727367,0.16919577446363168
cloudsen12__dofa__frozen__mc_dropout__42,image_pixel_error_fraction,entropy,0.15,0.008290407509157507,0.16919577446363168
cloudsen12__dofa__frozen__mc_dropout__42,image_pixel_error_fraction,entropy,0.16,0.008543261054421767,0.16919577446363168
cloudsen12__dofa__frozen__mc_dropout__42,image_pixel_error_fraction,entropy,0.17,0.008244193109936281,0.16919577446363168
cloudsen12__dofa__frozen__mc_dropout__42,image_pixel_error_fraction,entropy,0.18,0.009268230529391243,0.16919577446363168
cloudsen12__dofa__frozen__mc_dropout__42,image_pixel_error_fraction,entropy,0.19,0.00979865314040596,0.16919577446363168
cloudsen12__dofa__frozen__mc_dropout__42,image_pixel_error_fraction,entropy,0.2,0.010732784700418628,0.16919577446363168
cloudsen12__dofa__frozen__mc_dropout__42,image_pixel_error_fraction,entropy,0.21,0.01173741445983155,0.16919577446363168
cloudsen12__dofa__frozen__mc_dropout__42,image_pixel_error_fraction,entropy,0.22,0.014357340947742733,0.16919577446363168
cloudsen12__dofa__frozen__mc_dropout__42,image_pixel_error_fraction,entropy,0.23,0.01590041848679271,0.16919577446363168
cloudsen12__dofa__frozen__mc_dropout__42,image_pixel_error_fraction,entropy,0.24,0.016899488160648877,0.16919577446363168
cloudsen12__dofa__frozen__mc_dropout__42,image_pixel_error_fraction,entropy,0.25,0.01807395915096808,0.16919577446363168
cloudsen12__dofa__frozen__mc_dropout__42,image_pixel_error_fraction,entropy,0.26,0.019621071893994278,0.16919577446363168
cloudsen12__dofa__frozen__mc_dropout__42,image_pixel_error_fraction,entropy,0.27,0.021124880685892588,0.16919577446363168
cloudsen12__dofa__frozen__mc_dropout__42,image_pixel_error_fraction,entropy,0.28,0.022729442910405923,0.16919577446363168
cloudsen12__dofa__frozen__mc_dropout__42,image_pixel_error_fraction,entropy,0.29,0.024144665948275867,0.16919577446363168
cloudsen12__dofa__frozen__mc_dropout__42,image_pixel_error_fraction,entropy,0.3,0.02562440040118612,0.16919577446363168
cloudsen12__dofa__frozen__mc_dropout__42,image_pixel_error_fraction,entropy,0.31,0.02776280429200217,0.16919577446363168
cloudsen12__dofa__frozen__mc_dropout__42,image_pixel_error_fraction,entropy,0.32,0.029241876287774728,0.16919577446363168
cloudsen12__dofa__frozen__mc_dropout__42,image_pixel_error_fraction,entropy,0.33,0.033039830333357126,0.16919577446363168
cloudsen12__dofa__frozen__mc_dropout__42,image_pixel_error_fraction,entropy,0.34,0.034840769240388474,0.16919577446363168
cloudsen12__dofa__frozen__mc_dropout__42,image_pixel_error_fraction,entropy,0.35,0.03663726393716828,0.16919577446363168
cloudsen12__dofa__frozen__mc_dropout__42,image_pixel_error_fraction,entropy,0.36,0.038430877158555726,0.16919577446363168
cloudsen12__dofa__frozen__mc_dropout__42,image_pixel_error_fraction,entropy,0.37,0.04004892383798633,0.16919577446363168
cloudsen12__dofa__frozen__mc_dropout__42,image_pixel_error_fraction,entropy,0.38,0.0427016201217329,0.16919577446363168
cloudsen12__dofa__frozen__mc_dropout__42,image_pixel_error_fraction,entropy,0.39,0.04468956976898252,0.16919577446363168
cloudsen12__dofa__frozen__mc_dropout__42,image_pixel_error_fraction,entropy,0.4,0.04584784635007847,0.16919577446363168
cloudsen12__dofa__frozen__mc_dropout__42,image_pixel_error_fraction,entropy,0.41,0.04718649889599364,0.16919577446363168
cloudsen12__dofa__frozen__mc_dropout__42,image_pixel_error_fraction,entropy,0.42,0.04896741491926439,0.16919577446363168
cloudsen12__dofa__frozen__mc_dropout__42,image_pixel_error_fraction,entropy,0.43,0.05135352301698852,0.16919577446363168
cloudsen12__dofa__frozen__mc_dropout__42,image_pixel_error_fraction,entropy,0.44,0.053682413196922116,0.16919577446363168
cloudsen12__dofa__frozen__mc_dropout__42,image_pixel_error_fraction,entropy,0.45,0.05659009063026919,0.16919577446363168
cloudsen12__dofa__frozen__mc_dropout__42,image_pixel_error_fraction,entropy,0.46,0.05835601381020634,0.16919577446363168
cloudsen12__dofa__frozen__mc_dropout__42,image_pixel_error_fraction,entropy,0.47,0.06029221222040369,0.16919577446363168
cloudsen12__dofa__frozen__mc_dropout__42,image_pixel_error_fraction,entropy,0.48,0.0617267389728327,0.16919577446363168
cloudsen12__dofa__frozen__mc_dropout__42,image_pixel_error_fraction,entropy,0.49,0.0638463962164536,0.16919577446363168
cloudsen12__dofa__frozen__mc_dropout__42,image_pixel_error_fraction,entropy,0.5,0.06515913216248037,0.16919577446363168
cloudsen12__dofa__frozen__mc_dropout__42,image_pixel_error_fraction,entropy,0.51,0.0669675221851561,0.16919577446363168
cloudsen12__dofa__frozen__mc_dropout__42,image_pixel_error_fraction,entropy,0.52,0.06833677211639091,0.16919577446363168
cloudsen12__dofa__frozen__mc_dropout__42,image_pixel_error_fraction,entropy,0.53,0.06998884969898699,0.16919577446363168
cloudsen12__dofa__frozen__mc_dropout__42,image_pixel_error_fraction,entropy,0.54,0.07162953545021997,0.16919577446363168
cloudsen12__dofa__frozen__mc_dropout__42,image_pixel_error_fraction,entropy,0.55,0.07303210182674467,0.16919577446363168
cloudsen12__dofa__frozen__mc_dropout__42,image_pixel_error_fraction,entropy,0.56,0.07497666820849218,0.16919577446363168
cloudsen12__dofa__frozen__mc_dropout__42,image_pixel_error_fraction,entropy,0.57,0.07775538785436577,0.16919577446363168
cloudsen12__dofa__frozen__mc_dropout__42,image_pixel_error_fraction,entropy,0.58,0.07959327111978742,0.16919577446363168
cloudsen12__dofa__frozen__mc_dropout__42,image_pixel_error_fraction,entropy,0.59,0.08132346760004523,0.16919577446363168
cloudsen12__dofa__frozen__mc_dropout__42,image_pixel_error_fraction,entropy,0.6,0.08281805310265132,0.16919577446363168
cloudsen12__dofa__frozen__mc_dropout__42,image_pixel_error_fraction,entropy,0.61,0.08517942860467013,0.16919577446363168
cloudsen12__dofa__frozen__mc_dropout__42,image_pixel_error_fraction,entropy,0.62,0.08662635727367872,0.16919577446363168
cloudsen12__dofa__frozen__mc_dropout__42,image_pixel_error_fraction,entropy,0.63,0.08894433555626158,0.16919577446363168
cloudsen12__dofa__frozen__mc_dropout__42,image_pixel_error_fraction,entropy,0.64,0.09040271194114666,0.16919577446363168
cloudsen12__dofa__frozen__mc_dropout__42,image_pixel_error_fraction,entropy,0.65,0.09249159723060821,0.16919577446363168
cloudsen12__dofa__frozen__mc_dropout__42,image_pixel_error_fraction,entropy,0.66,0.09501405092922947,0.16919577446363168
cloudsen12__dofa__frozen__mc_dropout__42,image_pixel_error_fraction,entropy,0.67,0.09650351467007581,0.16919577446363168
cloudsen12__dofa__frozen__mc_dropout__42,image_pixel_error_fraction,entropy,0.68,0.09769157061863204,0.16919577446363168
cloudsen12__dofa__frozen__mc_dropout__42,image_pixel_error_fraction,entropy,0.69,0.09952042759690273,0.16919577446363168
cloudsen12__dofa__frozen__mc_dropout__42,image_pixel_error_fraction,entropy,0.7,0.10052170937056142,0.16919577446363168
cloudsen12__dofa__frozen__mc_dropout__42,image_pixel_error_fraction,entropy,0.71,0.10167159234021345,0.16919577446363168
cloudsen12__dofa__frozen__mc_dropout__42,image_pixel_error_fraction,entropy,0.72,0.10421580992172509,0.16919577446363168
cloudsen12__dofa__frozen__mc_dropout__42,image_pixel_error_fraction,entropy,0.73,0.10550030734106076,0.16919577446363168
cloudsen12__dofa__frozen__mc_dropout__42,image_pixel_error_fraction,entropy,0.74,0.10703414763124586,0.16919577446363168
cloudsen12__dofa__frozen__mc_dropout__42,image_pixel_error_fraction,entropy,0.75,0.10841484470390723,0.16919577446363168
cloudsen12__dofa__frozen__mc_dropout__42,image_pixel_error_fraction,entropy,0.76,0.10947836086610761,0.16919577446363168
cloudsen12__dofa__frozen__mc_dropout__42,image_pixel_error_fraction,entropy,0.77,0.11078240690007274,0.16919577446363168
cloudsen12__dofa__frozen__mc_dropout__42,image_pixel_error_fraction,entropy,0.78,0.1116606953123952,0.16919577446363168
cloudsen12__dofa__frozen__mc_dropout__42,image_pixel_error_fraction,entropy,0.79,0.11349102764888822,0.16919577446363168
cloudsen12__dofa__frozen__mc_dropout__42,image_pixel_error_fraction,entropy,0.8,0.11604776826596026,0.16919577446363168
cloudsen12__dofa__frozen__mc_dropout__42,image_pixel_error_fraction,entropy,0.81,0.11902401741501448,0.16919577446363168
cloudsen12__dofa__frozen__mc_dropout__42,image_pixel_error_fraction,entropy,0.82,0.1205364371944838,0.16919577446363168
cloudsen12__dofa__frozen__mc_dropout__42,image_pixel_error_fraction,entropy,0.83,0.12385904858641787,0.16919577446363168
cloudsen12__dofa__frozen__mc_dropout__42,image_pixel_error_fraction,entropy,0.84,0.12623019961189605,0.16919577446363168
cloudsen12__dofa__frozen__mc_dropout__42,image_pixel_error_fraction,entropy,0.85,0.1284965127878074,0.16919577446363168
cloudsen12__dofa__frozen__mc_dropout__42,image_pixel_error_fraction,entropy,0.86,0.13048298967954802,0.16919577446363168
cloudsen12__dofa__frozen__mc_dropout__42,image_pixel_error_fraction,entropy,0.87,0.1332012054379665,0.16919577446363168
cloudsen12__dofa__frozen__mc_dropout__42,image_pixel_error_fraction,entropy,0.88,0.13538282309208646,0.16919577446363168
cloudsen12__dofa__frozen__mc_dropout__42,image_pixel_error_fraction,entropy,0.89,0.13689986413482852,0.16919577446363168
cloudsen12__dofa__frozen__mc_dropout__42,image_pixel_error_fraction,entropy,0.9,0.13956462993851387,0.16919577446363168
cloudsen12__dofa__frozen__mc_dropout__42,image_pixel_error_fraction,entropy,0.91,0.14221224468231924,0.16919577446363168
cloudsen12__dofa__frozen__mc_dropout__42,image_pixel_error_fraction,entropy,0.92,0.14457539783262804,0.16919577446363168
cloudsen12__dofa__frozen__mc_dropout__42,image_pixel_error_fraction,entropy,0.93,0.14697513168315302,0.16919577446363168
cloudsen12__dofa__frozen__mc_dropout__42,image_pixel_error_fraction,entropy,0.94,0.15010392007150658,0.16919577446363168
cloudsen12__dofa__frozen__mc_dropout__42,image_pixel_error_fraction,entropy,0.95,0.1531719924812031,0.16919577446363168
cloudsen12__dofa__frozen__mc_dropout__42,image_pixel_error_fraction,entropy,0.96,0.155795935912426,0.16919577446363168
cloudsen12__dofa__frozen__mc_dropout__42,image_pixel_error_fraction,entropy,0.97,0.15997419983060643,0.16919577446363168
cloudsen12__dofa__frozen__mc_dropout__42,image_pixel_error_fraction,entropy,0.98,0.1642592746478498,0.16919577446363168
cloudsen12__dofa__frozen__mc_dropout__42,image_pixel_error_fraction,entropy,0.99,0.1663808403484744,0.16919577446363168
cloudsen12__dofa__frozen__mc_dropout__42,image_pixel_error_fraction,entropy,1.0,0.16919577446363168,0.16919577446363168
cloudsen12__dofa__frozen__mc_dropout__42,image_pixel_error_fraction,negative_margin,0.01,0.0,0.16919577446363163
cloudsen12__dofa__frozen__mc_dropout__42,image_pixel_error_fraction,negative_margin,0.02,0.0,0.16919577446363163
cloudsen12__dofa__frozen__mc_dropout__42,image_pixel_error_fraction,negative_margin,0.03,0.0,0.16919577446363163
cloudsen12__dofa__frozen__mc_dropout__42,image_pixel_error_fraction,negative_margin,0.04,0.0,0.16919577446363163
cloudsen12__dofa__frozen__mc_dropout__42,image_pixel_error_fraction,negative_margin,0.05,0.0070140796703296706,0.16919577446363163
cloudsen12__dofa__frozen__mc_dropout__42,image_pixel_error_fraction,negative_margin,0.06,0.005845066391941392,0.16919577446363163
cloudsen12__dofa__frozen__mc_dropout__42,image_pixel_error_fraction,negative_margin,0.07,0.005010056907378336,0.16919577446363163
cloudsen12__dofa__frozen__mc_dropout__42,image_pixel_error_fraction,negative_margin,0.08,0.009677218243066457,0.16919577446363163
cloudsen12__dofa__frozen__mc_dropout__42,image_pixel_error_fraction,negative_margin,0.09,0.00860197177161463,0.16919577446363163
cloudsen12__dofa__frozen__mc_dropout__42,image_pixel_error_fraction,negative_margin,0.1,0.007806980965463109,0.16919577446363163
cloudsen12__dofa__frozen__mc_dropout__42,image_pixel_error_fraction,negative_margin,0.11,0.0070972554231482805,0.16919577446363163
cloudsen12__dofa__frozen__mc_dropout__42,image_pixel_error_fraction,negative_margin,0.12,0.006505817471219257,0.16919577446363163
cloudsen12__dofa__frozen__mc_dropout__42,image_pixel_error_fraction,negative_margin,0.13,0.008325094090890793,0.16919577446363163
cloudsen12__dofa__frozen__mc_dropout__42,image_pixel_error_fraction,negative_margin,0.14,0.008044503859236002,0.16919577446363163
cloudsen12__dofa__frozen__mc_dropout__42,image_pixel_error_fraction,negative_margin,0.15,0.008138020833333332,0.16919577446363163
cloudsen12__dofa__frozen__mc_dropout__42,image_pixel_error_fraction,negative_margin,0.16,0.008157950680272107,0.16919577446363163
cloudsen12__dofa__frozen__mc_dropout__42,image_pixel_error_fraction,negative_margin,0.17,0.00804083652691846,0.16919577446363163
cloudsen12__dofa__frozen__mc_dropout__42,image_pixel_error_fraction,negative_margin,0.18,0.008779920889295889,0.16919577446363163
cloudsen12__dofa__frozen__mc_dropout__42,image_pixel_error_fraction,negative_margin,0.19,0.009071415446239224,0.16919577446363163
cloudsen12__dofa__frozen__mc_dropout__42,image_pixel_error_fraction,negative_margin,0.2,0.009977494603610675,0.16919577446363163
cloudsen12__dofa__frozen__mc_dropout__42,image_pixel_error_fraction,negative_margin,0.21,0.010590219375295905,0.16919577446363163
cloudsen12__dofa__frozen__mc_dropout__42,image_pixel_error_fraction,negative_margin,0.22,0.01266256065363208,0.16919577446363163
cloudsen12__dofa__frozen__mc_dropout__42,image_pixel_error_fraction,negative_margin,0.23,0.014438363137897299,0.16919577446363163
cloudsen12__dofa__frozen__mc_dropout__42,image_pixel_error_fraction,negative_margin,0.24,0.019497778077577185,0.16919577446363163
cloudsen12__dofa__frozen__mc_dropout__42,image_pixel_error_fraction,negative_margin,0.25,0.02108915080455259,0.16919577446363163
cloudsen12__dofa__frozen__mc_dropout__42,image_pixel_error_fraction,negative_margin,0.26,0.022199176453125625,0.16919577446363163
cloudsen12__dofa__frozen__mc_dropout__42,image_pixel_error_fraction,negative_margin,0.27,0.023588062139029396,0.16919577446363163
cloudsen12__dofa__frozen__mc_dropout__42,image_pixel_error_fraction,negative_margin,0.28,0.02702669752653809,0.16919577446363163
cloudsen12__dofa__frozen__mc_dropout__42,image_pixel_error_fraction,negative_margin,0.29,0.02809130428530829,0.16919577446363163
cloudsen12__dofa__frozen__mc_dropout__42,image_pixel_error_fraction,negative_margin,0.3,0.029897734334118256,0.16919577446363163
cloudsen12__dofa__frozen__mc_dropout__42,image_pixel_error_fraction,negative_margin,0.31,0.031097023176516265,0.16919577446363163
cloudsen12__dofa__frozen__mc_dropout__42,image_pixel_error_fraction,negative_margin,0.32,0.032915164262820505,0.16919577446363163
cloudsen12__dofa__frozen__mc_dropout__42,image_pixel_error_fraction,negative_margin,0.33,0.035165200622789904,0.16919577446363163
cloudsen12__dofa__frozen__mc_dropout__42,image_pixel_error_fraction,negative_margin,0.34,0.036994876075430165,0.16919577446363163
cloudsen12__dofa__frozen__mc_dropout__42,image_pixel_error_fraction,negative_margin,0.35,0.038471160270426845,0.16919577446363163
cloudsen12__dofa__frozen__mc_dropout__42,image_pixel_error_fraction,negative_margin,0.36,0.040929943692220465,0.16919577446363163
cloudsen12__dofa__frozen__mc_dropout__42,image_pixel_error_fraction,negative_margin,0.37,0.04408759751951714,0.16919577446363163
cloudsen12__dofa__frozen__mc_dropout__42,image_pixel_error_fraction,negative_margin,0.38,0.0453622412401195,0.16919577446363163
cloudsen12__dofa__frozen__mc_dropout__42,image_pixel_error_fraction,negative_margin,0.39,0.0473937656608501,0.16919577446363163
cloudsen12__dofa__frozen__mc_dropout__42,image_pixel_error_fraction,negative_margin,0.4,0.04895194556187856,0.16919577446363163
cloudsen12__dofa__frozen__mc_dropout__42,image_pixel_error_fraction,negative_margin,0.41,0.05014471636450074,0.16919577446363163
cloudsen12__dofa__frozen__mc_dropout__42,image_pixel_error_fraction,negative_margin,0.42,0.051931754558508354,0.16919577446363163
cloudsen12__dofa__frozen__mc_dropout__42,image_pixel_error_fraction,negative_margin,0.43,0.05337473274752652,0.16919577446363163
cloudsen12__dofa__frozen__mc_dropout__42,image_pixel_error_fraction,negative_margin,0.44,0.054967818639693605,0.16919577446363163
cloudsen12__dofa__frozen__mc_dropout__42,image_pixel_error_fraction,negative_margin,0.45,0.0563292651462294,0.16919577446363163
cloudsen12__dofa__frozen__mc_dropout__42,image_pixel_error_fraction,negative_margin,0.46,0.05792626676506721,0.16919577446363163
cloudsen12__dofa__frozen__mc_dropout__42,image_pixel_error_fraction,negative_margin,0.47,0.05904779823140384,0.16919577446363163
cloudsen12__dofa__frozen__mc_dropout__42,image_pixel_error_fraction,negative_margin,0.48,0.06150797909307953,0.16919577446363163
cloudsen12__dofa__frozen__mc_dropout__42,image_pixel_error_fraction,negative_margin,0.49,0.06307287620208993,0.16919577446363163
cloudsen12__dofa__frozen__mc_dropout__42,image_pixel_error_fraction,negative_margin,0.5,0.06444433542647827,0.16919577446363163
cloudsen12__dofa__frozen__mc_dropout__42,image_pixel_error_fraction,negative_margin,0.51,0.06657065871220284,0.16919577446363163
cloudsen12__dofa__frozen__mc_dropout__42,image_pixel_error_fraction,negative_margin,0.52,0.06909123671658014,0.16919577446363163
cloudsen12__dofa__frozen__mc_dropout__42,image_pixel_error_fraction,negative_margin,0.53,0.07060077409955275,0.16919577446363163
cloudsen12__dofa__frozen__mc_dropout__42,image_pixel_error_fraction,negative_margin,0.54,0.07258603561616957,0.16919577446363163
cloudsen12__dofa__frozen__mc_dropout__42,image_pixel_error_fraction,negative_margin,0.55,0.07397281847616671,0.16919577446363163
cloudsen12__dofa__frozen__mc_dropout__42,image_pixel_error_fraction,negative_margin,0.56,0.07622100608787473,0.16919577446363163
cloudsen12__dofa__frozen__mc_dropout__42,image_pixel_error_fraction,negative_margin,0.57,0.07727448952337346,0.16919577446363163
cloudsen12__dofa__frozen__mc_dropout__42,image_pixel_error_fraction,negative_margin,0.58,0.07910776524635053,0.16919577446363163
cloudsen12__dofa__frozen__mc_dropout__42,image_pixel_error_fraction,negative_margin,0.59,0.08136543201048349,0.16919577446363163
cloudsen12__dofa__frozen__mc_dropout__42,image_pixel_error_fraction,negative_margin,0.6,0.08262856625021806,0.16919577446363163
cloudsen12__dofa__frozen__mc_dropout__42,image_pixel_error_fraction,negative_margin,0.61,0.0838251289048091,0.16919577446363163
cloudsen12__dofa__frozen__mc_dropout__42,image_pixel_error_fraction,negative_margin,0.62,0.08524254343486774,0.16919577446363163
cloudsen12__dofa__frozen__mc_dropout__42,image_pixel_error_fraction,negative_margin,0.63,0.08674426539541336,0.16919577446363163
cloudsen12__dofa__frozen__mc_dropout__42,image_pixel_error_fraction,negative_margin,0.64,0.08807187801502812,0.16919577446363163
cloudsen12__dofa__frozen__mc_dropout__42,image_pixel_error_fraction,negative_margin,0.65,0.08941708617618643,0.16919577446363163
cloudsen12__dofa__frozen__mc_dropout__42,image_pixel_error_fraction,negative_margin,0.66,0.09116855057145233,0.16919577446363163
cloudsen12__dofa__frozen__mc_dropout__42,image_pixel_error_fraction,negative_margin,0.67,0.0919414865185454,0.16919577446363163
cloudsen12__dofa__frozen__mc_dropout__42,image_pixel_error_fraction,negative_margin,0.68,0.09346313645650565,0.16919577446363163
cloudsen12__dofa__frozen__mc_dropout__42,image_pixel_error_fraction,negative_margin,0.69,0.09512224143071385,0.16919577446363163
cloudsen12__dofa__frozen__mc_dropout__42,image_pixel_error_fraction,negative_margin,0.7,0.09720948561430064,0.16919577446363163
cloudsen12__dofa__frozen__mc_dropout__42,image_pixel_error_fraction,negative_margin,0.71,0.09994670691272174,0.16919577446363163
cloudsen12__dofa__frozen__mc_dropout__42,image_pixel_error_fraction,negative_margin,0.72,0.10196592325498577,0.16919577446363163
cloudsen12__dofa__frozen__mc_dropout__42,image_pixel_error_fraction,negative_margin,0.73,0.10500234117949078,0.16919577446363163
cloudsen12__dofa__frozen__mc_dropout__42,image_pixel_error_fraction,negative_margin,0.74,0.1066481743100047,0.16919577446363163
cloudsen12__dofa__frozen__mc_dropout__42,image_pixel_error_fraction,negative_margin,0.75,0.10807222849075529,0.16919577446363163
cloudsen12__dofa__frozen__mc_dropout__42,image_pixel_error_fraction,negative_margin,0.76,0.11006695029985682,0.16919577446363163
cloudsen12__dofa__frozen__mc_dropout__42,image_pixel_error_fraction,negative_margin,0.77,0.11127519111415798,0.16919577446363163
cloudsen12__dofa__frozen__mc_dropout__42,image_pixel_error_fraction,negative_margin,0.78,0.1127367760158798,0.16919577446363163
cloudsen12__dofa__frozen__mc_dropout__42,image_pixel_error_fraction,negative_margin,0.79,0.11415084077691452,0.16919577446363163
cloudsen12__dofa__frozen__mc_dropout__42,image_pixel_error_fraction,negative_margin,0.8,0.11660281450320517,0.16919577446363163
cloudsen12__dofa__frozen__mc_dropout__42,image_pixel_error_fraction,negative_margin,0.81,0.1187707209842627,0.16919577446363163
cloudsen12__dofa__frozen__mc_dropout__42,image_pixel_error_fraction,negative_margin,0.82,0.1204996436309046,0.16919577446363163
cloudsen12__dofa__frozen__mc_dropout__42,image_pixel_error_fraction,negative_margin,0.83,0.12244221317176086,0.16919577446363163
cloudsen12__dofa__frozen__mc_dropout__42,image_pixel_error_fraction,negative_margin,0.84,0.12538857117938754,0.16919577446363163
cloudsen12__dofa__frozen__mc_dropout__42,image_pixel_error_fraction,negative_margin,0.85,0.12777427076599873,0.16919577446363163
cloudsen12__dofa__frozen__mc_dropout__42,image_pixel_error_fraction,negative_margin,0.86,0.13056287544646664,0.16919577446363163
cloudsen12__dofa__frozen__mc_dropout__42,image_pixel_error_fraction,negative_margin,0.87,0.13245350430733746,0.16919577446363163
cloudsen12__dofa__frozen__mc_dropout__42,image_pixel_error_fraction,negative_margin,0.88,0.13429439329271922,0.16919577446363163
cloudsen12__dofa__frozen__mc_dropout__42,image_pixel_error_fraction,negative_margin,0.89,0.1360809317379718,0.16919577446363163
cloudsen12__dofa__frozen__mc_dropout__42,image_pixel_error_fraction,negative_margin,0.9,0.13799215933702544,0.16919577446363163
cloudsen12__dofa__frozen__mc_dropout__42,image_pixel_error_fraction,negative_margin,0.91,0.14138365947076212,0.16919577446363163
cloudsen12__dofa__frozen__mc_dropout__42,image_pixel_error_fraction,negative_margin,0.92,0.14367220027643168,0.16919577446363163
cloudsen12__dofa__frozen__mc_dropout__42,image_pixel_error_fraction,negative_margin,0.93,0.14728432729584806,0.16919577446363163
cloudsen12__dofa__frozen__mc_dropout__42,image_pixel_error_fraction,negative_margin,0.94,0.1498470174946002,0.16919577446363163
cloudsen12__dofa__frozen__mc_dropout__42,image_pixel_error_fraction,negative_margin,0.95,0.15343466302259773,0.16919577446363163
cloudsen12__dofa__frozen__mc_dropout__42,image_pixel_error_fraction,negative_margin,0.96,0.15717007330776864,0.16919577446363163
cloudsen12__dofa__frozen__mc_dropout__42,image_pixel_error_fraction,negative_margin,0.97,0.16033167796014125,0.16919577446363163
cloudsen12__dofa__frozen__mc_dropout__42,image_pixel_error_fraction,negative_margin,0.98,0.16171260313878302,0.16919577446363163
cloudsen12__dofa__frozen__mc_dropout__42,image_pixel_error_fraction,negative_margin,0.99,0.16502537331220368,0.16919577446363163
cloudsen12__dofa__frozen__mc_dropout__42,image_pixel_error_fraction,negative_margin,1.0,0.16919577446363163,0.16919577446363163
cloudsen12__dofa__frozen__mc_dropout__42,image_pixel_error_fraction,gini_total,0.01,0.0,0.16919577446363168
cloudsen12__dofa__frozen__mc_dropout__42,image_pixel_error_fraction,gini_total,0.02,0.0,0.16919577446363168
cloudsen12__dofa__frozen__mc_dropout__42,image_pixel_error_fraction,gini_total,0.03,0.0,0.16919577446363168
cloudsen12__dofa__frozen__mc_dropout__42,image_pixel_error_fraction,gini_total,0.04,0.008767599587912088,0.16919577446363168
cloudsen12__dofa__frozen__mc_dropout__42,image_pixel_error_fraction,gini_total,0.05,0.0070140796703296706,0.16919577446363168
cloudsen12__dofa__frozen__mc_dropout__42,image_pixel_error_fraction,gini_total,0.06,0.005845066391941392,0.16919577446363168
cloudsen12__dofa__frozen__mc_dropout__42,image_pixel_error_fraction,gini_total,0.07,0.005010056907378336,0.16919577446363168
cloudsen12__dofa__frozen__mc_dropout__42,image_pixel_error_fraction,gini_total,0.08,0.009677218243066457,0.16919577446363168
cloudsen12__dofa__frozen__mc_dropout__42,image_pixel_error_fraction,gini_total,0.09,0.00860197177161463,0.16919577446363168
cloudsen12__dofa__frozen__mc_dropout__42,image_pixel_error_fraction,gini_total,0.1,0.007806980965463109,0.16919577446363168
cloudsen12__dofa__frozen__mc_dropout__42,image_pixel_error_fraction,gini_total,0.11,0.0070972554231482805,0.16919577446363168
cloudsen12__dofa__frozen__mc_dropout__42,image_pixel_error_fraction,gini_total,0.12,0.006505817471219257,0.16919577446363168
cloudsen12__dofa__frozen__mc_dropout__42,image_pixel_error_fraction,gini_total,0.13,0.008325094090890793,0.16919577446363168
cloudsen12__dofa__frozen__mc_dropout__42,image_pixel_error_fraction,gini_total,0.14,0.008059834510727367,0.16919577446363168
cloudsen12__dofa__frozen__mc_dropout__42,image_pixel_error_fraction,gini_total,0.15,0.008290407509157507,0.16919577446363168
cloudsen12__dofa__frozen__mc_dropout__42,image_pixel_error_fraction,gini_total,0.16,0.008157950680272107,0.16919577446363168
cloudsen12__dofa__frozen__mc_dropout__42,image_pixel_error_fraction,gini_total,0.17,0.00804083652691846,0.16919577446363168
cloudsen12__dofa__frozen__mc_dropout__42,image_pixel_error_fraction,gini_total,0.18,0.008922439167974881,0.16919577446363168
cloudsen12__dofa__frozen__mc_dropout__42,image_pixel_error_fraction,gini_total,0.19,0.009311246006499765,0.16919577446363168
cloudsen12__dofa__frozen__mc_dropout__42,image_pixel_error_fraction,gini_total,0.2,0.010516111492673993,0.16919577446363168
cloudsen12__dofa__frozen__mc_dropout__42,image_pixel_error_fraction,gini_total,0.21,0.011342954363521968,0.16919577446363168
cloudsen12__dofa__frozen__mc_dropout__42,image_pixel_error_fraction,gini_total,0.22,0.012898559773559772,0.16919577446363168
cloudsen12__dofa__frozen__mc_dropout__42,image_pixel_error_fraction,gini_total,0.23,0.01482400678707938,0.16919577446363168
cloudsen12__dofa__frozen__mc_dropout__42,image_pixel_error_fraction,gini_total,0.24,0.016080575860151755,0.16919577446363168
cloudsen12__dofa__frozen__mc_dropout__42,image_pixel_error_fraction,gini_total,0.25,0.017511876144688646,0.16919577446363168
cloudsen12__dofa__frozen__mc_dropout__42,image_pixel_error_fraction,gini_total,0.26,0.019329946753109523,0.16919577446363168
cloudsen12__dofa__frozen__mc_dropout__42,image_pixel_error_fraction,gini_total,0.27,0.020948805314504715,0.16919577446363168
cloudsen12__dofa__frozen__mc_dropout__42,image_pixel_error_fraction,gini_total,0.28,0.025491077268819613,0.16919577446363168
cloudsen12__dofa__frozen__mc_dropout__42,image_pixel_error_fraction,gini_total,0.29,0.026821538670176292,0.16919577446363168
cloudsen12__dofa__frozen__mc_dropout__42,image_pixel_error_fraction,gini_total,0.3,0.028133517028606322,0.16919577446363168
cloudsen12__dofa__frozen__mc_dropout__42,image_pixel_error_fraction,gini_total,0.31,0.029841030705086008,0.16919577446363168
cloudsen12__dofa__frozen__mc_dropout__42,image_pixel_error_fraction,gini_total,0.32,0.03133898165636447,0.16919577446363168
cloudsen12__dofa__frozen__mc_dropout__42,image_pixel_error_fraction,gini_total,0.33,0.03334780608776145,0.16919577446363168
cloudsen12__dofa__frozen__mc_dropout__42,image_pixel_error_fraction,gini_total,0.34,0.03511061876673747,0.16919577446363168
cloudsen12__dofa__frozen__mc_dropout__42,image_pixel_error_fraction,gini_total,0.35,0.03669467357684832,0.16919577446363168
cloudsen12__dofa__frozen__mc_dropout__42,image_pixel_error_fraction,gini_total,0.36,0.03992169784580499,0.16919577446363168
cloudsen12__dofa__frozen__mc_dropout__42,image_pixel_error_fraction,gini_total,0.37,0.04132929565407243,0.16919577446363168
cloudsen12__dofa__frozen__mc_dropout__42,image_pixel_error_fraction,gini_total,0.38,0.043985037714478495,0.16919577446363168
cloudsen12__dofa__frozen__mc_dropout__42,image_pixel_error_fraction,gini_total,0.39,0.04541049037958377,0.16919577446363168
cloudsen12__dofa__frozen__mc_dropout__42,image_pixel_error_fraction,gini_total,0.4,0.046920480932757705,0.16919577446363168
cloudsen12__dofa__frozen__mc_dropout__42,image_pixel_error_fraction,gini_total,0.41,0.048452312151408376,0.16919577446363168
cloudsen12__dofa__frozen__mc_dropout__42,image_pixel_error_fraction,gini_total,0.42,0.05062346596147614,0.16919577446363168
cloudsen12__dofa__frozen__mc_dropout__42,image_pixel_error_fraction,gini_total,0.43,0.05303264530320177,0.16919577446363168
cloudsen12__dofa__frozen__mc_dropout__42,image_pixel_error_fraction,gini_total,0.44,0.05474659269302124,0.16919577446363168
cloudsen12__dofa__frozen__mc_dropout__42,image_pixel_error_fraction,gini_total,0.45,0.05636670600398277,0.16919577446363168
cloudsen12__dofa__frozen__mc_dropout__42,image_pixel_error_fraction,gini_total,0.46,0.058423268711748896,0.16919577446363168
cloudsen12__dofa__frozen__mc_dropout__42,image_pixel_error_fraction,gini_total,0.47,0.060089282234988904,0.16919577446363168
cloudsen12__dofa__frozen__mc_dropout__42,image_pixel_error_fraction,gini_total,0.48,0.06191683905132565,0.16919577446363168
cloudsen12__dofa__frozen__mc_dropout__42,image_pixel_error_fraction,gini_total,0.49,0.06340745984912803,0.16919577446363168
cloudsen12__dofa__frozen__mc_dropout__42,image_pixel_error_fraction,gini_total,0.5,0.06506361198325485,0.16919577446363168
cloudsen12__dofa__frozen__mc_dropout__42,image_pixel_error_fraction,gini_total,0.51,0.06617650064833627,0.16919577446363168
cloudsen12__dofa__frozen__mc_dropout__42,image_pixel_error_fraction,gini_total,0.52,0.0676976411866522,0.16919577446363168
cloudsen12__dofa__frozen__mc_dropout__42,image_pixel_error_fraction,gini_total,0.53,0.06975173562258724,0.16919577446363168
cloudsen12__dofa__frozen__mc_dropout__42,image_pixel_error_fraction,gini_total,0.54,0.07164804579239108,0.16919577446363168
cloudsen12__dofa__frozen__mc_dropout__42,image_pixel_error_fraction,gini_total,0.55,0.0733101719708863,0.16919577446363168
cloudsen12__dofa__frozen__mc_dropout__42,image_pixel_error_fraction,gini_total,0.56,0.07516965190952757,0.16919577446363168
cloudsen12__dofa__frozen__mc_dropout__42,image_pixel_error_fraction,gini_total,0.57,0.07872317333225466,0.16919577446363168
cloudsen12__dofa__frozen__mc_dropout__42,image_pixel_error_fraction,gini_total,0.58,0.08032445508873313,0.16919577446363168
cloudsen12__dofa__frozen__mc_dropout__42,image_pixel_error_fraction,gini_total,0.59,0.08203346731456604,0.16919577446363168
cloudsen12__dofa__frozen__mc_dropout__42,image_pixel_error_fraction,gini_total,0.6,0.08350302661128559,0.16919577446363168
cloudsen12__dofa__frozen__mc_dropout__42,image_pixel_error_fraction,gini_total,0.61,0.08536649606248556,0.16919577446363168
cloudsen12__dofa__frozen__mc_dropout__42,image_pixel_error_fraction,gini_total,0.62,0.08643731220776155,0.16919577446363168
cloudsen12__dofa__frozen__mc_dropout__42,image_pixel_error_fraction,gini_total,0.63,0.08838484789138489,0.16919577446363168
cloudsen12__dofa__frozen__mc_dropout__42,image_pixel_error_fraction,gini_total,0.64,0.0896180700345042,0.16919577446363168
cloudsen12__dofa__frozen__mc_dropout__42,image_pixel_error_fraction,gini_total,0.65,0.09132351165318198,0.16919577446363168
cloudsen12__dofa__frozen__mc_dropout__42,image_pixel_error_fraction,gini_total,0.66,0.09302958326395828,0.16919577446363168
cloudsen12__dofa__frozen__mc_dropout__42,image_pixel_error_fraction,gini_total,0.67,0.09529447542507244,0.16919577446363168
cloudsen12__dofa__frozen__mc_dropout__42,image_pixel_error_fraction,gini_total,0.68,0.09742063892864837,0.16919577446363168
cloudsen12__dofa__frozen__mc_dropout__42,image_pixel_error_fraction,gini_total,0.69,0.09889660339121711,0.16919577446363168
cloudsen12__dofa__frozen__mc_dropout__42,image_pixel_error_fraction,gini_total,0.7,0.10008134005662701,0.16919577446363168
cloudsen12__dofa__frozen__mc_dropout__42,image_pixel_error_fraction,gini_total,0.71,0.10160192784453977,0.16919577446363168
cloudsen12__dofa__frozen__mc_dropout__42,image_pixel_error_fraction,gini_total,0.72,0.10255933302808301,0.16919577446363168
cloudsen12__dofa__frozen__mc_dropout__42,image_pixel_error_fraction,gini_total,0.73,0.10394380519594562,0.16919577446363168
cloudsen12__dofa__frozen__mc_dropout__42,image_pixel_error_fraction,gini_total,0.74,0.10532855050154159,0.16919577446363168
cloudsen12__dofa__frozen__mc_dropout__42,image_pixel_error_fraction,gini_total,0.75,0.1064414151077098,0.16919577446363168
cloudsen12__dofa__frozen__mc_dropout__42,image_pixel_error_fraction,gini_total,0.76,0.1083063460075326,0.16919577446363168
cloudsen12__dofa__frozen__mc_dropout__42,image_pixel_error_fraction,gini_total,0.77,0.11010935147972778,0.16919577446363168
cloudsen12__dofa__frozen__mc_dropout__42,image_pixel_error_fraction,gini_total,0.78,0.11199641037381425,0.16919577446363168
cloudsen12__dofa__frozen__mc_dropout__42,image_pixel_error_fraction,gini_total,0.79,0.11398214539284558,0.16919577446363168
cloudsen12__dofa__frozen__mc_dropout__42,image_pixel_error_fraction,gini_total,0.8,0.11666349833202516,0.16919577446363168
cloudsen12__dofa__frozen__mc_dropout__42,image_pixel_error_fraction,gini_total,0.81,0.1185377329350544,0.16919577446363168
cloudsen12__dofa__frozen__mc_dropout__42,image_pixel_error_fraction,gini_total,0.82,0.120613352194771,0.16919577446363168
cloudsen12__dofa__frozen__mc_dropout__42,image_pixel_error_fraction,gini_total,0.83,0.12276170641159619,0.16919577446363168
cloudsen12__dofa__frozen__mc_dropout__42,image_pixel_error_fraction,gini_total,0.84,0.12566476624990658,0.16919577446363168
cloudsen12__dofa__frozen__mc_dropout__42,image_pixel_error_fraction,gini_total,0.85,0.12822763720872968,0.16919577446363168
cloudsen12__dofa__frozen__mc_dropout__42,image_pixel_error_fraction,gini_total,0.86,0.12988297887916345,0.16919577446363168
cloudsen12__dofa__frozen__mc_dropout__42,image_pixel_error_fraction,gini_total,0.87,0.13350168033338447,0.16919577446363168
cloudsen12__dofa__frozen__mc_dropout__42,image_pixel_error_fraction,gini_total,0.88,0.13544405278501262,0.16919577446363168
cloudsen12__dofa__frozen__mc_dropout__42,image_pixel_error_fraction,gini_total,0.89,0.13698955131696153,0.16919577446363168
cloudsen12__dofa__frozen__mc_dropout__42,image_pixel_error_fraction,gini_total,0.9,0.1387649150204954,0.16919577446363168
cloudsen12__dofa__frozen__mc_dropout__42,image_pixel_error_fraction,gini_total,0.91,0.14214116212313327,0.16919577446363168
cloudsen12__dofa__frozen__mc_dropout__42,image_pixel_error_fraction,gini_total,0.92,0.14519077907082567,0.16919577446363168
cloudsen12__dofa__frozen__mc_dropout__42,image_pixel_error_fraction,gini_total,0.93,0.14668567359739604,0.16919577446363168
cloudsen12__dofa__frozen__mc_dropout__42,image_pixel_error_fraction,gini_total,0.94,0.1496218091369118,0.16919577446363168
cloudsen12__dofa__frozen__mc_dropout__42,image_pixel_error_fraction,gini_total,0.95,0.1529228989799362,0.16919577446363168
cloudsen12__dofa__frozen__mc_dropout__42,image_pixel_error_fraction,gini_total,0.96,0.15625146918743468,0.16919577446363168
cloudsen12__dofa__frozen__mc_dropout__42,image_pixel_error_fraction,gini_total,0.97,0.16019668393477543,0.16919577446363168
cloudsen12__dofa__frozen__mc_dropout__42,image_pixel_error_fraction,gini_total,0.98,0.16321328619752462,0.16919577446363168
cloudsen12__dofa__frozen__mc_dropout__42,image_pixel_error_fraction,gini_total,0.99,0.16568641345427068,0.16919577446363168
cloudsen12__dofa__frozen__mc_dropout__42,image_pixel_error_fraction,gini_total,1.0,0.16919577446363168,0.16919577446363168
cloudsen12__dofa__frozen__mc_dropout__42,image_pixel_error_fraction,expected_entropy,0.01,0.0,0.16919577446363165
cloudsen12__dofa__frozen__mc_dropout__42,image_pixel_error_fraction,expected_entropy,0.02,0.0,0.16919577446363165
cloudsen12__dofa__frozen__mc_dropout__42,image_pixel_error_fraction,expected_entropy,0.03,0.0,0.16919577446363165
cloudsen12__dofa__frozen__mc_dropout__42,image_pixel_error_fraction,expected_entropy,0.04,0.008767599587912088,0.16919577446363165
cloudsen12__dofa__frozen__mc_dropout__42,image_pixel_error_fraction,expected_entropy,0.05,0.0070140796703296706,0.16919577446363165
cloudsen12__dofa__frozen__mc_dropout__42,image_pixel_error_fraction,expected_entropy,0.06,0.005845066391941392,0.16919577446363165
cloudsen12__dofa__frozen__mc_dropout__42,image_pixel_error_fraction,expected_entropy,0.07,0.011059677992075951,0.16919577446363165
cloudsen12__dofa__frozen__mc_dropout__42,image_pixel_error_fraction,expected_entropy,0.08,0.009677218243066457,0.16919577446363165
cloudsen12__dofa__frozen__mc_dropout__42,image_pixel_error_fraction,expected_entropy,0.09,0.00860197177161463,0.16919577446363165
cloudsen12__dofa__frozen__mc_dropout__42,image_pixel_error_fraction,expected_entropy,0.1,0.007806980965463109,0.16919577446363165
cloudsen12__dofa__frozen__mc_dropout__42,image_pixel_error_fraction,expected_entropy,0.11,0.0070972554231482805,0.16919577446363165
cloudsen12__dofa__frozen__mc_dropout__42,image_pixel_error_fraction,expected_entropy,0.12,0.006505817471219257,0.16919577446363165
cloudsen12__dofa__frozen__mc_dropout__42,image_pixel_error_fraction,expected_entropy,0.13,0.008325094090890793,0.16919577446363165
cloudsen12__dofa__frozen__mc_dropout__42,image_pixel_error_fraction,expected_entropy,0.14,0.008633346882709126,0.16919577446363165
cloudsen12__dofa__frozen__mc_dropout__42,image_pixel_error_fraction,expected_entropy,0.15,0.008290407509157507,0.16919577446363165
cloudsen12__dofa__frozen__mc_dropout__42,image_pixel_error_fraction,expected_entropy,0.16,0.008157822924843013,0.16919577446363165
cloudsen12__dofa__frozen__mc_dropout__42,image_pixel_error_fraction,expected_entropy,0.17,0.008675525498661001,0.16919577446363165
cloudsen12__dofa__frozen__mc_dropout__42,image_pixel_error_fraction,expected_entropy,0.18,0.00919362135879993,0.16919577446363165
cloudsen12__dofa__frozen__mc_dropout__42,image_pixel_error_fraction,expected_entropy,0.19,0.00979865314040596,0.16919577446363165
cloudsen12__dofa__frozen__mc_dropout__42,image_pixel_error_fraction,expected_entropy,0.2,0.010516111492673993,0.16919577446363165
cloudsen12__dofa__frozen__mc_dropout__42,image_pixel_error_fraction,expected_entropy,0.21,0.011712715076873239,0.16919577446363165
cloudsen12__dofa__frozen__mc_dropout__42,image_pixel_error_fraction,expected_entropy,0.22,0.014418013162432804,0.16919577446363165
cloudsen12__dofa__frozen__mc_dropout__42,image_pixel_error_fraction,expected_entropy,0.23,0.015594072076991332,0.16919577446363165
cloudsen12__dofa__frozen__mc_dropout__42,image_pixel_error_fraction,expected_entropy,0.24,0.016651727798491195,0.16919577446363165
cloudsen12__dofa__frozen__mc_dropout__42,image_pixel_error_fraction,expected_entropy,0.25,0.017985327544479325,0.16919577446363165
cloudsen12__dofa__frozen__mc_dropout__42,image_pixel_error_fraction,expected_entropy,0.26,0.019564702267741412,0.16919577446363165
cloudsen12__dofa__frozen__mc_dropout__42,image_pixel_error_fraction,expected_entropy,0.27,0.02105922385870302,0.16919577446363165
cloudsen12__dofa__frozen__mc_dropout__42,image_pixel_error_fraction,expected_entropy,0.28,0.022474589080137553,0.16919577446363165
cloudsen12__dofa__frozen__mc_dropout__42,image_pixel_error_fraction,expected_entropy,0.29,0.024034144286030065,0.16919577446363165
cloudsen12__dofa__frozen__mc_dropout__42,image_pixel_error_fraction,expected_entropy,0.3,0.025896127681841973,0.16919577446363165
cloudsen12__dofa__frozen__mc_dropout__42,image_pixel_error_fraction,expected_entropy,0.31,0.027825709416831258,0.16919577446363165
cloudsen12__dofa__frozen__mc_dropout__42,image_pixel_error_fraction,expected_entropy,0.32,0.029271451669610152,0.16919577446363165
cloudsen12__dofa__frozen__mc_dropout__42,image_pixel_error_fraction,expected_entropy,0.33,0.033039830333357126,0.16919577446363165
cloudsen12__dofa__frozen__mc_dropout__42,image_pixel_error_fraction,expected_entropy,0.34,0.03487503775548682,0.16919577446363165
cloudsen12__dofa__frozen__mc_dropout__42,image_pixel_error_fraction,expected_entropy,0.35,0.036444813158779996,0.16919577446363165
cloudsen12__dofa__frozen__mc_dropout__42,image_pixel_error_fraction,expected_entropy,0.36,0.03843417040961683,0.16919577446363165
cloudsen12__dofa__frozen__mc_dropout__42,image_pixel_error_fraction,expected_entropy,0.37,0.04042130674385138,0.16919577446363165
cloudsen12__dofa__frozen__mc_dropout__42,image_pixel_error_fraction,expected_entropy,0.38,0.04304916868063014,0.16919577446363165
cloudsen12__dofa__frozen__mc_dropout__42,image_pixel_error_fraction,expected_entropy,0.39,0.04473457898938666,0.16919577446363165
cloudsen12__dofa__frozen__mc_dropout__42,image_pixel_error_fraction,expected_entropy,0.4,0.04584462691326528,0.16919577446363165
cloudsen12__dofa__frozen__mc_dropout__42,image_pixel_error_fraction,expected_entropy,0.41,0.047111839869625124,0.16919577446363165
cloudsen12__dofa__frozen__mc_dropout__42,image_pixel_error_fraction,expected_entropy,0.42,0.04952418524644287,0.16919577446363165
cloudsen12__dofa__frozen__mc_dropout__42,image_pixel_error_fraction,expected_entropy,0.43,0.05217947672136831,0.16919577446363165
cloudsen12__dofa__frozen__mc_dropout__42,image_pixel_error_fraction,expected_entropy,0.44,0.05372993821654534,0.16919577446363165
cloudsen12__dofa__frozen__mc_dropout__42,image_pixel_error_fraction,expected_entropy,0.45,0.05644953694618871,0.16919577446363165
cloudsen12__dofa__frozen__mc_dropout__42,image_pixel_error_fraction,expected_entropy,0.46,0.05793386543580641,0.16919577446363165
cloudsen12__dofa__frozen__mc_dropout__42,image_pixel_error_fraction,expected_entropy,0.47,0.06008340004884931,0.16919577446363165
cloudsen12__dofa__frozen__mc_dropout__42,image_pixel_error_fraction,expected_entropy,0.48,0.0615345096371882,0.16919577446363165
cloudsen12__dofa__frozen__mc_dropout__42,image_pixel_error_fraction,expected_entropy,0.49,0.06346187844741506,0.16919577446363165
cloudsen12__dofa__frozen__mc_dropout__42,image_pixel_error_fraction,expected_entropy,0.5,0.0652108475601779,0.16919577446363165
cloudsen12__dofa__frozen__mc_dropout__42,image_pixel_error_fraction,expected_entropy,0.51,0.06683982687626329,0.16919577446363165
cloudsen12__dofa__frozen__mc_dropout__42,image_pixel_error_fraction,expected_entropy,0.52,0.06846814400686307,0.16919577446363165
cloudsen12__dofa__frozen__mc_dropout__42,image_pixel_error_fraction,expected_entropy,0.53,0.06981930619217931,0.16919577446363165
cloudsen12__dofa__frozen__mc_dropout__42,image_pixel_error_fraction,expected_entropy,0.54,0.07142353691832856,0.16919577446363165
cloudsen12__dofa__frozen__mc_dropout__42,image_pixel_error_fraction,expected_entropy,0.55,0.07400678748334996,0.16919577446363165
cloudsen12__dofa__frozen__mc_dropout__42,image_pixel_error_fraction,expected_entropy,0.56,0.07636179257073705,0.16919577446363165
cloudsen12__dofa__frozen__mc_dropout__42,image_pixel_error_fraction,expected_entropy,0.57,0.07780541419081126,0.16919577446363165
cloudsen12__dofa__frozen__mc_dropout__42,image_pixel_error_fraction,expected_entropy,0.58,0.08004496145275085,0.16919577446363165
cloudsen12__dofa__frozen__mc_dropout__42,image_pixel_error_fraction,expected_entropy,0.59,0.08124628599810196,0.16919577446363165
cloudsen12__dofa__frozen__mc_dropout__42,image_pixel_error_fraction,expected_entropy,0.6,0.08389208447802199,0.16919577446363165
cloudsen12__dofa__frozen__mc_dropout__42,image_pixel_error_fraction,expected_entropy,0.61,0.08534537662401027,0.16919577446363165
cloudsen12__dofa__frozen__mc_dropout__42,image_pixel_error_fraction,expected_entropy,0.62,0.08757304973012779,0.16919577446363165
cloudsen12__dofa__frozen__mc_dropout__42,image_pixel_error_fraction,expected_entropy,0.63,0.08899121977087539,0.16919577446363165
cloudsen12__dofa__frozen__mc_dropout__42,image_pixel_error_fraction,expected_entropy,0.64,0.09193207218283948,0.16919577446363165
cloudsen12__dofa__frozen__mc_dropout__42,image_pixel_error_fraction,expected_entropy,0.65,0.09340427415418828,0.16919577446363165
cloudsen12__dofa__frozen__mc_dropout__42,image_pixel_error_fraction,expected_entropy,0.66,0.09484484079908184,0.16919577446363165
cloudsen12__dofa__frozen__mc_dropout__42,image_pixel_error_fraction,expected_entropy,0.67,0.09642165966917762,0.16919577446363165
cloudsen12__dofa__frozen__mc_dropout__42,image_pixel_error_fraction,expected_entropy,0.68,0.09794179089905189,0.16919577446363165
cloudsen12__dofa__frozen__mc_dropout__42,image_pixel_error_fraction,expected_entropy,0.69,0.09898974265361102,0.16919577446363165
cloudsen12__dofa__frozen__mc_dropout__42,image_pixel_error_fraction,expected_entropy,0.7,0.10039180765025789,0.16919577446363165
cloudsen12__dofa__frozen__mc_dropout__42,image_pixel_error_fraction,expected_entropy,0.71,0.10240837769289729,0.16919577446363165
cloudsen12__dofa__frozen__mc_dropout__42,image_pixel_error_fraction,expected_entropy,0.72,0.10408337012689689,0.16919577446363165
cloudsen12__dofa__frozen__mc_dropout__42,image_pixel_error_fraction,expected_entropy,0.73,0.10546200171322478,0.16919577446363165
cloudsen12__dofa__frozen__mc_dropout__42,image_pixel_error_fraction,expected_entropy,0.74,0.10655514073482822,0.16919577446363165
cloudsen12__dofa__frozen__mc_dropout__42,image_pixel_error_fraction,expected_entropy,0.75,0.10803319324524684,0.16919577446363165
cloudsen12__dofa__frozen__mc_dropout__42,image_pixel_error_fraction,expected_entropy,0.76,0.10891809279379767,0.16919577446363165
cloudsen12__dofa__frozen__mc_dropout__42,image_pixel_error_fraction,expected_entropy,0.77,0.11067655240167995,0.16919577446363165
cloudsen12__dofa__frozen__mc_dropout__42,image_pixel_error_fraction,expected_entropy,0.78,0.11153267782088179,0.16919577446363165
cloudsen12__dofa__frozen__mc_dropout__42,image_pixel_error_fraction,expected_entropy,0.79,0.11339078976892607,0.16919577446363165
cloudsen12__dofa__frozen__mc_dropout__42,image_pixel_error_fraction,expected_entropy,0.8,0.11706751210099424,0.16919577446363165
cloudsen12__dofa__frozen__mc_dropout__42,image_pixel_error_fraction,expected_entropy,0.81,0.1190117339670911,0.16919577446363165
cloudsen12__dofa__frozen__mc_dropout__42,image_pixel_error_fraction,expected_entropy,0.82,0.12166810101737692,0.16919577446363165
cloudsen12__dofa__frozen__mc_dropout__42,image_pixel_error_fraction,expected_entropy,0.83,0.12385904858641786,0.16919577446363165
cloudsen12__dofa__frozen__mc_dropout__42,image_pixel_error_fraction,expected_entropy,0.84,0.12627495051363036,0.16919577446363165
cloudsen12__dofa__frozen__mc_dropout__42,image_pixel_error_fraction,expected_entropy,0.85,0.12844985349909194,0.16919577446363165
cloudsen12__dofa__frozen__mc_dropout__42,image_pixel_error_fraction,expected_entropy,0.86,0.13053060977297895,0.16919577446363165
cloudsen12__dofa__frozen__mc_dropout__42,image_pixel_error_fraction,expected_entropy,0.87,0.13306023980381274,0.16919577446363165
cloudsen12__dofa__frozen__mc_dropout__42,image_pixel_error_fraction,expected_entropy,0.88,0.13538282309208646,0.16919577446363165
cloudsen12__dofa__frozen__mc_dropout__42,image_pixel_error_fraction,expected_entropy,0.89,0.13735170494299706,0.16919577446363165
cloudsen12__dofa__frozen__mc_dropout__42,image_pixel_error_fraction,expected_entropy,0.9,0.13973015555046803,0.16919577446363165
cloudsen12__dofa__frozen__mc_dropout__42,image_pixel_error_fraction,expected_entropy,0.91,0.14239353946354533,0.16919577446363165
cloudsen12__dofa__frozen__mc_dropout__42,image_pixel_error_fraction,expected_entropy,0.92,0.1445305612315996,0.16919577446363165
cloudsen12__dofa__frozen__mc_dropout__42,image_pixel_error_fraction,expected_entropy,0.93,0.14718145807485522,0.16919577446363165
cloudsen12__dofa__frozen__mc_dropout__42,image_pixel_error_fraction,expected_entropy,0.94,0.15047490009199263,0.16919577446363165
cloudsen12__dofa__frozen__mc_dropout__42,image_pixel_error_fraction,expected_entropy,0.95,0.15314496212199463,0.16919577446363165
cloudsen12__dofa__frozen__mc_dropout__42,image_pixel_error_fraction,expected_entropy,0.96,0.15600662590757466,0.16919577446363165
cloudsen12__dofa__frozen__mc_dropout__42,image_pixel_error_fraction,expected_entropy,0.97,0.16034375809205528,0.16919577446363165
cloudsen12__dofa__frozen__mc_dropout__42,image_pixel_error_fraction,expected_entropy,0.98,0.1643232879395872,0.16919577446363165
cloudsen12__dofa__frozen__mc_dropout__42,image_pixel_error_fraction,expected_entropy,0.99,0.16600146092333598,0.16919577446363165
cloudsen12__dofa__frozen__mc_dropout__42,image_pixel_error_fraction,expected_entropy,1.0,0.16919577446363165,0.16919577446363165
cloudsen12__dofa__frozen__mc_dropout__42,image_pixel_error_fraction,mutual_information,0.01,0.0,0.16919577446363174
cloudsen12__dofa__frozen__mc_dropout__42,image_pixel_error_fraction,mutual_information,0.02,0.015078206763474619,0.16919577446363174
cloudsen12__dofa__frozen__mc_dropout__42,image_pixel_error_fraction,mutual_information,0.03,0.010052137842316414,0.16919577446363174
cloudsen12__dofa__frozen__mc_dropout__42,image_pixel_error_fraction,mutual_information,0.04,0.007539103381737309,0.16919577446363174
cloudsen12__dofa__frozen__mc_dropout__42,image_pixel_error_fraction,mutual_information,0.05,0.013045362375719518,0.16919577446363174
cloudsen12__dofa__frozen__mc_dropout__42,image_pixel_error_fraction,mutual_information,0.06,0.010871135313099597,0.16919577446363174
cloudsen12__dofa__frozen__mc_dropout__42,image_pixel_error_fraction,mutual_information,0.07,0.010503394352246393,0.16919577446363174
cloudsen12__dofa__frozen__mc_dropout__42,image_pixel_error_fraction,mutual_information,0.08,0.009190470058215593,0.16919577446363174
cloudsen12__dofa__frozen__mc_dropout__42,image_pixel_error_fraction,mutual_information,0.09,0.008223645360922146,0.16919577446363174
cloudsen12__dofa__frozen__mc_dropout__42,image_pixel_error_fraction,mutual_information,0.1,0.012322164442700156,0.16919577446363174
cloudsen12__dofa__frozen__mc_dropout__42,image_pixel_error_fraction,mutual_information,0.11,0.013056697766519193,0.16919577446363174
cloudsen12__dofa__frozen__mc_dropout__42,image_pixel_error_fraction,mutual_information,0.12,0.013476664704343274,0.16919577446363174
cloudsen12__dofa__frozen__mc_dropout__42,image_pixel_error_fraction,mutual_information,0.13,0.014696512850702408,0.16919577446363174
cloudsen12__dofa__frozen__mc_dropout__42,image_pixel_error_fraction,mutual_information,0.14,0.022265654201240936,0.16919577446363174
cloudsen12__dofa__frozen__mc_dropout__42,image_pixel_error_fraction,mutual_information,0.15,0.0245500283446712,0.16919577446363174
cloudsen12__dofa__frozen__mc_dropout__42,image_pixel_error_fraction,mutual_information,0.16,0.02900891426282051,0.16919577446363174
cloudsen12__dofa__frozen__mc_dropout__42,image_pixel_error_fraction,mutual_information,0.17,0.032861431832348326,0.16919577446363174
cloudsen12__dofa__frozen__mc_dropout__42,image_pixel_error_fraction,mutual_information,0.18,0.03605672704445026,0.16919577446363174
cloudsen12__dofa__frozen__mc_dropout__42,image_pixel_error_fraction,mutual_information,0.19,0.040998142678123885,0.16919577446363174
cloudsen12__dofa__frozen__mc_dropout__42,image_pixel_error_fraction,mutual_information,0.2,0.047838173731030866,0.16919577446363174
cloudsen12__dofa__frozen__mc_dropout__42,image_pixel_error_fraction,mutual_information,0.21,0.050642057418205357,0.16919577446363174
cloudsen12__dofa__frozen__mc_dropout__42,image_pixel_error_fraction,mutual_information,0.22,0.05220179745849386,0.16919577446363174
cloudsen12__dofa__frozen__mc_dropout__42,image_pixel_error_fraction,mutual_information,0.23,0.05556847922070163,0.16919577446363174
cloudsen12__dofa__frozen__mc_dropout__42,image_pixel_error_fraction,mutual_information,0.24,0.06020074295743936,0.16919577446363174
cloudsen12__dofa__frozen__mc_dropout__42,image_pixel_error_fraction,mutual_information,0.25,0.06302821248691783,0.16919577446363174
cloudsen12__dofa__frozen__mc_dropout__42,image_pixel_error_fraction,mutual_information,0.26,0.06494858020871068,0.16919577446363174
cloudsen12__dofa__frozen__mc_dropout__42,image_pixel_error_fraction,mutual_information,0.27,0.07027084226674997,0.16919577446363174
cloudsen12__dofa__frozen__mc_dropout__42,image_pixel_error_fraction,mutual_information,0.28,0.07243046600508334,0.16919577446363174
cloudsen12__dofa__frozen__mc_dropout__42,image_pixel_error_fraction,mutual_information,0.29,0.07401217387651345,0.16919577446363174
cloudsen12__dofa__frozen__mc_dropout__42,image_pixel_error_fraction,mutual_information,0.3,0.07503284166230592,0.16919577446363174
cloudsen12__dofa__frozen__mc_dropout__42,image_pixel_error_fraction,mutual_information,0.31,0.0771816539115646,0.16919577446363174
cloudsen12__dofa__frozen__mc_dropout__42,image_pixel_error_fraction,mutual_information,0.32,0.07980447287087909,0.16919577446363174
cloudsen12__dofa__frozen__mc_dropout__42,image_pixel_error_fraction,mutual_information,0.33,0.08131307866240899,0.16919577446363174
cloudsen12__dofa__frozen__mc_dropout__42,image_pixel_error_fraction,mutual_information,0.34,0.0838489241850586,0.16919577446363174
cloudsen12__dofa__frozen__mc_dropout__42,image_pixel_error_fraction,mutual_information,0.35,0.08521263759624727,0.16919577446363174
cloudsen12__dofa__frozen__mc_dropout__42,image_pixel_error_fraction,mutual_information,0.36,0.08688334441682653,0.16919577446363174
cloudsen12__dofa__frozen__mc_dropout__42,image_pixel_error_fraction,mutual_information,0.37,0.0887058013174084,0.16919577446363174
cloudsen12__dofa__frozen__mc_dropout__42,image_pixel_error_fraction,mutual_information,0.38,0.08995577133940617,0.16919577446363174
cloudsen12__dofa__frozen__mc_dropout__42,image_pixel_error_fraction,mutual_information,0.39,0.09131205952548672,0.16919577446363174
cloudsen12__dofa__frozen__mc_dropout__42,image_pixel_error_fraction,mutual_information,0.4,0.0916762738749346,0.16919577446363174
cloudsen12__dofa__frozen__mc_dropout__42,image_pixel_error_fraction,mutual_information,0.41,0.09290334919145897,0.16919577446363174
cloudsen12__dofa__frozen__mc_dropout__42,image_pixel_error_fraction,mutual_information,0.42,0.0930051250124592,0.16919577446363174
cloudsen12__dofa__frozen__mc_dropout__42,image_pixel_error_fraction,mutual_information,0.43,0.09360990874435644,0.16919577446363174
cloudsen12__dofa__frozen__mc_dropout__42,image_pixel_error_fraction,mutual_information,0.44,0.09423254386982068,0.16919577446363174
cloudsen12__dofa__frozen__mc_dropout__42,image_pixel_error_fraction,mutual_information,0.45,0.09564457326734115,0.16919577446363174
cloudsen12__dofa__frozen__mc_dropout__42,image_pixel_error_fraction,mutual_information,0.46,0.09745799579238051,0.16919577446363174
cloudsen12__dofa__frozen__mc_dropout__42,image_pixel_error_fraction,mutual_information,0.47,0.09785114498438494,0.16919577446363174
cloudsen12__dofa__frozen__mc_dropout__42,image_pixel_error_fraction,mutual_information,0.48,0.10007006107731554,0.16919577446363174
cloudsen12__dofa__frozen__mc_dropout__42,image_pixel_error_fraction,mutual_information,0.49,0.10003482665142195,0.16919577446363174
cloudsen12__dofa__frozen__mc_dropout__42,image_pixel_error_fraction,mutual_information,0.5,0.10145776098901098,0.16919577446363174
cloudsen12__dofa__frozen__mc_dropout__42,image_pixel_error_fraction,mutual_information,0.51,0.10232962375655388,0.16919577446363174
cloudsen12__dofa__frozen__mc_dropout__42,image_pixel_error_fraction,mutual_information,0.52,0.10452858796995128,0.16919577446363174
cloudsen12__dofa__frozen__mc_dropout__42,image_pixel_error_fraction,mutual_information,0.53,0.1064173412924676,0.16919577446363174
cloudsen12__dofa__frozen__mc_dropout__42,image_pixel_error_fraction,mutual_information,0.54,0.10745406936813184,0.16919577446363174
cloudsen12__dofa__frozen__mc_dropout__42,image_pixel_error_fraction,mutual_information,0.55,0.10854413443699157,0.16919577446363174
cloudsen12__dofa__frozen__mc_dropout__42,image_pixel_error_fraction,mutual_information,0.56,0.11113609033929503,0.16919577446363174
cloudsen12__dofa__frozen__mc_dropout__42,image_pixel_error_fraction,mutual_information,0.57,0.11209316933588546,0.16919577446363174
cloudsen12__dofa__frozen__mc_dropout__42,image_pixel_error_fraction,mutual_information,0.58,0.11317282528893519,0.16919577446363174
cloudsen12__dofa__frozen__mc_dropout__42,image_pixel_error_fraction,mutual_information,0.59,0.11354684271035663,0.16919577446363174
cloudsen12__dofa__frozen__mc_dropout__42,image_pixel_error_fraction,mutual_information,0.6,0.11465310483167632,0.16919577446363174
cloudsen12__dofa__frozen__mc_dropout__42,image_pixel_error_fraction,mutual_information,0.61,0.11571105773251933,0.16919577446363174
cloudsen12__dofa__frozen__mc_dropout__42,image_pixel_error_fraction,mutual_information,0.62,0.11721367749953589,0.16919577446363174
cloudsen12__dofa__frozen__mc_dropout__42,image_pixel_error_fraction,mutual_information,0.63,0.11902961161570864,0.16919577446363174
cloudsen12__dofa__frozen__mc_dropout__42,image_pixel_error_fraction,mutual_information,0.64,0.1194896208934296,0.16919577446363174
cloudsen12__dofa__frozen__mc_dropout__42,image_pixel_error_fraction,mutual_information,0.65,0.12112610160558318,0.16919577446363174
cloudsen12__dofa__frozen__mc_dropout__42,image_pixel_error_fraction,mutual_information,0.66,0.12154080108879227,0.16919577446363174
cloudsen12__dofa__frozen__mc_dropout__42,image_pixel_error_fraction,mutual_information,0.67,0.12168053259262962,0.16919577446363174
cloudsen12__dofa__frozen__mc_dropout__42,image_pixel_error_fraction,mutual_information,0.68,0.12214931044533212,0.16919577446363174
cloudsen12__dofa__frozen__mc_dropout__42,image_pixel_error_fraction,mutual_information,0.69,0.1245908567579764,0.16919577446363174
cloudsen12__dofa__frozen__mc_dropout__42,image_pixel_error_fraction,mutual_information,0.7,0.12564153666274214,0.16919577446363174
cloudsen12__dofa__frozen__mc_dropout__42,image_pixel_error_fraction,mutual_information,0.71,0.1268596224208807,0.16919577446363174
cloudsen12__dofa__frozen__mc_dropout__42,image_pixel_error_fraction,mutual_information,0.72,0.12713294786397478,0.16919577446363174
cloudsen12__dofa__frozen__mc_dropout__42,image_pixel_error_fraction,mutual_information,0.73,0.12771973457784078,0.16919577446363174
cloudsen12__dofa__frozen__mc_dropout__42,image_pixel_error_fraction,mutual_information,0.74,0.12975630009670203,0.16919577446363174
cloudsen12__dofa__frozen__mc_dropout__42,image_pixel_error_fraction,mutual_information,0.75,0.1308562271062272,0.16919577446363174
cloudsen12__dofa__frozen__mc_dropout__42,image_pixel_error_fraction,mutual_information,0.76,0.13144780305847045,0.16919577446363174
cloudsen12__dofa__frozen__mc_dropout__42,image_pixel_error_fraction,mutual_information,0.77,0.13320899975874478,0.16919577446363174
cloudsen12__dofa__frozen__mc_dropout__42,image_pixel_error_fraction,mutual_information,0.78,0.13369139183656711,0.16919577446363174
cloudsen12__dofa__frozen__mc_dropout__42,image_pixel_error_fraction,mutual_information,0.79,0.1345881193427957,0.16919577446363174
cloudsen12__dofa__frozen__mc_dropout__42,image_pixel_error_fraction,mutual_information,0.8,0.13557178730867359,0.16919577446363174
cloudsen12__dofa__frozen__mc_dropout__42,image_pixel_error_fraction,mutual_information,0.81,0.13754922968712663,0.16919577446363174
cloudsen12__dofa__frozen__mc_dropout__42,image_pixel_error_fraction,mutual_information,0.82,0.13831750013560784,0.16919577446363174
cloudsen12__dofa__frozen__mc_dropout__42,image_pixel_error_fraction,mutual_information,0.83,0.13932074944203832,0.16919577446363174
cloudsen12__dofa__frozen__mc_dropout__42,image_pixel_error_fraction,mutual_information,0.84,0.14015291327153584,0.16919577446363174
cloudsen12__dofa__frozen__mc_dropout__42,image_pixel_error_fraction,mutual_information,0.85,0.14164287710276427,0.16919577446363174
cloudsen12__dofa__frozen__mc_dropout__42,image_pixel_error_fraction,mutual_information,0.86,0.14283306541534335,0.16919577446363174
cloudsen12__dofa__frozen__mc_dropout__42,image_pixel_error_fraction,mutual_information,0.87,0.14432036249789493,0.16919577446363174
cloudsen12__dofa__frozen__mc_dropout__42,image_pixel_error_fraction,mutual_information,0.88,0.14566241979746455,0.16919577446363174
cloudsen12__dofa__frozen__mc_dropout__42,image_pixel_error_fraction,mutual_information,0.89,0.1470467055934302,0.16919577446363174
cloudsen12__dofa__frozen__mc_dropout__42,image_pixel_error_fraction,mutual_information,0.9,0.14885515237077754,0.16919577446363174
cloudsen12__dofa__frozen__mc_dropout__42,image_pixel_error_fraction,mutual_information,0.91,0.15107076121076088,0.16919577446363174
cloudsen12__dofa__frozen__mc_dropout__42,image_pixel_error_fraction,mutual_information,0.92,0.15266424948951163,0.16919577446363174
cloudsen12__dofa__frozen__mc_dropout__42,image_pixel_error_fraction,mutual_information,0.93,0.15495943938214252,0.16919577446363174
cloudsen12__dofa__frozen__mc_dropout__42,image_pixel_error_fraction,mutual_information,0.94,0.15785207482645278,0.16919577446363174
cloudsen12__dofa__frozen__mc_dropout__42,image_pixel_error_fraction,mutual_information,0.95,0.15935921749772794,0.16919577446363174
cloudsen12__dofa__frozen__mc_dropout__42,image_pixel_error_fraction,mutual_information,0.96,0.16190456175458975,0.16919577446363174
cloudsen12__dofa__frozen__mc_dropout__42,image_pixel_error_fraction,mutual_information,0.97,0.16404870768192298,0.16919577446363174
cloudsen12__dofa__frozen__mc_dropout__42,image_pixel_error_fraction,mutual_information,0.98,0.16565740920583313,0.16919577446363174
cloudsen12__dofa__frozen__mc_dropout__42,image_pixel_error_fraction,mutual_information,0.99,0.16711027481116777,0.16919577446363174
cloudsen12__dofa__frozen__mc_dropout__42,image_pixel_error_fraction,mutual_information,1.0,0.16919577446363174,0.16919577446363174
cloudsen12__dofa__frozen__mc_dropout__42,image_pixel_error_fraction,gini_disagreement,0.01,0.0,0.16919577446363163
cloudsen12__dofa__frozen__mc_dropout__42,image_pixel_error_fraction,gini_disagreement,0.02,0.0,0.16919577446363163
cloudsen12__dofa__frozen__mc_dropout__42,image_pixel_error_fraction,gini_disagreement,0.03,0.0,0.16919577446363163
cloudsen12__dofa__frozen__mc_dropout__42,image_pixel_error_fraction,gini_disagreement,0.04,0.0,0.16919577446363163
cloudsen12__dofa__frozen__mc_dropout__42,image_pixel_error_fraction,gini_disagreement,0.05,0.0,0.16919577446363163
cloudsen12__dofa__frozen__mc_dropout__42,image_pixel_error_fraction,gini_disagreement,0.06,0.0,0.16919577446363163
cloudsen12__dofa__frozen__mc_dropout__42,image_pixel_error_fraction,gini_disagreement,0.07,0.0,0.16919577446363163
cloudsen12__dofa__frozen__mc_dropout__42,image_pixel_error_fraction,gini_disagreement,0.08,0.005293418449110413,0.16919577446363163
cloudsen12__dofa__frozen__mc_dropout__42,image_pixel_error_fraction,gini_disagreement,0.09,0.004777712366998081,0.16919577446363163
cloudsen12__dofa__frozen__mc_dropout__42,image_pixel_error_fraction,gini_disagreement,0.1,0.010822622318158032,0.16919577446363163
cloudsen12__dofa__frozen__mc_dropout__42,image_pixel_error_fraction,gini_disagreement,0.11,0.009838747561961847,0.16919577446363163
cloudsen12__dofa__frozen__mc_dropout__42,image_pixel_error_fraction,gini_disagreement,0.12,0.009018851931798359,0.16919577446363163
cloudsen12__dofa__frozen__mc_dropout__42,image_pixel_error_fraction,gini_disagreement,0.13,0.008679821780783319,0.16919577446363163
cloudsen12__dofa__frozen__mc_dropout__42,image_pixel_error_fraction,gini_disagreement,0.14,0.008059980516932047,0.16919577446363163
cloudsen12__dofa__frozen__mc_dropout__42,image_pixel_error_fraction,gini_disagreement,0.15,0.007944956828885399,0.16919577446363163
cloudsen12__dofa__frozen__mc_dropout__42,image_pixel_error_fraction,gini_disagreement,0.16,0.008607777546114598,0.16919577446363163
cloudsen12__dofa__frozen__mc_dropout__42,image_pixel_error_fraction,gini_disagreement,0.17,0.010050083735417242,0.16919577446363163
cloudsen12__dofa__frozen__mc_dropout__42,image_pixel_error_fraction,gini_disagreement,0.18,0.010792665089540089,0.16919577446363163
cloudsen12__dofa__frozen__mc_dropout__42,image_pixel_error_fraction,gini_disagreement,0.19,0.011891313964857196,0.16919577446363163
cloudsen12__dofa__frozen__mc_dropout__42,image_pixel_error_fraction,gini_disagreement,0.2,0.013181805173992676,0.16919577446363163
cloudsen12__dofa__frozen__mc_dropout__42,image_pixel_error_fraction,gini_disagreement,0.21,0.01700670538361865,0.16919577446363163
cloudsen12__dofa__frozen__mc_dropout__42,image_pixel_error_fraction,gini_disagreement,0.22,0.01881972194472195,0.16919577446363163
cloudsen12__dofa__frozen__mc_dropout__42,image_pixel_error_fraction,gini_disagreement,0.23,0.02233866999977249,0.16919577446363163
cloudsen12__dofa__frozen__mc_dropout__42,image_pixel_error_fraction,gini_disagreement,0.24,0.024333150728240018,0.16919577446363163
cloudsen12__dofa__frozen__mc_dropout__42,image_pixel_error_fraction,gini_disagreement,0.25,0.026862387984039775,0.16919577446363163
cloudsen12__dofa__frozen__mc_dropout__42,image_pixel_error_fraction,gini_disagreement,0.26,0.028919898210763604,0.16919577446363163
cloudsen12__dofa__frozen__mc_dropout__42,image_pixel_error_fraction,gini_disagreement,0.27,0.030285399193509314,0.16919577446363163
cloudsen12__dofa__frozen__mc_dropout__42,image_pixel_error_fraction,gini_disagreement,0.28,0.0331334800403678,0.16919577446363163
cloudsen12__dofa__frozen__mc_dropout__42,image_pixel_error_fraction,gini_disagreement,0.29,0.03507646012649092,0.16919577446363163
cloudsen12__dofa__frozen__mc_dropout__42,image_pixel_error_fraction,gini_disagreement,0.3,0.03723021460186639,0.16919577446363163
cloudsen12__dofa__frozen__mc_dropout__42,image_pixel_error_fraction,gini_disagreement,0.31,0.04016683441366621,0.16919577446363163
cloudsen12__dofa__frozen__mc_dropout__42,image_pixel_error_fraction,gini_disagreement,0.32,0.041761908339056776,0.16919577446363163
cloudsen12__dofa__frozen__mc_dropout__42,image_pixel_error_fraction,gini_disagreement,0.33,0.0441706266204034,0.16919577446363163
cloudsen12__dofa__frozen__mc_dropout__42,image_pixel_error_fraction,gini_disagreement,0.34,0.04636725483462615,0.16919577446363163
cloudsen12__dofa__frozen__mc_dropout__42,image_pixel_error_fraction,gini_disagreement,0.35,0.048352655794460644,0.16919577446363163
cloudsen12__dofa__frozen__mc_dropout__42,image_pixel_error_fraction,gini_disagreement,0.36,0.052891599348072554,0.16919577446363163
cloudsen12__dofa__frozen__mc_dropout__42,image_pixel_error_fraction,gini_disagreement,0.37,0.05492288765168229,0.16919577446363163
cloudsen12__dofa__frozen__mc_dropout__42,image_pixel_error_fraction,gini_disagreement,0.38,0.056495279665509934,0.16919577446363163
cloudsen12__dofa__frozen__mc_dropout__42,image_pixel_error_fraction,gini_disagreement,0.39,0.05852510274943311,0.16919577446363163
cloudsen12__dofa__frozen__mc_dropout__42,image_pixel_error_fraction,gini_disagreement,0.4,0.06037343422946104,0.16919577446363163
cloudsen12__dofa__frozen__mc_dropout__42,image_pixel_error_fraction,gini_disagreement,0.41,0.06230652219260125,0.16919577446363163
cloudsen12__dofa__frozen__mc_dropout__42,image_pixel_error_fraction,gini_disagreement,0.42,0.06527243881756001,0.16919577446363163
cloudsen12__dofa__frozen__mc_dropout__42,image_pixel_error_fraction,gini_disagreement,0.43,0.06783760994335124,0.16919577446363163
cloudsen12__dofa__frozen__mc_dropout__42,image_pixel_error_fraction,gini_disagreement,0.44,0.06918983174563532,0.16919577446363163
cloudsen12__dofa__frozen__mc_dropout__42,image_pixel_error_fraction,gini_disagreement,0.45,0.07121707657421945,0.16919577446363163
cloudsen12__dofa__frozen__mc_dropout__42,image_pixel_error_fraction,gini_disagreement,0.46,0.072282555371647,0.16919577446363163
cloudsen12__dofa__frozen__mc_dropout__42,image_pixel_error_fraction,gini_disagreement,0.47,0.07324465562616207,0.16919577446363163
cloudsen12__dofa__frozen__mc_dropout__42,image_pixel_error_fraction,gini_disagreement,0.48,0.07604160704746643,0.16919577446363163
cloudsen12__dofa__frozen__mc_dropout__42,image_pixel_error_fraction,gini_disagreement,0.49,0.07767495673210414,0.16919577446363163
cloudsen12__dofa__frozen__mc_dropout__42,image_pixel_error_fraction,gini_disagreement,0.5,0.07879464285714287,0.16919577446363163
cloudsen12__dofa__frozen__mc_dropout__42,image_pixel_error_fraction,gini_disagreement,0.51,0.08005665206787843,0.16919577446363163
cloudsen12__dofa__frozen__mc_dropout__42,image_pixel_error_fraction,gini_disagreement,0.52,0.0809386069516564,0.16919577446363163
cloudsen12__dofa__frozen__mc_dropout__42,image_pixel_error_fraction,gini_disagreement,0.53,0.0820445558484642,0.16919577446363163
cloudsen12__dofa__frozen__mc_dropout__42,image_pixel_error_fraction,gini_disagreement,0.54,0.0833123814429618,0.16919577446363163
cloudsen12__dofa__frozen__mc_dropout__42,image_pixel_error_fraction,gini_disagreement,0.55,0.08474904931378144,0.16919577446363163
cloudsen12__dofa__frozen__mc_dropout__42,image_pixel_error_fraction,gini_disagreement,0.56,0.08642472270501607,0.16919577446363163
cloudsen12__dofa__frozen__mc_dropout__42,image_pixel_error_fraction,gini_disagreement,0.57,0.08819808973268793,0.16919577446363163
cloudsen12__dofa__frozen__mc_dropout__42,image_pixel_error_fraction,gini_disagreement,0.58,0.08967449608324762,0.16919577446363163
cloudsen12__dofa__frozen__mc_dropout__42,image_pixel_error_fraction,gini_disagreement,0.59,0.09196840506900283,0.16919577446363163
cloudsen12__dofa__frozen__mc_dropout__42,image_pixel_error_fraction,gini_disagreement,0.6,0.0940614507020757,0.16919577446363163
cloudsen12__dofa__frozen__mc_dropout__42,image_pixel_error_fraction,gini_disagreement,0.61,0.09476611222988565,0.16919577446363163
cloudsen12__dofa__frozen__mc_dropout__42,image_pixel_error_fraction,gini_disagreement,0.62,0.09578429503004676,0.16919577446363163
cloudsen12__dofa__frozen__mc_dropout__42,image_pixel_error_fraction,gini_disagreement,0.63,0.09917177818166337,0.16919577446363163
cloudsen12__dofa__frozen__mc_dropout__42,image_pixel_error_fraction,gini_disagreement,0.64,0.10099437160681579,0.16919577446363163
cloudsen12__dofa__frozen__mc_dropout__42,image_pixel_error_fraction,gini_disagreement,0.65,0.10196511435565347,0.16919577446363163
cloudsen12__dofa__frozen__mc_dropout__42,image_pixel_error_fraction,gini_disagreement,0.66,0.10431503330498865,0.16919577446363163
cloudsen12__dofa__frozen__mc_dropout__42,image_pixel_error_fraction,gini_disagreement,0.67,0.10572524476567319,0.16919577446363163
cloudsen12__dofa__frozen__mc_dropout__42,image_pixel_error_fraction,gini_disagreement,0.68,0.10756417951796103,0.16919577446363163
cloudsen12__dofa__frozen__mc_dropout__42,image_pixel_error_fraction,gini_disagreement,0.69,0.109962749034954,0.16919577446363163
cloudsen12__dofa__frozen__mc_dropout__42,image_pixel_error_fraction,gini_disagreement,0.7,0.11045805942569337,0.16919577446363163
cloudsen12__dofa__frozen__mc_dropout__42,image_pixel_error_fraction,gini_disagreement,0.71,0.11298955736479317,0.16919577446363163
cloudsen12__dofa__frozen__mc_dropout__42,image_pixel_error_fraction,gini_disagreement,0.72,0.11440927365871566,0.16919577446363163
cloudsen12__dofa__frozen__mc_dropout__42,image_pixel_error_fraction,gini_disagreement,0.73,0.11676476603549747,0.16919577446363163
cloudsen12__dofa__frozen__mc_dropout__42,image_pixel_error_fraction,gini_disagreement,0.74,0.11826629446607129,0.16919577446363163
cloudsen12__dofa__frozen__mc_dropout__42,image_pixel_error_fraction,gini_disagreement,0.75,0.12048572954822957,0.16919577446363163
cloudsen12__dofa__frozen__mc_dropout__42,image_pixel_error_fraction,gini_disagreement,0.76,0.12187639320657415,0.16919577446363163
cloudsen12__dofa__frozen__mc_dropout__42,image_pixel_error_fraction,gini_disagreement,0.77,0.12309080295767161,0.16919577446363163
cloudsen12__dofa__frozen__mc_dropout__42,image_pixel_error_fraction,gini_disagreement,0.78,0.12478243578003197,0.16919577446363163
cloudsen12__dofa__frozen__mc_dropout__42,image_pixel_error_fraction,gini_disagreement,0.79,0.127123230545261,0.16919577446363163
cloudsen12__dofa__frozen__mc_dropout__42,image_pixel_error_fraction,gini_disagreement,0.8,0.12775662999574833,0.16919577446363163
cloudsen12__dofa__frozen__mc_dropout__42,image_pixel_error_fraction,gini_disagreement,0.81,0.1289982086733079,0.16919577446363163
cloudsen12__dofa__frozen__mc_dropout__42,image_pixel_error_fraction,gini_disagreement,0.82,0.13118770022080128,0.16919577446363163
cloudsen12__dofa__frozen__mc_dropout__42,image_pixel_error_fraction,gini_disagreement,0.83,0.13251481445798893,0.16919577446363163
cloudsen12__dofa__frozen__mc_dropout__42,image_pixel_error_fraction,gini_disagreement,0.84,0.13412519311754006,0.16919577446363163
cloudsen12__dofa__frozen__mc_dropout__42,image_pixel_error_fraction,gini_disagreement,0.85,0.13606467827515625,0.16919577446363163
cloudsen12__dofa__frozen__mc_dropout__42,image_pixel_error_fraction,gini_disagreement,0.86,0.13827742565608533,0.16919577446363163
cloudsen12__dofa__frozen__mc_dropout__42,image_pixel_error_fraction,gini_disagreement,0.87,0.13933645580524426,0.16919577446363163
cloudsen12__dofa__frozen__mc_dropout__42,image_pixel_error_fraction,gini_disagreement,0.88,0.14070746032241568,0.16919577446363163
cloudsen12__dofa__frozen__mc_dropout__42,image_pixel_error_fraction,gini_disagreement,0.89,0.14181313697421494,0.16919577446363163
cloudsen12__dofa__frozen__mc_dropout__42,image_pixel_error_fraction,gini_disagreement,0.9,0.1443296235427932,0.16919577446363163
cloudsen12__dofa__frozen__mc_dropout__42,image_pixel_error_fraction,gini_disagreement,0.91,0.14657211911338924,0.16919577446363163
cloudsen12__dofa__frozen__mc_dropout__42,image_pixel_error_fraction,gini_disagreement,0.92,0.14964859924948237,0.16919577446363163
cloudsen12__dofa__frozen__mc_dropout__42,image_pixel_error_fraction,gini_disagreement,0.93,0.15174235436782235,0.16919577446363163
cloudsen12__dofa__frozen__mc_dropout__42,image_pixel_error_fraction,gini_disagreement,0.94,0.15420860958949859,0.16919577446363163
cloudsen12__dofa__frozen__mc_dropout__42,image_pixel_error_fraction,gini_disagreement,0.95,0.15717564859952074,0.16919577446363163
cloudsen12__dofa__frozen__mc_dropout__42,image_pixel_error_fraction,gini_disagreement,0.96,0.1594693303503292,0.16919577446363163
cloudsen12__dofa__frozen__mc_dropout__42,image_pixel_error_fraction,gini_disagreement,0.97,0.16196062026614766,0.16919577446363163
cloudsen12__dofa__frozen__mc_dropout__42,image_pixel_error_fraction,gini_disagreement,0.98,0.16485712833995447,0.16919577446363163
cloudsen12__dofa__frozen__mc_dropout__42,image_pixel_error_fraction,gini_disagreement,0.99,0.16603705177923928,0.16919577446363163
cloudsen12__dofa__frozen__mc_dropout__42,image_pixel_error_fraction,gini_disagreement,1.0,0.16919577446363163,0.16919577446363163
cloudsen12__dofa__frozen__mc_dropout__42,image_pixel_error_fraction,gini_expected,0.01,0.0,0.16919577446363165
cloudsen12__dofa__frozen__mc_dropout__42,image_pixel_error_fraction,gini_expected,0.02,0.0,0.16919577446363165
cloudsen12__dofa__frozen__mc_dropout__42,image_pixel_error_fraction,gini_expected,0.03,0.002922533195970696,0.16919577446363165
cloudsen12__dofa__frozen__mc_dropout__42,image_pixel_error_fraction,gini_expected,0.04,0.008767599587912088,0.16919577446363165
cloudsen12__dofa__frozen__mc_dropout__42,image_pixel_error_fraction,gini_expected,0.05,0.0070140796703296706,0.16919577446363165
cloudsen12__dofa__frozen__mc_dropout__42,image_pixel_error_fraction,gini_expected,0.06,0.005845066391941392,0.16919577446363165
cloudsen12__dofa__frozen__mc_dropout__42,image_pixel_error_fraction,gini_expected,0.07,0.005010056907378336,0.16919577446363165
cloudsen12__dofa__frozen__mc_dropout__42,image_pixel_error_fraction,gini_expected,0.08,0.009677218243066457,0.16919577446363165
cloudsen12__dofa__frozen__mc_dropout__42,image_pixel_error_fraction,gini_expected,0.09,0.00860197177161463,0.16919577446363165
cloudsen12__dofa__frozen__mc_dropout__42,image_pixel_error_fraction,gini_expected,0.1,0.007806980965463109,0.16919577446363165
cloudsen12__dofa__frozen__mc_dropout__42,image_pixel_error_fraction,gini_expected,0.11,0.0070972554231482805,0.16919577446363165
cloudsen12__dofa__frozen__mc_dropout__42,image_pixel_error_fraction,gini_expected,0.12,0.006505817471219257,0.16919577446363165
cloudsen12__dofa__frozen__mc_dropout__42,image_pixel_error_fraction,gini_expected,0.13,0.008325094090890793,0.16919577446363165
cloudsen12__dofa__frozen__mc_dropout__42,image_pixel_error_fraction,gini_expected,0.14,0.008059834510727367,0.16919577446363165
cloudsen12__dofa__frozen__mc_dropout__42,image_pixel_error_fraction,gini_expected,0.15,0.008290407509157507,0.16919577446363165
cloudsen12__dofa__frozen__mc_dropout__42,image_pixel_error_fraction,gini_expected,0.16,0.008157822924843013,0.16919577446363165
cloudsen12__dofa__frozen__mc_dropout__42,image_pixel_error_fraction,gini_expected,0.17,0.00804083652691846,0.16919577446363165
cloudsen12__dofa__frozen__mc_dropout__42,image_pixel_error_fraction,gini_expected,0.18,0.00884782999738357,0.16919577446363165
cloudsen12__dofa__frozen__mc_dropout__42,image_pixel_error_fraction,gini_expected,0.19,0.009213022253435788,0.16919577446363165
cloudsen12__dofa__frozen__mc_dropout__42,image_pixel_error_fraction,gini_expected,0.2,0.010516111492673993,0.16919577446363165
cloudsen12__dofa__frozen__mc_dropout__42,image_pixel_error_fraction,gini_expected,0.21,0.011342954363521968,0.16919577446363165
cloudsen12__dofa__frozen__mc_dropout__42,image_pixel_error_fraction,gini_expected,0.22,0.012945155662789592,0.16919577446363165
cloudsen12__dofa__frozen__mc_dropout__42,image_pixel_error_fraction,gini_expected,0.23,0.01482400678707938,0.16919577446363165
cloudsen12__dofa__frozen__mc_dropout__42,image_pixel_error_fraction,gini_expected,0.24,0.016080575860151755,0.16919577446363165
cloudsen12__dofa__frozen__mc_dropout__42,image_pixel_error_fraction,gini_expected,0.25,0.01749989779565672,0.16919577446363165
cloudsen12__dofa__frozen__mc_dropout__42,image_pixel_error_fraction,gini_expected,0.26,0.019329946753109523,0.16919577446363165
cloudsen12__dofa__frozen__mc_dropout__42,image_pixel_error_fraction,gini_expected,0.27,0.020948805314504715,0.16919577446363165
cloudsen12__dofa__frozen__mc_dropout__42,image_pixel_error_fraction,gini_expected,0.28,0.02551049609404201,0.16919577446363165
cloudsen12__dofa__frozen__mc_dropout__42,image_pixel_error_fraction,gini_expected,0.29,0.026863653908181313,0.16919577446363165
cloudsen12__dofa__frozen__mc_dropout__42,image_pixel_error_fraction,gini_expected,0.3,0.028136855703819998,0.16919577446363165
cloudsen12__dofa__frozen__mc_dropout__42,image_pixel_error_fraction,gini_expected,0.31,0.029774795696814713,0.16919577446363165
cloudsen12__dofa__frozen__mc_dropout__42,image_pixel_error_fraction,gini_expected,0.32,0.03144080273335296,0.16919577446363165
cloudsen12__dofa__frozen__mc_dropout__42,image_pixel_error_fraction,gini_expected,0.33,0.03334780608776145,0.16919577446363165
cloudsen12__dofa__frozen__mc_dropout__42,image_pixel_error_fraction,gini_expected,0.34,0.03513863478083542,0.16919577446363165
cloudsen12__dofa__frozen__mc_dropout__42,image_pixel_error_fraction,gini_expected,0.35,0.03672767097910593,0.16919577446363165
cloudsen12__dofa__frozen__mc_dropout__42,image_pixel_error_fraction,gini_expected,0.36,0.03999914602593174,0.16919577446363165
cloudsen12__dofa__frozen__mc_dropout__42,image_pixel_error_fraction,gini_expected,0.37,0.042210932417405624,0.16919577446363165
cloudsen12__dofa__frozen__mc_dropout__42,image_pixel_error_fraction,gini_expected,0.38,0.043985037714478495,0.16919577446363165
cloudsen12__dofa__frozen__mc_dropout__42,image_pixel_error_fraction,gini_expected,0.39,0.045825964138120706,0.16919577446363165
cloudsen12__dofa__frozen__mc_dropout__42,image_pixel_error_fraction,gini_expected,0.4,0.04693565827773416,0.16919577446363165
cloudsen12__dofa__frozen__mc_dropout__42,image_pixel_error_fraction,gini_expected,0.41,0.04829479282332068,0.16919577446363165
cloudsen12__dofa__frozen__mc_dropout__42,image_pixel_error_fraction,gini_expected,0.42,0.050699437856644464,0.16919577446363165
cloudsen12__dofa__frozen__mc_dropout__42,image_pixel_error_fraction,gini_expected,0.43,0.05319030144481762,0.16919577446363165
cloudsen12__dofa__frozen__mc_dropout__42,image_pixel_error_fraction,gini_expected,0.44,0.055218637389396294,0.16919577446363165
cloudsen12__dofa__frozen__mc_dropout__42,image_pixel_error_fraction,gini_expected,0.45,0.056602082606546866,0.16919577446363165
cloudsen12__dofa__frozen__mc_dropout__42,image_pixel_error_fraction,gini_expected,0.46,0.05830320082673536,0.16919577446363165
cloudsen12__dofa__frozen__mc_dropout__42,image_pixel_error_fraction,gini_expected,0.47,0.060089282234988904,0.16919577446363165
cloudsen12__dofa__frozen__mc_dropout__42,image_pixel_error_fraction,gini_expected,0.48,0.06171647595336212,0.16919577446363165
cloudsen12__dofa__frozen__mc_dropout__42,image_pixel_error_fraction,gini_expected,0.49,0.06316064678913166,0.16919577446363165
cloudsen12__dofa__frozen__mc_dropout__42,image_pixel_error_fraction,gini_expected,0.5,0.06483295722135009,0.16919577446363165
cloudsen12__dofa__frozen__mc_dropout__42,image_pixel_error_fraction,gini_expected,0.51,0.06652799340890203,0.16919577446363165
cloudsen12__dofa__frozen__mc_dropout__42,image_pixel_error_fraction,gini_expected,0.52,0.06814022530239908,0.16919577446363165
cloudsen12__dofa__frozen__mc_dropout__42,image_pixel_error_fraction,gini_expected,0.53,0.06995279856318437,0.16919577446363165
cloudsen12__dofa__frozen__mc_dropout__42,image_pixel_error_fraction,gini_expected,0.54,0.0717385912698413,0.16919577446363165
cloudsen12__dofa__frozen__mc_dropout__42,image_pixel_error_fraction,gini_expected,0.55,0.07362766511762049,0.16919577446363165
cloudsen12__dofa__frozen__mc_dropout__42,image_pixel_error_fraction,gini_expected,0.56,0.07561734343462662,0.16919577446363165
cloudsen12__dofa__frozen__mc_dropout__42,image_pixel_error_fraction,gini_expected,0.57,0.07810372535907077,0.16919577446363165
cloudsen12__dofa__frozen__mc_dropout__42,image_pixel_error_fraction,gini_expected,0.58,0.08044928535903755,0.16919577446363165
cloudsen12__dofa__frozen__mc_dropout__42,image_pixel_error_fraction,gini_expected,0.59,0.08234502599524168,0.16919577446363165
cloudsen12__dofa__frozen__mc_dropout__42,image_pixel_error_fraction,gini_expected,0.6,0.08381025286717254,0.16919577446363165
cloudsen12__dofa__frozen__mc_dropout__42,image_pixel_error_fraction,gini_expected,0.61,0.08544117225231836,0.16919577446363165
cloudsen12__dofa__frozen__mc_dropout__42,image_pixel_error_fraction,gini_expected,0.62,0.08697273108995462,0.16919577446363165
cloudsen12__dofa__frozen__mc_dropout__42,image_pixel_error_fraction,gini_expected,0.63,0.0882684971691668,0.16919577446363165
cloudsen12__dofa__frozen__mc_dropout__42,image_pixel_error_fraction,gini_expected,0.64,0.08966032514267726,0.16919577446363165
cloudsen12__dofa__frozen__mc_dropout__42,image_pixel_error_fraction,gini_expected,0.65,0.09157548466871955,0.16919577446363165
cloudsen12__dofa__frozen__mc_dropout__42,image_pixel_error_fraction,gini_expected,0.66,0.09362452094036916,0.16919577446363165
cloudsen12__dofa__frozen__mc_dropout__42,image_pixel_error_fraction,gini_expected,0.67,0.09541480959849495,0.16919577446363165
cloudsen12__dofa__frozen__mc_dropout__42,image_pixel_error_fraction,gini_expected,0.68,0.09750865490426938,0.16919577446363165
cloudsen12__dofa__frozen__mc_dropout__42,image_pixel_error_fraction,gini_expected,0.69,0.09882978545027261,0.16919577446363165
cloudsen12__dofa__frozen__mc_dropout__42,image_pixel_error_fraction,gini_expected,0.7,0.09998174922441505,0.16919577446363165
cloudsen12__dofa__frozen__mc_dropout__42,image_pixel_error_fraction,gini_expected,0.71,0.10066231725287623,0.16919577446363165
cloudsen12__dofa__frozen__mc_dropout__42,image_pixel_error_fraction,gini_expected,0.72,0.10225513315636083,0.16919577446363165
cloudsen12__dofa__frozen__mc_dropout__42,image_pixel_error_fraction,gini_expected,0.73,0.10394380519594562,0.16919577446363165
cloudsen12__dofa__frozen__mc_dropout__42,image_pixel_error_fraction,gini_expected,0.74,0.10517738475327765,0.16919577446363165
cloudsen12__dofa__frozen__mc_dropout__42,image_pixel_error_fraction,gini_expected,0.75,0.10687427775597422,0.16919577446363165
cloudsen12__dofa__frozen__mc_dropout__42,image_pixel_error_fraction,gini_expected,0.76,0.10820962842373795,0.16919577446363165
cloudsen12__dofa__frozen__mc_dropout__42,image_pixel_error_fraction,gini_expected,0.77,0.11039689742655306,0.16919577446363165
cloudsen12__dofa__frozen__mc_dropout__42,image_pixel_error_fraction,gini_expected,0.78,0.11232611110272514,0.16919577446363165
cloudsen12__dofa__frozen__mc_dropout__42,image_pixel_error_fraction,gini_expected,0.79,0.11401772932274178,0.16919577446363165
cloudsen12__dofa__frozen__mc_dropout__42,image_pixel_error_fraction,gini_expected,0.8,0.11666349833202516,0.16919577446363165
cloudsen12__dofa__frozen__mc_dropout__42,image_pixel_error_fraction,gini_expected,0.81,0.11901212511951603,0.16919577446363165
cloudsen12__dofa__frozen__mc_dropout__42,image_pixel_error_fraction,gini_expected,0.82,0.12122210369842125,0.16919577446363165
cloudsen12__dofa__frozen__mc_dropout__42,image_pixel_error_fraction,gini_expected,0.83,0.12280611604581596,0.16919577446363165
cloudsen12__dofa__frozen__mc_dropout__42,image_pixel_error_fraction,gini_expected,0.84,0.12534912516975658,0.16919577446363165
cloudsen12__dofa__frozen__mc_dropout__42,image_pixel_error_fraction,gini_expected,0.85,0.12817655307315234,0.16919577446363165
cloudsen12__dofa__frozen__mc_dropout__42,image_pixel_error_fraction,gini_expected,0.86,0.13010233792197556,0.16919577446363165
cloudsen12__dofa__frozen__mc_dropout__42,image_pixel_error_fraction,gini_expected,0.87,0.13373958737451655,0.16919577446363165
cloudsen12__dofa__frozen__mc_dropout__42,image_pixel_error_fraction,gini_expected,0.88,0.13546895347955618,0.16919577446363165
cloudsen12__dofa__frozen__mc_dropout__42,image_pixel_error_fraction,gini_expected,0.89,0.1369692654773664,0.16919577446363165
cloudsen12__dofa__frozen__mc_dropout__42,image_pixel_error_fraction,gini_expected,0.9,0.13879865380981454,0.16919577446363165
cloudsen12__dofa__frozen__mc_dropout__42,image_pixel_error_fraction,gini_expected,0.91,0.14198844524866158,0.16919577446363165
cloudsen12__dofa__frozen__mc_dropout__42,image_pixel_error_fraction,gini_expected,0.92,0.14519077907082564,0.16919577446363165
cloudsen12__dofa__frozen__mc_dropout__42,image_pixel_error_fraction,gini_expected,0.93,0.146685673597396,0.16919577446363165
cloudsen12__dofa__frozen__mc_dropout__42,image_pixel_error_fraction,gini_expected,0.94,0.1495700437243228,0.16919577446363165
cloudsen12__dofa__frozen__mc_dropout__42,image_pixel_error_fraction,gini_expected,0.95,0.15323228766455982,0.16919577446363165
cloudsen12__dofa__frozen__mc_dropout__42,image_pixel_error_fraction,gini_expected,0.96,0.15635584537300504,0.16919577446363165
cloudsen12__dofa__frozen__mc_dropout__42,image_pixel_error_fraction,gini_expected,0.97,0.1601271955178781,0.16919577446363165
cloudsen12__dofa__frozen__mc_dropout__42,image_pixel_error_fraction,gini_expected,0.98,0.16314711409976088,0.16919577446363165
cloudsen12__dofa__frozen__mc_dropout__42,image_pixel_error_fraction,gini_expected,0.99,0.16608307470472655,0.16919577446363165
cloudsen12__dofa__frozen__mc_dropout__42,image_pixel_error_fraction,gini_expected,1.0,0.16919577446363165,0.16919577446363165
