sample_id,class_index,class_name,support,iou,recall,union,na_reason
ROI_00001__20190212T142031_20190212T143214_T19FDF,0,clear,34446,0.6420703016883477,0.6734599082622075,36130,
ROI_00001__20190212T142031_20190212T143214_T19FDF,1,thick_cloud,0,0.0,,106,no_true_class_for_recall
ROI_00001__20190212T142031_20190212T143214_T19FDF,2,thin_cloud,15730,0.5167173252279635,0.8862047043865225,26978,
ROI_00001__20190212T142031_20190212T143214_T19FDF,3,cloud_shadow,0,,,0,absent_true_and_predicted_class
ROI_00001__20190304T142031_20190304T142654_T19FDF,0,clear,2323,0.15951742627345844,0.5122686181661644,7460,
ROI_00001__20190304T142031_20190304T142654_T19FDF,1,thick_cloud,7607,0.37041420118343193,0.7406336269225713,15210,
ROI_00001__20190304T142031_20190304T142654_T19FDF,2,thin_cloud,0,0.0,,4509,no_true_class_for_recall
ROI_00001__20190304T142031_20190304T142654_T19FDF,3,cloud_shadow,40246,0.647603675192451,0.6479898623465686,40270,
ROI_00001__20190316T141049_20190316T142437_T19FDF,0,clear,14750,0.5445911663305796,0.5675932203389831,15373,
ROI_00001__20190316T141049_20190316T142437_T19FDF,1,thick_cloud,26669,0.7396942201900407,0.7764445611009037,27994,
ROI_00001__20190316T141049_20190316T142437_T19FDF,2,thin_cloud,0,0.0,,6983,no_true_class_for_recall
ROI_00001__20190316T141049_20190316T142437_T19FDF,3,cloud_shadow,8757,0.6171742154892564,0.9118419550074226,12938,
ROI_00001__20190525T141059_20190525T142053_T19FDF,0,clear,21319,0.4550061695751807,0.4843097706271401,22692,
ROI_00001__20190525T141059_20190525T142053_T19FDF,1,thick_cloud,12482,0.6967725949327882,0.9011376381990066,16143,
ROI_00001__20190525T141059_20190525T142053_T19FDF,2,thin_cloud,11255,0.25134723306202844,0.6008884940026655,26907,
ROI_00001__20190525T141059_20190525T142053_T19FDF,3,cloud_shadow,5120,0.18243497926875235,0.1890625,5306,
ROI_00001__20200308T141731_20200308T143551_T19FDF,0,clear,50176,1.0,1.0,50176,
ROI_00001__20200308T141731_20200308T143551_T19FDF,1,thick_cloud,0,,,0,absent_true_and_predicted_class
ROI_00001__20200308T141731_20200308T143551_T19FDF,2,thin_cloud,0,,,0,absent_true_and_predicted_class
ROI_00001__20200308T141731_20200308T143551_T19FDF,3,cloud_shadow,0,,,0,absent_true_and_predicted_class
ROI_00010__20190125T112341_20190125T112624_T28QFG,0,clear,46300,0.29056693355202107,0.29079913606911445,46337,
ROI_00010__20190125T112341_20190125T112624_T28QFG,1,thick_cloud,0,0.0,,418,no_true_class_for_recall
ROI_00010__20190125T112341_20190125T112624_T28QFG,2,thin_cloud,3876,0.10727658861007097,0.990454076367389,35786,
ROI_00010__20190125T112341_20190125T112624_T28QFG,3,cloud_shadow,0,0.0,,508,no_true_class_for_recall
ROI_00010__20190724T112121_20190724T113118_T28QFG,0,clear,13751,0.5863792407108239,0.844665842484183,19808,
ROI_00010__20190724T112121_20190724T113118_T28QFG,1,thick_cloud,14221,0.5066929133858268,0.542999789044371,15240,
ROI_00010__20190724T112121_20190724T113118_T28QFG,2,thin_cloud,12672,0.3203909000157621,0.48121843434343436,19033,
ROI_00010__20190724T112121_20190724T113118_T28QFG,3,cloud_shadow,9532,0.7039581288845274,0.9030633655056651,12228,
ROI_00010__20190813T112121_20190813T113228_T28QFG,0,clear,9622,0.5201334816462736,0.7289544793182291,13485,
ROI_00010__20190813T112121_20190813T113228_T28QFG,1,thick_cloud,28357,0.521473025478802,0.5348238530168917,29083,
ROI_00010__20190813T112121_20190813T113228_T28QFG,2,thin_cloud,0,0.0,,1,no_true_class_for_recall
ROI_00010__20190813T112121_20190813T113228_T28QFG,3,cloud_shadow,12197,0.46846772530418646,0.9312125932606379,24245,
ROI_00010__20190907T112119_20190907T112853_T28QFG,0,clear,50176,1.0,1.0,50176,
ROI_00010__20190907T112119_20190907T112853_T28QFG,1,thick_cloud,0,,,0,absent_true_and_predicted_class
ROI_00010__20190907T112119_20190907T112853_T28QFG,2,thin_cloud,0,,,0,absent_true_and_predicted_class
ROI_00010__20190907T112119_20190907T112853_T28QFG,3,cloud_shadow,0,,,0,absent_true_and_predicted_class
ROI_00010__20190922T112111_20190922T113547_T28QFG,0,clear,447,0.2387820512820513,1.0,1872,
ROI_00010__20190922T112111_20190922T113547_T28QFG,1,thick_cloud,46611,0.9213027795459368,0.9315612194546352,47130,
ROI_00010__20190922T112111_20190922T113547_T28QFG,2,thin_cloud,0,,,0,absent_true_and_predicted_class
ROI_00010__20190922T112111_20190922T113547_T28QFG,3,cloud_shadow,3118,0.5300613496932516,0.831302116741501,4890,
ROI_00011__20190130T103251_20190130T104108_T31REP,0,clear,20913,0.3908493870402802,0.42686367331325015,22840,
ROI_00011__20190130T103251_20190130T104108_T31REP,1,thick_cloud,1654,0.10147239263803681,1.0,16300,
ROI_00011__20190130T103251_20190130T104108_T31REP,2,thin_cloud,17694,0.0,0.0,17694,
ROI_00011__20190130T103251_20190130T104108_T31REP,3,cloud_shadow,9915,0.37604445187165775,0.907816439737771,23936,
ROI_00011__20190306T103019_20190306T103540_T31REP,0,clear,50176,0.5155253507653061,0.5155253507653061,50176,
ROI_00011__20190306T103019_20190306T103540_T31REP,1,thick_cloud,0,0.0,,8842,no_true_class_for_recall
ROI_00011__20190306T103019_20190306T103540_T31REP,2,thin_cloud,0,0.0,,1340,no_true_class_for_recall
ROI_00011__20190306T103019_20190306T103540_T31REP,3,cloud_shadow,0,0.0,,14127,no_true_class_for_recall
ROI_00011__20190318T102021_20190318T102646_T31REP,0,clear,13830,0.7464739069111425,0.7653651482284888,14180,
ROI_00011__20190318T102021_20190318T102646_T31REP,1,thick_cloud,16156,0.7483204900217348,0.9376702153998514,20244,
ROI_00011__20190318T102021_20190318T102646_T31REP,2,thin_cloud,11753,0.39803471994759254,0.51697438951757,15265,
ROI_00011__20190318T102021_20190318T102646_T31REP,3,cloud_shadow,8437,0.45875889817393994,0.7027379400260756,12924,
ROI_00011__20190517T102031_20190517T102508_T31REP,0,clear,41101,0.9124941176470588,0.9435536848251868,42500,
ROI_00011__20190517T102031_20190517T102508_T31REP,1,thick_cloud,1336,0.35547240411599623,0.5688622754491018,2138,
ROI_00011__20190517T102031_20190517T102508_T31REP,2,thin_cloud,6553,0.2828890799656062,0.3514420875934686,8141,
ROI_00011__20190517T102031_20190517T102508_T31REP,3,cloud_shadow,1186,0.2574626865671642,0.9890387858347386,4556,
ROI_00011__20190830T102029_20190830T102552_T31REP,0,clear,18624,0.3770967903460017,0.40437070446735396,19971,
ROI_00011__20190830T102029_20190830T102552_T31REP,1,thick_cloud,1848,0.08840413318025259,1.0,20904,
ROI_00011__20190830T102029_20190830T102552_T31REP,2,thin_cloud,19624,0.0008147054330668568,0.0008153281695882593,19639,
ROI_00011__20190830T102029_20190830T102552_T31REP,3,cloud_shadow,10080,0.47939547089124307,0.9786706349206349,20578,
ROI_00032__20190315T032531_20190315T033351_T49TFH,0,clear,27143,0.11994286734511694,0.12375198025273551,28005,
ROI_00032__20190315T032531_20190315T033351_T49TFH,1,thick_cloud,0,0.0,,3854,no_true_class_for_recall
ROI_00032__20190315T032531_20190315T033351_T49TFH,2,thin_cloud,21062,0.38300303100955935,0.7799354287342133,42890,
ROI_00032__20190315T032531_20190315T033351_T49TFH,3,cloud_shadow,1971,0.18376068376068377,0.4581430745814307,4914,
ROI_00032__20190330T032539_20190330T033305_T49TFH,0,clear,26139,0.8726245321048085,0.9275412219289185,27784,
ROI_00032__20190330T032539_20190330T033305_T49TFH,1,thick_cloud,11138,0.7805498563807961,0.8539235051176154,12185,
ROI_00032__20190330T032539_20190330T033305_T49TFH,2,thin_cloud,0,,,0,absent_true_and_predicted_class
ROI_00032__20190330T032539_20190330T033305_T49TFH,3,cloud_shadow,12899,0.7874068604416997,0.9093728195984185,14897,
ROI_00032__20190713T032541_20190713T033534_T49TFH,0,clear,26393,0.8214022387559488,0.9286174364414806,29838,
ROI_00032__20190713T032541_20190713T033534_T49TFH,1,thick_cloud,14177,0.7988204890331986,0.8503209423714467,15091,
ROI_00032__20190713T032541_20190713T033534_T49TFH,2,thin_cloud,0,,,0,absent_true_and_predicted_class
ROI_00032__20190713T032541_20190713T033534_T49TFH,3,cloud_shadow,9606,0.6759086465831334,0.7917967936706225,11253,
ROI_00032__20190817T032539_20190817T033403_T49TFH,0,clear,31070,0.8255428988272263,0.947022851625362,35642,
ROI_00032__20190817T032539_20190817T033403_T49TFH,1,thick_cloud,10821,0.6030997915344875,0.6149154421957306,11033,
ROI_00032__20190817T032539_20190817T033403_T49TFH,2,thin_cloud,0,,,0,absent_true_and_predicted_class
ROI_00032__20190817T032539_20190817T033403_T49TFH,3,cloud_shadow,8285,0.7332085877486705,0.8986119493059747,10154,
ROI_00032__20191110T032951_20191110T033139_T49TFH,0,clear,50176,1.0,1.0,50176,
ROI_00032__20191110T032951_20191110T033139_T49TFH,1,thick_cloud,0,,,0,absent_true_and_predicted_class
ROI_00032__20191110T032951_20191110T033139_T49TFH,2,thin_cloud,0,,,0,absent_true_and_predicted_class
ROI_00032__20191110T032951_20191110T033139_T49TFH,3,cloud_shadow,0,,,0,absent_true_and_predicted_class
ROI_00044__20190327T100029_20190327T101005_T32QMM,0,clear,7134,0.6865500728711222,0.9244463134286516,9606,
ROI_00044__20190327T100029_20190327T101005_T32QMM,1,thick_cloud,18621,0.8234204465805547,0.8832500939799152,19974,
ROI_00044__20190327T100029_20190327T101005_T32QMM,2,thin_cloud,0,,,0,absent_true_and_predicted_class
ROI_00044__20190327T100029_20190327T101005_T32QMM,3,cloud_shadow,24421,0.7876404494382022,0.8611440972933131,26700,
ROI_00044__20190526T100039_20190526T100712_T32QMM,0,clear,2373,0.4261346329576607,0.5895490939738728,3283,
ROI_00044__20190526T100039_20190526T100712_T32QMM,1,thick_cloud,33085,0.8539821846178102,0.9823182711198428,38057,
ROI_00044__20190526T100039_20190526T100712_T32QMM,2,thin_cloud,0,,,0,absent_true_and_predicted_class
ROI_00044__20190526T100039_20190526T100712_T32QMM,3,cloud_shadow,14718,0.6546748369242933,0.6750917244190787,15177,
ROI_00044__20190908T100031_20190908T100836_T32QMM,0,clear,447,0.9889380530973452,1.0,452,
ROI_00044__20190908T100031_20190908T100836_T32QMM,1,thick_cloud,39033,0.9167932409341181,0.989675402864243,42136,
ROI_00044__20190908T100031_20190908T100836_T32QMM,2,thin_cloud,0,,,0,absent_true_and_predicted_class
ROI_00044__20190908T100031_20190908T100836_T32QMM,3,cloud_shadow,10696,0.6839686401730197,0.7096110695587136,11097,
ROI_00044__20200106T100401_20200106T100404_T32QMM,0,clear,50176,1.0,1.0,50176,
ROI_00044__20200106T100401_20200106T100404_T32QMM,1,thick_cloud,0,,,0,absent_true_and_predicted_class
ROI_00044__20200106T100401_20200106T100404_T32QMM,2,thin_cloud,0,,,0,absent_true_and_predicted_class
ROI_00044__20200106T100401_20200106T100404_T32QMM,3,cloud_shadow,0,,,0,absent_true_and_predicted_class
ROI_00044__20200321T100029_20200321T100458_T32QMM,0,clear,37166,0.8878998189499094,0.9500618845181079,39768,
ROI_00044__20200321T100029_20200321T100458_T32QMM,1,thick_cloud,5195,0.636000694323902,0.705293551491819,5761,
ROI_00044__20200321T100029_20200321T100458_T32QMM,2,thin_cloud,0,,,0,absent_true_and_predicted_class
ROI_00044__20200321T100029_20200321T100458_T32QMM,3,cloud_shadow,7815,0.7406919275123558,0.8629558541266794,9105,
ROI_00064__20181217T015619_20181217T020219_T51JVH,0,clear,19911,0.6896038608485824,0.8611822610617247,24865,
ROI_00064__20181217T015619_20181217T020219_T51JVH,1,thick_cloud,20600,0.6431342125678821,0.684126213592233,21913,
ROI_00064__20181217T015619_20181217T020219_T51JVH,2,thin_cloud,0,,,0,absent_true_and_predicted_class
ROI_00064__20181217T015619_20181217T020219_T51JVH,3,cloud_shadow,9665,0.5248173687444528,0.7953440248318676,14647,
ROI_00064__20190317T015619_20190317T020354_T51JVH,0,clear,15692,0.029441753759877645,0.029441753759877645,15692,
ROI_00064__20190317T015619_20190317T020354_T51JVH,1,thick_cloud,0,0.0,,2002,no_true_class_for_recall
ROI_00064__20190317T015619_20190317T020354_T51JVH,2,thin_cloud,34484,0.6651253295392727,0.9218478134787148,47794,
ROI_00064__20190317T015619_20190317T020354_T51JVH,3,cloud_shadow,0,0.0,,2613,no_true_class_for_recall
ROI_00064__20190615T015629_20190615T020446_T51JVH,0,clear,31058,0.8538368580060423,0.9099748856977269,33100,
ROI_00064__20190615T015629_20190615T020446_T51JVH,1,thick_cloud,14319,0.7105566989608956,0.9885466862211049,19921,
ROI_00064__20190615T015629_20190615T020446_T51JVH,2,thin_cloud,4589,0.0,0.0,4704,
ROI_00064__20190615T015629_20190615T020446_T51JVH,3,cloud_shadow,210,0.0,0.0,210,
ROI_00064__20190622T014709_20190622T015123_T51JVH,0,clear,50176,0.9964126275510204,0.9964126275510204,50176,
ROI_00064__20190622T014709_20190622T015123_T51JVH,1,thick_cloud,0,,,0,absent_true_and_predicted_class
ROI_00064__20190622T014709_20190622T015123_T51JVH,2,thin_cloud,0,0.0,,180,no_true_class_for_recall
ROI_00064__20190622T014709_20190622T015123_T51JVH,3,cloud_shadow,0,,,0,absent_true_and_predicted_class
ROI_00064__20191102T015619_20191102T020403_T51JVH,0,clear,23076,0.7522231511742798,0.857774310972439,26314,
ROI_00064__20191102T015619_20191102T020403_T51JVH,1,thick_cloud,17558,0.6683231073474976,0.7506549720924934,19721,
ROI_00064__20191102T015619_20191102T020403_T51JVH,2,thin_cloud,0,0.0,,47,no_true_class_for_recall
ROI_00064__20191102T015619_20191102T020403_T51JVH,3,cloud_shadow,9542,0.6826801517067004,0.905470551247118,12656,
ROI_00065__20190101T142749_20190101T143756_T19HCA,0,clear,50176,1.0,1.0,50176,
ROI_00065__20190101T142749_20190101T143756_T19HCA,1,thick_cloud,0,,,0,absent_true_and_predicted_class
ROI_00065__20190101T142749_20190101T143756_T19HCA,2,thin_cloud,0,,,0,absent_true_and_predicted_class
ROI_00065__20190101T142749_20190101T143756_T19HCA,3,cloud_shadow,0,,,0,absent_true_and_predicted_class
ROI_00065__20190116T142751_20190116T143701_T19HCA,0,clear,32801,0.7807695084097307,0.9892381329837505,41559,
ROI_00065__20190116T142751_20190116T143701_T19HCA,1,thick_cloud,7376,0.6618897821274613,0.7702006507592191,8583,
ROI_00065__20190116T142751_20190116T143701_T19HCA,2,thin_cloud,3339,0.0,0.0,3339,
ROI_00065__20190116T142751_20190116T143701_T19HCA,3,cloud_shadow,6660,0.25621497341572064,0.26771771771771774,6959,
ROI_00065__20190404T143759_20190404T144906_T19HCA,0,clear,43754,0.9180448364571848,0.970562691411071,46257,
ROI_00065__20190404T143759_20190404T144906_T19HCA,1,thick_cloud,4049,0.45588235294117646,0.4976537416646085,4420,
ROI_00065__20190404T143759_20190404T144906_T19HCA,2,thin_cloud,0,,,0,absent_true_and_predicted_class
ROI_00065__20190404T143759_20190404T144906_T19HCA,3,cloud_shadow,2373,0.3442028985507246,0.56047197640118,3864,
ROI_00065__20200129T143659_20200129T144449_T19HCA,0,clear,6121,0.4326492825181299,0.458095082502859,6481,
ROI_00065__20200129T143659_20200129T144449_T19HCA,1,thick_cloud,33262,0.8650242607833151,0.970116048343455,37303,
ROI_00065__20200129T143659_20200129T144449_T19HCA,2,thin_cloud,0,,,0,absent_true_and_predicted_class
ROI_00065__20200129T143659_20200129T144449_T19HCA,3,cloud_shadow,10793,0.6681670029489368,0.7977392754563143,12886,
ROI_00065__20200410T142731_20200410T143742_T19HCA,0,clear,19987,0.5423179003243881,0.6440686446190024,23737,
ROI_00065__20200410T142731_20200410T143742_T19HCA,1,thick_cloud,18302,0.6033120376597175,0.784285870396678,23792,
ROI_00065__20200410T142731_20200410T143742_T19HCA,2,thin_cloud,0,0.0,,290,no_true_class_for_recall
ROI_00065__20200410T142731_20200410T143742_T19HCA,3,cloud_shadow,11887,0.6036755386565272,0.801379658450408,15780,
ROI_00069__20190516T151709_20190516T152114_T18LTM,0,clear,26163,0.6580687663110953,0.9926996139586439,39467,
ROI_00069__20190516T151709_20190516T152114_T18LTM,1,thick_cloud,10940,0.49189839383004313,0.6354661791590493,14133,
ROI_00069__20190516T151709_20190516T152114_T18LTM,2,thin_cloud,13073,0.0,0.0,13073,
ROI_00069__20190516T151709_20190516T152114_T18LTM,3,cloud_shadow,0,0.0,,755,no_true_class_for_recall
ROI_00069__20190913T151709_20190913T152341_T18LTM,0,clear,11431,0.9038729937194696,0.9064823724958446,11464,
ROI_00069__20190913T151709_20190913T152341_T18LTM,1,thick_cloud,38745,0.9753301958402915,0.9948896631823461,39522,
ROI_00069__20190913T151709_20190913T152341_T18LTM,2,thin_cloud,0,,,0,absent_true_and_predicted_class
ROI_00069__20190913T151709_20190913T152341_T18LTM,3,cloud_shadow,0,0.0,,457,no_true_class_for_recall
ROI_00069__20200225T151701_20200225T152133_T18LTM,0,clear,46622,0.9693095167881367,0.987023293723993,47474,
ROI_00069__20200225T151701_20200225T152133_T18LTM,1,thick_cloud,2108,0.6537456445993032,0.7120493358633776,2296,
ROI_00069__20200225T151701_20200225T152133_T18LTM,2,thin_cloud,0,,,0,absent_true_and_predicted_class
ROI_00069__20200225T151701_20200225T152133_T18LTM,3,cloud_shadow,1446,0.4198331788693234,0.6265560165975104,2158,
ROI_00069__20200510T151659_20200510T152614_T18LTM,0,clear,50176,1.0,1.0,50176,
ROI_00069__20200510T151659_20200510T152614_T18LTM,1,thick_cloud,0,,,0,absent_true_and_predicted_class
ROI_00069__20200510T151659_20200510T152614_T18LTM,2,thin_cloud,0,,,0,absent_true_and_predicted_class
ROI_00069__20200510T151659_20200510T152614_T18LTM,3,cloud_shadow,0,,,0,absent_true_and_predicted_class
ROI_00069__20200624T151711_20200624T151850_T18LTM,0,clear,20692,0.8015631601182932,0.9169244152329402,23670,
ROI_00069__20200624T151711_20200624T151850_T18LTM,1,thick_cloud,29484,0.8645283884283983,0.894993894993895,30523,
ROI_00069__20200624T151711_20200624T151850_T18LTM,2,thin_cloud,0,,,0,absent_true_and_predicted_class
ROI_00069__20200624T151711_20200624T151850_T18LTM,3,cloud_shadow,0,0.0,,798,no_true_class_for_recall
ROI_00079__20190120T203751_20190120T203749_T08VMM,0,clear,48754,0.4031258973622677,0.4031258973622677,48754,
ROI_00079__20190120T203751_20190120T203749_T08VMM,1,thick_cloud,1422,0.10065398782229572,0.9416315049226441,13303,
ROI_00079__20190120T203751_20190120T203749_T08VMM,2,thin_cloud,0,,,0,absent_true_and_predicted_class
ROI_00079__20190120T203751_20190120T203749_T08VMM,3,cloud_shadow,0,0.0,,17302,no_true_class_for_recall
ROI_00079__20190624T202849_20190624T203750_T08VMM,0,clear,2934,0.37791527843883865,0.8118609406952966,6303,
ROI_00079__20190624T202849_20190624T203750_T08VMM,1,thick_cloud,35757,0.8380654906679639,0.9154571132925021,39059,
ROI_00079__20190624T202849_20190624T203750_T08VMM,2,thin_cloud,852,0.0,0.0,852,
ROI_00079__20190624T202849_20190624T203750_T08VMM,3,cloud_shadow,10633,0.5530698889614631,0.6370732624847174,12248,
ROI_00079__20190706T201851_20190706T202346_T08VMM,0,clear,33848,0.8317864498355043,0.9187544315764594,37387,
ROI_00079__20190706T201851_20190706T202346_T08VMM,1,thick_cloud,10873,0.6738238841978287,0.7706244826634784,12435,
ROI_00079__20190706T201851_20190706T202346_T08VMM,2,thin_cloud,0,,,0,absent_true_and_predicted_class
ROI_00079__20190706T201851_20190706T202346_T08VMM,3,cloud_shadow,5455,0.5381296966323407,0.708890925756187,7186,
ROI_00079__20200630T201851_20200630T202618_T08VMM,0,clear,14191,0.6848430775690144,0.9195264604326686,19054,
ROI_00079__20200630T201851_20200630T202618_T08VMM,1,thick_cloud,21464,0.7734058603986341,0.907519567648155,25186,
ROI_00079__20200630T201851_20200630T202618_T08VMM,2,thin_cloud,1484,0.0,0.0,1484,
ROI_00079__20200630T201851_20200630T202618_T08VMM,3,cloud_shadow,13037,0.5687109596819989,0.6145585640868297,14088,
ROI_00079__20200725T201849_20200725T202524_T08VMM,0,clear,2672,0.2999096657633243,0.3727544910179641,3321,
ROI_00079__20200725T201849_20200725T202524_T08VMM,1,thick_cloud,40704,0.8438179303076214,0.9441332547169812,45543,
ROI_00079__20200725T201849_20200725T202524_T08VMM,2,thin_cloud,0,,,0,absent_true_and_predicted_class
ROI_00079__20200725T201849_20200725T202524_T08VMM,3,cloud_shadow,6800,0.31365715530385535,0.4235294117647059,9182,
ROI_00085__20190623T182921_20190623T183717_T11TPJ,0,clear,14618,0.6995457859025402,0.8533999179094267,17833,
ROI_00085__20190623T182921_20190623T183717_T11TPJ,1,thick_cloud,28356,0.8093224538337023,0.8639794047115249,30271,
ROI_00085__20190623T182921_20190623T183717_T11TPJ,2,thin_cloud,0,,,0,absent_true_and_predicted_class
ROI_00085__20190623T182921_20190623T183717_T11TPJ,3,cloud_shadow,7202,0.50750098697197,0.7139683421271869,10132,
ROI_00085__20190822T182921_20190822T183216_T11TPJ,0,clear,23918,0.8190457177081254,0.8576385985450289,25045,
ROI_00085__20190822T182921_20190822T183216_T11TPJ,1,thick_cloud,16763,0.789030435477853,0.8830758217502833,18761,
ROI_00085__20190822T182921_20190822T183216_T11TPJ,2,thin_cloud,0,,,0,absent_true_and_predicted_class
ROI_00085__20190822T182921_20190822T183216_T11TPJ,3,cloud_shadow,9495,0.6830505787220549,0.9074249605055292,12614,
ROI_00085__20190911T182921_20190911T183249_T11TPJ,0,clear,11785,0.5293716313024494,0.6583792957148918,14657,
ROI_00085__20190911T182921_20190911T183249_T11TPJ,1,thick_cloud,29850,0.7621596597320679,0.8824455611390285,34561,
ROI_00085__20190911T182921_20190911T183249_T11TPJ,2,thin_cloud,0,,,0,absent_true_and_predicted_class
ROI_00085__20190911T182921_20190911T183249_T11TPJ,3,cloud_shadow,8541,0.4198549637409352,0.5897435897435898,11997,
ROI_00085__20200602T182919_20200602T183556_T11TPJ,0,clear,50176,0.9979073660714286,0.9979073660714286,50176,
ROI_00085__20200602T182919_20200602T183556_T11TPJ,1,thick_cloud,0,,,0,absent_true_and_predicted_class
ROI_00085__20200602T182919_20200602T183556_T11TPJ,2,thin_cloud,0,,,0,absent_true_and_predicted_class
ROI_00085__20200602T182919_20200602T183556_T11TPJ,3,cloud_shadow,0,0.0,,105,no_true_class_for_recall
ROI_00085__20200707T182921_20200707T183250_T11TPJ,0,clear,38260,0.8764817686190166,0.9160219550444328,39986,
ROI_00085__20200707T182921_20200707T183250_T11TPJ,1,thick_cloud,7217,0.6905923344947735,0.8238880421227657,8610,
ROI_00085__20200707T182921_20200707T183250_T11TPJ,2,thin_cloud,0,0.0,,201,no_true_class_for_recall
ROI_00085__20200707T182921_20200707T183250_T11TPJ,3,cloud_shadow,4699,0.512530431046828,0.7616514151947222,6983,
ROI_00106__20190509T152649_20190509T152958_T18LTN,0,clear,50176,0.6028778698979592,0.6028778698979592,50176,
ROI_00106__20190509T152649_20190509T152958_T18LTN,1,thick_cloud,0,0.0,,13,no_true_class_for_recall
ROI_00106__20190509T152649_20190509T152958_T18LTN,2,thin_cloud,0,0.0,,19913,no_true_class_for_recall
ROI_00106__20190509T152649_20190509T152958_T18LTN,3,cloud_shadow,0,,,0,absent_true_and_predicted_class
ROI_00106__20191220T152631_20191220T153056_T18LTN,0,clear,14638,0.8552372190826653,0.8891241972947124,15218,
ROI_00106__20191220T152631_20191220T153056_T18LTN,1,thick_cloud,28684,0.8441562908440531,0.8556338028169014,29074,
ROI_00106__20191220T152631_20191220T153056_T18LTN,2,thin_cloud,0,,,0,absent_true_and_predicted_class
ROI_00106__20191220T152631_20191220T153056_T18LTN,3,cloud_shadow,6854,0.4735584581076776,0.8675226145316604,12556,
ROI_00106__20200304T152639_20200304T153356_T18LTN,0,clear,38183,0.847061692270178,0.9097766021527905,41010,
ROI_00106__20200304T152639_20200304T153356_T18LTN,1,thick_cloud,7874,0.4471718249733191,0.6385572771145542,11244,
ROI_00106__20200304T152639_20200304T153356_T18LTN,2,thin_cloud,0,,,0,absent_true_and_predicted_class
ROI_00106__20200304T152639_20200304T153356_T18LTN,3,cloud_shadow,4119,0.4828261256451326,0.6586550133527556,5619,
ROI_00106__20200612T152639_20200612T153318_T18LTN,0,clear,34171,0.8085076314301866,0.8371133417225133,35380,
ROI_00106__20200612T152639_20200612T153318_T18LTN,1,thick_cloud,15973,0.8215555810485259,0.8967006824015527,17434,
ROI_00106__20200612T152639_20200612T153318_T18LTN,2,thin_cloud,0,0.0,,1708,no_true_class_for_recall
ROI_00106__20200612T152639_20200612T153318_T18LTN,3,cloud_shadow,32,0.0,0.0,2902,
ROI_00106__20200617T152651_20200617T152645_T18LTN,0,clear,10828,0.9113018597997139,0.9412633912079793,11184,
ROI_00106__20200617T152651_20200617T152645_T18LTN,1,thick_cloud,39348,0.9715989488578937,0.9772288299278236,39576,
ROI_00106__20200617T152651_20200617T152645_T18LTN,2,thin_cloud,0,,,0,absent_true_and_predicted_class
ROI_00106__20200617T152651_20200617T152645_T18LTN,3,cloud_shadow,0,0.0,,948,no_true_class_for_recall
ROI_00120__20190302T045721_20190302T050545_T45TXE,0,clear,50176,1.0,1.0,50176,
ROI_00120__20190302T045721_20190302T050545_T45TXE,1,thick_cloud,0,,,0,absent_true_and_predicted_class
ROI_00120__20190302T045721_20190302T050545_T45TXE,2,thin_cloud,0,,,0,absent_true_and_predicted_class
ROI_00120__20190302T045721_20190302T050545_T45TXE,3,cloud_shadow,0,,,0,absent_true_and_predicted_class
ROI_00120__20190829T045701_20190829T045729_T45TXE,0,clear,33136,0.8643567306910844,0.9628802510864317,36913,
ROI_00120__20190829T045701_20190829T045729_T45TXE,1,thick_cloud,2975,0.4721727515583259,0.7129411764705882,4492,
ROI_00120__20190829T045701_20190829T045729_T45TXE,2,thin_cloud,9653,0.4530391797876236,0.5126903553299492,10924,
ROI_00120__20190829T045701_20190829T045729_T45TXE,3,cloud_shadow,4412,0.7770575525437046,0.8966455122393472,5091,
ROI_00120__20191008T045701_20191008T050028_T45TXE,0,clear,3148,0.3579988016776513,0.3796060991105464,3338,
ROI_00120__20191008T045701_20191008T050028_T45TXE,1,thick_cloud,39479,0.8627593019427067,0.9955419336862635,45555,
ROI_00120__20191008T045701_20191008T050028_T45TXE,2,thin_cloud,4167,0.0,0.0,4167,
ROI_00120__20191008T045701_20191008T050028_T45TXE,3,cloud_shadow,3382,0.3661773577317515,0.5384387936132466,4973,
ROI_00120__20191020T044819_20191020T044922_T45TXE,0,clear,20213,0.8061143151873212,0.8505417305694355,21327,
ROI_00120__20191020T044819_20191020T044922_T45TXE,1,thick_cloud,2846,0.6821911196911197,0.9933239634574842,4144,
ROI_00120__20191020T044819_20191020T044922_T45TXE,2,thin_cloud,24464,0.8059278631361011,0.906965336821452,27531,
ROI_00120__20191020T044819_20191020T044922_T45TXE,3,cloud_shadow,2653,0.9118959107806691,0.9246136449302677,2690,
ROI_00120__20191219T045209_20191219T045214_T45TXE,0,clear,50176,1.0,1.0,50176,
ROI_00120__20191219T045209_20191219T045214_T45TXE,1,thick_cloud,0,,,0,absent_true_and_predicted_class
ROI_00120__20191219T045209_20191219T045214_T45TXE,2,thin_cloud,0,,,0,absent_true_and_predicted_class
ROI_00120__20191219T045209_20191219T045214_T45TXE,3,cloud_shadow,0,,,0,absent_true_and_predicted_class
ROI_00141__20181226T141039_20181226T142041_T19FDE,0,clear,50176,1.0,1.0,50176,
ROI_00141__20181226T141039_20181226T142041_T19FDE,1,thick_cloud,0,,,0,absent_true_and_predicted_class
ROI_00141__20181226T141039_20181226T142041_T19FDE,2,thin_cloud,0,,,0,absent_true_and_predicted_class
ROI_00141__20181226T141039_20181226T142041_T19FDE,3,cloud_shadow,0,,,0,absent_true_and_predicted_class
ROI_00141__20190316T141049_20190316T142437_T19FDE,0,clear,37934,0.8459185754095018,0.9842885010808246,44139,
ROI_00141__20190316T141049_20190316T142437_T19FDE,1,thick_cloud,0,0.0,,14,no_true_class_for_recall
ROI_00141__20190316T141049_20190316T142437_T19FDE,2,thin_cloud,10986,0.47181881051175656,0.4968141270708174,11568,
ROI_00141__20190316T141049_20190316T142437_T19FDE,3,cloud_shadow,1256,0.4191802010827533,0.4315286624203822,1293,
ROI_00141__20190420T141051_20190420T142048_T19FDE,0,clear,10532,0.6682099917855276,0.8496012153437144,13391,
ROI_00141__20190420T141051_20190420T142048_T19FDE,1,thick_cloud,31963,0.7926847196495251,0.8434752682789476,34011,
ROI_00141__20190420T141051_20190420T142048_T19FDE,2,thin_cloud,0,0.0,,415,no_true_class_for_recall
ROI_00141__20190420T141051_20190420T142048_T19FDE,3,cloud_shadow,7681,0.644121427865124,0.8480666579872412,10113,
ROI_00141__20191126T141051_20191126T142045_T19FDE,0,clear,3045,0.07463906292563334,0.26995073891625615,11013,
ROI_00141__20191126T141051_20191126T142045_T19FDE,1,thick_cloud,2062,0.2222945131207981,0.49709020368574197,4611,
ROI_00141__20191126T141051_20191126T142045_T19FDE,2,thin_cloud,37552,0.8231511254019293,0.8998721772475501,41052,
ROI_00141__20191126T141051_20191126T142045_T19FDE,3,cloud_shadow,7517,0.06917653319143276,0.06917653319143276,7517,
ROI_00141__20200419T141039_20200419T142040_T19FDE,0,clear,30966,0.7622334524836681,0.9985144997739456,40565,
ROI_00141__20200419T141039_20200419T142040_T19FDE,1,thick_cloud,0,,,0,absent_true_and_predicted_class
ROI_00141__20200419T141039_20200419T142040_T19FDE,2,thin_cloud,19210,0.4991171582883257,0.5003123373243102,19256,
ROI_00141__20200419T141039_20200419T142040_T19FDE,3,cloud_shadow,0,,,0,absent_true_and_predicted_class
ROI_00153__20190405T141049_20190405T142048_T20JPM,0,clear,29948,0.8000490744022465,0.97986509950581,36679,
ROI_00153__20190405T141049_20190405T142048_T20JPM,1,thick_cloud,4069,0.6506066467381748,0.9093143278446792,5687,
ROI_00153__20190405T141049_20190405T142048_T20JPM,2,thin_cloud,16159,0.45947685645737024,0.48592115848753015,17089,
ROI_00153__20190405T141049_20190405T142048_T20JPM,3,cloud_shadow,0,,,0,absent_true_and_predicted_class
ROI_00153__20190709T141051_20190709T141051_T20JPM,0,clear,22879,0.4950119070605651,0.6723195943878666,31074,
ROI_00153__20190709T141051_20190709T141051_T20JPM,1,thick_cloud,2187,0.0,0.0,2187,
ROI_00153__20190709T141051_20190709T141051_T20JPM,2,thin_cloud,25110,0.48665976654591453,0.6741138988450817,34782,
ROI_00153__20190709T141051_20190709T141051_T20JPM,3,cloud_shadow,0,,,0,absent_true_and_predicted_class
ROI_00153__20191201T141039_20191201T142051_T20JPM,0,clear,43178,0.9285605483625285,0.9882810690629488,45955,
ROI_00153__20191201T141039_20191201T142051_T20JPM,1,thick_cloud,6998,0.5649587670677302,0.5971706201771935,7397,
ROI_00153__20191201T141039_20191201T142051_T20JPM,2,thin_cloud,0,,,0,absent_true_and_predicted_class
ROI_00153__20191201T141039_20191201T142051_T20JPM,3,cloud_shadow,0,0.0,,149,no_true_class_for_recall
ROI_00153__20200411T140051_20200411T140833_T20JPM,0,clear,50176,1.0,1.0,50176,
ROI_00153__20200411T140051_20200411T140833_T20JPM,1,thick_cloud,0,,,0,absent_true_and_predicted_class
ROI_00153__20200411T140051_20200411T140833_T20JPM,2,thin_cloud,0,,,0,absent_true_and_predicted_class
ROI_00153__20200411T140051_20200411T140833_T20JPM,3,cloud_shadow,0,,,0,absent_true_and_predicted_class
ROI_00153__20200628T141049_20200628T141048_T20JPM,0,clear,7031,0.2561165323150898,0.2575736026169819,7071,
ROI_00153__20200628T141049_20200628T141048_T20JPM,1,thick_cloud,20930,0.4328744300245528,0.47171524128045866,22808,
ROI_00153__20200628T141049_20200628T141048_T20JPM,2,thin_cloud,22215,0.534086698777325,0.9084402430790006,37786,
ROI_00153__20200628T141049_20200628T141048_T20JPM,3,cloud_shadow,0,0.0,,822,no_true_class_for_recall
ROI_00154__20190326T141049_20190326T141445_T20HNJ,0,clear,30628,0.7861802811724709,0.8380566801619433,32649,
ROI_00154__20190326T141049_20190326T141445_T20HNJ,1,thick_cloud,9749,0.681924577373212,0.8068519848189558,11535,
ROI_00154__20190326T141049_20190326T141445_T20HNJ,2,thin_cloud,0,,,0,absent_true_and_predicted_class
ROI_00154__20190326T141049_20190326T141445_T20HNJ,3,cloud_shadow,9799,0.6375343655042686,0.8992754362690071,13822,
ROI_00154__20191113T140051_20191113T140054_T20HNJ,0,clear,2221,0.19175147295125872,0.8059432687978388,9335,
ROI_00154__20191113T140051_20191113T140054_T20HNJ,1,thick_cloud,20420,0.673364705882353,0.7007345739471107,21250,
ROI_00154__20191113T140051_20191113T140054_T20HNJ,2,thin_cloud,19795,0.4621884902781581,0.5968173781257894,25561,
ROI_00154__20191113T140051_20191113T140054_T20HNJ,3,cloud_shadow,7740,0.5752682973992072,0.7687338501291989,10343,
ROI_00154__20191231T141039_20191231T142033_T20HNJ,0,clear,44261,0.9410475658488378,0.9896296965726035,46546,
ROI_00154__20191231T141039_20191231T142033_T20HNJ,1,thick_cloud,3795,0.5411266201395812,0.572068511198946,4012,
ROI_00154__20191231T141039_20191231T142033_T20HNJ,2,thin_cloud,0,,,0,absent_true_and_predicted_class
ROI_00154__20191231T141039_20191231T142033_T20HNJ,3,cloud_shadow,2120,0.4764296754250386,0.5816037735849057,2588,
ROI_00154__20200120T140639_20200120T141746_T20HNJ,0,clear,17308,0.36062300319488816,0.7304136815345506,35056,
ROI_00154__20200120T140639_20200120T141746_T20HNJ,1,thick_cloud,8127,0.532068311195446,0.6900455272548296,10540,
ROI_00154__20200120T140639_20200120T141746_T20HNJ,2,thin_cloud,14612,0.2982915575508168,0.3274021352313167,16038,
ROI_00154__20200120T140639_20200120T141746_T20HNJ,3,cloud_shadow,10129,0.19889925087907048,0.256886168427288,13082,
ROI_00154__20200201T135641_20200201T140849_T20HNJ,0,clear,50176,1.0,1.0,50176,
ROI_00154__20200201T135641_20200201T140849_T20HNJ,1,thick_cloud,0,,,0,absent_true_and_predicted_class
ROI_00154__20200201T135641_20200201T140849_T20HNJ,2,thin_cloud,0,,,0,absent_true_and_predicted_class
ROI_00154__20200201T135641_20200201T140849_T20HNJ,3,cloud_shadow,0,,,0,absent_true_and_predicted_class
ROI_00159__20190718T143751_20190718T144610_T19HBV,0,clear,35484,0.7459000197589409,0.9574737910043963,45549,
ROI_00159__20190718T143751_20190718T144610_T19HBV,1,thick_cloud,10504,0.294155069582505,0.35215156130997716,12575,
ROI_00159__20190718T143751_20190718T144610_T19HBV,2,thin_cloud,0,,,0,absent_true_and_predicted_class
ROI_00159__20190718T143751_20190718T144610_T19HBV,3,cloud_shadow,4188,0.037830446672743843,0.039637058261700095,4388,
ROI_00159__20191016T143731_20191016T144649_T18HYE,0,clear,4988,0.4458940905602456,0.5823977546110666,6515,
ROI_00159__20191016T143731_20191016T144649_T18HYE,1,thick_cloud,41540,0.8692713979288235,0.9072941742898412,43357,
ROI_00159__20191016T143731_20191016T144649_T18HYE,2,thin_cloud,0,,,0,absent_true_and_predicted_class
ROI_00159__20191016T143731_20191016T144649_T18HYE,3,cloud_shadow,3648,0.3722931704608551,0.7351973684210527,7204,
ROI_00159__20200129T143659_20200129T144449_T18HYE,0,clear,50176,1.0,1.0,50176,
ROI_00159__20200129T143659_20200129T144449_T18HYE,1,thick_cloud,0,,,0,absent_true_and_predicted_class
ROI_00159__20200129T143659_20200129T144449_T18HYE,2,thin_cloud,0,,,0,absent_true_and_predicted_class
ROI_00159__20200129T143659_20200129T144449_T18HYE,3,cloud_shadow,0,,,0,absent_true_and_predicted_class
ROI_00159__20200403T143721_20200403T144642_T19HBV,0,clear,31003,0.7585666854601265,0.7811502112698772,31926,
ROI_00159__20200403T143721_20200403T144642_T19HBV,1,thick_cloud,0,,,0,absent_true_and_predicted_class
ROI_00159__20200403T143721_20200403T144642_T19HBV,2,thin_cloud,19173,0.7030587872717466,0.9518593855943254,25958,
ROI_00159__20200403T143721_20200403T144642_T19HBV,3,cloud_shadow,0,,,0,absent_true_and_predicted_class
ROI_00159__20200607T143729_20200607T144648_T19HBV,0,clear,8048,0.28561290627809055,0.750124254473161,21137,
ROI_00159__20200607T143729_20200607T144648_T19HBV,1,thick_cloud,29290,0.5488175930109956,0.6219870262888357,33195,
ROI_00159__20200607T143729_20200607T144648_T19HBV,2,thin_cloud,0,0.0,,866,no_true_class_for_recall
ROI_00159__20200607T143729_20200607T144648_T19HBV,3,cloud_shadow,12838,0.2685280728376328,0.3446019629225736,16475,
ROI_00165__20190224T145721_20190224T150622_T19LBD,0,clear,20912,0.8400069111485465,0.9299445294567712,23151,
ROI_00165__20190224T145721_20190224T150622_T19LBD,1,thick_cloud,16659,0.7916898741227582,0.8532324869439942,17954,
ROI_00165__20190224T145721_20190224T150622_T19LBD,2,thin_cloud,0,,,0,absent_true_and_predicted_class
ROI_00165__20190224T145721_20190224T150622_T19LBD,3,cloud_shadow,12605,0.7177576367908695,0.8481554938516461,14895,
ROI_00165__20190331T145729_20190331T150118_T19LBD,0,clear,12524,0.609072469113037,0.7912008942829767,16269,
ROI_00165__20190331T145729_20190331T150118_T19LBD,1,thick_cloud,27859,0.7597035174216604,0.8241142898165763,30221,
ROI_00165__20190331T145729_20190331T150118_T19LBD,2,thin_cloud,0,,,0,absent_true_and_predicted_class
ROI_00165__20190331T145729_20190331T150118_T19LBD,3,cloud_shadow,9793,0.5329682365826944,0.7453282957214337,13695,
ROI_00165__20190917T145729_20190917T150535_T19LBD,0,clear,50176,1.0,1.0,50176,
ROI_00165__20190917T145729_20190917T150535_T19LBD,1,thick_cloud,0,,,0,absent_true_and_predicted_class
ROI_00165__20190917T145729_20190917T150535_T19LBD,2,thin_cloud,0,,,0,absent_true_and_predicted_class
ROI_00165__20190917T145729_20190917T150535_T19LBD,3,cloud_shadow,0,,,0,absent_true_and_predicted_class
ROI_00165__20191022T145731_20191022T150543_T19LBD,0,clear,35278,0.9138362916475881,0.9617325245195306,37127,
ROI_00165__20191022T145731_20191022T150543_T19LBD,1,thick_cloud,9071,0.7396710397493637,0.8328739940469628,10214,
ROI_00165__20191022T145731_20191022T150543_T19LBD,2,thin_cloud,0,,,0,absent_true_and_predicted_class
ROI_00165__20191022T145731_20191022T150543_T19LBD,3,cloud_shadow,5827,0.6266403273599549,0.7621417539042389,7087,
ROI_00165__20191221T145721_20191221T145719_T19LBD,0,clear,11203,0.7101641907740422,0.8107649736677676,12790,
ROI_00165__20191221T145721_20191221T145719_T19LBD,1,thick_cloud,18256,0.5226510870606264,0.5978308501314636,20882,
ROI_00165__20191221T145721_20191221T145719_T19LBD,2,thin_cloud,14488,0.509213542585082,0.7972805080066262,22684,
ROI_00165__20191221T145721_20191221T145719_T19LBD,3,cloud_shadow,6229,0.501568154402895,0.6675228768662707,8290,
ROI_00197__20190609T175919_20190609T180009_T14VPM,0,clear,1661,0.4838709677419355,0.7676098735701384,2635,
ROI_00197__20190609T175919_20190609T180009_T14VPM,1,thick_cloud,44467,0.9396566710126032,0.9724739694604988,46020,
ROI_00197__20190609T175919_20190609T180009_T14VPM,2,thin_cloud,0,,,0,absent_true_and_predicted_class
ROI_00197__20190609T175919_20190609T180009_T14VPM,3,cloud_shadow,4048,0.4723133716160787,0.5689229249011858,4876,
ROI_00197__20190621T174911_20190621T175233_T14VPM,0,clear,24043,0.6919333380015406,0.8219856091169987,28562,
ROI_00197__20190621T174911_20190621T175233_T14VPM,1,thick_cloud,14844,0.8361901174106863,0.8971975208838588,15927,
ROI_00197__20190621T174911_20190621T175233_T14VPM,2,thin_cloud,2199,0.0,0.0,2199,
ROI_00197__20190621T174911_20190621T175233_T14VPM,3,cloud_shadow,9090,0.4720017163698777,0.7260726072607261,13983,
ROI_00197__20190714T175921_20190714T180011_T14VPM,0,clear,19621,0.6307603430653691,0.7234085928342082,22503,
ROI_00197__20190714T175921_20190714T180011_T14VPM,1,thick_cloud,24461,0.8256929637526652,0.8865541065369363,26264,
ROI_00197__20190714T175921_20190714T180011_T14VPM,2,thin_cloud,0,,,0,absent_true_and_predicted_class
ROI_00197__20190714T175921_20190714T180011_T14VPM,3,cloud_shadow,6094,0.33636827773995914,0.6486708237610764,11752,
ROI_00197__20200712T173911_20200712T174044_T14VPM,0,clear,50176,1.0,1.0,50176,
ROI_00197__20200712T173911_20200712T174044_T14VPM,1,thick_cloud,0,,,0,absent_true_and_predicted_class
ROI_00197__20200712T173911_20200712T174044_T14VPM,2,thin_cloud,0,,,0,absent_true_and_predicted_class
ROI_00197__20200712T173911_20200712T174044_T14VPM,3,cloud_shadow,0,,,0,absent_true_and_predicted_class
ROI_00197__20200720T174909_20200720T174909_T14VPM,0,clear,42938,0.8857559341209233,0.9481578089338115,45963,
ROI_00197__20200720T174909_20200720T174909_T14VPM,1,thick_cloud,5021,0.6596732588134135,0.7639912368054173,5815,
ROI_00197__20200720T174909_20200720T174909_T14VPM,2,thin_cloud,0,,,0,absent_true_and_predicted_class
ROI_00197__20200720T174909_20200720T174909_T14VPM,3,cloud_shadow,2217,0.02573248407643312,0.04555705908885882,3925,
ROI_00201__20190902T161901_20190902T162451_T16TGL,0,clear,16966,0.6885814771395076,0.8654956972769068,21325,
ROI_00201__20190902T161901_20190902T162451_T16TGL,1,thick_cloud,25161,0.7685851318944844,0.8152299193195819,26688,
ROI_00201__20190902T161901_20190902T162451_T16TGL,2,thin_cloud,0,,,0,absent_true_and_predicted_class
ROI_00201__20190902T161901_20190902T162451_T16TGL,3,cloud_shadow,8049,0.5398365220515584,0.7466766057895391,11133,
ROI_00201__20190922T162001_20190922T162717_T16TGL,0,clear,50176,1.0,1.0,50176,
ROI_00201__20190922T162001_20190922T162717_T16TGL,1,thick_cloud,0,,,0,absent_true_and_predicted_class
ROI_00201__20190922T162001_20190922T162717_T16TGL,2,thin_cloud,0,,,0,absent_true_and_predicted_class
ROI_00201__20190922T162001_20190922T162717_T16TGL,3,cloud_shadow,0,,,0,absent_true_and_predicted_class
ROI_00201__20191101T162431_20191101T162426_T17TKF,0,clear,39998,0.8654178943922174,0.9252212610630531,42762,
ROI_00201__20191101T162431_20191101T162426_T17TKF,1,thick_cloud,4662,0.5405545927209705,0.6690261690261691,5770,
ROI_00201__20191101T162431_20191101T162426_T17TKF,2,thin_cloud,0,,,0,absent_true_and_predicted_class
ROI_00201__20191101T162431_20191101T162426_T17TKF,3,cloud_shadow,5516,0.5470300304273052,0.7496374184191443,7559,
ROI_00201__20200320T161951_20200320T162706_T16TGL,0,clear,447,0.9933333333333333,1.0,450,
ROI_00201__20200320T161951_20200320T162706_T16TGL,1,thick_cloud,19580,0.5296266745055221,0.6441266598569969,23813,
ROI_00201__20200320T161951_20200320T162706_T16TGL,2,thin_cloud,24748,0.5696193912984272,0.6760950379828673,29374,
ROI_00201__20200320T161951_20200320T162706_T16TGL,3,cloud_shadow,5401,0.38937689844840323,0.8781707091279393,12181,
ROI_00201__20200402T162851_20200402T164102_T17TKF,0,clear,23952,0.7719624043053134,0.8504091516366066,26386,
ROI_00201__20200402T162851_20200402T164102_T17TKF,1,thick_cloud,15176,0.7260148131136246,0.8332235108065367,17417,
ROI_00201__20200402T162851_20200402T164102_T17TKF,2,thin_cloud,0,,,0,absent_true_and_predicted_class
ROI_00201__20200402T162851_20200402T164102_T17TKF,3,cloud_shadow,11048,0.677715996578272,0.8605177407675597,14028,
ROI_00212__20190523T053651_20190523T053645_T48XVG,0,clear,18663,0.37244806322217566,1.0,50109,
ROI_00212__20190523T053651_20190523T053645_T48XVG,1,thick_cloud,10166,0.0065905961046626,0.0065905961046626,10166,
ROI_00212__20190523T053651_20190523T053645_T48XVG,2,thin_cloud,16805,0.0,0.0,16805,
ROI_00212__20190523T053651_20190523T053645_T48XVG,3,cloud_shadow,4542,0.0,0.0,4542,
ROI_00212__20190812T055639_20190812T055642_T48XVG,0,clear,50176,1.0,1.0,50176,
ROI_00212__20190812T055639_20190812T055642_T48XVG,1,thick_cloud,0,,,0,absent_true_and_predicted_class
ROI_00212__20190812T055639_20190812T055642_T48XVG,2,thin_cloud,0,,,0,absent_true_and_predicted_class
ROI_00212__20190812T055639_20190812T055642_T48XVG,3,cloud_shadow,0,,,0,absent_true_and_predicted_class
ROI_00212__20190824T054641_20190824T054640_T48XVG,0,clear,36930,0.8384954137368921,0.9331979420525318,41101,
ROI_00212__20190824T054641_20190824T054640_T48XVG,1,thick_cloud,7171,0.5291597238752678,0.6199972109887045,8402,
ROI_00212__20190824T054641_20190824T054640_T48XVG,2,thin_cloud,0,,,0,absent_true_and_predicted_class
ROI_00212__20190824T054641_20190824T054640_T48XVG,3,cloud_shadow,6075,0.5406451612903226,0.6897119341563785,7750,
ROI_00212__20190917T052651_20190917T052645_T48XVG,0,clear,1085,0.3578811369509044,0.5105990783410138,1548,
ROI_00212__20190917T052651_20190917T052645_T48XVG,1,thick_cloud,42645,0.9376749602490314,0.9818267088756009,44653,
ROI_00212__20190917T052651_20190917T052645_T48XVG,2,thin_cloud,0,,,0,absent_true_and_predicted_class
ROI_00212__20190917T052651_20190917T052645_T48XVG,3,cloud_shadow,6446,0.6650575039045861,0.7266521874030406,7043,
ROI_00212__20190920T053641_20190920T053750_T48XVG,0,clear,8142,0.43515295841729257,0.5835175632522722,10918,
ROI_00212__20190920T053641_20190920T053750_T48XVG,1,thick_cloud,21087,0.6727038054792239,0.7662066676151184,24018,
ROI_00212__20190920T053641_20190920T053750_T48XVG,2,thin_cloud,0,0.0,,48,no_true_class_for_recall
ROI_00212__20190920T053641_20190920T053750_T48XVG,3,cloud_shadow,20947,0.6751441166497117,0.8554446937508952,26541,
ROI_00235__20190607T053649_20190607T053649_T44UNV,0,clear,10904,0.6983705154206588,0.9158107116654439,14299,
ROI_00235__20190607T053649_20190607T053649_T44UNV,1,thick_cloud,29858,0.808811575353601,0.8331100542568156,30755,
ROI_00235__20190607T053649_20190607T053649_T44UNV,2,thin_cloud,0,,,0,absent_true_and_predicted_class
ROI_00235__20190607T053649_20190607T053649_T44UNV,3,cloud_shadow,9414,0.7218805291094448,0.9101338432122371,11869,
ROI_00235__20200402T053639_20200402T053638_T44UNV,0,clear,8792,0.13124517480974965,0.13535031847133758,9067,
ROI_00235__20200402T053639_20200402T053638_T44UNV,1,thick_cloud,189,0.0,0.0,458,
ROI_00235__20200402T053639_20200402T053638_T44UNV,2,thin_cloud,40356,0.814967963808315,0.9865199722470017,48851,
ROI_00235__20200402T053639_20200402T053638_T44UNV,3,cloud_shadow,839,0.0,0.0,974,
ROI_00235__20200512T053639_20200512T054139_T44UNV,0,clear,50176,1.0,1.0,50176,
ROI_00235__20200512T053639_20200512T054139_T44UNV,1,thick_cloud,0,,,0,absent_true_and_predicted_class
ROI_00235__20200512T053639_20200512T054139_T44UNV,2,thin_cloud,0,,,0,absent_true_and_predicted_class
ROI_00235__20200512T053639_20200512T054139_T44UNV,3,cloud_shadow,0,,,0,absent_true_and_predicted_class
ROI_00235__20200601T053649_20200601T053643_T44UNV,0,clear,939,0.1739808855080944,0.9499467518636848,5127,
ROI_00235__20200601T053649_20200601T053643_T44UNV,1,thick_cloud,40378,0.9321341550809804,0.9663925900242707,41862,
ROI_00235__20200601T053649_20200601T053643_T44UNV,2,thin_cloud,4499,0.0,0.0,4499,
ROI_00235__20200601T053649_20200601T053643_T44UNV,3,cloud_shadow,4360,0.762007874015748,0.8878440366972477,5080,
ROI_00235__20200711T053649_20200711T053643_T44UNV,0,clear,39306,0.8607508841933436,0.9659085126952628,44108,
ROI_00235__20200711T053649_20200711T053643_T44UNV,1,thick_cloud,7254,0.6165264720435428,0.6870692031982355,8084,
ROI_00235__20200711T053649_20200711T053643_T44UNV,2,thin_cloud,2343,0.0,0.0,2343,
ROI_00235__20200711T053649_20200711T053643_T44UNV,3,cloud_shadow,1273,0.4940072954663887,0.7446975648075412,1919,
ROI_00243__20180516T090549_20180516T091106_T35TLJ,0,clear,43083,0.9231052403637938,0.9894622008680918,46180,
ROI_00243__20180516T090549_20180516T091106_T35TLJ,1,thick_cloud,4345,0.4953593783725448,0.5281933256616801,4633,
ROI_00243__20180516T090549_20180516T091106_T35TLJ,2,thin_cloud,0,,,0,absent_true_and_predicted_class
ROI_00243__20180516T090549_20180516T091106_T35TLJ,3,cloud_shadow,2748,0.4354587869362364,0.5094614264919942,3215,
ROI_00243__20180802T092031_20180802T092224_T35TLJ,0,clear,10646,0.3672046531335465,0.8954536915273342,25961,
ROI_00243__20180802T092031_20180802T092224_T35TLJ,1,thick_cloud,24094,0.5219327112935073,0.559516892172325,25829,
ROI_00243__20180802T092031_20180802T092224_T35TLJ,2,thin_cloud,7518,0.2515603201409795,0.45570630486831604,13619,
ROI_00243__20180802T092031_20180802T092224_T35TLJ,3,cloud_shadow,7918,0.05996010969832959,0.06074766355140187,8022,
ROI_00243__20190524T092039_20190524T092605_T35TLJ,0,clear,15262,0.6339331861109806,0.8840256847071157,21283,
ROI_00243__20190524T092039_20190524T092605_T35TLJ,1,thick_cloud,24973,0.6906340496875476,0.7257838465542786,26244,
ROI_00243__20190524T092039_20190524T092605_T35TLJ,2,thin_cloud,718,0.0,0.0,718,
ROI_00243__20190524T092039_20190524T092605_T35TLJ,3,cloud_shadow,9223,0.49660360820977284,0.7371787921500597,13691,
ROI_00243__20190728T092031_20190728T092427_T35TLJ,0,clear,50176,1.0,1.0,50176,
ROI_00243__20190728T092031_20190728T092427_T35TLJ,1,thick_cloud,0,,,0,absent_true_and_predicted_class
ROI_00243__20190728T092031_20190728T092427_T35TLJ,2,thin_cloud,0,,,0,absent_true_and_predicted_class
ROI_00243__20190728T092031_20190728T092427_T35TLJ,3,cloud_shadow,0,,,0,absent_true_and_predicted_class
ROI_00243__20191001T092029_20191001T092623_T35TLJ,0,clear,33418,0.7734575599735896,0.9464659764198935,40893,
ROI_00243__20191001T092029_20191001T092623_T35TLJ,1,thick_cloud,2908,0.0,0.0,3034,
ROI_00243__20191001T092029_20191001T092623_T35TLJ,2,thin_cloud,13644,0.379445753393919,0.49574904720023455,17826,
ROI_00243__20191001T092029_20191001T092623_T35TLJ,3,cloud_shadow,206,0.0,0.0,206,
ROI_00245__20180213T110141_20180213T110143_T31UDR,0,clear,8260,0.11104555109747463,0.1139225181598063,8474,
ROI_00245__20180213T110141_20180213T110143_T31UDR,1,thick_cloud,3887,0.3797647571335221,0.8970928736815025,9182,
ROI_00245__20180213T110141_20180213T110143_T31UDR,2,thin_cloud,38029,0.7507907870381217,0.8425938099871151,42679,
ROI_00245__20180213T110141_20180213T110143_T31UDR,3,cloud_shadow,0,0.0,,3546,no_true_class_for_recall
ROI_00245__20180526T105029_20180526T105635_T31UDR,0,clear,50176,1.0,1.0,50176,
ROI_00245__20180526T105029_20180526T105635_T31UDR,1,thick_cloud,0,,,0,absent_true_and_predicted_class
ROI_00245__20180526T105029_20180526T105635_T31UDR,2,thin_cloud,0,,,0,absent_true_and_predicted_class
ROI_00245__20180526T105029_20180526T105635_T31UDR,3,cloud_shadow,0,,,0,absent_true_and_predicted_class
ROI_00245__20180625T105029_20180625T105253_T31UDR,0,clear,40914,0.9002766314452859,0.9704257711296866,44102,
ROI_00245__20180625T105029_20180625T105253_T31UDR,1,thick_cloud,5517,0.5230645161290323,0.5878194671016856,6200,
ROI_00245__20180625T105029_20180625T105253_T31UDR,2,thin_cloud,0,,,0,absent_true_and_predicted_class
ROI_00245__20180625T105029_20180625T105253_T31UDR,3,cloud_shadow,3745,0.4329231389953601,0.5730307076101468,4957,
ROI_00245__20190708T105621_20190708T110438_T31UDR,0,clear,31195,0.8513721119378257,0.9060105786183683,33197,
ROI_00245__20190708T105621_20190708T110438_T31UDR,1,thick_cloud,12932,0.7796082500972888,0.9294772656974946,15418,
ROI_00245__20190708T105621_20190708T110438_T31UDR,2,thin_cloud,0,,,0,absent_true_and_predicted_class
ROI_00245__20190708T105621_20190708T110438_T31UDR,3,cloud_shadow,6049,0.6091598763697668,0.7168126963134402,7118,
ROI_00245__20200614T104629_20200614T104648_T31UDR,0,clear,14535,0.7391567358296534,0.8406604747162023,16531,
ROI_00245__20200614T104629_20200614T104648_T31UDR,1,thick_cloud,26386,0.8200919019712307,0.9334116576972638,30032,
ROI_00245__20200614T104629_20200614T104648_T31UDR,2,thin_cloud,0,,,0,absent_true_and_predicted_class
ROI_00245__20200614T104629_20200614T104648_T31UDR,3,cloud_shadow,9255,0.5609508891550723,0.6578065910318747,10853,
ROI_00264__20190120T080239_20190120T082812_T35HLD,0,clear,50176,1.0,1.0,50176,
ROI_00264__20190120T080239_20190120T082812_T35HLD,1,thick_cloud,0,,,0,absent_true_and_predicted_class
ROI_00264__20190120T080239_20190120T082812_T35HLD,2,thin_cloud,0,,,0,absent_true_and_predicted_class
ROI_00264__20190120T080239_20190120T082812_T35HLD,3,cloud_shadow,0,,,0,absent_true_and_predicted_class
ROI_00264__20190321T075619_20190321T081839_T35HKD,0,clear,5678,0.47119830063726104,0.664142303628038,8003,
ROI_00264__20190321T075619_20190321T081839_T35HKD,1,thick_cloud,32286,0.7887376629355739,0.8490057610109645,34753,
ROI_00264__20190321T075619_20190321T081839_T35HKD,2,thin_cloud,0,,,0,absent_true_and_predicted_class
ROI_00264__20190321T075619_20190321T081839_T35HKD,3,cloud_shadow,12212,0.5938933140236543,0.8059285948247625,16572,
ROI_00264__20190410T075619_20190410T082613_T35HKD,0,clear,11189,0.2319636432493846,0.9853427473411386,47529,
ROI_00264__20190410T075619_20190410T082613_T35HKD,1,thick_cloud,4753,0.40137013902881324,0.41910372396381235,4963,
ROI_00264__20190410T075619_20190410T082613_T35HKD,2,thin_cloud,31915,0.0,0.0,31915,
ROI_00264__20190410T075619_20190410T082613_T35HKD,3,cloud_shadow,2319,0.12055109070034443,0.13583441138421734,2613,
ROI_00264__20190719T075619_20190719T082310_T35HKD,0,clear,4079,0.513327289211242,0.6940426575140966,5515,
ROI_00264__20190719T075619_20190719T082310_T35HKD,1,thick_cloud,39689,0.9085410687602287,0.9651288770188213,42161,
ROI_00264__20190719T075619_20190719T082310_T35HKD,2,thin_cloud,0,,,0,absent_true_and_predicted_class
ROI_00264__20190719T075619_20190719T082310_T35HKD,3,cloud_shadow,6408,0.5349827081670657,0.6276529338327091,7518,
ROI_00264__20200628T075611_20200628T082104_T35HKD,0,clear,24155,0.8224131490474411,0.9114469054026082,26770,
ROI_00264__20200628T075611_20200628T082104_T35HKD,1,thick_cloud,8076,0.6997702589807853,0.8297424467558198,9576,
ROI_00264__20200628T075611_20200628T082104_T35HKD,2,thin_cloud,0,,,0,absent_true_and_predicted_class
ROI_00264__20200628T075611_20200628T082104_T35HKD,3,cloud_shadow,17945,0.8657608120968595,0.9125104485929229,18914,
ROI_00268__20190129T071209_20190129T071208_T38KNV,0,clear,44569,0.9120451847910612,0.9999775628800287,48866,
ROI_00268__20190129T071209_20190129T071208_T38KNV,1,thick_cloud,7,0.0,0.0,7,
ROI_00268__20190129T071209_20190129T071208_T38KNV,2,thin_cloud,5600,0.23234664764621968,0.23267857142857143,5608,
ROI_00268__20190129T071209_20190129T071208_T38KNV,3,cloud_shadow,0,,,0,absent_true_and_predicted_class
ROI_00268__20190213T071201_20190213T071519_T38KNV,0,clear,12022,0.5035586141991647,0.7121111295957412,17001,
ROI_00268__20190213T071201_20190213T071519_T38KNV,1,thick_cloud,23068,0.6593133385951065,0.7242500433500954,25340,
ROI_00268__20190213T071201_20190213T071519_T38KNV,2,thin_cloud,0,0.0,,994,no_true_class_for_recall
ROI_00268__20190213T071201_20190213T071519_T38KNV,3,cloud_shadow,15086,0.5186549315985841,0.71874585708604,20906,
ROI_00268__20190218T071209_20190218T071207_T38KNV,0,clear,447,0.8922155688622755,1.0,501,
ROI_00268__20190218T071209_20190218T071207_T38KNV,1,thick_cloud,21646,0.8388424545339997,0.9226646955557609,23809,
ROI_00268__20190218T071209_20190218T071207_T38KNV,2,thin_cloud,26483,0.6958746171860926,0.7292980402522373,27755,
ROI_00268__20190218T071209_20190218T071207_T38KNV,3,cloud_shadow,1600,0.13916633373285392,0.653125,7509,
ROI_00268__20190603T071211_20190603T071210_T38KNV,0,clear,28415,0.7028704030671442,0.9806792187225057,39646,
ROI_00268__20190603T071211_20190603T071210_T38KNV,1,thick_cloud,5823,0.20752797558494404,0.21020092735703247,5898,
ROI_00268__20190603T071211_20190603T071210_T38KNV,2,thin_cloud,12267,0.2545431836632736,0.3322735795222956,16013,
ROI_00268__20190603T071211_20190603T071210_T38KNV,3,cloud_shadow,3671,0.46474108769190736,0.48651593571234,3843,
ROI_00268__20190613T071211_20190613T071210_T38KNV,0,clear,50176,1.0,1.0,50176,
ROI_00268__20190613T071211_20190613T071210_T38KNV,1,thick_cloud,0,,,0,absent_true_and_predicted_class
ROI_00268__20190613T071211_20190613T071210_T38KNV,2,thin_cloud,0,,,0,absent_true_and_predicted_class
ROI_00268__20190613T071211_20190613T071210_T38KNV,3,cloud_shadow,0,,,0,absent_true_and_predicted_class
ROI_00271__20181226T053229_20181226T053653_T43QFG,0,clear,50176,1.0,1.0,50176,
ROI_00271__20181226T053229_20181226T053653_T43QFG,1,thick_cloud,0,,,0,absent_true_and_predicted_class
ROI_00271__20181226T053229_20181226T053653_T43QFG,2,thin_cloud,0,,,0,absent_true_and_predicted_class
ROI_00271__20181226T053229_20181226T053653_T43QFG,3,cloud_shadow,0,,,0,absent_true_and_predicted_class
ROI_00271__20190214T052929_20190214T054115_T43QFG,0,clear,447,1.0,1.0,447,
ROI_00271__20190214T052929_20190214T054115_T43QFG,1,thick_cloud,21485,0.5875234633971005,0.684710262974168,25039,
ROI_00271__20190214T052929_20190214T054115_T43QFG,2,thin_cloud,24122,0.608949061987736,0.8316060028190034,32942,
ROI_00271__20190214T052929_20190214T054115_T43QFG,3,cloud_shadow,4122,0.36495013230205575,0.43498301795245026,4913,
ROI_00271__20190724T052659_20190724T053718_T43QFG,0,clear,5752,0.6039412049749636,0.6500347705146036,6191,
ROI_00271__20190724T052659_20190724T053718_T43QFG,1,thick_cloud,19073,0.6655736211686478,0.7662140198185917,21957,
ROI_00271__20190724T052659_20190724T053718_T43QFG,2,thin_cloud,18217,0.6455161418891989,0.8890596695394412,25090,
ROI_00271__20190724T052659_20190724T053718_T43QFG,3,cloud_shadow,7134,0.5616455381556053,0.6334454723857583,8046,
ROI_00271__20190922T052649_20190922T054154_T43QFG,0,clear,30774,0.7686483620080132,0.8478260869565217,33944,
ROI_00271__20190922T052649_20190922T054154_T43QFG,1,thick_cloud,13177,0.6378654697338071,0.7765045154435759,16041,
ROI_00271__20190922T052649_20190922T054154_T43QFG,2,thin_cloud,0,0.0,,2076,no_true_class_for_recall
ROI_00271__20190922T052649_20190922T054154_T43QFG,3,cloud_shadow,6225,0.45313258863525985,0.5995180722891567,8236,
ROI_00271__20200224T052811_20200224T053954_T43QFG,0,clear,45128,0.9343736236078777,0.9871919872363056,47679,
ROI_00271__20200224T052811_20200224T053954_T43QFG,1,thick_cloud,3323,0.407663497551138,0.42582004213060487,3471,
ROI_00271__20200224T052811_20200224T053954_T43QFG,2,thin_cloud,0,,,0,absent_true_and_predicted_class
ROI_00271__20200224T052811_20200224T053954_T43QFG,3,cloud_shadow,1725,0.44638069705093836,0.5791304347826087,2238,
ROI_00285__20190220T001631_20190220T001625_T55HBB,0,clear,50176,1.0,1.0,50176,
ROI_00285__20190220T001631_20190220T001625_T55HBB,1,thick_cloud,0,,,0,absent_true_and_predicted_class
ROI_00285__20190220T001631_20190220T001625_T55HBB,2,thin_cloud,0,,,0,absent_true_and_predicted_class
ROI_00285__20190220T001631_20190220T001625_T55HBB,3,cloud_shadow,0,,,0,absent_true_and_predicted_class
ROI_00285__20190312T002051_20190312T002050_T55HBB,0,clear,47159,0.9398716517857143,1.0,50176,
ROI_00285__20190312T002051_20190312T002050_T55HBB,1,thick_cloud,2067,0.0,0.0,2067,
ROI_00285__20190312T002051_20190312T002050_T55HBB,2,thin_cloud,0,,,0,absent_true_and_predicted_class
ROI_00285__20190312T002051_20190312T002050_T55HBB,3,cloud_shadow,950,0.0,0.0,950,
ROI_00285__20190715T002109_20190715T002258_T55HBB,0,clear,38600,0.7763311128709182,0.8634974093264248,42934,
ROI_00285__20190715T002109_20190715T002258_T55HBB,1,thick_cloud,6565,0.2906057945566286,0.3529322162985529,7973,
ROI_00285__20190715T002109_20190715T002258_T55HBB,2,thin_cloud,0,0.0,,639,no_true_class_for_recall
ROI_00285__20190715T002109_20190715T002258_T55HBB,3,cloud_shadow,5011,0.40068128592718755,0.7511474755537817,9394,
ROI_00285__20200210T002049_20200210T002418_T55HBB,0,clear,6728,0.48696741854636594,0.8663793103448276,11970,
ROI_00285__20200210T002049_20200210T002418_T55HBB,1,thick_cloud,32693,0.789728268601508,0.8489584926436852,35145,
ROI_00285__20200210T002049_20200210T002418_T55HBB,2,thin_cloud,22,0.0,0.0,22,
ROI_00285__20200210T002049_20200210T002418_T55HBB,3,cloud_shadow,10733,0.4498522895125554,0.5675020963383957,13540,
ROI_00285__20200410T002049_20200410T002250_T55HBB,0,clear,447,1.0,1.0,447,
ROI_00285__20200410T002049_20200410T002250_T55HBB,1,thick_cloud,46293,0.9427229461520876,0.9798673665564989,48117,
ROI_00285__20200410T002049_20200410T002250_T55HBB,2,thin_cloud,0,,,0,absent_true_and_predicted_class
ROI_00285__20200410T002049_20200410T002250_T55HBB,3,cloud_shadow,3436,0.36904761904761907,0.4691501746216531,4368,
ROI_00309__20181220T130241_20181220T130239_T24LTJ,0,clear,34950,0.8085253103131226,0.9057796852646638,39154,
ROI_00309__20181220T130241_20181220T130239_T24LTJ,1,thick_cloud,9499,0.5256850823861133,0.6280661122223392,11349,
ROI_00309__20181220T130241_20181220T130239_T24LTJ,2,thin_cloud,40,0.0,0.0,40,
ROI_00309__20181220T130241_20181220T130239_T24LTJ,3,cloud_shadow,5687,0.4742317928865231,0.6892913662739582,8266,
ROI_00309__20190109T130241_20190109T130243_T24LTJ,0,clear,11840,0.6408085581151145,0.8246621621621621,15237,
ROI_00309__20190109T130241_20190109T130243_T24LTJ,1,thick_cloud,32641,0.8369660973599704,0.9023007873533286,35189,
ROI_00309__20190109T130241_20190109T130243_T24LTJ,2,thin_cloud,0,,,0,absent_true_and_predicted_class
ROI_00309__20190109T130241_20190109T130243_T24LTJ,3,cloud_shadow,5695,0.5280353830788985,0.6498683055311677,7009,
ROI_00309__20190218T130241_20190218T130244_T24LTJ,0,clear,12149,0.14176305095342295,0.149312700633797,12796,
ROI_00309__20190218T130241_20190218T130244_T24LTJ,1,thick_cloud,14901,0.5458366609221975,0.8714851352258237,23791,
ROI_00309__20190218T130241_20190218T130244_T24LTJ,2,thin_cloud,17312,0.49809296781883194,0.7241797597042514,25170,
ROI_00309__20190218T130241_20190218T130244_T24LTJ,3,cloud_shadow,5814,0.3964276854378566,0.5497076023391813,8062,
ROI_00309__20191120T130249_20191120T130245_T24LTJ,0,clear,50176,1.0,1.0,50176,
ROI_00309__20191120T130249_20191120T130245_T24LTJ,1,thick_cloud,0,,,0,absent_true_and_predicted_class
ROI_00309__20191120T130249_20191120T130245_T24LTJ,2,thin_cloud,0,,,0,absent_true_and_predicted_class
ROI_00309__20191120T130249_20191120T130245_T24LTJ,3,cloud_shadow,0,,,0,absent_true_and_predicted_class
ROI_00309__20200503T130251_20200503T130251_T24LTJ,0,clear,26508,0.7915916955017301,0.863022483778482,28900,
ROI_00309__20200503T130251_20200503T130251_T24LTJ,1,thick_cloud,16048,0.7380159786950732,0.8288883349950149,18024,
ROI_00309__20200503T130251_20200503T130251_T24LTJ,2,thin_cloud,0,,,0,absent_true_and_predicted_class
ROI_00309__20200503T130251_20200503T130251_T24LTJ,3,cloud_shadow,7620,0.5399517900187484,0.7937007874015748,11201,
ROI_00331__20181222T073319_20181222T074542_T37NHJ,0,clear,50176,1.0,1.0,50176,
ROI_00331__20181222T073319_20181222T074542_T37NHJ,1,thick_cloud,0,,,0,absent_true_and_predicted_class
ROI_00331__20181222T073319_20181222T074542_T37NHJ,2,thin_cloud,0,,,0,absent_true_and_predicted_class
ROI_00331__20181222T073319_20181222T074542_T37NHJ,3,cloud_shadow,0,,,0,absent_true_and_predicted_class
ROI_00331__20190416T072621_20190416T074442_T37PHK,0,clear,30751,0.8602951964552951,0.9533998894344899,34079,
ROI_00331__20190416T072621_20190416T074442_T37PHK,1,thick_cloud,14522,0.7012920557758731,0.7549924252857733,15634,
ROI_00331__20190416T072621_20190416T074442_T37PHK,2,thin_cloud,0,,,0,absent_true_and_predicted_class
ROI_00331__20190416T072621_20190416T074442_T37PHK,3,cloud_shadow,4903,0.5656840513983371,0.7632062002855394,6615,
ROI_00331__20190421T072619_20190421T073927_T37PHK,0,clear,14586,0.6911277863606268,0.8587686822980941,18124,
ROI_00331__20190421T072619_20190421T073927_T37PHK,1,thick_cloud,27025,0.77431906614786,0.809990749306198,28270,
ROI_00331__20190421T072619_20190421T073927_T37PHK,2,thin_cloud,0,,,0,absent_true_and_predicted_class
ROI_00331__20190421T072619_20190421T073927_T37PHK,3,cloud_shadow,8565,0.5405597162002365,0.8005837711617046,12685,
ROI_00331__20191008T072759_20191008T074520_T38NKP,0,clear,8083,0.5697958277851753,0.6352839292341952,9012,
ROI_00331__20191008T072759_20191008T074520_T38NKP,1,thick_cloud,29611,0.7661154345006486,0.7979129377596164,30840,
ROI_00331__20191008T072759_20191008T074520_T38NKP,2,thin_cloud,7788,0.5209673668707853,0.8629943502824858,12901,
ROI_00331__20191008T072759_20191008T074520_T38NKP,3,cloud_shadow,4694,0.49266970555624,0.851938645078824,8117,
ROI_00331__20191117T073109_20191117T073737_T37PHK,0,clear,46960,0.9708979354945693,0.9974446337308348,48244,
ROI_00331__20191117T073109_20191117T073737_T37PHK,1,thick_cloud,1985,0.5665847665847665,0.5808564231738035,2035,
ROI_00331__20191117T073109_20191117T073737_T37PHK,2,thin_cloud,0,,,0,absent_true_and_predicted_class
ROI_00331__20191117T073109_20191117T073737_T37PHK,3,cloud_shadow,1231,0.5987701767870869,0.6328188464662876,1301,
ROI_00342__20181228T084351_20181228T090053_T33KZT,0,clear,794,0.1086501569584932,0.7846347607052897,5734,
ROI_00342__20181228T084351_20181228T090053_T33KZT,1,thick_cloud,44291,0.7086889910264829,0.7310740330992752,45690,
ROI_00342__20181228T084351_20181228T090053_T33KZT,2,thin_cloud,0,0.0,,3659,no_true_class_for_recall
ROI_00342__20181228T084351_20181228T090053_T33KZT,3,cloud_shadow,5091,0.3010182435299109,0.5574543311726576,9428,
ROI_00342__20190201T084159_20190201T090346_T33KZT,0,clear,8347,0.6516373991457048,0.8224511800646939,10535,
ROI_00342__20190201T084159_20190201T090346_T33KZT,1,thick_cloud,25772,0.8399899612792199,0.9090873816545088,27892,
ROI_00342__20190201T084159_20190201T090346_T33KZT,2,thin_cloud,0,,,0,absent_true_and_predicted_class
ROI_00342__20190201T084159_20190201T090346_T33KZT,3,cloud_shadow,16057,0.7399746960778921,0.837765460546802,18179,
ROI_00342__20190402T083559_20190402T085915_T34KBC,0,clear,9062,0.3991070561972241,0.9075259324652395,20606,
ROI_00342__20190402T083559_20190402T085915_T34KBC,1,thick_cloud,14760,0.38429209351195165,0.3964769647696477,15228,
ROI_00342__20190402T083559_20190402T085915_T34KBC,2,thin_cloud,15710,0.19137908120320737,0.2749840865690643,22573,
ROI_00342__20190402T083559_20190402T085915_T34KBC,3,cloud_shadow,10644,0.6114000273710141,0.8394400601277715,14614,
ROI_00342__20190427T083601_20190427T090252_T33KZT,0,clear,50176,0.42996651785714285,0.42996651785714285,50176,
ROI_00342__20190427T083601_20190427T090252_T33KZT,1,thick_cloud,0,0.0,,1802,no_true_class_for_recall
ROI_00342__20190427T083601_20190427T090252_T33KZT,2,thin_cloud,0,0.0,,24754,no_true_class_for_recall
ROI_00342__20190427T083601_20190427T090252_T33KZT,3,cloud_shadow,0,0.0,,2046,no_true_class_for_recall
ROI_00342__20191103T084121_20191103T090537_T34KBC,0,clear,49536,0.993892975914542,0.9954780361757106,49615,
ROI_00342__20191103T084121_20191103T090537_T34KBC,1,thick_cloud,235,0.4884318766066838,0.8085106382978723,389,
ROI_00342__20191103T084121_20191103T090537_T34KBC,2,thin_cloud,0,,,0,absent_true_and_predicted_class
ROI_00342__20191103T084121_20191103T090537_T34KBC,3,cloud_shadow,405,0.7810526315789473,0.9160493827160494,475,
ROI_00343__20181221T023241_20181221T023241_T49KHR,0,clear,8539,0.2954640322805065,0.9947300620681578,28748,
ROI_00343__20181221T023241_20181221T023241_T49KHR,1,thick_cloud,13317,0.12089474077953168,0.12134865209882105,13367,
ROI_00343__20181221T023241_20181221T023241_T49KHR,2,thin_cloud,9460,0.08317259470719852,0.22790697674418606,25922,
ROI_00343__20181221T023241_20181221T023241_T49KHR,3,cloud_shadow,18860,0.05532161280134751,0.055726405090137855,18998,
ROI_00343__20181221T023241_20181221T023241_T50KKA,0,clear,8334,0.2946959712178962,0.9926805855531557,28073,
ROI_00343__20181221T023241_20181221T023241_T50KKA,1,thick_cloud,12876,0.14134138785625774,0.14173656415035726,12912,
ROI_00343__20181221T023241_20181221T023241_T50KKA,2,thin_cloud,9187,0.06840415486307838,0.1971263742244476,26475,
ROI_00343__20181221T023241_20181221T023241_T50KKA,3,cloud_shadow,19779,0.054475099251218656,0.05480560190100612,19899,
ROI_00343__20190130T023251_20190130T023246_T50KKA,0,clear,50176,1.0,1.0,50176,
ROI_00343__20190130T023251_20190130T023246_T50KKA,1,thick_cloud,0,,,0,absent_true_and_predicted_class
ROI_00343__20190130T023251_20190130T023246_T50KKA,2,thin_cloud,0,,,0,absent_true_and_predicted_class
ROI_00343__20190130T023251_20190130T023246_T50KKA,3,cloud_shadow,0,,,0,absent_true_and_predicted_class
ROI_00343__20200414T023251_20200414T023307_T50KKA,0,clear,35027,0.7605322059189257,0.8730693465041254,40210,
ROI_00343__20200414T023251_20200414T023307_T50KKA,1,thick_cloud,630,0.11013986013986014,0.6,3432,
ROI_00343__20200414T023251_20200414T023307_T50KKA,2,thin_cloud,0,,,0,absent_true_and_predicted_class
ROI_00343__20200414T023251_20200414T023307_T50KKA,3,cloud_shadow,14519,0.5142302716688227,0.6023142089675597,17006,
ROI_00343__20200429T023249_20200429T023245_T49KHR,0,clear,447,0.3833619210977702,1.0,1166,
ROI_00343__20200429T023249_20200429T023245_T49KHR,1,thick_cloud,40142,0.8774770794211864,0.9894624084500024,45265,
ROI_00343__20200429T023249_20200429T023245_T49KHR,2,thin_cloud,0,0.0,,1463,no_true_class_for_recall
ROI_00343__20200429T023249_20200429T023245_T49KHR,3,cloud_shadow,9587,0.2542857142857143,0.25993532909147804,9800,
ROI_00362__20190706T201851_20190706T202346_T08VNL,0,clear,48871,0.9590701969207299,0.9776349982607272,49817,
ROI_00362__20190706T201851_20190706T202346_T08VNL,1,thick_cloud,1001,0.1714422158548233,0.35864135864135865,2094,
ROI_00362__20190706T201851_20190706T202346_T08VNL,2,thin_cloud,0,,,0,absent_true_and_predicted_class
ROI_00362__20190706T201851_20190706T202346_T08VNL,3,cloud_shadow,304,0.0,0.0,304,
ROI_00362__20190904T201931_20190904T202032_T08VNL,0,clear,3666,0.3442879499217527,0.9601745771958538,10224,
ROI_00362__20190904T201931_20190904T202032_T08VNL,1,thick_cloud,37276,0.7847250718096019,0.8208498765962013,38992,
ROI_00362__20190904T201931_20190904T202032_T08VNL,2,thin_cloud,0,,,0,absent_true_and_predicted_class
ROI_00362__20190904T201931_20190904T202032_T08VNL,3,cloud_shadow,9234,0.4467397772677038,0.5690924842971626,11763,
ROI_00362__20190929T202229_20190929T202710_T08VNL,0,clear,447,0.01665176575771122,1.0,26844,
ROI_00362__20190929T202229_20190929T202710_T08VNL,1,thick_cloud,1712,0.06540748513466246,0.5461448598130841,14295,
ROI_00362__20190929T202229_20190929T202710_T08VNL,2,thin_cloud,48017,0.0,0.0,48017,
ROI_00362__20190929T202229_20190929T202710_T08VNL,3,cloud_shadow,0,0.0,,9814,no_true_class_for_recall
ROI_00362__20200521T201901_20200521T202253_T08VNL,0,clear,50176,1.0,1.0,50176,
ROI_00362__20200521T201901_20200521T202253_T08VNL,1,thick_cloud,0,,,0,absent_true_and_predicted_class
ROI_00362__20200521T201901_20200521T202253_T08VNL,2,thin_cloud,0,,,0,absent_true_and_predicted_class
ROI_00362__20200521T201901_20200521T202253_T08VNL,3,cloud_shadow,0,,,0,absent_true_and_predicted_class
ROI_00362__20200630T201851_20200630T202618_T08VNL,0,clear,33115,0.8393901026373212,0.9409331118828326,37121,
ROI_00362__20200630T201851_20200630T202618_T08VNL,1,thick_cloud,13992,0.7103448275862069,0.8171097770154374,16095,
ROI_00362__20200630T201851_20200630T202618_T08VNL,2,thin_cloud,0,,,0,absent_true_and_predicted_class
ROI_00362__20200630T201851_20200630T202618_T08VNL,3,cloud_shadow,3069,0.10344827586206896,0.13880742913000976,4118,
ROI_00374__20190505T043701_20190505T043704_T46RBU,0,clear,31760,0.6328669331810394,0.6978274559193954,35020,
ROI_00374__20190505T043701_20190505T043704_T46RBU,1,thick_cloud,7991,0.41071950435443333,0.879364284820423,17109,
ROI_00374__20190505T043701_20190505T043704_T46RBU,2,thin_cloud,0,0.0,,1253,no_true_class_for_recall
ROI_00374__20190505T043701_20190505T043704_T46RBU,3,cloud_shadow,10425,0.4904853717830497,0.5612470023980816,11929,
ROI_00374__20191017T043759_20191017T044357_T46RBU,0,clear,21988,0.8780732984293194,0.9534291431690013,23875,
ROI_00374__20191017T043759_20191017T044357_T46RBU,1,thick_cloud,28188,0.9095506980288911,0.9314601958280119,28867,
ROI_00374__20191017T043759_20191017T044357_T46RBU,2,thin_cloud,0,0.0,,45,no_true_class_for_recall
ROI_00374__20191017T043759_20191017T044357_T46RBU,3,cloud_shadow,0,0.0,,345,no_true_class_for_recall
ROI_00374__20191226T044209_20191226T044950_T46RBV,0,clear,16431,0.8579557771515283,0.9634836589373744,18452,
ROI_00374__20191226T044209_20191226T044950_T46RBV,1,thick_cloud,22959,0.7840913032920526,0.9844940981750077,28827,
ROI_00374__20191226T044209_20191226T044950_T46RBV,2,thin_cloud,0,,,0,absent_true_and_predicted_class
ROI_00374__20191226T044209_20191226T044950_T46RBV,3,cloud_shadow,10786,0.3342143638352169,0.33997774893380306,10972,
ROI_00374__20200209T043931_20200209T044913_T46RBU,0,clear,50176,0.7573142538265306,0.7573142538265306,50176,
ROI_00374__20200209T043931_20200209T044913_T46RBU,1,thick_cloud,0,,,0,absent_true_and_predicted_class
ROI_00374__20200209T043931_20200209T044913_T46RBU,2,thin_cloud,0,0.0,,12177,no_true_class_for_recall
ROI_00374__20200209T043931_20200209T044913_T46RBU,3,cloud_shadow,0,,,0,absent_true_and_predicted_class
ROI_00374__20200723T043659_20200723T043734_T46RBU,0,clear,1162,0.3846815834767642,0.3846815834767642,1162,
ROI_00374__20200723T043659_20200723T043734_T46RBU,1,thick_cloud,39877,0.8706701019576755,0.9914988589913986,45411,
ROI_00374__20200723T043659_20200723T043734_T46RBU,2,thin_cloud,0,,,0,absent_true_and_predicted_class
ROI_00374__20200723T043659_20200723T043734_T46RBU,3,cloud_shadow,9137,0.4556775010552976,0.4725839991244391,9476,
ROI_00391__20190331T120701_20190331T120655_T33XWF,0,clear,50176,1.0,1.0,50176,
ROI_00391__20190331T120701_20190331T120655_T33XWF,1,thick_cloud,0,,,0,absent_true_and_predicted_class
ROI_00391__20190331T120701_20190331T120655_T33XWF,2,thin_cloud,0,,,0,absent_true_and_predicted_class
ROI_00391__20190331T120701_20190331T120655_T33XWF,3,cloud_shadow,0,,,0,absent_true_and_predicted_class
ROI_00391__20190618T123701_20190618T123701_T33XWF,0,clear,35423,0.7059749681122449,1.0,50176,
ROI_00391__20190618T123701_20190618T123701_T33XWF,1,thick_cloud,394,0.0,0.0,394,
ROI_00391__20190618T123701_20190618T123701_T33XWF,2,thin_cloud,13837,0.0,0.0,13837,
ROI_00391__20190618T123701_20190618T123701_T33XWF,3,cloud_shadow,522,0.0,0.0,522,
ROI_00391__20190723T123709_20190723T123706_T33XWF,0,clear,23318,0.5718951803924502,0.9836606913114332,40107,
ROI_00391__20190723T123709_20190723T123706_T33XWF,1,thick_cloud,12060,0.28959871354433153,0.3285240464344942,13681,
ROI_00391__20190723T123709_20190723T123706_T33XWF,2,thin_cloud,0,0.0,,564,no_true_class_for_recall
ROI_00391__20190723T123709_20190723T123706_T33XWF,3,cloud_shadow,14798,0.2661407927880154,0.271320448709285,15086,
ROI_00391__20200503T123701_20200503T123712_T33XWF,0,clear,1458,0.083690587138863,0.6159122085048011,10730,
ROI_00391__20200503T123701_20200503T123712_T33XWF,1,thick_cloud,40068,0.8055776705849296,0.8586153538983727,42706,
ROI_00391__20200503T123701_20200503T123712_T33XWF,2,thin_cloud,0,,,0,absent_true_and_predicted_class
ROI_00391__20200503T123701_20200503T123712_T33XWF,3,cloud_shadow,8650,0.21788822480864004,0.24023121387283236,9537,
ROI_00391__20200620T115651_20200620T115648_T33XWF,0,clear,3588,0.5285514236813443,0.9467670011148273,6427,
ROI_00391__20200620T115651_20200620T115648_T33XWF,1,thick_cloud,36050,0.7972099274673835,0.9542857142857143,43153,
ROI_00391__20200620T115651_20200620T115648_T33XWF,2,thin_cloud,0,,,0,absent_true_and_predicted_class
ROI_00391__20200620T115651_20200620T115648_T33XWF,3,cloud_shadow,10538,0.18420812414422638,0.19149743784399317,10955,
ROI_00400__20190328T051651_20190328T052823_T44SME,0,clear,50176,1.0,1.0,50176,
ROI_00400__20190328T051651_20190328T052823_T44SME,1,thick_cloud,0,,,0,absent_true_and_predicted_class
ROI_00400__20190328T051651_20190328T052823_T44SME,2,thin_cloud,0,,,0,absent_true_and_predicted_class
ROI_00400__20190328T051651_20190328T052823_T44SME,3,cloud_shadow,0,,,0,absent_true_and_predicted_class
ROI_00400__20190407T051651_20190407T051652_T44SME,0,clear,32148,0.8527621861152141,0.8979096677864875,33850,
ROI_00400__20190407T051651_20190407T051652_T44SME,1,thick_cloud,13118,0.7841230429684806,0.8666717487421863,14499,
ROI_00400__20190407T051651_20190407T051652_T44SME,2,thin_cloud,0,,,0,absent_true_and_predicted_class
ROI_00400__20190407T051651_20190407T051652_T44SME,3,cloud_shadow,4910,0.5233656957928803,0.8234215885947047,7725,
ROI_00400__20190502T051659_20190502T052248_T44SME,0,clear,8306,0.18597817971628813,0.9296893811702384,41521,
ROI_00400__20190502T051659_20190502T052248_T44SME,1,thick_cloud,31447,0.21715902947816962,0.21715902947816962,31447,
ROI_00400__20190502T051659_20190502T052248_T44SME,2,thin_cloud,0,0.0,,98,no_true_class_for_recall
ROI_00400__20190502T051659_20190502T052248_T44SME,3,cloud_shadow,10423,0.10941719661991463,0.12050273433752279,11479,
ROI_00400__20190701T051659_20190701T052112_T44SME,0,clear,29355,0.7535637029230684,0.9256344745358542,36058,
ROI_00400__20190701T051659_20190701T052112_T44SME,1,thick_cloud,13307,0.5427732641496552,0.5974299241000977,14647,
ROI_00400__20190701T051659_20190701T052112_T44SME,2,thin_cloud,0,,,0,absent_true_and_predicted_class
ROI_00400__20190701T051659_20190701T052112_T44SME,3,cloud_shadow,7514,0.3825433085855702,0.5348682459409103,10506,
ROI_00400__20200725T051649_20200725T052448_T44SME,0,clear,23343,0.6747997219885138,0.7902583215524996,27337,
ROI_00400__20200725T051649_20200725T052448_T44SME,1,thick_cloud,10286,0.48616870505485277,0.9004472097997278,19051,
ROI_00400__20200725T051649_20200725T052448_T44SME,2,thin_cloud,746,0.0,0.0,746,
ROI_00400__20200725T051649_20200725T052448_T44SME,3,cloud_shadow,15801,0.4224613840405956,0.4794633251060059,17933,
ROI_00405__20180705T122649_20180705T122651_T33XWG,0,clear,17301,0.7153963747543132,0.946708282758222,22895,
ROI_00405__20180705T122649_20180705T122651_T33XWG,1,thick_cloud,21370,0.7975369266144433,0.957604117922321,25659,
ROI_00405__20180705T122649_20180705T122651_T33XWG,2,thin_cloud,0,,,0,absent_true_and_predicted_class
ROI_00405__20180705T122649_20180705T122651_T33XWG,3,cloud_shadow,11505,0.21823069403714565,0.23285528031290742,12276,
ROI_00405__20180728T123659_20180728T123654_T33XWG,0,clear,13592,0.6776205450733752,0.9512213066509712,19080,
ROI_00405__20180728T123659_20180728T123654_T33XWG,1,thick_cloud,22495,0.8242312469419248,0.973505223382974,26569,
ROI_00405__20180728T123659_20180728T123654_T33XWG,2,thin_cloud,0,,,0,absent_true_and_predicted_class
ROI_00405__20180728T123659_20180728T123654_T33XWG,3,cloud_shadow,14089,0.37848522679983354,0.387323443821421,14418,
ROI_00405__20190807T123701_20190807T123701_T33XWG,0,clear,38725,0.6687743311264847,0.6964751452550032,40329,
ROI_00405__20190807T123701_20190807T123701_T33XWG,1,thick_cloud,8982,0.5530368451352907,0.8556000890670229,13896,
ROI_00405__20190807T123701_20190807T123701_T33XWG,2,thin_cloud,0,,,0,absent_true_and_predicted_class
ROI_00405__20190807T123701_20190807T123701_T33XWG,3,cloud_shadow,2469,0.11056249394907541,0.4625354394491697,10329,
ROI_00405__20200617T114651_20200617T114651_T33XWG,0,clear,50176,1.0,1.0,50176,
ROI_00405__20200617T114651_20200617T114651_T33XWG,1,thick_cloud,0,,,0,absent_true_and_predicted_class
ROI_00405__20200617T114651_20200617T114651_T33XWG,2,thin_cloud,0,,,0,absent_true_and_predicted_class
ROI_00405__20200617T114651_20200617T114651_T33XWG,3,cloud_shadow,0,,,0,absent_true_and_predicted_class
ROI_00405__20200724T122659_20200724T122654_T33XWG,0,clear,4284,0.5266463646745337,0.6458916900093371,5254,
ROI_00405__20200724T122659_20200724T122654_T33XWG,1,thick_cloud,43921,0.9193054136874361,0.9630928257553334,46013,
ROI_00405__20200724T122659_20200724T122654_T33XWG,2,thin_cloud,1967,0.0,0.0,1967,
ROI_00405__20200724T122659_20200724T122654_T33XWG,3,cloud_shadow,4,0.0,0.0,2051,
ROI_00413__20190112T144731_20190112T144727_T19LEC,0,clear,5571,0.5969716088328075,0.8492191707054388,7925,
ROI_00413__20190112T144731_20190112T144727_T19LEC,1,thick_cloud,41394,0.8976134960910712,0.9486157414117988,43746,
ROI_00413__20190112T144731_20190112T144727_T19LEC,2,thin_cloud,2333,0.0,0.0,2333,
ROI_00413__20190112T144731_20190112T144727_T19LEC,3,cloud_shadow,878,0.076007326007326,0.18906605922551253,2184,
ROI_00413__20190402T144731_20190402T144934_T19LEC,0,clear,8713,0.6779365951988272,0.8491908642258694,10914,
ROI_00413__20190402T144731_20190402T144934_T19LEC,1,thick_cloud,38097,0.9065950388671585,0.9612567918733759,40394,
ROI_00413__20190402T144731_20190402T144934_T19LEC,2,thin_cloud,2715,0.0,0.0,2715,
ROI_00413__20190402T144731_20190402T144934_T19LEC,3,cloud_shadow,651,0.05097860719162494,0.17204301075268819,2197,
ROI_00413__20190731T144741_20190731T145634_T19LEC,0,clear,50176,0.8027543048469388,0.8027543048469388,50176,
ROI_00413__20190731T144741_20190731T145634_T19LEC,1,thick_cloud,0,0.0,,9107,no_true_class_for_recall
ROI_00413__20190731T144741_20190731T145634_T19LEC,2,thin_cloud,0,,,0,absent_true_and_predicted_class
ROI_00413__20190731T144741_20190731T145634_T19LEC,3,cloud_shadow,0,0.0,,790,no_true_class_for_recall
ROI_00413__20200327T144721_20200327T145522_T19LEC,0,clear,8464,0.4318336355394379,0.9004017013232514,17648,
ROI_00413__20200327T144721_20200327T145522_T19LEC,1,thick_cloud,15504,0.4977433004231312,0.9104747162022704,28360,
ROI_00413__20200327T144721_20200327T145522_T19LEC,2,thin_cloud,25235,0.14860693367104638,0.14880126808004757,25268,
ROI_00413__20200327T144721_20200327T145522_T19LEC,3,cloud_shadow,973,0.12386328002508623,0.40596094552929085,3189,
ROI_00413__20200730T144729_20200730T145622_T19LEC,0,clear,50176,0.8406210140306123,0.8406210140306123,50176,
ROI_00413__20200730T144729_20200730T145622_T19LEC,1,thick_cloud,0,0.0,,6823,no_true_class_for_recall
ROI_00413__20200730T144729_20200730T145622_T19LEC,2,thin_cloud,0,,,0,absent_true_and_predicted_class
ROI_00413__20200730T144729_20200730T145622_T19LEC,3,cloud_shadow,0,0.0,,1174,no_true_class_for_recall
ROI_00428__20190127T144729_20190127T144731_T19LDD,0,clear,2718,0.5552575107296137,0.7615894039735099,3728,
ROI_00428__20190127T144729_20190127T144731_T19LDD,1,thick_cloud,43820,0.9415852001227478,0.9803057964399817,45622,
ROI_00428__20190127T144729_20190127T144731_T19LDD,2,thin_cloud,0,,,0,absent_true_and_predicted_class
ROI_00428__20190127T144729_20190127T144731_T19LDD,3,cloud_shadow,3638,0.3325156110615522,0.40984057174271576,4484,
ROI_00428__20190303T144731_20190303T145229_T19LDD,0,clear,17835,0.6144523868211322,0.838631903560415,24342,
ROI_00428__20190303T144731_20190303T145229_T19LDD,1,thick_cloud,22867,0.7743300986382333,0.8479468229326104,25041,
ROI_00428__20190303T144731_20190303T145229_T19LDD,2,thin_cloud,0,0.0,,104,no_true_class_for_recall
ROI_00428__20190303T144731_20190303T145229_T19LDD,3,cloud_shadow,9474,0.30680379746835446,0.4093308000844416,12640,
ROI_00428__20190407T144739_20190407T145613_T19LDD,0,clear,31806,0.8094621047117532,0.9230962711438093,36271,
ROI_00428__20190407T144739_20190407T145613_T19LDD,1,thick_cloud,11734,0.6993577635058557,0.7888188171126641,13235,
ROI_00428__20190407T144739_20190407T145613_T19LDD,2,thin_cloud,0,,,0,absent_true_and_predicted_class
ROI_00428__20190407T144739_20190407T145613_T19LDD,3,cloud_shadow,6636,0.2794225337378387,0.4025015069318867,9559,
ROI_00428__20190502T144741_20190502T145234_T19LDD,0,clear,50176,1.0,1.0,50176,
ROI_00428__20190502T144741_20190502T145234_T19LDD,1,thick_cloud,0,,,0,absent_true_and_predicted_class
ROI_00428__20190502T144741_20190502T145234_T19LDD,2,thin_cloud,0,,,0,absent_true_and_predicted_class
ROI_00428__20190502T144741_20190502T145234_T19LDD,3,cloud_shadow,0,,,0,absent_true_and_predicted_class
ROI_00428__20200127T144701_20200127T145626_T19LDD,0,clear,28286,0.8923516603157322,0.9272431591600084,29392,
ROI_00428__20200127T144701_20200127T145626_T19LDD,1,thick_cloud,16689,0.825302461410096,0.9482892923482533,19176,
ROI_00428__20200127T144701_20200127T145626_T19LDD,2,thin_cloud,0,,,0,absent_true_and_predicted_class
ROI_00428__20200127T144701_20200127T145626_T19LDD,3,cloud_shadow,5201,0.48981779206859594,0.6150740242261103,6531,
ROI_00489__20190427T015701_20190427T015656_T53TPN,0,clear,50176,1.0,1.0,50176,
ROI_00489__20190427T015701_20190427T015656_T53TPN,1,thick_cloud,0,,,0,absent_true_and_predicted_class
ROI_00489__20190427T015701_20190427T015656_T53TPN,2,thin_cloud,0,,,0,absent_true_and_predicted_class
ROI_00489__20190427T015701_20190427T015656_T53TPN,3,cloud_shadow,0,,,0,absent_true_and_predicted_class
ROI_00489__20190623T014701_20190623T014656_T53TPN,0,clear,447,0.9955456570155902,1.0,449,
ROI_00489__20190623T014701_20190623T014656_T53TPN,1,thick_cloud,45277,0.9536307031897486,0.9911213198754334,47057,
ROI_00489__20190623T014701_20190623T014656_T53TPN,2,thin_cloud,0,,,0,absent_true_and_predicted_class
ROI_00489__20190623T014701_20190623T014656_T53TPN,3,cloud_shadow,4452,0.5500618046971569,0.5997304582210242,4854,
ROI_00489__20190906T014659_20190906T015218_T53TPN,0,clear,40507,0.9339247476292444,0.9798059594637963,42497,
ROI_00489__20190906T014659_20190906T015218_T53TPN,1,thick_cloud,6246,0.709128878281623,0.7611271213576689,6704,
ROI_00489__20190906T014659_20190906T015218_T53TPN,2,thin_cloud,0,,,0,absent_true_and_predicted_class
ROI_00489__20190906T014659_20190906T015218_T53TPN,3,cloud_shadow,3423,0.6226415094339622,0.7519719544259421,4134,
ROI_00489__20191014T015701_20191014T015655_T53TPN,0,clear,42638,0.9543564714389009,0.9905717904216895,44256,
ROI_00489__20191014T015701_20191014T015655_T53TPN,1,thick_cloud,5233,0.5977753857194116,0.6367284540416587,5574,
ROI_00489__20191014T015701_20191014T015655_T53TPN,2,thin_cloud,0,,,0,absent_true_and_predicted_class
ROI_00489__20191014T015701_20191014T015655_T53TPN,3,cloud_shadow,2305,0.7382456140350877,0.9127982646420825,2850,
ROI_00489__20200528T014701_20200528T014658_T53TPN,0,clear,32347,0.8141089382388687,0.9111818715800538,36204,
ROI_00489__20200528T014701_20200528T014658_T53TPN,1,thick_cloud,11286,0.6395077445363887,0.8011695906432749,14139,
ROI_00489__20200528T014701_20200528T014658_T53TPN,2,thin_cloud,2059,0.15950920245398773,0.3030597377367654,3912,
ROI_00489__20200528T014701_20200528T014658_T53TPN,3,cloud_shadow,4484,0.37164826498422715,0.4203835860838537,5072,
ROI_00502__20180207T104211_20180207T104212_T33VWJ,0,clear,23207,0.18934105227311426,0.1916663075796096,23492,
ROI_00502__20180207T104211_20180207T104212_T33VWJ,1,thick_cloud,3796,0.09690705825168205,0.9978925184404637,39089,
ROI_00502__20180207T104211_20180207T104212_T33VWJ,2,thin_cloud,23173,0.0006004717992708557,0.0006041513830751306,23315,
ROI_00502__20180207T104211_20180207T104212_T33VWJ,3,cloud_shadow,0,0.0,,6206,no_true_class_for_recall
ROI_00502__20180316T103021_20180316T103018_T33VWJ,0,clear,50176,1.0,1.0,50176,
ROI_00502__20180316T103021_20180316T103018_T33VWJ,1,thick_cloud,0,,,0,absent_true_and_predicted_class
ROI_00502__20180316T103021_20180316T103018_T33VWJ,2,thin_cloud,0,,,0,absent_true_and_predicted_class
ROI_00502__20180316T103021_20180316T103018_T33VWJ,3,cloud_shadow,0,,,0,absent_true_and_predicted_class
ROI_00502__20180520T103019_20180520T103020_T33VWJ,0,clear,47760,0.9518494897959183,1.0,50176,
ROI_00502__20180520T103019_20180520T103020_T33VWJ,1,thick_cloud,0,,,0,absent_true_and_predicted_class
ROI_00502__20180520T103019_20180520T103020_T33VWJ,2,thin_cloud,2416,0.0,0.0,2416,
ROI_00502__20180520T103019_20180520T103020_T33VWJ,3,cloud_shadow,0,,,0,absent_true_and_predicted_class
ROI_00502__20180707T104021_20180707T104023_T33VWJ,0,clear,17886,0.6391392718275009,0.8087330873308733,22632,
ROI_00502__20180707T104021_20180707T104023_T33VWJ,1,thick_cloud,20380,0.6645390353851678,0.8173699705593719,25067,
ROI_00502__20180707T104021_20180707T104023_T33VWJ,2,thin_cloud,0,,,0,absent_true_and_predicted_class
ROI_00502__20180707T104021_20180707T104023_T33VWJ,3,cloud_shadow,11910,0.42281258260639704,0.5371956339210747,15132,
ROI_00502__20200427T104031_20200427T104025_T33VVJ,0,clear,447,1.0,1.0,447,
ROI_00502__20200427T104031_20200427T104025_T33VVJ,1,thick_cloud,44025,0.9393074828167552,0.9871209540034072,46266,
ROI_00502__20200427T104031_20200427T104025_T33VVJ,2,thin_cloud,0,,,0,absent_true_and_predicted_class
ROI_00502__20200427T104031_20200427T104025_T33VVJ,3,cloud_shadow,5704,0.5522245255940041,0.6071178120617111,6271,
ROI_00503__20190319T190109_20190319T191114_T10TDK,0,clear,447,0.9977678571428571,1.0,448,
ROI_00503__20190319T190109_20190319T191114_T10TDK,1,thick_cloud,8558,0.30420116528672186,0.9273194671652255,26088,
ROI_00503__20190319T190109_20190319T191114_T10TDK,2,thin_cloud,38103,0.43121249109958293,0.4450305750203396,39324,
ROI_00503__20190319T190109_20190319T191114_T10TDK,3,cloud_shadow,3068,0.3366437855995326,0.7513037809647979,6847,
ROI_00503__20190324T190031_20190324T191219_T10TDK,0,clear,50176,0.9974888392857143,0.9974888392857143,50176,
ROI_00503__20190324T190031_20190324T191219_T10TDK,1,thick_cloud,0,,,0,absent_true_and_predicted_class
ROI_00503__20190324T190031_20190324T191219_T10TDK,2,thin_cloud,0,0.0,,126,no_true_class_for_recall
ROI_00503__20190324T190031_20190324T191219_T10TDK,3,cloud_shadow,0,,,0,absent_true_and_predicted_class
ROI_00503__20190428T185929_20190428T190154_T10TDK,0,clear,50176,1.0,1.0,50176,
ROI_00503__20190428T185929_20190428T190154_T10TDK,1,thick_cloud,0,,,0,absent_true_and_predicted_class
ROI_00503__20190428T185929_20190428T190154_T10TDK,2,thin_cloud,0,,,0,absent_true_and_predicted_class
ROI_00503__20190428T185929_20190428T190154_T10TDK,3,cloud_shadow,0,,,0,absent_true_and_predicted_class
ROI_00503__20200318T190111_20200318T191148_T10TDK,0,clear,15188,0.7453412693997886,0.8822096391888333,17977,
ROI_00503__20200318T190111_20200318T191148_T10TDK,1,thick_cloud,29360,0.8909688117864659,0.9516008174386921,31358,
ROI_00503__20200318T190111_20200318T191148_T10TDK,2,thin_cloud,2068,0.06910946196660482,0.07205029013539652,2156,
ROI_00503__20200318T190111_20200318T191148_T10TDK,3,cloud_shadow,3560,0.4532912889239259,0.6460674157303371,5074,
ROI_00503__20200323T185939_20200323T191124_T10TDK,0,clear,447,1.0,1.0,447,
ROI_00503__20200323T185939_20200323T191124_T10TDK,1,thick_cloud,48441,0.9830290405587551,0.9936830370966743,48966,
ROI_00503__20200323T185939_20200323T191124_T10TDK,2,thin_cloud,0,,,0,absent_true_and_predicted_class
ROI_00503__20200323T185939_20200323T191124_T10TDK,3,cloud_shadow,1288,0.47867001254705144,0.592391304347826,1594,
ROI_00535__20190429T182929_20190429T183604_T11TPN,0,clear,50176,1.0,1.0,50176,
ROI_00535__20190429T182929_20190429T183604_T11TPN,1,thick_cloud,0,,,0,absent_true_and_predicted_class
ROI_00535__20190429T182929_20190429T183604_T11TPN,2,thin_cloud,0,,,0,absent_true_and_predicted_class
ROI_00535__20190429T182929_20190429T183604_T11TPN,3,cloud_shadow,0,,,0,absent_true_and_predicted_class
ROI_00535__20190512T183929_20190512T184617_T11TPN,0,clear,30056,0.3879624552462665,0.40018631887143996,31003,
ROI_00535__20190512T183929_20190512T184617_T11TPN,1,thick_cloud,0,0.0,,482,no_true_class_for_recall
ROI_00535__20190512T183929_20190512T184617_T11TPN,2,thin_cloud,20120,0.4897266580726632,0.9251988071570576,38011,
ROI_00535__20190512T183929_20190512T184617_T11TPN,3,cloud_shadow,0,0.0,,213,no_true_class_for_recall
ROI_00535__20190628T182929_20190628T183312_T11TPN,0,clear,17378,0.44216250461960827,0.9638623547013465,37882,
ROI_00535__20190628T182929_20190628T183312_T11TPN,1,thick_cloud,3419,0.1856492027334852,0.19069903480549869,3512,
ROI_00535__20190628T182929_20190628T183312_T11TPN,2,thin_cloud,28824,0.2656439996258535,0.29558701082431305,32073,
ROI_00535__20190628T182929_20190628T183312_T11TPN,3,cloud_shadow,555,0.5358851674641149,0.6054054054054054,627,
ROI_00535__20200307T184219_20200307T184220_T11TPN,0,clear,6746,0.1151468315301391,0.1546101393418322,9058,
ROI_00535__20200307T184219_20200307T184220_T11TPN,1,thick_cloud,252,0.0,0.0,600,
ROI_00535__20200307T184219_20200307T184220_T11TPN,2,thin_cloud,43178,0.8314231234494495,0.9391588308860994,48773,
ROI_00535__20200307T184219_20200307T184220_T11TPN,3,cloud_shadow,0,0.0,,327,no_true_class_for_recall
ROI_00535__20200610T183921_20200610T184818_T11TPM,0,clear,31685,0.8519837963628006,0.9359318289411394,34807,
ROI_00535__20200610T183921_20200610T184818_T11TPM,1,thick_cloud,13112,0.691946059631325,0.853111653447224,16166,
ROI_00535__20200610T183921_20200610T184818_T11TPM,2,thin_cloud,0,,,0,absent_true_and_predicted_class
ROI_00535__20200610T183921_20200610T184818_T11TPM,3,cloud_shadow,5379,0.37887596899224807,0.4361405465699944,6192,
ROI_00539__20190322T163951_20190322T164744_T16SBB,0,clear,26622,0.9388954171562868,0.9904214559386973,28083,
ROI_00539__20190322T163951_20190322T164744_T16SBB,1,thick_cloud,9319,0.7803108808290156,0.8888292735272025,10615,
ROI_00539__20190322T163951_20190322T164744_T16SBB,2,thin_cloud,14235,0.7719160104986876,0.8264137688795223,15240,
ROI_00539__20190322T163951_20190322T164744_T16SBB,3,cloud_shadow,0,,,0,absent_true_and_predicted_class
ROI_00539__20190403T162839_20190403T163509_T16SBB,0,clear,33675,0.7064889473972903,0.7649591685226429,36462,
ROI_00539__20190403T162839_20190403T163509_T16SBB,1,thick_cloud,0,,,0,absent_true_and_predicted_class
ROI_00539__20190403T162839_20190403T163509_T16SBB,2,thin_cloud,16501,0.5616808650065531,0.8311011453851281,24416,
ROI_00539__20190403T162839_20190403T163509_T16SBB,3,cloud_shadow,0,,,0,absent_true_and_predicted_class
ROI_00539__20190720T163901_20190720T165426_T16SBB,0,clear,447,1.0,1.0,447,
ROI_00539__20190720T163901_20190720T165426_T16SBB,1,thick_cloud,48457,0.6795715789256455,0.6795715789256455,48457,
ROI_00539__20190720T163901_20190720T165426_T16SBB,2,thin_cloud,0,0.0,,14022,no_true_class_for_recall
ROI_00539__20190720T163901_20190720T165426_T16SBB,3,cloud_shadow,1272,0.3262364886996397,0.7830188679245284,3053,
ROI_00539__20191219T163709_20191219T164030_T16SBB,0,clear,50176,1.0,1.0,50176,
ROI_00539__20191219T163709_20191219T164030_T16SBB,1,thick_cloud,0,,,0,absent_true_and_predicted_class
ROI_00539__20191219T163709_20191219T164030_T16SBB,2,thin_cloud,0,,,0,absent_true_and_predicted_class
ROI_00539__20191219T163709_20191219T164030_T16SBB,3,cloud_shadow,0,,,0,absent_true_and_predicted_class
ROI_00539__20200308T163019_20200308T164006_T16SBB,0,clear,5669,0.7025960224684985,0.8163697301111307,6587,
ROI_00539__20200308T163019_20200308T164006_T16SBB,1,thick_cloud,27688,0.5946373833664567,0.6375686217856111,29687,
ROI_00539__20200308T163019_20200308T164006_T16SBB,2,thin_cloud,16819,0.46378770906562633,0.7138949997027172,25889,
ROI_00539__20200308T163019_20200308T164006_T16SBB,3,cloud_shadow,0,0.0,,3901,no_true_class_for_recall
ROI_00583__20190512T144741_20190512T144833_T19LDE,0,clear,447,1.0,1.0,447,
ROI_00583__20190512T144741_20190512T144833_T19LDE,1,thick_cloud,48203,0.9811212345071001,0.9918884716718877,48732,
ROI_00583__20190512T144741_20190512T144833_T19LDE,2,thin_cloud,0,,,0,absent_true_and_predicted_class
ROI_00583__20190512T144741_20190512T144833_T19LDE,3,cloud_shadow,1526,0.5200834637454356,0.6533420707732635,1917,
ROI_00583__20190731T144741_20190731T145634_T19LDE,0,clear,35784,0.8961861599215499,0.9449474625530964,37731,
ROI_00583__20190731T144741_20190731T145634_T19LDE,1,thick_cloud,7550,0.7354958725729567,0.8378807947019867,8601,
ROI_00583__20190731T144741_20190731T145634_T19LDE,2,thin_cloud,0,,,0,absent_true_and_predicted_class
ROI_00583__20190731T144741_20190731T145634_T19LDE,3,cloud_shadow,6842,0.7496533467792764,0.8691902952353113,7933,
ROI_00583__20190929T144731_20190929T145611_T19LDE,0,clear,45097,0.9451631872978535,0.9979156041421824,47614,
ROI_00583__20190929T144731_20190929T145611_T19LDE,1,thick_cloud,1567,0.5560040363269425,0.7032546266751755,1982,
ROI_00583__20190929T144731_20190929T145611_T19LDE,2,thin_cloud,3512,0.25353283458021614,0.26053530751708426,3609,
ROI_00583__20190929T144731_20190929T145611_T19LDE,3,cloud_shadow,0,0.0,,127,no_true_class_for_recall
ROI_00583__20200401T144729_20200401T145602_T19LDE,0,clear,5928,0.42767950052029136,0.6239878542510121,8649,
ROI_00583__20200401T144729_20200401T145602_T19LDE,1,thick_cloud,35659,0.8126400475149159,0.8441347205474073,37041,
ROI_00583__20200401T144729_20200401T145602_T19LDE,2,thin_cloud,0,0.0,,3499,no_true_class_for_recall
ROI_00583__20200401T144729_20200401T145602_T19LDE,3,cloud_shadow,8589,0.588418259994511,0.7488648271044359,10931,
ROI_00583__20200526T144731_20200526T145503_T19LDE,0,clear,50176,1.0,1.0,50176,
ROI_00583__20200526T144731_20200526T145503_T19LDE,1,thick_cloud,0,,,0,absent_true_and_predicted_class
ROI_00583__20200526T144731_20200526T145503_T19LDE,2,thin_cloud,0,,,0,absent_true_and_predicted_class
ROI_00583__20200526T144731_20200526T145503_T19LDE,3,cloud_shadow,0,,,0,absent_true_and_predicted_class
ROI_00591__20190308T144729_20190308T144826_T20NKJ,0,clear,37318,0.7525938559623155,0.9932472265394716,49251,
ROI_00591__20190308T144729_20190308T144826_T20NKJ,1,thick_cloud,0,,,0,absent_true_and_predicted_class
ROI_00591__20190308T144729_20190308T144826_T20NKJ,2,thin_cloud,12858,0.07055682684973302,0.07193964846787992,13110,
ROI_00591__20190308T144729_20190308T144826_T20NKJ,3,cloud_shadow,0,,,0,absent_true_and_predicted_class
ROI_00591__20190830T144731_20190830T144732_T20NLJ,0,clear,39784,0.9195503794568278,0.9685049266036597,41902,
ROI_00591__20190830T144731_20190830T144732_T20NLJ,1,thick_cloud,6246,0.5398493881393159,0.5509125840537944,6374,
ROI_00591__20190830T144731_20190830T144732_T20NLJ,2,thin_cloud,0,0.0,,1241,no_true_class_for_recall
ROI_00591__20190830T144731_20190830T144732_T20NLJ,3,cloud_shadow,4146,0.6461738484398217,0.8391220453449107,5384,
ROI_00591__20191118T144731_20191118T144727_T20NKJ,0,clear,50176,1.0,1.0,50176,
ROI_00591__20191118T144731_20191118T144727_T20NKJ,1,thick_cloud,0,,,0,absent_true_and_predicted_class
ROI_00591__20191118T144731_20191118T144727_T20NKJ,2,thin_cloud,0,,,0,absent_true_and_predicted_class
ROI_00591__20191118T144731_20191118T144727_T20NKJ,3,cloud_shadow,0,,,0,absent_true_and_predicted_class
ROI_00591__20200406T144721_20200406T144723_T20NLJ,0,clear,5752,0.3811530230069556,0.9907858136300417,14952,
ROI_00591__20200406T144721_20200406T144723_T20NLJ,1,thick_cloud,356,0.28691275167785235,0.4803370786516854,596,
ROI_00591__20200406T144721_20200406T144723_T20NLJ,2,thin_cloud,44068,0.7815645736469101,0.7857856040664428,44306,
ROI_00591__20200406T144721_20200406T144723_T20NLJ,3,cloud_shadow,0,,,0,absent_true_and_predicted_class
ROI_00591__20200710T144729_20200710T144727_T20NKJ,0,clear,447,1.0,1.0,447,
ROI_00591__20200710T144729_20200710T144727_T20NKJ,1,thick_cloud,29924,0.45586413716669927,0.4673506215746558,30678,
ROI_00591__20200710T144729_20200710T144727_T20NKJ,2,thin_cloud,0,0.0,,33257,no_true_class_for_recall
ROI_00591__20200710T144729_20200710T144727_T20NKJ,3,cloud_shadow,19805,0.08728355797869655,0.08730118656904821,19809,
ROI_00593__20190218T143751_20190218T143748_T20MKT,0,clear,8417,0.5109576703692584,0.808839253890935,13324,
ROI_00593__20190218T143751_20190218T143748_T20MKT,1,thick_cloud,32642,0.7339918353364355,0.787666196924208,35029,
ROI_00593__20190218T143751_20190218T143748_T20MKT,2,thin_cloud,0,0.0,,3139,no_true_class_for_recall
ROI_00593__20190218T143751_20190218T143748_T20MKT,3,cloud_shadow,9117,0.47362250879249707,0.5760666886037074,11089,
ROI_00593__20190509T143751_20190509T143840_T20MKT,0,clear,29715,0.7544011794293644,0.8782433114588591,34593,
ROI_00593__20190509T143751_20190509T143840_T20MKT,1,thick_cloud,12917,0.5556662019518024,0.6479832778508942,15063,
ROI_00593__20190509T143751_20190509T143840_T20MKT,2,thin_cloud,0,,,0,absent_true_and_predicted_class
ROI_00593__20190509T143751_20190509T143840_T20MKT,3,cloud_shadow,7544,0.5531629821035505,0.7661717921527041,10449,
ROI_00593__20190618T143751_20190618T143750_T20MKT,0,clear,50176,1.0,1.0,50176,
ROI_00593__20190618T143751_20190618T143750_T20MKT,1,thick_cloud,0,,,0,absent_true_and_predicted_class
ROI_00593__20190618T143751_20190618T143750_T20MKT,2,thin_cloud,0,,,0,absent_true_and_predicted_class
ROI_00593__20190618T143751_20190618T143750_T20MKT,3,cloud_shadow,0,,,0,absent_true_and_predicted_class
ROI_00593__20191215T143721_20191215T143722_T20MKT,0,clear,7858,0.6791160624600493,0.9464240264698397,10951,
ROI_00593__20191215T143721_20191215T143722_T20MKT,1,thick_cloud,33074,0.755569252443427,0.7783455282094697,34071,
ROI_00593__20191215T143721_20191215T143722_T20MKT,2,thin_cloud,4627,0.1767112778109283,0.44802247676680357,11731,
ROI_00593__20191215T143721_20191215T143722_T20MKT,3,cloud_shadow,4617,0.6406526439944957,0.7058696123023609,5087,
ROI_00593__20200612T143731_20200612T143733_T20MKT,0,clear,1529,0.18533333333333332,1.0,8250,
ROI_00593__20200612T143731_20200612T143733_T20MKT,1,thick_cloud,20585,0.7465163836971512,0.7625455428710226,21027,
ROI_00593__20200612T143731_20200612T143733_T20MKT,2,thin_cloud,0,0.0,,882,no_true_class_for_recall
ROI_00593__20200612T143731_20200612T143733_T20MKT,3,cloud_shadow,28062,0.7147528246301272,0.7867578932364051,30889,
ROI_00628__20190217T163341_20190217T164121_T15QXU,0,clear,50176,1.0,1.0,50176,
ROI_00628__20190217T163341_20190217T164121_T15QXU,1,thick_cloud,0,,,0,absent_true_and_predicted_class
ROI_00628__20190217T163341_20190217T164121_T15QXU,2,thin_cloud,0,,,0,absent_true_and_predicted_class
ROI_00628__20190217T163341_20190217T164121_T15QXU,3,cloud_shadow,0,,,0,absent_true_and_predicted_class
ROI_00628__20190622T162839_20190622T164451_T15QXU,0,clear,447,0.9933333333333333,1.0,450,
ROI_00628__20190622T162839_20190622T164451_T15QXU,1,thick_cloud,42999,0.898618495505306,0.9787436917137607,46833,
ROI_00628__20190622T162839_20190622T164451_T15QXU,2,thin_cloud,0,,,0,absent_true_and_predicted_class
ROI_00628__20190622T162839_20190622T164451_T15QXU,3,cloud_shadow,6730,0.3784667713239142,0.4298662704309064,7644,
ROI_00628__20191214T163701_20191214T164645_T15QXU,0,clear,35290,0.7478325936629167,0.8212808160952111,38756,
ROI_00628__20191214T163701_20191214T164645_T15QXU,1,thick_cloud,7572,0.462855660295771,0.7068145800316957,11563,
ROI_00628__20191214T163701_20191214T164645_T15QXU,2,thin_cloud,3600,0.6349629066007229,0.9272222222222222,5257,
ROI_00628__20191214T163701_20191214T164645_T15QXU,3,cloud_shadow,3714,0.2645540324016379,0.40010770059235323,5617,
ROI_00628__20200427T162829_20200427T164229_T15QXU,0,clear,30837,0.7317252388071047,0.9365048480721212,39467,
ROI_00628__20200427T162829_20200427T164229_T15QXU,1,thick_cloud,7925,0.5836480555272022,0.7215141955835962,9797,
ROI_00628__20200427T162829_20200427T164229_T15QXU,2,thin_cloud,7548,0.04,0.04067302596714362,7675,
ROI_00628__20200427T162829_20200427T164229_T15QXU,3,cloud_shadow,3866,0.5044200848656294,0.7379720641489912,5656,
ROI_00628__20200616T162839_20200616T164323_T15QXU,0,clear,7732,0.6622133599202393,0.8590274185204345,10030,
ROI_00628__20200616T162839_20200616T164323_T15QXU,1,thick_cloud,38211,0.9047773400488704,0.949648007118369,40106,
ROI_00628__20200616T162839_20200616T164323_T15QXU,2,thin_cloud,0,,,0,absent_true_and_predicted_class
ROI_00628__20200616T162839_20200616T164323_T15QXU,3,cloud_shadow,4233,0.4736097067745197,0.5532719111741082,4945,
ROI_00634__20190407T165851_20190407T171414_T14QLE,0,clear,50176,1.0,1.0,50176,
ROI_00634__20190407T165851_20190407T171414_T14QLE,1,thick_cloud,0,,,0,absent_true_and_predicted_class
ROI_00634__20190407T165851_20190407T171414_T14QLE,2,thin_cloud,0,,,0,absent_true_and_predicted_class
ROI_00634__20190407T165851_20190407T171414_T14QLE,3,cloud_shadow,0,,,0,absent_true_and_predicted_class
ROI_00634__20190507T165901_20190507T171141_T14QLE,0,clear,3142,0.13524449035812672,1.0,23232,
ROI_00634__20190507T165901_20190507T171141_T14QLE,1,thick_cloud,0,0.0,,9,no_true_class_for_recall
ROI_00634__20190507T165901_20190507T171141_T14QLE,2,thin_cloud,47034,0.5726708338648637,0.5726708338648637,47034,
ROI_00634__20190507T165901_20190507T171141_T14QLE,3,cloud_shadow,0,,,0,absent_true_and_predicted_class
ROI_00634__20190621T165859_20190621T171322_T14QLE,0,clear,3088,0.5087587587587588,0.6583549222797928,3996,
ROI_00634__20190621T165859_20190621T171322_T14QLE,1,thick_cloud,3995,0.008880225254494261,0.010262828535669587,4617,
ROI_00634__20190621T165859_20190621T171322_T14QLE,2,thin_cloud,43093,0.864951434098047,0.9650291230594296,48079,
ROI_00634__20190621T165859_20190621T171322_T14QLE,3,cloud_shadow,0,,,0,absent_true_and_predicted_class
ROI_00634__20190721T165859_20190721T171631_T14QLE,0,clear,447,0.9977678571428571,1.0,448,
ROI_00634__20190721T165859_20190721T171631_T14QLE,1,thick_cloud,26136,0.33801225025521364,0.3547214569941843,27428,
ROI_00634__20190721T165859_20190721T171631_T14QLE,2,thin_cloud,20968,0.45367976787127406,0.8202499046165586,37910,
ROI_00634__20190721T165859_20190721T171631_T14QLE,3,cloud_shadow,2625,0.499509900019604,0.9706666666666667,5101,
ROI_00634__20200201T170521_20200201T171604_T14QLE,0,clear,28880,0.8021821337796788,0.8961218836565097,32262,
ROI_00634__20200201T170521_20200201T171604_T14QLE,1,thick_cloud,0,,,0,absent_true_and_predicted_class
ROI_00634__20200201T170521_20200201T171604_T14QLE,2,thin_cloud,21296,0.7373230161343431,0.841190833959429,24296,
ROI_00634__20200201T170521_20200201T171604_T14QLE,3,cloud_shadow,0,,,0,absent_true_and_predicted_class
ROI_00679__20181215T183751_20181215T183748_T11TNJ,0,clear,1575,0.2838095238095238,0.2838095238095238,1575,
ROI_00679__20181215T183751_20181215T183748_T11TNJ,1,thick_cloud,18931,0.5038289371462396,0.7194020389836776,27031,
ROI_00679__20181215T183751_20181215T183748_T11TNJ,2,thin_cloud,28519,0.5657546844464881,0.6902766576668186,34796,
ROI_00679__20181215T183751_20181215T183748_T11TNJ,3,cloud_shadow,1151,0.24532710280373832,0.5473501303214596,2568,
ROI_00679__20190201T184609_20190201T184610_T11TNJ,0,clear,808,0.5265017667844523,0.5532178217821783,849,
ROI_00679__20190201T184609_20190201T184610_T11TNJ,1,thick_cloud,20356,0.6552964108079042,0.9578993908429947,29756,
ROI_00679__20190201T184609_20190201T184610_T11TNJ,2,thin_cloud,27782,0.5889389248522375,0.6025484126412786,28424,
ROI_00679__20190201T184609_20190201T184610_T11TNJ,3,cloud_shadow,1230,0.312110922467459,0.8967479674796748,3534,
ROI_00679__20190527T183921_20190527T184435_T11TNJ,0,clear,50176,1.0,1.0,50176,
ROI_00679__20190527T183921_20190527T184435_T11TNJ,1,thick_cloud,0,,,0,absent_true_and_predicted_class
ROI_00679__20190527T183921_20190527T184435_T11TNJ,2,thin_cloud,0,,,0,absent_true_and_predicted_class
ROI_00679__20190527T183921_20190527T184435_T11TNJ,3,cloud_shadow,0,,,0,absent_true_and_predicted_class
ROI_00679__20191120T183651_20191120T184011_T11TNJ,0,clear,48760,0.8657894205735737,0.8797990155865464,49549,
ROI_00679__20191120T183651_20191120T184011_T11TNJ,1,thick_cloud,0,,,0,absent_true_and_predicted_class
ROI_00679__20191120T183651_20191120T184011_T11TNJ,2,thin_cloud,1416,0.20121951219512196,0.4427966101694915,3116,
ROI_00679__20191120T183651_20191120T184011_T11TNJ,3,cloud_shadow,0,0.0,,4161,no_true_class_for_recall
ROI_00679__20200322T184031_20200322T184859_T11TNJ,0,clear,14831,0.5841681785911493,0.9986514732654574,25354,
ROI_00679__20200322T184031_20200322T184859_T11TNJ,1,thick_cloud,0,,,0,absent_true_and_predicted_class
ROI_00679__20200322T184031_20200322T184859_T11TNJ,2,thin_cloud,35345,0.7018803902163155,0.7022775498656104,35365,
ROI_00679__20200322T184031_20200322T184859_T11TNJ,3,cloud_shadow,0,,,0,absent_true_and_predicted_class
ROI_00687__20190430T052651_20190430T052819_T43QCA,0,clear,36266,0.9103737395879,0.91614735564992,36496,
ROI_00687__20190430T052651_20190430T052819_T43QCA,1,thick_cloud,2,0.0,0.0,2,
ROI_00687__20190430T052651_20190430T052819_T43QCA,2,thin_cloud,13908,0.8069140463689458,0.9834627552487777,16951,
ROI_00687__20190430T052651_20190430T052819_T43QCA,3,cloud_shadow,0,,,0,absent_true_and_predicted_class
ROI_00687__20191017T052821_20191017T053726_T43QCA,0,clear,24120,0.8429968701095462,0.8933250414593699,25560,
ROI_00687__20191017T052821_20191017T053726_T43QCA,1,thick_cloud,17255,0.7985363303711448,0.8853086062011011,19130,
ROI_00687__20191017T052821_20191017T053726_T43QCA,2,thin_cloud,0,,,0,absent_true_and_predicted_class
ROI_00687__20191017T052821_20191017T053726_T43QCA,3,cloud_shadow,8801,0.6611409928577727,0.8519486421997501,11341,
ROI_00687__20191101T052949_20191101T054200_T43QCA,0,clear,447,0.9955456570155902,1.0,449,
ROI_00687__20191101T052949_20191101T054200_T43QCA,1,thick_cloud,49729,0.6921313519274468,0.6921313519274468,49729,
ROI_00687__20191101T052949_20191101T054200_T43QCA,2,thin_cloud,0,0.0,,11143,no_true_class_for_recall
ROI_00687__20191101T052949_20191101T054200_T43QCA,3,cloud_shadow,0,0.0,,4165,no_true_class_for_recall
ROI_00687__20200514T052651_20200514T053617_T43QCA,0,clear,50176,1.0,1.0,50176,
ROI_00687__20200514T052651_20200514T053617_T43QCA,1,thick_cloud,0,,,0,absent_true_and_predicted_class
ROI_00687__20200514T052651_20200514T053617_T43QCA,2,thin_cloud,0,,,0,absent_true_and_predicted_class
ROI_00687__20200514T052651_20200514T053617_T43QCA,3,cloud_shadow,0,,,0,absent_true_and_predicted_class
ROI_00687__20200713T052651_20200713T053533_T43QCA,0,clear,447,0.20355191256830601,1.0,2196,
ROI_00687__20200713T052651_20200713T053533_T43QCA,1,thick_cloud,44091,0.8911325918079096,0.9158104828649838,45312,
ROI_00687__20200713T052651_20200713T053533_T43QCA,2,thin_cloud,4354,0.04736129905277402,0.04823151125401929,4434,
ROI_00687__20200713T052651_20200713T053533_T43QCA,3,cloud_shadow,1284,0.06684027777777778,0.3598130841121495,6912,
ROI_00702__20190119T143751_20190119T144606_T19KEB,0,clear,20336,0.574113236566375,0.5873819826907947,20806,
ROI_00702__20190119T143751_20190119T144606_T19KEB,1,thick_cloud,20393,0.768562401263823,0.95424900701221,25320,
ROI_00702__20190119T143751_20190119T144606_T19KEB,2,thin_cloud,4692,0.1542383133154757,0.3804347826086957,11573,
ROI_00702__20190119T143751_20190119T144606_T19KEB,3,cloud_shadow,4755,0.4436308161708619,0.6115667718191378,6555,
ROI_00702__20190124T143749_20190124T144523_T19KEB,0,clear,24571,0.9452726481869588,0.9728948760734198,25289,
ROI_00702__20190124T143749_20190124T144523_T19KEB,1,thick_cloud,18560,0.9067822384428224,0.9638469827586207,19728,
ROI_00702__20190124T143749_20190124T144523_T19KEB,2,thin_cloud,0,,,0,absent_true_and_predicted_class
ROI_00702__20190124T143749_20190124T144523_T19KEB,3,cloud_shadow,7045,0.6561888454011742,0.7615330021291696,8176,
ROI_00702__20190407T144739_20190407T145613_T19KEB,0,clear,50176,1.0,1.0,50176,
ROI_00702__20190407T144739_20190407T145613_T19KEB,1,thick_cloud,0,,,0,absent_true_and_predicted_class
ROI_00702__20190407T144739_20190407T145613_T19KEB,2,thin_cloud,0,,,0,absent_true_and_predicted_class
ROI_00702__20190407T144739_20190407T145613_T19KEB,3,cloud_shadow,0,,,0,absent_true_and_predicted_class
ROI_00702__20190916T143751_20190916T144705_T19KEB,0,clear,39254,0.9083727495604368,0.9344525398685485,40381,
ROI_00702__20190916T143751_20190916T144705_T19KEB,1,thick_cloud,7160,0.6789056875449964,0.7902234636871508,8334,
ROI_00702__20190916T143751_20190916T144705_T19KEB,2,thin_cloud,0,,,0,absent_true_and_predicted_class
ROI_00702__20190916T143751_20190916T144705_T19KEB,3,cloud_shadow,3762,0.5845262440354465,0.9117490696438065,5868,
ROI_00702__20191110T143729_20191110T144457_T19KEB,0,clear,9882,0.6700519070187316,0.9013357619914997,13293,
ROI_00702__20191110T143729_20191110T144457_T19KEB,1,thick_cloud,29820,0.8296566336386864,0.8929242119382964,32094,
ROI_00702__20191110T143729_20191110T144457_T19KEB,2,thin_cloud,7012,0.5859001593202336,0.6293496862521392,7532,
ROI_00702__20191110T143729_20191110T144457_T19KEB,3,cloud_shadow,3462,0.2956040152301835,0.49335644136337375,5778,
ROI_00709__20190122T084249_20190122T084621_T36UXU,0,clear,50176,1.0,1.0,50176,
ROI_00709__20190122T084249_20190122T084621_T36UXU,1,thick_cloud,0,,,0,absent_true_and_predicted_class
ROI_00709__20190122T084249_20190122T084621_T36UXU,2,thin_cloud,0,,,0,absent_true_and_predicted_class
ROI_00709__20190122T084249_20190122T084621_T36UXU,3,cloud_shadow,0,,,0,absent_true_and_predicted_class
ROI_00709__20190407T083601_20190407T083648_T36UXU,0,clear,6409,0.12435233160621761,0.1947261663286004,10036,
ROI_00709__20190407T083601_20190407T083648_T36UXU,1,thick_cloud,5822,0.5524410904050516,0.61611130195809,6493,
ROI_00709__20190407T083601_20190407T083648_T36UXU,2,thin_cloud,35543,0.5998196239853849,0.7297639478941002,43243,
ROI_00709__20190407T083601_20190407T083648_T36UXU,3,cloud_shadow,2402,0.13441295546558704,0.48376353039134057,8645,
ROI_00709__20190412T083609_20190412T084433_T36UXU,0,clear,2712,0.12959763021476178,0.19358407079646017,4051,
ROI_00709__20190412T083609_20190412T084433_T36UXU,1,thick_cloud,5624,0.20924339326656208,0.9249644381223329,24861,
ROI_00709__20190412T083609_20190412T084433_T36UXU,2,thin_cloud,36327,0.43864011163262717,0.4759269964489223,39415,
ROI_00709__20190412T083609_20190412T084433_T36UXU,3,cloud_shadow,5513,0.05233033524121014,0.0812624705242155,8561,
ROI_00709__20190709T084601_20190709T085041_T36UXU,0,clear,26633,0.9088945827232796,0.9323395787181317,27320,
ROI_00709__20190709T084601_20190709T085041_T36UXU,1,thick_cloud,16074,0.8892048752176437,0.9531541620007465,17230,
ROI_00709__20190709T084601_20190709T085041_T36UXU,2,thin_cloud,0,,,0,absent_true_and_predicted_class
ROI_00709__20190709T084601_20190709T085041_T36UXU,3,cloud_shadow,7469,0.7538944301243976,0.9006560449859419,8923,
ROI_00709__20200715T083559_20200715T083706_T36UXU,0,clear,23343,0.8577434336963485,0.9177483613931371,24976,
ROI_00709__20200715T083559_20200715T083706_T36UXU,1,thick_cloud,23487,0.8852425930410914,0.933750585430238,24774,
ROI_00709__20200715T083559_20200715T083706_T36UXU,2,thin_cloud,0,,,0,absent_true_and_predicted_class
ROI_00709__20200715T083559_20200715T083706_T36UXU,3,cloud_shadow,3346,0.5556986477784932,0.773759713090257,4659,
ROI_00724__20181210T110431_20181210T110434_T31UDQ,0,clear,15748,0.6115720405617917,0.7161544323088647,18441,
ROI_00724__20181210T110431_20181210T110434_T31UDQ,1,thick_cloud,27803,0.759560715781914,0.9129590331978563,33418,
ROI_00724__20181210T110431_20181210T110434_T31UDQ,2,thin_cloud,602,0.0,0.0,602,
ROI_00724__20181210T110431_20181210T110434_T31UDQ,3,cloud_shadow,6023,0.2278591734091406,0.346006973269135,9146,
ROI_00724__20190608T105621_20190608T110433_T31UDQ,0,clear,31990,0.8480190266256743,0.9139731165989372,34478,
ROI_00724__20190608T105621_20190608T110433_T31UDQ,1,thick_cloud,12775,0.7351980400163332,0.8456360078277887,14694,
ROI_00724__20190608T105621_20190608T110433_T31UDQ,2,thin_cloud,0,,,0,absent_true_and_predicted_class
ROI_00724__20190608T105621_20190608T110433_T31UDQ,3,cloud_shadow,5411,0.5937902418085563,0.7669562003326557,6989,
ROI_00724__20190918T105029_20190918T105246_T31UDQ,0,clear,44436,0.8990955627946503,1.0,49423,
ROI_00724__20190918T105029_20190918T105246_T31UDQ,1,thick_cloud,0,,,0,absent_true_and_predicted_class
ROI_00724__20190918T105029_20190918T105246_T31UDQ,2,thin_cloud,5740,0.13118466898954703,0.13118466898954703,5740,
ROI_00724__20190918T105029_20190918T105246_T31UDQ,3,cloud_shadow,0,,,0,absent_true_and_predicted_class
ROI_00724__20191006T105941_20191006T110430_T31UDQ,0,clear,821,0.1334666333416646,0.6504263093788063,4001,
ROI_00724__20191006T105941_20191006T110430_T31UDQ,1,thick_cloud,35593,0.8261467889908257,0.9613969038855955,41420,
ROI_00724__20191006T105941_20191006T110430_T31UDQ,2,thin_cloud,2693,0.0,0.0,2693,
ROI_00724__20191006T105941_20191006T110430_T31UDQ,3,cloud_shadow,11069,0.419237012987013,0.4666184840545668,12320,
ROI_00724__20191217T105349_20191217T105345_T31UDQ,0,clear,50176,0.3396045918367347,0.3396045918367347,50176,
ROI_00724__20191217T105349_20191217T105345_T31UDQ,1,thick_cloud,0,0.0,,968,no_true_class_for_recall
ROI_00724__20191217T105349_20191217T105345_T31UDQ,2,thin_cloud,0,0.0,,32168,no_true_class_for_recall
ROI_00724__20191217T105349_20191217T105345_T31UDQ,3,cloud_shadow,0,,,0,absent_true_and_predicted_class
ROI_00736__20190322T151701_20190322T152502_T18LTM,0,clear,50176,0.9774792729591837,0.9774792729591837,50176,
ROI_00736__20190322T151701_20190322T152502_T18LTM,1,thick_cloud,0,0.0,,326,no_true_class_for_recall
ROI_00736__20190322T151701_20190322T152502_T18LTM,2,thin_cloud,0,0.0,,625,no_true_class_for_recall
ROI_00736__20190322T151701_20190322T152502_T18LTM,3,cloud_shadow,0,0.0,,179,no_true_class_for_recall
ROI_00736__20191003T151709_20191003T152153_T18LTM,0,clear,447,1.0,1.0,447,
ROI_00736__20191003T151709_20191003T152153_T18LTM,1,thick_cloud,48737,0.9837062207029251,0.986047561400989,48853,
ROI_00736__20191003T151709_20191003T152153_T18LTM,2,thin_cloud,0,,,0,absent_true_and_predicted_class
ROI_00736__20191003T151709_20191003T152153_T18LTM,3,cloud_shadow,992,0.5239234449760766,0.8830645161290323,1672,
ROI_00736__20200111T151659_20200111T151911_T18LTM,0,clear,8715,0.6957349984125304,0.7543316121629374,9449,
ROI_00736__20200111T151659_20200111T151911_T18LTM,1,thick_cloud,37963,0.9158584079577308,0.9725522219002714,40313,
ROI_00736__20200111T151659_20200111T151911_T18LTM,2,thin_cloud,741,0.0,0.0,741,
ROI_00736__20200111T151659_20200111T151911_T18LTM,3,cloud_shadow,2757,0.25622775800711745,0.470076169749728,5058,
ROI_00736__20200510T151659_20200510T152614_T18LTM,0,clear,40031,0.8095381131726703,0.8752217031800354,43279,
ROI_00736__20200510T151659_20200510T152614_T18LTM,1,thick_cloud,5940,0.39027315123251166,0.4930976430976431,7505,
ROI_00736__20200510T151659_20200510T152614_T18LTM,2,thin_cloud,0,,,0,absent_true_and_predicted_class
ROI_00736__20200510T151659_20200510T152614_T18LTM,3,cloud_shadow,4205,0.3287906550618415,0.6827586206896552,8732,
ROI_00736__20200530T151709_20200530T151705_T18LTM,0,clear,31455,0.8429451540195342,0.89171832776983,33275,
ROI_00736__20200530T151709_20200530T151705_T18LTM,1,thick_cloud,14284,0.708597514582805,0.7824138896667601,15772,
ROI_00736__20200530T151709_20200530T151705_T18LTM,2,thin_cloud,0,,,0,absent_true_and_predicted_class
ROI_00736__20200530T151709_20200530T151705_T18LTM,3,cloud_shadow,4437,0.39010356731875717,0.7640297498309668,8690,
ROI_00747__20191202T151659_20191202T151911_T18LTM,0,clear,35135,0.13297315645065483,0.13379820691618044,35353,
ROI_00747__20191202T151659_20191202T151911_T18LTM,1,thick_cloud,2945,0.2684268426842684,0.33140916808149407,3636,
ROI_00747__20191202T151659_20191202T151911_T18LTM,2,thin_cloud,8472,0.19832631935374642,0.9678942398489141,41346,
ROI_00747__20191202T151659_20191202T151911_T18LTM,3,cloud_shadow,3624,0.45016532829475675,0.5259381898454746,4234,
ROI_00747__20200225T151701_20200225T152133_T18LTM,0,clear,44923,0.9008671742808798,0.9481334728312891,47280,
ROI_00747__20200225T151701_20200225T152133_T18LTM,1,thick_cloud,3487,0.32399410153781333,0.44106681961571553,4747,
ROI_00747__20200225T151701_20200225T152133_T18LTM,2,thin_cloud,0,0.0,,6,no_true_class_for_recall
ROI_00747__20200225T151701_20200225T152133_T18LTM,3,cloud_shadow,1766,0.25276697577026624,0.4784824462061155,3343,
ROI_00747__20200228T152631_20200228T152735_T18LTM,0,clear,7172,0.31225133763204826,0.3173452314556609,7289,
ROI_00747__20200228T152631_20200228T152735_T18LTM,1,thick_cloud,28350,0.6851509031751375,0.8616225749559083,35652,
ROI_00747__20200228T152631_20200228T152735_T18LTM,2,thin_cloud,2647,0.16200361010830325,0.5425009444654325,8864,
ROI_00747__20200228T152631_20200228T152735_T18LTM,3,cloud_shadow,12007,0.45128715687668897,0.5285250270675439,14062,
ROI_00747__20200304T152639_20200304T153356_T18LTM,0,clear,50176,1.0,1.0,50176,
ROI_00747__20200304T152639_20200304T153356_T18LTM,1,thick_cloud,0,,,0,absent_true_and_predicted_class
ROI_00747__20200304T152639_20200304T153356_T18LTM,2,thin_cloud,0,,,0,absent_true_and_predicted_class
ROI_00747__20200304T152639_20200304T153356_T18LTM,3,cloud_shadow,0,,,0,absent_true_and_predicted_class
ROI_00747__20200316T151701_20200316T151812_T18LTM,0,clear,447,0.8679611650485437,1.0,515,
ROI_00747__20200316T151701_20200316T151812_T18LTM,1,thick_cloud,11567,0.27921752215348605,0.2887524855191493,11962,
ROI_00747__20200316T151701_20200316T151812_T18LTM,2,thin_cloud,32800,0.7745815091424156,0.9169817073170732,38830,
ROI_00747__20200316T151701_20200316T151812_T18LTM,3,cloud_shadow,5362,0.49699240706044767,0.9399477806788512,10141,
ROI_00754__20190704T025551_20190704T031529_T48MXU,0,clear,20320,0.7644774011299436,0.8523622047244095,22656,
ROI_00754__20190704T025551_20190704T031529_T48MXU,1,thick_cloud,18613,0.7695643301703908,0.8104550582925912,19602,
ROI_00754__20190704T025551_20190704T031529_T48MXU,2,thin_cloud,0,,,0,absent_true_and_predicted_class
ROI_00754__20190704T025551_20190704T031529_T48MXU,3,cloud_shadow,11243,0.6977727843500099,0.9390732011029085,15131,
ROI_00754__20190818T025549_20190818T031522_T48MXU,0,clear,50176,1.0,1.0,50176,
ROI_00754__20190818T025549_20190818T031522_T48MXU,1,thick_cloud,0,,,0,absent_true_and_predicted_class
ROI_00754__20190818T025549_20190818T031522_T48MXU,2,thin_cloud,0,,,0,absent_true_and_predicted_class
ROI_00754__20190818T025549_20190818T031522_T48MXU,3,cloud_shadow,0,,,0,absent_true_and_predicted_class
ROI_00754__20191211T030121_20191211T030708_T48MXU,0,clear,34448,0.9188490227037622,0.9798246632605666,36734,
ROI_00754__20191211T030121_20191211T030708_T48MXU,1,thick_cloud,9788,0.725380071656822,0.7653248876174908,10327,
ROI_00754__20191211T030121_20191211T030708_T48MXU,2,thin_cloud,0,,,0,absent_true_and_predicted_class
ROI_00754__20191211T030121_20191211T030708_T48MXU,3,cloud_shadow,5940,0.6759877573734001,0.818013468013468,7188,
ROI_00754__20200414T025539_20200414T031737_T48MXU,0,clear,4736,0.664258019034191,0.7958192567567568,5674,
ROI_00754__20200414T025539_20200414T031737_T48MXU,1,thick_cloud,39309,0.8975460425615958,0.9248772545727442,40506,
ROI_00754__20200414T025539_20200414T031737_T48MXU,2,thin_cloud,0,,,0,absent_true_and_predicted_class
ROI_00754__20200414T025539_20200414T031737_T48MXU,3,cloud_shadow,6131,0.5967943617142207,0.8563040287065732,8797,
ROI_00754__20200524T025549_20200524T031633_T48MXU,0,clear,42979,0.9240495156556853,0.9743595709532562,45319,
ROI_00754__20200524T025549_20200524T031633_T48MXU,1,thick_cloud,4195,0.4688984881209503,0.5175208581644816,4630,
ROI_00754__20200524T025549_20200524T031633_T48MXU,2,thin_cloud,0,,,0,absent_true_and_predicted_class
ROI_00754__20200524T025549_20200524T031633_T48MXU,3,cloud_shadow,3002,0.6307415960995638,0.8187874750166556,3897,
ROI_00792__20190313T074711_20190313T080640_T35JPM,0,clear,24810,0.78135442951647,0.9235792019347038,29326,
ROI_00792__20190313T074711_20190313T080640_T35JPM,1,thick_cloud,13203,0.7031438127090301,0.7961826857532379,14950,
ROI_00792__20190313T074711_20190313T080640_T35JPM,2,thin_cloud,0,,,0,absent_true_and_predicted_class
ROI_00792__20190313T074711_20190313T080640_T35JPM,3,cloud_shadow,12163,0.6434479756203744,0.7290964400230207,13782,
ROI_00792__20190606T074619_20190606T081648_T35JPM,0,clear,21818,0.17883980938416422,0.1788889907415895,21824,
ROI_00792__20190606T074619_20190606T081648_T35JPM,1,thick_cloud,52,0.0,0.0,52,
ROI_00792__20190606T074619_20190606T081648_T35JPM,2,thin_cloud,28306,0.6229775243797742,0.9997880308061895,45427,
ROI_00792__20190606T074619_20190606T081648_T35JPM,3,cloud_shadow,0,0.0,,846,no_true_class_for_recall
ROI_00792__20190830T074611_20190830T080820_T35JPM,0,clear,50176,1.0,1.0,50176,
ROI_00792__20190830T074611_20190830T080820_T35JPM,1,thick_cloud,0,,,0,absent_true_and_predicted_class
ROI_00792__20190830T074611_20190830T080820_T35JPM,2,thin_cloud,0,,,0,absent_true_and_predicted_class
ROI_00792__20190830T074611_20190830T080820_T35JPM,3,cloud_shadow,0,,,0,absent_true_and_predicted_class
ROI_00792__20200107T075311_20200107T081135_T35JPM,0,clear,39711,0.895112922875082,0.9621263629724761,42684,
ROI_00792__20200107T075311_20200107T081135_T35JPM,1,thick_cloud,5393,0.5779830180247282,0.7194511403671426,6713,
ROI_00792__20200107T075311_20200107T081135_T35JPM,2,thin_cloud,0,,,0,absent_true_and_predicted_class
ROI_00792__20200107T075311_20200107T081135_T35JPM,3,cloud_shadow,5072,0.5258086717136958,0.6025236593059937,5812,
ROI_00792__20200307T074751_20200307T081122_T35JPM,0,clear,28220,0.7820125145953714,0.9255846917080085,33401,
ROI_00792__20200307T074751_20200307T081122_T35JPM,1,thick_cloud,12303,0.6557869723231758,0.7626595139396896,14308,
ROI_00792__20200307T074751_20200307T081122_T35JPM,2,thin_cloud,0,,,0,absent_true_and_predicted_class
ROI_00792__20200307T074751_20200307T081122_T35JPM,3,cloud_shadow,9653,0.5938255532824995,0.6615559929555579,10754,
ROI_00836__20190107T075319_20190107T080915_T35JNM,0,clear,18922,0.7284031720707616,0.820367825811225,21311,
ROI_00836__20190107T075319_20190107T080915_T35JNM,1,thick_cloud,24881,0.7931866671330139,0.9114585426630762,28591,
ROI_00836__20190107T075319_20190107T080915_T35JNM,2,thin_cloud,0,,,0,absent_true_and_predicted_class
ROI_00836__20190107T075319_20190107T080915_T35JNM,3,cloud_shadow,6373,0.3725907664724339,0.5217323081751137,8924,
ROI_00836__20190313T074711_20190313T080640_T35JNM,0,clear,46364,0.9638725563031988,0.9794021223362954,47111,
ROI_00836__20190313T074711_20190313T080640_T35JNM,1,thick_cloud,2339,0.5825672454885938,0.7315091919623771,2937,
ROI_00836__20190313T074711_20190313T080640_T35JNM,2,thin_cloud,0,,,0,absent_true_and_predicted_class
ROI_00836__20190313T074711_20190313T080640_T35JNM,3,cloud_shadow,1473,0.5825049701789264,0.7956551255940258,2012,
ROI_00836__20190904T074619_20190904T081209_T35JNM,0,clear,43146,0.8721296895213454,1.0,49472,
ROI_00836__20190904T074619_20190904T081209_T35JNM,1,thick_cloud,0,,,0,absent_true_and_predicted_class
ROI_00836__20190904T074619_20190904T081209_T35JNM,2,thin_cloud,7030,0.10014224751066857,0.10014224751066857,7030,
ROI_00836__20190904T074619_20190904T081209_T35JNM,3,cloud_shadow,0,,,0,absent_true_and_predicted_class
ROI_00836__20200206T075111_20200206T081031_T35JPM,0,clear,13147,0.6300273597811218,0.7006161101391952,14620,
ROI_00836__20200206T075111_20200206T081031_T35JPM,1,thick_cloud,23074,0.8645515306543444,0.9081650342376701,24238,
ROI_00836__20200206T075111_20200206T081031_T35JPM,2,thin_cloud,3281,0.35511464892479505,0.9110027430661384,8417,
ROI_00836__20200206T075111_20200206T081031_T35JPM,3,cloud_shadow,10674,0.704920838682071,0.7716882143526326,11685,
ROI_00836__20200605T074621_20200605T080829_T35JNM,0,clear,50176,1.0,1.0,50176,
ROI_00836__20200605T074621_20200605T080829_T35JNM,1,thick_cloud,0,,,0,absent_true_and_predicted_class
ROI_00836__20200605T074621_20200605T080829_T35JNM,2,thin_cloud,0,,,0,absent_true_and_predicted_class
ROI_00836__20200605T074621_20200605T080829_T35JNM,3,cloud_shadow,0,,,0,absent_true_and_predicted_class
ROI_00846__20190210T031851_20190210T032505_T49TFF,0,clear,50176,1.0,1.0,50176,
ROI_00846__20190210T031851_20190210T032505_T49TFF,1,thick_cloud,0,,,0,absent_true_and_predicted_class
ROI_00846__20190210T031851_20190210T032505_T49TFF,2,thin_cloud,0,,,0,absent_true_and_predicted_class
ROI_00846__20190210T031851_20190210T032505_T49TFF,3,cloud_shadow,0,,,0,absent_true_and_predicted_class
ROI_00846__20190610T031541_20190610T032154_T49TFF,0,clear,44961,0.9267652371151343,0.9814505905117769,47614,
ROI_00846__20190610T031541_20190610T032154_T49TFF,1,thick_cloud,2747,0.42992125984251967,0.49690571532580996,3175,
ROI_00846__20190610T031541_20190610T032154_T49TFF,2,thin_cloud,0,,,0,absent_true_and_predicted_class
ROI_00846__20190610T031541_20190610T032154_T49TFF,3,cloud_shadow,2468,0.36108324974924777,0.4376012965964344,2991,
ROI_00846__20190630T031541_20190630T032156_T49TFF,0,clear,31675,0.8840243461492105,0.9262509865824783,33188,
ROI_00846__20190630T031541_20190630T032156_T49TFF,1,thick_cloud,11448,0.7542222222222222,0.889412997903564,13500,
ROI_00846__20190630T031541_20190630T032156_T49TFF,2,thin_cloud,0,,,0,absent_true_and_predicted_class
ROI_00846__20190630T031541_20190630T032156_T49TFF,3,cloud_shadow,7053,0.7469120553359684,0.8573656600028357,8096,
ROI_00846__20200321T031539_20200321T031617_T49TFF,0,clear,20237,0.8685375313712069,0.9405544300044473,21915,
ROI_00846__20200321T031539_20200321T031617_T49TFF,1,thick_cloud,25906,0.880509160473843,0.9238786381533236,27182,
ROI_00846__20200321T031539_20200321T031617_T49TFF,2,thin_cloud,0,,,0,absent_true_and_predicted_class
ROI_00846__20200321T031539_20200321T031617_T49TFF,3,cloud_shadow,4033,0.527276078142278,0.7093974708653608,5426,
ROI_00846__20200719T031539_20200719T032500_T49TFF,0,clear,50176,1.0,1.0,50176,
ROI_00846__20200719T031539_20200719T032500_T49TFF,1,thick_cloud,0,,,0,absent_true_and_predicted_class
ROI_00846__20200719T031539_20200719T032500_T49TFF,2,thin_cloud,0,,,0,absent_true_and_predicted_class
ROI_00846__20200719T031539_20200719T032500_T49TFF,3,cloud_shadow,0,,,0,absent_true_and_predicted_class
ROI_00868__20190113T072241_20190113T072649_T39TWF,0,clear,34475,0.7854743202416918,0.9426831036983321,41375,
ROI_00868__20190113T072241_20190113T072649_T39TWF,1,thick_cloud,12346,0.5659139026111503,0.649522112425077,14170,
ROI_00868__20190113T072241_20190113T072649_T39TWF,2,thin_cloud,0,,,0,absent_true_and_predicted_class
ROI_00868__20190113T072241_20190113T072649_T39TWF,3,cloud_shadow,3355,0.12690488702049396,0.14396423248882265,3806,
ROI_00868__20190829T072619_20190829T073328_T39TWF,0,clear,9924,0.46662723893207164,0.5565296251511487,11836,
ROI_00868__20190829T072619_20190829T073328_T39TWF,1,thick_cloud,27660,0.7819751222554071,0.8613882863340564,30469,
ROI_00868__20190829T072619_20190829T073328_T39TWF,2,thin_cloud,0,,,0,absent_true_and_predicted_class
ROI_00868__20190829T072619_20190829T073328_T39TWF,3,cloud_shadow,12592,0.5707717569786536,0.8281448538754765,18270,
ROI_00868__20200417T071621_20200417T072348_T39TWF,0,clear,50176,1.0,1.0,50176,
ROI_00868__20200417T071621_20200417T072348_T39TWF,1,thick_cloud,0,,,0,absent_true_and_predicted_class
ROI_00868__20200417T071621_20200417T072348_T39TWF,2,thin_cloud,0,,,0,absent_true_and_predicted_class
ROI_00868__20200417T071621_20200417T072348_T39TWF,3,cloud_shadow,0,,,0,absent_true_and_predicted_class
ROI_00868__20200706T071621_20200706T072026_T39TWF,0,clear,447,1.0,1.0,447,
ROI_00868__20200706T071621_20200706T072026_T39TWF,1,thick_cloud,45222,0.9320422076512224,0.9492724779974349,46058,
ROI_00868__20200706T071621_20200706T072026_T39TWF,2,thin_cloud,0,,,0,absent_true_and_predicted_class
ROI_00868__20200706T071621_20200706T072026_T39TWF,3,cloud_shadow,4507,0.539773562711366,0.8145107610383847,6801,
ROI_00868__20200709T072621_20200709T073339_T39TWF,0,clear,27359,0.016338316458934903,0.016338316458934903,27359,
ROI_00868__20200709T072621_20200709T073339_T39TWF,1,thick_cloud,9595,0.39855202002145157,0.9294424179260031,22376,
ROI_00868__20200709T072621_20200709T073339_T39TWF,2,thin_cloud,0,0.0,,19935,no_true_class_for_recall
ROI_00868__20200709T072621_20200709T073339_T39TWF,3,cloud_shadow,13222,0.4487562865298355,0.499394947814249,14714,
ROI_00870__20190617T142049_20190617T143032_T18FXL,0,clear,50176,1.0,1.0,50176,
ROI_00870__20190617T142049_20190617T143032_T18FXL,1,thick_cloud,0,,,0,absent_true_and_predicted_class
ROI_00870__20190617T142049_20190617T143032_T18FXL,2,thin_cloud,0,,,0,absent_true_and_predicted_class
ROI_00870__20190617T142049_20190617T143032_T18FXL,3,cloud_shadow,0,,,0,absent_true_and_predicted_class
ROI_00870__20191124T141729_20191124T142742_T18FXL,0,clear,26634,0.788264273181266,0.8771119621536382,29636,
ROI_00870__20191124T141729_20191124T142742_T18FXL,1,thick_cloud,17052,0.7431693989071039,0.9092188599577762,20862,
ROI_00870__20191124T141729_20191124T142742_T18FXL,2,thin_cloud,0,,,0,absent_true_and_predicted_class
ROI_00870__20191124T141729_20191124T142742_T18FXL,3,cloud_shadow,6490,0.5292234901196772,0.5859784283513098,7186,
ROI_00870__20191214T141729_20191214T142749_T18FXL,0,clear,11794,0.6226456416995182,0.7231643208411056,13698,
ROI_00870__20191214T141729_20191214T142749_T18FXL,1,thick_cloud,31854,0.8633521039078639,0.9578074967037107,35339,
ROI_00870__20191214T141729_20191214T142749_T18FXL,2,thin_cloud,0,,,0,absent_true_and_predicted_class
ROI_00870__20191214T141729_20191214T142749_T18FXL,3,cloud_shadow,6528,0.4314365671641791,0.5667892156862745,8576,
ROI_00870__20200311T142731_20200311T143845_T18FXL,0,clear,38849,0.947777804955605,0.9974001904810935,40883,
ROI_00870__20200311T142731_20200311T143845_T18FXL,1,thick_cloud,6720,0.8983423793457532,0.9113095238095238,6817,
ROI_00870__20200311T142731_20200311T143845_T18FXL,2,thin_cloud,0,,,0,absent_true_and_predicted_class
ROI_00870__20200311T142731_20200311T143845_T18FXL,3,cloud_shadow,4607,0.6248955722639933,0.6494464944649446,4788,
ROI_00870__20200614T142739_20200614T143609_T18FXL,0,clear,6128,0.4819261037748433,0.589588772845953,7497,
ROI_00870__20200614T142739_20200614T143609_T18FXL,1,thick_cloud,14597,0.43727340917614704,0.9584846201274234,31996,
ROI_00870__20200614T142739_20200614T143609_T18FXL,2,thin_cloud,19243,0.11262690355329949,0.1291378683157512,22064,
ROI_00870__20200614T142739_20200614T143609_T18FXL,3,cloud_shadow,10208,0.6670528473398093,0.7332484326018809,11221,
ROI_00873__20190316T162021_20190316T163656_T16PBC,0,clear,24601,0.6613476412793533,0.7715946506239584,28702,
ROI_00873__20190316T162021_20190316T163656_T16PBC,1,thick_cloud,17118,0.682915654922802,0.8707792966468045,21827,
ROI_00873__20190316T162021_20190316T163656_T16PBC,2,thin_cloud,0,,,0,absent_true_and_predicted_class
ROI_00873__20190316T162021_20190316T163656_T16PBC,3,cloud_shadow,8457,0.5278044103547459,0.6509400496630011,10430,
ROI_00873__20190405T161901_20190405T162954_T16PBC,0,clear,45404,0.48043306394940266,0.4818297947317417,45536,
ROI_00873__20190405T161901_20190405T162954_T16PBC,1,thick_cloud,3011,0.13464324520101412,0.9877117236798406,22088,
ROI_00873__20190405T161901_20190405T162954_T16PBC,2,thin_cloud,0,0.0,,3801,no_true_class_for_recall
ROI_00873__20190405T161901_20190405T162954_T16PBC,3,cloud_shadow,1761,0.1507622811970638,0.303236797274276,3542,
ROI_00873__20190530T161839_20190530T162652_T16PBC,0,clear,2623,0.17035060975609756,0.1704155547083492,2624,
ROI_00873__20190530T161839_20190530T162652_T16PBC,1,thick_cloud,24495,0.634786225747987,0.8722188201673811,33657,
ROI_00873__20190530T161839_20190530T162652_T16PBC,2,thin_cloud,21088,0.3681171044716262,0.43527124430955993,24935,
ROI_00873__20190530T161839_20190530T162652_T16PBC,3,cloud_shadow,1970,0.21007279750408558,0.7177664974619289,6731,
ROI_00873__20190714T161911_20190714T163415_T16PBC,0,clear,50176,1.0,1.0,50176,
ROI_00873__20190714T161911_20190714T163415_T16PBC,1,thick_cloud,0,,,0,absent_true_and_predicted_class
ROI_00873__20190714T161911_20190714T163415_T16PBC,2,thin_cloud,0,,,0,absent_true_and_predicted_class
ROI_00873__20190714T161911_20190714T163415_T16PBC,3,cloud_shadow,0,,,0,absent_true_and_predicted_class
ROI_00873__20200130T162521_20200130T163545_T16PBC,0,clear,5309,0.08419664720286306,0.08419664720286306,5309,
ROI_00873__20200130T162521_20200130T163545_T16PBC,1,thick_cloud,41963,0.9258120136073442,0.9468817768033744,42918,
ROI_00873__20200130T162521_20200130T163545_T16PBC,2,thin_cloud,0,,,0,absent_true_and_predicted_class
ROI_00873__20200130T162521_20200130T163545_T16PBC,3,cloud_shadow,2904,0.2089068825910931,0.7107438016528925,9880,
ROI_00877__20190505T084609_20190505T090416_T33MZT,0,clear,3003,0.14885114885114886,0.14885114885114886,3003,
ROI_00877__20190505T084609_20190505T090416_T33MZT,1,thick_cloud,47173,0.9313856427378965,0.9461344413117673,47920,
ROI_00877__20190505T084609_20190505T090416_T33MZT,2,thin_cloud,0,,,0,absent_true_and_predicted_class
ROI_00877__20190505T084609_20190505T090416_T33MZT,3,cloud_shadow,0,0.0,,4350,no_true_class_for_recall
ROI_00877__20190609T084601_20190609T090631_T33MZT,0,clear,50176,1.0,1.0,50176,
ROI_00877__20190609T084601_20190609T090631_T33MZT,1,thick_cloud,0,,,0,absent_true_and_predicted_class
ROI_00877__20190609T084601_20190609T090631_T33MZT,2,thin_cloud,0,,,0,absent_true_and_predicted_class
ROI_00877__20190609T084601_20190609T090631_T33MZT,3,cloud_shadow,0,,,0,absent_true_and_predicted_class
ROI_00877__20190808T084601_20190808T090719_T33MZT,0,clear,566,0.7897526501766784,0.7897526501766784,566,
ROI_00877__20190808T084601_20190808T090719_T33MZT,1,thick_cloud,44042,0.948697232882246,0.9598337950138505,44559,
ROI_00877__20190808T084601_20190808T090719_T33MZT,2,thin_cloud,0,,,0,absent_true_and_predicted_class
ROI_00877__20190808T084601_20190808T090719_T33MZT,3,cloud_shadow,5568,0.704647676161919,0.9285201149425287,7337,
ROI_00877__20190922T084639_20190922T090622_T33MZT,0,clear,7401,0.18191873755622742,1.0,40683,
ROI_00877__20190922T084639_20190922T090622_T33MZT,1,thick_cloud,9058,0.6570464767616192,0.774122322808567,10672,
ROI_00877__20190922T084639_20190922T090622_T33MZT,2,thin_cloud,33717,0.0,0.0,33717,
ROI_00877__20190922T084639_20190922T090622_T33MZT,3,cloud_shadow,0,0.0,,867,no_true_class_for_recall
ROI_00877__20200120T085159_20200120T090942_T33MZT,0,clear,31204,0.7139803872265527,0.7279835918471991,31816,
ROI_00877__20200120T085159_20200120T090942_T33MZT,1,thick_cloud,18482,0.6742985409652076,0.9752191321285575,26730,
ROI_00877__20200120T085159_20200120T090942_T33MZT,2,thin_cloud,490,0.0,0.0,503,
ROI_00877__20200120T085159_20200120T090942_T33MZT,3,cloud_shadow,0,0.0,,563,no_true_class_for_recall
ROI_00902__20190308T144729_20190308T144826_T19KEB,0,clear,49531,0.9834709087994871,0.991035916900527,49912,
ROI_00902__20190308T144729_20190308T144826_T19KEB,1,thick_cloud,344,0.3411458333333333,0.7616279069767442,768,
ROI_00902__20190308T144729_20190308T144826_T19KEB,2,thin_cloud,0,,,0,absent_true_and_predicted_class
ROI_00902__20190308T144729_20190308T144826_T19KEB,3,cloud_shadow,301,0.0,0.0,323,
ROI_00902__20190502T144741_20190502T145234_T19KEB,0,clear,17276,0.5602474574682477,0.6919425793007641,21337,
ROI_00902__20190502T144741_20190502T145234_T19KEB,1,thick_cloud,0,0.0,,486,no_true_class_for_recall
ROI_00902__20190502T144741_20190502T145234_T19KEB,2,thin_cloud,32900,0.7417979174297525,0.8617933130699088,38222,
ROI_00902__20190502T144741_20190502T145234_T19KEB,3,cloud_shadow,0,,,0,absent_true_and_predicted_class
ROI_00902__20190507T144739_20190507T145618_T19KEB,0,clear,27769,0.6940808291550291,0.7427707155461126,29717,
ROI_00902__20190507T144739_20190507T145618_T19KEB,1,thick_cloud,0,0.0,,2969,no_true_class_for_recall
ROI_00902__20190507T144739_20190507T145618_T19KEB,2,thin_cloud,22407,0.5918781725888325,0.780559646539028,29550,
ROI_00902__20190507T144739_20190507T145618_T19KEB,3,cloud_shadow,0,,,0,absent_true_and_predicted_class
ROI_00902__20190706T144739_20190706T145618_T19KEB,0,clear,13176,0.6736905934965512,0.6745598057073466,13193,
ROI_00902__20190706T144739_20190706T145618_T19KEB,1,thick_cloud,33665,0.8480819016239115,0.8563196197831576,33992,
ROI_00902__20190706T144739_20190706T145618_T19KEB,2,thin_cloud,0,,,0,absent_true_and_predicted_class
ROI_00902__20190706T144739_20190706T145618_T19KEB,3,cloud_shadow,3335,0.25842971167942663,0.9514242878560719,12278,
ROI_00902__20200630T144729_20200630T145607_T19KEB,0,clear,50176,0.9999202806122449,0.9999202806122449,50176,
ROI_00902__20200630T144729_20200630T145607_T19KEB,1,thick_cloud,0,0.0,,4,no_true_class_for_recall
ROI_00902__20200630T144729_20200630T145607_T19KEB,2,thin_cloud,0,,,0,absent_true_and_predicted_class
ROI_00902__20200630T144729_20200630T145607_T19KEB,3,cloud_shadow,0,,,0,absent_true_and_predicted_class
ROI_00906__20181217T164709_20181217T164715_T16TEM,0,clear,6360,0.07026092423766112,0.07028301886792453,6362,
ROI_00906__20181217T164709_20181217T164715_T16TEM,1,thick_cloud,34967,0.9006353927267812,0.9526124631795693,36985,
ROI_00906__20181217T164709_20181217T164715_T16TEM,2,thin_cloud,0,,,0,absent_true_and_predicted_class
ROI_00906__20181217T164709_20181217T164715_T16TEM,3,cloud_shadow,8849,0.5210677833028003,0.8999886992880551,15284,
ROI_00906__20190131T164521_20190131T164523_T16TEM,0,clear,447,1.0,1.0,447,
ROI_00906__20190131T164521_20190131T164523_T16TEM,1,thick_cloud,40718,0.921640834401585,0.9711429834471241,42905,
ROI_00906__20190131T164521_20190131T164523_T16TEM,2,thin_cloud,0,,,0,absent_true_and_predicted_class
ROI_00906__20190131T164521_20190131T164523_T16TEM,3,cloud_shadow,9011,0.669939132142156,0.757296637443125,10186,
ROI_00906__20190717T162901_20190717T163927_T16TEM,0,clear,50176,1.0,1.0,50176,
ROI_00906__20190717T162901_20190717T163927_T16TEM,1,thick_cloud,0,,,0,absent_true_and_predicted_class
ROI_00906__20190717T162901_20190717T163927_T16TEM,2,thin_cloud,0,,,0,absent_true_and_predicted_class
ROI_00906__20190717T162901_20190717T163927_T16TEM,3,cloud_shadow,0,,,0,absent_true_and_predicted_class
ROI_00906__20190730T163901_20190730T164152_T16TEM,0,clear,39466,0.7991447642886942,0.9707343029443065,47940,
ROI_00906__20190730T163901_20190730T164152_T16TEM,1,thick_cloud,6072,0.24755745149305078,0.29627799736495386,7267,
ROI_00906__20190730T163901_20190730T164152_T16TEM,2,thin_cloud,0,,,0,absent_true_and_predicted_class
ROI_00906__20190730T163901_20190730T164152_T16TEM,3,cloud_shadow,4638,0.048303143868415575,0.05002156101768004,4803,
ROI_00906__20191102T164439_20191102T164519_T16TEM,0,clear,15769,0.17328741852170704,0.17870505422030566,16262,
ROI_00906__20191102T164439_20191102T164519_T16TEM,1,thick_cloud,23063,0.7737668876990178,0.9461475089970949,28201,
ROI_00906__20191102T164439_20191102T164519_T16TEM,2,thin_cloud,0,,,0,absent_true_and_predicted_class
ROI_00906__20191102T164439_20191102T164519_T16TEM,3,cloud_shadow,11344,0.4762152203694081,0.888663610719323,21169,
ROI_00908__20190426T151709_20190426T151711_T19PBN,0,clear,17540,0.5326786318997629,0.8071265678449259,26577,
ROI_00908__20190426T151709_20190426T151711_T19PBN,1,thick_cloud,23131,0.645956138102735,0.762742639747525,27313,
ROI_00908__20190426T151709_20190426T151711_T19PBN,2,thin_cloud,0,,,0,absent_true_and_predicted_class
ROI_00908__20190426T151709_20190426T151711_T19PBN,3,cloud_shadow,9505,0.2558458244111349,0.31425565491846397,11675,
ROI_00908__20190531T151711_20190531T151804_T18PZT,0,clear,8439,0.5962420210374899,0.7858751036852708,11123,
ROI_00908__20190531T151711_20190531T151804_T18PZT,1,thick_cloud,30558,0.843975253987173,0.973231232410498,35238,
ROI_00908__20190531T151711_20190531T151804_T18PZT,2,thin_cloud,244,0.0,0.0,244,
ROI_00908__20190531T151711_20190531T151804_T18PZT,3,cloud_shadow,10935,0.4729569345540861,0.5101966163694559,11796,
ROI_00908__20200126T151701_20200126T151657_T19PBN,0,clear,43351,0.8773868291145888,0.9634841180134253,47605,
ROI_00908__20200126T151701_20200126T151657_T19PBN,1,thick_cloud,3787,0.34836409395973156,0.43860575653551626,4768,
ROI_00908__20200126T151701_20200126T151657_T19PBN,2,thin_cloud,0,,,0,absent_true_and_predicted_class
ROI_00908__20200126T151701_20200126T151657_T19PBN,3,cloud_shadow,3038,0.16636759805178158,0.21362738643844634,3901,
ROI_00908__20200609T151709_20200609T151945_T18PZT,0,clear,50176,1.0,1.0,50176,
ROI_00908__20200609T151709_20200609T151945_T18PZT,1,thick_cloud,0,,,0,absent_true_and_predicted_class
ROI_00908__20200609T151709_20200609T151945_T18PZT,2,thin_cloud,0,,,0,absent_true_and_predicted_class
ROI_00908__20200609T151709_20200609T151945_T18PZT,3,cloud_shadow,0,,,0,absent_true_and_predicted_class
ROI_00908__20200619T151709_20200619T151919_T19PBN,0,clear,24775,0.8011109396698041,0.8382643794147326,25924,
ROI_00908__20200619T151709_20200619T151919_T19PBN,1,thick_cloud,18912,0.7849115813578729,0.9786907783417935,23581,
ROI_00908__20200619T151709_20200619T151919_T19PBN,2,thin_cloud,0,,,0,absent_true_and_predicted_class
ROI_00908__20200619T151709_20200619T151919_T19PBN,3,cloud_shadow,6489,0.3128333144218768,0.42487286176606565,8813,
ROI_00913__20190410T084601_20190410T090655_T33MZU,0,clear,12142,0.31378883325257095,0.4799868225992423,18573,
ROI_00913__20190410T084601_20190410T090655_T33MZU,1,thick_cloud,22894,0.6946575885298462,0.8422730846510003,27759,
ROI_00913__20190410T084601_20190410T090655_T33MZU,2,thin_cloud,15140,0.0,0.0,15153,
ROI_00913__20190410T084601_20190410T090655_T33MZU,3,cloud_shadow,0,0.0,,13756,no_true_class_for_recall
ROI_00913__20190808T084601_20190808T090719_T33MZU,0,clear,2933,0.07301468757779438,1.0,40170,
ROI_00913__20190808T084601_20190808T090719_T33MZU,1,thick_cloud,10534,0.5192439079936233,0.6493259920258212,13173,
ROI_00913__20190808T084601_20190808T090719_T33MZU,2,thin_cloud,36709,0.0,0.0,36709,
ROI_00913__20190808T084601_20190808T090719_T33MZU,3,cloud_shadow,0,0.0,,527,no_true_class_for_recall
ROI_00913__20191007T084831_20191007T090219_T33MZU,0,clear,447,1.0,1.0,447,
ROI_00913__20191007T084831_20191007T090219_T33MZU,1,thick_cloud,38828,0.8788160617545165,0.9734469970124652,43009,
ROI_00913__20191007T084831_20191007T090219_T33MZU,2,thin_cloud,0,,,0,absent_true_and_predicted_class
ROI_00913__20191007T084831_20191007T090219_T33MZU,3,cloud_shadow,10901,0.5631914180355347,0.6164572057609393,11932,
ROI_00913__20200429T084559_20200429T085926_T33MZU,0,clear,50176,1.0,1.0,50176,
ROI_00913__20200429T084559_20200429T085926_T33MZU,1,thick_cloud,0,,,0,absent_true_and_predicted_class
ROI_00913__20200429T084559_20200429T085926_T33MZU,2,thin_cloud,0,,,0,absent_true_and_predicted_class
ROI_00913__20200429T084559_20200429T085926_T33MZU,3,cloud_shadow,0,,,0,absent_true_and_predicted_class
ROI_00913__20200628T084559_20200628T085951_T33MZU,0,clear,24656,0.7665843990726199,0.8314406229720961,26742,
ROI_00913__20200628T084559_20200628T085951_T33MZU,1,thick_cloud,25520,0.7980136986301369,0.9130877742946708,29200,
ROI_00913__20200628T084559_20200628T085951_T33MZU,2,thin_cloud,0,0.0,,418,no_true_class_for_recall
ROI_00913__20200628T084559_20200628T085951_T33MZU,3,cloud_shadow,0,0.0,,190,no_true_class_for_recall
ROI_00922__20190430T184921_20190430T185638_T12VVL,0,clear,36905,0.8962562957578275,0.9354288036851375,38518,
ROI_00922__20190430T184921_20190430T185638_T12VVL,1,thick_cloud,3372,0.46141479099678456,0.9362396204033214,6842,
ROI_00922__20190430T184921_20190430T185638_T12VVL,2,thin_cloud,7060,0.2995598670618881,0.4723796033994334,11133,
ROI_00922__20190430T184921_20190430T185638_T12VVL,3,cloud_shadow,2839,0.0021134202183867557,0.0021134202183867557,2839,
ROI_00922__20190517T183921_20190517T184620_T12VVL,0,clear,50176,1.0,1.0,50176,
ROI_00922__20190517T183921_20190517T184620_T12VVL,1,thick_cloud,0,,,0,absent_true_and_predicted_class
ROI_00922__20190517T183921_20190517T184620_T12VVL,2,thin_cloud,0,,,0,absent_true_and_predicted_class
ROI_00922__20190517T183921_20190517T184620_T12VVL,3,cloud_shadow,0,,,0,absent_true_and_predicted_class
ROI_00922__20190606T183921_20190606T184137_T12VVL,0,clear,3817,0.3976721629485936,0.42965679853287925,4124,
ROI_00922__20190606T183921_20190606T184137_T12VVL,1,thick_cloud,39487,0.8795997417688831,0.9661407551852509,43372,
ROI_00922__20190606T183921_20190606T184137_T12VVL,2,thin_cloud,0,,,0,absent_true_and_predicted_class
ROI_00922__20190606T183921_20190606T184137_T12VVL,3,cloud_shadow,6872,0.3769627990304563,0.5205180442374855,9489,
ROI_00922__20190626T183921_20190626T184541_T12VVL,0,clear,18107,0.7846746987951807,0.8992102501794886,20750,
ROI_00922__20190626T183921_20190626T184541_T12VVL,1,thick_cloud,30017,0.8937026293627772,0.9545590831861945,32061,
ROI_00922__20190626T183921_20190626T184541_T12VVL,2,thin_cloud,0,,,0,absent_true_and_predicted_class
ROI_00922__20190626T183921_20190626T184541_T12VVL,3,cloud_shadow,2052,0.04156674660271783,0.050682261208576995,2502,
ROI_00922__20190704T184929_20190704T185009_T12VVL,0,clear,35949,0.8852828605882661,0.9393863528888147,38146,
ROI_00922__20190704T184929_20190704T185009_T12VVL,1,thick_cloud,8373,0.7185568055133272,0.8467693777618536,9867,
ROI_00922__20190704T184929_20190704T185009_T12VVL,2,thin_cloud,0,,,0,absent_true_and_predicted_class
ROI_00922__20190704T184929_20190704T185009_T12VVL,3,cloud_shadow,5854,0.5408053691275168,0.6882473522377861,7450,
ROI_00930__20180601T102021_20180601T102024_T33VVF,0,clear,50176,1.0,1.0,50176,
ROI_00930__20180601T102021_20180601T102024_T33VVF,1,thick_cloud,0,,,0,absent_true_and_predicted_class
ROI_00930__20180601T102021_20180601T102024_T33VVF,2,thin_cloud,0,,,0,absent_true_and_predicted_class
ROI_00930__20180601T102021_20180601T102024_T33VVF,3,cloud_shadow,0,,,0,absent_true_and_predicted_class
ROI_00930__20190614T103029_20190614T103029_T33VVF,0,clear,9331,0.2835985649894214,0.33040402957882326,10871,
ROI_00930__20190614T103029_20190614T103029_T33VVF,1,thick_cloud,33792,0.8224311336361966,0.9268169981060606,38081,
ROI_00930__20190614T103029_20190614T103029_T33VVF,2,thin_cloud,0,,,0,absent_true_and_predicted_class
ROI_00930__20190614T103029_20190614T103029_T33VVF,3,cloud_shadow,7053,0.551337044811536,0.8565149581738267,10957,
ROI_00930__20190922T103019_20190922T103021_T33VVF,0,clear,44330,0.9110124665518886,0.9907286262124971,48209,
ROI_00930__20190922T103019_20190922T103021_T33VVF,1,thick_cloud,4065,0.4480760315252666,0.4755227552275523,4314,
ROI_00930__20190922T103019_20190922T103021_T33VVF,2,thin_cloud,0,,,0,absent_true_and_predicted_class
ROI_00930__20190922T103019_20190922T103021_T33VVF,3,cloud_shadow,1781,0.0,0.0,1977,
ROI_00930__20200630T102031_20200630T102422_T33VVF,0,clear,26706,0.7885257670818117,0.9459297536134202,32037,
ROI_00930__20200630T102031_20200630T102422_T33VVF,1,thick_cloud,15062,0.7948657560056523,0.8962953127074758,16984,
ROI_00930__20200630T102031_20200630T102422_T33VVF,2,thin_cloud,0,,,0,absent_true_and_predicted_class
ROI_00930__20200630T102031_20200630T102422_T33VVF,3,cloud_shadow,8408,0.3795412139172429,0.41127497621313036,9111,
ROI_00930__20200713T103031_20200713T103026_T33VVF,0,clear,4514,0.32973568281938326,0.3316349136021267,4540,
ROI_00930__20200713T103031_20200713T103026_T33VVF,1,thick_cloud,28964,0.0768306910987578,0.07730285872117111,29142,
ROI_00930__20200713T103031_20200713T103026_T33VVF,2,thin_cloud,16698,0.3551679586563308,0.9877829680201222,46440,
ROI_00930__20200713T103031_20200713T103026_T33VVF,3,cloud_shadow,0,,,0,absent_true_and_predicted_class
ROI_00936__20190329T080611_20190329T082339_T35LPK,0,clear,10609,0.48614057901581,0.6695258742577057,14611,
ROI_00936__20190329T080611_20190329T082339_T35LPK,1,thick_cloud,33365,0.8209288440071649,0.9477895998801139,38521,
ROI_00936__20190329T080611_20190329T082339_T35LPK,2,thin_cloud,0,0.0,,344,no_true_class_for_recall
ROI_00936__20190329T080611_20190329T082339_T35LPK,3,cloud_shadow,6202,0.21135552913198574,0.2292808771364076,6728,
ROI_00936__20191015T080911_20191015T083220_T35LPK,0,clear,5561,0.061481870730425645,0.08415752562488761,7612,
ROI_00936__20191015T080911_20191015T083220_T35LPK,1,thick_cloud,44615,0.321336129953588,0.3227838171018716,44816,
ROI_00936__20191015T080911_20191015T083220_T35LPK,2,thin_cloud,0,0.0,,23956,no_true_class_for_recall
ROI_00936__20191015T080911_20191015T083220_T35LPK,3,cloud_shadow,0,0.0,,9099,no_true_class_for_recall
ROI_00936__20191030T081009_20191030T082935_T35LPK,0,clear,41068,0.9544147942317827,0.9701714230057465,41746,
ROI_00936__20191030T081009_20191030T082935_T35LPK,1,thick_cloud,5561,0.7528351716638185,0.8714260025175328,6437,
ROI_00936__20191030T081009_20191030T082935_T35LPK,2,thin_cloud,0,,,0,absent_true_and_predicted_class
ROI_00936__20191030T081009_20191030T082935_T35LPK,3,cloud_shadow,3547,0.5209434729564864,0.7223005356639414,4918,
ROI_00936__20200407T080609_20200407T082847_T35LPK,0,clear,447,1.0,1.0,447,
ROI_00936__20200407T080609_20200407T082847_T35LPK,1,thick_cloud,42497,0.9325167087645573,0.9816692943031273,44737,
ROI_00936__20200407T080609_20200407T082847_T35LPK,2,thin_cloud,0,,,0,absent_true_and_predicted_class
ROI_00936__20200407T080609_20200407T082847_T35LPK,3,cloud_shadow,7232,0.6231431781300711,0.6902654867256637,8011,
ROI_00936__20200606T080609_20200606T083047_T35LPK,0,clear,50176,1.0,1.0,50176,
ROI_00936__20200606T080609_20200606T083047_T35LPK,1,thick_cloud,0,,,0,absent_true_and_predicted_class
ROI_00936__20200606T080609_20200606T083047_T35LPK,2,thin_cloud,0,,,0,absent_true_and_predicted_class
ROI_00936__20200606T080609_20200606T083047_T35LPK,3,cloud_shadow,0,,,0,absent_true_and_predicted_class
ROI_00944__20190402T144731_20190402T144934_T19LDC,0,clear,2280,0.14094955489614244,1.0,16176,
ROI_00944__20190402T144731_20190402T144934_T19LDC,1,thick_cloud,29008,0.8082478028394076,0.906715388858246,32542,
ROI_00944__20190402T144731_20190402T144934_T19LDC,2,thin_cloud,18888,0.0,0.0,18888,
ROI_00944__20190402T144731_20190402T144934_T19LDC,3,cloud_shadow,0,0.0,,4164,no_true_class_for_recall
ROI_00944__20190412T144731_20190412T145504_T19LDC,0,clear,34034,0.9074124428975419,0.9805194805194806,36776,
ROI_00944__20190412T144731_20190412T145504_T19LDC,1,thick_cloud,9460,0.7037242472266244,0.9387949260042283,12620,
ROI_00944__20190412T144731_20190412T145504_T19LDC,2,thin_cloud,0,,,0,absent_true_and_predicted_class
ROI_00944__20190412T144731_20190412T145504_T19LDC,3,cloud_shadow,6682,0.21938918464555898,0.23436096976953008,7138,
ROI_00944__20190810T144741_20190810T144851_T19LDC,0,clear,41781,0.8815180102915952,0.9840358057490247,46640,
ROI_00944__20190810T144741_20190810T144851_T19LDC,1,thick_cloud,4895,0.5837608349548912,0.6741573033707865,5653,
ROI_00944__20190810T144741_20190810T144851_T19LDC,2,thin_cloud,0,,,0,absent_true_and_predicted_class
ROI_00944__20190810T144741_20190810T144851_T19LDC,3,cloud_shadow,3500,0.031409168081494056,0.031714285714285716,3534,
ROI_00944__20200605T144731_20200605T145459_T19LDC,0,clear,447,0.08480364257256688,1.0,5271,
ROI_00944__20200605T144731_20200605T145459_T19LDC,1,thick_cloud,34478,0.4093459024926262,0.4105806601310981,34582,
ROI_00944__20200605T144731_20200605T145459_T19LDC,2,thin_cloud,10174,0.2896167660724289,0.8638686848830351,30347,
ROI_00944__20200605T144731_20200605T145459_T19LDC,3,cloud_shadow,5077,0.2304331998543866,0.24935985818396691,5494,
ROI_00944__20200610T144729_20200610T145607_T19LDC,0,clear,50176,1.0,1.0,50176,
ROI_00944__20200610T144729_20200610T145607_T19LDC,1,thick_cloud,0,,,0,absent_true_and_predicted_class
ROI_00944__20200610T144729_20200610T145607_T19LDC,2,thin_cloud,0,,,0,absent_true_and_predicted_class
ROI_00944__20200610T144729_20200610T145607_T19LDC,3,cloud_shadow,0,,,0,absent_true_and_predicted_class
ROI_00949__20190310T160051_20190310T161852_T16PFT,0,clear,46498,0.9372625161802163,0.9654823863391974,47898,
ROI_00949__20190310T160051_20190310T161852_T16PFT,1,thick_cloud,2406,0.5001303780964798,0.7971737323358271,3835,
ROI_00949__20190310T160051_20190310T161852_T16PFT,2,thin_cloud,0,,,0,absent_true_and_predicted_class
ROI_00949__20190310T160051_20190310T161852_T16PFT,3,cloud_shadow,1272,0.13141426783479349,0.1650943396226415,1598,
ROI_00949__20190906T155901_20190906T161914_T16PFT,0,clear,14506,0.2510118680112506,0.2522404522266648,14577,
ROI_00949__20190906T155901_20190906T161914_T16PFT,1,thick_cloud,26462,0.6874636647111675,0.9831078527700098,37842,
ROI_00949__20190906T155901_20190906T161914_T16PFT,2,thin_cloud,0,0.0,,1680,no_true_class_for_recall
ROI_00949__20190906T155901_20190906T161914_T16PFT,3,cloud_shadow,9208,0.3530563943524035,0.4698088618592528,12253,
ROI_00949__20191016T160241_20191016T161055_T16PFT,0,clear,31992,0.5405022792264786,0.5967116779194799,35319,
ROI_00949__20191016T160241_20191016T161055_T16PFT,1,thick_cloud,10491,0.3921100312963268,0.9076351158135545,24284,
ROI_00949__20191016T160241_20191016T161055_T16PFT,2,thin_cloud,0,,,0,absent_true_and_predicted_class
ROI_00949__20191016T160241_20191016T161055_T16PFT,3,cloud_shadow,7693,0.22164066431806745,0.2862342389184973,9935,
ROI_00949__20200304T160131_20200304T161939_T16PFT,0,clear,50176,1.0,1.0,50176,
ROI_00949__20200304T160131_20200304T161939_T16PFT,1,thick_cloud,0,,,0,absent_true_and_predicted_class
ROI_00949__20200304T160131_20200304T161939_T16PFT,2,thin_cloud,0,,,0,absent_true_and_predicted_class
ROI_00949__20200304T160131_20200304T161939_T16PFT,3,cloud_shadow,0,,,0,absent_true_and_predicted_class
ROI_00949__20200702T155911_20200702T161714_T16PFT,0,clear,11079,0.5380221653878943,0.5696362487589133,11730,
ROI_00949__20200702T155911_20200702T161714_T16PFT,1,thick_cloud,33839,0.8562612564890348,0.9553769319424333,37756,
ROI_00949__20200702T155911_20200702T161714_T16PFT,2,thin_cloud,0,0.0,,1745,no_true_class_for_recall
ROI_00949__20200702T155911_20200702T161714_T16PFT,3,cloud_shadow,5258,0.3278854681363233,0.49220235831114495,7893,
ROI_00963__20190720T163901_20190720T163909_T17ULA,0,clear,2037,0.24867469879518073,0.2533136966126657,2075,
ROI_00963__20190720T163901_20190720T163909_T17ULA,1,thick_cloud,41881,0.8927399325882561,0.961271220839999,45096,
ROI_00963__20190720T163901_20190720T163909_T17ULA,2,thin_cloud,0,,,0,absent_true_and_predicted_class
ROI_00963__20190720T163901_20190720T163909_T17ULA,3,cloud_shadow,6258,0.46090438059349975,0.6254394375199744,8492,
ROI_00963__20191028T164411_20191028T164410_T17ULA,0,clear,15272,0.7558390022675737,0.873035620743845,17640,
ROI_00963__20191028T164411_20191028T164410_T17ULA,1,thick_cloud,18447,0.7146814404432132,0.8811188811188811,22743,
ROI_00963__20191028T164411_20191028T164410_T17ULA,2,thin_cloud,0,,,0,absent_true_and_predicted_class
ROI_00963__20191028T164411_20191028T164410_T17ULA,3,cloud_shadow,16457,0.7264461870667122,0.7768122987178708,17598,
ROI_00963__20200503T164839_20200503T165142_T17ULA,0,clear,6375,0.5533569712913188,0.7589019607843137,8743,
ROI_00963__20200503T164839_20200503T165142_T17ULA,1,thick_cloud,34512,0.873202477170148,0.9641863699582753,38108,
ROI_00963__20200503T164839_20200503T165142_T17ULA,2,thin_cloud,0,,,0,absent_true_and_predicted_class
ROI_00963__20200503T164839_20200503T165142_T17ULA,3,cloud_shadow,9289,0.5183540556542333,0.5655075896221337,10134,
ROI_00963__20200609T163839_20200609T164248_T17ULA,0,clear,39698,0.8015656289823412,0.9982114968008464,49437,
ROI_00963__20200609T163839_20200609T164248_T17ULA,1,thick_cloud,10112,0.0032634493670886076,0.0032634493670886076,10112,
ROI_00963__20200609T163839_20200609T164248_T17ULA,2,thin_cloud,0,0.0,,777,no_true_class_for_recall
ROI_00963__20200609T163839_20200609T164248_T17ULA,3,cloud_shadow,366,0.0,0.0,366,
ROI_00963__20200624T163901_20200624T164200_T17ULA,0,clear,50176,1.0,1.0,50176,
ROI_00963__20200624T163901_20200624T164200_T17ULA,1,thick_cloud,0,,,0,absent_true_and_predicted_class
ROI_00963__20200624T163901_20200624T164200_T17ULA,2,thin_cloud,0,,,0,absent_true_and_predicted_class
ROI_00963__20200624T163901_20200624T164200_T17ULA,3,cloud_shadow,0,,,0,absent_true_and_predicted_class
ROI_00986__20190602T162839_20190602T163008_T17UMU,0,clear,16563,0.5441128391948064,0.703374992453058,21411,
ROI_00986__20190602T162839_20190602T163008_T17UMU,1,thick_cloud,25624,0.7298324408360684,0.8244224164845457,28945,
ROI_00986__20190602T162839_20190602T163008_T17UMU,2,thin_cloud,0,,,0,absent_true_and_predicted_class
ROI_00986__20190602T162839_20190602T163008_T17UMU,3,cloud_shadow,7989,0.32073011734028684,0.5234697709350357,13039,
ROI_00986__20190814T163849_20190814T164716_T17UMU,0,clear,32616,0.724504552758436,0.8294395388766249,37340,
ROI_00986__20190814T163849_20190814T164716_T17UMU,1,thick_cloud,9829,0.5926819774231218,0.7745447146200021,12845,
ROI_00986__20190814T163849_20190814T164716_T17UMU,2,thin_cloud,0,0.0,,2152,no_true_class_for_recall
ROI_00986__20190814T163849_20190814T164716_T17UMU,3,cloud_shadow,7731,0.4871880570409982,0.5656448066226879,8976,
ROI_00986__20190826T162901_20190826T163500_T17UMU,0,clear,50176,1.0,1.0,50176,
ROI_00986__20190826T162901_20190826T163500_T17UMU,1,thick_cloud,0,,,0,absent_true_and_predicted_class
ROI_00986__20190826T162901_20190826T163500_T17UMU,2,thin_cloud,0,,,0,absent_true_and_predicted_class
ROI_00986__20190826T162901_20190826T163500_T17UMU,3,cloud_shadow,0,,,0,absent_true_and_predicted_class
ROI_00986__20190905T162901_20190905T163208_T17UMU,0,clear,447,0.9977678571428571,1.0,448,
ROI_00986__20190905T162901_20190905T163208_T17UMU,1,thick_cloud,46639,0.9540977435747298,0.9782370977079269,47819,
ROI_00986__20190905T162901_20190905T163208_T17UMU,2,thin_cloud,0,,,0,absent_true_and_predicted_class
ROI_00986__20190905T162901_20190905T163208_T17UMU,3,cloud_shadow,3090,0.46539961013645226,0.6181229773462783,4104,
ROI_00986__20191023T164339_20191023T164338_T17UMU,0,clear,9517,0.05601006922592826,0.05611011873489545,9534,
ROI_00986__20191023T164339_20191023T164338_T17UMU,1,thick_cloud,32257,0.7629970178926442,0.9518244102055368,40240,
ROI_00986__20191023T164339_20191023T164338_T17UMU,2,thin_cloud,0,,,0,absent_true_and_predicted_class
ROI_00986__20191023T164339_20191023T164338_T17UMU,3,cloud_shadow,8402,0.29709610354771643,0.5272554153772911,14911,
ROI_00994__20190515T084609_20190515T085208_T37VFG,0,clear,50176,0.9132254464285714,0.9132254464285714,50176,
ROI_00994__20190515T084609_20190515T085208_T37VFG,1,thick_cloud,0,,,0,absent_true_and_predicted_class
ROI_00994__20190515T084609_20190515T085208_T37VFG,2,thin_cloud,0,0.0,,4354,no_true_class_for_recall
ROI_00994__20190515T084609_20190515T085208_T37VFG,3,cloud_shadow,0,,,0,absent_true_and_predicted_class
ROI_00994__20190527T083601_20190527T083603_T37VFG,0,clear,782,0.5667506297229219,0.5754475703324808,794,
ROI_00994__20190527T083601_20190527T083603_T37VFG,1,thick_cloud,40810,0.9108468147870672,0.9533202646410194,42713,
ROI_00994__20190527T083601_20190527T083603_T37VFG,2,thin_cloud,0,,,0,absent_true_and_predicted_class
ROI_00994__20190527T083601_20190527T083603_T37VFG,3,cloud_shadow,8584,0.6318342974435529,0.7889095992544268,10718,
ROI_00994__20190701T083609_20190701T083608_T37VFG,0,clear,17209,0.7454000855798032,0.9110349235864954,21033,
ROI_00994__20190701T083609_20190701T083608_T37VFG,1,thick_cloud,22194,0.8254855442518798,0.9249797242497972,24869,
ROI_00994__20190701T083609_20190701T083608_T37VFG,2,thin_cloud,3332,0.09423076923076923,0.10294117647058823,3640,
ROI_00994__20190701T083609_20190701T083608_T37VFG,3,cloud_shadow,7441,0.6388920813699575,0.7470770057787932,8701,
ROI_00994__20190714T084609_20190714T085208_T37VFG,0,clear,10426,0.750761911841225,0.9687320161135623,13453,
ROI_00994__20190714T084609_20190714T085208_T37VFG,1,thick_cloud,30601,0.9174872665534805,0.9712754485147544,32395,
ROI_00994__20190714T084609_20190714T085208_T37VFG,2,thin_cloud,0,,,0,absent_true_and_predicted_class
ROI_00994__20190714T084609_20190714T085208_T37VFG,3,cloud_shadow,9149,0.5860429944906557,0.5929609793420046,9257,
ROI_00994__20190726T083611_20190726T083840_T37VFG,0,clear,42892,0.8879814890431469,0.9126177375734402,44082,
ROI_00994__20190726T083611_20190726T083840_T37VFG,1,thick_cloud,4470,0.6360935023771791,0.71834451901566,5048,
ROI_00994__20190726T083611_20190726T083840_T37VFG,2,thin_cloud,0,0.0,,2767,no_true_class_for_recall
ROI_00994__20190726T083611_20190726T083840_T37VFG,3,cloud_shadow,2814,0.6526686534814413,0.8560767590618337,3691,
ROI_00995__20190818T084601_20190818T085006_T38VLQ,0,clear,36390,0.8948438029233214,0.9438032426490794,38381,
ROI_00995__20190818T084601_20190818T085006_T38VLQ,1,thick_cloud,7307,0.763683345078694,0.8898316682633092,8514,
ROI_00995__20190818T084601_20190818T085006_T38VLQ,2,thin_cloud,0,,,0,absent_true_and_predicted_class
ROI_00995__20190818T084601_20190818T085006_T38VLQ,3,cloud_shadow,6479,0.6635883905013192,0.7763543756752586,7580,
ROI_00995__20190911T082601_20190911T083052_T38VLQ,0,clear,50176,1.0,1.0,50176,
ROI_00995__20190911T082601_20190911T083052_T38VLQ,1,thick_cloud,0,,,0,absent_true_and_predicted_class
ROI_00995__20190911T082601_20190911T083052_T38VLQ,2,thin_cloud,0,,,0,absent_true_and_predicted_class
ROI_00995__20190911T082601_20190911T083052_T38VLQ,3,cloud_shadow,0,,,0,absent_true_and_predicted_class
ROI_00995__20191029T084009_20191029T084012_T38VLQ,0,clear,2032,0.21998031496062992,0.21998031496062992,2032,
ROI_00995__20191029T084009_20191029T084012_T38VLQ,1,thick_cloud,46278,0.9164257337188261,0.9520506504170448,48077,
ROI_00995__20191029T084009_20191029T084012_T38VLQ,2,thin_cloud,0,,,0,absent_true_and_predicted_class
ROI_00995__20191029T084009_20191029T084012_T38VLQ,3,cloud_shadow,1866,0.3283167399861079,0.759914255091104,4319,
ROI_00995__20200330T084559_20200330T084556_T38VMQ,0,clear,10929,0.37312528404787154,0.4507274224540214,13202,
ROI_00995__20200330T084559_20200330T084556_T38VMQ,1,thick_cloud,29659,0.8279189449983918,0.9546512019960215,34199,
ROI_00995__20200330T084559_20200330T084556_T38VMQ,2,thin_cloud,0,,,0,absent_true_and_predicted_class
ROI_00995__20200330T084559_20200330T084556_T38VMQ,3,cloud_shadow,9588,0.48975889955407753,0.6758448060075094,13231,
ROI_00995__20200509T084559_20200509T085153_T38VLQ,0,clear,6262,0.6082198443579766,0.7987863302459278,8224,
ROI_00995__20200509T084559_20200509T085153_T38VLQ,1,thick_cloud,30067,0.7977831417137775,0.8354341969601224,31486,
ROI_00995__20200509T084559_20200509T085153_T38VLQ,2,thin_cloud,0,,,0,absent_true_and_predicted_class
ROI_00995__20200509T084559_20200509T085153_T38VLQ,3,cloud_shadow,13847,0.6453369272237197,0.8645193904816928,18550,
ROI_00997__20190905T080611_20190905T080606_T40WFB,0,clear,42609,0.8763899773367505,0.9710859208148513,47213,
ROI_00997__20190905T080611_20190905T080606_T40WFB,1,thick_cloud,2742,0.35219431410433344,0.4653537563822028,3623,
ROI_00997__20190905T080611_20190905T080606_T40WFB,2,thin_cloud,4825,0.06924079504724666,0.08808290155440414,6138,
ROI_00997__20190905T080611_20190905T080606_T40WFB,3,cloud_shadow,0,0.0,,300,no_true_class_for_recall
ROI_00997__20200616T080609_20200616T080609_T40WFB,0,clear,629,0.6134889753566797,0.7519872813990461,771,
ROI_00997__20200616T080609_20200616T080609_T40WFB,1,thick_cloud,40653,0.8964448866977249,0.9750571913511918,44218,
ROI_00997__20200616T080609_20200616T080609_T40WFB,2,thin_cloud,0,,,0,absent_true_and_predicted_class
ROI_00997__20200616T080609_20200616T080609_T40WFB,3,cloud_shadow,8894,0.5352325347292128,0.5978187542163256,9934,
ROI_00997__20200621T080611_20200621T080612_T40WFB,0,clear,14965,0.5646153023579105,0.7056465085198798,18703,
ROI_00997__20200621T080611_20200621T080612_T40WFB,1,thick_cloud,21499,0.7626478117761795,0.8729708358528304,24609,
ROI_00997__20200621T080611_20200621T080612_T40WFB,2,thin_cloud,0,,,0,absent_true_and_predicted_class
ROI_00997__20200621T080611_20200621T080612_T40WFB,3,cloud_shadow,13712,0.530119816685992,0.7001896149358227,18111,
ROI_00997__20200703T075609_20200703T075951_T40WFB,0,clear,9414,0.631981981981982,0.7451667728914383,11100,
ROI_00997__20200703T075609_20200703T075951_T40WFB,1,thick_cloud,29974,0.8479638009049774,0.9378127710682591,33150,
ROI_00997__20200703T075609_20200703T075951_T40WFB,2,thin_cloud,0,,,0,absent_true_and_predicted_class
ROI_00997__20200703T075609_20200703T075951_T40WFB,3,cloud_shadow,10788,0.6937424303593056,0.796440489432703,12385,
ROI_00997__20200725T074621_20200725T074617_T40WFB,0,clear,50176,1.0,1.0,50176,
ROI_00997__20200725T074621_20200725T074617_T40WFB,1,thick_cloud,0,,,0,absent_true_and_predicted_class
ROI_00997__20200725T074621_20200725T074617_T40WFB,2,thin_cloud,0,,,0,absent_true_and_predicted_class
ROI_00997__20200725T074621_20200725T074617_T40WFB,3,cloud_shadow,0,,,0,absent_true_and_predicted_class
ROI_01000__20190403T080609_20190403T080837_T40WFB,0,clear,17104,0.5068286299117479,0.883068288119738,29801,
ROI_01000__20190403T080609_20190403T080837_T40WFB,1,thick_cloud,9582,0.43421814272719755,0.5480066791901482,12093,
ROI_01000__20190403T080609_20190403T080837_T40WFB,2,thin_cloud,0,,,0,absent_true_and_predicted_class
ROI_01000__20190403T080609_20190403T080837_T40WFB,3,cloud_shadow,23490,0.5023657440264964,0.5424010217113665,25362,
ROI_01000__20190708T073621_20190708T073617_T41WMS,0,clear,30079,0.6659324320603541,0.804082582532664,36319,
ROI_01000__20190708T073621_20190708T073617_T41WMS,1,thick_cloud,12107,0.5300854601476659,0.75311803089122,17201,
ROI_01000__20190708T073621_20190708T073617_T41WMS,2,thin_cloud,0,0.0,,28,no_true_class_for_recall
ROI_01000__20190708T073621_20190708T073617_T41WMS,3,cloud_shadow,7990,0.34355095541401276,0.43204005006257823,10048,
ROI_01000__20190801T080619_20190801T081001_T41WMS,0,clear,50176,1.0,1.0,50176,
ROI_01000__20190801T080619_20190801T081001_T41WMS,1,thick_cloud,0,,,0,absent_true_and_predicted_class
ROI_01000__20190801T080619_20190801T081001_T41WMS,2,thin_cloud,0,,,0,absent_true_and_predicted_class
ROI_01000__20190801T080619_20190801T081001_T41WMS,3,cloud_shadow,0,,,0,absent_true_and_predicted_class
ROI_01000__20200608T075621_20200608T075651_T40WFB,0,clear,447,0.7174959871589085,1.0,623,
ROI_01000__20200608T075621_20200608T075651_T40WFB,1,thick_cloud,44879,0.9388415234994216,0.9765591924953765,46682,
ROI_01000__20200608T075621_20200608T075651_T40WFB,2,thin_cloud,0,,,0,absent_true_and_predicted_class
ROI_01000__20200608T075621_20200608T075651_T40WFB,3,cloud_shadow,4850,0.48745337402509326,0.5927835051546392,5898,
ROI_01000__20200616T080609_20200616T080609_T40WFB,0,clear,11495,0.5738282308317529,0.9212701174423662,18455,
ROI_01000__20200616T080609_20200616T080609_T40WFB,1,thick_cloud,27075,0.8101193669527897,0.8923730378578024,29824,
ROI_01000__20200616T080609_20200616T080609_T40WFB,2,thin_cloud,0,,,0,absent_true_and_predicted_class
ROI_01000__20200616T080609_20200616T080609_T40WFB,3,cloud_shadow,11606,0.35317553316147177,0.389539893158711,12801,
ROI_01048__20190119T074231_20190119T080045_T36JTS,0,clear,46286,0.9658065065576563,0.9800371602644428,46968,
ROI_01048__20190119T074231_20190119T080045_T36JTS,1,thick_cloud,2685,0.5782293986636972,0.7735567970204842,3592,
ROI_01048__20190119T074231_20190119T080045_T36JTS,2,thin_cloud,0,,,0,absent_true_and_predicted_class
ROI_01048__20190119T074231_20190119T080045_T36JTS,3,cloud_shadow,1205,0.303601108033241,0.45477178423236514,1805,
ROI_01048__20190315T073659_20190315T080639_T35JRM,0,clear,25298,0.7659068998760501,0.8793185232034153,29044,
ROI_01048__20190315T073659_20190315T080639_T35JRM,1,thick_cloud,15843,0.7016026174236123,0.7985861263649562,18033,
ROI_01048__20190315T073659_20190315T080639_T35JRM,2,thin_cloud,0,,,0,absent_true_and_predicted_class
ROI_01048__20190315T073659_20190315T080639_T35JRM,3,cloud_shadow,9035,0.5582499576055622,0.728721638074156,11794,
ROI_01048__20190509T073621_20190509T080631_T35JRM,0,clear,50176,1.0,1.0,50176,
ROI_01048__20190509T073621_20190509T080631_T35JRM,1,thick_cloud,0,,,0,absent_true_and_predicted_class
ROI_01048__20190509T073621_20190509T080631_T35JRM,2,thin_cloud,0,,,0,absent_true_and_predicted_class
ROI_01048__20190509T073621_20190509T080631_T35JRM,3,cloud_shadow,0,,,0,absent_true_and_predicted_class
ROI_01048__20200104T074311_20200104T080039_T35JRM,0,clear,8971,0.40019607843137256,0.45502173670716756,10200,
ROI_01048__20200104T074311_20200104T080039_T35JRM,1,thick_cloud,26849,0.752717138875987,0.9053968490446571,32295,
ROI_01048__20200104T074311_20200104T080039_T35JRM,2,thin_cloud,0,0.0,,226,no_true_class_for_recall
ROI_01048__20200104T074311_20200104T080039_T35JRM,3,cloud_shadow,14356,0.6628753412192903,0.8119253273892449,17584,
ROI_01048__20200304T073801_20200304T080109_T36JTS,0,clear,38956,0.889828846059536,0.9315381456001642,40782,
ROI_01048__20200304T073801_20200304T080109_T36JTS,1,thick_cloud,6724,0.6291428571428571,0.8187091017251636,8750,
ROI_01048__20200304T073801_20200304T080109_T36JTS,2,thin_cloud,0,,,0,absent_true_and_predicted_class
ROI_01048__20200304T073801_20200304T080109_T36JTS,3,cloud_shadow,4496,0.5659264399722415,0.7255338078291815,5764,
ROI_01057__20190305T160229_20190305T160228_T18UVB,0,clear,41086,0.9119174637493831,0.9444336270262377,42551,
ROI_01057__20190305T160229_20190305T160228_T18UVB,1,thick_cloud,2780,0.6955065587496512,0.8964028776978418,3583,
ROI_01057__20190305T160229_20190305T160228_T18UVB,2,thin_cloud,0,,,0,absent_true_and_predicted_class
ROI_01057__20190305T160229_20190305T160228_T18UVB,3,cloud_shadow,6310,0.6119496070849445,0.7774960380348653,8017,
ROI_01057__20190621T160911_20190621T161509_T18UVB,0,clear,9876,0.8066371681415929,0.9229445119481572,11300,
ROI_01057__20190621T160911_20190621T161509_T18UVB,1,thick_cloud,36703,0.92743206775857,0.9457265073699698,37427,
ROI_01057__20190621T160911_20190621T161509_T18UVB,2,thin_cloud,0,,,0,absent_true_and_predicted_class
ROI_01057__20190621T160911_20190621T161509_T18UVB,3,cloud_shadow,3597,0.6443179422306557,0.849596886294134,4743,
ROI_01057__20190703T155829_20190703T160727_T18UVB,0,clear,38468,0.8230385759216072,1.0,46739,
ROI_01057__20190703T155829_20190703T160727_T18UVB,1,thick_cloud,0,,,0,absent_true_and_predicted_class
ROI_01057__20190703T155829_20190703T160727_T18UVB,2,thin_cloud,11708,0.2935599590023915,0.2935599590023915,11708,
ROI_01057__20190703T155829_20190703T160727_T18UVB,3,cloud_shadow,0,,,0,absent_true_and_predicted_class
ROI_01057__20190921T155939_20190921T160251_T18UVB,0,clear,50176,1.0,1.0,50176,
ROI_01057__20190921T155939_20190921T160251_T18UVB,1,thick_cloud,0,,,0,absent_true_and_predicted_class
ROI_01057__20190921T155939_20190921T160251_T18UVB,2,thin_cloud,0,,,0,absent_true_and_predicted_class
ROI_01057__20190921T155939_20190921T160251_T18UVB,3,cloud_shadow,0,,,0,absent_true_and_predicted_class
ROI_01057__20200705T160911_20200705T161840_T18UVB,0,clear,23720,0.791172120890372,0.8795952782462058,26371,
ROI_01057__20200705T160911_20200705T161840_T18UVB,1,thick_cloud,15447,0.8011923735316687,0.878681944714184,16941,
ROI_01057__20200705T160911_20200705T161840_T18UVB,2,thin_cloud,0,,,0,absent_true_and_predicted_class
ROI_01057__20200705T160911_20200705T161840_T18UVB,3,cloud_shadow,11009,0.7235778557267043,0.8619311472431647,13114,
ROI_01071__20190209T085121_20190209T090412_T34NCL,0,clear,50176,1.0,1.0,50176,
ROI_01071__20190209T085121_20190209T090412_T34NCL,1,thick_cloud,0,,,0,absent_true_and_predicted_class
ROI_01071__20190209T085121_20190209T090412_T34NCL,2,thin_cloud,0,,,0,absent_true_and_predicted_class
ROI_01071__20190209T085121_20190209T090412_T34NCL,3,cloud_shadow,0,,,0,absent_true_and_predicted_class
ROI_01071__20190329T085739_20190329T091105_T34NCL,0,clear,42929,0.39676217097600747,0.3967714132637611,42930,
ROI_01071__20190329T085739_20190329T091105_T34NCL,1,thick_cloud,6967,0.07117233462476683,0.0711927658963686,6969,
ROI_01071__20190329T085739_20190329T091105_T34NCL,2,thin_cloud,280,0.008577380223011886,1.0,32644,
ROI_01071__20190329T085739_20190329T091105_T34NCL,3,cloud_shadow,0,,,0,absent_true_and_predicted_class
ROI_01071__20190902T084559_20190902T090541_T34NCL,0,clear,31022,0.8202236918294579,0.8675778479788537,32813,
ROI_01071__20190902T084559_20190902T090541_T34NCL,1,thick_cloud,12747,0.6796797418073486,0.8591041029261787,16112,
ROI_01071__20190902T084559_20190902T090541_T34NCL,2,thin_cloud,0,,,0,absent_true_and_predicted_class
ROI_01071__20190902T084559_20190902T090541_T34NCL,3,cloud_shadow,6407,0.48364511541406846,0.6900265334790073,9141,
ROI_01071__20200422T085549_20200422T091822_T34NCL,0,clear,33791,0.8426575372968158,0.8959486253736202,35928,
ROI_01071__20200422T085549_20200422T091822_T34NCL,1,thick_cloud,10722,0.6798202178715624,0.8323074053348256,13127,
ROI_01071__20200422T085549_20200422T091822_T34NCL,2,thin_cloud,0,,,0,absent_true_and_predicted_class
ROI_01071__20200422T085549_20200422T091822_T34NCL,3,cloud_shadow,5663,0.5933096272882918,0.7955147448348932,7593,
ROI_01071__20200618T084559_20200618T090240_T34NCL,0,clear,16381,0.25900751879699246,0.2628655149258287,16625,
ROI_01071__20200618T084559_20200618T090240_T34NCL,1,thick_cloud,11249,0.4000152241759915,0.467152635789848,13137,
ROI_01071__20200618T084559_20200618T090240_T34NCL,2,thin_cloud,19610,0.44472146670696083,0.9005099439061703,39708,
ROI_01071__20200618T084559_20200618T090240_T34NCL,3,cloud_shadow,2936,0.14009962640099627,0.15326975476839236,3212,
ROI_01077__20190922T013321_20190922T014010_T52LGM,0,clear,4428,0.5359342915811088,0.7073170731707317,5844,
ROI_01077__20190922T013321_20190922T014010_T52LGM,1,thick_cloud,35836,0.8852033533182797,0.9517245228262082,38529,
ROI_01077__20190922T013321_20190922T014010_T52LGM,2,thin_cloud,0,,,0,absent_true_and_predicted_class
ROI_01077__20190922T013321_20190922T014010_T52LGM,3,cloud_shadow,9912,0.6167184265010351,0.7212469733656174,11592,
ROI_01077__20191012T013321_20191012T014010_T52LGM,0,clear,40211,0.8528478589089954,0.969287011016886,45701,
ROI_01077__20191012T013321_20191012T014010_T52LGM,1,thick_cloud,2936,0.49334088977047325,0.592983651226158,3529,
ROI_01077__20191012T013321_20191012T014010_T52LGM,2,thin_cloud,3615,0.0,0.0,3615,
ROI_01077__20191012T013321_20191012T014010_T52LGM,3,cloud_shadow,3414,0.4456035767511177,0.6130638547158758,4697,
ROI_01077__20191211T013711_20191211T013709_T52LGM,0,clear,39520,0.8935573546625049,0.9272014170040486,41008,
ROI_01077__20191211T013711_20191211T013709_T52LGM,1,thick_cloud,6251,0.6059488692232055,0.7886738121900496,8136,
ROI_01077__20191211T013711_20191211T013709_T52LGM,2,thin_cloud,0,,,0,absent_true_and_predicted_class
ROI_01077__20191211T013711_20191211T013709_T52LGM,3,cloud_shadow,4405,0.6007642465525835,0.8208853575482407,6019,
ROI_01077__20200424T013709_20200424T014000_T52LGM,0,clear,30360,0.7192634834718732,0.9804347826086957,41384,
ROI_01077__20200424T013709_20200424T014000_T52LGM,1,thick_cloud,0,,,0,absent_true_and_predicted_class
ROI_01077__20200424T013709_20200424T014000_T52LGM,2,thin_cloud,19816,0.4307692307692308,0.4436818732337505,20410,
ROI_01077__20200424T013709_20200424T014000_T52LGM,3,cloud_shadow,0,,,0,absent_true_and_predicted_class
ROI_01077__20200718T013721_20200718T013717_T52LGM,0,clear,50176,0.9996811224489796,0.9996811224489796,50176,
ROI_01077__20200718T013721_20200718T013717_T52LGM,1,thick_cloud,0,,,0,absent_true_and_predicted_class
ROI_01077__20200718T013721_20200718T013717_T52LGM,2,thin_cloud,0,,,0,absent_true_and_predicted_class
ROI_01077__20200718T013721_20200718T013717_T52LGM,3,cloud_shadow,0,0.0,,16,no_true_class_for_recall
ROI_01079__20190507T021351_20190507T021348_T51NWJ,0,clear,43626,0.9349167514668629,0.9897996607527622,46187,
ROI_01079__20190507T021351_20190507T021348_T51NWJ,1,thick_cloud,4737,0.6693126815101645,0.7297867848849483,5165,
ROI_01079__20190507T021351_20190507T021348_T51NWJ,2,thin_cloud,0,,,0,absent_true_and_predicted_class
ROI_01079__20190507T021351_20190507T021348_T51NWJ,3,cloud_shadow,1813,0.161829808165273,0.18146718146718147,2033,
ROI_01079__20191111T022329_20191111T022408_T51NWJ,0,clear,19751,0.46544478760569086,0.46544478760569086,19751,
ROI_01079__20191111T022329_20191111T022408_T51NWJ,1,thick_cloud,20132,0.7280191458026509,0.9821676932247169,27160,
ROI_01079__20191111T022329_20191111T022408_T51NWJ,2,thin_cloud,2709,0.0,0.0,5697,
ROI_01079__20191111T022329_20191111T022408_T51NWJ,3,cloud_shadow,7584,0.547935042453219,0.8764504219409283,12131,
ROI_01079__20191121T022329_20191121T022453_T51NWJ,0,clear,50176,0.2342155612244898,0.2342155612244898,50176,
ROI_01079__20191121T022329_20191121T022453_T51NWJ,1,thick_cloud,0,0.0,,130,no_true_class_for_recall
ROI_01079__20191121T022329_20191121T022453_T51NWJ,2,thin_cloud,0,0.0,,38294,no_true_class_for_recall
ROI_01079__20191121T022329_20191121T022453_T51NWJ,3,cloud_shadow,0,,,0,absent_true_and_predicted_class
ROI_01079__20200120T022319_20200120T022500_T51NWJ,0,clear,17313,0.5601532963902843,0.6247328597008028,19309,
ROI_01079__20200120T022319_20200120T022500_T51NWJ,1,thick_cloud,28618,0.8981849784403516,0.9389545041582221,29917,
ROI_01079__20200120T022319_20200120T022500_T51NWJ,2,thin_cloud,0,,,0,absent_true_and_predicted_class
ROI_01079__20200120T022319_20200120T022500_T51NWJ,3,cloud_shadow,4245,0.27468462486958173,0.6822143698468787,10543,
ROI_01079__20200723T022331_20200723T022331_T51NWJ,0,clear,14831,0.21854348400740153,0.2229788955566044,15132,
ROI_01079__20200723T022331_20200723T022331_T51NWJ,1,thick_cloud,0,0.0,,23541,no_true_class_for_recall
ROI_01079__20200723T022331_20200723T022331_T51NWJ,2,thin_cloud,35345,0.252324431256182,0.2886971283066912,40440,
ROI_01079__20200723T022331_20200723T022331_T51NWJ,3,cloud_shadow,0,0.0,,7728,no_true_class_for_recall
ROI_01086__20190717T044711_20190717T044705_T50WME,0,clear,8121,0.33183352080989875,0.39958133234823295,9779,
ROI_01086__20190717T044711_20190717T044705_T50WME,1,thick_cloud,33999,0.7927318825269385,0.9932056825200741,42597,
ROI_01086__20190717T044711_20190717T044705_T50WME,2,thin_cloud,8056,0.0,0.0,8056,
ROI_01086__20190717T044711_20190717T044705_T50WME,3,cloud_shadow,0,0.0,,2907,no_true_class_for_recall
ROI_01086__20200625T042711_20200625T042709_T50WME,0,clear,17111,0.6859139880687383,0.9004149377593361,22462,
ROI_01086__20200625T042711_20200625T042709_T50WME,1,thick_cloud,26188,0.861066409183564,0.91942874599053,27963,
ROI_01086__20200625T042711_20200625T042709_T50WME,2,thin_cloud,0,,,0,absent_true_and_predicted_class
ROI_01086__20200625T042711_20200625T042709_T50WME,3,cloud_shadow,6877,0.35539979231568014,0.3981387232805002,7704,
ROI_01086__20200628T043711_20200628T043706_T49WFV,0,clear,32879,0.6674978539018109,0.993278384379087,48926,
ROI_01086__20200628T043711_20200628T043706_T49WFV,1,thick_cloud,0,,,0,absent_true_and_predicted_class
ROI_01086__20200628T043711_20200628T043706_T49WFV,2,thin_cloud,17297,0.0713551775316817,0.07226686708677806,17518,
ROI_01086__20200628T043711_20200628T043706_T49WFV,3,cloud_shadow,0,,,0,absent_true_and_predicted_class
ROI_01086__20200707T041549_20200707T041551_T49WFV,0,clear,15030,0.7302028795811518,0.8908183632734531,18336,
ROI_01086__20200707T041549_20200707T041551_T49WFV,1,thick_cloud,25527,0.8439680416470844,0.9145218787950014,27661,
ROI_01086__20200707T041549_20200707T041551_T49WFV,2,thin_cloud,0,,,0,absent_true_and_predicted_class
ROI_01086__20200707T041549_20200707T041551_T49WFV,3,cloud_shadow,9619,0.5843373493975904,0.6756419586235576,11122,
ROI_01086__20200710T042709_20200710T042705_T50WME,0,clear,50176,1.0,1.0,50176,
ROI_01086__20200710T042709_20200710T042705_T50WME,1,thick_cloud,0,,,0,absent_true_and_predicted_class
ROI_01086__20200710T042709_20200710T042705_T50WME,2,thin_cloud,0,,,0,absent_true_and_predicted_class
ROI_01086__20200710T042709_20200710T042705_T50WME,3,cloud_shadow,0,,,0,absent_true_and_predicted_class
ROI_01096__20190505T011701_20190505T011656_T54TXN,0,clear,50176,1.0,1.0,50176,
ROI_01096__20190505T011701_20190505T011656_T54TXN,1,thick_cloud,0,,,0,absent_true_and_predicted_class
ROI_01096__20190505T011701_20190505T011656_T54TXN,2,thin_cloud,0,,,0,absent_true_and_predicted_class
ROI_01096__20190505T011701_20190505T011656_T54TXN,3,cloud_shadow,0,,,0,absent_true_and_predicted_class
ROI_01096__20190614T011701_20190614T011656_T54TXN,0,clear,48189,0.9660434948492942,0.9983191184710204,49799,
ROI_01096__20190614T011701_20190614T011656_T54TXN,1,thick_cloud,1888,0.1896551724137931,0.19809322033898305,1972,
ROI_01096__20190614T011701_20190614T011656_T54TXN,2,thin_cloud,0,,,0,absent_true_and_predicted_class
ROI_01096__20190614T011701_20190614T011656_T54TXN,3,cloud_shadow,99,0.0,0.0,99,
ROI_01096__20190801T012709_20190801T012703_T54TXN,0,clear,447,0.9802631578947368,1.0,456,
ROI_01096__20190801T012709_20190801T012703_T54TXN,1,thick_cloud,44887,0.9516557426209142,0.989796600351995,46686,
ROI_01096__20190801T012709_20190801T012703_T54TXN,2,thin_cloud,0,,,0,absent_true_and_predicted_class
ROI_01096__20190801T012709_20190801T012703_T54TXN,3,cloud_shadow,4842,0.5727495753915833,0.6268071045022718,5299,
ROI_01096__20190813T011701_20190813T011656_T54TXN,0,clear,29479,0.8311067493985057,0.8905661657451067,31588,
ROI_01096__20190813T011701_20190813T011656_T54TXN,1,thick_cloud,16701,0.759436913451512,0.8721633435123646,19180,
ROI_01096__20190813T011701_20190813T011656_T54TXN,2,thin_cloud,0,,,0,absent_true_and_predicted_class
ROI_01096__20190813T011701_20190813T011656_T54TXN,3,cloud_shadow,3996,0.4249715493415705,0.6541541541541541,6151,
ROI_01096__20190910T012659_20190910T012656_T54TXN,0,clear,8037,0.6335128286347799,0.7465472191116088,9471,
ROI_01096__20190910T012659_20190910T012656_T54TXN,1,thick_cloud,28847,0.8120736058083495,0.8995389468575589,31954,
ROI_01096__20190910T012659_20190910T012656_T54TXN,2,thin_cloud,0,,,0,absent_true_and_predicted_class
ROI_01096__20190910T012659_20190910T012656_T54TXN,3,cloud_shadow,13292,0.6624352970175006,0.8087571471561842,16228,
ROI_01129__20190105T080321_20190105T080909_T37RFP,0,clear,22226,0.24243882872041717,0.271933771258886,24930,
ROI_01129__20190105T080321_20190105T080909_T37RFP,1,thick_cloud,21978,0.05343788242759371,0.053644553644553644,22063,
ROI_01129__20190105T080321_20190105T080909_T37RFP,2,thin_cloud,5972,0.10532279182193574,0.7004353650368386,39716,
ROI_01129__20190105T080321_20190105T080909_T37RFP,3,cloud_shadow,0,0.0,,2237,no_true_class_for_recall
ROI_01129__20190130T080159_20190130T080445_T37RFP,0,clear,447,1.0,1.0,447,
ROI_01129__20190130T080159_20190130T080445_T37RFP,1,thick_cloud,46759,0.9320783727066841,0.9593874975940461,48129,
ROI_01129__20190130T080159_20190130T080445_T37RFP,2,thin_cloud,334,0.0,0.0,334,
ROI_01129__20190130T080159_20190130T080445_T37RFP,3,cloud_shadow,2636,0.3250539956803456,0.5709408194233687,4630,
ROI_01129__20190530T075619_20190530T080326_T37RFP,0,clear,22773,0.7275875753093546,0.8856101523734247,27719,
ROI_01129__20190530T075619_20190530T080326_T37RFP,1,thick_cloud,8757,0.47464886940930373,0.544136119675688,10039,
ROI_01129__20190530T075619_20190530T080326_T37RFP,2,thin_cloud,1399,0.0024783147459727386,0.0028591851322373124,1614,
ROI_01129__20190530T075619_20190530T080326_T37RFP,3,cloud_shadow,17247,0.6506228246931672,0.8237374615875225,21836,
ROI_01129__20191121T080231_20191121T080831_T37RFP,0,clear,50176,1.0,1.0,50176,
ROI_01129__20191121T080231_20191121T080831_T37RFP,1,thick_cloud,0,,,0,absent_true_and_predicted_class
ROI_01129__20191121T080231_20191121T080831_T37RFP,2,thin_cloud,0,,,0,absent_true_and_predicted_class
ROI_01129__20191121T080231_20191121T080831_T37RFP,3,cloud_shadow,0,,,0,absent_true_and_predicted_class
ROI_01129__20200219T075951_20200219T080811_T37RFP,0,clear,447,1.0,1.0,447,
ROI_01129__20200219T075951_20200219T080811_T37RFP,1,thick_cloud,44219,0.9159263089032857,0.981546394083991,47387,
ROI_01129__20200219T075951_20200219T080811_T37RFP,2,thin_cloud,694,0.0,0.0,694,
ROI_01129__20200219T075951_20200219T080811_T37RFP,3,cloud_shadow,4816,0.4158380681818182,0.48629568106312293,5632,
ROI_01140__20190106T105431_20190106T110544_T29QPV,0,clear,19959,0.02188923167327751,0.022395911618818577,20421,
ROI_01140__20190106T105431_20190106T110544_T29QPV,1,thick_cloud,19012,0.6859160421089113,0.8327898169577109,23083,
ROI_01140__20190106T105431_20190106T110544_T29QPV,2,thin_cloud,11205,0.06034421195458116,0.07541276215975011,14003,
ROI_01140__20190106T105431_20190106T110544_T29QPV,3,cloud_shadow,0,0.0,,25720,no_true_class_for_recall
ROI_01140__20190119T110401_20190119T111543_T29QPV,0,clear,50176,0.9796914859693877,0.9796914859693877,50176,
ROI_01140__20190119T110401_20190119T111543_T29QPV,1,thick_cloud,0,0.0,,797,no_true_class_for_recall
ROI_01140__20190119T110401_20190119T111543_T29QPV,2,thin_cloud,0,0.0,,148,no_true_class_for_recall
ROI_01140__20190119T110401_20190119T111543_T29QPV,3,cloud_shadow,0,0.0,,74,no_true_class_for_recall
ROI_01140__20190531T105039_20190531T105900_T29QPV,0,clear,1942,0.26895768247656915,0.9752832131822863,7042,
ROI_01140__20190531T105039_20190531T105900_T29QPV,1,thick_cloud,42257,0.8361733035117249,0.8581773433987269,43369,
ROI_01140__20190531T105039_20190531T105900_T29QPV,2,thin_cloud,0,,,0,absent_true_and_predicted_class
ROI_01140__20190531T105039_20190531T105900_T29QPV,3,cloud_shadow,5977,0.6002987912535651,0.7395014221181194,7363,
ROI_01140__20191013T105031_20191013T110554_T29QPV,0,clear,24903,0.11572902863108862,0.11572902863108862,24903,
ROI_01140__20191013T105031_20191013T110554_T29QPV,1,thick_cloud,2680,0.10901399284087211,1.0,24584,
ROI_01140__20191013T105031_20191013T110554_T29QPV,2,thin_cloud,18857,0.00683526999316473,0.007954605716709974,21945,
ROI_01140__20191013T105031_20191013T110554_T29QPV,3,cloud_shadow,3736,0.18626047842976895,0.9753747323340471,19564,
ROI_01140__20200210T105201_20200210T110253_T29QPV,0,clear,11499,0.41824844567052333,0.8833811635794417,24287,
ROI_01140__20200210T105201_20200210T110253_T29QPV,1,thick_cloud,1258,0.4504906333630687,0.8028616852146264,2242,
ROI_01140__20200210T105201_20200210T110253_T29QPV,2,thin_cloud,22336,0.5945305223943781,0.6287607449856734,23622,
ROI_01140__20200210T105201_20200210T110253_T29QPV,3,cloud_shadow,15083,0.6131302046349493,0.6297155738248359,15491,
ROI_01144__20180119T092309_20180119T092446_T34RCU,0,clear,50176,0.977180325255102,0.977180325255102,50176,
ROI_01144__20180119T092309_20180119T092446_T34RCU,1,thick_cloud,0,0.0,,44,no_true_class_for_recall
ROI_01144__20180119T092309_20180119T092446_T34RCU,2,thin_cloud,0,0.0,,684,no_true_class_for_recall
ROI_01144__20180119T092309_20180119T092446_T34RCU,3,cloud_shadow,0,0.0,,417,no_true_class_for_recall
ROI_01144__20180223T092031_20180223T092713_T34RCU,0,clear,447,0.022302050591228858,1.0,20043,
ROI_01144__20180223T092031_20180223T092713_T34RCU,1,thick_cloud,21119,0.16093451854609764,0.16373881339078555,21487,
ROI_01144__20180223T092031_20180223T092713_T34RCU,2,thin_cloud,17212,0.11751988931165687,0.157913083894957,23128,
ROI_01144__20180223T092031_20180223T092713_T34RCU,3,cloud_shadow,11398,0.3786218997486603,0.7004737673276014,21087,
ROI_01144__20190119T092311_20190119T092328_T34RCU,0,clear,447,0.02462809917355372,1.0,18150,
ROI_01144__20190119T092311_20190119T092328_T34RCU,1,thick_cloud,10084,0.05342384887839433,0.053847679492264974,10164,
ROI_01144__20190119T092311_20190119T092328_T34RCU,2,thin_cloud,35346,0.3519462781698156,0.43741866123465173,43930,
ROI_01144__20190119T092311_20190119T092328_T34RCU,3,cloud_shadow,4299,0.21566378141620607,0.4810421028146081,9589,
ROI_01144__20190208T092141_20190208T092538_T34RCU,0,clear,12049,0.8085601466647864,0.9516972362851689,14182,
ROI_01144__20190208T092141_20190208T092538_T34RCU,1,thick_cloud,30117,0.7977881559317637,0.8167812199090215,30834,
ROI_01144__20190208T092141_20190208T092538_T34RCU,2,thin_cloud,777,0.0,0.0,777,
ROI_01144__20190208T092141_20190208T092538_T34RCU,3,cloud_shadow,7233,0.4784937639910457,0.8274574865201161,12508,
ROI_01144__20190414T092039_20190414T093213_T34RCU,0,clear,1851,0.1387463751951818,0.33603457590491626,4483,
ROI_01144__20190414T092039_20190414T093213_T34RCU,1,thick_cloud,40544,0.5196042416672789,0.5233080110497238,40833,
ROI_01144__20190414T092039_20190414T093213_T34RCU,2,thin_cloud,6153,0.1651379853731464,0.6642288314643263,24749,
ROI_01144__20190414T092039_20190414T093213_T34RCU,3,cloud_shadow,1628,0.21307371349095966,0.4705159705159705,3595,
ROI_01174__20190116T142751_20190116T142749_T20MMT,0,clear,11226,0.6402065799540934,0.8944414751469802,15684,
ROI_01174__20190116T142751_20190116T142749_T20MMT,1,thick_cloud,20950,0.6479175800087681,0.7054415274463007,22810,
ROI_01174__20190116T142751_20190116T142749_T20MMT,2,thin_cloud,10996,0.5345103307106761,0.7599126955256457,15633,
ROI_01174__20190116T142751_20190116T142749_T20MMT,3,cloud_shadow,7004,0.5115255415266998,0.6304968589377499,8633,
ROI_01174__20190401T142759_20190401T143320_T20MMT,0,clear,32614,0.8230265905610469,0.9063285705525235,35915,
ROI_01174__20190401T142759_20190401T143320_T20MMT,1,thick_cloud,11429,0.5977141992128369,0.6909615889404147,13212,
ROI_01174__20190401T142759_20190401T143320_T20MMT,2,thin_cloud,0,,,0,absent_true_and_predicted_class
ROI_01174__20190401T142759_20190401T143320_T20MMT,3,cloud_shadow,6133,0.4757770632368703,0.723789336376977,9330,
ROI_01174__20190715T142801_20190715T142758_T20MMT,0,clear,50176,0.9999800701530612,0.9999800701530612,50176,
ROI_01174__20190715T142801_20190715T142758_T20MMT,1,thick_cloud,0,0.0,,1,no_true_class_for_recall
ROI_01174__20190715T142801_20190715T142758_T20MMT,2,thin_cloud,0,,,0,absent_true_and_predicted_class
ROI_01174__20190715T142801_20190715T142758_T20MMT,3,cloud_shadow,0,,,0,absent_true_and_predicted_class
ROI_01174__20190824T142751_20190824T142754_T20MMT,0,clear,8642,0.32950878451057725,0.6380467484378616,16734,
ROI_01174__20190824T142751_20190824T142754_T20MMT,1,thick_cloud,0,,,0,absent_true_and_predicted_class
ROI_01174__20190824T142751_20190824T142754_T20MMT,2,thin_cloud,41534,0.7487797232546684,0.8051716665864111,44662,
ROI_01174__20190824T142751_20190824T142754_T20MMT,3,cloud_shadow,0,,,0,absent_true_and_predicted_class
ROI_01174__20200111T142701_20200111T142659_T20MMT,0,clear,447,0.9824175824175824,1.0,455,
ROI_01174__20200111T142701_20200111T142659_T20MMT,1,thick_cloud,33818,0.46928119742414576,0.47838429238866875,34474,
ROI_01174__20200111T142701_20200111T142659_T20MMT,2,thin_cloud,9707,0.3223693578242916,0.9329349953641702,28092,
ROI_01174__20200111T142701_20200111T142659_T20MMT,3,cloud_shadow,6204,0.8334907145105446,0.8536428110896196,6354,
ROI_01190__20190519T032549_20190519T034051_T47NPA,0,clear,4507,0.17483189241114314,0.20190814288883957,5205,
ROI_01190__20190519T032549_20190519T034051_T47NPA,1,thick_cloud,8875,0.6372111474759496,0.723943661971831,10083,
ROI_01190__20190519T032549_20190519T034051_T47NPA,2,thin_cloud,35858,0.794348433062148,0.9203525015338279,41546,
ROI_01190__20190519T032549_20190519T034051_T47NPA,3,cloud_shadow,936,0.258804907004353,0.6987179487179487,2527,
ROI_01190__20190524T032541_20190524T034646_T47NPA,0,clear,17189,0.462076885219008,0.49159346093431844,18287,
ROI_01190__20190524T032541_20190524T034646_T47NPA,1,thick_cloud,4896,0.3658917418459403,0.43075980392156865,5764,
ROI_01190__20190524T032541_20190524T034646_T47NPA,2,thin_cloud,24432,0.6025129689007065,0.946013425016372,38361,
ROI_01190__20190524T032541_20190524T034646_T47NPA,3,cloud_shadow,3659,0.14362272240085744,0.14648811150587593,3732,
ROI_01190__20190703T032541_20190703T033920_T47NPA,0,clear,50176,1.0,1.0,50176,
ROI_01190__20190703T032541_20190703T033920_T47NPA,1,thick_cloud,0,,,0,absent_true_and_predicted_class
ROI_01190__20190703T032541_20190703T033920_T47NPA,2,thin_cloud,0,,,0,absent_true_and_predicted_class
ROI_01190__20190703T032541_20190703T033920_T47NPA,3,cloud_shadow,0,,,0,absent_true_and_predicted_class
ROI_01190__20200314T032539_20200314T033902_T47NPA,0,clear,447,0.09275783357543059,1.0,4819,
ROI_01190__20200314T032539_20200314T033902_T47NPA,1,thick_cloud,41696,0.9361120759522983,0.9695414428242517,43185,
ROI_01190__20200314T032539_20200314T033902_T47NPA,2,thin_cloud,4176,0.0,0.0,4176,
ROI_01190__20200314T032539_20200314T033902_T47NPA,3,cloud_shadow,3857,0.4283757338551859,0.567539538501426,5110,
ROI_01190__20200413T032529_20200413T034714_T47NPA,0,clear,36956,0.9175939533907201,0.9460980625608832,38104,
ROI_01190__20200413T032529_20200413T034714_T47NPA,1,thick_cloud,9561,0.7627332552059858,0.8849492730885891,11093,
ROI_01190__20200413T032529_20200413T034714_T47NPA,2,thin_cloud,0,,,0,absent_true_and_predicted_class
ROI_01190__20200413T032529_20200413T034714_T47NPA,3,cloud_shadow,3659,0.5843410534945686,0.7791746378792019,4879,
ROI_01200__20190821T150729_20190821T150808_T19PDN,0,clear,39037,0.7388256125574273,0.7909675436124702,41792,
ROI_01200__20190821T150729_20190821T150808_T19PDN,1,thick_cloud,8650,0.6231689803733844,0.752485549132948,10445,
ROI_01200__20190821T150729_20190821T150808_T19PDN,2,thin_cloud,0,0.0,,6515,no_true_class_for_recall
ROI_01200__20190821T150729_20190821T150808_T19PDN,3,cloud_shadow,2489,0.22144927536231884,0.30695058256327845,3450,
ROI_01200__20190824T151709_20190824T151708_T19PDN,0,clear,50176,1.0,1.0,50176,
ROI_01200__20190824T151709_20190824T151708_T19PDN,1,thick_cloud,0,,,0,absent_true_and_predicted_class
ROI_01200__20190824T151709_20190824T151708_T19PDN,2,thin_cloud,0,,,0,absent_true_and_predicted_class
ROI_01200__20190824T151709_20190824T151708_T19PDN,3,cloud_shadow,0,,,0,absent_true_and_predicted_class
ROI_01200__20191107T151711_20191107T151707_T19PDN,0,clear,1421,0.4500592183181998,0.8022519352568613,2533,
ROI_01200__20191107T151711_20191107T151707_T19PDN,1,thick_cloud,45668,0.9330405201739654,0.9489357974949636,46446,
ROI_01200__20191107T151711_20191107T151707_T19PDN,2,thin_cloud,0,,,0,absent_true_and_predicted_class
ROI_01200__20191107T151711_20191107T151707_T19PDN,3,cloud_shadow,3087,0.43091286307053944,0.6728215095562035,4820,
ROI_01200__20191207T151701_20191207T151701_T19PDN,0,clear,17346,0.6107392109386127,0.7416118989968868,21063,
ROI_01200__20191207T151701_20191207T151701_T19PDN,1,thick_cloud,17796,0.8182776986763698,0.8719375140481007,18963,
ROI_01200__20191207T151701_20191207T151701_T19PDN,2,thin_cloud,9944,0.4806787504820671,0.6267095736122285,12965,
ROI_01200__20191207T151701_20191207T151701_T19PDN,3,cloud_shadow,5090,0.43348701225683123,0.7573673870333988,8893,
ROI_01200__20200505T151711_20200505T151755_T19PDN,0,clear,11904,0.8319100795562367,0.9574932795698925,13701,
ROI_01200__20200505T151711_20200505T151755_T19PDN,1,thick_cloud,33809,0.9195296287756514,0.9436540566121447,34696,
ROI_01200__20200505T151711_20200505T151755_T19PDN,2,thin_cloud,0,,,0,absent_true_and_predicted_class
ROI_01200__20200505T151711_20200505T151755_T19PDN,3,cloud_shadow,4463,0.4988740689416248,0.6453058480842483,5773,
ROI_01218__20181227T160501_20181227T160504_T16PGS,0,clear,3871,0.7204857654787975,0.9349005424954792,5023,
ROI_01218__20181227T160501_20181227T160504_T16PGS,1,thick_cloud,36527,0.915971809897514,0.9713910258165193,38737,
ROI_01218__20181227T160501_20181227T160504_T16PGS,2,thin_cloud,0,,,0,absent_true_and_predicted_class
ROI_01218__20181227T160501_20181227T160504_T16PGS,3,cloud_shadow,9778,0.6437364909313035,0.7005522601759051,10641,
ROI_01218__20190116T160511_20190116T160507_T16PGS,0,clear,36738,0.9058721480391126,0.9380750176928521,38044,
ROI_01218__20190116T160511_20190116T160507_T16PGS,1,thick_cloud,10377,0.7395434227330779,0.8928399344704635,12528,
ROI_01218__20190116T160511_20190116T160507_T16PGS,2,thin_cloud,0,,,0,absent_true_and_predicted_class
ROI_01218__20190116T160511_20190116T160507_T16PGS,3,cloud_shadow,3061,0.4246704331450094,0.5893498856582816,4248,
ROI_01218__20190205T160511_20190205T160508_T16PGS,0,clear,50176,1.0,1.0,50176,
ROI_01218__20190205T160511_20190205T160508_T16PGS,1,thick_cloud,0,,,0,absent_true_and_predicted_class
ROI_01218__20190205T160511_20190205T160508_T16PGS,2,thin_cloud,0,,,0,absent_true_and_predicted_class
ROI_01218__20190205T160511_20190205T160508_T16PGS,3,cloud_shadow,0,,,0,absent_true_and_predicted_class
ROI_01218__20190720T160519_20190720T160614_T16PGS,0,clear,15748,0.7744500671279562,0.9523749047498095,19366,
ROI_01218__20190720T160519_20190720T160614_T16PGS,1,thick_cloud,31893,0.8638274538475599,0.8890979211739253,32826,
ROI_01218__20190720T160519_20190720T160614_T16PGS,2,thin_cloud,0,,,0,absent_true_and_predicted_class
ROI_01218__20190720T160519_20190720T160614_T16PGS,3,cloud_shadow,2535,0.4625684723067559,0.5996055226824457,3286,
ROI_01218__20191023T160511_20191023T160514_T16PGS,0,clear,1613,0.35607502038597444,0.8121512709237446,3679,
ROI_01218__20191023T160511_20191023T160514_T16PGS,1,thick_cloud,45672,0.9196247301946873,0.9421965317919075,46793,
ROI_01218__20191023T160511_20191023T160514_T16PGS,2,thin_cloud,0,,,0,absent_true_and_predicted_class
ROI_01218__20191023T160511_20191023T160514_T16PGS,3,cloud_shadow,2891,0.3055162659123055,0.44828778969214805,4242,
ROI_01232__20190307T155111_20190307T155625_T18UXV,0,clear,39909,0.8233844823859953,0.9546217645142699,46270,
ROI_01232__20190307T155111_20190307T155625_T18UXV,1,thick_cloud,3618,0.47323827237032445,0.6329463792150359,4839,
ROI_01232__20190307T155111_20190307T155625_T18UXV,2,thin_cloud,4444,0.0,0.0,4444,
ROI_01232__20190307T155111_20190307T155625_T18UXV,3,cloud_shadow,2205,0.1516971279373368,0.2634920634920635,3830,
ROI_01232__20190705T154911_20190705T155424_T18UXV,0,clear,447,0.503945885005637,1.0,887,
ROI_01232__20190705T154911_20190705T155424_T18UXV,1,thick_cloud,13587,0.30415054687873144,0.4686833002134393,20937,
ROI_01232__20190705T154911_20190705T155424_T18UXV,2,thin_cloud,28244,0.49799244494072364,0.7421399235235803,42091,
ROI_01232__20190705T154911_20190705T155424_T18UXV,3,cloud_shadow,7898,0.0966067358825019,0.0966067358825019,7898,
ROI_01232__20190908T154809_20190908T154946_T18UXV,0,clear,21553,0.7316392541541584,0.8028580708022085,23651,
ROI_01232__20190908T154809_20190908T154946_T18UXV,1,thick_cloud,18493,0.8423831461255759,0.880008651922349,19319,
ROI_01232__20190908T154809_20190908T154946_T18UXV,2,thin_cloud,0,,,0,absent_true_and_predicted_class
ROI_01232__20190908T154809_20190908T154946_T18UXV,3,cloud_shadow,10130,0.7006501393155676,0.9681145113524185,13997,
ROI_01232__20200321T154931_20200321T155632_T18UXV,0,clear,29613,0.730772756439637,0.8076182757572687,32727,
ROI_01232__20200321T154931_20200321T155632_T18UXV,1,thick_cloud,9040,0.5698813465783664,0.9138274336283185,14496,
ROI_01232__20200321T154931_20200321T155632_T18UXV,2,thin_cloud,0,,,0,absent_true_and_predicted_class
ROI_01232__20200321T154931_20200321T155632_T18UXV,3,cloud_shadow,11523,0.4352651048088779,0.5514189013277793,14598,
ROI_01232__20200520T154911_20200520T155359_T18UXV,0,clear,50176,0.9401108099489796,0.9401108099489796,50176,
ROI_01232__20200520T154911_20200520T155359_T18UXV,1,thick_cloud,0,,,0,absent_true_and_predicted_class
ROI_01232__20200520T154911_20200520T155359_T18UXV,2,thin_cloud,0,0.0,,3005,no_true_class_for_recall
ROI_01232__20200520T154911_20200520T155359_T18UXV,3,cloud_shadow,0,,,0,absent_true_and_predicted_class
ROI_01237__20190507T174919_20190507T174933_T14VNK,0,clear,3101,0.7588012801862088,0.8410190261206063,3437,
ROI_01237__20190507T174919_20190507T174933_T14VNK,1,thick_cloud,37209,0.8707948717948718,0.9127092907629875,39000,
ROI_01237__20190507T174919_20190507T174933_T14VNK,2,thin_cloud,3141,0.21110484780157834,0.2384590894619548,3548,
ROI_01237__20190507T174919_20190507T174933_T14VNK,3,cloud_shadow,6725,0.4863993025283348,0.8295910780669145,11470,
ROI_01237__20190904T174909_20190904T175713_T14VNK,0,clear,50176,1.0,1.0,50176,
ROI_01237__20190904T174909_20190904T175713_T14VNK,1,thick_cloud,0,,,0,absent_true_and_predicted_class
ROI_01237__20190904T174909_20190904T175713_T14VNK,2,thin_cloud,0,,,0,absent_true_and_predicted_class
ROI_01237__20190904T174909_20190904T175713_T14VNK,3,cloud_shadow,0,,,0,absent_true_and_predicted_class
ROI_01237__20200603T175909_20200603T180042_T14VNK,0,clear,1011,0.4421364985163205,0.4421364985163205,1011,
ROI_01237__20200603T175909_20200603T180042_T14VNK,1,thick_cloud,46385,0.939115596098342,0.9610218820739463,47467,
ROI_01237__20200603T175909_20200603T180042_T14VNK,2,thin_cloud,0,,,0,absent_true_and_predicted_class
ROI_01237__20200603T175909_20200603T180042_T14VNK,3,cloud_shadow,2780,0.38467758237315547,0.6845323741007194,4947,
ROI_01237__20200627T173909_20200627T174744_T14VNK,0,clear,1380,0.5017361111111112,0.6282608695652174,1728,
ROI_01237__20200627T173909_20200627T174744_T14VNK,1,thick_cloud,44871,0.9489458589662193,0.9659913975618997,45677,
ROI_01237__20200627T173909_20200627T174744_T14VNK,2,thin_cloud,0,,,0,absent_true_and_predicted_class
ROI_01237__20200627T173909_20200627T174744_T14VNK,3,cloud_shadow,3925,0.5792804194539867,0.8163057324840765,5531,
ROI_01237__20200720T174909_20200720T175738_T14VNK,0,clear,38314,0.8397381756756757,0.9342015973273478,42624,
ROI_01237__20200720T174909_20200720T175738_T14VNK,1,thick_cloud,2509,0.5769350326391047,0.739736946990833,3217,
ROI_01237__20200720T174909_20200720T175738_T14VNK,2,thin_cloud,0,,,0,absent_true_and_predicted_class
ROI_01237__20200720T174909_20200720T175738_T14VNK,3,cloud_shadow,9353,0.4543729515266517,0.5632417406179835,11594,
ROI_01245__20190608T014659_20190608T014659_T56WMU,0,clear,32587,0.6368077250781028,0.688065793107681,35210,
ROI_01245__20190608T014659_20190608T014659_T56WMU,1,thick_cloud,2158,0.35163339382940106,0.35912882298424464,2204,
ROI_01245__20190608T014659_20190608T014659_T56WMU,2,thin_cloud,13723,0.48922083165119096,0.8830430663849013,24770,
ROI_01245__20190608T014659_20190608T014659_T56WMU,3,cloud_shadow,1708,0.457843638221768,0.5245901639344263,1957,
ROI_01245__20190612T012659_20190612T012702_T56WMU,0,clear,20316,0.8892104911608852,0.9829198661153771,22457,
ROI_01245__20190612T012659_20190612T012702_T56WMU,1,thick_cloud,25206,0.8982095859435816,0.9613187336348489,26977,
ROI_01245__20190612T012659_20190612T012702_T56WMU,2,thin_cloud,3187,0.22839506172839505,0.24380294948227174,3402,
ROI_01245__20190612T012659_20190612T012702_T56WMU,3,cloud_shadow,1467,0.39966923925027564,0.4942058623040218,1814,
ROI_01245__20190617T012701_20190617T012658_T56WMU,0,clear,50176,1.0,1.0,50176,
ROI_01245__20190617T012701_20190617T012658_T56WMU,1,thick_cloud,0,,,0,absent_true_and_predicted_class
ROI_01245__20190617T012701_20190617T012658_T56WMU,2,thin_cloud,0,,,0,absent_true_and_predicted_class
ROI_01245__20190617T012701_20190617T012658_T56WMU,3,cloud_shadow,0,,,0,absent_true_and_predicted_class
ROI_01245__20190804T013659_20190804T013700_T56WMU,0,clear,675,0.6846715328467153,0.6948148148148148,685,
ROI_01245__20190804T013659_20190804T013700_T56WMU,1,thick_cloud,41308,0.9368278933156473,0.9574658661760433,42218,
ROI_01245__20190804T013659_20190804T013700_T56WMU,2,thin_cloud,0,,,0,absent_true_and_predicted_class
ROI_01245__20190804T013659_20190804T013700_T56WMU,3,cloud_shadow,8193,0.7307845084409136,0.8982057854265837,10070,
ROI_01245__20200614T013701_20200614T013659_T56WMU,0,clear,40953,0.9590204778966851,0.9868874075159328,42143,
ROI_01245__20200614T013701_20200614T013659_T56WMU,1,thick_cloud,2309,0.8654446177847114,0.9610220874837592,2564,
ROI_01245__20200614T013701_20200614T013659_T56WMU,2,thin_cloud,0,,,0,absent_true_and_predicted_class
ROI_01245__20200614T013701_20200614T013659_T56WMU,3,cloud_shadow,6914,0.7920110192837465,0.8316459357824704,7260,
ROI_01256__20190720T054649_20190720T054813_T45WWN,0,clear,50176,1.0,1.0,50176,
ROI_01256__20190720T054649_20190720T054813_T45WWN,1,thick_cloud,0,,,0,absent_true_and_predicted_class
ROI_01256__20190720T054649_20190720T054813_T45WWN,2,thin_cloud,0,,,0,absent_true_and_predicted_class
ROI_01256__20190720T054649_20190720T054813_T45WWN,3,cloud_shadow,0,,,0,absent_true_and_predicted_class
ROI_01256__20190801T053651_20190801T053831_T45WWN,0,clear,447,0.28857327307940606,1.0,1549,
ROI_01256__20190801T053651_20190801T053831_T45WWN,1,thick_cloud,14502,0.5194186674522512,0.7294855881947317,20367,
ROI_01256__20190801T053651_20190801T053831_T45WWN,2,thin_cloud,28993,0.6460472697636512,0.8202324699065292,36810,
ROI_01256__20190801T053651_20190801T053831_T45WWN,3,cloud_shadow,6234,0.0686412787964269,0.07025986525505294,6381,
ROI_01256__20190816T053649_20190816T053944_T45WWN,0,clear,44018,0.9268885524828895,0.9875959834613113,46901,
ROI_01256__20190816T053649_20190816T053944_T45WWN,1,thick_cloud,3507,0.5462072649572649,0.5831194753350442,3744,
ROI_01256__20190816T053649_20190816T053944_T45WWN,2,thin_cloud,0,,,0,absent_true_and_predicted_class
ROI_01256__20190816T053649_20190816T053944_T45WWN,3,cloud_shadow,2651,0.39573617588274485,0.44813278008298757,3002,
ROI_01256__20200726T053651_20200726T053647_T45WWN,0,clear,6589,0.5922059002063859,0.7403247837304598,8237,
ROI_01256__20200726T053651_20200726T053647_T45WWN,1,thick_cloud,35310,0.724053552342915,0.7290569243840271,35554,
ROI_01256__20200726T053651_20200726T053647_T45WWN,2,thin_cloud,0,0.0,,2871,no_true_class_for_recall
ROI_01256__20200726T053651_20200726T053647_T45WWN,3,cloud_shadow,8277,0.512324636161007,0.9441826748822036,15254,
ROI_01256__20200729T054641_20200729T054849_T45WWN,0,clear,30276,0.8019776065144685,0.9108204518430439,34385,
ROI_01256__20200729T054641_20200729T054849_T45WWN,1,thick_cloud,12490,0.6745777207611717,0.7578062449959968,14031,
ROI_01256__20200729T054641_20200729T054849_T45WWN,2,thin_cloud,0,,,0,absent_true_and_predicted_class
ROI_01256__20200729T054641_20200729T054849_T45WWN,3,cloud_shadow,7410,0.598347462174053,0.7524966261808367,9319,
ROI_01261__20191122T125311_20191122T125309_T23KRS,0,clear,3363,0.34540889526542323,0.8590544157002676,8364,
ROI_01261__20191122T125311_20191122T125309_T23KRS,1,thick_cloud,38460,0.8590003460720819,0.9035361414456579,40454,
ROI_01261__20191122T125311_20191122T125309_T23KRS,2,thin_cloud,5219,0.10327648974899406,0.10327648974899406,5219,
ROI_01261__20191122T125311_20191122T125309_T23KRS,3,cloud_shadow,3134,0.44298634509664836,0.7970644543714104,5639,
ROI_01261__20191227T125309_20191227T125303_T24KTB,0,clear,20209,0.7218413320274241,0.8752535998812411,24504,
ROI_01261__20191227T125309_20191227T125303_T24KTB,1,thick_cloud,21498,0.7254775702940545,0.7861196390361894,23295,
ROI_01261__20191227T125309_20191227T125303_T24KTB,2,thin_cloud,0,,,0,absent_true_and_predicted_class
ROI_01261__20191227T125309_20191227T125303_T24KTB,3,cloud_shadow,8469,0.49521431543903455,0.7025622859841776,12015,
ROI_01261__20200129T130239_20200129T130239_T24KTB,0,clear,46755,0.9539061211021284,0.9892631804085125,48488,
ROI_01261__20200129T130239_20200129T130239_T24KTB,1,thick_cloud,1657,0.4434108527131783,0.5178032589016295,1935,
ROI_01261__20200129T130239_20200129T130239_T24KTB,2,thin_cloud,398,0.0,0.0,398,
ROI_01261__20200129T130239_20200129T130239_T24KTB,3,cloud_shadow,1366,0.4430530709600477,0.5439238653001464,1677,
ROI_01261__20200520T125311_20200520T125314_T24KTB,0,clear,22045,0.6657663509863585,0.8833295531866636,29249,
ROI_01261__20200520T125311_20200520T125314_T24KTB,1,thick_cloud,20944,0.6886932912944473,0.7509071810542399,22836,
ROI_01261__20200520T125311_20200520T125314_T24KTB,2,thin_cloud,0,0.0,,10,no_true_class_for_recall
ROI_01261__20200520T125311_20200520T125314_T24KTB,3,cloud_shadow,7187,0.2982996917569852,0.41742034228468067,10057,
ROI_01261__20200624T125309_20200624T125520_T24KTB,0,clear,50176,1.0,1.0,50176,
ROI_01261__20200624T125309_20200624T125520_T24KTB,1,thick_cloud,0,,,0,absent_true_and_predicted_class
ROI_01261__20200624T125309_20200624T125520_T24KTB,2,thin_cloud,0,,,0,absent_true_and_predicted_class
ROI_01261__20200624T125309_20200624T125520_T24KTB,3,cloud_shadow,0,,,0,absent_true_and_predicted_class
ROI_01276__20191028T031831_20191028T032444_T49RBN,0,clear,34301,0.8638167938931298,0.9072330252762311,36025,
ROI_01276__20191028T031831_20191028T032444_T49RBN,1,thick_cloud,11094,0.6911362748926201,0.7977285018929151,12805,
ROI_01276__20191028T031831_20191028T032444_T49RBN,2,thin_cloud,0,,,0,absent_true_and_predicted_class
ROI_01276__20191028T031831_20191028T032444_T49RBN,3,cloud_shadow,4781,0.5599513907642452,0.8673917590462247,7406,
ROI_01276__20191031T032851_20191031T033502_T49RBN,0,clear,50176,1.0,1.0,50176,
ROI_01276__20191031T032851_20191031T033502_T49RBN,1,thick_cloud,0,,,0,absent_true_and_predicted_class
ROI_01276__20191031T032851_20191031T033502_T49RBN,2,thin_cloud,0,,,0,absent_true_and_predicted_class
ROI_01276__20191031T032851_20191031T033502_T49RBN,3,cloud_shadow,0,,,0,absent_true_and_predicted_class
ROI_01276__20200129T033001_20200129T033624_T49RBN,0,clear,39245,0.8390935731382682,0.9557905465664416,44703,
ROI_01276__20200129T033001_20200129T033624_T49RBN,1,thick_cloud,8434,0.35808865860679334,0.36874555371116907,8685,
ROI_01276__20200129T033001_20200129T033624_T49RBN,2,thin_cloud,0,,,0,absent_true_and_predicted_class
ROI_01276__20200129T033001_20200129T033624_T49RBN,3,cloud_shadow,2497,0.46208803871859877,0.802963556267521,4339,
ROI_01276__20200604T031551_20200604T031600_T49RBN,0,clear,5968,0.6766304347826086,0.7092828418230563,6256,
ROI_01276__20200604T031551_20200604T031600_T49RBN,1,thick_cloud,34247,0.8048201321032807,0.8610097234794288,36638,
ROI_01276__20200604T031551_20200604T031600_T49RBN,2,thin_cloud,5571,0.26694614182179904,0.6743852091186502,14074,
ROI_01276__20200604T031551_20200604T031600_T49RBN,3,cloud_shadow,4390,0.1804556354916067,0.20569476082004556,5004,
ROI_01276__20200624T031551_20200624T032157_T49RBN,0,clear,447,1.0,1.0,447,
ROI_01276__20200624T031551_20200624T032157_T49RBN,1,thick_cloud,48022,0.9633540244581469,0.9727624838615635,48491,
ROI_01276__20200624T031551_20200624T032157_T49RBN,2,thin_cloud,0,,,0,absent_true_and_predicted_class
ROI_01276__20200624T031551_20200624T032157_T49RBN,3,cloud_shadow,1707,0.41061359867330016,0.7252489748096075,3015,
ROI_01280__20190922T034539_20190922T035037_T48UXU,0,clear,50176,1.0,1.0,50176,
ROI_01280__20190922T034539_20190922T035037_T48UXU,1,thick_cloud,0,,,0,absent_true_and_predicted_class
ROI_01280__20190922T034539_20190922T035037_T48UXU,2,thin_cloud,0,,,0,absent_true_and_predicted_class
ROI_01280__20190922T034539_20190922T035037_T48UXU,3,cloud_shadow,0,,,0,absent_true_and_predicted_class
ROI_01280__20200611T035539_20200611T035539_T48UXU,0,clear,42617,0.9258314290151533,0.9791867095290612,45073,
ROI_01280__20200611T035539_20200611T035539_T48UXU,1,thick_cloud,3964,0.5851357570179475,0.6415237134207871,4346,
ROI_01280__20200611T035539_20200611T035539_T48UXU,2,thin_cloud,0,,,0,absent_true_and_predicted_class
ROI_01280__20200611T035539_20200611T035539_T48UXU,3,cloud_shadow,3595,0.522633744855967,0.6358831710709318,4374,
ROI_01280__20200616T035541_20200616T040014_T48UXU,0,clear,447,0.9977678571428571,1.0,448,
ROI_01280__20200616T035541_20200616T040014_T48UXU,1,thick_cloud,45964,0.8719353155972874,0.872769993908276,46008,
ROI_01280__20200616T035541_20200616T040014_T48UXU,2,thin_cloud,0,0.0,,4435,no_true_class_for_recall
ROI_01280__20200616T035541_20200616T040014_T48UXU,3,cloud_shadow,3765,0.6219467736055414,0.9062416998671978,5486,
ROI_01280__20200623T034541_20200623T035007_T48UXU,0,clear,21688,0.7688606022974231,0.9135005533013648,25768,
ROI_01280__20200623T034541_20200623T035007_T48UXU,1,thick_cloud,19538,0.7432129999026953,0.7818609888422561,20554,
ROI_01280__20200623T034541_20200623T035007_T48UXU,2,thin_cloud,0,,,0,absent_true_and_predicted_class
ROI_01280__20200623T034541_20200623T035007_T48UXU,3,cloud_shadow,8950,0.6062070719918595,0.7987709497206704,11793,
ROI_01280__20200706T035541_20200706T035653_T48UXU,0,clear,6318,0.793813046402152,0.934156378600823,7435,
ROI_01280__20200706T035541_20200706T035653_T48UXU,1,thick_cloud,32851,0.9086453809132528,0.9425283857416822,34076,
ROI_01280__20200706T035541_20200706T035653_T48UXU,2,thin_cloud,0,,,0,absent_true_and_predicted_class
ROI_01280__20200706T035541_20200706T035653_T48UXU,3,cloud_shadow,11007,0.6985623744009893,0.821113836649405,12938,
ROI_01298__20190513T080619_20190513T080937_T38UNA,0,clear,447,0.0379875924194782,1.0,11767,
ROI_01298__20190513T080619_20190513T080937_T38UNA,1,thick_cloud,20368,0.7313894226752444,0.8595836606441477,23938,
ROI_01298__20190513T080619_20190513T080937_T38UNA,2,thin_cloud,11830,0.35281455873719914,0.4572273879966188,15331,
ROI_01298__20190513T080619_20190513T080937_T38UNA,3,cloud_shadow,17531,0.3366295838483725,0.3728252809309224,19416,
ROI_01298__20190629T075619_20190629T080033_T38UNA,0,clear,447,0.03706775022804544,1.0,12059,
ROI_01298__20190629T075619_20190629T080033_T38UNA,1,thick_cloud,739,0.0,0.0,739,
ROI_01298__20190629T075619_20190629T080033_T38UNA,2,thin_cloud,44680,0.7823054568937682,0.8133840644583706,46455,
ROI_01298__20190629T075619_20190629T080033_T38UNA,3,cloud_shadow,4310,0.0,0.0,4310,
ROI_01298__20200608T075621_20200608T080252_T38UNA,0,clear,47672,0.973118169328877,0.9955109917771439,48769,
ROI_01298__20200608T075621_20200608T080252_T38UNA,1,thick_cloud,1415,0.5140562248995983,0.542756183745583,1494,
ROI_01298__20200608T075621_20200608T080252_T38UNA,2,thin_cloud,0,,,0,absent_true_and_predicted_class
ROI_01298__20200608T075621_20200608T080252_T38UNA,3,cloud_shadow,1089,0.5183374083129584,0.5840220385674931,1227,
ROI_01298__20200628T075611_20200628T075614_T38UNA,0,clear,50176,1.0,1.0,50176,
ROI_01298__20200628T075611_20200628T075614_T38UNA,1,thick_cloud,0,,,0,absent_true_and_predicted_class
ROI_01298__20200628T075611_20200628T075614_T38UNA,2,thin_cloud,0,,,0,absent_true_and_predicted_class
ROI_01298__20200628T075611_20200628T075614_T38UNA,3,cloud_shadow,0,,,0,absent_true_and_predicted_class
ROI_01298__20200723T075609_20200723T080317_T38UNA,0,clear,40575,0.9122992927733881,0.9760197165742452,43409,
ROI_01298__20200723T075609_20200723T080317_T38UNA,1,thick_cloud,5730,0.5710990278464327,0.6048865619546248,6069,
ROI_01298__20200723T075609_20200723T080317_T38UNA,2,thin_cloud,0,,,0,absent_true_and_predicted_class
ROI_01298__20200723T075609_20200723T080317_T38UNA,3,cloud_shadow,3871,0.6489226869455006,0.7935933867217774,4734,
ROI_01321__20191023T070229_20191023T070227_T39LTD,0,clear,28429,0.8228837150449196,0.9150163565373386,31612,
ROI_01321__20191023T070229_20191023T070227_T39LTD,1,thick_cloud,13316,0.6867700555236455,0.8081255632322019,15669,
ROI_01321__20191023T070229_20191023T070227_T39LTD,2,thin_cloud,0,,,0,absent_true_and_predicted_class
ROI_01321__20191023T070229_20191023T070227_T39LTD,3,cloud_shadow,8431,0.5562452253628725,0.6909026212786147,10472,
ROI_01321__20200205T070221_20200205T070218_T39LTD,0,clear,36031,0.8378468105288119,0.98060003885543,42170,
ROI_01321__20200205T070221_20200205T070218_T39LTD,1,thick_cloud,7411,0.6520951302378256,0.7769531777088112,8830,
ROI_01321__20200205T070221_20200205T070218_T39LTD,2,thin_cloud,3789,0.0,0.0,3789,
ROI_01321__20200205T070221_20200205T070218_T39LTD,3,cloud_shadow,2945,0.4541612483745123,0.4743633276740238,3076,
ROI_01321__20200316T070221_20200316T070223_T38LRJ,0,clear,2432,0.12986270022883295,0.18667763157894737,3496,
ROI_01321__20200316T070221_20200316T070223_T38LRJ,1,thick_cloud,6661,0.46201052016364696,0.47470349797327727,6844,
ROI_01321__20200316T070221_20200316T070223_T38LRJ,2,thin_cloud,37715,0.8166561967154268,0.9651332361129524,44572,
ROI_01321__20200316T070221_20200316T070223_T38LRJ,3,cloud_shadow,3368,0.5726297477529719,0.5864014251781473,3449,
ROI_01321__20200619T070229_20200619T070229_T39LTD,0,clear,447,0.991130820399113,1.0,451,
ROI_01321__20200619T070229_20200619T070229_T39LTD,1,thick_cloud,48232,0.9188649738672373,0.9258376181788025,48598,
ROI_01321__20200619T070229_20200619T070229_T39LTD,2,thin_cloud,0,,,0,absent_true_and_predicted_class
ROI_01321__20200619T070229_20200619T070229_T39LTD,3,cloud_shadow,1497,0.2230769230769231,0.7555110220440882,5070,
ROI_01321__20200714T070231_20200714T070231_T39LTD,0,clear,50176,1.0,1.0,50176,
ROI_01321__20200714T070231_20200714T070231_T39LTD,1,thick_cloud,0,,,0,absent_true_and_predicted_class
ROI_01321__20200714T070231_20200714T070231_T39LTD,2,thin_cloud,0,,,0,absent_true_and_predicted_class
ROI_01321__20200714T070231_20200714T070231_T39LTD,3,cloud_shadow,0,,,0,absent_true_and_predicted_class
ROI_01322__20191207T070221_20191207T070224_T39KTB,0,clear,44779,0.9391796934120343,0.9700529265950557,46251,
ROI_01322__20191207T070221_20191207T070224_T39KTB,1,thick_cloud,2903,0.5297604346752285,0.7388908026179813,4049,
ROI_01322__20191207T070221_20191207T070224_T39KTB,2,thin_cloud,0,,,0,absent_true_and_predicted_class
ROI_01322__20191207T070221_20191207T070224_T39KTB,3,cloud_shadow,2494,0.5169721656483367,0.6106655974338412,2946,
ROI_01322__20200405T070221_20200405T070223_T39KTB,0,clear,6361,0.6716152772490801,0.8321018707750354,7881,
ROI_01322__20200405T070221_20200405T070223_T39KTB,1,thick_cloud,35012,0.8951867581400413,0.9391637152976122,36732,
ROI_01322__20200405T070221_20200405T070223_T39KTB,2,thin_cloud,0,,,0,absent_true_and_predicted_class
ROI_01322__20200405T070221_20200405T070223_T39KTB,3,cloud_shadow,8803,0.6297670965945996,0.7709871634669999,10777,
ROI_01322__20200515T070231_20200515T070232_T39KTB,0,clear,23637,0.8034684274438373,0.8957566527055041,26352,
ROI_01322__20200515T070231_20200515T070232_T39KTB,1,thick_cloud,14645,0.7544721952334686,0.901399795151929,17497,
ROI_01322__20200515T070231_20200515T070232_T39KTB,2,thin_cloud,0,,,0,absent_true_and_predicted_class
ROI_01322__20200515T070231_20200515T070232_T39KTB,3,cloud_shadow,11894,0.6082122093023256,0.7036320834033967,13760,
ROI_01322__20200604T070231_20200604T070302_T38KRG,0,clear,447,1.0,1.0,447,
ROI_01322__20200604T070231_20200604T070302_T38KRG,1,thick_cloud,47845,0.9657173320210781,0.9844079841153726,48771,
ROI_01322__20200604T070231_20200604T070302_T38KRG,2,thin_cloud,0,,,0,absent_true_and_predicted_class
ROI_01322__20200604T070231_20200604T070302_T38KRG,3,cloud_shadow,1884,0.36425855513307986,0.5084925690021231,2630,
ROI_01322__20200714T070231_20200714T070231_T38KRG,0,clear,50176,1.0,1.0,50176,
ROI_01322__20200714T070231_20200714T070231_T38KRG,1,thick_cloud,0,,,0,absent_true_and_predicted_class
ROI_01322__20200714T070231_20200714T070231_T38KRG,2,thin_cloud,0,,,0,absent_true_and_predicted_class
ROI_01322__20200714T070231_20200714T070231_T38KRG,3,cloud_shadow,0,,,0,absent_true_and_predicted_class
ROI_01330__20181213T140049_20181213T140046_T21JTF,0,clear,5761,0.5285634536657983,0.9861135219579934,10748,
ROI_01330__20181213T140049_20181213T140046_T21JTF,1,thick_cloud,32695,0.7521352206892432,0.7703318550237039,33486,
ROI_01330__20181213T140049_20181213T140046_T21JTF,2,thin_cloud,0,,,0,absent_true_and_predicted_class
ROI_01330__20181213T140049_20181213T140046_T21JTF,3,cloud_shadow,11720,0.575430496630896,0.7869453924914676,16028,
ROI_01330__20190112T140049_20190112T140051_T21JTF,0,clear,4179,0.45749366075003334,0.8202919358698253,7493,
ROI_01330__20190112T140049_20190112T140051_T21JTF,1,thick_cloud,36042,0.8144686299615878,0.8824427057322013,39050,
ROI_01330__20190112T140049_20190112T140051_T21JTF,2,thin_cloud,0,0.0,,323,no_true_class_for_recall
ROI_01330__20190112T140049_20190112T140051_T21JTF,3,cloud_shadow,9955,0.5032943501894251,0.6138623807132094,12142,
ROI_01330__20200401T140051_20200401T140826_T21JTF,0,clear,447,1.0,1.0,447,
ROI_01330__20200401T140051_20200401T140826_T21JTF,1,thick_cloud,48017,0.960091499530248,0.9789866089093446,48962,
ROI_01330__20200401T140051_20200401T140826_T21JTF,2,thin_cloud,0,,,0,absent_true_and_predicted_class
ROI_01330__20200401T140051_20200401T140826_T21JTF,3,cloud_shadow,1712,0.2818816611539875,0.4480140186915888,2721,
ROI_01330__20200620T140101_20200620T140058_T21JTF,0,clear,45445,0.9187959035895314,0.977225217295632,48335,
ROI_01330__20200620T140101_20200620T140058_T21JTF,1,thick_cloud,2693,0.4063097514340344,0.47344968436687707,3138,
ROI_01330__20200620T140101_20200620T140058_T21JTF,2,thin_cloud,0,0.0,,824,no_true_class_for_recall
ROI_01330__20200620T140101_20200620T140058_T21JTF,3,cloud_shadow,2038,0.04774535809018567,0.05299313052011776,2262,
ROI_01330__20200730T140101_20200730T140058_T21JTF,0,clear,50176,1.0,1.0,50176,
ROI_01330__20200730T140101_20200730T140058_T21JTF,1,thick_cloud,0,,,0,absent_true_and_predicted_class
ROI_01330__20200730T140101_20200730T140058_T21JTF,2,thin_cloud,0,,,0,absent_true_and_predicted_class
ROI_01330__20200730T140101_20200730T140058_T21JTF,3,cloud_shadow,0,,,0,absent_true_and_predicted_class
ROI_01333__20190201T170529_20190201T170648_T14QND,0,clear,44451,0.936379384040854,0.936379384040854,44451,
ROI_01333__20190201T170529_20190201T170648_T14QND,1,thick_cloud,0,,,0,absent_true_and_predicted_class
ROI_01333__20190201T170529_20190201T170648_T14QND,2,thin_cloud,5725,0.6693557815971004,1.0,8553,
ROI_01333__20190201T170529_20190201T170648_T14QND,3,cloud_shadow,0,,,0,absent_true_and_predicted_class
ROI_01333__20190830T165849_20190830T171517_T14QND,0,clear,447,1.0,1.0,447,
ROI_01333__20190830T165849_20190830T171517_T14QND,1,thick_cloud,47250,0.9481242073395246,0.9809523809523809,48886,
ROI_01333__20190830T165849_20190830T171517_T14QND,2,thin_cloud,0,,,0,absent_true_and_predicted_class
ROI_01333__20190830T165849_20190830T171517_T14QND,3,cloud_shadow,2479,0.24948209529446583,0.3400564743848326,3379,
ROI_01333__20191228T170719_20191228T171451_T14QND,0,clear,24897,0.5573167279932069,0.9490300036148933,42396,
ROI_01333__20191228T170719_20191228T171451_T14QND,1,thick_cloud,3712,0.6374097472924187,0.7610452586206896,4432,
ROI_01333__20191228T170719_20191228T171451_T14QND,2,thin_cloud,16672,0.0,0.0,16672,
ROI_01333__20191228T170719_20191228T171451_T14QND,3,cloud_shadow,4895,0.6989054076131351,0.873953013278856,6121,
ROI_01333__20200607T164901_20200607T170704_T14QND,0,clear,18342,0.8839285714285714,0.9769381746810598,20272,
ROI_01333__20200607T164901_20200607T170704_T14QND,1,thick_cloud,24117,0.8794312273515047,0.9257784964962474,25388,
ROI_01333__20200607T164901_20200607T170704_T14QND,2,thin_cloud,0,,,0,absent_true_and_predicted_class
ROI_01333__20200607T164901_20200607T170704_T14QND,3,cloud_shadow,7717,0.6955399061032864,0.767914992872878,8520,
ROI_01333__20200725T165849_20200725T171158_T14QND,0,clear,50176,1.0,1.0,50176,
ROI_01333__20200725T165849_20200725T171158_T14QND,1,thick_cloud,0,,,0,absent_true_and_predicted_class
ROI_01333__20200725T165849_20200725T171158_T14QND,2,thin_cloud,0,,,0,absent_true_and_predicted_class
ROI_01333__20200725T165849_20200725T171158_T14QND,3,cloud_shadow,0,,,0,absent_true_and_predicted_class
ROI_01346__20190212T181459_20190212T181453_T14VMN,0,clear,50176,1.0,1.0,50176,
ROI_01346__20190212T181459_20190212T181453_T14VMN,1,thick_cloud,0,,,0,absent_true_and_predicted_class
ROI_01346__20190212T181459_20190212T181453_T14VMN,2,thin_cloud,0,,,0,absent_true_and_predicted_class
ROI_01346__20190212T181459_20190212T181453_T14VMN,3,cloud_shadow,0,,,0,absent_true_and_predicted_class
ROI_01346__20190811T180929_20190811T180955_T14VMN,0,clear,1466,0.5464824120603015,0.5934515688949522,1592,
ROI_01346__20190811T180929_20190811T180955_T14VMN,1,thick_cloud,44160,0.9577533146550773,0.983106884057971,45329,
ROI_01346__20190811T180929_20190811T180955_T14VMN,2,thin_cloud,0,,,0,absent_true_and_predicted_class
ROI_01346__20190811T180929_20190811T180955_T14VMN,3,cloud_shadow,4550,0.6055818852027383,0.7582417582417582,5697,
ROI_01346__20191005T181221_20191005T181658_T14VMN,0,clear,10085,0.43045623929902305,0.8475954387704512,19858,
ROI_01346__20191005T181221_20191005T181658_T14VMN,1,thick_cloud,26083,0.6802216809629708,0.7387953839665683,28329,
ROI_01346__20191005T181221_20191005T181658_T14VMN,2,thin_cloud,0,,,0,absent_true_and_predicted_class
ROI_01346__20191005T181221_20191005T181658_T14VMN,3,cloud_shadow,14008,0.42388443768641443,0.5174186179326099,17099,
ROI_01346__20200613T175919_20200613T180445_T14VMN,0,clear,4033,0.21903801843317972,0.7542772129928094,13888,
ROI_01346__20200613T175919_20200613T180445_T14VMN,1,thick_cloud,32129,0.1722260252660402,0.17227426935167606,32138,
ROI_01346__20200613T175919_20200613T180445_T14VMN,2,thin_cloud,0,0.0,,29998,no_true_class_for_recall
ROI_01346__20200613T175919_20200613T180445_T14VMN,3,cloud_shadow,14014,0.09442745969983324,0.09697445411731126,14392,
ROI_01346__20200718T175921_20200718T180015_T14VMN,0,clear,25175,0.6172312223858616,0.9988480635551142,40740,
ROI_01346__20200718T175921_20200718T180015_T14VMN,1,thick_cloud,480,0.0,0.0,480,
ROI_01346__20200718T175921_20200718T180015_T14VMN,2,thin_cloud,24521,0.3578106272473032,0.36523795930019165,25030,
ROI_01346__20200718T175921_20200718T180015_T14VMN,3,cloud_shadow,0,,,0,absent_true_and_predicted_class
ROI_01348__20190818T112119_20190818T113216_T28QDD,0,clear,3712,0.331262706121527,0.7901400862068966,8854,
ROI_01348__20190818T112119_20190818T113216_T28QDD,1,thick_cloud,39745,0.688071104009587,0.6934205560447855,40054,
ROI_01348__20190818T112119_20190818T113216_T28QDD,2,thin_cloud,0,,,0,absent_true_and_predicted_class
ROI_01348__20190818T112119_20190818T113216_T28QDD,3,cloud_shadow,6719,0.4184834123222749,0.9199285607977378,14770,
ROI_01348__20190831T113319_20190831T113521_T28QDD,0,clear,8929,0.49812332439678286,0.6242580356142905,11190,
ROI_01348__20190831T113319_20190831T113521_T28QDD,1,thick_cloud,28413,0.7454844006568144,0.9427374793228451,35931,
ROI_01348__20190831T113319_20190831T113521_T28QDD,2,thin_cloud,0,,,0,absent_true_and_predicted_class
ROI_01348__20190831T113319_20190831T113521_T28QDD,3,cloud_shadow,12834,0.47414889108631164,0.52306373694873,14158,
ROI_01348__20191114T113331_20191114T114025_T28QDD,0,clear,32727,0.7331470676856493,0.8178262596632749,36507,
ROI_01348__20191114T113331_20191114T114025_T28QDD,1,thick_cloud,599,0.1976782752902156,0.994991652754591,3015,
ROI_01348__20191114T113331_20191114T114025_T28QDD,2,thin_cloud,16850,0.4871806265274383,0.6506824925816024,22505,
ROI_01348__20191114T113331_20191114T114025_T28QDD,3,cloud_shadow,0,,,0,absent_true_and_predicted_class
ROI_01348__20200113T113431_20200113T114014_T28QDD,0,clear,50176,1.0,1.0,50176,
ROI_01348__20200113T113431_20200113T114014_T28QDD,1,thick_cloud,0,,,0,absent_true_and_predicted_class
ROI_01348__20200113T113431_20200113T114014_T28QDD,2,thin_cloud,0,,,0,absent_true_and_predicted_class
ROI_01348__20200113T113431_20200113T114014_T28QDD,3,cloud_shadow,0,,,0,absent_true_and_predicted_class
ROI_01348__20200427T113319_20200427T113745_T28QDD,0,clear,39287,0.8766916605705926,0.9761498714587522,43744,
ROI_01348__20200427T113319_20200427T113745_T28QDD,1,thick_cloud,8572,0.5824681579792358,0.6348576761549231,9343,
ROI_01348__20200427T113319_20200427T113745_T28QDD,2,thin_cloud,0,,,0,absent_true_and_predicted_class
ROI_01348__20200427T113319_20200427T113745_T28QDD,3,cloud_shadow,2317,0.1845156889495225,0.23349158394475614,2932,
ROI_01368__20190801T012709_20190801T012703_T55VEH,0,clear,14533,0.6800736067297581,0.8900433496181105,19020,
ROI_01368__20190801T012709_20190801T012703_T55VEH,1,thick_cloud,22664,0.7468813184297868,0.8638369219908224,26213,
ROI_01368__20190801T012709_20190801T012703_T55VEH,2,thin_cloud,0,,,0,absent_true_and_predicted_class
ROI_01368__20190801T012709_20190801T012703_T55VEH,3,cloud_shadow,12979,0.5348995111352526,0.6069805069728023,14728,
ROI_01368__20190906T014659_20190906T014653_T55VEH,0,clear,44282,0.9329043728569615,0.9953479969287746,47246,
ROI_01368__20190906T014659_20190906T014653_T55VEH,1,thick_cloud,2621,0.6717368234877963,0.7245326211369706,2827,
ROI_01368__20190906T014659_20190906T014653_T55VEH,2,thin_cloud,0,,,0,absent_true_and_predicted_class
ROI_01368__20190906T014659_20190906T014653_T55VEH,3,cloud_shadow,3273,0.29482551143200963,0.29941949282004277,3324,
ROI_01368__20190910T012659_20190910T012656_T55VEH,0,clear,3845,0.38656270027771844,0.941222366710013,9362,
ROI_01368__20190910T012659_20190910T012656_T55VEH,1,thick_cloud,32968,0.8089690987863312,0.855223246784761,34853,
ROI_01368__20190910T012659_20190910T012656_T55VEH,2,thin_cloud,0,,,0,absent_true_and_predicted_class
ROI_01368__20190910T012659_20190910T012656_T55VEH,3,cloud_shadow,13363,0.5850765721733464,0.6718551223527651,15345,
ROI_01368__20200527T012659_20200527T012656_T55VEH,0,clear,50176,1.0,1.0,50176,
ROI_01368__20200527T012659_20200527T012656_T55VEH,1,thick_cloud,0,,,0,absent_true_and_predicted_class
ROI_01368__20200527T012659_20200527T012656_T55VEH,2,thin_cloud,0,,,0,absent_true_and_predicted_class
ROI_01368__20200527T012659_20200527T012656_T55VEH,3,cloud_shadow,0,,,0,absent_true_and_predicted_class
ROI_01368__20200624T013701_20200624T013659_T55VEH,0,clear,30010,0.9017516421645293,0.960646451182939,31970,
ROI_01368__20200624T013701_20200624T013659_T55VEH,1,thick_cloud,12998,0.8250070962248084,0.8944452992768118,14092,
ROI_01368__20200624T013701_20200624T013659_T55VEH,2,thin_cloud,0,,,0,absent_true_and_predicted_class
ROI_01368__20200624T013701_20200624T013659_T55VEH,3,cloud_shadow,7168,0.7324067117455547,0.8159877232142857,7986,
ROI_01369__20190507T024559_20190507T024554_T53WNM,0,clear,4505,0.5748,0.9569367369589346,7500,
ROI_01369__20190507T024559_20190507T024554_T53WNM,1,thick_cloud,30176,0.750229990800368,0.918842788971368,36958,
ROI_01369__20190507T024559_20190507T024554_T53WNM,2,thin_cloud,0,,,0,absent_true_and_predicted_class
ROI_01369__20190507T024559_20190507T024554_T53WNM,3,cloud_shadow,15495,0.39305109489051093,0.4343981929654727,17125,
ROI_01369__20190723T023559_20190723T023557_T53WNM,0,clear,50176,1.0,1.0,50176,
ROI_01369__20190723T023559_20190723T023557_T53WNM,1,thick_cloud,0,,,0,absent_true_and_predicted_class
ROI_01369__20190723T023559_20190723T023557_T53WNM,2,thin_cloud,0,,,0,absent_true_and_predicted_class
ROI_01369__20190723T023559_20190723T023557_T53WNM,3,cloud_shadow,0,,,0,absent_true_and_predicted_class
ROI_01369__20190909T024551_20190909T024545_T53WNM,0,clear,27488,0.7376115547205261,0.9140715948777648,34064,
ROI_01369__20190909T024551_20190909T024545_T53WNM,1,thick_cloud,8793,0.6509032943676939,0.8358921869669055,11292,
ROI_01369__20190909T024551_20190909T024545_T53WNM,2,thin_cloud,0,,,0,absent_true_and_predicted_class
ROI_01369__20190909T024551_20190909T024545_T53WNM,3,cloud_shadow,13895,0.47016581799190493,0.5183159409859662,15318,
ROI_01369__20200712T023551_20200712T023553_T53WNM,0,clear,15047,0.8057309072905062,0.8652223034491925,16158,
ROI_01369__20200712T023551_20200712T023553_T53WNM,1,thick_cloud,19982,0.8522500453638178,0.940196176558903,22044,
ROI_01369__20200712T023551_20200712T023553_T53WNM,2,thin_cloud,0,,,0,absent_true_and_predicted_class
ROI_01369__20200712T023551_20200712T023553_T53WNM,3,cloud_shadow,15147,0.788623636899499,0.8832772166105499,16965,
ROI_01369__20200724T022549_20200724T022551_T53WNM,0,clear,31917,0.8816164433395987,0.9111445311276123,32986,
ROI_01369__20200724T022549_20200724T022551_T53WNM,1,thick_cloud,1881,0.0,0.0,2138,
ROI_01369__20200724T022549_20200724T022551_T53WNM,2,thin_cloud,16378,0.7135340127992416,0.9190377335449994,21095,
ROI_01369__20200724T022549_20200724T022551_T53WNM,3,cloud_shadow,0,,,0,absent_true_and_predicted_class
ROI_01392__20180509T101031_20180509T101621_T32SNE,0,clear,23290,0.6789439872740065,0.9529411764705882,32689,
ROI_01392__20180509T101031_20180509T101621_T32SNE,1,thick_cloud,14696,0.4641571194762684,0.48244420250408276,15275,
ROI_01392__20180509T101031_20180509T101621_T32SNE,2,thin_cloud,1469,0.10940665701881332,0.25731790333560245,3455,
ROI_01392__20180509T101031_20180509T101621_T32SNE,3,cloud_shadow,10721,0.6729750846427641,0.7230668780897305,11519,
ROI_01392__20181115T101251_20181115T101927_T32SNE,0,clear,447,1.0,1.0,447,
ROI_01392__20181115T101251_20181115T101927_T32SNE,1,thick_cloud,29484,0.70930040699593,0.8748134581467915,36364,
ROI_01392__20181115T101251_20181115T101927_T32SNE,2,thin_cloud,11271,0.34367084274662835,0.44539082601366337,14607,
ROI_01392__20181115T101251_20181115T101927_T32SNE,3,cloud_shadow,8974,0.7612356751370204,0.8512369066191219,10035,
ROI_01392__20200121T100229_20200121T100529_T32SNE,0,clear,20989,0.721849173553719,0.9321549383010148,27104,
ROI_01392__20200121T100229_20200121T100529_T32SNE,1,thick_cloud,13488,0.7126621291896751,0.8228795966785291,15574,
ROI_01392__20200121T100229_20200121T100529_T32SNE,2,thin_cloud,0,,,0,absent_true_and_predicted_class
ROI_01392__20200121T100229_20200121T100529_T32SNE,3,cloud_shadow,15699,0.6264225928825194,0.6626536722084209,16607,
ROI_01392__20200408T101021_20200408T101923_T32SNE,0,clear,19722,0.7759108444063437,0.9178582293885001,23330,
ROI_01392__20200408T101021_20200408T101923_T32SNE,1,thick_cloud,17950,0.7537498106156255,0.8314763231197771,19801,
ROI_01392__20200408T101021_20200408T101923_T32SNE,2,thin_cloud,0,,,0,absent_true_and_predicted_class
ROI_01392__20200408T101021_20200408T101923_T32SNE,3,cloud_shadow,12504,0.7009280089988752,0.7973448496481126,14224,
ROI_01392__20200614T100031_20200614T100243_T32SNE,0,clear,50176,1.0,1.0,50176,
ROI_01392__20200614T100031_20200614T100243_T32SNE,1,thick_cloud,0,,,0,absent_true_and_predicted_class
ROI_01392__20200614T100031_20200614T100243_T32SNE,2,thin_cloud,0,,,0,absent_true_and_predicted_class
ROI_01392__20200614T100031_20200614T100243_T32SNE,3,cloud_shadow,0,,,0,absent_true_and_predicted_class
ROI_01395__20190612T053641_20190612T053857_T44UQE,0,clear,29042,0.8563434575807505,0.94848839611597,32167,
ROI_01395__20190612T053641_20190612T053857_T44UQE,1,thick_cloud,11518,0.7251002041896695,0.8324361868379927,13223,
ROI_01395__20190612T053641_20190612T053857_T44UQE,2,thin_cloud,0,,,0,absent_true_and_predicted_class
ROI_01395__20190612T053641_20190612T053857_T44UQE,3,cloud_shadow,9616,0.6872988832102972,0.7551996672212978,10566,
ROI_01395__20190811T053651_20190811T053645_T45UUV,0,clear,14882,0.7213206207526118,0.9557183174304529,19718,
ROI_01395__20190811T053651_20190811T053645_T45UUV,1,thick_cloud,30824,0.8561637375420504,0.8834674279781988,31807,
ROI_01395__20190811T053651_20190811T053645_T45UUV,2,thin_cloud,0,,,0,absent_true_and_predicted_class
ROI_01395__20190811T053651_20190811T053645_T45UUV,3,cloud_shadow,4470,0.5493905002101723,0.5847874720357942,4758,
ROI_01395__20190823T052649_20190823T052651_T45UUV,0,clear,30519,0.8027830956939166,0.9205740686129952,34997,
ROI_01395__20190823T052649_20190823T052651_T45UUV,1,thick_cloud,10301,0.6684977310723669,0.8151635763518105,12561,
ROI_01395__20190823T052649_20190823T052651_T45UUV,2,thin_cloud,0,,,0,absent_true_and_predicted_class
ROI_01395__20190823T052649_20190823T052651_T45UUV,3,cloud_shadow,9356,0.5415602836879433,0.6121205643437366,10575,
ROI_01395__20190917T052651_20190917T052645_T45UUV,0,clear,50176,1.0,1.0,50176,
ROI_01395__20190917T052651_20190917T052645_T45UUV,1,thick_cloud,0,,,0,absent_true_and_predicted_class
ROI_01395__20190917T052651_20190917T052645_T45UUV,2,thin_cloud,0,,,0,absent_true_and_predicted_class
ROI_01395__20190917T052651_20190917T052645_T45UUV,3,cloud_shadow,0,,,0,absent_true_and_predicted_class
ROI_01395__20200606T053651_20200606T053648_T44UQE,0,clear,21067,0.8423943122312572,0.9392414676982959,23489,
ROI_01395__20200606T053651_20200606T053648_T44UQE,1,thick_cloud,16801,0.811878406473001,0.8600083328373311,17797,
ROI_01395__20200606T053651_20200606T053648_T44UQE,2,thin_cloud,0,,,0,absent_true_and_predicted_class
ROI_01395__20200606T053651_20200606T053648_T44UQE,3,cloud_shadow,12308,0.8005801305293692,0.896977575560611,13790,
ROI_01399__20190305T073809_20190305T080422_T36KWV,0,clear,15109,0.7107607192254495,0.8502879078694817,18075,
ROI_01399__20190305T073809_20190305T080422_T36KWV,1,thick_cloud,21192,0.7772277227722773,0.8816062665156663,24038,
ROI_01399__20190305T073809_20190305T080422_T36KWV,2,thin_cloud,0,,,0,absent_true_and_predicted_class
ROI_01399__20190305T073809_20190305T080422_T36KWV,3,cloud_shadow,13875,0.6632830987669698,0.7676396396396397,16058,
ROI_01399__20190526T072621_20190526T075408_T36KWV,0,clear,50176,1.0,1.0,50176,
ROI_01399__20190526T072621_20190526T075408_T36KWV,1,thick_cloud,0,,,0,absent_true_and_predicted_class
ROI_01399__20190526T072621_20190526T075408_T36KWV,2,thin_cloud,0,,,0,absent_true_and_predicted_class
ROI_01399__20190526T072621_20190526T075408_T36KWV,3,cloud_shadow,0,,,0,absent_true_and_predicted_class
ROI_01399__20191105T074111_20191105T075932_T36KWV,0,clear,6024,0.5893102355550861,0.9261288180610889,9467,
ROI_01399__20191105T074111_20191105T075932_T36KWV,1,thick_cloud,34155,0.8277216141699391,0.8701800614844093,35907,
ROI_01399__20191105T074111_20191105T075932_T36KWV,2,thin_cloud,0,,,0,absent_true_and_predicted_class
ROI_01399__20191105T074111_20191105T075932_T36KWV,3,cloud_shadow,9997,0.6050570962479609,0.7420226067820346,12260,
ROI_01399__20200420T072621_20200420T074849_T36KWV,0,clear,26704,0.8185038207995802,0.934579089275015,30491,
ROI_01399__20200420T072621_20200420T074849_T36KWV,1,thick_cloud,12121,0.6930166607585962,0.8064516129032258,14105,
ROI_01399__20200420T072621_20200420T074849_T36KWV,2,thin_cloud,0,,,0,absent_true_and_predicted_class
ROI_01399__20200420T072621_20200420T074849_T36KWV,3,cloud_shadow,11351,0.6879967884383782,0.7549114615452384,12455,
ROI_01399__20200508T073609_20200508T075941_T36KWV,0,clear,34528,0.8629416383145774,0.9549640871177015,38210,
ROI_01399__20200508T073609_20200508T075941_T36KWV,1,thick_cloud,7799,0.6063348416289592,0.6529042184895499,8398,
ROI_01399__20200508T073609_20200508T075941_T36KWV,2,thin_cloud,0,,,0,absent_true_and_predicted_class
ROI_01399__20200508T073609_20200508T075941_T36KWV,3,cloud_shadow,7849,0.7440489432703004,0.8522104726716779,8990,
ROI_01400__20190606T131249_20190606T131250_T24LTR,0,clear,14727,0.7400389779125163,0.9282270659333197,18472,
ROI_01400__20190606T131249_20190606T131250_T24LTR,1,thick_cloud,23486,0.8641223819630772,0.9187601124073916,24971,
ROI_01400__20190606T131249_20190606T131250_T24LTR,2,thin_cloud,0,,,0,absent_true_and_predicted_class
ROI_01400__20190606T131249_20190606T131250_T24LTR,3,cloud_shadow,11963,0.6392462539730589,0.7060937891833152,13214,
ROI_01400__20191004T131249_20191004T131243_T23LRL,0,clear,37015,0.8929909440516065,0.9723625557206538,40305,
ROI_01400__20191004T131249_20191004T131243_T23LRL,1,thick_cloud,7019,0.6236465463596764,0.7139193617324405,8035,
ROI_01400__20191004T131249_20191004T131243_T23LRL,2,thin_cloud,0,,,0,absent_true_and_predicted_class
ROI_01400__20191004T131249_20191004T131243_T23LRL,3,cloud_shadow,6142,0.5392897091722595,0.6279713448388147,7152,
ROI_01400__20191108T131251_20191108T131245_T23LRL,0,clear,43773,0.7612106857364094,0.763575720192813,43909,
ROI_01400__20191108T131251_20191108T131245_T23LRL,1,thick_cloud,60,0.0,0.0,501,
ROI_01400__20191108T131251_20191108T131245_T23LRL,2,thin_cloud,6267,0.3502332061299897,0.9226104994415191,16509,
ROI_01400__20191108T131251_20191108T131245_T23LRL,3,cloud_shadow,76,0.0,0.0,227,
ROI_01400__20200312T131239_20200312T131240_T24LTR,0,clear,7296,0.59616418713031,0.9117324561403509,11158,
ROI_01400__20200312T131239_20200312T131240_T24LTR,1,thick_cloud,32773,0.8368740515933232,0.8750495834986116,34268,
ROI_01400__20200312T131239_20200312T131240_T24LTR,2,thin_cloud,0,,,0,absent_true_and_predicted_class
ROI_01400__20200312T131239_20200312T131240_T24LTR,3,cloud_shadow,10107,0.5670531787285086,0.7015929553774611,12505,
ROI_01400__20200730T131249_20200730T131245_T23LRL,0,clear,50176,1.0,1.0,50176,
ROI_01400__20200730T131249_20200730T131245_T23LRL,1,thick_cloud,0,,,0,absent_true_and_predicted_class
ROI_01400__20200730T131249_20200730T131245_T23LRL,2,thin_cloud,0,,,0,absent_true_and_predicted_class
ROI_01400__20200730T131249_20200730T131245_T23LRL,3,cloud_shadow,0,,,0,absent_true_and_predicted_class
ROI_01403__20191115T083119_20191115T085223_T34KCE,0,clear,36307,0.9329392203953445,0.9736414465530063,37891,
ROI_01403__20191115T083119_20191115T085223_T34KCE,1,thick_cloud,9252,0.7985501327343272,0.8453307392996109,9794,
ROI_01403__20191115T083119_20191115T085223_T34KCE,2,thin_cloud,0,,,0,absent_true_and_predicted_class
ROI_01403__20191115T083119_20191115T085223_T34KCE,3,cloud_shadow,4617,0.7624350408314774,0.8897552523283517,5388,
ROI_01403__20200114T083219_20200114T084628_T34KCE,0,clear,44979,0.9347463681829007,0.9598923942284177,46189,
ROI_01403__20200114T083219_20200114T084628_T34KCE,1,thick_cloud,2709,0.42084848484848486,0.6408268733850129,4125,
ROI_01403__20200114T083219_20200114T084628_T34KCE,2,thin_cloud,0,,,0,absent_true_and_predicted_class
ROI_01403__20200114T083219_20200114T084628_T34KCE,3,cloud_shadow,2488,0.47965367965367967,0.6680064308681672,3465,
ROI_01403__20200228T082901_20200228T085149_T34KCE,0,clear,15723,0.6872236444030719,0.9390701520066145,21485,
ROI_01403__20200228T082901_20200228T085149_T34KCE,1,thick_cloud,21707,0.7106856887371459,0.8055005297830193,24603,
ROI_01403__20200228T082901_20200228T085149_T34KCE,2,thin_cloud,0,,,0,absent_true_and_predicted_class
ROI_01403__20200228T082901_20200228T085149_T34KCE,3,cloud_shadow,12746,0.5317283607013638,0.5995606464773262,14372,
ROI_01403__20200314T082719_20200314T085231_T34KCE,0,clear,447,0.3026404874746107,1.0,1477,
ROI_01403__20200314T082719_20200314T085231_T34KCE,1,thick_cloud,34735,0.8038088561747868,0.9903267597524111,42795,
ROI_01403__20200314T082719_20200314T085231_T34KCE,2,thin_cloud,6193,0.041471166944150144,0.04424350072662684,6607,
ROI_01403__20200314T082719_20200314T085231_T34KCE,3,cloud_shadow,8801,0.573276334539077,0.5942506533348483,9123,
ROI_01403__20200712T082609_20200712T084612_T34KCE,0,clear,50176,1.0,1.0,50176,
ROI_01403__20200712T082609_20200712T084612_T34KCE,1,thick_cloud,0,,,0,absent_true_and_predicted_class
ROI_01403__20200712T082609_20200712T084612_T34KCE,2,thin_cloud,0,,,0,absent_true_and_predicted_class
ROI_01403__20200712T082609_20200712T084612_T34KCE,3,cloud_shadow,0,,,0,absent_true_and_predicted_class
ROI_01423__20190508T180921_20190508T181528_T12STF,0,clear,11377,0.8430150419679215,0.8916234508218335,12033,
ROI_01423__20190508T180921_20190508T181528_T12STF,1,thick_cloud,34130,0.9175263434466355,0.9720187518312335,36157,
ROI_01423__20190508T180921_20190508T181528_T12STF,2,thin_cloud,0,,,0,absent_true_and_predicted_class
ROI_01423__20190508T180921_20190508T181528_T12STF,3,cloud_shadow,4669,0.551948051948052,0.6735917755408011,5698,
ROI_01423__20190602T180929_20190602T182216_T11SQA,0,clear,25939,0.8809044674545388,0.9281776475577316,27331,
ROI_01423__20190602T180929_20190602T182216_T11SQA,1,thick_cloud,18502,0.8349160720702222,0.8790941519835693,19481,
ROI_01423__20190602T180929_20190602T182216_T11SQA,2,thin_cloud,0,,,0,absent_true_and_predicted_class
ROI_01423__20190602T180929_20190602T182216_T11SQA,3,cloud_shadow,5735,0.5975550714112806,0.8608544027898867,8262,
ROI_01423__20190809T181921_20190809T183133_T12STF,0,clear,8727,0.8130327501121579,0.8306405408502349,8916,
ROI_01423__20190809T181921_20190809T183133_T12STF,1,thick_cloud,27590,0.9057418872032111,0.9650960492932222,29398,
ROI_01423__20190809T181921_20190809T183133_T12STF,2,thin_cloud,0,,,0,absent_true_and_predicted_class
ROI_01423__20190809T181921_20190809T183133_T12STF,3,cloud_shadow,13859,0.7660855386930892,0.8814488779854246,15946,
ROI_01423__20190918T182021_20190918T182459_T12STF,0,clear,50176,1.0,1.0,50176,
ROI_01423__20190918T182021_20190918T182459_T12STF,1,thick_cloud,0,,,0,absent_true_and_predicted_class
ROI_01423__20190918T182021_20190918T182459_T12STF,2,thin_cloud,0,,,0,absent_true_and_predicted_class
ROI_01423__20190918T182021_20190918T182459_T12STF,3,cloud_shadow,0,,,0,absent_true_and_predicted_class
ROI_01423__20200128T181609_20200128T182122_T11SQA,0,clear,48025,0.9571308992346939,1.0,50176,
ROI_01423__20200128T181609_20200128T182122_T11SQA,1,thick_cloud,0,,,0,absent_true_and_predicted_class
ROI_01423__20200128T181609_20200128T182122_T11SQA,2,thin_cloud,2151,0.0,0.0,2151,
ROI_01423__20200128T181609_20200128T182122_T11SQA,3,cloud_shadow,0,,,0,absent_true_and_predicted_class
ROI_01424__20190322T182031_20190322T183105_T11SQV,0,clear,43843,0.934700322280622,0.9856533540131834,46233,
ROI_01424__20190322T182031_20190322T183105_T11SQV,1,thick_cloud,4218,0.5524813350900307,0.5964912280701754,4554,
ROI_01424__20190322T182031_20190322T183105_T11SQV,2,thin_cloud,0,,,0,absent_true_and_predicted_class
ROI_01424__20190322T182031_20190322T183105_T11SQV,3,cloud_shadow,2115,0.43794525684289465,0.5522458628841608,2667,
ROI_01424__20190508T180921_20190508T181528_T12STE,0,clear,21255,0.8145253769377787,0.902281816043284,23545,
ROI_01424__20190508T180921_20190508T181528_T12STE,1,thick_cloud,20969,0.7715466351829988,0.810291382517049,22022,
ROI_01424__20190508T180921_20190508T181528_T12STE,2,thin_cloud,0,,,0,absent_true_and_predicted_class
ROI_01424__20190508T180921_20190508T181528_T12STE,3,cloud_shadow,7952,0.5850148999574287,0.8640593561368209,11745,
ROI_01424__20190521T181921_20190521T183010_T12STE,0,clear,18979,0.8607507522320328,0.9194372727751725,20273,
ROI_01424__20190521T181921_20190521T183010_T12STE,1,thick_cloud,25190,0.8799937820612467,0.8989281460897182,25732,
ROI_01424__20190521T181921_20190521T183010_T12STE,2,thin_cloud,0,,,0,absent_true_and_predicted_class
ROI_01424__20190521T181921_20190521T183010_T12STE,3,cloud_shadow,6007,0.6448932487016734,0.9302480439487265,8665,
ROI_01424__20191023T182419_20191023T182537_T12STE,0,clear,3916,0.13403155697025704,1.0,29217,
ROI_01424__20191023T182419_20191023T182537_T12STE,1,thick_cloud,0,,,0,absent_true_and_predicted_class
ROI_01424__20191023T182419_20191023T182537_T12STE,2,thin_cloud,46260,0.4530696065715521,0.4530696065715521,46260,
ROI_01424__20191023T182419_20191023T182537_T12STE,3,cloud_shadow,0,,,0,absent_true_and_predicted_class
ROI_01424__20200303T181231_20200303T182027_T12STE,0,clear,50176,1.0,1.0,50176,
ROI_01424__20200303T181231_20200303T182027_T12STE,1,thick_cloud,0,,,0,absent_true_and_predicted_class
ROI_01424__20200303T181231_20200303T182027_T12STE,2,thin_cloud,0,,,0,absent_true_and_predicted_class
ROI_01424__20200303T181231_20200303T182027_T12STE,3,cloud_shadow,0,,,0,absent_true_and_predicted_class
ROI_01435__20190407T083601_20190407T090337_T33KXS,0,clear,36333,0.7974299248868068,0.8386040238901274,38209,
ROI_01435__20190407T083601_20190407T090337_T33KXS,1,thick_cloud,7177,0.5702900154970113,0.7178486832938553,9034,
ROI_01435__20190407T083601_20190407T090337_T33KXS,2,thin_cloud,0,0.0,,147,no_true_class_for_recall
ROI_01435__20190407T083601_20190407T090337_T33KXS,3,cloud_shadow,6666,0.4612791775511924,0.8211821182118212,11867,
ROI_01435__20190701T083609_20190701T085823_T33KXS,0,clear,50176,1.0,1.0,50176,
ROI_01435__20190701T083609_20190701T085823_T33KXS,1,thick_cloud,0,,,0,absent_true_and_predicted_class
ROI_01435__20190701T083609_20190701T085823_T33KXS,2,thin_cloud,0,,,0,absent_true_and_predicted_class
ROI_01435__20190701T083609_20190701T085823_T33KXS,3,cloud_shadow,0,,,0,absent_true_and_predicted_class
ROI_01435__20200112T084321_20200112T090335_T33KXS,0,clear,26444,0.8074288635201908,0.8960066555740432,29345,
ROI_01435__20200112T084321_20200112T090335_T33KXS,1,thick_cloud,16261,0.7460210715086304,0.8186458397392534,17844,
ROI_01435__20200112T084321_20200112T090335_T33KXS,2,thin_cloud,0,,,0,absent_true_and_predicted_class
ROI_01435__20200112T084321_20200112T090335_T33KXS,3,cloud_shadow,7471,0.5356905237144758,0.7543836166510507,10521,
ROI_01435__20200201T084151_20200201T085750_T33KXS,0,clear,29750,0.8846442181545574,0.9519663865546218,32014,
ROI_01435__20200201T084151_20200201T085750_T33KXS,1,thick_cloud,14696,0.794436949958245,0.8415215024496462,15567,
ROI_01435__20200201T084151_20200201T085750_T33KXS,2,thin_cloud,0,,,0,absent_true_and_predicted_class
ROI_01435__20200201T084151_20200201T085750_T33KXS,3,cloud_shadow,5730,0.6262449528936743,0.8120418848167539,7430,
ROI_01435__20200312T083731_20200312T090440_T33KXS,0,clear,14070,0.6719109508115167,0.7679459843638948,16081,
ROI_01435__20200312T083731_20200312T090440_T33KXS,1,thick_cloud,29411,0.7788515319122491,0.852232158036109,32182,
ROI_01435__20200312T083731_20200312T090440_T33KXS,2,thin_cloud,0,0.0,,238,no_true_class_for_recall
ROI_01435__20200312T083731_20200312T090440_T33KXS,3,cloud_shadow,6695,0.4998592210229939,0.7955190440627334,10655,
ROI_01447__20190501T190919_20190501T190921_T11VPL,0,clear,8661,0.7190871369294606,0.800369472347304,9640,
ROI_01447__20190501T190919_20190501T190921_T11VPL,1,thick_cloud,28844,0.8348140626983119,0.9121481070586603,31516,
ROI_01447__20190501T190919_20190501T190921_T11VPL,2,thin_cloud,206,0.0,0.0,206,
ROI_01447__20190501T190919_20190501T190921_T11VPL,3,cloud_shadow,12465,0.6488217213114754,0.8128359406337746,15616,
ROI_01447__20190610T190919_20190610T190921_T11VPL,0,clear,41623,0.856789810531652,0.9745333109098335,47343,
ROI_01447__20190610T190919_20190610T190921_T11VPL,1,thick_cloud,3140,0.2541996830427892,0.2554140127388535,3155,
ROI_01447__20190610T190919_20190610T190921_T11VPL,2,thin_cloud,5413,0.16930335831251736,0.22538333641234065,7206,
ROI_01447__20190610T190919_20190610T190921_T11VPL,3,cloud_shadow,0,0.0,,63,no_true_class_for_recall
ROI_01447__20190713T191919_20190713T191919_T11VPL,0,clear,10997,0.4807948984131692,0.8844230244612167,20229,
ROI_01447__20190713T191919_20190713T191919_T11VPL,1,thick_cloud,22373,0.794947561178625,0.8537522907075493,24028,
ROI_01447__20190713T191919_20190713T191919_T11VPL,2,thin_cloud,163,0.0,0.0,163,
ROI_01447__20190713T191919_20190713T191919_T11VPL,3,cloud_shadow,16643,0.4676738141650422,0.5189569188247312,18468,
ROI_01447__20190910T185931_20190910T190602_T11VPL,0,clear,50176,1.0,1.0,50176,
ROI_01447__20190910T185931_20190910T190602_T11VPL,1,thick_cloud,0,,,0,absent_true_and_predicted_class
ROI_01447__20190910T185931_20190910T190602_T11VPL,2,thin_cloud,0,,,0,absent_true_and_predicted_class
ROI_01447__20190910T185931_20190910T190602_T11VPL,3,cloud_shadow,0,,,0,absent_true_and_predicted_class
ROI_01447__20200624T190919_20200624T191618_T12VUR,0,clear,10881,0.6814873417721519,0.7916551787519529,12640,
ROI_01447__20200624T190919_20200624T191618_T12VUR,1,thick_cloud,31165,0.8245581279561862,0.8502486763998075,32136,
ROI_01447__20200624T190919_20200624T191618_T12VUR,2,thin_cloud,248,0.0,0.0,248,
ROI_01447__20200624T190919_20200624T191618_T12VUR,3,cloud_shadow,7882,0.47745377475699774,0.8288505455468155,13683,
ROI_01580__20180526T105029_20180526T105635_T31UDP,0,clear,447,0.21428571428571427,1.0,2086,
ROI_01580__20180526T105029_20180526T105635_T31UDP,1,thick_cloud,43819,0.9618501461340891,0.991373605057167,45164,
ROI_01580__20180526T105029_20180526T105635_T31UDP,2,thin_cloud,0,0.0,,1552,no_true_class_for_recall
ROI_01580__20180526T105029_20180526T105635_T31UDP,3,cloud_shadow,5910,0.2645651097540848,0.27123519458544837,6059,
ROI_01580__20181212T105439_20181212T105647_T31UDP,0,clear,17208,0.62993706806687,0.9481636448163645,25901,
ROI_01580__20181212T105439_20181212T105647_T31UDP,1,thick_cloud,14824,0.6526029476880258,0.6959660010793308,15809,
ROI_01580__20181212T105439_20181212T105647_T31UDP,2,thin_cloud,0,,,0,absent_true_and_predicted_class
ROI_01580__20181212T105439_20181212T105647_T31UDP,3,cloud_shadow,18144,0.6491833685403678,0.6944444444444444,19409,
ROI_01580__20181222T105449_20181222T105730_T31UDP,0,clear,447,0.25,1.0,1788,
ROI_01580__20181222T105449_20181222T105730_T31UDP,1,thick_cloud,18183,0.6703462937977841,0.9017213881097729,24459,
ROI_01580__20181222T105449_20181222T105730_T31UDP,2,thin_cloud,31546,0.17860338815687968,0.18347809547961708,32407,
ROI_01580__20181222T105449_20181222T105730_T31UDP,3,cloud_shadow,0,0.0,,19067,no_true_class_for_recall
ROI_01580__20190215T105131_20190215T105128_T31UDP,0,clear,50176,1.0,1.0,50176,
ROI_01580__20190215T105131_20190215T105128_T31UDP,1,thick_cloud,0,,,0,absent_true_and_predicted_class
ROI_01580__20190215T105131_20190215T105128_T31UDP,2,thin_cloud,0,,,0,absent_true_and_predicted_class
ROI_01580__20190215T105131_20190215T105128_T31UDP,3,cloud_shadow,0,,,0,absent_true_and_predicted_class
ROI_01580__20190720T105039_20190720T105035_T31UDP,0,clear,447,0.7773913043478261,1.0,575,
ROI_01580__20190720T105039_20190720T105035_T31UDP,1,thick_cloud,28968,0.6266890756302521,0.9654101077050539,44625,
ROI_01580__20190720T105039_20190720T105035_T31UDP,2,thin_cloud,0,,,0,absent_true_and_predicted_class
ROI_01580__20190720T105039_20190720T105035_T31UDP,3,cloud_shadow,20761,0.23107734806629834,0.24175136072443523,21720,
ROI_01661__20180107T093351_20180107T093419_T34SCC,0,clear,5983,0.11924027423469388,1.0,50176,
ROI_01661__20180107T093351_20180107T093419_T34SCC,1,thick_cloud,2642,0.0,0.0,2642,
ROI_01661__20180107T093351_20180107T093419_T34SCC,2,thin_cloud,41551,0.0,0.0,41551,
ROI_01661__20180107T093351_20180107T093419_T34SCC,3,cloud_shadow,0,,,0,absent_true_and_predicted_class
ROI_01661__20180320T092019_20180320T092416_T34SCC,0,clear,50176,1.0,1.0,50176,
ROI_01661__20180320T092019_20180320T092416_T34SCC,1,thick_cloud,0,,,0,absent_true_and_predicted_class
ROI_01661__20180320T092019_20180320T092416_T34SCC,2,thin_cloud,0,,,0,absent_true_and_predicted_class
ROI_01661__20180320T092019_20180320T092416_T34SCC,3,cloud_shadow,0,,,0,absent_true_and_predicted_class
ROI_01661__20180402T093029_20180402T093345_T34SCC,0,clear,20664,0.5222326454033771,0.8082171893147503,31980,
ROI_01661__20180402T093029_20180402T093345_T34SCC,1,thick_cloud,6702,0.38377387499260834,0.9683676514473292,16911,
ROI_01661__20180402T093029_20180402T093345_T34SCC,2,thin_cloud,17848,0.1142125061331298,0.11738009861048856,18343,
ROI_01661__20180402T093029_20180402T093345_T34SCC,3,cloud_shadow,4962,0.2503192848020434,0.31600161225312373,6264,
ROI_01661__20190320T092031_20190320T092026_T34SCC,0,clear,3019,0.30029806259314457,0.934415369327592,9394,
ROI_01661__20190320T092031_20190320T092026_T34SCC,1,thick_cloud,27772,0.6751045129859442,0.738477603341495,30379,
ROI_01661__20190320T092031_20190320T092026_T34SCC,2,thin_cloud,16273,0.10233475528645475,0.13709826092300129,21801,
ROI_01661__20190320T092031_20190320T092026_T34SCC,3,cloud_shadow,3112,0.24010133233252018,0.8223007712082262,10658,
ROI_01661__20190328T093039_20190328T093600_T34SCC,0,clear,36022,0.7536133940834078,0.9596635389484204,45871,
ROI_01661__20190328T093039_20190328T093600_T34SCC,1,thick_cloud,8662,0.32732998720598366,0.3839759870699607,10161,
ROI_01661__20190328T093039_20190328T093600_T34SCC,2,thin_cloud,0,,,0,absent_true_and_predicted_class
ROI_01661__20190328T093039_20190328T093600_T34SCC,3,cloud_shadow,5492,0.06532913281379539,0.07174071376547705,6031,
ROI_01952__20190314T030539_20190314T030800_T50TLP,0,clear,1406,0.1342011289022002,0.8285917496443812,8681,
ROI_01952__20190314T030539_20190314T030800_T50TLP,1,thick_cloud,41182,0.7032894270106652,0.7221601670632801,42287,
ROI_01952__20190314T030539_20190314T030800_T50TLP,2,thin_cloud,3337,0.04167068583003762,0.12945759664369194,10367,
ROI_01952__20190314T030539_20190314T030800_T50TLP,3,cloud_shadow,4251,0.5400040104271104,0.6334980004704776,4987,
ROI_01952__20190630T031541_20190630T032156_T50TLP,0,clear,20382,0.5850878533231474,0.9394073201844765,32725,
ROI_01952__20190630T031541_20190630T032156_T50TLP,1,thick_cloud,9899,0.5272984441301273,0.564905546014749,10605,
ROI_01952__20190630T031541_20190630T032156_T50TLP,2,thin_cloud,7343,0.16538852443869537,0.2437695764673839,10823,
ROI_01952__20190630T031541_20190630T032156_T50TLP,3,cloud_shadow,12552,0.4159228332853441,0.46032504780114725,13892,
ROI_01952__20190804T031549_20190804T031710_T50TLP,0,clear,7030,0.13325261909468275,0.7671408250355619,40472,
ROI_01952__20190804T031549_20190804T031710_T50TLP,1,thick_cloud,155,0.0,0.0,155,
ROI_01952__20190804T031549_20190804T031710_T50TLP,2,thin_cloud,40337,0.19247199544332638,0.201056102337804,42136,
ROI_01952__20190804T031549_20190804T031710_T50TLP,3,cloud_shadow,2654,0.5360902255639097,0.5373021853805576,2660,
ROI_01952__20200328T030539_20200328T031148_T50TLP,0,clear,50176,0.9963129783163265,0.9963129783163265,50176,
ROI_01952__20200328T030539_20200328T031148_T50TLP,1,thick_cloud,0,0.0,,185,no_true_class_for_recall
ROI_01952__20200328T030539_20200328T031148_T50TLP,2,thin_cloud,0,,,0,absent_true_and_predicted_class
ROI_01952__20200328T030539_20200328T031148_T50TLP,3,cloud_shadow,0,,,0,absent_true_and_predicted_class
ROI_01952__20200729T031539_20200729T032541_T50TLP,0,clear,17991,0.671584748022398,0.8399755433272191,22502,
ROI_01952__20200729T031539_20200729T032541_T50TLP,1,thick_cloud,20387,0.7149053449600145,0.77613184872713,22133,
ROI_01952__20200729T031539_20200729T032541_T50TLP,2,thin_cloud,0,,,0,absent_true_and_predicted_class
ROI_01952__20200729T031539_20200729T032541_T50TLP,3,cloud_shadow,11798,0.5925711715185399,0.7815731479911849,15561,
ROI_02193__20180625T105029_20180625T105253_T31UEQ,0,clear,15942,0.6855438184663537,0.8793125078409233,20448,
ROI_02193__20180625T105029_20180625T105253_T31UEQ,1,thick_cloud,25688,0.7557352993808382,0.8220180629087511,27941,
ROI_02193__20180625T105029_20180625T105253_T31UEQ,2,thin_cloud,0,,,0,absent_true_and_predicted_class
ROI_02193__20180625T105029_20180625T105253_T31UEQ,3,cloud_shadow,8546,0.4644100243647755,0.6245026913175755,11492,
ROI_02193__20191018T105039_20191018T105338_T31UEQ,0,clear,32569,0.788140373249626,0.9867665571555774,40777,
ROI_02193__20191018T105039_20191018T105338_T31UEQ,1,thick_cloud,8644,0.5619615639496355,0.5886163813049514,9054,
ROI_02193__20191018T105039_20191018T105338_T31UEQ,2,thin_cloud,0,,,0,absent_true_and_predicted_class
ROI_02193__20191018T105039_20191018T105338_T31UEQ,3,cloud_shadow,8963,0.42253370425850634,0.440589088474841,9346,
ROI_02193__20191117T105229_20191117T105529_T31UEQ,0,clear,16300,0.6624253105790311,0.945398773006135,23263,
ROI_02193__20191117T105229_20191117T105529_T31UEQ,1,thick_cloud,30347,0.6862812932444332,0.7190496589448709,31796,
ROI_02193__20191117T105229_20191117T105529_T31UEQ,2,thin_cloud,0,,,0,absent_true_and_predicted_class
ROI_02193__20191117T105229_20191117T105529_T31UEQ,3,cloud_shadow,3529,0.1406338426711941,0.2816661943893454,7068,
ROI_02193__20200116T105309_20200116T105304_T31UEQ,0,clear,50176,1.0,1.0,50176,
ROI_02193__20200116T105309_20200116T105304_T31UEQ,1,thick_cloud,0,,,0,absent_true_and_predicted_class
ROI_02193__20200116T105309_20200116T105304_T31UEQ,2,thin_cloud,0,,,0,absent_true_and_predicted_class
ROI_02193__20200116T105309_20200116T105304_T31UEQ,3,cloud_shadow,0,,,0,absent_true_and_predicted_class
ROI_02193__20200714T104619_20200714T105055_T31UEQ,0,clear,447,1.0,1.0,447,
ROI_02193__20200714T104619_20200714T105055_T31UEQ,1,thick_cloud,46764,0.949947033898305,0.9971559319134377,49088,
ROI_02193__20200714T104619_20200714T105055_T31UEQ,2,thin_cloud,0,,,0,absent_true_and_predicted_class
ROI_02193__20200714T104619_20200714T105055_T31UEQ,3,cloud_shadow,2965,0.20690768237572627,0.21618887015177066,3098,
ROI_02299__20190608T182929_20190608T183120_T11TNH,0,clear,6360,0.6019359345374713,0.9484276729559749,10021,
ROI_02299__20190608T182929_20190608T183120_T11TNH,1,thick_cloud,35577,0.9048595167814584,0.9305731230851393,36588,
ROI_02299__20190608T182929_20190608T183120_T11TNH,2,thin_cloud,0,,,0,absent_true_and_predicted_class
ROI_02299__20190608T182929_20190608T183120_T11TNH,3,cloud_shadow,8239,0.5027783494546203,0.5930331350892099,9718,
ROI_02299__20190721T183929_20190721T184610_T11TNH,0,clear,50176,1.0,1.0,50176,
ROI_02299__20190721T183929_20190721T184610_T11TNH,1,thick_cloud,0,,,0,absent_true_and_predicted_class
ROI_02299__20190721T183929_20190721T184610_T11TNH,2,thin_cloud,0,,,0,absent_true_and_predicted_class
ROI_02299__20190721T183929_20190721T184610_T11TNH,3,cloud_shadow,0,,,0,absent_true_and_predicted_class
ROI_02299__20190911T182921_20190911T183249_T11TNH,0,clear,16843,0.7309183136335359,0.9068455738288903,20897,
ROI_02299__20190911T182921_20190911T183249_T11TNH,1,thick_cloud,20548,0.758706019976604,0.8206638115631691,22226,
ROI_02299__20190911T182921_20190911T183249_T11TNH,2,thin_cloud,0,,,0,absent_true_and_predicted_class
ROI_02299__20190911T182921_20190911T183249_T11TNH,3,cloud_shadow,12785,0.637965924668712,0.7644114196323817,15319,
ROI_02299__20200403T182919_20200403T183109_T11TNH,0,clear,2800,0.7045855379188712,0.8560714285714286,3402,
ROI_02299__20200403T182919_20200403T183109_T11TNH,1,thick_cloud,44033,0.9541282374538297,0.9796970453977698,45213,
ROI_02299__20200403T182919_20200403T183109_T11TNH,2,thin_cloud,0,,,0,absent_true_and_predicted_class
ROI_02299__20200403T182919_20200403T183109_T11TNH,3,cloud_shadow,3343,0.57465718638903,0.6769368830391863,3938,
ROI_02299__20200602T182919_20200602T183556_T11TNH,0,clear,35726,0.8900439722441095,0.9801545093209427,39343,
ROI_02299__20200602T182919_20200602T183556_T11TNH,1,thick_cloud,10304,0.6916851934192975,0.7548524844720497,11245,
ROI_02299__20200602T182919_20200602T183556_T11TNH,2,thin_cloud,0,,,0,absent_true_and_predicted_class
ROI_02299__20200602T182919_20200602T183556_T11TNH,3,cloud_shadow,4146,0.43100616016427107,0.5062711046792089,4870,
ROI_02301__20190507T183921_20190507T185033_T11TMG,0,clear,3503,0.34978843441466856,0.5663716814159292,5672,
ROI_02301__20190507T183921_20190507T185033_T11TMG,1,thick_cloud,24749,0.7612118170984131,0.9807264939997575,31886,
ROI_02301__20190507T183921_20190507T185033_T11TMG,2,thin_cloud,12363,0.3485681411403733,0.44107417293537166,15644,
ROI_02301__20190507T183921_20190507T185033_T11TMG,3,cloud_shadow,9561,0.5759338640538886,0.5902102290555381,9798,
ROI_02301__20190601T183929_20190601T185229_T11TMG,0,clear,5871,0.5266235764850723,0.8742973939703628,9747,
ROI_02301__20190601T183929_20190601T185229_T11TMG,1,thick_cloud,32330,0.8629582954778582,0.9107639962882771,34121,
ROI_02301__20190601T183929_20190601T185229_T11TMG,2,thin_cloud,0,,,0,absent_true_and_predicted_class
ROI_02301__20190601T183929_20190601T185229_T11TMG,3,cloud_shadow,11975,0.6390572390572391,0.7132359081419625,13365,
ROI_02301__20190904T183921_20190904T184852_T11TMG,0,clear,30512,0.7051782522810648,0.9827936549554274,42524,
ROI_02301__20190904T183921_20190904T184852_T11TMG,1,thick_cloud,3264,0.45798982634625507,0.7999387254901961,5701,
ROI_02301__20190904T183921_20190904T184852_T11TMG,2,thin_cloud,13022,0.030351681957186544,0.030486868376593458,13080,
ROI_02301__20190904T183921_20190904T184852_T11TMG,3,cloud_shadow,3378,0.4143491469969619,0.5248667850799289,4279,
ROI_02301__20191108T184559_20191108T184559_T11TMG,0,clear,50176,1.0,1.0,50176,
ROI_02301__20191108T184559_20191108T184559_T11TMG,1,thick_cloud,0,,,0,absent_true_and_predicted_class
ROI_02301__20191108T184559_20191108T184559_T11TMG,2,thin_cloud,0,,,0,absent_true_and_predicted_class
ROI_02301__20191108T184559_20191108T184559_T11TMG,3,cloud_shadow,0,,,0,absent_true_and_predicted_class
ROI_02301__20200521T183921_20200521T184912_T11TMG,0,clear,38044,0.8581314878892734,0.8604773420250237,38148,
ROI_02301__20200521T183921_20200521T184912_T11TMG,1,thick_cloud,0,0.0,,260,no_true_class_for_recall
ROI_02301__20200521T183921_20200521T184912_T11TMG,2,thin_cloud,12132,0.6747706422018349,0.9699967029343884,17440,
ROI_02301__20200521T183921_20200521T184912_T11TMG,3,cloud_shadow,0,,,0,absent_true_and_predicted_class
ROI_02519__20190206T144729_20190206T145614_T19LCD,0,clear,15561,0.8274838484372272,0.9136302294197031,17181,
ROI_02519__20190206T144729_20190206T145614_T19LCD,1,thick_cloud,25885,0.8378902045209903,0.9021440988989763,27870,
ROI_02519__20190206T144729_20190206T145614_T19LCD,2,thin_cloud,0,,,0,absent_true_and_predicted_class
ROI_02519__20190206T144729_20190206T145614_T19LCD,3,cloud_shadow,8730,0.6087824351297405,0.7686139747995419,11022,
ROI_02519__20191103T144729_20191103T145605_T19LCD,0,clear,43190,0.9440128878492298,0.9904376012965964,45314,
ROI_02519__20191103T144729_20191103T145605_T19LCD,1,thick_cloud,4062,0.5594257472346434,0.5851797144263909,4249,
ROI_02519__20191103T144729_20191103T145605_T19LCD,2,thin_cloud,0,,,0,absent_true_and_predicted_class
ROI_02519__20191103T144729_20191103T145605_T19LCD,3,cloud_shadow,2924,0.46592091571279914,0.6125170998632011,3844,
ROI_02519__20191121T145731_20191121T150656_T19LCD,0,clear,23369,0.8046353739904015,0.882451110445462,25629,
ROI_02519__20191121T145731_20191121T150656_T19LCD,1,thick_cloud,13989,0.7660256410256411,0.8713274715848166,15912,
ROI_02519__20191121T145731_20191121T150656_T19LCD,2,thin_cloud,0,,,0,absent_true_and_predicted_class
ROI_02519__20191121T145731_20191121T150656_T19LCD,3,cloud_shadow,12818,0.6960208741030659,0.8324231549383679,15330,
ROI_02519__20191203T144719_20191203T144720_T19LCD,0,clear,3616,0.6472275334608031,0.9361172566371682,5230,
ROI_02519__20191203T144719_20191203T144720_T19LCD,1,thick_cloud,41010,0.9476385553515092,0.9814679346500853,42474,
ROI_02519__20191203T144719_20191203T144720_T19LCD,2,thin_cloud,0,,,0,absent_true_and_predicted_class
ROI_02519__20191203T144719_20191203T144720_T19LCD,3,cloud_shadow,5550,0.566933240611961,0.5875675675675676,5752,
ROI_02519__20200730T144729_20200730T145622_T19LCD,0,clear,50176,0.8158482142857143,0.8158482142857143,50176,
ROI_02519__20200730T144729_20200730T145622_T19LCD,1,thick_cloud,0,,,0,absent_true_and_predicted_class
ROI_02519__20200730T144729_20200730T145622_T19LCD,2,thin_cloud,0,0.0,,9240,no_true_class_for_recall
ROI_02519__20200730T144729_20200730T145622_T19LCD,3,cloud_shadow,0,,,0,absent_true_and_predicted_class
ROI_02537__20190112T140049_20190112T141130_T20HNG,0,clear,40602,0.9021116347842159,0.961701394019999,43284,
ROI_02537__20190112T140049_20190112T141130_T20HNG,1,thick_cloud,5637,0.5327855901406225,0.5981905268759978,6329,
ROI_02537__20190112T140049_20190112T141130_T20HNG,2,thin_cloud,0,,,0,absent_true_and_predicted_class
ROI_02537__20190112T140049_20190112T141130_T20HNG,3,cloud_shadow,3937,0.5045207956600362,0.7086614173228346,5530,
ROI_02537__20190805T140101_20190805T140831_T20HNG,0,clear,50176,0.9850526147959183,0.9850526147959183,50176,
ROI_02537__20190805T140101_20190805T140831_T20HNG,1,thick_cloud,0,,,0,absent_true_and_predicted_class
ROI_02537__20190805T140101_20190805T140831_T20HNG,2,thin_cloud,0,,,0,absent_true_and_predicted_class
ROI_02537__20190805T140101_20190805T140831_T20HNG,3,cloud_shadow,0,0.0,,750,no_true_class_for_recall
ROI_02537__20191002T141049_20191002T141614_T20HNG,0,clear,28187,0.6682562661443697,0.8352077198708625,35229,
ROI_02537__20191002T141049_20191002T141614_T20HNG,1,thick_cloud,4298,0.41987561201535,0.7382503489995347,7557,
ROI_02537__20191002T141049_20191002T141614_T20HNG,2,thin_cloud,6140,0.016449511400651467,0.016449511400651467,6140,
ROI_02537__20191002T141049_20191002T141614_T20HNG,3,cloud_shadow,11551,0.5639298423995933,0.7682451735780452,15736,
ROI_02537__20200120T140639_20200120T141746_T20HNG,0,clear,45216,0.9236836958647515,0.9400875796178344,46019,
ROI_02537__20200120T140639_20200120T141746_T20HNG,1,thick_cloud,2566,0.4926340601060695,0.6515978176149649,3394,
ROI_02537__20200120T140639_20200120T141746_T20HNG,2,thin_cloud,0,,,0,absent_true_and_predicted_class
ROI_02537__20200120T140639_20200120T141746_T20HNG,3,cloud_shadow,2394,0.38156550173717557,0.7798663324979115,4893,
ROI_02537__20200312T140051_20200312T140048_T20HNG,0,clear,14364,0.5346438302841573,0.5737259816207184,15414,
ROI_02537__20200312T140051_20200312T140048_T20HNG,1,thick_cloud,1283,0.5488803932277444,0.7833203429462198,1831,
ROI_02537__20200312T140051_20200312T140048_T20HNG,2,thin_cloud,34529,0.7950697582046572,0.9275391699730661,40282,
ROI_02537__20200312T140051_20200312T140048_T20HNG,3,cloud_shadow,0,0.0,,1552,no_true_class_for_recall
ROI_02582__20190117T140051_20190117T140048_T20HPH,0,clear,512,0.873046875,0.873046875,512,
ROI_02582__20190117T140051_20190117T140048_T20HPH,1,thick_cloud,44236,0.916915506581991,0.9856903879193417,47554,
ROI_02582__20190117T140051_20190117T140048_T20HPH,2,thin_cloud,1229,0.0,0.0,1229,
ROI_02582__20190117T140051_20190117T140048_T20HPH,3,cloud_shadow,4199,0.4172734627831715,0.4913074541557514,4944,
ROI_02582__20190318T140051_20190318T140226_T20HPH,0,clear,50176,0.9223333864795918,0.9223333864795918,50176,
ROI_02582__20190318T140051_20190318T140226_T20HPH,1,thick_cloud,0,0.0,,41,no_true_class_for_recall
ROI_02582__20190318T140051_20190318T140226_T20HPH,2,thin_cloud,0,,,0,absent_true_and_predicted_class
ROI_02582__20190318T140051_20190318T140226_T20HPH,3,cloud_shadow,0,0.0,,3856,no_true_class_for_recall
ROI_02582__20191009T140059_20191009T140053_T20HPH,0,clear,36889,0.8708732366626456,0.9589308465938355,40619,
ROI_02582__20191009T140059_20191009T140053_T20HPH,1,thick_cloud,8478,0.7154352596927579,0.9228591648973815,10936,
ROI_02582__20191009T140059_20191009T140053_T20HPH,2,thin_cloud,4688,0.0,0.0,4688,
ROI_02582__20191009T140059_20191009T140053_T20HPH,3,cloud_shadow,121,0.0,0.0,911,
ROI_02582__20191208T140049_20191208T140046_T20HPH,0,clear,604,0.7069486404833837,0.7748344370860927,662,
ROI_02582__20191208T140049_20191208T140046_T20HPH,1,thick_cloud,46392,0.9435896369609514,0.9782074495602691,48094,
ROI_02582__20191208T140049_20191208T140046_T20HPH,2,thin_cloud,0,,,0,absent_true_and_predicted_class
ROI_02582__20191208T140049_20191208T140046_T20HPH,3,cloud_shadow,3180,0.3462169126259077,0.4647798742138365,4269,
ROI_02582__20200206T135639_20200206T140850_T20HPH,0,clear,16179,0.631573695239996,0.7823722108906608,20042,
ROI_02582__20200206T135639_20200206T140850_T20HPH,1,thick_cloud,22472,0.7479932573446781,0.8293431826272695,24916,
ROI_02582__20200206T135639_20200206T140850_T20HPH,2,thin_cloud,1385,0.0,0.0,1385,
ROI_02582__20200206T135639_20200206T140850_T20HPH,3,cloud_shadow,10140,0.4703521491455205,0.7165680473372781,15448,
ROI_02696__20190109T152639_20190109T153112_T18NXM,0,clear,20500,0.6953787596706797,0.8199024390243902,24171,
ROI_02696__20190109T152639_20190109T153112_T18NXM,1,thick_cloud,18398,0.7020901886267785,0.8234047179041201,21577,
ROI_02696__20190109T152639_20190109T153112_T18NXM,2,thin_cloud,0,,,0,absent_true_and_predicted_class
ROI_02696__20190109T152639_20190109T153112_T18NXM,3,cloud_shadow,11278,0.5779682274247492,0.7355027487143111,14352,
ROI_02696__20190404T152641_20190404T152640_T18NXM,0,clear,5465,0.6306461731493099,0.7357731015553522,6376,
ROI_02696__20190404T152641_20190404T152640_T18NXM,1,thick_cloud,39589,0.881393340370406,0.928035565434843,41684,
ROI_02696__20190404T152641_20190404T152640_T18NXM,2,thin_cloud,0,,,0,absent_true_and_predicted_class
ROI_02696__20190404T152641_20190404T152640_T18NXM,3,cloud_shadow,5122,0.3854379430493812,0.6263178445919563,8323,
ROI_02696__20200104T152639_20200104T153054_T18NXM,0,clear,41127,0.8903757651579465,0.9690714129404041,44762,
ROI_02696__20200104T152639_20200104T153054_T18NXM,1,thick_cloud,4797,0.42938420348058903,0.5349176568688764,5976,
ROI_02696__20200104T152639_20200104T153054_T18NXM,2,thin_cloud,0,,,0,absent_true_and_predicted_class
ROI_02696__20200104T152639_20200104T153054_T18NXM,3,cloud_shadow,4252,0.3680106504374287,0.4550799623706491,5258,
ROI_02696__20200218T152631_20200218T152633_T18NXM,0,clear,34754,0.7917225248866196,0.7986706566150659,35059,
ROI_02696__20200218T152631_20200218T152633_T18NXM,1,thick_cloud,0,,,0,absent_true_and_predicted_class
ROI_02696__20200218T152631_20200218T152633_T18NXM,2,thin_cloud,15422,0.6742941255185334,0.980223057969135,22419,
ROI_02696__20200218T152631_20200218T152633_T18NXM,3,cloud_shadow,0,,,0,absent_true_and_predicted_class
ROI_02696__20200304T152639_20200304T152636_T18NXM,0,clear,50176,1.0,1.0,50176,
ROI_02696__20200304T152639_20200304T152636_T18NXM,1,thick_cloud,0,,,0,absent_true_and_predicted_class
ROI_02696__20200304T152639_20200304T152636_T18NXM,2,thin_cloud,0,,,0,absent_true_and_predicted_class
ROI_02696__20200304T152639_20200304T152636_T18NXM,3,cloud_shadow,0,,,0,absent_true_and_predicted_class
ROI_02780__20190323T074611_20190323T080452_T35HLB,0,clear,41283,0.8268438032081727,0.8939999515539084,44636,
ROI_02780__20190323T074611_20190323T080452_T35HLB,1,thick_cloud,7193,0.5834391668783337,0.6386764910329487,7874,
ROI_02780__20190323T074611_20190323T080452_T35HLB,2,thin_cloud,0,,,0,absent_true_and_predicted_class
ROI_02780__20190323T074611_20190323T080452_T35HLB,3,cloud_shadow,1700,0.03865683865683866,0.1388235294117647,6105,
ROI_02780__20190525T075611_20190525T082742_T35HLB,0,clear,3913,0.21731448763250882,0.4400715563506261,7924,
ROI_02780__20190525T075611_20190525T082742_T35HLB,1,thick_cloud,34365,0.7707219627482977,0.7971191619380184,35542,
ROI_02780__20190525T075611_20190525T082742_T35HLB,2,thin_cloud,0,,,0,absent_true_and_predicted_class
ROI_02780__20190525T075611_20190525T082742_T35HLB,3,cloud_shadow,11898,0.44407467110394677,0.7177676920490839,19231,
ROI_02780__20191218T075331_20191218T081511_T35HLB,0,clear,447,0.08056957462148522,1.0,5548,
ROI_02780__20191218T075331_20191218T081511_T35HLB,1,thick_cloud,26936,0.691543840494944,0.9876373626373627,38469,
ROI_02780__20191218T075331_20191218T081511_T35HLB,2,thin_cloud,21930,0.0784313725490196,0.0784313725490196,21930,
ROI_02780__20191218T075331_20191218T081511_T35HLB,3,cloud_shadow,863,0.053074191739861706,0.3290845886442642,5351,
ROI_02780__20200112T075209_20200112T081135_T35HLB,0,clear,17723,0.5438531917131139,0.5835919426733623,19018,
ROI_02780__20200112T075209_20200112T081135_T35HLB,1,thick_cloud,28173,0.7900498186870912,0.8274589145635892,29507,
ROI_02780__20200112T075209_20200112T081135_T35HLB,2,thin_cloud,0,,,0,absent_true_and_predicted_class
ROI_02780__20200112T075209_20200112T081135_T35HLB,3,cloud_shadow,4280,0.2062396282774643,0.7259345794392523,15065,
ROI_02780__20200404T075609_20200404T082657_T35HLB,0,clear,50176,1.0,1.0,50176,
ROI_02780__20200404T075609_20200404T082657_T35HLB,1,thick_cloud,0,,,0,absent_true_and_predicted_class
ROI_02780__20200404T075609_20200404T082657_T35HLB,2,thin_cloud,0,,,0,absent_true_and_predicted_class
ROI_02780__20200404T075609_20200404T082657_T35HLB,3,cloud_shadow,0,,,0,absent_true_and_predicted_class
ROI_02874__20180411T100029_20180411T100024_T33TWL,0,clear,46248,0.9217155612244898,1.0,50176,
ROI_02874__20180411T100029_20180411T100024_T33TWL,1,thick_cloud,702,0.0,0.0,702,
ROI_02874__20180411T100029_20180411T100024_T33TWL,2,thin_cloud,3226,0.0,0.0,3226,
ROI_02874__20180411T100029_20180411T100024_T33TWL,3,cloud_shadow,0,,,0,absent_true_and_predicted_class
ROI_02874__20190406T100029_20190406T100222_T33TWL,0,clear,3803,0.5608070240986363,0.789376807783329,5353,
ROI_02874__20190406T100029_20190406T100222_T33TWL,1,thick_cloud,34646,0.8635650951557093,0.9220400623448595,36992,
ROI_02874__20190406T100029_20190406T100222_T33TWL,2,thin_cloud,0,,,0,absent_true_and_predicted_class
ROI_02874__20190406T100029_20190406T100222_T33TWL,3,cloud_shadow,11727,0.6092114445219818,0.7444359171143515,14330,
ROI_02874__20190605T100039_20190605T100530_T33TWL,0,clear,21268,0.7332357121323054,0.8004984013541471,23219,
ROI_02874__20190605T100039_20190605T100530_T33TWL,1,thick_cloud,11273,0.568368544600939,0.8591324403441852,17040,
ROI_02874__20190605T100039_20190605T100530_T33TWL,2,thin_cloud,11767,0.6494655079597016,0.7176850514149741,13003,
ROI_02874__20190605T100039_20190605T100530_T33TWL,3,cloud_shadow,5868,0.5953749498730116,0.7590320381731425,7481,
ROI_02874__20190705T100039_20190705T100759_T33TWL,0,clear,43237,0.9011642197939711,0.9327196614011148,44751,
ROI_02874__20190705T100039_20190705T100759_T33TWL,1,thick_cloud,3877,0.5157638042152936,0.7637348465308228,5741,
ROI_02874__20190705T100039_20190705T100759_T33TWL,2,thin_cloud,0,,,0,absent_true_and_predicted_class
ROI_02874__20190705T100039_20190705T100759_T33TWL,3,cloud_shadow,3062,0.486315313277539,0.7021554539516656,4421,
ROI_02874__20190913T100029_20190913T100548_T33TWL,0,clear,50176,1.0,1.0,50176,
ROI_02874__20190913T100029_20190913T100548_T33TWL,1,thick_cloud,0,,,0,absent_true_and_predicted_class
ROI_02874__20190913T100029_20190913T100548_T33TWL,2,thin_cloud,0,,,0,absent_true_and_predicted_class
ROI_02874__20190913T100029_20190913T100548_T33TWL,3,cloud_shadow,0,,,0,absent_true_and_predicted_class
ROI_03168__20190401T063631_20190401T063626_T43WEN,0,clear,448,0.06080347448425624,1.0,7368,
ROI_03168__20190401T063631_20190401T063626_T43WEN,1,thick_cloud,33493,0.7411564444917282,0.8319947451706327,37598,
ROI_03168__20190401T063631_20190401T063626_T43WEN,2,thin_cloud,3853,0.0,0.0,3853,
ROI_03168__20190401T063631_20190401T063626_T43WEN,3,cloud_shadow,12382,0.48963880156540707,0.616378614117267,15587,
ROI_03168__20190421T063631_20190421T063629_T43WEN,0,clear,6064,0.45370458663106705,0.7846306068601583,10487,
ROI_03168__20190421T063631_20190421T063629_T43WEN,1,thick_cloud,10432,0.3442194155892684,0.4415260736196319,13381,
ROI_03168__20190421T063631_20190421T063629_T43WEN,2,thin_cloud,11619,0.27545387453874537,0.8030811601686892,33875,
ROI_03168__20190421T063631_20190421T063629_T43WEN,3,cloud_shadow,22061,0.0807122198120029,0.08095734554190653,22128,
ROI_03168__20190623T064631_20190623T064838_T43WEN,0,clear,50176,1.0,1.0,50176,
ROI_03168__20190623T064631_20190623T064838_T43WEN,1,thick_cloud,0,,,0,absent_true_and_predicted_class
ROI_03168__20190623T064631_20190623T064838_T43WEN,2,thin_cloud,0,,,0,absent_true_and_predicted_class
ROI_03168__20190623T064631_20190623T064838_T43WEN,3,cloud_shadow,0,,,0,absent_true_and_predicted_class
ROI_03168__20190717T062631_20190717T062633_T43WEN,0,clear,49942,0.9953364158163265,1.0,50176,
ROI_03168__20190717T062631_20190717T062633_T43WEN,1,thick_cloud,98,0.0,0.0,98,
ROI_03168__20190717T062631_20190717T062633_T43WEN,2,thin_cloud,0,,,0,absent_true_and_predicted_class
ROI_03168__20190717T062631_20190717T062633_T43WEN,3,cloud_shadow,136,0.0,0.0,136,
ROI_03168__20200712T064629_20200712T064625_T43WEN,0,clear,17590,0.8110455764075067,0.8599204093234792,18650,
ROI_03168__20200712T064629_20200712T064625_T43WEN,1,thick_cloud,15997,0.6928406466512702,0.8064012002250422,18619,
ROI_03168__20200712T064629_20200712T064625_T43WEN,2,thin_cloud,13832,0.5514581950048522,0.7805812608444187,19579,
ROI_03168__20200712T064629_20200712T064625_T43WEN,3,cloud_shadow,2757,0.48792116973935157,0.5567645992020311,3146,
ROI_03188__20190319T080641_20190319T081002_T38UPD,0,clear,50176,1.0,1.0,50176,
ROI_03188__20190319T080641_20190319T081002_T38UPD,1,thick_cloud,0,,,0,absent_true_and_predicted_class
ROI_03188__20190319T080641_20190319T081002_T38UPD,2,thin_cloud,0,,,0,absent_true_and_predicted_class
ROI_03188__20190319T080641_20190319T081002_T38UPD,3,cloud_shadow,0,,,0,absent_true_and_predicted_class
ROI_03188__20190629T075619_20190629T080033_T38UPD,0,clear,25231,0.82619988293825,0.8951290079663905,27336,
ROI_03188__20190629T075619_20190629T080033_T38UPD,1,thick_cloud,14227,0.7864143920595533,0.8910522246432839,16120,
ROI_03188__20190629T075619_20190629T080033_T38UPD,2,thin_cloud,2278,0.6491299069202752,0.704126426690079,2471,
ROI_03188__20190629T075619_20190629T080033_T38UPD,3,cloud_shadow,8440,0.648577598347573,0.8184834123222748,10651,
ROI_03188__20190704T075611_20190704T075614_T38UPD,0,clear,41720,0.9414124084206622,0.9732742090124641,43132,
ROI_03188__20190704T075611_20190704T075614_T38UPD,1,thick_cloud,5016,0.7900590893291624,0.9062998405103668,5754,
ROI_03188__20190704T075611_20190704T075614_T38UPD,2,thin_cloud,0,,,0,absent_true_and_predicted_class
ROI_03188__20190704T075611_20190704T075614_T38UPD,3,cloud_shadow,3440,0.6343167701863354,0.7125,3864,
ROI_03188__20191015T080911_20191015T081349_T38UPD,0,clear,3627,0.3424636803874092,0.6239316239316239,6608,
ROI_03188__20191015T080911_20191015T081349_T38UPD,1,thick_cloud,21820,0.6833490056768711,0.8992208982584785,28713,
ROI_03188__20191015T080911_20191015T081349_T38UPD,2,thin_cloud,0,,,0,absent_true_and_predicted_class
ROI_03188__20191015T080911_20191015T081349_T38UPD,3,cloud_shadow,24729,0.624632878981851,0.6708318168951434,26558,
ROI_03188__20200212T081041_20200212T081223_T38UPD,0,clear,6810,0.11932984164905511,0.5720998531571219,32649,
ROI_03188__20200212T081041_20200212T081223_T38UPD,1,thick_cloud,4869,0.22530955188679244,0.6278496611213802,13568,
ROI_03188__20200212T081041_20200212T081223_T38UPD,2,thin_cloud,35998,0.053492570476322734,0.05350297238735485,36005,
ROI_03188__20200212T081041_20200212T081223_T38UPD,3,cloud_shadow,2499,0.24508748317631224,0.7286914765906363,7430,
ROI_03257__20190310T073731_20190310T073726_T39VXE,0,clear,10168,0.4918274911382434,0.9824940991345398,20312,
ROI_03257__20190310T073731_20190310T073726_T39VXE,1,thick_cloud,32585,0.7121958243340533,0.758968850698174,34725,
ROI_03257__20190310T073731_20190310T073726_T39VXE,2,thin_cloud,0,,,0,absent_true_and_predicted_class
ROI_03257__20190310T073731_20190310T073726_T39VXE,3,cloud_shadow,7423,0.40877659574468084,0.41411828101845616,7520,
ROI_03257__20190414T073619_20190414T073736_T39VXE,0,clear,50176,1.0,1.0,50176,
ROI_03257__20190414T073619_20190414T073736_T39VXE,1,thick_cloud,0,,,0,absent_true_and_predicted_class
ROI_03257__20190414T073619_20190414T073736_T39VXE,2,thin_cloud,0,,,0,absent_true_and_predicted_class
ROI_03257__20190414T073619_20190414T073736_T39VXE,3,cloud_shadow,0,,,0,absent_true_and_predicted_class
ROI_03257__20190626T074619_20190626T075216_T39VXE,0,clear,447,0.016877477817632623,1.0,26485,
ROI_03257__20190626T074619_20190626T075216_T39VXE,1,thick_cloud,48295,0.3846822064572173,0.3851123304689926,48349,
ROI_03257__20190626T074619_20190626T075216_T39VXE,2,thin_cloud,0,0.0,,360,no_true_class_for_recall
ROI_03257__20190626T074619_20190626T075216_T39VXE,3,cloud_shadow,1434,0.2781263069845253,0.9274755927475593,4782,
ROI_03257__20190906T073611_20190906T073611_T39VXE,0,clear,21227,0.5848336956075955,0.6717859330098459,24383,
ROI_03257__20190906T073611_20190906T073611_T39VXE,1,thick_cloud,14879,0.728720290364126,0.8366153639357484,17082,
ROI_03257__20190906T073611_20190906T073611_T39VXE,2,thin_cloud,0,,,0,absent_true_and_predicted_class
ROI_03257__20190906T073611_20190906T073611_T39VXE,3,cloud_shadow,14070,0.6158983629607312,0.8717128642501777,19914,
ROI_03257__20200607T073619_20200607T073708_T39VXE,0,clear,31661,0.8152501598708852,0.8455828937809924,32839,
ROI_03257__20200607T073619_20200607T073708_T39VXE,1,thick_cloud,10221,0.7385428907168038,0.8608746697974757,11914,
ROI_03257__20200607T073619_20200607T073708_T39VXE,2,thin_cloud,53,0.0,0.0,53,
ROI_03257__20200607T073619_20200607T073708_T39VXE,3,cloud_shadow,8241,0.6171470207253886,0.925009100837277,12352,
ROI_03381__20190507T174919_20190507T174933_T14VNJ,0,clear,50176,1.0,1.0,50176,
ROI_03381__20190507T174919_20190507T174933_T14VNJ,1,thick_cloud,0,,,0,absent_true_and_predicted_class
ROI_03381__20190507T174919_20190507T174933_T14VNJ,2,thin_cloud,0,,,0,absent_true_and_predicted_class
ROI_03381__20190507T174919_20190507T174933_T14VNJ,3,cloud_shadow,0,,,0,absent_true_and_predicted_class
ROI_03381__20190718T173911_20190718T174740_T14VNJ,0,clear,5789,0.30771354425487274,0.9626878562791501,18111,
ROI_03381__20190718T173911_20190718T174740_T14VNJ,1,thick_cloud,24680,0.7077002818361463,0.8851701782820097,30869,
ROI_03381__20190718T173911_20190718T174740_T14VNJ,2,thin_cloud,17041,0.12110071903551928,0.13144768499501203,18497,
ROI_03381__20190718T173911_20190718T174740_T14VNJ,3,cloud_shadow,2666,0.07378964941569283,0.08289572393098274,2995,
ROI_03381__20190916T173951_20190916T173948_T14VNJ,0,clear,20433,0.27603654251581167,0.28835706944648365,21345,
ROI_03381__20190916T173951_20190916T173948_T14VNJ,1,thick_cloud,17398,0.4370773711536026,0.991953098057248,39485,
ROI_03381__20190916T173951_20190916T173948_T14VNJ,2,thin_cloud,12165,0.029636711281070746,0.033127825729551995,13598,
ROI_03381__20190916T173951_20190916T173948_T14VNJ,3,cloud_shadow,180,0.04957945993802568,0.6222222222222222,2259,
ROI_03381__20200322T174919_20200322T175638_T14VNJ,0,clear,6176,0.428620218579235,0.6096178756476683,8784,
ROI_03381__20200322T174919_20200322T175638_T14VNJ,1,thick_cloud,29108,0.7996398705975707,0.9001305483028721,32766,
ROI_03381__20200322T174919_20200322T175638_T14VNJ,2,thin_cloud,0,,,0,absent_true_and_predicted_class
ROI_03381__20200322T174919_20200322T175638_T14VNJ,3,cloud_shadow,14892,0.5960591133004927,0.72313994090787,18067,
ROI_03381__20200615T174911_20200615T174914_T14VNJ,0,clear,39328,0.8650224434035909,0.9016222538649309,40992,
ROI_03381__20200615T174911_20200615T174914_T14VNJ,1,thick_cloud,4194,0.7154516787237989,0.9196471149260849,5391,
ROI_03381__20200615T174911_20200615T174914_T14VNJ,2,thin_cloud,758,0.12133891213389121,0.5356200527704486,3346,
ROI_03381__20200615T174911_20200615T174914_T14VNJ,3,cloud_shadow,5896,0.7226611883691529,0.7756105834464043,6328,
ROI_03449__20190223T130249_20190223T130246_T23KRV,0,clear,39378,0.8825877656451803,0.954466961247397,42585,
ROI_03449__20190223T130249_20190223T130246_T23KRV,1,thick_cloud,5512,0.4925948781240358,0.5792815674891146,6482,
ROI_03449__20190223T130249_20190223T130246_T23KRV,2,thin_cloud,84,0.0,0.0,84,
ROI_03449__20190223T130249_20190223T130246_T23KRV,3,cloud_shadow,5202,0.6035384615384616,0.7541330257593233,6500,
ROI_03449__20190315T130249_20190315T130244_T24KTE,0,clear,50176,1.0,1.0,50176,
ROI_03449__20190315T130249_20190315T130244_T24KTE,1,thick_cloud,0,,,0,absent_true_and_predicted_class
ROI_03449__20190315T130249_20190315T130244_T24KTE,2,thin_cloud,0,,,0,absent_true_and_predicted_class
ROI_03449__20190315T130249_20190315T130244_T24KTE,3,cloud_shadow,0,,,0,absent_true_and_predicted_class
ROI_03449__20190802T130259_20190802T130428_T24KTE,0,clear,21748,0.6932127336324772,0.9021519220158175,28303,
ROI_03449__20190802T130259_20190802T130428_T24KTE,1,thick_cloud,17237,0.6442630820931349,0.7007019783024888,18747,
ROI_03449__20190802T130259_20190802T130428_T24KTE,2,thin_cloud,0,,,0,absent_true_and_predicted_class
ROI_03449__20190802T130259_20190802T130428_T24KTE,3,cloud_shadow,11191,0.5006946373992776,0.6440890000893575,14396,
ROI_03449__20191215T130241_20191215T130242_T23KRV,0,clear,30249,0.8892892644135189,0.9464114516182354,32192,
ROI_03449__20191215T130241_20191215T130242_T23KRV,1,thick_cloud,11136,0.6355807086614174,0.6958512931034483,12192,
ROI_03449__20191215T130241_20191215T130242_T23KRV,2,thin_cloud,5259,0.43976683937823835,0.7746719908727895,9264,
ROI_03449__20191215T130241_20191215T130242_T23KRV,3,cloud_shadow,3532,0.6029223276083056,0.665911664779162,3901,
ROI_03449__20200129T130239_20200129T130239_T24KTE,0,clear,1041,0.39107005388760585,0.48799231508165225,1299,
ROI_03449__20200129T130239_20200129T130239_T24KTE,1,thick_cloud,37992,0.6207645525629887,0.677037271004422,41436,
ROI_03449__20200129T130239_20200129T130239_T24KTE,2,thin_cloud,4819,0.1552608600742196,0.5903714463581656,18324,
ROI_03449__20200129T130239_20200129T130239_T24KTE,3,cloud_shadow,6324,0.2572905131044666,0.33064516129032256,8127,
ROI_03466__20181224T120639_20181224T120639_T24FXF,0,clear,33574,0.6803243086723614,0.6997974623220349,34535,
ROI_03466__20181224T120639_20181224T120639_T24FXF,1,thick_cloud,13825,0.7395459976105138,0.8059312839059675,15066,
ROI_03466__20181224T120639_20181224T120639_T24FXF,2,thin_cloud,0,,,0,absent_true_and_predicted_class
ROI_03466__20181224T120639_20181224T120639_T24FXF,3,cloud_shadow,2777,0.13001402524544178,0.6676269355419517,14260,
ROI_03466__20190329T120641_20190329T120643_T24FXF,0,clear,39115,0.8530260686305952,0.9520132941326857,43654,
ROI_03466__20190329T120641_20190329T120643_T24FXF,1,thick_cloud,11061,0.5347800973677697,0.5859325558267787,12119,
ROI_03466__20190329T120641_20190329T120643_T24FXF,2,thin_cloud,0,,,0,absent_true_and_predicted_class
ROI_03466__20190329T120641_20190329T120643_T24FXF,3,cloud_shadow,0,0.0,,860,no_true_class_for_recall
ROI_03466__20191020T120649_20191020T120655_T24FXF,0,clear,50176,0.9986248405612245,0.9986248405612245,50176,
ROI_03466__20191020T120649_20191020T120655_T24FXF,1,thick_cloud,0,0.0,,69,no_true_class_for_recall
ROI_03466__20191020T120649_20191020T120655_T24FXF,2,thin_cloud,0,,,0,absent_true_and_predicted_class
ROI_03466__20191020T120649_20191020T120655_T24FXF,3,cloud_shadow,0,,,0,absent_true_and_predicted_class
ROI_03466__20200308T120639_20200308T120641_T24FXF,0,clear,20214,0.3597801898360507,0.39190659938656375,22019,
ROI_03466__20200308T120639_20200308T120641_T24FXF,1,thick_cloud,22520,0.7933413691342117,0.8475577264653641,24059,
ROI_03466__20200308T120639_20200308T120641_T24FXF,2,thin_cloud,0,,,0,absent_true_and_predicted_class
ROI_03466__20200308T120639_20200308T120641_T24FXF,3,cloud_shadow,7442,0.3106282747680623,0.8683149690943295,20803,
ROI_03466__20200405T121641_20200405T121637_T24FXF,0,clear,447,0.09306683322923173,1.0,4803,
ROI_03466__20200405T121641_20200405T121637_T24FXF,1,thick_cloud,41511,0.8196992232688812,0.8364048083640481,42357,
ROI_03466__20200405T121641_20200405T121637_T24FXF,2,thin_cloud,5595,0.0,0.0,5595,
ROI_03466__20200405T121641_20200405T121637_T24FXF,3,cloud_shadow,2623,0.2353408865036772,0.9027830728173847,10062,
ROI_03652__20180708T101031_20180708T101803_T32SME,0,clear,43138,0.859733737244898,1.0,50176,
ROI_03652__20180708T101031_20180708T101803_T32SME,1,thick_cloud,0,,,0,absent_true_and_predicted_class
ROI_03652__20180708T101031_20180708T101803_T32SME,2,thin_cloud,7038,0.0,0.0,7038,
ROI_03652__20180708T101031_20180708T101803_T32SME,3,cloud_shadow,0,,,0,absent_true_and_predicted_class
ROI_03652__20181006T101021_20181006T101651_T32SME,0,clear,50176,1.0,1.0,50176,
ROI_03652__20181006T101021_20181006T101651_T32SME,1,thick_cloud,0,,,0,absent_true_and_predicted_class
ROI_03652__20181006T101021_20181006T101651_T32SME,2,thin_cloud,0,,,0,absent_true_and_predicted_class
ROI_03652__20181006T101021_20181006T101651_T32SME,3,cloud_shadow,0,,,0,absent_true_and_predicted_class
ROI_03652__20190213T101131_20190213T101610_T32SME,0,clear,15761,0.7205139714959039,0.814732567730474,17822,
ROI_03652__20190213T101131_20190213T101610_T32SME,1,thick_cloud,23236,0.7994601006176122,0.8411946978825959,24449,
ROI_03652__20190213T101131_20190213T101610_T32SME,2,thin_cloud,0,,,0,absent_true_and_predicted_class
ROI_03652__20190213T101131_20190213T101610_T32SME,3,cloud_shadow,11179,0.6443107641110969,0.9006172287324448,15626,
ROI_03652__20190911T101021_20190911T101023_T32SME,0,clear,16875,0.6584197530864198,0.7901037037037038,20250,
ROI_03652__20190911T101021_20190911T101023_T32SME,1,thick_cloud,22563,0.7351644245142003,0.8719141958072951,26760,
ROI_03652__20190911T101021_20190911T101023_T32SME,2,thin_cloud,5840,0.2760744234800839,0.3607876712328767,7632,
ROI_03652__20190911T101021_20190911T101023_T32SME,3,cloud_shadow,4898,0.3976523344763915,0.615557370355247,7582,
ROI_03652__20200309T101021_20200309T101020_T32SME,0,clear,10003,0.05339340490797546,0.055683295011496554,10432,
ROI_03652__20200309T101021_20200309T101020_T32SME,1,thick_cloud,13860,0.5162494421227736,0.918037518037518,24647,
ROI_03652__20200309T101021_20200309T101020_T32SME,2,thin_cloud,6537,0.08192794642420688,0.2563867217378002,20457,
ROI_03652__20200309T101021_20200309T101020_T32SME,3,cloud_shadow,19776,0.45724743777452415,0.47375606796116504,20490,
ROI_03815__20190326T075611_20190326T081034_T35LQK,0,clear,13702,0.6923984891406988,0.8562253685593344,16944,
ROI_03815__20190326T075611_20190326T081034_T35LQK,1,thick_cloud,24779,0.7861450159837257,0.8733605068808266,27528,
ROI_03815__20190326T075611_20190326T081034_T35LQK,2,thin_cloud,0,,,0,absent_true_and_predicted_class
ROI_03815__20190326T075611_20190326T081034_T35LQK,3,cloud_shadow,11695,0.6179282582129251,0.7350149636596837,13911,
ROI_03815__20190413T080609_20190413T083217_T35LQK,0,clear,9823,0.6578311374444531,0.8590043774814211,12827,
ROI_03815__20190413T080609_20190413T083217_T35LQK,1,thick_cloud,31566,0.8530964527227429,0.9112019261230437,33716,
ROI_03815__20190413T080609_20190413T083217_T35LQK,2,thin_cloud,0,0.0,,107,no_true_class_for_recall
ROI_03815__20190413T080609_20190413T083217_T35LQK,3,cloud_shadow,8787,0.5642240970708124,0.6773642881529532,10549,
ROI_03815__20200222T080931_20200222T082541_T35LQK,0,clear,42916,0.9284197348713478,0.96772765402181,44733,
ROI_03815__20200222T080931_20200222T082541_T35LQK,1,thick_cloud,3616,0.5766250538097288,0.7408738938053098,4646,
ROI_03815__20200222T080931_20200222T082541_T35LQK,2,thin_cloud,0,,,0,absent_true_and_predicted_class
ROI_03815__20200222T080931_20200222T082541_T35LQK,3,cloud_shadow,3644,0.56333795654184,0.6687705817782656,4326,
ROI_03815__20200419T075611_20200419T082215_T35LQK,0,clear,30774,0.8163780773561364,0.8717423799311107,32861,
ROI_03815__20200419T075611_20200419T082215_T35LQK,1,thick_cloud,12978,0.6833608512199596,0.8610725843735553,16353,
ROI_03815__20200419T075611_20200419T082215_T35LQK,2,thin_cloud,0,0.0,,142,no_true_class_for_recall
ROI_03815__20200419T075611_20200419T082215_T35LQK,3,cloud_shadow,6424,0.5480104836788182,0.7160647571606475,8394,
ROI_03815__20200422T080611_20200422T082942_T35LQK,0,clear,50176,1.0,1.0,50176,
ROI_03815__20200422T080611_20200422T082942_T35LQK,1,thick_cloud,0,,,0,absent_true_and_predicted_class
ROI_03815__20200422T080611_20200422T082942_T35LQK,2,thin_cloud,0,,,0,absent_true_and_predicted_class
ROI_03815__20200422T080611_20200422T082942_T35LQK,3,cloud_shadow,0,,,0,absent_true_and_predicted_class
ROI_03824__20191103T084121_20191103T085335_T34KCG,0,clear,39386,0.9075391180654339,0.9719189559742041,42180,
ROI_03824__20191103T084121_20191103T085335_T34KCG,1,thick_cloud,4443,0.6902020011327167,0.8228674319153725,5297,
ROI_03824__20191103T084121_20191103T085335_T34KCG,2,thin_cloud,2413,0.0,0.0,2413,
ROI_03824__20191103T084121_20191103T085335_T34KCG,3,cloud_shadow,3934,0.6616643929058663,0.8629893238434164,5131,
ROI_03824__20191123T084301_20191123T085344_T34KCG,0,clear,50176,1.0,1.0,50176,
ROI_03824__20191123T084301_20191123T085344_T34KCG,1,thick_cloud,0,,,0,absent_true_and_predicted_class
ROI_03824__20191123T084301_20191123T085344_T34KCG,2,thin_cloud,0,,,0,absent_true_and_predicted_class
ROI_03824__20191123T084301_20191123T085344_T34KCG,3,cloud_shadow,0,,,0,absent_true_and_predicted_class
ROI_03824__20200122T084241_20200122T085337_T34KCG,0,clear,9565,0.36209887250650474,0.523784631468897,13836,
ROI_03824__20200122T084241_20200122T085337_T34KCG,1,thick_cloud,13678,0.5808750178138806,0.8939903494662963,21051,
ROI_03824__20200122T084241_20200122T085337_T34KCG,2,thin_cloud,18854,0.43085233140042895,0.5753686220430678,25178,
ROI_03824__20200122T084241_20200122T085337_T34KCG,3,cloud_shadow,8079,0.43254667136315605,0.4559970293353138,8517,
ROI_03824__20200302T083841_20200302T090207_T34KCG,0,clear,46411,0.9419978746014878,0.9549675723427635,47050,
ROI_03824__20200302T083841_20200302T090207_T34KCG,1,thick_cloud,2613,0.4915841584158416,0.7600459242250287,4040,
ROI_03824__20200302T083841_20200302T090207_T34KCG,2,thin_cloud,0,,,0,absent_true_and_predicted_class
ROI_03824__20200302T083841_20200302T090207_T34KCG,3,cloud_shadow,1152,0.48417880462079355,0.8368055555555556,1991,
ROI_03824__20200322T083621_20200322T090310_T34KCG,0,clear,6545,0.5270601033451183,0.8883116883116883,11031,
ROI_03824__20200322T083621_20200322T090310_T34KCG,1,thick_cloud,27136,0.7741131769908748,0.9159787735849056,32109,
ROI_03824__20200322T083621_20200322T090310_T34KCG,2,thin_cloud,7710,0.07595240956615791,0.08197146562905318,8321,
ROI_03824__20200322T083621_20200322T090310_T34KCG,3,cloud_shadow,8785,0.5301435406698565,0.6936824132043256,11495,
ROI_03838__20190321T075619_20190321T081839_T35HLE,0,clear,41590,0.9232913011695907,0.9718201490742967,43776,
ROI_03838__20190321T075619_20190321T081839_T35HLE,1,thick_cloud,4289,0.5748971999216761,0.684541851247377,5107,
ROI_03838__20190321T075619_20190321T081839_T35HLE,2,thin_cloud,0,,,0,absent_true_and_predicted_class
ROI_03838__20190321T075619_20190321T081839_T35HLE,3,cloud_shadow,4297,0.6629098360655737,0.7528508261577845,4880,
ROI_03838__20190410T075619_20190410T082613_T35HLE,0,clear,47158,0.9398517219387755,1.0,50176,
ROI_03838__20190410T075619_20190410T082613_T35HLE,1,thick_cloud,0,,,0,absent_true_and_predicted_class
ROI_03838__20190410T075619_20190410T082613_T35HLE,2,thin_cloud,3018,0.0,0.0,3018,
ROI_03838__20190410T075619_20190410T082613_T35HLE,3,cloud_shadow,0,,,0,absent_true_and_predicted_class
ROI_03838__20190505T075611_20190505T082331_T35HLE,0,clear,7800,0.5241130587939277,0.8011538461538461,11923,
ROI_03838__20190505T075611_20190505T082331_T35HLE,1,thick_cloud,2312,0.0,0.0,2312,
ROI_03838__20190505T075611_20190505T082331_T35HLE,2,thin_cloud,40064,0.8181983745760011,0.8970896565495208,43927,
ROI_03838__20190505T075611_20190505T082331_T35HLE,3,cloud_shadow,0,,,0,absent_true_and_predicted_class
ROI_03838__20200229T075841_20200229T082630_T35HLE,0,clear,31488,0.8192219044180945,0.9368965955284553,36011,
ROI_03838__20200229T075841_20200229T082630_T35HLE,1,thick_cloud,10555,0.6321877902558474,0.709332070108953,11843,
ROI_03838__20200229T075841_20200229T082630_T35HLE,2,thin_cloud,0,,,0,absent_true_and_predicted_class
ROI_03838__20200229T075841_20200229T082630_T35HLE,3,cloud_shadow,8133,0.5938752440653582,0.7105619082749293,9731,
ROI_03838__20200713T075609_20200713T082205_T35HLE,0,clear,50176,1.0,1.0,50176,
ROI_03838__20200713T075609_20200713T082205_T35HLE,1,thick_cloud,0,,,0,absent_true_and_predicted_class
ROI_03838__20200713T075609_20200713T082205_T35HLE,2,thin_cloud,0,,,0,absent_true_and_predicted_class
ROI_03838__20200713T075609_20200713T082205_T35HLE,3,cloud_shadow,0,,,0,absent_true_and_predicted_class
ROI_03927__20191006T082819_20191006T084959_T34KCD,0,clear,50176,0.3218470982142857,0.3218470982142857,50176,
ROI_03927__20191006T082819_20191006T084959_T34KCD,1,thick_cloud,0,0.0,,326,no_true_class_for_recall
ROI_03927__20191006T082819_20191006T084959_T34KCD,2,thin_cloud,0,0.0,,33675,no_true_class_for_recall
ROI_03927__20191006T082819_20191006T084959_T34KCD,3,cloud_shadow,0,0.0,,26,no_true_class_for_recall
ROI_03927__20191031T083101_20191031T083825_T34KCD,0,clear,18807,0.24081459031211783,0.24081459031211783,18807,
ROI_03927__20191031T083101_20191031T083825_T34KCD,1,thick_cloud,24198,0.7177986844118097,0.7756426150921564,26148,
ROI_03927__20191031T083101_20191031T083825_T34KCD,2,thin_cloud,3309,0.16185179463412122,0.9498337866424902,19419,
ROI_03927__20191031T083101_20191031T083825_T34KCD,3,cloud_shadow,3862,0.10946952070730573,0.2436561367167271,8596,
ROI_03927__20191230T083341_20191230T084321_T34KCD,0,clear,5943,0.3490547651529916,0.9040888440181727,15393,
ROI_03927__20191230T083341_20191230T084321_T34KCD,1,thick_cloud,24754,0.8012621560107593,0.9386361800113113,28998,
ROI_03927__20191230T083341_20191230T084321_T34KCD,2,thin_cloud,8452,0.0,0.0,8452,
ROI_03927__20191230T083341_20191230T084321_T34KCD,3,cloud_shadow,11027,0.5192508640784503,0.5858347692028657,12441,
ROI_03927__20200314T082719_20200314T085231_T34KCD,0,clear,36203,0.5734869524568977,0.5760848548462835,36367,
ROI_03927__20200314T082719_20200314T085231_T34KCD,1,thick_cloud,0,0.0,,3790,no_true_class_for_recall
ROI_03927__20200314T082719_20200314T085231_T34KCD,2,thin_cloud,6449,0.17897910833512815,0.38657156148240035,13929,
ROI_03927__20200314T082719_20200314T085231_T34KCD,3,cloud_shadow,7524,0.46453220858895705,0.9661084529505582,15648,
ROI_03927__20200428T082601_20200428T085242_T34KCD,0,clear,46515,0.9341804683038264,0.9846501128668171,49028,
ROI_03927__20200428T082601_20200428T085242_T34KCD,1,thick_cloud,2131,0.30685413005272405,0.4096668230877522,2845,
ROI_03927__20200428T082601_20200428T085242_T34KCD,2,thin_cloud,0,0.0,,20,no_true_class_for_recall
ROI_03927__20200428T082601_20200428T085242_T34KCD,3,cloud_shadow,1530,0.15235635894125243,0.1542483660130719,1549,
ROI_04348__20190316T052649_20190316T053602_T44SMF,0,clear,50176,1.0,1.0,50176,
ROI_04348__20190316T052649_20190316T053602_T44SMF,1,thick_cloud,0,,,0,absent_true_and_predicted_class
ROI_04348__20190316T052649_20190316T053602_T44SMF,2,thin_cloud,0,,,0,absent_true_and_predicted_class
ROI_04348__20190316T052649_20190316T053602_T44SMF,3,cloud_shadow,0,,,0,absent_true_and_predicted_class
ROI_04348__20190502T051659_20190502T052248_T44SMF,0,clear,45519,0.9454465186680121,0.9880050088973835,47568,
ROI_04348__20190502T051659_20190502T052248_T44SMF,1,thick_cloud,1497,0.31673195299384443,0.37808951235804944,1787,
ROI_04348__20190502T051659_20190502T052248_T44SMF,2,thin_cloud,622,0.0,0.0,622,
ROI_04348__20190502T051659_20190502T052248_T44SMF,3,cloud_shadow,2538,0.6664369400413508,0.7620173364854216,2902,
ROI_04348__20190706T051701_20190706T051655_T44SMF,0,clear,41905,0.936630673499268,0.9770194487531321,43712,
ROI_04348__20190706T051701_20190706T051655_T44SMF,1,thick_cloud,3489,0.6734388366124893,0.9025508741759817,4676,
ROI_04348__20190706T051701_20190706T051655_T44SMF,2,thin_cloud,1829,0.0,0.0,1829,
ROI_04348__20190706T051701_20190706T051655_T44SMF,3,cloud_shadow,2953,0.6031830238726791,0.7700643413477819,3770,
ROI_04348__20200117T052139_20200117T052324_T44SMF,0,clear,2161,0.20664419836302358,0.993058769088385,10385,
ROI_04348__20200117T052139_20200117T052324_T44SMF,1,thick_cloud,22091,0.7717240314863405,0.9053460685346973,25916,
ROI_04348__20200117T052139_20200117T052324_T44SMF,2,thin_cloud,1929,0.05650764242704956,0.06324520476931052,2159,
ROI_04348__20200117T052139_20200117T052324_T44SMF,3,cloud_shadow,23995,0.5738173729991659,0.6020837674515525,25177,
ROI_04348__20200120T053129_20200120T053410_T44SMF,0,clear,17677,0.8171704957678355,0.9557617242744809,20675,
ROI_04348__20200120T053129_20200120T053410_T44SMF,1,thick_cloud,2470,0.27232341181697023,0.9927125506072875,9004,
ROI_04348__20200120T053129_20200120T053410_T44SMF,2,thin_cloud,30029,0.6650524878936592,0.6814412734356788,30769,
ROI_04348__20200120T053129_20200120T053410_T44SMF,3,cloud_shadow,0,0.0,,94,no_true_class_for_recall
ROI_04463__20190623T014701_20190623T014656_T55WFP,0,clear,1936,0.23313946293775523,0.9731404958677686,8081,
ROI_04463__20190623T014701_20190623T014656_T55WFP,1,thick_cloud,35650,0.8395061728395061,0.9479943899018233,40257,
ROI_04463__20190623T014701_20190623T014656_T55WFP,2,thin_cloud,7165,0.16765995726976274,0.20809490579204465,8893,
ROI_04463__20190623T014701_20190623T014656_T55WFP,3,cloud_shadow,5425,0.09074243813015583,0.0912442396313364,5455,
ROI_04463__20200406T015649_20200406T015649_T55WFP,0,clear,50176,1.0,1.0,50176,
ROI_04463__20200406T015649_20200406T015649_T55WFP,1,thick_cloud,0,,,0,absent_true_and_predicted_class
ROI_04463__20200406T015649_20200406T015649_T55WFP,2,thin_cloud,0,,,0,absent_true_and_predicted_class
ROI_04463__20200406T015649_20200406T015649_T55WFP,3,cloud_shadow,0,,,0,absent_true_and_predicted_class
ROI_04463__20200525T013701_20200525T013659_T55WFP,0,clear,14022,0.6735339001526052,0.8813293396091856,18348,
ROI_04463__20200525T013701_20200525T013659_T55WFP,1,thick_cloud,21467,0.7498099539417789,0.7811058834490148,22363,
ROI_04463__20200525T013701_20200525T013659_T55WFP,2,thin_cloud,0,,,0,absent_true_and_predicted_class
ROI_04463__20200525T013701_20200525T013659_T55WFP,3,cloud_shadow,14687,0.7376573088092934,0.8820044937700007,17561,
ROI_04463__20200602T014659_20200602T014653_T55WFP,0,clear,49249,0.9874211308925772,0.9977867570915145,49766,
ROI_04463__20200602T014659_20200602T014653_T55WFP,1,thick_cloud,478,0.5315161839863713,0.6527196652719666,587,
ROI_04463__20200602T014659_20200602T014653_T55WFP,2,thin_cloud,0,,,0,absent_true_and_predicted_class
ROI_04463__20200602T014659_20200602T014653_T55WFP,3,cloud_shadow,449,0.2182628062360802,0.2182628062360802,449,
ROI_04463__20200720T015701_20200720T015657_T55WFP,0,clear,17004,0.43735048231511253,0.9998823806163256,38875,
ROI_04463__20200720T015701_20200720T015657_T55WFP,1,thick_cloud,591,0.0727580372250423,0.0727580372250423,591,
ROI_04463__20200720T015701_20200720T015657_T55WFP,2,thin_cloud,32581,0.3232622015634904,0.328719192167214,33131,
ROI_04463__20200720T015701_20200720T015657_T55WFP,3,cloud_shadow,0,,,0,absent_true_and_predicted_class
ROI_04477__20190505T025551_20190505T025852_T52VCH,0,clear,16165,0.7185150595377072,0.9518713269409217,21415,
ROI_04477__20190505T025551_20190505T025852_T52VCH,1,thick_cloud,16795,0.8095318006376909,0.8616850253051503,17877,
ROI_04477__20190505T025551_20190505T025852_T52VCH,2,thin_cloud,1373,0.0,0.0,1373,
ROI_04477__20190505T025551_20190505T025852_T52VCH,3,cloud_shadow,15843,0.7381271487675544,0.7995329167455658,17161,
ROI_04477__20190614T025551_20190614T030137_T52VCH,0,clear,38188,0.8845054179380601,0.9640201110296428,41621,
ROI_04477__20190614T025551_20190614T030137_T52VCH,1,thick_cloud,6815,0.6031031031031031,0.7072633895818048,7992,
ROI_04477__20190614T025551_20190614T030137_T52VCH,2,thin_cloud,0,,,0,absent_true_and_predicted_class
ROI_04477__20190614T025551_20190614T030137_T52VCH,3,cloud_shadow,5173,0.48604537293944833,0.5756814227720858,6127,
ROI_04477__20191128T025041_20191128T025044_T52VCH,0,clear,37908,0.8640652329219324,0.9252664345256938,40593,
ROI_04477__20191128T025041_20191128T025044_T52VCH,1,thick_cloud,605,0.078368853834536,0.771900826446281,5959,
ROI_04477__20191128T025041_20191128T025044_T52VCH,2,thin_cloud,7273,0.0,0.0,7273,
ROI_04477__20191128T025041_20191128T025044_T52VCH,3,cloud_shadow,4390,0.5337894442893046,0.8708428246013667,7162,
ROI_04477__20200416T024551_20200416T024734_T52VCH,0,clear,50176,1.0,1.0,50176,
ROI_04477__20200416T024551_20200416T024734_T52VCH,1,thick_cloud,0,,,0,absent_true_and_predicted_class
ROI_04477__20200416T024551_20200416T024734_T52VCH,2,thin_cloud,0,,,0,absent_true_and_predicted_class
ROI_04477__20200416T024551_20200416T024734_T52VCH,3,cloud_shadow,0,,,0,absent_true_and_predicted_class
ROI_04477__20200615T024551_20200615T024740_T52VCH,0,clear,4795,0.6698564593301436,0.8467153284671532,6061,
ROI_04477__20200615T024551_20200615T024740_T52VCH,1,thick_cloud,33599,0.892765909665104,0.9465460281555999,35623,
ROI_04477__20200615T024551_20200615T024740_T52VCH,2,thin_cloud,0,,,0,absent_true_and_predicted_class
ROI_04477__20200615T024551_20200615T024740_T52VCH,3,cloud_shadow,11782,0.6960434329912242,0.794347309455101,13446,
ROI_04547__20190316T052649_20190316T053407_T45TUN,0,clear,43600,0.9457148451948391,0.9969266055045871,45961,
ROI_04547__20190316T052649_20190316T053407_T45TUN,1,thick_cloud,917,0.2705553831833695,0.95092693565976,3223,
ROI_04547__20190316T052649_20190316T053407_T45TUN,2,thin_cloud,4025,0.0,0.0,4025,
ROI_04547__20190316T052649_20190316T053407_T45TUN,3,cloud_shadow,1634,0.6441969519343493,0.6725826193390453,1706,
ROI_04547__20190430T052651_20190430T052819_T45TUN,0,clear,32792,0.900638875113043,0.9414796291778482,34279,
ROI_04547__20190430T052651_20190430T052819_T45TUN,1,thick_cloud,6069,0.612117962466488,0.9405173834239579,9325,
ROI_04547__20190430T052651_20190430T052819_T45TUN,2,thin_cloud,0,,,0,absent_true_and_predicted_class
ROI_04547__20190430T052651_20190430T052819_T45TUN,3,cloud_shadow,11315,0.7095024158684411,0.7397260273972602,11797,
ROI_04547__20190820T051659_20190820T052145_T45TUN,0,clear,34183,0.9327345421781732,0.9691074510721703,35516,
ROI_04547__20190820T051659_20190820T052145_T45TUN,1,thick_cloud,14525,0.8512337662337662,0.902512908777969,15400,
ROI_04547__20190820T051659_20190820T052145_T45TUN,2,thin_cloud,0,,,0,absent_true_and_predicted_class
ROI_04547__20190820T051659_20190820T052145_T45TUN,3,cloud_shadow,1468,0.6056196688409433,0.8222070844686649,1993,
ROI_04547__20200310T052649_20200310T053327_T45TUN,0,clear,50176,1.0,1.0,50176,
ROI_04547__20200310T052649_20200310T053327_T45TUN,1,thick_cloud,0,,,0,absent_true_and_predicted_class
ROI_04547__20200310T052649_20200310T053327_T45TUN,2,thin_cloud,0,,,0,absent_true_and_predicted_class
ROI_04547__20200310T052649_20200310T053327_T45TUN,3,cloud_shadow,0,,,0,absent_true_and_predicted_class
ROI_04547__20200618T052649_20200618T052648_T45TUN,0,clear,447,1.0,1.0,447,
ROI_04547__20200618T052649_20200618T052648_T45TUN,1,thick_cloud,46993,0.9743788170333807,0.9913604153810142,47812,
ROI_04547__20200618T052649_20200618T052648_T45TUN,2,thin_cloud,0,,,0,absent_true_and_predicted_class
ROI_04547__20200618T052649_20200618T052648_T45TUN,3,cloud_shadow,2736,0.6101209420751114,0.7006578947368421,3142,
ROI_04704__20190322T013651_20190322T013651_T56WNV,0,clear,50176,0.9973493303571429,0.9973493303571429,50176,
ROI_04704__20190322T013651_20190322T013651_T56WNV,1,thick_cloud,0,,,0,absent_true_and_predicted_class
ROI_04704__20190322T013651_20190322T013651_T56WNV,2,thin_cloud,0,,,0,absent_true_and_predicted_class
ROI_04704__20190322T013651_20190322T013651_T56WNV,3,cloud_shadow,0,0.0,,133,no_true_class_for_recall
ROI_04704__20190529T014659_20190529T014700_T56WNV,0,clear,7810,0.530743565300286,0.8554417413572343,12588,
ROI_04704__20190529T014659_20190529T014700_T56WNV,1,thick_cloud,23990,0.8405333964571744,0.8880783659858275,25347,
ROI_04704__20190529T014659_20190529T014700_T56WNV,2,thin_cloud,0,,,0,absent_true_and_predicted_class
ROI_04704__20190529T014659_20190529T014700_T56WNV,3,cloud_shadow,18376,0.6751483896078622,0.7551697866782761,20554,
ROI_04704__20190625T013659_20190625T013701_T56WNV,0,clear,39038,0.9364079342422602,0.9746913263999181,40634,
ROI_04704__20190625T013659_20190625T013701_T56WNV,1,thick_cloud,5111,0.7233567873691437,0.824691841126981,5827,
ROI_04704__20190625T013659_20190625T013701_T56WNV,2,thin_cloud,0,,,0,absent_true_and_predicted_class
ROI_04704__20190625T013659_20190625T013701_T56WNV,3,cloud_shadow,6027,0.7771323754203607,0.8435374149659864,6542,
ROI_04704__20200527T012659_20200527T012656_T56WNV,0,clear,1454,0.1993327773144287,0.657496561210454,4796,
ROI_04704__20200527T012659_20200527T012656_T56WNV,1,thick_cloud,26687,0.7734140029376793,0.8286806310188481,28594,
ROI_04704__20200527T012659_20200527T012656_T56WNV,2,thin_cloud,0,,,0,absent_true_and_predicted_class
ROI_04704__20200527T012659_20200527T012656_T56WNV,3,cloud_shadow,22035,0.700081341751559,0.8202405264352167,25817,
ROI_04704__20200619T013659_20200619T013655_T56WNV,0,clear,45674,0.9789359391965256,0.9869947891579455,46050,
ROI_04704__20200619T013659_20200619T013655_T56WNV,1,thick_cloud,4502,0.8130148270181219,0.8769435806308308,4856,
ROI_04704__20200619T013659_20200619T013655_T56WNV,2,thin_cloud,0,,,0,absent_true_and_predicted_class
ROI_04704__20200619T013659_20200619T013655_T56WNV,3,cloud_shadow,0,0.0,,418,no_true_class_for_recall
ROI_04797__20190225T090941_20190225T091520_T34RDT,0,clear,16086,0.6708300686730885,0.9048240706204153,21697,
ROI_04797__20190225T090941_20190225T091520_T34RDT,1,thick_cloud,16778,0.6544737410849363,0.7219573250685422,18508,
ROI_04797__20190225T090941_20190225T091520_T34RDT,2,thin_cloud,0,,,0,absent_true_and_predicted_class
ROI_04797__20190225T090941_20190225T091520_T34RDT,3,cloud_shadow,17312,0.6816012858506203,0.7838493530499075,19909,
ROI_04797__20191006T092031_20191006T092031_T34RDT,0,clear,14187,0.6310855077374902,0.7876224712765207,17706,
ROI_04797__20191006T092031_20191006T092031_T34RDT,1,thick_cloud,18920,0.7318540119378503,0.8489429175475687,21947,
ROI_04797__20191006T092031_20191006T092031_T34RDT,2,thin_cloud,0,,,0,absent_true_and_predicted_class
ROI_04797__20191006T092031_20191006T092031_T34RDT,3,cloud_shadow,17069,0.7541937513105473,0.8428730447009198,19076,
ROI_04797__20191220T092309_20191220T092838_T34RDT,0,clear,50176,0.982063137755102,0.982063137755102,50176,
ROI_04797__20191220T092309_20191220T092838_T34RDT,1,thick_cloud,0,0.0,,893,no_true_class_for_recall
ROI_04797__20191220T092309_20191220T092838_T34RDT,2,thin_cloud,0,0.0,,7,no_true_class_for_recall
ROI_04797__20191220T092309_20191220T092838_T34RDT,3,cloud_shadow,0,,,0,absent_true_and_predicted_class
ROI_04797__20200225T090849_20200225T091800_T34RDT,0,clear,38174,0.8466714840574474,0.9821868287315975,44284,
ROI_04797__20200225T090849_20200225T091800_T34RDT,1,thick_cloud,5706,0.4341098169717138,0.4572379950928847,6010,
ROI_04797__20200225T090849_20200225T091800_T34RDT,2,thin_cloud,0,,,0,absent_true_and_predicted_class
ROI_04797__20200225T090849_20200225T091800_T34RDT,3,cloud_shadow,6296,0.4663426130505229,0.502858958068615,6789,
ROI_04797__20200309T092029_20200309T092902_T34RDT,0,clear,47329,0.969577673805058,0.993914935874411,48517,
ROI_04797__20200309T092029_20200309T092902_T34RDT,1,thick_cloud,822,0.24197247706422018,0.25669099756691,872,
ROI_04797__20200309T092029_20200309T092902_T34RDT,2,thin_cloud,0,,,0,absent_true_and_predicted_class
ROI_04797__20200309T092029_20200309T092902_T34RDT,3,cloud_shadow,2025,0.6398585947856827,0.7150617283950618,2263,
ROI_05145__20190706T201851_20190706T202346_T08VNM,0,clear,23063,0.598433564231738,0.6592810995967567,25408,
ROI_05145__20190706T201851_20190706T202346_T08VNM,1,thick_cloud,19162,0.7150391061452513,0.8349337229934245,22375,
ROI_05145__20190706T201851_20190706T202346_T08VNM,2,thin_cloud,1222,0.0013964313421256788,0.007364975450081833,6445,
ROI_05145__20190706T201851_20190706T202346_T08VNM,3,cloud_shadow,6729,0.4592875318066158,0.6974290384901174,10218,
ROI_05145__20190924T202151_20190924T202154_T08VNM,0,clear,10159,0.22614722110079397,0.3308396495718082,14862,
ROI_05145__20190924T202151_20190924T202154_T08VNM,1,thick_cloud,27102,0.7467476407371022,0.9255405505128773,33591,
ROI_05145__20190924T202151_20190924T202154_T08VNM,2,thin_cloud,12915,0.0,0.0,12915,
ROI_05145__20190924T202151_20190924T202154_T08VNM,3,cloud_shadow,0,0.0,,10539,no_true_class_for_recall
ROI_05145__20200114T201759_20200114T201801_T08VNM,0,clear,50176,1.0,1.0,50176,
ROI_05145__20200114T201759_20200114T201801_T08VNM,1,thick_cloud,0,,,0,absent_true_and_predicted_class
ROI_05145__20200114T201759_20200114T201801_T08VNM,2,thin_cloud,0,,,0,absent_true_and_predicted_class
ROI_05145__20200114T201759_20200114T201801_T08VNM,3,cloud_shadow,0,,,0,absent_true_and_predicted_class
ROI_05145__20200521T201901_20200521T202253_T08VNM,0,clear,48972,0.9799612679645296,0.9816221514334722,49055,
ROI_05145__20200521T201901_20200521T202253_T08VNM,1,thick_cloud,1024,0.6352497643732328,0.658203125,1061,
ROI_05145__20200521T201901_20200521T202253_T08VNM,2,thin_cloud,0,0.0,,1277,no_true_class_for_recall
ROI_05145__20200521T201901_20200521T202253_T08VNM,3,cloud_shadow,180,0.17032967032967034,0.17222222222222222,182,
ROI_05145__20200630T201851_20200630T202618_T08VNM,0,clear,26488,0.8422057690374887,0.9490712775596497,29849,
ROI_05145__20200630T201851_20200630T202618_T08VNM,1,thick_cloud,12985,0.8225731227929909,0.9507893723527147,15009,
ROI_05145__20200630T201851_20200630T202618_T08VNM,2,thin_cloud,3866,0.0,0.0,3866,
ROI_05145__20200630T201851_20200630T202618_T08VNM,3,cloud_shadow,6837,0.7432515715518304,0.8819657744624836,8113,
ROI_05244__20181227T032139_20181227T032421_T50TLM,0,clear,50176,1.0,1.0,50176,
ROI_05244__20181227T032139_20181227T032421_T50TLM,1,thick_cloud,0,,,0,absent_true_and_predicted_class
ROI_05244__20181227T032139_20181227T032421_T50TLM,2,thin_cloud,0,,,0,absent_true_and_predicted_class
ROI_05244__20181227T032139_20181227T032421_T50TLM,3,cloud_shadow,0,,,0,absent_true_and_predicted_class
ROI_05244__20190801T030549_20190801T031104_T50TLM,0,clear,40754,0.9482256706363527,0.9670952544535506,41565,
ROI_05244__20190801T030549_20190801T031104_T50TLM,1,thick_cloud,5083,0.7339950372208437,0.8729096989966555,6045,
ROI_05244__20190801T030549_20190801T031104_T50TLM,2,thin_cloud,94,0.0,0.0,94,
ROI_05244__20190801T030549_20190801T031104_T50TLM,3,cloud_shadow,4245,0.8091712934402632,0.9269729093050648,4863,
ROI_05244__20200515T031541_20200515T031910_T50TLM,0,clear,447,1.0,1.0,447,
ROI_05244__20200515T031541_20200515T031910_T50TLM,1,thick_cloud,42689,0.956961911404081,0.9964159385321746,44449,
ROI_05244__20200515T031541_20200515T031910_T50TLM,2,thin_cloud,0,,,0,absent_true_and_predicted_class
ROI_05244__20200515T031541_20200515T031910_T50TLM,3,cloud_shadow,7040,0.7340469901292924,0.75,7193,
ROI_05244__20200527T030549_20200527T030612_T50TLM,0,clear,28890,0.884874743460273,0.9402215299411562,30697,
ROI_05244__20200527T030549_20200527T030612_T50TLM,1,thick_cloud,12719,0.7953714124929657,0.8889849830961554,14216,
ROI_05244__20200527T030549_20200527T030612_T50TLM,2,thin_cloud,86,0.0,0.0,86,
ROI_05244__20200527T030549_20200527T030612_T50TLM,3,cloud_shadow,8481,0.7381859363739318,0.8454191722674212,9713,
ROI_05244__20200729T031539_20200729T032541_T50TLM,0,clear,16523,0.8612012524907486,0.915511710948375,17565,
ROI_05244__20200729T031539_20200729T032541_T50TLM,1,thick_cloud,22182,0.8573332794765117,0.9568569110089261,24757,
ROI_05244__20200729T031539_20200729T032541_T50TLM,2,thin_cloud,2325,0.0,0.0,2325,
ROI_05244__20200729T031539_20200729T032541_T50TLM,3,cloud_shadow,9146,0.7683662280701754,0.9194183249507981,10944,
ROI_05305__20190602T012709_20190602T012703_T54TXP,0,clear,10141,0.7943702695807466,0.9211123163396114,11759,
ROI_05305__20190602T012709_20190602T012703_T54TXP,1,thick_cloud,31479,0.9009418147459538,0.939006957018965,32809,
ROI_05305__20190602T012709_20190602T012703_T54TXP,2,thin_cloud,0,,,0,absent_true_and_predicted_class
ROI_05305__20190602T012709_20190602T012703_T54TXP,3,cloud_shadow,8556,0.6778296730597237,0.7972183263207107,10063,
ROI_05305__20190930T012659_20190930T012655_T54TXP,0,clear,14815,0.645326623800205,0.9348633142085724,21462,
ROI_05305__20190930T012659_20190930T012655_T54TXP,1,thick_cloud,13651,0.706461738283364,0.9562669401509047,18478,
ROI_05305__20190930T012659_20190930T012655_T54TXP,2,thin_cloud,1812,0.0,0.0,1812,
ROI_05305__20190930T012659_20190930T012655_T54TXP,3,cloud_shadow,19898,0.5442630937880634,0.5614132073575233,20525,
ROI_05305__20191121T011941_20191121T011942_T54TXP,0,clear,447,1.0,1.0,447,
ROI_05305__20191121T011941_20191121T011942_T54TXP,1,thick_cloud,48282,0.9653094462540717,0.9820637090427075,49120,
ROI_05305__20191121T011941_20191121T011942_T54TXP,2,thin_cloud,0,,,0,absent_true_and_predicted_class
ROI_05305__20191121T011941_20191121T011942_T54TXP,3,cloud_shadow,1447,0.26329442282749677,0.42087076710435384,2313,
ROI_05305__20200128T012919_20200128T012915_T54TXP,0,clear,50176,1.0,1.0,50176,
ROI_05305__20200128T012919_20200128T012915_T54TXP,1,thick_cloud,0,,,0,absent_true_and_predicted_class
ROI_05305__20200128T012919_20200128T012915_T54TXP,2,thin_cloud,0,,,0,absent_true_and_predicted_class
ROI_05305__20200128T012919_20200128T012915_T54TXP,3,cloud_shadow,0,,,0,absent_true_and_predicted_class
ROI_05305__20200706T012659_20200706T012657_T54TXP,0,clear,31199,0.859902794653706,0.9073367736145389,32920,
ROI_05305__20200706T012659_20200706T012657_T54TXP,1,thick_cloud,9775,0.7084541062801932,0.900153452685422,12420,
ROI_05305__20200706T012659_20200706T012657_T54TXP,2,thin_cloud,0,,,0,absent_true_and_predicted_class
ROI_05305__20200706T012659_20200706T012657_T54TXP,3,cloud_shadow,9202,0.6187505650483681,0.7437513584003478,11061,
ROI_05607__20190404T073619_20190404T080232_T36KVU,0,clear,5775,0.6688330036733541,0.8197402597402598,7078,
ROI_05607__20190404T073619_20190404T080232_T36KVU,1,thick_cloud,34652,0.9069331495520331,0.9494112893916657,36275,
ROI_05607__20190404T073619_20190404T080232_T36KVU,2,thin_cloud,59,0.0,0.0,59,
ROI_05607__20190404T073619_20190404T080232_T36KVU,3,cloud_shadow,9690,0.6739205826252818,0.8021671826625387,11534,
ROI_05607__20200213T074021_20200213T080323_T36KVU,0,clear,25471,0.7285778664778214,0.888618428801382,31066,
ROI_05607__20200213T074021_20200213T080323_T36KVU,1,thick_cloud,11747,0.6815474198514155,0.8668596237337193,14941,
ROI_05607__20200213T074021_20200213T080323_T36KVU,2,thin_cloud,4387,0.010941417825393207,0.010941417825393207,4387,
ROI_05607__20200213T074021_20200213T080323_T36KVU,3,cloud_shadow,8571,0.5743759786312977,0.7275697118189243,10857,
ROI_05607__20200314T073651_20200314T080510_T36KVU,0,clear,1327,0.354018589393111,0.975885455915599,3658,
ROI_05607__20200314T073651_20200314T080510_T36KVU,1,thick_cloud,27880,0.6989830508474576,0.9614777618364418,38350,
ROI_05607__20200314T073651_20200314T080510_T36KVU,2,thin_cloud,3507,0.011591962905718702,0.01283147989734816,3882,
ROI_05607__20200314T073651_20200314T080510_T36KVU,3,cloud_shadow,17462,0.43317721381113167,0.455503378765319,18362,
ROI_05607__20200413T073611_20200413T074903_T36KVU,0,clear,22403,0.7378722047275481,0.8262732669731733,25087,
ROI_05607__20200413T073611_20200413T074903_T36KVU,1,thick_cloud,17312,0.7274086218536021,0.8713609057301294,20738,
ROI_05607__20200413T073611_20200413T074903_T36KVU,2,thin_cloud,678,0.0,0.0,678,
ROI_05607__20200413T073611_20200413T074903_T36KVU,3,cloud_shadow,9783,0.6274005624748895,0.7981191863436574,12445,
ROI_05607__20200712T073621_20200712T080432_T36KVU,0,clear,50176,1.0,1.0,50176,
ROI_05607__20200712T073621_20200712T080432_T36KVU,1,thick_cloud,0,,,0,absent_true_and_predicted_class
ROI_05607__20200712T073621_20200712T080432_T36KVU,2,thin_cloud,0,,,0,absent_true_and_predicted_class
ROI_05607__20200712T073621_20200712T080432_T36KVU,3,cloud_shadow,0,,,0,absent_true_and_predicted_class
ROI_05622__20190811T080619_20190811T082415_T35LPK,0,clear,50176,0.6458266900510204,0.6458266900510204,50176,
ROI_05622__20190811T080619_20190811T082415_T35LPK,1,thick_cloud,0,,,0,absent_true_and_predicted_class
ROI_05622__20190811T080619_20190811T082415_T35LPK,2,thin_cloud,0,0.0,,17771,no_true_class_for_recall
ROI_05622__20190811T080619_20190811T082415_T35LPK,3,cloud_shadow,0,,,0,absent_true_and_predicted_class
ROI_05622__20191224T081341_20191224T082110_T35LPK,0,clear,28672,0.26277796006966353,0.3631068638392857,39619,
ROI_05622__20191224T081341_20191224T082110_T35LPK,1,thick_cloud,6465,0.20869229780120868,0.2510440835266821,7777,
ROI_05622__20191224T081341_20191224T082110_T35LPK,2,thin_cloud,14403,0.1742310301100003,0.41019232104422687,33909,
ROI_05622__20191224T081341_20191224T082110_T35LPK,3,cloud_shadow,636,0.020313942751615882,0.03459119496855346,1083,
ROI_05622__20200222T080931_20200222T082541_T35LPK,0,clear,14479,0.3440962329851219,0.6005939636715243,25272,
ROI_05622__20200222T080931_20200222T082541_T35LPK,1,thick_cloud,32523,0.1323704177712771,0.1335670141130892,32817,
ROI_05622__20200222T080931_20200222T082541_T35LPK,2,thin_cloud,3174,0.05050686605794809,0.4426591052299937,27818,
ROI_05622__20200222T080931_20200222T082541_T35LPK,3,cloud_shadow,0,,,0,absent_true_and_predicted_class
ROI_05622__20200227T080859_20200227T082855_T35LPK,0,clear,29985,0.33612968336066607,0.3554443888610972,31708,
ROI_05622__20200227T080859_20200227T082855_T35LPK,1,thick_cloud,17022,0.48627096672820835,0.7272353424979439,25457,
ROI_05622__20200227T080859_20200227T082855_T35LPK,2,thin_cloud,3169,0.07716049382716049,0.35500157778479013,14580,
ROI_05622__20200227T080859_20200227T082855_T35LPK,3,cloud_shadow,0,0.0,,4445,no_true_class_for_recall
ROI_05622__20200606T080609_20200606T083047_T35LPK,0,clear,50176,0.9957948022959183,0.9957948022959183,50176,
ROI_05622__20200606T080609_20200606T083047_T35LPK,1,thick_cloud,0,0.0,,211,no_true_class_for_recall
ROI_05622__20200606T080609_20200606T083047_T35LPK,2,thin_cloud,0,,,0,absent_true_and_predicted_class
ROI_05622__20200606T080609_20200606T083047_T35LPK,3,cloud_shadow,0,,,0,absent_true_and_predicted_class
ROI_05830__20190103T090351_20190103T090811_T34NBM,0,clear,50176,1.0,1.0,50176,
ROI_05830__20190103T090351_20190103T090811_T34NBM,1,thick_cloud,0,,,0,absent_true_and_predicted_class
ROI_05830__20190103T090351_20190103T090811_T34NBM,2,thin_cloud,0,,,0,absent_true_and_predicted_class
ROI_05830__20190103T090351_20190103T090811_T34NBM,3,cloud_shadow,0,,,0,absent_true_and_predicted_class
ROI_05830__20190528T085609_20190528T090917_T34NBM,0,clear,22905,0.7487079402941921,0.9044313468674962,27669,
ROI_05830__20190528T085609_20190528T090917_T34NBM,1,thick_cloud,17758,0.6666331253773395,0.746142583624282,19876,
ROI_05830__20190528T085609_20190528T090917_T34NBM,2,thin_cloud,59,0.0,0.0,59,
ROI_05830__20190528T085609_20190528T090917_T34NBM,3,cloud_shadow,9454,0.5208097165991903,0.6803469430928707,12350,
ROI_05830__20190925T085709_20190925T091045_T34NBM,0,clear,3989,0.38430216231395675,0.6861368764101279,7122,
ROI_05830__20190925T085709_20190925T091045_T34NBM,1,thick_cloud,33690,0.8598311691953894,0.9100326506381715,35657,
ROI_05830__20190925T085709_20190925T091045_T34NBM,2,thin_cloud,1730,0.025200458190148912,0.025433526011560695,1746,
ROI_05830__20190925T085709_20190925T091045_T34NBM,3,cloud_shadow,10767,0.6231873549883991,0.7982724993034271,13792,
ROI_05830__20191030T090111_20191030T091429_T34NBM,0,clear,18099,0.7294517637059074,0.9483396872755401,23530,
ROI_05830__20191030T090111_20191030T091429_T34NBM,1,thick_cloud,21987,0.8250980054279929,0.8711056533406104,23213,
ROI_05830__20191030T090111_20191030T091429_T34NBM,2,thin_cloud,1927,0.0,0.0,1927,
ROI_05830__20191030T090111_20191030T091429_T34NBM,3,cloud_shadow,8163,0.6422616502778965,0.7361264241087835,9356,
ROI_05830__20200611T085559_20200611T091323_T34NBM,0,clear,899,0.5591007976794778,0.8576195773081201,1379,
ROI_05830__20200611T085559_20200611T091323_T34NBM,1,thick_cloud,45617,0.9474202948234487,0.9693316088300414,46672,
ROI_05830__20200611T085559_20200611T091323_T34NBM,2,thin_cloud,58,0.0,0.0,58,
ROI_05830__20200611T085559_20200611T091323_T34NBM,3,cloud_shadow,3602,0.5121951219512195,0.6821210438645197,4797,
ROI_05860__20190327T125311_20190327T125307_T24KTB,0,clear,24668,0.769902472215922,0.8256445597535268,26454,
ROI_05860__20190327T125311_20190327T125307_T24KTB,1,thick_cloud,14487,0.7162435667611172,0.8549734244495064,17293,
ROI_05860__20190327T125311_20190327T125307_T24KTB,2,thin_cloud,0,,,0,absent_true_and_predicted_class
ROI_05860__20190327T125311_20190327T125307_T24KTB,3,cloud_shadow,11021,0.6818502326893245,0.8774158424825333,14182,
ROI_05860__20190501T125319_20190501T125521_T24KTB,0,clear,14915,0.3760715616846813,0.40590010056989606,16098,
ROI_05860__20190501T125319_20190501T125521_T24KTB,1,thick_cloud,31742,0.8383882913066478,0.8987146367588684,34026,
ROI_05860__20190501T125319_20190501T125521_T24KTB,2,thin_cloud,494,0.0,0.0,494,
ROI_05860__20190501T125319_20190501T125521_T24KTB,3,cloud_shadow,3025,0.2191648563842626,0.900495867768595,12429,
ROI_05860__20191028T125309_20191028T125309_T24KTB,0,clear,50176,1.0,1.0,50176,
ROI_05860__20191028T125309_20191028T125309_T24KTB,1,thick_cloud,0,,,0,absent_true_and_predicted_class
ROI_05860__20191028T125309_20191028T125309_T24KTB,2,thin_cloud,0,,,0,absent_true_and_predicted_class
ROI_05860__20191028T125309_20191028T125309_T24KTB,3,cloud_shadow,0,,,0,absent_true_and_predicted_class
ROI_05860__20191227T125309_20191227T125303_T24KTB,0,clear,42555,0.9550320710356319,0.9831747150746093,43809,
ROI_05860__20191227T125309_20191227T125303_T24KTB,1,thick_cloud,5830,0.7253251721499617,0.8130360205831904,6535,
ROI_05860__20191227T125309_20191227T125303_T24KTB,2,thin_cloud,0,,,0,absent_true_and_predicted_class
ROI_05860__20191227T125309_20191227T125303_T24KTB,3,cloud_shadow,1791,0.5558076225045372,0.6839754327191513,2204,
ROI_05860__20200425T125309_20200425T125346_T24KTB,0,clear,1925,0.3607376104494814,0.4877922077922078,2603,
ROI_05860__20200425T125309_20200425T125346_T24KTB,1,thick_cloud,31270,0.7887885020959721,0.9688199552286536,38407,
ROI_05860__20200425T125309_20200425T125346_T24KTB,2,thin_cloud,15158,0.4746977704878197,0.5155033645599684,16461,
ROI_05860__20200425T125309_20200425T125346_T24KTB,3,cloud_shadow,1823,0.5702580909463335,0.7635765222161273,2441,
ROI_05940__20191115T143731_20191115T144536_T19HCV,0,clear,40888,0.9123139872448397,0.9761054588143221,43747,
ROI_05940__20191115T143731_20191115T144536_T19HCV,1,thick_cloud,6215,0.594845989630985,0.6276749798873693,6558,
ROI_05940__20191115T143731_20191115T144536_T19HCV,2,thin_cloud,479,0.0,0.0,479,
ROI_05940__20191115T143731_20191115T144536_T19HCV,3,cloud_shadow,2594,0.5398608881754949,0.7779491133384734,3738,
ROI_05940__20200126T142649_20200126T143543_T19HCV,0,clear,24389,0.31382281697970854,0.3240395260158268,25183,
ROI_05940__20200126T142649_20200126T143543_T19HCV,1,thick_cloud,16735,0.7327141382868937,0.8909471168210338,20349,
ROI_05940__20200126T142649_20200126T143543_T19HCV,2,thin_cloud,5119,0.2548271945481097,0.6135964055479586,12326,
ROI_05940__20200126T142649_20200126T143543_T19HCV,3,cloud_shadow,3933,0.2563615647550323,0.8581235697940504,13165,
ROI_05940__20200403T143721_20200403T144642_T19HCV,0,clear,21590,0.11241315423807319,0.11241315423807319,21590,
ROI_05940__20200403T143721_20200403T144642_T19HCV,1,thick_cloud,0,,,0,absent_true_and_predicted_class
ROI_05940__20200403T143721_20200403T144642_T19HCV,2,thin_cloud,28586,0.6174748892969003,1.0,46295,
ROI_05940__20200403T143721_20200403T144642_T19HCV,3,cloud_shadow,0,0.0,,1454,no_true_class_for_recall
ROI_05940__20200410T142731_20200410T143742_T19HCV,0,clear,50176,1.0,1.0,50176,
ROI_05940__20200410T142731_20200410T143742_T19HCV,1,thick_cloud,0,,,0,absent_true_and_predicted_class
ROI_05940__20200410T142731_20200410T143742_T19HCV,2,thin_cloud,0,,,0,absent_true_and_predicted_class
ROI_05940__20200410T142731_20200410T143742_T19HCV,3,cloud_shadow,0,,,0,absent_true_and_predicted_class
ROI_05940__20200528T143729_20200528T144647_T19HCV,0,clear,447,0.2087809434843531,1.0,2141,
ROI_05940__20200528T143729_20200528T144647_T19HCV,1,thick_cloud,48582,0.873929183323815,0.8819521633526821,49028,
ROI_05940__20200528T143729_20200528T144647_T19HCV,2,thin_cloud,0,,,0,absent_true_and_predicted_class
ROI_05940__20200528T143729_20200528T144647_T19HCV,3,cloud_shadow,1147,0.10425651603225201,0.4847428073234525,5333,
ROI_06118__20190316T132231_20190316T132230_T23MMQ,0,clear,447,0.6114911080711354,1.0,731,
ROI_06118__20190316T132231_20190316T132230_T23MMQ,1,thick_cloud,46278,0.9242593098807746,0.9498033622887765,47557,
ROI_06118__20190316T132231_20190316T132230_T23MMQ,2,thin_cloud,1129,0.0,0.0,1129,
ROI_06118__20190316T132231_20190316T132230_T23MMQ,3,cloud_shadow,2322,0.3559568285595683,0.7385874246339362,4818,
ROI_06118__20190609T132239_20190609T132240_T23MMQ,0,clear,32845,0.6103394617024955,0.6448470086771199,34702,
ROI_06118__20190609T132239_20190609T132240_T23MMQ,1,thick_cloud,0,,,0,absent_true_and_predicted_class
ROI_06118__20190609T132239_20190609T132240_T23MMQ,2,thin_cloud,17331,0.5336598151469168,0.8928509607062489,28996,
ROI_06118__20190609T132239_20190609T132240_T23MMQ,3,cloud_shadow,0,,,0,absent_true_and_predicted_class
ROI_06118__20190808T132239_20190808T132240_T23MMQ,0,clear,50176,1.0,1.0,50176,
ROI_06118__20190808T132239_20190808T132240_T23MMQ,1,thick_cloud,0,,,0,absent_true_and_predicted_class
ROI_06118__20190808T132239_20190808T132240_T23MMQ,2,thin_cloud,0,,,0,absent_true_and_predicted_class
ROI_06118__20190808T132239_20190808T132240_T23MMQ,3,cloud_shadow,0,,,0,absent_true_and_predicted_class
ROI_06118__20190912T132231_20190912T132231_T23MMQ,0,clear,45657,0.944939874428009,0.9724248198523775,46985,
ROI_06118__20190912T132231_20190912T132231_T23MMQ,1,thick_cloud,2705,0.48638888888888887,0.6473197781885397,3600,
ROI_06118__20190912T132231_20190912T132231_T23MMQ,2,thin_cloud,0,,,0,absent_true_and_predicted_class
ROI_06118__20190912T132231_20190912T132231_T23MMQ,3,cloud_shadow,1814,0.4518459069020867,0.6207276736493936,2492,
ROI_06118__20191111T132241_20191111T132235_T23MMQ,0,clear,19696,0.7775797618012692,0.9082554833468724,23006,
ROI_06118__20191111T132241_20191111T132235_T23MMQ,1,thick_cloud,25175,0.7723166843783209,0.8083018867924529,26348,
ROI_06118__20191111T132241_20191111T132235_T23MMQ,2,thin_cloud,0,,,0,absent_true_and_predicted_class
ROI_06118__20191111T132241_20191111T132235_T23MMQ,3,cloud_shadow,5305,0.3969783227501642,0.6835061262959472,9134,
ROI_06213__20190125T145721_20190125T145722_T19PGP,0,clear,50176,0.990234375,0.990234375,50176,
ROI_06213__20190125T145721_20190125T145722_T19PGP,1,thick_cloud,0,0.0,,112,no_true_class_for_recall
ROI_06213__20190125T145721_20190125T145722_T19PGP,2,thin_cloud,0,,,0,absent_true_and_predicted_class
ROI_06213__20190125T145721_20190125T145722_T19PGP,3,cloud_shadow,0,0.0,,378,no_true_class_for_recall
ROI_06213__20190326T145731_20190326T145725_T19PGP,0,clear,45333,0.8961810286103542,0.9286612401561776,46976,
ROI_06213__20190326T145731_20190326T145725_T19PGP,1,thick_cloud,2192,0.3133561643835616,0.8348540145985401,5840,
ROI_06213__20190326T145731_20190326T145725_T19PGP,2,thin_cloud,1725,0.0,0.0,1725,
ROI_06213__20190326T145731_20190326T145725_T19PGP,3,cloud_shadow,926,0.05198434879821129,0.10043196544276457,1789,
ROI_06213__20190724T145731_20190724T145730_T19PGP,0,clear,18116,0.43037974683544306,0.43353941267387947,18249,
ROI_06213__20190724T145731_20190724T145730_T19PGP,1,thick_cloud,10629,0.3732641481260266,0.9407281964436918,26788,
ROI_06213__20190724T145731_20190724T145730_T19PGP,2,thin_cloud,21431,0.29123600764460394,0.3484205123419346,25639,
ROI_06213__20190724T145731_20190724T145730_T19PGP,3,cloud_shadow,0,0.0,,4356,no_true_class_for_recall
ROI_06213__20200330T145721_20200330T145721_T19PGP,0,clear,8794,0.6479879275653924,0.732431203093018,9940,
ROI_06213__20200330T145721_20200330T145721_T19PGP,1,thick_cloud,33107,0.8057753747849594,0.9903343703748452,40690,
ROI_06213__20200330T145721_20200330T145721_T19PGP,2,thin_cloud,6534,0.0,0.0,6534,
ROI_06213__20200330T145721_20200330T145721_T19PGP,3,cloud_shadow,1741,0.3235294117647059,0.5560022975301551,2992,
ROI_06213__20200424T145719_20200424T145720_T19PGP,0,clear,32090,0.8344831362242663,0.9498909317544406,36528,
ROI_06213__20200424T145719_20200424T145720_T19PGP,1,thick_cloud,9116,0.56201749871333,0.9583150504607284,15544,
ROI_06213__20200424T145719_20200424T145720_T19PGP,2,thin_cloud,4912,0.0,0.0,4912,
ROI_06213__20200424T145719_20200424T145720_T19PGP,3,cloud_shadow,4058,0.016658500734933857,0.016757023164120255,4082,
ROI_06461__20190713T143759_20190713T143800_T19MHP,0,clear,33019,0.6580636160714286,1.0,50176,
ROI_06461__20190713T143759_20190713T143800_T19MHP,1,thick_cloud,0,,,0,absent_true_and_predicted_class
ROI_06461__20190713T143759_20190713T143800_T19MHP,2,thin_cloud,17157,0.0,0.0,17157,
ROI_06461__20190713T143759_20190713T143800_T19MHP,3,cloud_shadow,0,,,0,absent_true_and_predicted_class
ROI_06461__20190728T143751_20190728T144229_T20MKU,0,clear,50176,1.0,1.0,50176,
ROI_06461__20190728T143751_20190728T144229_T20MKU,1,thick_cloud,0,,,0,absent_true_and_predicted_class
ROI_06461__20190728T143751_20190728T144229_T20MKU,2,thin_cloud,0,,,0,absent_true_and_predicted_class
ROI_06461__20190728T143751_20190728T144229_T20MKU,3,cloud_shadow,0,,,0,absent_true_and_predicted_class
ROI_06461__20190926T143751_20190926T143747_T20MKU,0,clear,37289,0.8672108208955224,0.997237791305747,42880,
ROI_06461__20190926T143751_20190926T143747_T20MKU,1,thick_cloud,429,0.07226107226107226,0.07226107226107226,429,
ROI_06461__20190926T143751_20190926T143747_T20MKU,2,thin_cloud,12458,0.529901998611004,0.5512120725638144,12959,
ROI_06461__20190926T143751_20190926T143747_T20MKU,3,cloud_shadow,0,,,0,absent_true_and_predicted_class
ROI_06461__20191220T143719_20191220T143721_T19MHP,0,clear,6872,0.3920045204124876,0.4038125727590221,7079,
ROI_06461__20191220T143719_20191220T143721_T19MHP,1,thick_cloud,30894,0.7127606387671676,0.7844888975205542,34003,
ROI_06461__20191220T143719_20191220T143721_T19MHP,2,thin_cloud,10208,0.4005650945446642,0.7221786833855799,18404,
ROI_06461__20191220T143719_20191220T143721_T19MHP,3,cloud_shadow,2202,0.35968959731543626,0.7788374205267938,4768,
ROI_06461__20200109T143719_20200109T143721_T19MHP,0,clear,19558,0.9011005731094994,0.9084262194498415,19717,
ROI_06461__20200109T143719_20200109T143721_T19MHP,1,thick_cloud,18811,0.9196009079871192,0.9260539046302695,18943,
ROI_06461__20200109T143719_20200109T143721_T19MHP,2,thin_cloud,3131,0.03188405797101449,0.03513254551261578,3450,
ROI_06461__20200109T143719_20200109T143721_T19MHP,3,cloud_shadow,8676,0.5928497049635543,0.9843245735361917,14405,
ROI_06641__20190722T185921_20190722T190551_T10TDN,0,clear,50176,1.0,1.0,50176,
ROI_06641__20190722T185921_20190722T190551_T10TDN,1,thick_cloud,0,,,0,absent_true_and_predicted_class
ROI_06641__20190722T185921_20190722T190551_T10TDN,2,thin_cloud,0,,,0,absent_true_and_predicted_class
ROI_06641__20190722T185921_20190722T190551_T10TDN,3,cloud_shadow,0,,,0,absent_true_and_predicted_class
ROI_06641__20190920T190051_20190920T190914_T10TDN,0,clear,15440,0.6585025663914305,0.7644430051813471,17924,
ROI_06641__20190920T190051_20190920T190914_T10TDN,1,thick_cloud,28388,0.8425675013875739,0.9090813019585741,30629,
ROI_06641__20190920T190051_20190920T190914_T10TDN,2,thin_cloud,1495,0.0,0.0,1495,
ROI_06641__20190920T190051_20190920T190914_T10TDN,3,cloud_shadow,4853,0.47724892354241827,0.8450443024933031,8593,
ROI_06641__20191124T190719_20191124T190716_T10TDN,0,clear,447,0.9216494845360824,1.0,485,
ROI_06641__20191124T190719_20191124T190716_T10TDN,1,thick_cloud,48285,0.919169964526646,0.9283835559697629,48769,
ROI_06641__20191124T190719_20191124T190716_T10TDN,2,thin_cloud,0,,,0,absent_true_and_predicted_class
ROI_06641__20191124T190719_20191124T190716_T10TDN,3,cloud_shadow,1444,0.19736842105263158,0.6648199445983379,4864,
ROI_06641__20200621T185919_20200621T190712_T10TDN,0,clear,40671,0.9209558823529411,0.9608320424872759,42432,
ROI_06641__20200621T185919_20200621T190712_T10TDN,1,thick_cloud,7877,0.6733370598099497,0.7646312047733909,8945,
ROI_06641__20200621T185919_20200621T190712_T10TDN,2,thin_cloud,0,,,0,absent_true_and_predicted_class
ROI_06641__20200621T185919_20200621T190712_T10TDN,3,cloud_shadow,1628,0.35834502103786814,0.6277641277641277,2852,
ROI_06641__20200711T185919_20200711T190544_T10TDN,0,clear,48438,0.9732900345037548,0.9900078450803088,49270,
ROI_06641__20200711T185919_20200711T190544_T10TDN,1,thick_cloud,1567,0.4266666666666667,0.5513720485003191,2025,
ROI_06641__20200711T185919_20200711T190544_T10TDN,2,thin_cloud,0,,,0,absent_true_and_predicted_class
ROI_06641__20200711T185919_20200711T190544_T10TDN,3,cloud_shadow,171,0.2131979695431472,0.24561403508771928,197,
ROI_06833__20190102T140049_20190102T140050_T21JTF,0,clear,45251,0.9480702956097352,0.9787849992265364,46717,
ROI_06833__20190102T140049_20190102T140050_T21JTF,1,thick_cloud,2401,0.5361022364217253,0.6988754685547689,3130,
ROI_06833__20190102T140049_20190102T140050_T21JTF,2,thin_cloud,0,,,0,absent_true_and_predicted_class
ROI_06833__20190102T140049_20190102T140050_T21JTF,3,cloud_shadow,2524,0.5180722891566265,0.6133122028526149,2988,
ROI_06833__20190206T140051_20190206T140049_T21JTF,0,clear,50176,1.0,1.0,50176,
ROI_06833__20190206T140051_20190206T140049_T21JTF,1,thick_cloud,0,,,0,absent_true_and_predicted_class
ROI_06833__20190206T140051_20190206T140049_T21JTF,2,thin_cloud,0,,,0,absent_true_and_predicted_class
ROI_06833__20190206T140051_20190206T140049_T21JTF,3,cloud_shadow,0,,,0,absent_true_and_predicted_class
ROI_06833__20190419T135119_20190419T135715_T21JTF,0,clear,447,0.12528026905829595,1.0,3568,
ROI_06833__20190419T135119_20190419T135715_T21JTF,1,thick_cloud,23516,0.7568845120859445,0.8987923116176221,27925,
ROI_06833__20190419T135119_20190419T135715_T21JTF,2,thin_cloud,25100,0.5155190055709251,0.5419521912350598,26387,
ROI_06833__20190419T135119_20190419T135715_T21JTF,3,cloud_shadow,1113,0.1555908009516257,0.8814016172506739,6305,
ROI_06833__20190517T140101_20190517T140056_T21JTF,0,clear,38675,0.7754006968641115,0.8631157078215902,43050,
ROI_06833__20190517T140101_20190517T140056_T21JTF,1,thick_cloud,1198,0.0,0.0,1729,
ROI_06833__20190517T140101_20190517T140056_T21JTF,2,thin_cloud,8623,0.4073504751257686,0.6760988055201206,14312,
ROI_06833__20190517T140101_20190517T140056_T21JTF,3,cloud_shadow,1680,0.22023809523809523,0.22023809523809523,1680,
ROI_06833__20200511T140101_20200511T140057_T21JTF,0,clear,4859,0.3983333333333333,0.5410578308293887,6600,
ROI_06833__20200511T140101_20200511T140057_T21JTF,1,thick_cloud,24482,0.701777817350785,0.9658116166979822,33693,
ROI_06833__20200511T140101_20200511T140057_T21JTF,2,thin_cloud,0,0.0,,2048,no_true_class_for_recall
ROI_06833__20200511T140101_20200511T140057_T21JTF,3,cloud_shadow,20835,0.49936221476827136,0.5073194144468443,21167,
ROI_06860__20190228T152639_20190228T152637_T18PZU,0,clear,21030,0.7110846549598198,0.7952448882548739,23519,
ROI_06860__20190228T152639_20190228T152637_T18PZU,1,thick_cloud,19731,0.7155052343083075,0.8071055699153616,22257,
ROI_06860__20190228T152639_20190228T152637_T18PZU,2,thin_cloud,0,,,0,absent_true_and_predicted_class
ROI_06860__20190228T152639_20190228T152637_T18PZU,3,cloud_shadow,9415,0.596316249271986,0.8699946893255444,13736,
ROI_06860__20190305T152631_20190305T152846_T18PZU,0,clear,19532,0.7802968594442936,0.8828077001843129,22098,
ROI_06860__20190305T152631_20190305T152846_T18PZU,1,thick_cloud,25133,0.7723540993350422,0.8272390880515657,26919,
ROI_06860__20190305T152631_20190305T152846_T18PZU,2,thin_cloud,0,,,0,absent_true_and_predicted_class
ROI_06860__20190305T152631_20190305T152846_T18PZU,3,cloud_shadow,5511,0.5169936131386861,0.8225367446924333,8768,
ROI_06860__20200208T152631_20200208T152631_T18PZU,0,clear,50176,1.0,1.0,50176,
ROI_06860__20200208T152631_20200208T152631_T18PZU,1,thick_cloud,0,,,0,absent_true_and_predicted_class
ROI_06860__20200208T152631_20200208T152631_T18PZU,2,thin_cloud,0,,,0,absent_true_and_predicted_class
ROI_06860__20200208T152631_20200208T152631_T18PZU,3,cloud_shadow,0,,,0,absent_true_and_predicted_class
ROI_06860__20200707T152641_20200707T152643_T18PZU,0,clear,46246,0.9722346618898343,0.9858366128962505,46893,
ROI_06860__20200707T152641_20200707T152643_T18PZU,1,thick_cloud,1781,0.6708240534521158,0.845592363840539,2245,
ROI_06860__20200707T152641_20200707T152643_T18PZU,2,thin_cloud,78,0.0,0.0,78,
ROI_06860__20200707T152641_20200707T152643_T18PZU,3,cloud_shadow,2071,0.6913735343383585,0.7971994205697731,2388,
ROI_06860__20200709T151709_20200709T151705_T18PZU,0,clear,38316,0.8898349785246025,0.9246006890072033,39813,
ROI_06860__20200709T151709_20200709T151705_T18PZU,1,thick_cloud,8105,0.6554005167958656,0.7823565700185071,9675,
ROI_06860__20200709T151709_20200709T151705_T18PZU,2,thin_cloud,0,,,0,absent_true_and_predicted_class
ROI_06860__20200709T151709_20200709T151705_T18PZU,3,cloud_shadow,3755,0.48336594911937375,0.7893475366178428,6132,
ROI_06908__20190227T181311_20190227T181919_T12TYT,0,clear,50176,1.0,1.0,50176,
ROI_06908__20190227T181311_20190227T181919_T12TYT,1,thick_cloud,0,,,0,absent_true_and_predicted_class
ROI_06908__20190227T181311_20190227T181919_T12TYT,2,thin_cloud,0,,,0,absent_true_and_predicted_class
ROI_06908__20190227T181311_20190227T181919_T12TYT,3,cloud_shadow,0,,,0,absent_true_and_predicted_class
ROI_06908__20190617T180921_20190617T180949_T12TYT,0,clear,49857,0.9936423788265306,1.0,50176,
ROI_06908__20190617T180921_20190617T180949_T12TYT,1,thick_cloud,131,0.0,0.0,131,
ROI_06908__20190617T180921_20190617T180949_T12TYT,2,thin_cloud,0,,,0,absent_true_and_predicted_class
ROI_06908__20190617T180921_20190617T180949_T12TYT,3,cloud_shadow,188,0.0,0.0,188,
ROI_06908__20190627T180921_20190627T181359_T12TYT,0,clear,39571,0.8925669997198618,0.9662126304617018,42836,
ROI_06908__20190627T180921_20190627T181359_T12TYT,1,thick_cloud,7053,0.41014084507042253,0.41287395434566854,7100,
ROI_06908__20190627T180921_20190627T181359_T12TYT,2,thin_cloud,1233,0.09172294644259463,0.47364152473641524,6367,
ROI_06908__20190627T180921_20190627T181359_T12TYT,3,cloud_shadow,2319,0.0,0.0,2319,
ROI_06908__20190717T180921_20190717T181847_T12TYT,0,clear,24844,0.6291911647862705,0.9562469811624537,37758,
ROI_06908__20190717T180921_20190717T181847_T12TYT,1,thick_cloud,14183,0.2731298872050377,0.278290911654798,14451,
ROI_06908__20190717T180921_20190717T181847_T12TYT,2,thin_cloud,581,0.03022480370011832,0.4836488812392427,9297,
ROI_06908__20190717T180921_20190717T181847_T12TYT,3,cloud_shadow,10568,0.027725208175624527,0.027725208175624527,10568,
ROI_06908__20190831T180919_20190831T181408_T12TYT,0,clear,26476,0.20241247425713446,0.20788638767185375,27192,
ROI_06908__20190831T180919_20190831T181408_T12TYT,1,thick_cloud,318,0.10661764705882353,0.5471698113207547,1632,
ROI_06908__20190831T180919_20190831T181408_T12TYT,2,thin_cloud,14501,0.30140491147915477,0.9098682849458658,43775,
ROI_06908__20190831T180919_20190831T181408_T12TYT,3,cloud_shadow,8881,0.0,0.0,8881,
ROI_07063__20181226T080331_20181226T082041_T35JNK,0,clear,50176,1.0,1.0,50176,
ROI_07063__20181226T080331_20181226T082041_T35JNK,1,thick_cloud,0,,,0,absent_true_and_predicted_class
ROI_07063__20181226T080331_20181226T082041_T35JNK,2,thin_cloud,0,,,0,absent_true_and_predicted_class
ROI_07063__20181226T080331_20181226T082041_T35JNK,3,cloud_shadow,0,,,0,absent_true_and_predicted_class
ROI_07063__20190308T074749_20190308T081646_T35JNK,0,clear,8574,0.46910604732690625,0.7491252624212736,13692,
ROI_07063__20190308T074749_20190308T081646_T35JNK,1,thick_cloud,21657,0.7785167941469904,0.8647550445583414,24056,
ROI_07063__20190308T074749_20190308T081646_T35JNK,2,thin_cloud,2790,0.0057343692193858676,0.011111111111111112,5406,
ROI_07063__20190308T074749_20190308T081646_T35JNK,3,cloud_shadow,17155,0.7420829252366961,0.7949868842902944,18378,
ROI_07063__20191108T075131_20191108T081042_T35JNK,0,clear,14437,0.6184583271209184,0.8619519290711367,20121,
ROI_07063__20191108T075131_20191108T081042_T35JNK,1,thick_cloud,17728,0.6435643564356436,0.6783055054151624,18685,
ROI_07063__20191108T075131_20191108T081042_T35JNK,2,thin_cloud,7200,0.16271894904458598,0.22708333333333333,10048,
ROI_07063__20191108T075131_20191108T081042_T35JNK,3,cloud_shadow,10811,0.5441775615688659,0.827768014059754,16445,
ROI_07063__20191221T080331_20191221T080920_T35JNK,0,clear,5182,0.10138781804163455,0.10150521034349672,5188,
ROI_07063__20191221T080331_20191221T080920_T35JNK,1,thick_cloud,13020,0.5698312767564845,0.8689708141321044,19855,
ROI_07063__20191221T080331_20191221T080920_T35JNK,2,thin_cloud,31974,0.6641486266449563,0.7781635078501282,37463,
ROI_07063__20191221T080331_20191221T080920_T35JNK,3,cloud_shadow,0,0.0,,1125,no_true_class_for_recall
ROI_07063__20200224T075919_20200224T082412_T35JNK,0,clear,43124,0.849523028002872,0.9602541508208886,48745,
ROI_07063__20200224T075919_20200224T082412_T35JNK,1,thick_cloud,0,,,0,absent_true_and_predicted_class
ROI_07063__20200224T075919_20200224T082412_T35JNK,2,thin_cloud,7052,0.16324435318275154,0.20292115711854794,8766,
ROI_07063__20200224T075919_20200224T082412_T35JNK,3,cloud_shadow,0,,,0,absent_true_and_predicted_class
ROI_07640__20190111T073259_20190111T075530_T36KWU,0,clear,50176,1.0,1.0,50176,
ROI_07640__20190111T073259_20190111T075530_T36KWU,1,thick_cloud,0,,,0,absent_true_and_predicted_class
ROI_07640__20190111T073259_20190111T075530_T36KWU,2,thin_cloud,0,,,0,absent_true_and_predicted_class
ROI_07640__20190111T073259_20190111T075530_T36KWU,3,cloud_shadow,0,,,0,absent_true_and_predicted_class
ROI_07640__20190322T072619_20190322T074833_T36KWU,0,clear,3994,0.4802376646861276,0.9308963445167752,7742,
ROI_07640__20190322T072619_20190322T074833_T36KWU,1,thick_cloud,27432,0.8587099605089952,0.9274205307669875,29627,
ROI_07640__20190322T072619_20190322T074833_T36KWU,2,thin_cloud,0,0.0,,112,no_true_class_for_recall
ROI_07640__20190322T072619_20190322T074833_T36KWU,3,cloud_shadow,18750,0.6592184270105326,0.7143466666666667,20318,
ROI_07640__20190620T072629_20190620T075504_T36KWU,0,clear,45141,0.9670580140196964,0.9963004807159789,46506,
ROI_07640__20190620T072629_20190620T075504_T36KWU,1,thick_cloud,1733,0.6864864864864865,0.7328332371609925,1850,
ROI_07640__20190620T072629_20190620T075504_T36KWU,2,thin_cloud,0,,,0,absent_true_and_predicted_class
ROI_07640__20190620T072629_20190620T075504_T36KWU,3,cloud_shadow,3302,0.6519241815048823,0.6874621441550576,3482,
ROI_07640__20190908T072619_20190908T075454_T36KWU,0,clear,28971,0.877610996997946,0.958613786199993,31645,
ROI_07640__20190908T072619_20190908T075454_T36KWU,1,thick_cloud,11410,0.7630545097397282,0.8170902716914987,12218,
ROI_07640__20190908T072619_20190908T075454_T36KWU,2,thin_cloud,0,,,0,absent_true_and_predicted_class
ROI_07640__20190908T072619_20190908T075454_T36KWU,3,cloud_shadow,9795,0.7713033153712667,0.8621745788667687,10949,
ROI_07640__20200106T073209_20200106T075445_T36KWU,0,clear,35246,0.8634943643315922,0.9802814503773478,40013,
ROI_07640__20200106T073209_20200106T075445_T36KWU,1,thick_cloud,8089,0.6438531257262375,0.685004326863642,8606,
ROI_07640__20200106T073209_20200106T075445_T36KWU,2,thin_cloud,0,,,0,absent_true_and_predicted_class
ROI_07640__20200106T073209_20200106T075445_T36KWU,3,cloud_shadow,6841,0.5731081081081081,0.6199386054670369,7400,
ROI_08052__20190503T085601_20190503T091441_T34NBM,0,clear,33215,0.4848874291970108,0.6133975613427668,42018,
ROI_08052__20190503T085601_20190503T091441_T34NBM,1,thick_cloud,0,,,0,absent_true_and_predicted_class
ROI_08052__20190503T085601_20190503T091441_T34NBM,2,thin_cloud,3101,0.13851095993953136,0.945501451144792,21168,
ROI_08052__20190503T085601_20190503T091441_T34NBM,3,cloud_shadow,13860,0.0,0.0,13860,
ROI_08052__20190528T085609_20190528T090917_T34NBM,0,clear,14324,0.6757941447048,0.8718235129851997,18479,
ROI_08052__20190528T085609_20190528T090917_T34NBM,1,thick_cloud,25960,0.7653645364536453,0.8188751926040062,27775,
ROI_08052__20190528T085609_20190528T090917_T34NBM,2,thin_cloud,0,,,0,absent_true_and_predicted_class
ROI_08052__20190528T085609_20190528T090917_T34NBM,3,cloud_shadow,9892,0.6060606060606061,0.7763849575414477,12672,
ROI_08052__20190816T085559_20190816T090748_T34NBM,0,clear,48685,0.9702845982142857,1.0,50176,
ROI_08052__20190816T085559_20190816T090748_T34NBM,1,thick_cloud,677,0.0,0.0,677,
ROI_08052__20190816T085559_20190816T090748_T34NBM,2,thin_cloud,0,,,0,absent_true_and_predicted_class
ROI_08052__20190816T085559_20190816T090748_T34NBM,3,cloud_shadow,814,0.0,0.0,814,
ROI_08052__20200626T085601_20200626T091809_T34NBM,0,clear,50176,1.0,1.0,50176,
ROI_08052__20200626T085601_20200626T091809_T34NBM,1,thick_cloud,0,,,0,absent_true_and_predicted_class
ROI_08052__20200626T085601_20200626T091809_T34NBM,2,thin_cloud,0,,,0,absent_true_and_predicted_class
ROI_08052__20200626T085601_20200626T091809_T34NBM,3,cloud_shadow,0,,,0,absent_true_and_predicted_class
ROI_08052__20200721T085559_20200721T091544_T34NBM,0,clear,997,0.32519422863485015,0.8816449348044132,2703,
ROI_08052__20200721T085559_20200721T091544_T34NBM,1,thick_cloud,45658,0.9017712670708291,0.9154584081650532,46351,
ROI_08052__20200721T085559_20200721T091544_T34NBM,2,thin_cloud,0,,,0,absent_true_and_predicted_class
ROI_08052__20200721T085559_20200721T091544_T34NBM,3,cloud_shadow,3521,0.43229772387439774,0.738994603805737,6019,
ROI_08234__20181222T064251_20181222T064254_T40QEM,0,clear,16781,0.7401054097056484,0.8870150765746976,20112,
ROI_08234__20181222T064251_20181222T064254_T40QEM,1,thick_cloud,16403,0.7857183019398369,0.8519173321953302,17785,
ROI_08234__20181222T064251_20181222T064254_T40QEM,2,thin_cloud,0,,,0,absent_true_and_predicted_class
ROI_08234__20181222T064251_20181222T064254_T40QEM,3,cloud_shadow,16992,0.7490628904623073,0.8467514124293786,19208,
ROI_08234__20200116T064221_20200116T064216_T40QEM,0,clear,50176,1.0,1.0,50176,
ROI_08234__20200116T064221_20200116T064216_T40QEM,1,thick_cloud,0,,,0,absent_true_and_predicted_class
ROI_08234__20200116T064221_20200116T064216_T40QEM,2,thin_cloud,0,,,0,absent_true_and_predicted_class
ROI_08234__20200116T064221_20200116T064216_T40QEM,3,cloud_shadow,0,,,0,absent_true_and_predicted_class
ROI_08234__20200316T063621_20200316T065200_T40QEM,0,clear,447,1.0,1.0,447,
ROI_08234__20200316T063621_20200316T065200_T40QEM,1,thick_cloud,48020,0.9623202162563711,0.9711578508954603,48461,
ROI_08234__20200316T063621_20200316T065200_T40QEM,2,thin_cloud,0,,,0,absent_true_and_predicted_class
ROI_08234__20200316T063621_20200316T065200_T40QEM,3,cloud_shadow,1709,0.40982546864899805,0.7419543592744295,3094,
ROI_08234__20200321T063629_20200321T064926_T40QEM,0,clear,447,1.0,1.0,447,
ROI_08234__20200321T063629_20200321T064926_T40QEM,1,thick_cloud,44273,0.916678915650001,0.9860411537505929,47623,
ROI_08234__20200321T063629_20200321T064926_T40QEM,2,thin_cloud,985,0.0,0.0,985,
ROI_08234__20200321T063629_20200321T064926_T40QEM,3,cloud_shadow,4471,0.4138337590882295,0.471035562513979,5089,
ROI_08234__20200619T063629_20200619T064225_T40QEM,0,clear,47579,0.9689962351101693,0.989932533260472,48607,
ROI_08234__20200619T063629_20200619T064225_T40QEM,1,thick_cloud,1686,0.3377926421404682,0.3594306049822064,1794,
ROI_08234__20200619T063629_20200619T064225_T40QEM,2,thin_cloud,0,0.0,,138,no_true_class_for_recall
ROI_08234__20200619T063629_20200619T064225_T40QEM,3,cloud_shadow,911,0.315230961298377,0.5543358946212953,1602,
ROI_08347__20180504T082559_20180504T083219_T37TCF,0,clear,5036,0.7589939509710283,0.9467831612390787,6282,
ROI_08347__20180504T082559_20180504T083219_T37TCF,1,thick_cloud,24317,0.9259947054407524,0.9637702019163548,25309,
ROI_08347__20180504T082559_20180504T083219_T37TCF,2,thin_cloud,0,,,0,absent_true_and_predicted_class
ROI_08347__20180504T082559_20180504T083219_T37TCF,3,cloud_shadow,20823,0.8551367669929558,0.8978053114344715,21862,
ROI_08347__20180608T082601_20180608T083239_T37TCF,0,clear,38773,0.8772154119976937,0.9025094782451706,39891,
ROI_08347__20180608T082601_20180608T083239_T37TCF,1,thick_cloud,7112,0.6535898538263113,0.8550337457817773,9304,
ROI_08347__20180608T082601_20180608T083239_T37TCF,2,thin_cloud,0,,,0,absent_true_and_predicted_class
ROI_08347__20180608T082601_20180608T083239_T37TCF,3,cloud_shadow,4291,0.546946916231973,0.8308086693078537,6518,
ROI_08347__20180807T082601_20180807T083604_T37TCF,0,clear,2622,0.569656699889258,0.9809305873379099,4515,
ROI_08347__20180807T082601_20180807T083604_T37TCF,1,thick_cloud,41052,0.9057710185692832,0.925606547793043,41951,
ROI_08347__20180807T082601_20180807T083604_T37TCF,2,thin_cloud,0,,,0,absent_true_and_predicted_class
ROI_08347__20180807T082601_20180807T083604_T37TCF,3,cloud_shadow,6502,0.696089670105719,0.8405106121193479,7851,
ROI_08347__20190802T082611_20190802T082606_T37TCF,0,clear,19092,0.7489233805849632,0.8744500314267756,22292,
ROI_08347__20190802T082611_20190802T082606_T37TCF,1,thick_cloud,20058,0.7986712753063698,0.8870276199022834,22277,
ROI_08347__20190802T082611_20190802T082606_T37TCF,2,thin_cloud,0,,,0,absent_true_and_predicted_class
ROI_08347__20190802T082611_20190802T082606_T37TCF,3,cloud_shadow,11026,0.6448598130841121,0.7572102303645928,12947,
ROI_08347__20200622T082609_20200622T083740_T37TCF,0,clear,50176,1.0,1.0,50176,
ROI_08347__20200622T082609_20200622T083740_T37TCF,1,thick_cloud,0,,,0,absent_true_and_predicted_class
ROI_08347__20200622T082609_20200622T083740_T37TCF,2,thin_cloud,0,,,0,absent_true_and_predicted_class
ROI_08347__20200622T082609_20200622T083740_T37TCF,3,cloud_shadow,0,,,0,absent_true_and_predicted_class
ROI_08676__20180703T105621_20180703T105938_T31TCN,0,clear,30137,0.8223688210615918,0.8976009556359292,32894,
ROI_08676__20180703T105621_20180703T105938_T31TCN,1,thick_cloud,10190,0.6400865399474579,0.8129538763493621,12942,
ROI_08676__20180703T105621_20180703T105938_T31TCN,2,thin_cloud,0,,,0,absent_true_and_predicted_class
ROI_08676__20180703T105621_20180703T105938_T31TCN,3,cloud_shadow,9849,0.6401026079521163,0.760077165194436,11695,
ROI_08676__20180814T105019_20180814T105021_T30TYT,0,clear,7609,0.6820135052179251,0.8760678144302799,9774,
ROI_08676__20180814T105019_20180814T105021_T30TYT,1,thick_cloud,29603,0.8586265695241048,0.9355470729317975,32255,
ROI_08676__20180814T105019_20180814T105021_T30TYT,2,thin_cloud,0,,,0,absent_true_and_predicted_class
ROI_08676__20180814T105019_20180814T105021_T30TYT,3,cloud_shadow,12964,0.7220265900107797,0.7749922863313792,13915,
ROI_08676__20180817T105619_20180817T110514_T31TCN,0,clear,28312,0.8379793138244198,0.938612602430065,31712,
ROI_08676__20180817T105619_20180817T110514_T31TCN,1,thick_cloud,13576,0.7474153528043422,0.8520182675309369,15476,
ROI_08676__20180817T105619_20180817T110514_T31TCN,2,thin_cloud,0,,,0,absent_true_and_predicted_class
ROI_08676__20180817T105619_20180817T110514_T31TCN,3,cloud_shadow,8288,0.5684902902484861,0.6569739382239382,9578,
ROI_08676__20190908T105029_20190908T105028_T31TCN,0,clear,12023,0.6920439437408159,0.8225900357647842,14291,
ROI_08676__20190908T105029_20190908T105028_T31TCN,1,thick_cloud,24181,0.8236638932613747,0.9088540589719201,26682,
ROI_08676__20190908T105029_20190908T105028_T31TCN,2,thin_cloud,0,,,0,absent_true_and_predicted_class
ROI_08676__20190908T105029_20190908T105028_T31TCN,3,cloud_shadow,13972,0.7524683100834448,0.8454766676209562,15699,
ROI_08676__20200405T104619_20200405T105015_T30TYT,0,clear,50176,1.0,1.0,50176,
ROI_08676__20200405T104619_20200405T105015_T30TYT,1,thick_cloud,0,,,0,absent_true_and_predicted_class
ROI_08676__20200405T104619_20200405T105015_T30TYT,2,thin_cloud,0,,,0,absent_true_and_predicted_class
ROI_08676__20200405T104619_20200405T105015_T30TYT,3,cloud_shadow,0,,,0,absent_true_and_predicted_class
ROI_08710__20190220T105059_20190220T105057_T31UDQ,0,clear,24597,0.843473738949558,0.8572590153270724,24999,
ROI_08710__20190220T105059_20190220T105057_T31UDQ,1,thick_cloud,21671,0.8759066332586047,0.9194776429329519,22749,
ROI_08710__20190220T105059_20190220T105057_T31UDQ,2,thin_cloud,0,,,0,absent_true_and_predicted_class
ROI_08710__20190220T105059_20190220T105057_T31UDQ,3,cloud_shadow,3908,0.3472803347280335,0.7645854657113613,8604,
ROI_08710__20190322T105029_20190322T105540_T31UDQ,0,clear,50176,1.0,1.0,50176,
ROI_08710__20190322T105029_20190322T105540_T31UDQ,1,thick_cloud,0,,,0,absent_true_and_predicted_class
ROI_08710__20190322T105029_20190322T105540_T31UDQ,2,thin_cloud,0,,,0,absent_true_and_predicted_class
ROI_08710__20190322T105029_20190322T105540_T31UDQ,3,cloud_shadow,0,,,0,absent_true_and_predicted_class
ROI_08710__20190524T105629_20190524T110120_T31UDQ,0,clear,20806,0.6203951046778903,0.9599634720753629,32194,
ROI_08710__20190524T105629_20190524T110120_T31UDQ,1,thick_cloud,6198,0.522007722007722,0.5453372055501775,6475,
ROI_08710__20190524T105629_20190524T110120_T31UDQ,2,thin_cloud,18436,0.47139247360346537,0.5666630505532654,22162,
ROI_08710__20190524T105629_20190524T110120_T31UDQ,3,cloud_shadow,4736,0.094509278744978,0.10430743243243243,5227,
ROI_08710__20190720T105039_20190720T105035_T31UDQ,0,clear,3532,0.37883242335153294,0.7661381653454133,7143,
ROI_08710__20190720T105039_20190720T105035_T31UDQ,1,thick_cloud,28502,0.8144022794974745,0.8824643884639675,30884,
ROI_08710__20190720T105039_20190720T105035_T31UDQ,2,thin_cloud,12205,0.5039690616731122,0.608603031544449,14739,
ROI_08710__20190720T105039_20190720T105035_T31UDQ,3,cloud_shadow,5937,0.5585402939685757,0.7424625231598451,7892,
ROI_08710__20190918T105029_20190918T105246_T31UDQ,0,clear,1981,0.252414951700966,0.3033821302372539,2381,
ROI_08710__20190918T105029_20190918T105246_T31UDQ,1,thick_cloud,28665,0.6606009166525207,0.6788069073783359,29455,
ROI_08710__20190918T105029_20190918T105246_T31UDQ,2,thin_cloud,14775,0.4824957748422033,0.9468020304568527,28993,
ROI_08710__20190918T105029_20190918T105246_T31UDQ,3,cloud_shadow,4755,0.15141955835962145,0.15141955835962145,4755,
ROI_08711__20190620T105039_20190620T105034_T31UDQ,0,clear,11002,0.701293927363623,0.8670241774222869,13602,
ROI_08711__20190620T105039_20190620T105034_T31UDQ,1,thick_cloud,30706,0.8503035822707954,0.9121670031915586,32940,
ROI_08711__20190620T105039_20190620T105034_T31UDQ,2,thin_cloud,0,,,0,absent_true_and_predicted_class
ROI_08711__20190620T105039_20190620T105034_T31UDQ,3,cloud_shadow,8468,0.5576628352490421,0.687529522909778,10440,
ROI_08711__20190807T105621_20190807T110430_T31UDQ,0,clear,1535,0.4455056179775281,0.5166123778501629,1780,
ROI_08711__20190807T105621_20190807T110430_T31UDQ,1,thick_cloud,34164,0.911613538192356,0.976027397260274,36578,
ROI_08711__20190807T105621_20190807T110430_T31UDQ,2,thin_cloud,0,,,0,absent_true_and_predicted_class
ROI_08711__20190807T105621_20190807T110430_T31UDQ,3,cloud_shadow,14477,0.7905765893167063,0.8495544657042204,15557,
ROI_08711__20190819T105029_20190819T105032_T31UDQ,0,clear,14649,0.7220568335588633,0.9106423646665301,18475,
ROI_08711__20190819T105029_20190819T105032_T31UDQ,1,thick_cloud,21103,0.8132519383299172,0.8648533383879069,22442,
ROI_08711__20190819T105029_20190819T105032_T31UDQ,2,thin_cloud,0,,,0,absent_true_and_predicted_class
ROI_08711__20190819T105029_20190819T105032_T31UDQ,3,cloud_shadow,14424,0.7465813574206499,0.8251525235718248,15942,
ROI_08711__20191018T105039_20191018T105338_T31UDQ,0,clear,15559,0.5963251148401613,0.8176618034578058,21334,
ROI_08711__20191018T105039_20191018T105338_T31UDQ,1,thick_cloud,17434,0.687880942706217,0.7768154181484456,19688,
ROI_08711__20191018T105039_20191018T105338_T31UDQ,2,thin_cloud,0,0.0,,432,no_true_class_for_recall
ROI_08711__20191018T105039_20191018T105338_T31UDQ,3,cloud_shadow,17183,0.6170961347869177,0.7247279287668044,20180,
ROI_08711__20200104T110441_20200104T110437_T31UDQ,0,clear,50176,1.0,1.0,50176,
ROI_08711__20200104T110441_20200104T110437_T31UDQ,1,thick_cloud,0,,,0,absent_true_and_predicted_class
ROI_08711__20200104T110441_20200104T110437_T31UDQ,2,thin_cloud,0,,,0,absent_true_and_predicted_class
ROI_08711__20200104T110441_20200104T110437_T31UDQ,3,cloud_shadow,0,,,0,absent_true_and_predicted_class
ROI_08713__20180426T105029_20180426T105202_T31UDP,0,clear,30108,0.8895622481311718,0.9604424073335991,32507,
ROI_08713__20180426T105029_20180426T105202_T31UDP,1,thick_cloud,14124,0.8321253672869735,0.9022939677145284,15315,
ROI_08713__20180426T105029_20180426T105202_T31UDP,2,thin_cloud,0,,,0,absent_true_and_predicted_class
ROI_08713__20180426T105029_20180426T105202_T31UDP,3,cloud_shadow,5944,0.56885103926097,0.6630215343203231,6928,
ROI_08713__20180526T105029_20180526T105635_T31UDP,0,clear,447,0.05926809864757359,1.0,7542,
ROI_08713__20180526T105029_20180526T105635_T31UDP,1,thick_cloud,27936,0.8137686987292907,0.9054982817869416,31085,
ROI_08713__20180526T105029_20180526T105635_T31UDP,2,thin_cloud,12774,0.2313512933347644,0.33748238609675907,18634,
ROI_08713__20180526T105029_20180526T105635_T31UDP,3,cloud_shadow,9019,0.37521097046413504,0.3943896219093026,9480,
ROI_08713__20180715T105029_20180715T105300_T31UDP,0,clear,50176,1.0,1.0,50176,
ROI_08713__20180715T105029_20180715T105300_T31UDP,1,thick_cloud,0,,,0,absent_true_and_predicted_class
ROI_08713__20180715T105029_20180715T105300_T31UDP,2,thin_cloud,0,,,0,absent_true_and_predicted_class
ROI_08713__20180715T105029_20180715T105300_T31UDP,3,cloud_shadow,0,,,0,absent_true_and_predicted_class
ROI_08713__20190819T105029_20190819T105032_T31UDP,0,clear,14282,0.7191947240541479,0.8704663212435233,17286,
ROI_08713__20190819T105029_20190819T105032_T31UDP,1,thick_cloud,20584,0.7939736180350289,0.8743198600855033,22667,
ROI_08713__20190819T105029_20190819T105032_T31UDP,2,thin_cloud,0,,,0,absent_true_and_predicted_class
ROI_08713__20190819T105029_20190819T105032_T31UDP,3,cloud_shadow,15310,0.7218200620475698,0.8206401045068583,17406,
ROI_08713__20200614T104629_20200614T105727_T31UDP,0,clear,1781,0.6228941684665227,0.8096574957888827,2315,
ROI_08713__20200614T104629_20200614T105727_T31UDP,1,thick_cloud,42771,0.9324625676967186,0.9580790722685932,43946,
ROI_08713__20200614T104629_20200614T105727_T31UDP,2,thin_cloud,0,,,0,absent_true_and_predicted_class
ROI_08713__20200614T104629_20200614T105727_T31UDP,3,cloud_shadow,5624,0.5684719795726381,0.7521337126600285,7441,
ROI_08945__20180705T100031_20180705T100508_T33TWL,0,clear,50176,0.9811264349489796,0.9811264349489796,50176,
ROI_08945__20180705T100031_20180705T100508_T33TWL,1,thick_cloud,0,0.0,,516,no_true_class_for_recall
ROI_08945__20180705T100031_20180705T100508_T33TWL,2,thin_cloud,0,,,0,absent_true_and_predicted_class
ROI_08945__20180705T100031_20180705T100508_T33TWL,3,cloud_shadow,0,0.0,,431,no_true_class_for_recall
ROI_08945__20190804T100039_20190804T100758_T33TWL,0,clear,7184,0.5050161388816191,0.8058184855233853,11463,
ROI_08945__20190804T100039_20190804T100758_T33TWL,1,thick_cloud,25793,0.8188182290764165,0.9160237273678905,28855,
ROI_08945__20190804T100039_20190804T100758_T33TWL,2,thin_cloud,6061,0.5329115627944542,0.6531925424847385,7429,
ROI_08945__20190804T100039_20190804T100758_T33TWL,3,cloud_shadow,11138,0.5430909966297545,0.6076494882384629,12462,
ROI_08945__20191015T095031_20191015T095354_T33TWL,0,clear,8992,0.421088701781868,0.4783140569395018,10214,
ROI_08945__20191015T095031_20191015T095354_T33TWL,1,thick_cloud,8271,0.5515579559617781,0.8025631725305283,12035,
ROI_08945__20191015T095031_20191015T095354_T33TWL,2,thin_cloud,23343,0.5743843504933878,0.8503191534935527,34557,
ROI_08945__20191015T095031_20191015T095354_T33TWL,3,cloud_shadow,9570,0.29417731791438423,0.30303030303030304,9858,
ROI_08945__20200629T100029_20200629T100503_T33TWL,0,clear,40515,0.9364768300552063,0.9671726521041589,41843,
ROI_08945__20200629T100029_20200629T100503_T33TWL,1,thick_cloud,5396,0.6954346466541589,0.8243143068939955,6396,
ROI_08945__20200629T100029_20200629T100503_T33TWL,2,thin_cloud,0,,,0,absent_true_and_predicted_class
ROI_08945__20200629T100029_20200629T100503_T33TWL,3,cloud_shadow,4265,0.6929526851666999,0.8138335287221571,5009,
ROI_08945__20200729T100029_20200729T100152_T33TWL,0,clear,8291,0.6355961405926946,0.8898805934145458,11608,
ROI_08945__20200729T100029_20200729T100152_T33TWL,1,thick_cloud,32646,0.892646584342827,0.9322122158916866,34093,
ROI_08945__20200729T100029_20200729T100152_T33TWL,2,thin_cloud,0,,,0,absent_true_and_predicted_class
ROI_08945__20200729T100029_20200729T100152_T33TWL,3,cloud_shadow,9239,0.5039742788246852,0.6107803874878234,11197,
ROI_09177__20190530T084601_20190530T084608_T36UWV,0,clear,50176,1.0,1.0,50176,
ROI_09177__20190530T084601_20190530T084608_T36UWV,1,thick_cloud,0,,,0,absent_true_and_predicted_class
ROI_09177__20190530T084601_20190530T084608_T36UWV,2,thin_cloud,0,,,0,absent_true_and_predicted_class
ROI_09177__20190530T084601_20190530T084608_T36UWV,3,cloud_shadow,0,,,0,absent_true_and_predicted_class
ROI_09177__20190616T083601_20190616T084207_T36UWV,0,clear,36252,0.7691730129786549,0.9890488800617897,46615,
ROI_09177__20190616T083601_20190616T084207_T36UWV,1,thick_cloud,2595,0.7148638704930096,0.748747591522158,2718,
ROI_09177__20190616T083601_20190616T084207_T36UWV,2,thin_cloud,10079,0.0,0.0,10079,
ROI_09177__20190616T083601_20190616T084207_T36UWV,3,cloud_shadow,1250,0.6071611253196931,0.9496,1955,
ROI_09177__20190711T083609_20190711T084452_T36UWV,0,clear,13607,0.8266425713179295,0.9412802234144191,15494,
ROI_09177__20190711T083609_20190711T084452_T36UWV,1,thick_cloud,27731,0.9056048219481779,0.9427355666943132,28868,
ROI_09177__20190711T083609_20190711T084452_T36UWV,2,thin_cloud,0,,,0,absent_true_and_predicted_class
ROI_09177__20190711T083609_20190711T084452_T36UWV,3,cloud_shadow,8838,0.7078280044101434,0.7990495587236931,9977,
ROI_09177__20190803T084609_20190803T085254_T36UWV,0,clear,5051,0.3194881326851587,0.8847752920213819,13988,
ROI_09177__20190803T084609_20190803T085254_T36UWV,1,thick_cloud,26591,0.8149499582985822,0.8819149336241585,28776,
ROI_09177__20190803T084609_20190803T085254_T36UWV,2,thin_cloud,8637,0.0,0.0,8637,
ROI_09177__20190803T084609_20190803T085254_T36UWV,3,cloud_shadow,9897,0.6240154440154441,0.8165100535515812,12950,
ROI_09177__20200715T083559_20200715T083706_T36UWV,0,clear,31514,0.8463367060831403,0.8811956590721584,32812,
ROI_09177__20200715T083559_20200715T083706_T36UWV,1,thick_cloud,12773,0.7363789049378568,0.8581382603930165,14885,
ROI_09177__20200715T083559_20200715T083706_T36UWV,2,thin_cloud,0,,,0,absent_true_and_predicted_class
ROI_09177__20200715T083559_20200715T083706_T36UWV,3,cloud_shadow,5889,0.5699627917465329,0.8583800305654611,8869,
ROI_09184__20190102T084349_20190102T084604_T36UXU,0,clear,50176,1.0,1.0,50176,
ROI_09184__20190102T084349_20190102T084604_T36UXU,1,thick_cloud,0,,,0,absent_true_and_predicted_class
ROI_09184__20190102T084349_20190102T084604_T36UXU,2,thin_cloud,0,,,0,absent_true_and_predicted_class
ROI_09184__20190102T084349_20190102T084604_T36UXU,3,cloud_shadow,0,,,0,absent_true_and_predicted_class
ROI_09184__20190507T083601_20190507T084614_T36UXU,0,clear,14182,0.704435310717134,0.8096883373290086,16301,
ROI_09184__20190507T083601_20190507T084614_T36UXU,1,thick_cloud,26199,0.8384442511236769,0.8828962937516699,27588,
ROI_09184__20190507T083601_20190507T084614_T36UXU,2,thin_cloud,0,,,0,absent_true_and_predicted_class
ROI_09184__20190507T083601_20190507T084614_T36UXU,3,cloud_shadow,9795,0.6711794401101423,0.8958652373660031,13074,
ROI_09184__20190805T083601_20190805T083629_T36UXU,0,clear,34812,0.8995275763568447,0.9407675514190509,36408,
ROI_09184__20190805T083601_20190805T083629_T36UXU,1,thick_cloud,10555,0.7830385015608741,0.8555187115111321,11532,
ROI_09184__20190805T083601_20190805T083629_T36UXU,2,thin_cloud,0,,,0,absent_true_and_predicted_class
ROI_09184__20190805T083601_20190805T083629_T36UXU,3,cloud_shadow,4809,0.6524712465029531,0.8729465585360782,6434,
ROI_09184__20190820T083609_20190820T084332_T36UXU,0,clear,28947,0.8339101475773801,0.8823366842850727,30628,
ROI_09184__20190820T083609_20190820T084332_T36UXU,1,thick_cloud,11875,0.7873849403953523,0.878821052631579,13254,
ROI_09184__20190820T083609_20190820T084332_T36UXU,2,thin_cloud,0,,,0,absent_true_and_predicted_class
ROI_09184__20190820T083609_20190820T084332_T36UXU,3,cloud_shadow,9354,0.6837564702982499,0.8896728672225785,12171,
ROI_09184__20200317T083659_20200317T084226_T36UXU,0,clear,447,0.02237797246558198,1.0,19975,
ROI_09184__20200317T083659_20200317T084226_T36UXU,1,thick_cloud,13861,0.44491739412740783,0.44491739412740783,13861,
ROI_09184__20200317T083659_20200317T084226_T36UXU,2,thin_cloud,35868,0.37509756209540424,0.45555927288948367,43562,
ROI_09184__20200317T083659_20200317T084226_T36UXU,3,cloud_shadow,0,,,0,absent_true_and_predicted_class
ROI_09251__20190216T084031_20190216T084027_T37VEG,0,clear,40728,0.8195604757397423,0.9779267334511884,48598,
ROI_09251__20190216T084031_20190216T084027_T37VEG,1,thick_cloud,2162,0.23182121414276183,0.32146160962072157,2998,
ROI_09251__20190216T084031_20190216T084027_T37VEG,2,thin_cloud,0,,,0,absent_true_and_predicted_class
ROI_09251__20190216T084031_20190216T084027_T37VEG,3,cloud_shadow,7286,0.1201524016873044,0.12119132583035959,7349,
ROI_09251__20190818T084601_20190818T085006_T37VEG,0,clear,5352,0.3015836584806059,0.9820627802690582,17428,
ROI_09251__20190818T084601_20190818T085006_T37VEG,1,thick_cloud,8056,0.6397790055248619,0.7187189672293942,9050,
ROI_09251__20190818T084601_20190818T085006_T37VEG,2,thin_cloud,30063,0.5600167169169229,0.6240228852742574,33499,
ROI_09251__20190818T084601_20190818T085006_T37VEG,3,cloud_shadow,6705,0.5034139402560455,0.5278150633855332,7030,
ROI_09251__20191123T084301_20191123T084306_T37VEG,0,clear,50176,1.0,1.0,50176,
ROI_09251__20191123T084301_20191123T084306_T37VEG,1,thick_cloud,0,,,0,absent_true_and_predicted_class
ROI_09251__20191123T084301_20191123T084306_T37VEG,2,thin_cloud,0,,,0,absent_true_and_predicted_class
ROI_09251__20191123T084301_20191123T084306_T37VEG,3,cloud_shadow,0,,,0,absent_true_and_predicted_class
ROI_09251__20200122T084241_20200122T084258_T37VEG,0,clear,29524,0.718770790432441,0.7684595583254301,31565,
ROI_09251__20200122T084241_20200122T084258_T37VEG,1,thick_cloud,204,0.0,0.0,2867,
ROI_09251__20200122T084241_20200122T084258_T37VEG,2,thin_cloud,8885,0.40066482778131407,0.6375914462577378,14139,
ROI_09251__20200122T084241_20200122T084258_T37VEG,3,cloud_shadow,11563,0.7239146431199411,0.8508172619562397,13590,
ROI_09251__20200411T083601_20200411T083902_T37VEG,0,clear,16430,0.7727736233854521,0.830249543517955,17652,
ROI_09251__20200411T083601_20200411T083902_T37VEG,1,thick_cloud,33561,0.767557890411763,0.7792676022764519,34073,
ROI_09251__20200411T083601_20200411T083902_T37VEG,2,thin_cloud,185,0.0,0.0,6701,
ROI_09251__20200411T083601_20200411T083902_T37VEG,3,cloud_shadow,0,0.0,,2132,no_true_class_for_recall
ROI_09277__20190316T084719_20190316T084715_T37VFK,0,clear,46608,0.9275091066433214,0.9888216615173361,49689,
ROI_09277__20190316T084719_20190316T084715_T37VFK,1,thick_cloud,947,0.33174386920980925,0.5142555438225976,1468,
ROI_09277__20190316T084719_20190316T084715_T37VFK,2,thin_cloud,0,,,0,absent_true_and_predicted_class
ROI_09277__20190316T084719_20190316T084715_T37VFK,3,cloud_shadow,2621,0.0,0.0,2621,
ROI_09277__20190417T083601_20190417T083603_T37VFK,0,clear,9039,0.5968482792735496,0.9343953977209868,14151,
ROI_09277__20190417T083601_20190417T083603_T37VFK,1,thick_cloud,33160,0.8395266763545776,0.8536791314837153,33719,
ROI_09277__20190417T083601_20190417T083603_T37VFK,2,thin_cloud,0,,,0,absent_true_and_predicted_class
ROI_09277__20190417T083601_20190417T083603_T37VFK,3,cloud_shadow,7977,0.641410978918806,0.7704650871254858,9582,
ROI_09277__20190502T083609_20190502T084027_T37VFK,0,clear,50176,1.0,1.0,50176,
ROI_09277__20190502T083609_20190502T084027_T37VFK,1,thick_cloud,0,,,0,absent_true_and_predicted_class
ROI_09277__20190502T083609_20190502T084027_T37VFK,2,thin_cloud,0,,,0,absent_true_and_predicted_class
ROI_09277__20190502T083609_20190502T084027_T37VFK,3,cloud_shadow,0,,,0,absent_true_and_predicted_class
ROI_09277__20190616T083601_20190616T084207_T37VFK,0,clear,5432,0.08227498619547212,0.0822901325478645,5433,
ROI_09277__20190616T083601_20190616T084207_T37VFK,1,thick_cloud,39199,0.5478456083063343,0.5478456083063343,39199,
ROI_09277__20190616T083601_20190616T084207_T37VFK,2,thin_cloud,5047,0.11984219376536023,0.36714880126808,15462,
ROI_09277__20190616T083601_20190616T084207_T37VFK,3,cloud_shadow,498,0.031154207069127308,1.0,15985,
ROI_09277__20190818T084601_20190818T085006_T38VLQ,0,clear,28472,0.8312396694214876,0.8831483562798539,30250,
ROI_09277__20190818T084601_20190818T085006_T38VLQ,1,thick_cloud,10606,0.7372380440623321,0.9055251744295681,13027,
ROI_09277__20190818T084601_20190818T085006_T38VLQ,2,thin_cloud,0,,,0,absent_true_and_predicted_class
ROI_09277__20190818T084601_20190818T085006_T38VLQ,3,cloud_shadow,11098,0.6875283446712018,0.8196071364209767,13230,
ROI_09659__20190104T024109_20190104T024110_T51TXF,0,clear,50176,1.0,1.0,50176,
ROI_09659__20190104T024109_20190104T024110_T51TXF,1,thick_cloud,0,,,0,absent_true_and_predicted_class
ROI_09659__20190104T024109_20190104T024110_T51TXF,2,thin_cloud,0,,,0,absent_true_and_predicted_class
ROI_09659__20190104T024109_20190104T024110_T51TXF,3,cloud_shadow,0,,,0,absent_true_and_predicted_class
ROI_09659__20190504T023559_20190504T024226_T51TXF,0,clear,34278,0.8192162522202486,0.8611354221366474,36032,
ROI_09659__20190504T023559_20190504T024226_T51TXF,1,thick_cloud,249,0.0,0.0,249,
ROI_09659__20190504T023559_20190504T024226_T51TXF,2,thin_cloud,15649,0.6726207764546422,0.8879161607770465,20658,
ROI_09659__20190504T023559_20190504T024226_T51TXF,3,cloud_shadow,0,,,0,absent_true_and_predicted_class
ROI_09659__20190605T022551_20190605T023452_T51TXF,0,clear,18757,0.6856565482844612,0.850189262675268,23258,
ROI_09659__20190605T022551_20190605T023452_T51TXF,1,thick_cloud,23285,0.766832504145937,0.893622503757784,27135,
ROI_09659__20190605T022551_20190605T023452_T51TXF,2,thin_cloud,5100,0.0,0.0,5100,
ROI_09659__20190605T022551_20190605T023452_T51TXF,3,cloud_shadow,3034,0.3333333333333333,0.6677653263019117,6078,
ROI_09659__20200119T024019_20200119T024022_T51TXF,0,clear,22095,0.3852452168100927,0.4173794976238968,23938,
ROI_09659__20200119T024019_20200119T024022_T51TXF,1,thick_cloud,26735,0.7990253619322022,0.8402094632504208,28113,
ROI_09659__20200119T024019_20200119T024022_T51TXF,2,thin_cloud,0,,,0,absent_true_and_predicted_class
ROI_09659__20200119T024019_20200119T024022_T51TXF,3,cloud_shadow,1346,0.06430950550858314,0.7459138187221397,15612,
ROI_09659__20200530T022601_20200530T023518_T51TXF,0,clear,47277,0.9480084453286776,0.9877318780802504,49258,
ROI_09659__20200530T022601_20200530T023518_T51TXF,1,thick_cloud,722,0.5514018691588785,0.5720221606648199,749,
ROI_09659__20200530T022601_20200530T023518_T51TXF,2,thin_cloud,1825,0.0,0.0,2561,
ROI_09659__20200530T022601_20200530T023518_T51TXF,3,cloud_shadow,352,0.4878587196467991,0.6278409090909091,453,
ROI_09761__20190120T035051_20190120T035439_T48TYT,0,clear,50176,1.0,1.0,50176,
ROI_09761__20190120T035051_20190120T035439_T48TYT,1,thick_cloud,0,,,0,absent_true_and_predicted_class
ROI_09761__20190120T035051_20190120T035439_T48TYT,2,thin_cloud,0,,,0,absent_true_and_predicted_class
ROI_09761__20190120T035051_20190120T035439_T48TYT,3,cloud_shadow,0,,,0,absent_true_and_predicted_class
ROI_09761__20190609T034541_20190609T035004_T48TYT,0,clear,447,0.07007367926007212,1.0,6379,
ROI_09761__20190609T034541_20190609T035004_T48TYT,1,thick_cloud,36917,0.335323222544907,0.3377847604084839,37188,
ROI_09761__20190609T034541_20190609T035004_T48TYT,2,thin_cloud,11021,0.18230116315624018,0.5261772978858543,31810,
ROI_09761__20190609T034541_20190609T035004_T48TYT,3,cloud_shadow,1791,0.19789473684210526,0.5773310999441653,5225,
ROI_09761__20190629T034541_20190629T034539_T48TYT,0,clear,27541,0.8373674190916508,0.8943756581097273,29416,
ROI_09761__20190629T034541_20190629T034539_T48TYT,1,thick_cloud,13709,0.7669909167042454,0.8684805602159166,15523,
ROI_09761__20190629T034541_20190629T034539_T48TYT,2,thin_cloud,0,,,0,absent_true_and_predicted_class
ROI_09761__20190629T034541_20190629T034539_T48TYT,3,cloud_shadow,8926,0.654250657318142,0.8363208604077974,11410,
ROI_09761__20200419T034529_20200419T034529_T48TYT,0,clear,45896,0.9603234828610455,0.9650732089942479,46123,
ROI_09761__20200419T034529_20200419T034529_T48TYT,1,thick_cloud,1173,0.6323651452282157,0.649616368286445,1205,
ROI_09761__20200419T034529_20200419T034529_T48TYT,2,thin_cloud,0,,,0,absent_true_and_predicted_class
ROI_09761__20200419T034529_20200419T034529_T48TYT,3,cloud_shadow,3107,0.6343314191960624,0.9954940457032507,4876,
ROI_09761__20200618T034539_20200618T034537_T48TYT,0,clear,30087,0.5989339684159791,0.7021304882507395,35271,
ROI_09761__20200618T034539_20200618T034537_T48TYT,1,thick_cloud,0,0.0,,1166,no_true_class_for_recall
ROI_09761__20200618T034539_20200618T034537_T48TYT,2,thin_cloud,20089,0.49352924352924354,0.6871919956194933,27972,
ROI_09761__20200618T034539_20200618T034537_T48TYT,3,cloud_shadow,0,0.0,,1013,no_true_class_for_recall
ROI_09770__20190403T053641_20190403T054058_T45VWJ,0,clear,447,0.6772727272727272,1.0,660,
ROI_09770__20190403T053641_20190403T054058_T45VWJ,1,thick_cloud,41222,0.9271143761406427,0.9735578089369754,43287,
ROI_09770__20190403T053641_20190403T054058_T45VWJ,2,thin_cloud,0,,,0,absent_true_and_predicted_class
ROI_09770__20190403T053641_20190403T054058_T45VWJ,3,cloud_shadow,8507,0.6544010035542547,0.7358645821088515,9566,
ROI_09770__20190605T054641_20190605T055100_T45VWJ,0,clear,50176,1.0,1.0,50176,
ROI_09770__20190605T054641_20190605T055100_T45VWJ,1,thick_cloud,0,,,0,absent_true_and_predicted_class
ROI_09770__20190605T054641_20190605T055100_T45VWJ,2,thin_cloud,0,,,0,absent_true_and_predicted_class
ROI_09770__20190605T054641_20190605T055100_T45VWJ,3,cloud_shadow,0,,,0,absent_true_and_predicted_class
ROI_09770__20190804T054641_20190804T054642_T45VWJ,0,clear,19934,0.7789789244186046,0.860339119093007,22016,
ROI_09770__20190804T054641_20190804T054642_T45VWJ,1,thick_cloud,16654,0.8132286995515695,0.8711420679716585,17840,
ROI_09770__20190804T054641_20190804T054642_T45VWJ,2,thin_cloud,0,,,0,absent_true_and_predicted_class
ROI_09770__20190804T054641_20190804T054642_T45VWJ,3,cloud_shadow,13588,0.8012492192379763,0.9440682955549013,16010,
ROI_09770__20190816T053649_20190816T053944_T45VWJ,0,clear,50089,0.5513791454081632,0.5523368404240452,50176,
ROI_09770__20190816T053649_20190816T053944_T45VWJ,1,thick_cloud,43,0.0,0.0,43,
ROI_09770__20190816T053649_20190816T053944_T45VWJ,2,thin_cloud,0,0.0,,22423,no_true_class_for_recall
ROI_09770__20190816T053649_20190816T053944_T45VWJ,3,cloud_shadow,44,0.0,0.0,44,
ROI_09770__20200729T054641_20200729T054849_T45VWJ,0,clear,6772,0.7095654255955944,0.8752215002953337,8353,
ROI_09770__20200729T054641_20200729T054849_T45VWJ,1,thick_cloud,28248,0.8570148362043214,0.9140824129141886,30129,
ROI_09770__20200729T054641_20200729T054849_T45VWJ,2,thin_cloud,0,,,0,absent_true_and_predicted_class
ROI_09770__20200729T054641_20200729T054849_T45VWJ,3,cloud_shadow,15156,0.7775286203233801,0.8693586698337292,16946,
ROI_09795__20190506T063639_20190506T063634_T43WER,0,clear,50176,1.0,1.0,50176,
ROI_09795__20190506T063639_20190506T063634_T43WER,1,thick_cloud,0,,,0,absent_true_and_predicted_class
ROI_09795__20190506T063639_20190506T063634_T43WER,2,thin_cloud,0,,,0,absent_true_and_predicted_class
ROI_09795__20190506T063639_20190506T063634_T43WER,3,cloud_shadow,0,,,0,absent_true_and_predicted_class
ROI_09795__20190804T063639_20190804T063633_T43WER,0,clear,28126,0.775016473689165,0.8781554433620138,31869,
ROI_09795__20190804T063639_20190804T063633_T43WER,1,thick_cloud,11146,0.6503344221496344,0.750224295711466,12858,
ROI_09795__20190804T063639_20190804T063633_T43WER,2,thin_cloud,0,,,0,absent_true_and_predicted_class
ROI_09795__20190804T063639_20190804T063633_T43WER,3,cloud_shadow,10904,0.6124053165642418,0.7859501100513573,13994,
ROI_09795__20200607T064631_20200607T064858_T43WER,0,clear,49721,0.5570684419058346,0.5570684419058346,49721,
ROI_09795__20200607T064631_20200607T064858_T43WER,1,thick_cloud,0,,,0,absent_true_and_predicted_class
ROI_09795__20200607T064631_20200607T064858_T43WER,2,thin_cloud,455,0.021303492836407905,1.0,21358,
ROI_09795__20200607T064631_20200607T064858_T43WER,3,cloud_shadow,0,0.0,,1120,no_true_class_for_recall
ROI_09795__20200617T064631_20200617T064630_T43WER,0,clear,13116,0.6650227197162806,0.9149893260140287,18046,
ROI_09795__20200617T064631_20200617T064630_T43WER,1,thick_cloud,27158,0.8485909267706234,0.8836806834082038,28281,
ROI_09795__20200617T064631_20200617T064630_T43WER,2,thin_cloud,0,,,0,absent_true_and_predicted_class
ROI_09795__20200617T064631_20200617T064630_T43WER,3,cloud_shadow,9902,0.630336468885673,0.7037972126843062,11056,
ROI_09795__20200722T064629_20200722T064811_T43WER,0,clear,36371,0.7227586564917199,0.7655824695499162,38526,
ROI_09795__20200722T064629_20200722T064811_T43WER,1,thick_cloud,11504,0.5673210067606093,0.6054415855354659,12277,
ROI_09795__20200722T064629_20200722T064811_T43WER,2,thin_cloud,0,,,0,absent_true_and_predicted_class
ROI_09795__20200722T064629_20200722T064811_T43WER,3,cloud_shadow,2301,0.16929789765965886,0.9274228596262495,12605,
ROI_10279__20190104T033131_20190104T033127_T47NPB,0,clear,45634,0.9097963336059524,0.9994521628610247,50131,
ROI_10279__20190104T033131_20190104T033127_T47NPB,1,thick_cloud,264,0.026515151515151516,0.026515151515151516,264,
ROI_10279__20190104T033131_20190104T033127_T47NPB,2,thin_cloud,3962,0.0,0.0,3962,
ROI_10279__20190104T033131_20190104T033127_T47NPB,3,cloud_shadow,316,0.11143695014662756,0.12025316455696203,341,
ROI_10279__20190807T032549_20190807T034614_T47NPB,0,clear,12897,0.6844483568075117,0.9043188338373265,17040,
ROI_10279__20190807T032549_20190807T034614_T47NPB,1,thick_cloud,26422,0.789884119233292,0.8203769585951102,27442,
ROI_10279__20190807T032549_20190807T034614_T47NPB,2,thin_cloud,0,,,0,absent_true_and_predicted_class
ROI_10279__20190807T032549_20190807T034614_T47NPB,3,cloud_shadow,10857,0.6432791189555831,0.8123791102514507,13711,
ROI_10279__20190817T032539_20190817T034637_T47NPB,0,clear,38995,0.7771643813775511,1.0,50176,
ROI_10279__20190817T032539_20190817T034637_T47NPB,1,thick_cloud,0,,,0,absent_true_and_predicted_class
ROI_10279__20190817T032539_20190817T034637_T47NPB,2,thin_cloud,11181,0.0,0.0,11181,
ROI_10279__20190817T032539_20190817T034637_T47NPB,3,cloud_shadow,0,,,0,absent_true_and_predicted_class
ROI_10279__20200309T032551_20200309T034649_T47NPB,0,clear,15936,0.44420675975263507,0.7166792168674698,25711,
ROI_10279__20200309T032551_20200309T034649_T47NPB,1,thick_cloud,7374,0.5723192019950125,0.9959316517493898,12832,
ROI_10279__20200309T032551_20200309T034649_T47NPB,2,thin_cloud,26866,0.10974435768531393,0.11456859971711457,28047,
ROI_10279__20200309T032551_20200309T034649_T47NPB,3,cloud_shadow,0,0.0,,11919,no_true_class_for_recall
ROI_10279__20200329T032531_20200329T033022_T47NPB,0,clear,3691,0.3874451930274837,0.9815768084529938,9351,
ROI_10279__20200329T032531_20200329T033022_T47NPB,1,thick_cloud,13974,0.5024415682927985,0.7584084728782023,21093,
ROI_10279__20200329T032531_20200329T033022_T47NPB,2,thin_cloud,31027,0.49514305898975625,0.5421407161504496,33972,
ROI_10279__20200329T032531_20200329T033022_T47NPB,3,cloud_shadow,1484,0.24497583312134316,0.648921832884097,3931,
ROI_10560__20180301T103019_20180301T103013_T33VVJ,0,clear,50176,1.0,1.0,50176,
ROI_10560__20180301T103019_20180301T103013_T33VVJ,1,thick_cloud,0,,,0,absent_true_and_predicted_class
ROI_10560__20180301T103019_20180301T103013_T33VVJ,2,thin_cloud,0,,,0,absent_true_and_predicted_class
ROI_10560__20180301T103019_20180301T103013_T33VVJ,3,cloud_shadow,0,,,0,absent_true_and_predicted_class
ROI_10560__20180425T103021_20180425T103024_T33VVJ,0,clear,15542,0.47659365270115256,0.5613820615107451,18307,
ROI_10560__20180425T103021_20180425T103024_T33VVJ,1,thick_cloud,18253,0.579354698059734,0.8735550320495261,27522,
ROI_10560__20180425T103021_20180425T103024_T33VVJ,2,thin_cloud,12549,0.08761617284931289,0.08789544983664037,12589,
ROI_10560__20180425T103021_20180425T103024_T33VVJ,3,cloud_shadow,3832,0.2995336120939209,0.9720772442588727,12436,
ROI_10560__20180724T103021_20180724T103023_T33VVJ,0,clear,12074,0.3974539623924979,0.6774888189498095,20581,
ROI_10560__20180724T103021_20180724T103023_T33VVJ,1,thick_cloud,3297,0.4524755501222494,0.8980891719745223,6544,
ROI_10560__20180724T103021_20180724T103023_T33VVJ,2,thin_cloud,34805,0.599601748170369,0.6661686539290332,38669,
ROI_10560__20180724T103021_20180724T103023_T33VVJ,3,cloud_shadow,0,0.0,,231,no_true_class_for_recall
ROI_10560__20181010T104019_20181010T104018_T33VVJ,0,clear,29459,0.5871133609693877,1.0,50176,
ROI_10560__20181010T104019_20181010T104018_T33VVJ,1,thick_cloud,0,,,0,absent_true_and_predicted_class
ROI_10560__20181010T104019_20181010T104018_T33VVJ,2,thin_cloud,20717,0.0,0.0,20717,
ROI_10560__20181010T104019_20181010T104018_T33VVJ,3,cloud_shadow,0,,,0,absent_true_and_predicted_class
ROI_10560__20200601T103629_20200601T103625_T33VVJ,0,clear,47282,0.9550400499323832,0.9708557167632503,48065,
ROI_10560__20200601T103629_20200601T103625_T33VVJ,1,thick_cloud,1415,0.6105204252937885,0.7710247349823321,1787,
ROI_10560__20200601T103629_20200601T103625_T33VVJ,2,thin_cloud,145,0.0,0.0,145,
ROI_10560__20200601T103629_20200601T103625_T33VVJ,3,cloud_shadow,1334,0.4040952778938571,0.724887556221889,2393,
ROI_10783__20190122T015959_20190122T020002_T53TPM,0,clear,50176,1.0,1.0,50176,
ROI_10783__20190122T015959_20190122T020002_T53TPM,1,thick_cloud,0,,,0,absent_true_and_predicted_class
ROI_10783__20190122T015959_20190122T020002_T53TPM,2,thin_cloud,0,,,0,absent_true_and_predicted_class
ROI_10783__20190122T015959_20190122T020002_T53TPM,3,cloud_shadow,0,,,0,absent_true_and_predicted_class
ROI_10783__20190608T014659_20190608T015224_T53TPM,0,clear,15327,0.7459285109983079,0.9204019051347295,18912,
ROI_10783__20190608T014659_20190608T015224_T53TPM,1,thick_cloud,25513,0.8259545229156336,0.9140438207972407,28234,
ROI_10783__20190608T014659_20190608T015224_T53TPM,2,thin_cloud,2590,0.0,0.0,2590,
ROI_10783__20190608T014659_20190608T015224_T53TPM,3,cloud_shadow,6746,0.550734861845973,0.6943373851171064,8505,
ROI_10783__20190616T015701_20190616T015656_T53TPM,0,clear,32810,0.88015143633316,0.9282231027125877,34602,
ROI_10783__20190616T015701_20190616T015656_T53TPM,1,thick_cloud,5503,0.3603562307641936,1.0,15271,
ROI_10783__20190616T015701_20190616T015656_T53TPM,2,thin_cloud,11616,0.1297151042495623,0.1403236914600551,12566,
ROI_10783__20190616T015701_20190616T015656_T53TPM,3,cloud_shadow,247,0.0,0.0,325,
ROI_10783__20190623T014701_20190623T014656_T53TPM,0,clear,18240,0.7852413933591362,0.8453399122807017,19636,
ROI_10783__20190623T014701_20190623T014656_T53TPM,1,thick_cloud,27733,0.8287927525766429,0.9104676738903111,30466,
ROI_10783__20190623T014701_20190623T014656_T53TPM,2,thin_cloud,429,0.0,0.0,645,
ROI_10783__20190623T014701_20190623T014656_T53TPM,3,cloud_shadow,3774,0.3590874524714829,0.6255961844197139,6575,
ROI_10783__20190827T014659_20190827T014656_T53TPM,0,clear,46789,0.952641765844418,0.9888221590544786,48566,
ROI_10783__20190827T014659_20190827T014656_T53TPM,1,thick_cloud,1613,0.3738508682328907,0.453812771233726,1958,
ROI_10783__20190827T014659_20190827T014656_T53TPM,2,thin_cloud,347,0.0,0.0,347,
ROI_10783__20190827T014659_20190827T014656_T53TPM,3,cloud_shadow,1427,0.5039370078740157,0.5830413454800281,1651,
ROI_10961__20190122T043101_20190122T043322_T47ULQ,0,clear,50176,1.0,1.0,50176,
ROI_10961__20190122T043101_20190122T043322_T47ULQ,1,thick_cloud,0,,,0,absent_true_and_predicted_class
ROI_10961__20190122T043101_20190122T043322_T47ULQ,2,thin_cloud,0,,,0,absent_true_and_predicted_class
ROI_10961__20190122T043101_20190122T043322_T47ULQ,3,cloud_shadow,0,,,0,absent_true_and_predicted_class
ROI_10961__20190407T042709_20190407T042906_T47ULQ,0,clear,792,0.040399123874422,0.8383838383838383,16436,
ROI_10961__20190407T042709_20190407T042906_T47ULQ,1,thick_cloud,42788,0.6082286131320273,0.6232822286622417,43847,
ROI_10961__20190407T042709_20190407T042906_T47ULQ,2,thin_cloud,410,0.0,0.0,410,
ROI_10961__20190407T042709_20190407T042906_T47ULQ,3,cloud_shadow,6186,0.6072499674012257,0.752828968638862,7669,
ROI_10961__20190522T042711_20190522T042707_T47ULQ,0,clear,44454,0.9614926558157999,0.9806991496828182,45342,
ROI_10961__20190522T042711_20190522T042707_T47ULQ,1,thick_cloud,1280,0.25878220140515223,0.3453125,1708,
ROI_10961__20190522T042711_20190522T042707_T47ULQ,2,thin_cloud,30,0.0,0.0,30,
ROI_10961__20190522T042711_20190522T042707_T47ULQ,3,cloud_shadow,4412,0.6664861938278289,0.8370353581142339,5541,
ROI_10961__20190525T043701_20190525T044442_T47ULQ,0,clear,15387,0.7926911521245937,0.8401897705855592,16309,
ROI_10961__20190525T043701_20190525T044442_T47ULQ,1,thick_cloud,24804,0.8487030053708148,0.8982825350749879,26253,
ROI_10961__20190525T043701_20190525T044442_T47ULQ,2,thin_cloud,612,0.0,0.0,612,
ROI_10961__20190525T043701_20190525T044442_T47ULQ,3,cloud_shadow,9373,0.7093837535014006,0.9726875066680892,12852,
ROI_10961__20200730T042709_20200730T043035_T47ULQ,0,clear,13408,0.5308788598574822,0.7667810262529833,19366,
ROI_10961__20200730T042709_20200730T043035_T47ULQ,1,thick_cloud,12984,0.7835874148556601,0.9302988293284042,15415,
ROI_10961__20200730T042709_20200730T043035_T47ULQ,2,thin_cloud,19083,0.5737343742516404,0.627731488759629,20879,
ROI_10961__20200730T042709_20200730T043035_T47ULQ,3,cloud_shadow,4701,0.6825938566552902,0.8934269304403318,6153,
ROI_11023__20190301T013709_20190301T014011_T52LGL,0,clear,31253,0.761914495970097,0.8348318561418104,34244,
ROI_11023__20190301T013709_20190301T014011_T52LGL,1,thick_cloud,11410,0.622437971952535,0.8091148115687993,14832,
ROI_11023__20190301T013709_20190301T014011_T52LGL,2,thin_cloud,1156,0.0,0.0,1156,
ROI_11023__20190301T013709_20190301T014011_T52LGL,3,cloud_shadow,6357,0.48370600621678533,0.7588485134497405,9973,
ROI_11023__20190629T013719_20190629T014021_T52LGL,0,clear,50176,1.0,1.0,50176,
ROI_11023__20190629T013719_20190629T014021_T52LGL,1,thick_cloud,0,,,0,absent_true_and_predicted_class
ROI_11023__20190629T013719_20190629T014021_T52LGL,2,thin_cloud,0,,,0,absent_true_and_predicted_class
ROI_11023__20190629T013719_20190629T014021_T52LGL,3,cloud_shadow,0,,,0,absent_true_and_predicted_class
ROI_11023__20191012T013321_20191012T014010_T52LGL,0,clear,43813,0.942216876058095,0.9654212220117316,44892,
ROI_11023__20191012T013321_20191012T014010_T52LGL,1,thick_cloud,3011,0.6080111136837231,0.872135503155098,4319,
ROI_11023__20191012T013321_20191012T014010_T52LGL,2,thin_cloud,328,0.0,0.0,328,
ROI_11023__20191012T013321_20191012T014010_T52LGL,3,cloud_shadow,3024,0.7010398613518197,0.8025793650793651,3462,
ROI_11023__20200409T013711_20200409T013710_T52LGL,0,clear,8340,0.615829346092504,0.7407673860911271,10032,
ROI_11023__20200409T013711_20200409T013710_T52LGL,1,thick_cloud,28327,0.8533918220272599,0.9614855085254351,31915,
ROI_11023__20200409T013711_20200409T013710_T52LGL,2,thin_cloud,12151,0.4958726031849204,0.6278495597070199,15385,
ROI_11023__20200409T013711_20200409T013710_T52LGL,3,cloud_shadow,1358,0.3541095890410959,0.3807069219440353,1460,
ROI_11023__20200608T013721_20200608T013719_T52LGL,0,clear,22134,0.6014598540145986,0.7073280925273335,26030,
ROI_11023__20200608T013721_20200608T013719_T52LGL,1,thick_cloud,13434,0.6333716915995397,0.8194134286139646,17380,
ROI_11023__20200608T013721_20200608T013719_T52LGL,2,thin_cloud,9510,0.24386270434245266,0.4564668769716088,17801,
ROI_11023__20200608T013721_20200608T013719_T52LGL,3,cloud_shadow,5098,0.3921971252566735,0.4495880737544135,5844,
ROI_11037__20190107T012719_20190107T012714_T52LHL,0,clear,50176,1.0,1.0,50176,
ROI_11037__20190107T012719_20190107T012714_T52LHL,1,thick_cloud,0,,,0,absent_true_and_predicted_class
ROI_11037__20190107T012719_20190107T012714_T52LHL,2,thin_cloud,0,,,0,absent_true_and_predicted_class
ROI_11037__20190107T012719_20190107T012714_T52LHL,3,cloud_shadow,0,,,0,absent_true_and_predicted_class
ROI_11037__20190206T012719_20190206T012716_T52LHL,0,clear,9742,0.5346099643538091,0.6619790597413262,12063,
ROI_11037__20190206T012719_20190206T012716_T52LHL,1,thick_cloud,16531,0.6118732607528194,0.7581513520053234,20483,
ROI_11037__20190206T012719_20190206T012716_T52LHL,2,thin_cloud,18087,0.657091325004399,0.82584176480345,22732,
ROI_11037__20190206T012719_20190206T012716_T52LHL,3,cloud_shadow,5816,0.35755141779238164,0.5051581843191196,8217,
ROI_11037__20191024T012719_20191024T012717_T52LHL,0,clear,41608,0.9365510260421459,0.9784176119976927,43468,
ROI_11037__20191024T012719_20191024T012717_T52LHL,1,thick_cloud,5122,0.7356977365888433,0.8059351815696993,5611,
ROI_11037__20191024T012719_20191024T012717_T52LHL,2,thin_cloud,0,,,0,absent_true_and_predicted_class
ROI_11037__20191024T012719_20191024T012717_T52LHL,3,cloud_shadow,3446,0.5310492505353319,0.6477074869413814,4203,
ROI_11037__20191203T012709_20191203T012710_T52LHL,0,clear,14936,0.37535260930888575,0.9977905731119443,39704,
ROI_11037__20191203T012709_20191203T012710_T52LHL,1,thick_cloud,2579,0.2817273795534665,0.37184955409073284,3404,
ROI_11037__20191203T012709_20191203T012710_T52LHL,2,thin_cloud,30010,0.23081393471733444,0.23822059313562147,30973,
ROI_11037__20191203T012709_20191203T012710_T52LHL,3,cloud_shadow,2651,0.15767045454545456,0.16748396831384382,2816,
ROI_11037__20200401T012719_20200401T013031_T52LHL,0,clear,29661,0.7944692239072257,0.9007788004450288,33630,
ROI_11037__20200401T012719_20200401T013031_T52LHL,1,thick_cloud,13788,0.6480195473251029,0.7309254424136931,15552,
ROI_11037__20200401T012719_20200401T013031_T52LHL,2,thin_cloud,0,,,0,absent_true_and_predicted_class
ROI_11037__20200401T012719_20200401T013031_T52LHL,3,cloud_shadow,6727,0.561542639869636,0.7683960160547049,9205,
ROI_11121__20190407T051651_20190407T051652_T44SME,0,clear,18873,0.29808385701040485,0.3066285169289461,19414,
ROI_11121__20190407T051651_20190407T051652_T44SME,1,thick_cloud,20546,0.33525748829598656,0.358999318602161,22001,
ROI_11121__20190407T051651_20190407T051652_T44SME,2,thin_cloud,8769,0.23780184835536122,0.8186794389326035,30189,
ROI_11121__20190407T051651_20190407T051652_T44SME,3,cloud_shadow,1988,0.17156794425087107,0.619215291750503,7175,
ROI_11121__20190507T051651_20190507T051654_T44SME,0,clear,7383,0.22020585048754063,0.22023567655424625,7384,
ROI_11121__20190507T051651_20190507T051654_T44SME,1,thick_cloud,33002,0.5017961700562894,0.5375431792012605,35353,
ROI_11121__20190507T051651_20190507T051654_T44SME,2,thin_cloud,9791,0.26278724981467755,0.7965478500663875,29678,
ROI_11121__20190507T051651_20190507T051654_T44SME,3,cloud_shadow,0,0.0,,772,no_true_class_for_recall
ROI_11121__20190522T051659_20190522T052814_T44SME,0,clear,30657,0.8039351916182642,0.9436017875199791,35983,
ROI_11121__20190522T051659_20190522T052814_T44SME,1,thick_cloud,4686,0.5721107927411653,0.8947930004268032,7329,
ROI_11121__20190522T051659_20190522T052814_T44SME,2,thin_cloud,10482,0.32434527911784977,0.35918717801946193,11608,
ROI_11121__20190522T051659_20190522T052814_T44SME,3,cloud_shadow,4351,0.6510819165378671,0.7745345897494829,5176,
ROI_11121__20200521T051701_20200521T052402_T44SME,0,clear,50176,1.0,1.0,50176,
ROI_11121__20200521T051701_20200521T052402_T44SME,1,thick_cloud,0,,,0,absent_true_and_predicted_class
ROI_11121__20200521T051701_20200521T052402_T44SME,2,thin_cloud,0,,,0,absent_true_and_predicted_class
ROI_11121__20200521T051701_20200521T052402_T44SME,3,cloud_shadow,0,,,0,absent_true_and_predicted_class
ROI_11121__20200725T051649_20200725T052448_T44SME,0,clear,45478,0.9512564081015211,0.9955582919213686,47596,
ROI_11121__20200725T051649_20200725T052448_T44SME,1,thick_cloud,3514,0.49404597064525063,0.5076835515082527,3611,
ROI_11121__20200725T051649_20200725T052448_T44SME,2,thin_cloud,0,,,0,absent_true_and_predicted_class
ROI_11121__20200725T051649_20200725T052448_T44SME,3,cloud_shadow,1184,0.48822269807280516,0.5777027027027027,1401,
ROI_11144__20181226T053229_20181226T053230_T45UVU,0,clear,50176,1.0,1.0,50176,
ROI_11144__20181226T053229_20181226T053230_T45UVU,1,thick_cloud,0,,,0,absent_true_and_predicted_class
ROI_11144__20181226T053229_20181226T053230_T45UVU,2,thin_cloud,0,,,0,absent_true_and_predicted_class
ROI_11144__20181226T053229_20181226T053230_T45UVU,3,cloud_shadow,0,,,0,absent_true_and_predicted_class
ROI_11144__20190904T051651_20190904T051650_T45UVU,0,clear,49960,0.9956951530612245,1.0,50176,
ROI_11144__20190904T051651_20190904T051650_T45UVU,1,thick_cloud,138,0.0,0.0,138,
ROI_11144__20190904T051651_20190904T051650_T45UVU,2,thin_cloud,0,,,0,absent_true_and_predicted_class
ROI_11144__20190904T051651_20190904T051650_T45UVU,3,cloud_shadow,78,0.0,0.0,78,
ROI_11144__20190917T052651_20190917T052645_T45UVU,0,clear,39087,0.8697463811748838,0.9238621536572262,41519,
ROI_11144__20190917T052651_20190917T052645_T45UVU,1,thick_cloud,0,0.0,,2004,no_true_class_for_recall
ROI_11144__20190917T052651_20190917T052645_T45UVU,2,thin_cloud,11089,0.4730181301102026,0.5999639282171522,14065,
ROI_11144__20190917T052651_20190917T052645_T45UVU,3,cloud_shadow,0,,,0,absent_true_and_predicted_class
ROI_11144__20200713T052651_20200713T052650_T45UVU,0,clear,7098,0.36453695458593055,0.9227951535643844,17968,
ROI_11144__20200713T052651_20200713T052650_T45UVU,1,thick_cloud,24169,0.5699579027937237,0.6162025735446233,26130,
ROI_11144__20200713T052651_20200713T052650_T45UVU,2,thin_cloud,12111,0.2501412030499859,0.2925439682932871,14164,
ROI_11144__20200713T052651_20200713T052650_T45UVU,3,cloud_shadow,6798,0.4292638088075541,0.7556634304207119,11967,
ROI_11144__20200725T051649_20200725T051652_T45UVU,0,clear,9868,0.49121940511469653,0.9070733684637211,18222,
ROI_11144__20200725T051649_20200725T051652_T45UVU,1,thick_cloud,15146,0.7339876612450925,0.8640565165720322,17830,
ROI_11144__20200725T051649_20200725T051652_T45UVU,2,thin_cloud,14673,0.23734136649147544,0.25236829550875756,15602,
ROI_11144__20200725T051649_20200725T051652_T45UVU,3,cloud_shadow,10489,0.6372129510768791,0.8518447897797693,14022,
ROI_11216__20181222T073319_20181222T074542_T37NHJ,0,clear,50176,1.0,1.0,50176,
ROI_11216__20181222T073319_20181222T074542_T37NHJ,1,thick_cloud,0,,,0,absent_true_and_predicted_class
ROI_11216__20181222T073319_20181222T074542_T37NHJ,2,thin_cloud,0,,,0,absent_true_and_predicted_class
ROI_11216__20181222T073319_20181222T074542_T37NHJ,3,cloud_shadow,0,,,0,absent_true_and_predicted_class
ROI_11216__20190220T072939_20190220T074111_T37NHJ,0,clear,45611,0.9633050847457627,0.9968647913880424,47200,
ROI_11216__20190220T072939_20190220T074111_T37NHJ,1,thick_cloud,986,0.5207100591715976,0.5354969574036511,1014,
ROI_11216__20190220T072939_20190220T074111_T37NHJ,2,thin_cloud,0,,,0,absent_true_and_predicted_class
ROI_11216__20190220T072939_20190220T074111_T37NHJ,3,cloud_shadow,3579,0.645325475488883,0.6730930427493713,3733,
ROI_11216__20191018T072909_20191018T074707_T37NHJ,0,clear,36785,0.7229499873064229,0.774147070816909,39390,
ROI_11216__20191018T072909_20191018T074707_T37NHJ,1,thick_cloud,2412,0.4347266881028939,0.8407960199004975,4665,
ROI_11216__20191018T072909_20191018T074707_T37NHJ,2,thin_cloud,7376,0.3262008733624454,0.40509761388286336,9160,
ROI_11216__20191018T072909_20191018T074707_T37NHJ,3,cloud_shadow,3603,0.3150843373493976,0.9072994726616709,10375,
ROI_11216__20191107T073019_20191107T074712_T37NHJ,0,clear,23779,0.764120867696999,0.9273308381344885,28858,
ROI_11216__20191107T073019_20191107T074712_T37NHJ,1,thick_cloud,3801,0.581959706959707,0.6687713759536964,4368,
ROI_11216__20191107T073019_20191107T074712_T37NHJ,2,thin_cloud,20302,0.6776674716036133,0.7464289232587923,22362,
ROI_11216__20191107T073019_20191107T074712_T37NHJ,3,cloud_shadow,2294,0.6299545159194282,0.8452484742807324,3078,
ROI_11216__20200520T072621_20200520T073953_T37NHJ,0,clear,2404,0.1934917476296383,0.687603993344426,8543,
ROI_11216__20200520T072621_20200520T073953_T37NHJ,1,thick_cloud,30247,0.5864410553267283,0.6966641319800311,35932,
ROI_11216__20200520T072621_20200520T073953_T37NHJ,2,thin_cloud,13459,0.19203427333929665,0.303068578646259,21241,
ROI_11216__20200520T072621_20200520T073953_T37NHJ,3,cloud_shadow,4066,0.3918606717611516,0.5423020167240531,5627,
ROI_11264__20190504T014701_20190504T014655_T55WER,0,clear,50176,1.0,1.0,50176,
ROI_11264__20190504T014701_20190504T014655_T55WER,1,thick_cloud,0,,,0,absent_true_and_predicted_class
ROI_11264__20190504T014701_20190504T014655_T55WER,2,thin_cloud,0,,,0,absent_true_and_predicted_class
ROI_11264__20190504T014701_20190504T014655_T55WER,3,cloud_shadow,0,,,0,absent_true_and_predicted_class
ROI_11264__20190606T015651_20190606T015654_T55WER,0,clear,13983,0.6311700449792628,0.7727240220267467,17119,
ROI_11264__20190606T015651_20190606T015654_T55WER,1,thick_cloud,22513,0.7414726919419523,0.7966064051881135,24187,
ROI_11264__20190606T015651_20190606T015654_T55WER,2,thin_cloud,3018,0.19983785974868262,0.3267064280980782,4934,
ROI_11264__20190606T015651_20190606T015654_T55WER,3,cloud_shadow,10662,0.6361623616236163,0.8893265803789158,14905,
ROI_11264__20190808T020701_20190808T020657_T55WER,0,clear,13286,0.6266571121461841,0.7898539816348036,16746,
ROI_11264__20190808T020701_20190808T020657_T55WER,1,thick_cloud,20595,0.7533601575207602,0.8545763534838553,23362,
ROI_11264__20190808T020701_20190808T020657_T55WER,2,thin_cloud,0,,,0,absent_true_and_predicted_class
ROI_11264__20190808T020701_20190808T020657_T55WER,3,cloud_shadow,16295,0.6357993283809912,0.7668610003068426,19654,
ROI_11264__20191019T015659_20191019T015659_T55WER,0,clear,7031,0.2558835532580601,0.26752951216043236,7351,
ROI_11264__20191019T015659_20191019T015659_T55WER,1,thick_cloud,18294,0.45784248160913626,0.9729966109106811,38878,
ROI_11264__20191019T015659_20191019T015659_T55WER,2,thin_cloud,24851,0.15810363836824698,0.17311174600619694,27210,
ROI_11264__20191019T015659_20191019T015659_T55WER,3,cloud_shadow,0,0.0,,2930,no_true_class_for_recall
ROI_11264__20200531T015701_20200531T015659_T55WER,0,clear,40189,0.8510891257271453,0.9974868745179029,47102,
ROI_11264__20200531T015701_20200531T015659_T55WER,1,thick_cloud,1643,0.08460133901399879,0.08460133901399879,1643,
ROI_11264__20200531T015701_20200531T015659_T55WER,2,thin_cloud,8344,0.1994097807757167,0.2267497603068073,9488,
ROI_11264__20200531T015701_20200531T015659_T55WER,3,cloud_shadow,0,,,0,absent_true_and_predicted_class
ROI_11511__20190419T191911_20190419T191913_T11VNL,0,clear,15188,0.30700521227588295,0.9346194363971556,46237,
ROI_11511__20190419T191911_20190419T191913_T11VNL,1,thick_cloud,0,0.0,,125,no_true_class_for_recall
ROI_11511__20190419T191911_20190419T191913_T11VNL,2,thin_cloud,34988,0.10663810371689295,0.10955184634731908,35944,
ROI_11511__20190419T191911_20190419T191913_T11VNL,3,cloud_shadow,0,0.0,,18,no_true_class_for_recall
ROI_11511__20190630T190919_20190630T190922_T11VNL,0,clear,28337,0.7098892080426754,0.9768147651480397,38992,
ROI_11511__20190630T190919_20190630T190922_T11VNL,1,thick_cloud,10699,0.7864009788498514,0.8410131788017572,11442,
ROI_11511__20190630T190919_20190630T190922_T11VNL,2,thin_cloud,0,,,0,absent_true_and_predicted_class
ROI_11511__20190630T190919_20190630T190922_T11VNL,3,cloud_shadow,11140,0.18478747203579418,0.18536804308797128,11175,
ROI_11511__20190713T191919_20190713T191919_T11VNL,0,clear,50176,1.0,1.0,50176,
ROI_11511__20190713T191919_20190713T191919_T11VNL,1,thick_cloud,0,,,0,absent_true_and_predicted_class
ROI_11511__20190713T191919_20190713T191919_T11VNL,2,thin_cloud,0,,,0,absent_true_and_predicted_class
ROI_11511__20190713T191919_20190713T191919_T11VNL,3,cloud_shadow,0,,,0,absent_true_and_predicted_class
ROI_11511__20200604T190919_20200604T191606_T11VNL,0,clear,50176,0.8777104591836735,0.8777104591836735,50176,
ROI_11511__20200604T190919_20200604T191606_T11VNL,1,thick_cloud,0,,,0,absent_true_and_predicted_class
ROI_11511__20200604T190919_20200604T191606_T11VNL,2,thin_cloud,0,0.0,,6136,no_true_class_for_recall
ROI_11511__20200604T190919_20200604T191606_T11VNL,3,cloud_shadow,0,,,0,absent_true_and_predicted_class
ROI_11511__20200624T190919_20200624T191618_T11VNL,0,clear,9464,0.5447694373974034,0.7714497041420119,13402,
ROI_11511__20200624T190919_20200624T191618_T11VNL,1,thick_cloud,31784,0.7625486144871172,0.7896111250943871,32912,
ROI_11511__20200624T190919_20200624T191618_T11VNL,2,thin_cloud,0,0.0,,402,no_true_class_for_recall
ROI_11511__20200624T190919_20200624T191618_T11VNL,3,cloud_shadow,8928,0.3871073084710339,0.6638664874551972,15311,
ROI_11640__20181224T040151_20181224T040854_T47RMP,0,clear,50176,1.0,1.0,50176,
ROI_11640__20181224T040151_20181224T040854_T47RMP,1,thick_cloud,0,,,0,absent_true_and_predicted_class
ROI_11640__20181224T040151_20181224T040854_T47RMP,2,thin_cloud,0,,,0,absent_true_and_predicted_class
ROI_11640__20181224T040151_20181224T040854_T47RMP,3,cloud_shadow,0,,,0,absent_true_and_predicted_class
ROI_11640__20190121T041059_20190121T041732_T47RMP,0,clear,38285,0.885018690227681,0.9523573200992556,41198,
ROI_11640__20190121T041059_20190121T041732_T47RMP,1,thick_cloud,3915,0.29201310153691107,0.29604086845466154,3969,
ROI_11640__20190121T041059_20190121T041732_T47RMP,2,thin_cloud,7976,0.4422366368338944,0.6752758274824473,12179,
ROI_11640__20190121T041059_20190121T041732_T47RMP,3,cloud_shadow,0,,,0,absent_true_and_predicted_class
ROI_11640__20191109T040001_20191109T040459_T47RMP,0,clear,46298,0.939565685497796,0.9990064365631345,49227,
ROI_11640__20191109T040001_20191109T040459_T47RMP,1,thick_cloud,2396,0.3499203821656051,0.3668614357262103,2512,
ROI_11640__20191109T040001_20191109T040459_T47RMP,2,thin_cloud,0,,,0,absent_true_and_predicted_class
ROI_11640__20191109T040001_20191109T040459_T47RMP,3,cloud_shadow,1482,0.0,0.0,1482,
ROI_11640__20200225T040739_20200225T040826_T47RMP,0,clear,20349,0.7692605947811252,0.9749864858223991,25791,
ROI_11640__20200225T040739_20200225T040826_T47RMP,1,thick_cloud,23780,0.7896274076413009,0.8412952060555088,25336,
ROI_11640__20200225T040739_20200225T040826_T47RMP,2,thin_cloud,3945,0.0,0.0,3945,
ROI_11640__20200225T040739_20200225T040826_T47RMP,3,cloud_shadow,2102,0.4165797705943691,0.7602283539486203,3836,
ROI_11640__20200711T035539_20200711T040645_T47RMP,0,clear,447,0.16230936819172112,1.0,2754,
ROI_11640__20200711T035539_20200711T040645_T47RMP,1,thick_cloud,27646,0.6422791301741649,0.6976416118064096,30029,
ROI_11640__20200711T035539_20200711T040645_T47RMP,2,thin_cloud,15639,0.5598764679588768,0.8810026216510007,24609,
ROI_11640__20200711T035539_20200711T040645_T47RMP,3,cloud_shadow,6444,0.36138328530259367,0.3891992551210428,6940,
ROI_11670__20190306T070749_20190306T070745_T43WDQ,0,clear,50176,1.0,1.0,50176,
ROI_11670__20190306T070749_20190306T070745_T43WDQ,1,thick_cloud,0,,,0,absent_true_and_predicted_class
ROI_11670__20190306T070749_20190306T070745_T43WDQ,2,thin_cloud,0,,,0,absent_true_and_predicted_class
ROI_11670__20190306T070749_20190306T070745_T43WDQ,3,cloud_shadow,0,,,0,absent_true_and_predicted_class
ROI_11670__20190820T065629_20190820T065815_T43WDQ,0,clear,25721,0.6426943846177857,0.8005131993312857,32037,
ROI_11670__20190820T065629_20190820T065815_T43WDQ,1,thick_cloud,13315,0.5325622025423218,0.6639128802102892,16599,
ROI_11670__20190820T065629_20190820T065815_T43WDQ,2,thin_cloud,0,,,0,absent_true_and_predicted_class
ROI_11670__20190820T065629_20190820T065815_T43WDQ,3,cloud_shadow,11140,0.49791638661110366,0.6649910233393178,14878,
ROI_11670__20190926T064629_20190926T064624_T43WDQ,0,clear,5721,0.3495605655330531,0.7995105750742877,13085,
ROI_11670__20190926T064629_20190926T064624_T43WDQ,1,thick_cloud,29508,0.7796703751759931,0.9570963806425377,36223,
ROI_11670__20190926T064629_20190926T064624_T43WDQ,2,thin_cloud,7034,0.0,0.0,7034,
ROI_11670__20190926T064629_20190926T064624_T43WDQ,3,cloud_shadow,7913,0.2432252332296757,0.27675976241627703,9004,
ROI_11670__20200429T070619_20200429T070616_T43WDQ,0,clear,13175,0.452924791086351,0.5553700189753321,16155,
ROI_11670__20200429T070619_20200429T070616_T43WDQ,1,thick_cloud,20585,0.6333572155812813,0.8159339324751033,26519,
ROI_11670__20200429T070619_20200429T070616_T43WDQ,2,thin_cloud,0,,,0,absent_true_and_predicted_class
ROI_11670__20200429T070619_20200429T070616_T43WDQ,3,cloud_shadow,16416,0.5488440773383785,0.7245370370370371,21671,
ROI_11670__20200710T065631_20200710T065731_T43WDQ,0,clear,41181,0.8942323276760287,0.9378354095335227,43189,
ROI_11670__20200710T065631_20200710T065731_T43WDQ,1,thick_cloud,6277,0.5382568196939455,0.6444161223514417,7515,
ROI_11670__20200710T065631_20200710T065731_T43WDQ,2,thin_cloud,0,,,0,absent_true_and_predicted_class
ROI_11670__20200710T065631_20200710T065731_T43WDQ,3,cloud_shadow,2718,0.3089613798275216,0.6063281824871228,5334,
ROI_11764__20190103T142031_20190103T143026_T18GYN,0,clear,40971,0.7087632008975391,0.7092821751970906,41001,
ROI_11764__20190103T142031_20190103T143026_T18GYN,1,thick_cloud,6595,0.5828406851599212,0.5830174374526156,6597,
ROI_11764__20190103T142031_20190103T143026_T18GYN,2,thin_cloud,2610,0.1494006601424518,0.9885057471264368,17269,
ROI_11764__20190103T142031_20190103T143026_T18GYN,3,cloud_shadow,0,,,0,absent_true_and_predicted_class
ROI_11764__20190118T142039_20190118T143025_T18GYN,0,clear,10042,0.10386377215694084,0.10386377215694084,10042,
ROI_11764__20190118T142039_20190118T143025_T18GYN,1,thick_cloud,3703,0.21961777196994448,0.7261679719146638,12244,
ROI_11764__20190118T142039_20190118T143025_T18GYN,2,thin_cloud,33831,0.5930353304837113,0.7258727202861281,41409,
ROI_11764__20190118T142039_20190118T143025_T18GYN,3,cloud_shadow,2600,0.4507628294036061,1.0,5768,
ROI_11764__20191114T141739_20191114T142744_T18GYN,0,clear,12187,0.8221887766071813,0.9413309263969803,13953,
ROI_11764__20191114T141739_20191114T142744_T18GYN,1,thick_cloud,28769,0.919283554314957,0.9615906009941256,30093,
ROI_11764__20191114T141739_20191114T142744_T18GYN,2,thin_cloud,148,0.0,0.0,148,
ROI_11764__20191114T141739_20191114T142744_T18GYN,3,cloud_shadow,9072,0.6379907621247113,0.7308201058201058,10392,
ROI_11764__20191214T141729_20191214T142749_T19GCH,0,clear,15862,0.27575337284075147,0.27575337284075147,15862,
ROI_11764__20191214T141729_20191214T142749_T19GCH,1,thick_cloud,2564,0.12667091024824953,0.3880655226209048,7855,
ROI_11764__20191214T141729_20191214T142749_T19GCH,2,thin_cloud,31609,0.5918812549195996,0.8326109652314214,44465,
ROI_11764__20191214T141729_20191214T142749_T19GCH,3,cloud_shadow,141,0.0,0.0,483,
ROI_11764__20200626T141741_20200626T143200_T19GCH,0,clear,50176,1.0,1.0,50176,
ROI_11764__20200626T141741_20200626T143200_T19GCH,1,thick_cloud,0,,,0,absent_true_and_predicted_class
ROI_11764__20200626T141741_20200626T143200_T19GCH,2,thin_cloud,0,,,0,absent_true_and_predicted_class
ROI_11764__20200626T141741_20200626T143200_T19GCH,3,cloud_shadow,0,,,0,absent_true_and_predicted_class
ROI_11924__20190211T075041_20190211T081352_T35JQN,0,clear,50176,1.0,1.0,50176,
ROI_11924__20190211T075041_20190211T081352_T35JQN,1,thick_cloud,0,,,0,absent_true_and_predicted_class
ROI_11924__20190211T075041_20190211T081352_T35JQN,2,thin_cloud,0,,,0,absent_true_and_predicted_class
ROI_11924__20190211T075041_20190211T081352_T35JQN,3,cloud_shadow,0,,,0,absent_true_and_predicted_class
ROI_11924__20190303T074821_20190303T081357_T35JQN,0,clear,48297,0.9746200085004756,0.997059858790401,49409,
ROI_11924__20190303T074821_20190303T081357_T35JQN,1,thick_cloud,526,0.3755656108597285,0.47338403041825095,663,
ROI_11924__20190303T074821_20190303T081357_T35JQN,2,thin_cloud,0,,,0,absent_true_and_predicted_class
ROI_11924__20190303T074821_20190303T081357_T35JQN,3,cloud_shadow,1353,0.3804267844002943,0.3821138211382114,1359,
ROI_11924__20190308T074749_20190308T081646_T35JQN,0,clear,16667,0.7792551862034491,0.9353212935741285,20005,
ROI_11924__20190308T074749_20190308T081646_T35JQN,1,thick_cloud,26355,0.8093103574971525,0.8357806867767027,27217,
ROI_11924__20190308T074749_20190308T081646_T35JQN,2,thin_cloud,0,,,0,absent_true_and_predicted_class
ROI_11924__20190308T074749_20190308T081646_T35JQN,3,cloud_shadow,7154,0.5556001203248772,0.7745317305004193,9973,
ROI_11924__20190407T074619_20190407T081445_T35JQN,0,clear,25850,0.7770192275980343,0.9114119922630561,30321,
ROI_11924__20190407T074619_20190407T081445_T35JQN,1,thick_cloud,14508,0.6931261713318421,0.790253653156879,16541,
ROI_11924__20190407T074619_20190407T081445_T35JQN,2,thin_cloud,695,0.0,0.0,695,
ROI_11924__20190407T074619_20190407T081445_T35JQN,3,cloud_shadow,9123,0.6033564919245692,0.7329825715225254,11083,
ROI_11924__20190606T074619_20190606T081648_T35JQN,0,clear,20143,0.11508640822045774,0.12232537357891078,21410,
ROI_11924__20190606T074619_20190606T081648_T35JQN,1,thick_cloud,1747,0.234625322997416,0.25987406983400113,1935,
ROI_11924__20190606T074619_20190606T081648_T35JQN,2,thin_cloud,24479,0.5462056721445805,0.9803096531721067,43934,
ROI_11924__20190606T074619_20190606T081648_T35JQN,3,cloud_shadow,3807,0.5045199120449548,0.542421854478592,4093,
ROI_12023__20181219T133221_20181219T133216_T23MMR,0,clear,17806,0.7280084914422184,0.9244636639335055,22611,
ROI_12023__20181219T133221_20181219T133216_T23MMR,1,thick_cloud,22088,0.7699770018816642,0.8336653386454184,23915,
ROI_12023__20181219T133221_20181219T133216_T23MMR,2,thin_cloud,0,,,0,absent_true_and_predicted_class
ROI_12023__20181219T133221_20181219T133216_T23MMR,3,cloud_shadow,10282,0.5347424684159378,0.6421902353627699,12348,
ROI_12023__20190617T133231_20190617T133228_T23MMR,0,clear,20734,0.694569211923234,0.9024307900067522,26939,
ROI_12023__20190617T133231_20190617T133228_T23MMR,1,thick_cloud,17807,0.6695001527028402,0.7386421070365586,19646,
ROI_12023__20190617T133231_20190617T133228_T23MMR,2,thin_cloud,0,,,0,absent_true_and_predicted_class
ROI_12023__20190617T133231_20190617T133228_T23MMR,3,cloud_shadow,11635,0.5423561721005563,0.661968199398367,14201,
ROI_12023__20190816T133231_20190816T133227_T23MMR,0,clear,50176,1.0,1.0,50176,
ROI_12023__20190816T133231_20190816T133227_T23MMR,1,thick_cloud,0,,,0,absent_true_and_predicted_class
ROI_12023__20190816T133231_20190816T133227_T23MMR,2,thin_cloud,0,,,0,absent_true_and_predicted_class
ROI_12023__20190816T133231_20190816T133227_T23MMR,3,cloud_shadow,0,,,0,absent_true_and_predicted_class
ROI_12023__20200412T133221_20200412T133223_T23MMR,0,clear,5106,0.22464096749811036,0.291030160595378,6615,
ROI_12023__20200412T133221_20200412T133223_T23MMR,1,thick_cloud,28195,0.6709196665505133,0.8877460542649406,37307,
ROI_12023__20200412T133221_20200412T133223_T23MMR,2,thin_cloud,0,0.0,,6832,no_true_class_for_recall
ROI_12023__20200412T133221_20200412T133223_T23MMR,3,cloud_shadow,16875,0.3529101459468964,0.3568,17061,
ROI_12023__20200721T133231_20200721T133230_T23MMR,0,clear,447,0.18916631400761744,1.0,2363,
ROI_12023__20200721T133231_20200721T133230_T23MMR,1,thick_cloud,47088,0.9122873665104893,0.9179833503227999,47382,
ROI_12023__20200721T133231_20200721T133230_T23MMR,2,thin_cloud,0,0.0,,9,no_true_class_for_recall
ROI_12023__20200721T133231_20200721T133230_T23MMR,3,cloud_shadow,2641,0.34990253411306044,0.6796667928814842,5130,
