sample_id,group_id,valid_pixels,pixel_error_rate,label_hash,valid_mask_hash,nll,brier,score_msp,score_entropy,score_negative_margin,score_gini_total
sample_4152,L15-0368E-1245N_1474_3210_13,50176,0.24364237882653061,09a26ff9a24b9bfa35281f5ab86bd161d503bc3879238319c4be19dc1952a12c,64990ea6addff6af93b8eace95fbcf586b8f19e678352f7776dc1bc87a88d58f,0.9550596420190446,0.38700040798321156,0.10706153141610249,0.233188782648829,-0.7858769375101151,0.14870489516959925
sample_4153,L15-1276E-1107N_5105_3761_13,50176,0.011260363520408163,be31f3d18a74f5a37d9d3e1e1c4db99ecdac34f64edb0d72b4bb9be98acad544,64990ea6addff6af93b8eace95fbcf586b8f19e678352f7776dc1bc87a88d58f,0.11132180792237634,0.02213612661903433,0.0024724560754126584,0.007334489780009644,-0.9950550887449541,0.00389043170821367
sample_4154,L15-1138E-1216N_4553_3325_13,50176,0.07401945153061225,d997179380bbb7c2484e68f03671ca1dfa41338c474c140a132086c103587ee7,64990ea6addff6af93b8eace95fbcf586b8f19e678352f7776dc1bc87a88d58f,0.3387681046149851,0.13084291404234516,0.04154063241404234,0.10669183663014399,-0.9169187358855307,0.06280365676225066
sample_4155,L15-0368E-1245N_1474_3210_13,50176,0.18088329081632654,cf3a65f411e9f8f38a673344a838efbb64f1d93df152514f5762e3eb2ac5723e,64990ea6addff6af93b8eace95fbcf586b8f19e678352f7776dc1bc87a88d58f,0.6341488233649151,0.2796544506980669,0.08290638861707317,0.17673700356242672,-0.8341872218357399,0.11417387373062901
sample_4156,L15-1138E-1216N_4553_3325_13,50176,0.04667570153061224,334008705b7d13f5110d30a43161a1159df01022ded748079624e9e5c56231f4,64990ea6addff6af93b8eace95fbcf586b8f19e678352f7776dc1bc87a88d58f,0.38600443317733335,0.08743536771373446,0.014693570625017948,0.03867002858136415,-0.9706128588007263,0.022186801401321753
sample_4157,L15-0368E-1245N_1474_3210_13,50176,0.2728794642857143,5d6d991d9219c8eef1c7349116d1c6b6452d284aa18a4a46c98fe0e20a87d8f3,64990ea6addff6af93b8eace95fbcf586b8f19e678352f7776dc1bc87a88d58f,1.1504270511751669,0.4429223596174715,0.11228706259565542,0.253080652531182,-0.7754258747391537,0.15984227951202834
sample_4158,L15-1210E-1025N_4840_4088_13,50176,0.00835060586734694,cd9ba18ab8847e45e7a58646ef716b99c802d1bd5f2f5196d2c0abc34a53a93e,64990ea6addff6af93b8eace95fbcf586b8f19e678352f7776dc1bc87a88d58f,0.04690033886733418,0.0204327833337153,0.02196317870759082,0.058971135074720266,-0.9560736436545154,0.033466364406338885
sample_4159,L15-1210E-1025N_4840_4088_13,50176,0.004364636479591837,7625a11805f0808568ff5f9641c678505945fc1d09b269312bd4d5b3103ca240,64990ea6addff6af93b8eace95fbcf586b8f19e678352f7776dc1bc87a88d58f,0.03356225037758332,0.012285216199136178,0.01285227127634559,0.038593552632387854,-0.9742954583623786,0.020719563778257982
sample_4160,L15-1185E-0935N_4742_4450_13,50176,0.16621492346938777,3adda7d8f3b91ba9c3e0b670f301ddf94592d51efd05851197b3dfe7a7472587,64990ea6addff6af93b8eace95fbcf586b8f19e678352f7776dc1bc87a88d58f,0.5577077958522734,0.2763453969253897,0.11361518013053479,0.2638645553159022,-0.7727696398193478,0.16540415699707034
sample_4161,L15-1276E-1107N_5105_3761_13,50176,0.008988360969387755,3348420fb77c3578c38df68246391b4168651831dc768db87d30c998cdc5a253,64990ea6addff6af93b8eace95fbcf586b8f19e678352f7776dc1bc87a88d58f,0.07430373861091277,0.016891883246982306,0.002874575131240168,0.008931976375840388,-0.9942508502536166,0.004556169327124533
sample_4162,L15-1210E-1025N_4840_4088_13,50176,0.06766183035714286,da7146d73e67e884d3c936b7e316a9f3214ea7966a6e57aace504171b297fd34,64990ea6addff6af93b8eace95fbcf586b8f19e678352f7776dc1bc87a88d58f,0.22513435934725057,0.10966735841698974,0.054760549831612756,0.12745314719827336,-0.890478900779347,0.0788180594314749
sample_4163,L15-1014E-1375N_4056_2688_13,50176,0.09097975127551021,4105f363a6cd55f6744580709fe9f48cf597a568824ee00c932896573f700e46,64990ea6addff6af93b8eace95fbcf586b8f19e678352f7776dc1bc87a88d58f,0.4219923984587173,0.15073724566660737,0.03600436401890819,0.08368469378323541,-0.9279912711615406,0.051491941870379636
sample_4164,L15-1389E-1284N_5557_3054_13,50176,0.020069355867346938,4fbe8899e6eb24894742c06465ba55d1ab8428750b8b5547219f61f7c658f825,64990ea6addff6af93b8eace95fbcf586b8f19e678352f7776dc1bc87a88d58f,0.07634469165953388,0.03523092915634204,0.014519767726448422,0.03709172624947153,-0.970960464633355,0.02210807124315036
sample_4165,L15-0368E-1245N_1474_3210_13,50176,0.17267219387755103,8bcf44fc30cc2c425321177d5d4ae93b20bcb526777872e765ef52def5d2024d,64990ea6addff6af93b8eace95fbcf586b8f19e678352f7776dc1bc87a88d58f,0.5722432991729348,0.260751109561618,0.0827579457034851,0.1739817206194334,-0.834484107835055,0.11273185444314297
sample_4166,L15-0358E-1220N_1433_3310_13,50176,0.111328125,993f918f7122021abbee972c619e11e7c397daf72c1233461c92b28e5f94d550,64990ea6addff6af93b8eace95fbcf586b8f19e678352f7776dc1bc87a88d58f,0.37523295042824106,0.17554719339632713,0.06839164157222234,0.15017885305093778,-0.8632167159284008,0.0955610352843109
sample_4167,L15-1848E-0793N_7394_5018_13,50176,0.004723373724489796,eaf7223c7497b3ff997e72287b88a27bcadd33024c80ec09283e3dda50392b4a,64990ea6addff6af93b8eace95fbcf586b8f19e678352f7776dc1bc87a88d58f,0.022458104862679205,0.009093697410391925,0.003407030936558636,0.010036913116542055,-0.9931859385032924,0.005434399931091913
sample_4168,L15-1014E-1375N_4056_2688_13,50176,0.15959821428571427,6069c19b6a6a7a41b0962e4113879af6d706079aae9550b606023a12ee0e4692,64990ea6addff6af93b8eace95fbcf586b8f19e678352f7776dc1bc87a88d58f,0.5490153154260096,0.25831193993568385,0.08624289219376954,0.19650740094036792,-0.8275142152202379,0.1233475034607118
sample_4169,L15-1848E-0793N_7394_5018_13,50176,0.05982940051020408,62b9d776501b771524c41e240126022208c5df7fcfc5ecddccdc390315f67058,64990ea6addff6af93b8eace95fbcf586b8f19e678352f7776dc1bc87a88d58f,0.21759563578363147,0.09836941417560699,0.03584108914709555,0.08545308416457664,-0.9283178208062872,0.05200844691318507
sample_4170,L15-0368E-1245N_1474_3210_13,50176,0.17344945790816327,ac2be6f8231b32d74e003ee9f44d86f50074dc5511a8112466015f30283483ec,64990ea6addff6af93b8eace95fbcf586b8f19e678352f7776dc1bc87a88d58f,0.5743473844356638,0.25978125322210244,0.08586078010527987,0.17865506289740074,-0.8282784388161719,0.11641384869061061
sample_4171,L15-1848E-0793N_7394_5018_13,50176,0.03513632015306122,daede069d703460dc1275e43c772caa2a215db963efcbfa2dc4eef610aab241d,64990ea6addff6af93b8eace95fbcf586b8f19e678352f7776dc1bc87a88d58f,0.2445030069978982,0.06139274220280827,0.01038630827382321,0.02562540071859078,-0.9792273833941317,0.015164822384180526
sample_4172,L15-0566E-1185N_2265_3451_13,50176,0.0022122130102040817,1706b9164e7060a4a2cd1520b965b41282ef99addb275a90aaabf6475522d5d2,64990ea6addff6af93b8eace95fbcf586b8f19e678352f7776dc1bc87a88d58f,0.006688074357937855,0.003521489632448669,0.0024104902333085786,0.0066600834886161985,-0.9951790202100739,0.003672972934885754
sample_4173,L15-1138E-1216N_4553_3325_13,50176,0.17948820153061223,9d87ad3ecb09e298ed226ef1d8ea558f2b7dbc0615a25eb7ac4db630e0446191,64990ea6addff6af93b8eace95fbcf586b8f19e678352f7776dc1bc87a88d58f,0.6595546717449539,0.29320759107461364,0.10411721175389212,0.24042481080834743,-0.7917655764082836,0.15023383697837825
sample_4174,L15-0358E-1220N_1433_3310_13,50176,0.06263950892857142,4dd29411249fa562ff9bf79a068f0b3ea9a38d19cd7c75896da5dd6602d80b6d,64990ea6addff6af93b8eace95fbcf586b8f19e678352f7776dc1bc87a88d58f,0.23349894350579095,0.10148547902500434,0.03855436129676064,0.08803497598317916,-0.9228912765533975,0.054801327921975604
sample_4175,L15-0358E-1220N_1433_3310_13,50176,0.10861766581632654,993f918f7122021abbee972c619e11e7c397daf72c1233461c92b28e5f94d550,64990ea6addff6af93b8eace95fbcf586b8f19e678352f7776dc1bc87a88d58f,0.374292665158831,0.1716430604910737,0.07070753492096592,0.15360935399646383,-0.8585849291141239,0.09840509628221242
sample_4176,L15-1748E-1247N_6993_3202_13,50176,0.011698820153061224,97baf5285118e51d22f389680bb4280b1df237074410b8cc133c676134b29db8,64990ea6addff6af93b8eace95fbcf586b8f19e678352f7776dc1bc87a88d58f,0.05290915496740867,0.02054745379906958,0.011138588245910573,0.02989785666786691,-0.9777228247097028,0.016661930676987787
sample_4177,L15-0358E-1220N_1433_3310_13,50176,0.01805644132653061,152acee777ade2e8c14b5f183f3a19522e3b5ef1751378269390e0f28dfcdb5c,64990ea6addff6af93b8eace95fbcf586b8f19e678352f7776dc1bc87a88d58f,0.14096418957355217,0.03520616505259294,0.0032402820260340006,0.010291158779314023,-0.9935194364925414,0.005336980466524148
sample_4178,L15-1185E-0935N_4742_4450_13,50176,0.15945870535714285,3ad5cec43c3a96eb045a13d9e5cd8231d0f6dc43b8f70aa1c930ac15bf255c49,64990ea6addff6af93b8eace95fbcf586b8f19e678352f7776dc1bc87a88d58f,0.5573097012974401,0.2513992059251769,0.10446379531878142,0.23482014712294905,-0.791072409332791,0.14837734932150032
sample_4179,L15-1185E-0935N_4742_4450_13,50176,0.07523517219387756,c04ee573033bc40e3041fd189f2d59b5c3a3b22a7711be1cfa7c3cf6c1eb876a,64990ea6addff6af93b8eace95fbcf586b8f19e678352f7776dc1bc87a88d58f,0.2756508986247425,0.12907035827310231,0.059132985779017745,0.1512011402892768,-0.8817340288684655,0.08981335526458205
sample_4180,L15-1014E-1375N_4056_2688_13,50176,0.09793526785714286,4105f363a6cd55f6744580709fe9f48cf597a568824ee00c932896573f700e46,64990ea6addff6af93b8eace95fbcf586b8f19e678352f7776dc1bc87a88d58f,0.389495749396199,0.15763614156123035,0.04291549681243962,0.09769904868118377,-0.9141690055638351,0.06086094266905165
sample_4181,L15-0368E-1245N_1474_3210_13,50176,0.1712372448979592,386c44f6375e4ddf347ea0341593c5a7a64111854a9a806f7f1fd8da0eeb0e61,64990ea6addff6af93b8eace95fbcf586b8f19e678352f7776dc1bc87a88d58f,0.5650117326613364,0.2572627555116223,0.0823543822209883,0.1727441879188795,-0.8352912345947834,0.1121987437631109
sample_4182,L15-0368E-1245N_1474_3210_13,50176,0.2669005102040816,6f36775e03a8990c376d331e07e4fcbc0a8afe826b2d55b9755b1d98925ce282,64990ea6addff6af93b8eace95fbcf586b8f19e678352f7776dc1bc87a88d58f,1.2247182802952312,0.4396807779696359,0.09856616433743122,0.22622408824518545,-0.8028676713618887,0.14166148197598274
sample_4183,L15-0358E-1220N_1433_3310_13,50176,0.11334103954081633,d8dc051b45282cd7f78456ec065af277545241aa4a22b7828f37e3d540289441,64990ea6addff6af93b8eace95fbcf586b8f19e678352f7776dc1bc87a88d58f,0.35451207835567206,0.17431666855779265,0.07736457889300905,0.1658638828719743,-0.845270841355379,0.1065633937710694
sample_4184,L15-1848E-0793N_7394_5018_13,50176,0.0007772640306122449,a3f4aec7b0054265f83404a6d96b49ed44efc2220960fd6c82087a67e2399fd2,64990ea6addff6af93b8eace95fbcf586b8f19e678352f7776dc1bc87a88d58f,0.003367946341147662,0.0012901558775889647,0.0020073071794527372,0.006534479108970157,-0.995985386398081,0.003256890635203
sample_4185,L15-1848E-0793N_7394_5018_13,50176,0.0019331951530612245,936537a8ac7f979fe07dadb88fd3ef22b9a1addd68c17d3c2407082431039d25,64990ea6addff6af93b8eace95fbcf586b8f19e678352f7776dc1bc87a88d58f,0.00883313867999994,0.0040139818552255195,0.006617499242194605,0.0175727783848117,-0.9867650017654322,0.010127699611608386
sample_4186,L15-1185E-0935N_4742_4450_13,50176,0.08420360331632654,0e304144881f85113846084f51720a907176837e401957be321bbee8372b302d,64990ea6addff6af93b8eace95fbcf586b8f19e678352f7776dc1bc87a88d58f,0.3099553912593475,0.14275824434198528,0.05876764777468099,0.15000501485027928,-0.8824647048646881,0.08897458737524862
sample_4187,L15-1138E-1216N_4553_3325_13,50176,0.13030133928571427,f6fdc123325abc71c7c325d9b14127948da7211013d40f25a1bb59faf9142323,64990ea6addff6af93b8eace95fbcf586b8f19e678352f7776dc1bc87a88d58f,0.48857851137525005,0.21755038732111287,0.06852718587128484,0.16771861115524359,-0.8629456281803962,0.10112608007833407
sample_4188,L15-1848E-0793N_7394_5018_13,50176,0.023297991071428572,daede069d703460dc1275e43c772caa2a215db963efcbfa2dc4eef610aab241d,64990ea6addff6af93b8eace95fbcf586b8f19e678352f7776dc1bc87a88d58f,0.06598959947851674,0.03713560524282162,0.04301411323534439,0.1018101774794311,-0.9139717737915599,0.06232745008829817
sample_4189,L15-1014E-1375N_4056_2688_13,50176,0.08061623086734694,088e38db1fa2e4eed9597dc237582aad2c78722d08b279e18174704e839834a3,64990ea6addff6af93b8eace95fbcf586b8f19e678352f7776dc1bc87a88d58f,0.33577619039997303,0.1360956067720857,0.04864612864377928,0.1145731404929378,-0.9027077417480041,0.070693097271304
sample_4190,L15-1014E-1375N_4056_2688_13,50176,0.15720663265306123,908659b4f6bf6ed855a02e796a123a3caef814173d290d9b5e39bafb34bebb0b,64990ea6addff6af93b8eace95fbcf586b8f19e678352f7776dc1bc87a88d58f,0.6362869839664566,0.2591854234233291,0.07231206842579366,0.1668649292455961,-0.8553758627890412,0.10390444699051611
sample_4191,L15-1389E-1284N_5557_3054_13,50176,0.0004384566326530612,daede069d703460dc1275e43c772caa2a215db963efcbfa2dc4eef610aab241d,64990ea6addff6af93b8eace95fbcf586b8f19e678352f7776dc1bc87a88d58f,0.0021581975575466284,0.0007959175088084427,0.0017126784351065147,0.005934393556154938,-0.9965746439995382,0.0028826794893596942
sample_4192,L15-1138E-1216N_4553_3325_13,50176,0.052076690051020405,40eb7764d6a42b4db71ac7af802e54504e8e66149a11ac84e4389324de9b6ff0,64990ea6addff6af93b8eace95fbcf586b8f19e678352f7776dc1bc87a88d58f,0.3603138079981614,0.09606207974863996,0.026471798835626364,0.0677214604439698,-0.9470564028099694,0.03985422622854318
sample_4193,L15-1185E-0935N_4742_4450_13,50176,0.14702248086734693,4499ca1788409707c5f34f0ef34f8c7e29be42b549d6b9078b82866d59538651,64990ea6addff6af93b8eace95fbcf586b8f19e678352f7776dc1bc87a88d58f,0.5037474491581128,0.2332815764774837,0.09944969532079995,0.22500482385488385,-0.8011006095389288,0.14171199044503374
sample_4194,L15-1210E-1025N_4840_4088_13,50176,0.006895727040816327,3d48349c15a757dea26ffd3b6a610a45824f66e998c537453eea9d2ac7b03720,64990ea6addff6af93b8eace95fbcf586b8f19e678352f7776dc1bc87a88d58f,0.04443980127533012,0.015545719482451745,0.009110232421947757,0.028682473860147842,-0.9817795364447812,0.015010407393727174
sample_4195,L15-1014E-1375N_4056_2688_13,50176,0.15383848852040816,908659b4f6bf6ed855a02e796a123a3caef814173d290d9b5e39bafb34bebb0b,64990ea6addff6af93b8eace95fbcf586b8f19e678352f7776dc1bc87a88d58f,0.6484000368687259,0.2557847989491002,0.06753057010866208,0.15560317531624668,-0.8649388590744415,0.09674717517778088
sample_4196,L15-0566E-1185N_2265_3451_13,50176,0.021902901785714284,8a57151ba5123321b5f4119dd9194c500df54f537986348b817deff0903702de,64990ea6addff6af93b8eace95fbcf586b8f19e678352f7776dc1bc87a88d58f,0.11978988731978739,0.03870077274543799,0.009482479566347082,0.023550551053882336,-0.981035041039065,0.013956980958218944
sample_4197,L15-0358E-1220N_1433_3310_13,50176,0.029536033163265307,b281f2b46d8ac7cf6c8fde14855f7c7dbe853bf8d03816909cef36341b59dfc3,64990ea6addff6af93b8eace95fbcf586b8f19e678352f7776dc1bc87a88d58f,0.11488235974636873,0.04858434956477315,0.02040390945419821,0.04814816018273,-0.9591921814268128,0.02962240443419974
sample_4198,L15-1276E-1107N_5105_3761_13,50176,0.07029257015306123,d66e31550ed139a42f87c56054a1e83b2b6973d4c0bcf7e590f6d90082453aae,64990ea6addff6af93b8eace95fbcf586b8f19e678352f7776dc1bc87a88d58f,0.33035005019318026,0.126012821871025,0.04757617754690653,0.11608890004101191,-0.9048476452669504,0.07086854003018739
sample_4199,L15-1185E-0935N_4742_4450_13,50176,0.1546356823979592,fe4ccd60b8f793aa1177b32cc29ffae3ee4dd735928ae1a9a13d809d6ca6bc6e,64990ea6addff6af93b8eace95fbcf586b8f19e678352f7776dc1bc87a88d58f,0.5375413610237149,0.24717238871415678,0.09510042906824347,0.21897019157249012,-0.8097991420832489,0.13686545414169546
sample_4200,L15-1014E-1375N_4056_2688_13,50176,0.1991390306122449,51884494305221e7644267b9e9164c24a4daf973730b8109b5b64266bdf5047e,64990ea6addff6af93b8eace95fbcf586b8f19e678352f7776dc1bc87a88d58f,0.8658911632302061,0.3410453143223646,0.07640155705228942,0.18340107663106348,-0.8471968858506903,0.11186088352085981
sample_4201,L15-1138E-1216N_4553_3325_13,50176,0.17334980867346939,5ddb58d7d4dd7274d5bd5cc87221d717cc99de9ea8cb708eb03fc0e2ac2b5e0e,64990ea6addff6af93b8eace95fbcf586b8f19e678352f7776dc1bc87a88d58f,0.6323963196832264,0.28736610599327894,0.10573646285552152,0.2477335628847471,-0.7885270743294938,0.1540819979724231
sample_4202,L15-1848E-0793N_7394_5018_13,50176,0.00027901785714285713,daede069d703460dc1275e43c772caa2a215db963efcbfa2dc4eef610aab241d,64990ea6addff6af93b8eace95fbcf586b8f19e678352f7776dc1bc87a88d58f,0.0025350685017246776,0.0008932894966574074,0.002104865110298733,0.006879026311003519,-0.9957902706017946,0.003510690085603241
sample_4203,L15-1848E-0793N_7394_5018_13,50176,0.017418686224489797,daede069d703460dc1275e43c772caa2a215db963efcbfa2dc4eef610aab241d,64990ea6addff6af93b8eace95fbcf586b8f19e678352f7776dc1bc87a88d58f,0.06005088090550204,0.031652869410315226,0.04257637905954782,0.10290555586897064,-0.9148472421267834,0.062476978687565236
sample_4204,L15-1389E-1284N_5557_3054_13,50176,0.00013950892857142856,daede069d703460dc1275e43c772caa2a215db963efcbfa2dc4eef610aab241d,64990ea6addff6af93b8eace95fbcf586b8f19e678352f7776dc1bc87a88d58f,0.0011019949780574094,0.00037700405532590733,0.0009235613195377649,0.0034081684120214136,-0.9981528784013359,0.0015414179132114568
sample_4205,L15-0368E-1245N_1474_3210_13,50176,0.17386798469387754,24c0f0a1716f6a8ed2b7cb45e5b108ed90bf414350a8faf4aaaa030bee02e645,64990ea6addff6af93b8eace95fbcf586b8f19e678352f7776dc1bc87a88d58f,0.5622877445396584,0.2603174920107907,0.08279887108103734,0.17419378810052216,-0.834402257190583,0.11296716513143118
sample_4206,L15-0566E-1185N_2265_3451_13,50176,0.0001992984693877551,daede069d703460dc1275e43c772caa2a215db963efcbfa2dc4eef610aab241d,64990ea6addff6af93b8eace95fbcf586b8f19e678352f7776dc1bc87a88d58f,0.0014733480702050614,0.0005665375365748638,0.0011659625903418173,0.003893674254711031,-0.9976680757408655,0.001897821635816937
sample_4207,L15-1138E-1216N_4553_3325_13,50176,0.04203204719387755,1abbab3a306fa3f8038283dabdb70be12c223dd327c9310917073fc07ac2b981,64990ea6addff6af93b8eace95fbcf586b8f19e678352f7776dc1bc87a88d58f,0.37627157349315826,0.07885186702244824,0.015901342680563733,0.04170813313349733,-0.9681973149865896,0.0240838750972808
sample_4208,L15-1138E-1216N_4553_3325_13,50176,0.16557716836734693,f69dc30990cd1febf5ad26695e473af7eb4e3ea720416705b05d0e800abd07dc,64990ea6addff6af93b8eace95fbcf586b8f19e678352f7776dc1bc87a88d58f,0.640972958737564,0.2820501067675595,0.09495233986004047,0.2307995497084924,-0.8100953202927113,0.14119197422351795
sample_4209,L15-1185E-0935N_4742_4450_13,50176,0.06943558673469388,aacd6bbc8cd504cc6c1a2bf4dd387ab03186ab75fd59db9d15e333d6b5f209a0,64990ea6addff6af93b8eace95fbcf586b8f19e678352f7776dc1bc87a88d58f,0.24332811836801974,0.1178867913412968,0.05215074207481681,0.1332699047921938,-0.895698516468082,0.07908603283432757
sample_4210,L15-1185E-0935N_4742_4450_13,50176,0.0901626275510204,6da842533b9f84fab1f2bcc17e823448cf5fe8d125454f07d194aaf906466d53,64990ea6addff6af93b8eace95fbcf586b8f19e678352f7776dc1bc87a88d58f,0.31469538064510105,0.15198903724146265,0.06368483999525482,0.15855660390179574,-0.8726303203865978,0.09506677477122612
sample_4211,L15-0544E-1228N_2176_3279_13,50176,0.20846619897959184,3248844a4999cda3e585f080cf7b5016ecc9c2816af68503e6b3a2f2d439a1a4,64990ea6addff6af93b8eace95fbcf586b8f19e678352f7776dc1bc87a88d58f,1.0184161359133603,0.350996922510824,0.06846483110459711,0.15940322234265328,-0.8630703381499163,0.09806665832521752
sample_4212,L15-1210E-1025N_4840_4088_13,50176,0.004723373724489796,099c37043fa39eadff447bd804eb36db06a8b64bcd8f26902dde5777389db780,64990ea6addff6af93b8eace95fbcf586b8f19e678352f7776dc1bc87a88d58f,0.03608254033995296,0.013244988553186897,0.015574010434722034,0.04677613322311973,-0.96885198014969,0.02518778899380624
sample_4213,L15-1389E-1284N_5557_3054_13,50176,0.0003786670918367347,daede069d703460dc1275e43c772caa2a215db963efcbfa2dc4eef610aab241d,64990ea6addff6af93b8eace95fbcf586b8f19e678352f7776dc1bc87a88d58f,0.0016355625271259108,0.0007128843296631868,0.0012738487673733308,0.0040888847761547395,-0.9974523035611947,0.002007694628864283
sample_4214,L15-0368E-1245N_1474_3210_13,50176,0.2276985012755102,decc8ebe4c19be940248a4d7ad115430db619510fdf2ec472b8674a465effd63,64990ea6addff6af93b8eace95fbcf586b8f19e678352f7776dc1bc87a88d58f,1.2519729191716809,0.37927914841501764,0.08077240120191888,0.1808338054077178,-0.8384551975569996,0.11353177697587664
sample_4215,L15-1014E-1375N_4056_2688_13,50176,0.1521843112244898,6069c19b6a6a7a41b0962e4113879af6d706079aae9550b606023a12ee0e4692,64990ea6addff6af93b8eace95fbcf586b8f19e678352f7776dc1bc87a88d58f,0.6526202275885862,0.2579915732216911,0.06049894405842512,0.14379593370019275,-0.8790021117369704,0.08803103867733836
sample_4216,L15-1138E-1216N_4553_3325_13,50176,0.07037228954081633,feb142abc4e0243f98e47375ecac90bef714dadfe7b3a4fa31c9cc72666b7007,64990ea6addff6af93b8eace95fbcf586b8f19e678352f7776dc1bc87a88d58f,0.3052870861674284,0.12246391021664735,0.044082925390043506,0.11005382786045921,-0.9118341498106719,0.06560160272443544
sample_4217,L15-0368E-1245N_1474_3210_13,50176,0.26729910714285715,a06e236fd9c026f580fc0a8a98cdf74338e0d5a757798b5b486246242e7cb10b,64990ea6addff6af93b8eace95fbcf586b8f19e678352f7776dc1bc87a88d58f,1.2121288189158035,0.43778279582626306,0.09839973811354792,0.22221095185210943,-0.8032005238367582,0.13962425237158155
sample_4218,L15-0358E-1220N_1433_3310_13,50176,0.11166693239795919,993f918f7122021abbee972c619e11e7c397daf72c1233461c92b28e5f94d550,64990ea6addff6af93b8eace95fbcf586b8f19e678352f7776dc1bc87a88d58f,0.38628345446644713,0.17570646824894412,0.06655189595351528,0.14772827671509917,-0.8668962072275448,0.09344864668766915
sample_4219,L15-1276E-1107N_5105_3761_13,50176,0.012476084183673469,22e5d1cb73f234d2764d1949e48e53cc1b3b396ce280773f2b9eb9910b920c64,64990ea6addff6af93b8eace95fbcf586b8f19e678352f7776dc1bc87a88d58f,0.08138962902782254,0.02437012772417408,0.010537878143344531,0.030861270431354008,-0.9789242442505427,0.01666303431220004
sample_4220,L15-0566E-1185N_2265_3451_13,50176,0.006975446428571429,7c92ea02443d44cb36940faa9f1d700515be90f2fb8f31159249fe9c068bb8ba,64990ea6addff6af93b8eace95fbcf586b8f19e678352f7776dc1bc87a88d58f,0.022349544043835195,0.010244200455390031,0.005194552796322624,0.012995625635176224,-0.9896108950481689,0.007573722824211352
sample_4221,L15-1389E-1284N_5557_3054_13,50176,0.0027104591836734694,2908a4eea388941c9255ae526e97397aa34da0f2fa5b39786ddfdc96285078ba,64990ea6addff6af93b8eace95fbcf586b8f19e678352f7776dc1bc87a88d58f,0.012310568077371787,0.00463652492704045,0.003105828410242589,0.008311619313193998,-0.9937883439272981,0.004647167782743436
sample_4222,L15-0566E-1185N_2265_3451_13,50176,0.005420918367346939,60845d6c1bf1fcd2a6e74fc66ae43753443861f0107cc36d237a9415441e1601,64990ea6addff6af93b8eace95fbcf586b8f19e678352f7776dc1bc87a88d58f,0.02024544877310543,0.009026792312387288,0.0045734030676872605,0.010954263988685115,-0.9908531945091146,0.006579546977707317
sample_4223,L15-1185E-0935N_4742_4450_13,50176,0.07447783801020408,d136330831043bd1269617aa9d1d88480b9e4b740c0046c1d2160914073aadc9,64990ea6addff6af93b8eace95fbcf586b8f19e678352f7776dc1bc87a88d58f,0.2538518447313607,0.1275533543664373,0.06258514554867027,0.15714584941252352,-0.8748297094297162,0.09422704833148558
sample_4224,L15-1210E-1025N_4840_4088_13,50176,0.06837930484693877,4b1d42da0671c02efb390eb309d56ba346948d60588ebbf35e068c534418ec99,64990ea6addff6af93b8eace95fbcf586b8f19e678352f7776dc1bc87a88d58f,0.26176524638750776,0.11542186132063506,0.043935014354302644,0.10380686667383322,-0.9121299717364025,0.06383776762676391
sample_4225,L15-1210E-1025N_4840_4088_13,50176,0.07938058035714286,f7509b5af95ff400ead423b1de3cd2ee672397874642348836e52ee088764433,64990ea6addff6af93b8eace95fbcf586b8f19e678352f7776dc1bc87a88d58f,0.30053344511520097,0.14331681427583873,0.05425575515374123,0.15242204113649702,-0.8914884900852367,0.08737920618287194
sample_4226,L15-0368E-1245N_1474_3210_13,50176,0.2747329400510204,765e482d6ad6d89b345646254e7e8d5bb3dac607be2cd80bcd1bb12697ecbd32,64990ea6addff6af93b8eace95fbcf586b8f19e678352f7776dc1bc87a88d58f,1.2067904211480507,0.4472955548970271,0.10859133312906309,0.24628267343650345,-0.7828173339664332,0.15526967460544933
sample_4227,L15-0544E-1228N_2176_3279_13,50176,0.1619499362244898,4ee9052039b1de29c67b3dd9817bdd41eb0d970f907e2ebd267380a6c5f1e7b1,64990ea6addff6af93b8eace95fbcf586b8f19e678352f7776dc1bc87a88d58f,0.815291953789702,0.2857043318087165,0.06021478385617006,0.15428247687128124,-0.8795704324818979,0.09093552414066756
sample_4228,L15-0358E-1220N_1433_3310_13,50176,0.0235172193877551,c16784e2755e0d84b73792576bcd6dbec359fa97b01e5a5657efe9c3f70179aa,64990ea6addff6af93b8eace95fbcf586b8f19e678352f7776dc1bc87a88d58f,0.1271878387662475,0.04251930494843687,0.010454575745008734,0.027374215121099797,-0.9790908488431577,0.01592685650209912
sample_4229,L15-1848E-0793N_7394_5018_13,50176,0.0015744579081632653,daede069d703460dc1275e43c772caa2a215db963efcbfa2dc4eef610aab241d,64990ea6addff6af93b8eace95fbcf586b8f19e678352f7776dc1bc87a88d58f,0.004184951039968633,0.0022580973486734752,0.002235432341932414,0.0064529089784609445,-0.9955291360553826,0.003434907631060413
sample_4230,L15-0544E-1228N_2176_3279_13,50176,0.150390625,bec920a1bf6e1cf474ca643b1c405e07ebf4b1deff1eadbf469b6f94b9eb74bb,64990ea6addff6af93b8eace95fbcf586b8f19e678352f7776dc1bc87a88d58f,0.8168647870111638,0.27306551174322713,0.04823231974697425,0.12661356241612412,-0.9035353607048042,0.07340281317220361
sample_4231,L15-1014E-1375N_4056_2688_13,50176,0.10447225765306123,16870129ca7bfd9e13432b2469cfdb39997d735fe8374a4d73b27f34a8d37f10,64990ea6addff6af93b8eace95fbcf586b8f19e678352f7776dc1bc87a88d58f,0.4112583517157426,0.16621244511517663,0.04920400180663837,0.11009838799281355,-0.9015919951619434,0.06911037051406577
sample_4232,L15-0566E-1185N_2265_3451_13,50176,0.0016741071428571428,b3c9c2f19c908da28dd7928740e839fc37568313a7402e8b70d4754809b1d84d,64990ea6addff6af93b8eace95fbcf586b8f19e678352f7776dc1bc87a88d58f,0.012821849772269684,0.003094614477620659,0.0019817500213655283,0.005977267241513474,-0.9960365008715941,0.0031197127957500407
sample_4233,L15-0368E-1245N_1474_3210_13,50176,0.26498724489795916,91a371a3fd630aadab1e5502bfad1416c3dee4aeb8ad17c61e6bef56d2b2f88f,64990ea6addff6af93b8eace95fbcf586b8f19e678352f7776dc1bc87a88d58f,1.1932354508057967,0.4332867849131233,0.10460759381578323,0.23737392302957588,-0.7907848123737157,0.14935410846550376
sample_4234,L15-1210E-1025N_4840_4088_13,50176,0.07922114158163265,6ac180528f503bbffe308471c07f5a58f3259218d64e2fffba42d3a71408eea2,64990ea6addff6af93b8eace95fbcf586b8f19e678352f7776dc1bc87a88d58f,0.3068802969164901,0.1431007428699051,0.0529217299617998,0.1549109582646293,-0.8941565400516156,0.08710127813060545
sample_4235,L15-1185E-0935N_4742_4450_13,50176,0.07178730867346939,e5afc3601e6baaa42ec8bfa144258758b4118ba7d9ef3f616729ed9c86d12c9f,64990ea6addff6af93b8eace95fbcf586b8f19e678352f7776dc1bc87a88d58f,0.2582711145363226,0.12191687992081217,0.05538964103337149,0.13932645252998713,-0.8892207182285115,0.08319295669012677
sample_4236,L15-1138E-1216N_4553_3325_13,50176,0.06385522959183673,d50205d0a10891d74d59c30149fbc47c12cfe927da7ca54cf01b618697b28e30,64990ea6addff6af93b8eace95fbcf586b8f19e678352f7776dc1bc87a88d58f,0.35378157614877687,0.11433273229347184,0.04708663184000939,0.11894028554765594,-0.9058267366003303,0.07027915587428732
sample_4237,L15-1210E-1025N_4840_4088_13,50176,0.07698899872448979,0f6f751b83f445fa0c1aa19ac17a0d0c7c4e9b5345f865bb1b580b0e80478261,64990ea6addff6af93b8eace95fbcf586b8f19e678352f7776dc1bc87a88d58f,0.29848216052210735,0.13908365550083251,0.053552572455076615,0.1535364571325356,-0.8928948554471575,0.08724212221416477
sample_4238,L15-1848E-0793N_7394_5018_13,50176,0.015864158163265307,daede069d703460dc1275e43c772caa2a215db963efcbfa2dc4eef610aab241d,64990ea6addff6af93b8eace95fbcf586b8f19e678352f7776dc1bc87a88d58f,0.04562345670629909,0.02529893095604097,0.029282821506280834,0.07147311733626265,-0.9414343564411838,0.04297298005018775
sample_4239,L15-0358E-1220N_1433_3310_13,50176,0.06361607142857142,8f53d74320effb3269ee89ede4c6c5c42a1f2f76eb698f28eb39932207bf3bae,64990ea6addff6af93b8eace95fbcf586b8f19e678352f7776dc1bc87a88d58f,0.2292351812852073,0.10146177460782696,0.042249841168902964,0.0965611798522693,-0.9155003176683227,0.05998161842085062
sample_4240,L15-0566E-1185N_2265_3451_13,50176,0.00011957908163265306,daede069d703460dc1275e43c772caa2a215db963efcbfa2dc4eef610aab241d,64990ea6addff6af93b8eace95fbcf586b8f19e678352f7776dc1bc87a88d58f,0.0009229020622693179,0.00028953795510104814,0.0007282230820107673,0.002871540717852047,-0.9985435544817596,0.0012670340246291618
sample_4241,L15-0544E-1228N_2176_3279_13,50176,0.17458545918367346,6e2ab5b63375d4fd6fe16ff11ec0ae4d196374f6cdcbceaf302f6ea1ce3285f7,64990ea6addff6af93b8eace95fbcf586b8f19e678352f7776dc1bc87a88d58f,0.9225899307439096,0.31076552531202917,0.0630131916948404,0.1581973979649346,-0.8739736165664639,0.09413644096618258
sample_4242,L15-1210E-1025N_4840_4088_13,50176,0.02214205994897959,425931f84e124318608476b412cf0e31eca37bc5cdaaec590fb878cc1fcc8b00,64990ea6addff6af93b8eace95fbcf586b8f19e678352f7776dc1bc87a88d58f,0.09967035980356899,0.04232717157222066,0.02713625564843378,0.07870354847866655,-0.9457274891446086,0.04357846671427238
sample_4243,L15-0358E-1220N_1433_3310_13,50176,0.06363600127551021,4c4abe2438b0fcbefcc117c11d3691b20aed04bc78b5a81170030996a9539c4f,64990ea6addff6af93b8eace95fbcf586b8f19e678352f7776dc1bc87a88d58f,0.23547020862741921,0.10229062649814469,0.039092924588416914,0.08911819720185672,-0.9218141505737536,0.055342079927654886
sample_4244,L15-1185E-0935N_4742_4450_13,50176,0.08452248086734694,1bf08c9547d42bd171642b345239bfccd4c2a7fc9337eb27a7a1a904c0a4aca5,64990ea6addff6af93b8eace95fbcf586b8f19e678352f7776dc1bc87a88d58f,0.29316969263924114,0.14580753750850314,0.06490351274557297,0.16428613620511395,-0.8701929746515971,0.09817941210465027
sample_4245,L15-1748E-1247N_6993_3202_13,50176,0.001833545918367347,6151bfd2392578824ed2981d3e73d02e4cb94ebbedff03525b250b192f386c40,64990ea6addff6af93b8eace95fbcf586b8f19e678352f7776dc1bc87a88d58f,0.007908195220855285,0.0031181378394346086,0.002471046957035302,0.007442130560149837,-0.9950579070162827,0.003872503024156258
sample_4246,L15-1276E-1107N_5105_3761_13,50176,0.021524234693877552,1520d738279726144beb908151152bd164f2d9937fa08d108d316f59f8fbec64,64990ea6addff6af93b8eace95fbcf586b8f19e678352f7776dc1bc87a88d58f,0.13192574954618908,0.0404812233414283,0.009895961770873365,0.027804539624474232,-0.9802080768475748,0.015416059268991221
sample_4247,L15-0358E-1220N_1433_3310_13,50176,0.06614716198979592,4dd29411249fa562ff9bf79a068f0b3ea9a38d19cd7c75896da5dd6602d80b6d,64990ea6addff6af93b8eace95fbcf586b8f19e678352f7776dc1bc87a88d58f,0.23793819124149787,0.1041202026475897,0.046149986698672325,0.10136580544101655,-0.907700026364047,0.0641597324724287
sample_4248,L15-1185E-0935N_4742_4450_13,50176,0.07890226403061225,cd23745243155d99fe33237a934e6dc3cd0e2b4b74dd4402b99b7a4bea4a5098,64990ea6addff6af93b8eace95fbcf586b8f19e678352f7776dc1bc87a88d58f,0.2884540985046203,0.1374004450353495,0.056256392096378366,0.14367092272412885,-0.8874872162463266,0.08534817900605743
sample_4249,L15-1210E-1025N_4840_4088_13,50176,0.07774633290816327,4157dd989f3a0f55d0599d7109acf8a3790298e19ba38e4ad99684c1d6b4c09b,64990ea6addff6af93b8eace95fbcf586b8f19e678352f7776dc1bc87a88d58f,0.3131026840855048,0.14014541638028985,0.05296920071241959,0.14880699186211563,-0.8940615985369478,0.0854072065245356
sample_4250,L15-1276E-1107N_5105_3761_13,50176,0.010243941326530613,fb673ac372227b83fa22a2fc56b059afc413ecd914618d62ed347083a6c573ad,64990ea6addff6af93b8eace95fbcf586b8f19e678352f7776dc1bc87a88d58f,0.08447351659133866,0.019672379094908928,0.00402556760450445,0.012148705632250914,-0.9919488657766724,0.006303999209207904
sample_4251,L15-0544E-1228N_2176_3279_13,50176,0.17657844387755103,515f3ec72a04a910fe91c4453ea6534729020ef46a9470c74364a471e565304c,64990ea6addff6af93b8eace95fbcf586b8f19e678352f7776dc1bc87a88d58f,0.9617164860156946,0.31385011906961746,0.06176126617296808,0.15194026811587874,-0.8764774681505543,0.09111827256297966
sample_4252,L15-0358E-1220N_1433_3310_13,50176,0.06670519770408163,75968a2e6b0e4b90c2cd914d4deeb8ced33240e480e1cb3411c386af6ae94c8a,64990ea6addff6af93b8eace95fbcf586b8f19e678352f7776dc1bc87a88d58f,0.23442887740298946,0.10534086187311476,0.046067625717782626,0.10211821051076903,-0.9078647479862657,0.06449228505146781
sample_4253,L15-1848E-0793N_7394_5018_13,50176,0.04322783801020408,daede069d703460dc1275e43c772caa2a215db963efcbfa2dc4eef610aab241d,64990ea6addff6af93b8eace95fbcf586b8f19e678352f7776dc1bc87a88d58f,0.2642300309532177,0.07366658081879555,0.013181655800768308,0.03206627525809905,-0.9736366883039053,0.01912992578095429
sample_4254,L15-0544E-1228N_2176_3279_13,50176,0.17002152423469388,0fae49eba642a7f9c03c8d5a616f2c4108ab957e1b47e16556c371bf59c9b8df,64990ea6addff6af93b8eace95fbcf586b8f19e678352f7776dc1bc87a88d58f,0.8551291835265884,0.28966663373750406,0.06515034343049463,0.15426505097490764,-0.8696993132914188,0.09416910233721552
sample_4255,L15-1276E-1107N_5105_3761_13,50176,0.009426817602040817,d73b6308c4c36a4e36f5ba28c0cb662de897987b8370d0b20081a8ad7d0eca46,64990ea6addff6af93b8eace95fbcf586b8f19e678352f7776dc1bc87a88d58f,0.0767992722593611,0.01777699554087085,0.002372879675133344,0.007382539891517641,-0.995254241366565,0.0037562352653146874
sample_4256,L15-0544E-1228N_2176_3279_13,50176,0.1643016581632653,46f614c077b01619815ce31346510580ead91d0ff7bdef3ddc902aef7e46c999,64990ea6addff6af93b8eace95fbcf586b8f19e678352f7776dc1bc87a88d58f,1.0033877117169758,0.3033261753317849,0.04378628817847835,0.11676137390390351,-0.9124274240304696,0.06724472777087621
sample_4257,L15-0368E-1245N_1474_3210_13,50176,0.16798867984693877,046a9ce83d50833b2b7e318b52c8930b8d9dc80d2f843be30bd0ea82b5bd2794,64990ea6addff6af93b8eace95fbcf586b8f19e678352f7776dc1bc87a88d58f,0.574038545032842,0.2572766264002195,0.08006697761878485,0.16875462035273178,-0.8398660440966679,0.10925298238457194
sample_4258,L15-1210E-1025N_4840_4088_13,50176,0.006955516581632653,0ce3cd33712d308d409cd469fe784a622bf942640bc2710fa1528d8fef32bf7e,64990ea6addff6af93b8eace95fbcf586b8f19e678352f7776dc1bc87a88d58f,0.04569390240114189,0.019058795581142412,0.023728271738426492,0.06381472731343203,-0.9525434570024592,0.03646086446967225
sample_4259,L15-1185E-0935N_4742_4450_13,50176,0.1451690051020408,20df3121570becc96c5af4f734242c2d4d1e2271ca0b2d6d98fba2d083ad90d8,64990ea6addff6af93b8eace95fbcf586b8f19e678352f7776dc1bc87a88d58f,0.5381284613039073,0.23654991865430927,0.0896906111786161,0.20661422422214826,-0.82061877774794,0.12869669771468017
sample_4260,L15-1748E-1247N_6993_3202_13,50176,0.015664859693877552,82db7bec38288ef703e2ed39ead113e90bf29d3e8bcd569c17e487fa2e9a7c98,64990ea6addff6af93b8eace95fbcf586b8f19e678352f7776dc1bc87a88d58f,0.0658522575943033,0.025875517887267847,0.008876818305888802,0.022124194218395062,-0.982246363771369,0.01299722625959704
sample_4261,L15-1389E-1284N_5557_3054_13,50176,0.00253109056122449,2908a4eea388941c9255ae526e97397aa34da0f2fa5b39786ddfdc96285078ba,64990ea6addff6af93b8eace95fbcf586b8f19e678352f7776dc1bc87a88d58f,0.012608859652099324,0.004419329396664014,0.002241754210649096,0.0059425037201530145,-0.9955164920000282,0.0033575322509200823
sample_4262,L15-1748E-1247N_6993_3202_13,50176,0.007254464285714286,e71cb1c1ac4fa2cbb3c232e9e2e7639c44095a999cbfb73382069c0319f2d99c,64990ea6addff6af93b8eace95fbcf586b8f19e678352f7776dc1bc87a88d58f,0.034935938274006574,0.013613959166475668,0.009798565791558703,0.024580439162225652,-0.9804028686615589,0.01439785939641326
sample_4263,L15-0358E-1220N_1433_3310_13,50176,0.027224170918367346,fcef5a1876fac55792780f8b86a036f73c9a95547956f49354762a35cdbd8120,64990ea6addff6af93b8eace95fbcf586b8f19e678352f7776dc1bc87a88d58f,0.1136521634344725,0.04758968272513377,0.019775999024538894,0.0489951102578025,-0.9604480025436467,0.029677475520396474
sample_4264,L15-1185E-0935N_4742_4450_13,50176,0.06606744260204081,1c9d95fcc824852cd3d22ba6ab929f668d5f2b64a4e594411805d190996ebba0,64990ea6addff6af93b8eace95fbcf586b8f19e678352f7776dc1bc87a88d58f,0.23464590013992595,0.1123060592999699,0.05506937591149947,0.13912990481148813,-0.8898612486019887,0.0827807773030123
sample_4265,L15-1276E-1107N_5105_3761_13,50176,0.011061065051020409,8591e6545203dc20267936a1c0fada9d28b0a51609ad6907da3af0120d374caa,64990ea6addff6af93b8eace95fbcf586b8f19e678352f7776dc1bc87a88d58f,0.08622638947446805,0.021456484861444407,0.004413702964725695,0.01358167843601455,-0.9911725949280586,0.007082397726543432
sample_4266,L15-1848E-0793N_7394_5018_13,50176,0.031947544642857144,1d1aaabcdd94c4f2aa5cd01957918fe4d2a37c6bb3758bcd8c22c875865a4d8b,64990ea6addff6af93b8eace95fbcf586b8f19e678352f7776dc1bc87a88d58f,0.12244094175528411,0.05411870420875102,0.02223949107978189,0.05499077939481157,-0.9555210174776734,0.0328098888577694
sample_4267,L15-0368E-1245N_1474_3210_13,50176,0.23034917091836735,09a26ff9a24b9bfa35281f5ab86bd161d503bc3879238319c4be19dc1952a12c,64990ea6addff6af93b8eace95fbcf586b8f19e678352f7776dc1bc87a88d58f,1.0397387637075244,0.3817253279885581,0.08515718561473626,0.19479129026103184,-0.829685628610488,0.12143468913564189
sample_4268,L15-1014E-1375N_4056_2688_13,50176,0.2041613520408163,c1b6e4167a55cae2ab0832fc2f707aa226c133535a54b496dd500785e0c2f5b1,64990ea6addff6af93b8eace95fbcf586b8f19e678352f7776dc1bc87a88d58f,0.8907271241385061,0.3453865165072868,0.07575226021213077,0.18036027973292232,-0.8484954796306924,0.11038174389853263
sample_4269,L15-1848E-0793N_7394_5018_13,50176,0.0023716517857142855,a3f4aec7b0054265f83404a6d96b49ed44efc2220960fd6c82087a67e2399fd2,64990ea6addff6af93b8eace95fbcf586b8f19e678352f7776dc1bc87a88d58f,0.00785583691143718,0.003937586710673928,0.004322962159509485,0.011962472830637198,-0.9913540766238237,0.00661403218574311
sample_4270,L15-1276E-1107N_5105_3761_13,50176,0.009925063775510204,0a76c57fc6848a25f908bcebf0af0b47bd0bebc4d223fa6605aece3e3201b834,64990ea6addff6af93b8eace95fbcf586b8f19e678352f7776dc1bc87a88d58f,0.06880145270433542,0.01907560229665452,0.006462985412122643,0.02005019892294696,-0.9870740303300106,0.010441114147810735
sample_4271,L15-1185E-0935N_4742_4450_13,50176,0.0830875318877551,ffc684711fb0a29c1b6fdd69647defc48c4bc6d07e93c3d09ca453575e5757ca,64990ea6addff6af93b8eace95fbcf586b8f19e678352f7776dc1bc87a88d58f,0.30938654862740794,0.14364305511181527,0.05634120518664772,0.1435549719059875,-0.8873175899739867,0.08531161113120174
sample_4272,L15-1185E-0935N_4742_4450_13,50176,0.16264748086734693,1f8f35b5200314812f345f1cac70a6af9380e4d0e9b7ff97c6ab79fb6388491e,64990ea6addff6af93b8eace95fbcf586b8f19e678352f7776dc1bc87a88d58f,0.5378862856020538,0.2747037670030402,0.11779426492047401,0.27593437984720304,-0.7644114705039408,0.17266665548597915
sample_4273,L15-0566E-1185N_2265_3451_13,50176,0.005082110969387755,9b8c72e76203436b129ee280ad1f4016bfc3411a708b063d5f7600e61e662d37,64990ea6addff6af93b8eace95fbcf586b8f19e678352f7776dc1bc87a88d58f,0.02540249852558386,0.00883340835473384,0.003395144029387406,0.008670107284435223,-0.9932097130376012,0.005028063242212302
sample_4274,L15-1185E-0935N_4742_4450_13,50176,0.08177216198979592,9789b4853bc4f2b255e843f74e0270c7b463d0f9a26dd23278e8a1fe7f73d609,64990ea6addff6af93b8eace95fbcf586b8f19e678352f7776dc1bc87a88d58f,0.2757072491139389,0.1374233490137737,0.06289210451092114,0.1564006814078865,-0.8742157911757484,0.093975721373847
sample_4275,L15-0544E-1228N_2176_3279_13,50176,0.20465959821428573,8c24825926c9bcc2597eea9c63e5d315dd6bec9d3d27ae4f5a0398c9dc6250f1,64990ea6addff6af93b8eace95fbcf586b8f19e678352f7776dc1bc87a88d58f,1.0285412072467774,0.3595085164652652,0.05930674397291578,0.14821059320239582,-0.8813865124969817,0.08819658648531625
sample_4276,L15-1210E-1025N_4840_4088_13,50176,0.0038066007653061226,51d9421702b40d2628eb1474b8260987ab669a476cd5e7c5b7a9773db259c5f6,64990ea6addff6af93b8eace95fbcf586b8f19e678352f7776dc1bc87a88d58f,0.023497037548939146,0.007175114819557217,0.002208615687666271,0.008718613562185793,-0.9955827701311268,0.0037930801435594507
sample_4277,L15-0368E-1245N_1474_3210_13,50176,0.23720503826530612,09a26ff9a24b9bfa35281f5ab86bd161d503bc3879238319c4be19dc1952a12c,64990ea6addff6af93b8eace95fbcf586b8f19e678352f7776dc1bc87a88d58f,0.9303019979136743,0.377756722783613,0.10636853606782246,0.23305510329782753,-0.7872629277189844,0.14821104736577875
sample_4278,L15-1138E-1216N_4553_3325_13,50176,0.16806839923469388,186ee44cbdb90006c3d183c608c95c746c13c79f81b403517cf30ebe12e856e8,64990ea6addff6af93b8eace95fbcf586b8f19e678352f7776dc1bc87a88d58f,0.6508403132250579,0.2827983884550227,0.09300539852001191,0.22421139576256718,-0.8139892030664285,0.13746415795748493
sample_4279,L15-0368E-1245N_1474_3210_13,50176,0.2482860331632653,09a26ff9a24b9bfa35281f5ab86bd161d503bc3879238319c4be19dc1952a12c,64990ea6addff6af93b8eace95fbcf586b8f19e678352f7776dc1bc87a88d58f,0.9671358947607313,0.3888244055486258,0.11169721595040161,0.24192909152532527,-0.776605568157189,0.1548119666119337
sample_4280,L15-1210E-1025N_4840_4088_13,50176,0.023596938775510203,f4bf35d88cdf92440f459127858397711120dcc539089f88c475c8c10a51548e,64990ea6addff6af93b8eace95fbcf586b8f19e678352f7776dc1bc87a88d58f,0.09872576090869661,0.0421493023159009,0.024335946347231845,0.07349482572012028,-0.9513281081074191,0.03942959343408913
sample_4281,L15-1185E-0935N_4742_4450_13,50176,0.17329001913265307,6d5c8280ae36314c680c1014923ba65a882c25a30f89d3425cc5a1d1b91a786d,64990ea6addff6af93b8eace95fbcf586b8f19e678352f7776dc1bc87a88d58f,0.6193442977744359,0.28985285228098234,0.10335388098729356,0.2431074794848091,-0.7932922383129323,0.1509088990662202
sample_4282,L15-1276E-1107N_5105_3761_13,50176,0.010642538265306123,b8c7aded2ce792482b31c9330827b7e52e29fda156e1edc718ad1b3ccb84067d,64990ea6addff6af93b8eace95fbcf586b8f19e678352f7776dc1bc87a88d58f,0.08514238745842585,0.019454058177597537,0.0034357090100493965,0.009846741742295786,-0.993128582584501,0.005300986153265368
sample_4283,L15-1848E-0793N_7394_5018_13,50176,0.007971938775510204,a6781bdfb2b90638cd1af52c87442c007aee0b5feab11251b997c66f35bf89f5,64990ea6addff6af93b8eace95fbcf586b8f19e678352f7776dc1bc87a88d58f,0.03515615117178268,0.014310542377939522,0.007109187552895473,0.01922135933624673,-0.9857816252405035,0.010842493751531901
sample_4284,L15-1138E-1216N_4553_3325_13,50176,0.16374362244897958,ad1e99cd6867edcf15542ce1b5c22b588070414aaed1b08300f3ead583907469,64990ea6addff6af93b8eace95fbcf586b8f19e678352f7776dc1bc87a88d58f,0.6500611268217792,0.2808487235173253,0.09354931508590068,0.22678240198236105,-0.8129013698931601,0.13870059078079372
sample_4285,L15-1276E-1107N_5105_3761_13,50176,0.020746970663265307,3bf25573b19bc33aa6fd27b958c364c0772d0d0a0a3605d73b5398efaa4fbd61,64990ea6addff6af93b8eace95fbcf586b8f19e678352f7776dc1bc87a88d58f,0.1613435867033647,0.04047300684150572,0.0056283746843644395,0.016726063637542324,-0.9887432512349789,0.009002126652652999
sample_4286,L15-1748E-1247N_6993_3202_13,50176,0.0015345982142857143,8daf05172d2a1e9d9040274604059e0f5864e4bd4a436cfba6947e7340d3e376,64990ea6addff6af93b8eace95fbcf586b8f19e678352f7776dc1bc87a88d58f,0.007734080421444341,0.003069534289971293,0.003634853330108204,0.010769414947422888,-0.9927302942016638,0.005766111647962261
sample_4287,L15-1389E-1284N_5557_3054_13,50176,0.0852798150510204,71592e090bf309a59c3982c6b4d9d7de5245d3ddbdcc1befbb61eeb112d59c16,64990ea6addff6af93b8eace95fbcf586b8f19e678352f7776dc1bc87a88d58f,0.3740886375090011,0.1445114269010189,0.04314040343932884,0.09969787174199536,-0.9137191933905185,0.06203410516886045
sample_4288,L15-1389E-1284N_5557_3054_13,50176,0.029735331632653062,cbe5e82ea6e5ba2ac1940726e0b19300931cc2c12916fca3f4f403e48cdd2598,64990ea6addff6af93b8eace95fbcf586b8f19e678352f7776dc1bc87a88d58f,0.09422505086960077,0.04757540368492287,0.022295248826576054,0.050099541125387614,-0.9554095022581994,0.031520449538602384
sample_4289,L15-0544E-1228N_2176_3279_13,50176,0.16557716836734693,9f4ad63e481ec55b11e73e251f1a05c31aa9334ebf43ce4475b6ac8debb2c3e0,64990ea6addff6af93b8eace95fbcf586b8f19e678352f7776dc1bc87a88d58f,0.8578560054907755,0.28712704074469136,0.059196396634619376,0.1439501098303463,-0.8816072066030576,0.08673217083025508
sample_4290,L15-0566E-1185N_2265_3451_13,50176,0.020228794642857144,00af56e9ae19ba9a50a579b2caefb43726e8a8193411a3e96163877501f5caf9,64990ea6addff6af93b8eace95fbcf586b8f19e678352f7776dc1bc87a88d58f,0.08509648620356636,0.03296559146347385,0.009972975849487573,0.024392423989344447,-0.9800540480811893,0.0144852198618271
sample_4291,L15-0358E-1220N_1433_3310_13,50176,0.03561463647959184,237cca57fd1a893d1a78221d1c6883e365ba7c3d396b859d0c7bb763814c35db,64990ea6addff6af93b8eace95fbcf586b8f19e678352f7776dc1bc87a88d58f,0.16373091241699836,0.06170590259405229,0.017588537774400368,0.04346535679782308,-0.9648229243449948,0.026115353161221256
sample_4292,L15-1276E-1107N_5105_3761_13,50176,0.01189811862244898,6e94660198c429444a5c5a8e25482f60d1a10dcccaf5abe78f7d7e9e3afa51e5,64990ea6addff6af93b8eace95fbcf586b8f19e678352f7776dc1bc87a88d58f,0.09506906042493016,0.02357767096277278,0.007080265984879997,0.020738269905111427,-0.9858394688936567,0.011121698464197303
sample_4293,L15-1014E-1375N_4056_2688_13,50176,0.0856186224489796,3fdf1dc6ba2451845dc80a5e4aae327f1365f04c19a550b3f7efb933764e4415,64990ea6addff6af93b8eace95fbcf586b8f19e678352f7776dc1bc87a88d58f,0.389248696646513,0.1423335955971003,0.03570798867054246,0.08303635986280455,-0.9285840222839515,0.05105806109997788
sample_4294,L15-1210E-1025N_4840_4088_13,50176,0.0215640943877551,6cb7553e3db30a880295153c0abbd5f762bb645cf7eee93c8174763cfbbac191,64990ea6addff6af93b8eace95fbcf586b8f19e678352f7776dc1bc87a88d58f,0.09960109133371743,0.041695468978662324,0.02603451903358254,0.08076413156031886,-0.9479309625783738,0.043121243674364464
sample_4295,L15-1389E-1284N_5557_3054_13,50176,0.0015744579081632653,20b85f93cecbb7ff683f7dd266e032daa5c614fe6af004fd5db1480b48a1860b,64990ea6addff6af93b8eace95fbcf586b8f19e678352f7776dc1bc87a88d58f,0.013162509137946017,0.0031006213704632747,0.0008054400594638926,0.0027530709158551086,-0.9983891204968359,0.0013263785673904268
sample_4296,L15-1748E-1247N_6993_3202_13,50176,0.0013751594387755102,b15c44d77dcdd305c471ca75001b82cd1f9aa64345316764e3127499ddc6c725,64990ea6addff6af93b8eace95fbcf586b8f19e678352f7776dc1bc87a88d58f,0.008369949229285889,0.0026259914498963956,0.0022003617700740545,0.007705991852943362,-0.995599277646528,0.003660953567773215
sample_4297,L15-1276E-1107N_5105_3761_13,50176,0.08260921556122448,8e4f25c253fc0f181395f3e4610e47a61249afe6549d64d7b3dbad0ed7cff19d,64990ea6addff6af93b8eace95fbcf586b8f19e678352f7776dc1bc87a88d58f,0.3109568117523096,0.13834660958837328,0.07613742700302784,0.16609683567966538,-0.8477251459547093,0.10615344369191065
sample_4298,L15-0368E-1245N_1474_3210_13,50176,0.2222576530612245,f54e30b4fac7bf945d3ac2e08745dc0230c3583c774d776a7007583093baeadf,64990ea6addff6af93b8eace95fbcf586b8f19e678352f7776dc1bc87a88d58f,0.9444534660311631,0.35708378181200157,0.11000091229014251,0.24434234507445882,-0.7799981753598486,0.15487426922506797
sample_4299,L15-1185E-0935N_4742_4450_13,50176,0.08342633928571429,418a239a13019a6eee7f58abe1bd1d906294ffb5cbb53c5f9512d3335525368e,64990ea6addff6af93b8eace95fbcf586b8f19e678352f7776dc1bc87a88d58f,0.30607636204913785,0.141566365965813,0.06677118899438492,0.16407753743538153,-0.8664576221493624,0.09907120390858082
sample_4300,L15-0368E-1245N_1474_3210_13,50176,0.23094706632653061,0d0dd78b4fb50a4d608b3c017ed4ce7d9fdac5c9b9fa9079d168c1b9bc0b2aa2,64990ea6addff6af93b8eace95fbcf586b8f19e678352f7776dc1bc87a88d58f,1.2549124403476997,0.3867074067922498,0.08171108911023,0.18640462256323634,-0.8365778217695008,0.11616618811383841
sample_4301,L15-1185E-0935N_4742_4450_13,50176,0.16462053571428573,447c9132af8ffbe77aa05c43018af2ddc5e3938e1839036c95220b4a3cd51dc5,64990ea6addff6af93b8eace95fbcf586b8f19e678352f7776dc1bc87a88d58f,0.5439344939024235,0.2757162164714128,0.11243752322672886,0.26696510320118694,-0.7751249536438181,0.1658397294697893
sample_4302,L15-0566E-1185N_2265_3451_13,50176,0.00013950892857142856,daede069d703460dc1275e43c772caa2a215db963efcbfa2dc4eef610aab241d,64990ea6addff6af93b8eace95fbcf586b8f19e678352f7776dc1bc87a88d58f,0.0005784322660202271,0.00023044391283977758,0.00039508747060460094,0.0016408045663212217,-0.99920982609061,0.0006458550602927174
sample_4303,L15-1389E-1284N_5557_3054_13,50176,0.0021723533163265306,20b85f93cecbb7ff683f7dd266e032daa5c614fe6af004fd5db1480b48a1860b,64990ea6addff6af93b8eace95fbcf586b8f19e678352f7776dc1bc87a88d58f,0.010681164045374855,0.0042173817727513595,0.0035253787788619498,0.010429276862073839,-0.9929492430251163,0.005620765488219569
sample_4304,L15-1748E-1247N_6993_3202_13,50176,0.008769132653061224,ff340a11f3b4f1a6dc0ae7449c772b0741d33954632e405684d30c4a34bd2f82,64990ea6addff6af93b8eace95fbcf586b8f19e678352f7776dc1bc87a88d58f,0.05334143006547901,0.01660484407033677,0.0034328182916898205,0.010322338013560322,-0.9931343643771589,0.005446298599568084
sample_4305,L15-1185E-0935N_4742_4450_13,50176,0.14756058673469388,ceaa558747870f89b5a5916de1c76a9693bef65c72ce0dfbb7b5fe290fe1c7c6,64990ea6addff6af93b8eace95fbcf586b8f19e678352f7776dc1bc87a88d58f,0.5120207067952861,0.23690347136925982,0.09490898632259127,0.22025754851033394,-0.8101820273940754,0.13744717240865598
sample_4306,L15-0544E-1228N_2176_3279_13,50176,0.15106823979591838,a47866669158949983742ab8c3e22c384a3af049d11e62a976e002b6bfd08945,64990ea6addff6af93b8eace95fbcf586b8f19e678352f7776dc1bc87a88d58f,0.9184517333027321,0.2732202296693436,0.04264934253118628,0.11064602831561576,-0.9147013153179767,0.06462605464896343
sample_4307,L15-0368E-1245N_1474_3210_13,50176,0.24372209821428573,09a26ff9a24b9bfa35281f5ab86bd161d503bc3879238319c4be19dc1952a12c,64990ea6addff6af93b8eace95fbcf586b8f19e678352f7776dc1bc87a88d58f,0.8962365105766054,0.38160742983771295,0.11440357322476766,0.2472258665664073,-0.7711928537109146,0.15838791275105799
sample_4308,L15-0358E-1220N_1433_3310_13,50176,0.10108418367346939,4bdc7eacfb0bafe203b5d7d3c100ad249103f0730a0a313b5400212075f95a04,64990ea6addff6af93b8eace95fbcf586b8f19e678352f7776dc1bc87a88d58f,0.3067725674016297,0.15107395285030345,0.06697284063675954,0.14532604124765472,-0.8660543180087724,0.09291558465908854
sample_4309,L15-1138E-1216N_4553_3325_13,50176,0.16753029336734693,9e5e148b58a4f5c4c45c159973cd614485cd407feffabe5e3e827b9649265157,64990ea6addff6af93b8eace95fbcf586b8f19e678352f7776dc1bc87a88d58f,0.6261778748327362,0.28237373865487,0.10366559492980074,0.2468720643524634,-0.7926688101441627,0.15264443324028676
sample_4310,L15-1185E-0935N_4742_4450_13,50176,0.07754703443877552,7afdb754a36d7635c4f238c7a32af3162d1ebc9d47da295ecf3d566f5c707c55,64990ea6addff6af93b8eace95fbcf586b8f19e678352f7776dc1bc87a88d58f,0.3083013942413234,0.13481919794041877,0.051070929585708955,0.1317898399427463,-0.8978581413922381,0.07738209171073604
sample_4311,L15-1848E-0793N_7394_5018_13,50176,0.026646205357142856,33ce4836920d36668691d6671c12c1a3c15f3de3f043d2b0c21deed04d16777c,64990ea6addff6af93b8eace95fbcf586b8f19e678352f7776dc1bc87a88d58f,0.1253539597372799,0.04539300977666379,0.009491182430124633,0.023900598685435145,-0.981017634925633,0.014037416442992732
sample_4312,L15-1014E-1375N_4056_2688_13,50176,0.09271364795918367,cf1115e78386e79a3d3b2fc141b26d17ec624620b823336672284fdd485fd686,64990ea6addff6af93b8eace95fbcf586b8f19e678352f7776dc1bc87a88d58f,0.37529072461268353,0.1508325301394728,0.042700493437409094,0.0969425007094759,-0.9145990125797514,0.06042314642050824
sample_4313,L15-1138E-1216N_4553_3325_13,50176,0.04805086096938776,6d5e9b700d788659a9addb6b1ffe7222d80d907e8781c7cecc98db796a44d0f9,64990ea6addff6af93b8eace95fbcf586b8f19e678352f7776dc1bc87a88d58f,0.34058251172027953,0.08723191657639634,0.017534462046068237,0.043816109172031104,-0.9649310761906813,0.025861252923128412
sample_4314,L15-1185E-0935N_4742_4450_13,50176,0.16587611607142858,17247f883b60847080886a1cb4eacf19745083ac26ebe795b5289fba44331bb1,64990ea6addff6af93b8eace95fbcf586b8f19e678352f7776dc1bc87a88d58f,0.5037796782424233,0.27456563979653825,0.13284165949361132,0.3062586839066712,-0.7343166810273862,0.19342512378568769
sample_4315,L15-1848E-0793N_7394_5018_13,50176,0.02076690051020408,daede069d703460dc1275e43c772caa2a215db963efcbfa2dc4eef610aab241d,64990ea6addff6af93b8eace95fbcf586b8f19e678352f7776dc1bc87a88d58f,0.06357232675665832,0.03469212898176346,0.043245975710974285,0.1042219946750511,-0.9135080486831243,0.06317952739519532
sample_4316,L15-1389E-1284N_5557_3054_13,50176,0.01887356505102041,642d47f5f5cacf90e08b05012cdc63226250960e7ac7473aeeae71a9da74242f,64990ea6addff6af93b8eace95fbcf586b8f19e678352f7776dc1bc87a88d58f,0.06496969676721286,0.03221428409369548,0.014854559017944016,0.03611960313327486,-0.970290881920756,0.021918614877235516
sample_4317,L15-1748E-1247N_6993_3202_13,50176,0.0012356505102040817,8daf05172d2a1e9d9040274604059e0f5864e4bd4a436cfba6947e7340d3e376,64990ea6addff6af93b8eace95fbcf586b8f19e678352f7776dc1bc87a88d58f,0.007799118088903428,0.0027115859193019135,0.0026105014899536513,0.008054784723505706,-0.9947789978412839,0.004173486328257498
sample_4318,L15-0566E-1185N_2265_3451_13,50176,3.985969387755102e-05,daede069d703460dc1275e43c772caa2a215db963efcbfa2dc4eef610aab241d,64990ea6addff6af93b8eace95fbcf586b8f19e678352f7776dc1bc87a88d58f,0.00037477347400327143,0.00012232563591640995,0.0002634912332500882,0.0012219690825852347,-0.999473018358891,0.00046818345201664655
sample_4319,L15-1210E-1025N_4840_4088_13,50176,0.004524075255102041,79ad663c10d3fb542e1769d05d8c09c50e84c717eb3734a999f0d839b175b7f2,64990ea6addff6af93b8eace95fbcf586b8f19e678352f7776dc1bc87a88d58f,0.04019126892879593,0.014799761428121581,0.018200584121846726,0.05290832032130209,-0.963598832424098,0.029091146348557844
sample_4320,L15-1210E-1025N_4840_4088_13,50176,0.07993861607142858,dcba03157b201bef5c582514f16971b94ec5b8ad7a4a3d4c10a00846fd53fdd7,64990ea6addff6af93b8eace95fbcf586b8f19e678352f7776dc1bc87a88d58f,0.3134146425864334,0.1468028991501939,0.059491819934919477,0.16747783247677459,-0.8810163603461626,0.09602657248495856
sample_4321,L15-1389E-1284N_5557_3054_13,50176,0.016481983418367346,743b9654fc10b2ee122017d91133e3d56272d8113a47b87a5f0513dfe034bd29,64990ea6addff6af93b8eace95fbcf586b8f19e678352f7776dc1bc87a88d58f,0.06173575279922465,0.029160197975062644,0.013002248661478564,0.0323531925219216,-0.973995503124144,0.019571209814426397
sample_4322,L15-0544E-1228N_2176_3279_13,50176,0.20368303571428573,54ba86a8e13df7b917ceee4690d6ad74705bc2c67e5de570b40d38dc4bd76c8f,64990ea6addff6af93b8eace95fbcf586b8f19e678352f7776dc1bc87a88d58f,1.0954521876560228,0.36042239080249067,0.05357055829205949,0.13099092489861375,-0.8928588837498055,0.07849515852836642
sample_4323,L15-1014E-1375N_4056_2688_13,50176,0.20015545280612246,8fdd5ffdb6caecc345db34e53c57a1308d2dccb31a6c98809c43e3af96304eff,64990ea6addff6af93b8eace95fbcf586b8f19e678352f7776dc1bc87a88d58f,0.7988036653848822,0.33685507365747064,0.08738766972460232,0.2074569679232678,-0.8252246605655419,0.12780648458421778
sample_4324,L15-0358E-1220N_1433_3310_13,50176,0.11172672193877552,d8dc051b45282cd7f78456ec065af277545241aa4a22b7828f37e3d540289441,64990ea6addff6af93b8eace95fbcf586b8f19e678352f7776dc1bc87a88d58f,0.36727037063242,0.1736199996877679,0.07225691349891832,0.1564013595112298,-0.8554861721046657,0.10016545873684711
sample_4325,L15-1185E-0935N_4742_4450_13,50176,0.07774633290816327,bc50f35090b410a297fb90e82516886bc011a05659cdad4548987b091c7931b4,64990ea6addff6af93b8eace95fbcf586b8f19e678352f7776dc1bc87a88d58f,0.2714573901136818,0.13449773321087183,0.06043058513231309,0.15358796265387326,-0.8791388303571069,0.09152852734851764
sample_4326,L15-1210E-1025N_4840_4088_13,50176,0.08067602040816327,f8176b83e74f25ced1bb50df578df0937c2a1d81b22f3326335e2bbd1439e74d,64990ea6addff6af93b8eace95fbcf586b8f19e678352f7776dc1bc87a88d58f,0.31042490144192103,0.1437247348923348,0.05541800537350949,0.1533973051448155,-0.8891639894099999,0.08840848558188447
sample_4327,L15-1138E-1216N_4553_3325_13,50176,0.18054448341836735,5a7cc98cb56fe6e89c0326908610ec726478bf455804f2e97b43ea3484c7e211,64990ea6addff6af93b8eace95fbcf586b8f19e678352f7776dc1bc87a88d58f,0.6692382635912351,0.2967321810566431,0.10993064621853053,0.25573881590531994,-0.7801387075496602,0.15971825119914004
sample_4328,L15-0368E-1245N_1474_3210_13,50176,0.23549107142857142,09a26ff9a24b9bfa35281f5ab86bd161d503bc3879238319c4be19dc1952a12c,64990ea6addff6af93b8eace95fbcf586b8f19e678352f7776dc1bc87a88d58f,0.9799354235339948,0.3824125125837825,0.09073385879829791,0.2036538655711273,-0.8185322823248811,0.12817375088593638
sample_4329,L15-1389E-1284N_5557_3054_13,50176,0.01992984693877551,94e0eac6d067fb1b2bf7061395ca952120e93ccb766d3c4b47e3dcb6448bd227,64990ea6addff6af93b8eace95fbcf586b8f19e678352f7776dc1bc87a88d58f,0.08343620121379494,0.03592764539783114,0.012763044340726065,0.03292713966317604,-0.9744739113130233,0.019570762793083604
sample_4330,L15-1848E-0793N_7394_5018_13,50176,0.03802614795918367,daede069d703460dc1275e43c772caa2a215db963efcbfa2dc4eef610aab241d,64990ea6addff6af93b8eace95fbcf586b8f19e678352f7776dc1bc87a88d58f,0.20674626971948049,0.0636373106927421,0.013418938516762716,0.03239481698013147,-0.9731621229120823,0.019455219158991514
sample_4331,L15-0358E-1220N_1433_3310_13,50176,0.01189811862244898,72faa6df4cab4723f8829c4e91586094c7a3fc230b661601cae57e3b1aec940a,64990ea6addff6af93b8eace95fbcf586b8f19e678352f7776dc1bc87a88d58f,0.07328575830856686,0.021785522345840524,0.005705365502484599,0.015487177578282331,-0.9885892697567934,0.00873263260013666
sample_4332,L15-1210E-1025N_4840_4088_13,50176,0.003946109693877551,28f4b5265fc72703783860b70bb90f1970fc9af9fb89f3ca483772997e36f8fe,64990ea6addff6af93b8eace95fbcf586b8f19e678352f7776dc1bc87a88d58f,0.031075464153334665,0.010279434758350765,0.008571529145618635,0.025298646646864154,-0.9828569428958606,0.013681452547854666
sample_4333,L15-1210E-1025N_4840_4088_13,50176,0.07963966836734694,df47e41bccd89727df17745a14d2584c94b178e5103e58d98f4c2eefbb7050a0,64990ea6addff6af93b8eace95fbcf586b8f19e678352f7776dc1bc87a88d58f,0.3029041432419471,0.14422202198886552,0.05549884444264201,0.15908114682662453,-0.8890023111470082,0.09058260513509302
sample_4334,L15-1138E-1216N_4553_3325_13,50176,0.02907764668367347,2b8c9a57a67853910848f91c867eec3bd1a7ded3f65ba4c02a74122a80dfadd5,64990ea6addff6af93b8eace95fbcf586b8f19e678352f7776dc1bc87a88d58f,0.156663322296767,0.0543308426455367,0.0269726064110802,0.07256999288968898,-0.9460547880911567,0.041565852994563036
sample_4335,L15-0566E-1185N_2265_3451_13,50176,1.992984693877551e-05,daede069d703460dc1275e43c772caa2a215db963efcbfa2dc4eef610aab241d,64990ea6addff6af93b8eace95fbcf586b8f19e678352f7776dc1bc87a88d58f,0.00020527901989429639,4.690246535608683e-05,0.0001576953040131805,0.0009296255328358283,-0.9996846103458371,0.0003001865101194061
sample_4336,L15-0368E-1245N_1474_3210_13,50176,0.2666015625,090d63adb9f203124c9d2cbaf2efa0ff13960f60a94ecf23d6e6152437205648,64990ea6addff6af93b8eace95fbcf586b8f19e678352f7776dc1bc87a88d58f,1.2195739833912909,0.43604390039278174,0.0980587753369853,0.22288491876470265,-0.803882449138332,0.13967733917170205
sample_4337,L15-1848E-0793N_7394_5018_13,50176,0.008709343112244899,339f2dfa5d90f9383a4dad9c0e50ed85eb3da93c5851ae9a23fe5185f66125c5,64990ea6addff6af93b8eace95fbcf586b8f19e678352f7776dc1bc87a88d58f,0.03813378435974533,0.015503973588992772,0.007827249164360442,0.02035636600691429,-0.9843455023654347,0.011757658996239803
sample_4338,L15-0368E-1245N_1474_3210_13,50176,0.1812420280612245,cf3a65f411e9f8f38a673344a838efbb64f1d93df152514f5762e3eb2ac5723e,64990ea6addff6af93b8eace95fbcf586b8f19e678352f7776dc1bc87a88d58f,0.7778084084923738,0.2882431298060217,0.07733021809230084,0.16499332233483863,-0.8453395630173655,0.10637957155354255
sample_4339,L15-0566E-1185N_2265_3451_13,50176,0.0,daede069d703460dc1275e43c772caa2a215db963efcbfa2dc4eef610aab241d,64990ea6addff6af93b8eace95fbcf586b8f19e678352f7776dc1bc87a88d58f,8.792266483609804e-05,8.784461871174728e-07,8.769969726741618e-05,0.0007015662076936362,-0.9998246016042169,0.00017452094834771506
sample_4340,L15-0368E-1245N_1474_3210_13,50176,0.23899872448979592,09a26ff9a24b9bfa35281f5ab86bd161d503bc3879238319c4be19dc1952a12c,64990ea6addff6af93b8eace95fbcf586b8f19e678352f7776dc1bc87a88d58f,0.95735812809963,0.3828895271006386,0.10162733173192649,0.22433025257437839,-0.7967453362265723,0.14231217931563775
sample_4341,L15-1210E-1025N_4840_4088_13,50176,0.021344866071428572,bba46641e24abf9a00aec8201c72c023f78d236f16a2692876ebf7ec974a97ed,64990ea6addff6af93b8eace95fbcf586b8f19e678352f7776dc1bc87a88d58f,0.10037111629465843,0.040304090560162396,0.02177482469206942,0.06958568612001254,-0.9564503511400182,0.03643546791957373
sample_4342,L15-0368E-1245N_1474_3210_13,50176,0.24302455357142858,09a26ff9a24b9bfa35281f5ab86bd161d503bc3879238319c4be19dc1952a12c,64990ea6addff6af93b8eace95fbcf586b8f19e678352f7776dc1bc87a88d58f,1.0379807060148007,0.38878143646369595,0.09922372490733064,0.21657236229537682,-0.801552550090019,0.13802094318297048
sample_4343,L15-1276E-1107N_5105_3761_13,50176,0.018315529336734693,70a52d90ba088d4c840f691dea0ddba2e2c5dfbe4b03b577f6e1242404fa2167,64990ea6addff6af93b8eace95fbcf586b8f19e678352f7776dc1bc87a88d58f,0.13728499690169152,0.03556473658656908,0.005118848760707342,0.014819798314128548,-0.9897623032913861,0.008097495720086617
sample_4344,L15-1210E-1025N_4840_4088_13,50176,0.0712890625,db13738a13b444d524559b94ba5762a3931f2a4a6b2e685802866e89d46434b4,64990ea6addff6af93b8eace95fbcf586b8f19e678352f7776dc1bc87a88d58f,0.26912340219951747,0.11573573787170381,0.0511585945425061,0.11565454802549292,-0.8976828110839232,0.07235492623615077
sample_4345,L15-0358E-1220N_1433_3310_13,50176,0.0574577487244898,2f45959e80a38a86dc05a1955db17003ca8c62c36b5ded4df7892a87dcc78325,64990ea6addff6af93b8eace95fbcf586b8f19e678352f7776dc1bc87a88d58f,0.23807551633119173,0.09422028837837752,0.0309318194096927,0.07240812157688116,-0.9381363609339645,0.04440563816654848
sample_4346,L15-0358E-1220N_1433_3310_13,50176,0.10269850127551021,6ce14a724dd13176d95cafc3657a15cea4e005dc0d064b4784c604378aa3a349,64990ea6addff6af93b8eace95fbcf586b8f19e678352f7776dc1bc87a88d58f,0.34008490812191877,0.16145555306854031,0.0685373085790922,0.14985808863168942,-0.8629253816439851,0.09569520912418251
sample_4347,L15-1748E-1247N_6993_3202_13,50176,0.0016741071428571428,2471987e46c3349a2b70d56796ca6746b3f5bd2aa0b189cd36f55149f0d09713,64990ea6addff6af93b8eace95fbcf586b8f19e678352f7776dc1bc87a88d58f,0.008682315465714976,0.0027634687818060854,0.0015202455153707794,0.005403512581466216,-0.9969595102869643,0.0024903785600374055
sample_4348,L15-1276E-1107N_5105_3761_13,50176,0.015405771683673469,95cb2c20aca98a4490342693ca364c7faf4d7311f537b9389837ea48f0d9d676,64990ea6addff6af93b8eace95fbcf586b8f19e678352f7776dc1bc87a88d58f,0.13681729603402,0.030390417765675106,0.002129652229736426,0.0067022265870558565,-0.9957406962243287,0.0034138587594579476
sample_4349,L15-1748E-1247N_6993_3202_13,50176,0.009048150510204082,7b5fd6929a745588e13560101fa9e2883831ecf7a2795f66ff35d6e7bc1c37ae,64990ea6addff6af93b8eace95fbcf586b8f19e678352f7776dc1bc87a88d58f,0.041344338503526534,0.01821993673982824,0.016531110603400335,0.042098276243509085,-0.9669377793072258,0.024770512085442915
sample_4350,L15-1389E-1284N_5557_3054_13,50176,0.08667490433673469,702f5aef1b674c69cd27cf8dd0f2c525520337f8db39a5c4c8bfc07c17320ddb,64990ea6addff6af93b8eace95fbcf586b8f19e678352f7776dc1bc87a88d58f,0.40377640628519224,0.14782931848200517,0.04435700953139791,0.10205836159076215,-0.911285980289937,0.0635692585401374
sample_4351,L15-0544E-1228N_2176_3279_13,50176,0.19870057397959184,e3e0fb62b32bc5f2ea3ab4f08498ccfda448217ea9fc24ea32fe168c8d6b772f,64990ea6addff6af93b8eace95fbcf586b8f19e678352f7776dc1bc87a88d58f,1.115304157675821,0.3556811505730293,0.044468308048208754,0.11105203440737181,-0.9110633840601554,0.06582989380290971
sample_4352,L15-0358E-1220N_1433_3310_13,50176,0.11250398596938775,993f918f7122021abbee972c619e11e7c397daf72c1233461c92b28e5f94d550,64990ea6addff6af93b8eace95fbcf586b8f19e678352f7776dc1bc87a88d58f,0.3399046237865956,0.17335540616625134,0.07818202841646817,0.16683602266418165,-0.8436359427062129,0.1075117403692052
sample_4353,L15-0358E-1220N_1433_3310_13,50176,0.059650031887755105,969cd19890b4c3ff047c3dfe4604d0a36c58a9bc34685edd4650e2d0ab129c7d,64990ea6addff6af93b8eace95fbcf586b8f19e678352f7776dc1bc87a88d58f,0.2362962525682831,0.09780716353556365,0.03725835180613307,0.08512198204681609,-0.9254832956316023,0.053049891295065495
sample_4354,L15-1185E-0935N_4742_4450_13,50176,0.08474170918367346,0a2db0e14edd1ba56d083fe001e9ba814c1cbf61dd8a7194f77112a806d74acb,64990ea6addff6af93b8eace95fbcf586b8f19e678352f7776dc1bc87a88d58f,0.31154312422123426,0.14430321028497017,0.06055438278922431,0.15122048655962764,-0.878891234914014,0.09064784126605793
sample_4355,L15-1138E-1216N_4553_3325_13,50176,0.12414301658163265,859bdab06eb67343aab2e16879eb574855f310d672bb26210a99d48570ba28fa,64990ea6addff6af93b8eace95fbcf586b8f19e678352f7776dc1bc87a88d58f,0.4324414340747492,0.20525932777414546,0.07535263255585403,0.18011748084623383,-0.8492947351633261,0.10999430838609765
sample_4356,L15-0358E-1220N_1433_3310_13,50176,0.03380102040816327,ed341b1986a2b9989791f6a04202784919f12b25a521ccf7e766aba5dcbca8a0,64990ea6addff6af93b8eace95fbcf586b8f19e678352f7776dc1bc87a88d58f,0.1251568543188547,0.056923371146788575,0.019836052828135768,0.04889413089955491,-0.9603278944858208,0.029683673182356523
sample_4357,L15-0566E-1185N_2265_3451_13,50176,0.005341198979591837,1706b9164e7060a4a2cd1520b965b41282ef99addb275a90aaabf6475522d5d2,64990ea6addff6af93b8eace95fbcf586b8f19e678352f7776dc1bc87a88d58f,0.018314832180564726,0.008734080250938305,0.002957917563379647,0.007620579355606068,-0.9940841657355962,0.0043351446840167425
sample_4358,L15-0566E-1185N_2265_3451_13,50176,0.00013950892857142856,daede069d703460dc1275e43c772caa2a215db963efcbfa2dc4eef610aab241d,64990ea6addff6af93b8eace95fbcf586b8f19e678352f7776dc1bc87a88d58f,0.000991835960223497,0.0002561038321569611,0.000847173699092272,0.0037758576974365504,-0.9983056535362564,0.001525292475511935
sample_4359,L15-1748E-1247N_6993_3202_13,50176,0.00821109693877551,a8803e7d0f4c217817ea6170ea7b9166cffc5fca72160b9f8481c8fe77599a41,64990ea6addff6af93b8eace95fbcf586b8f19e678352f7776dc1bc87a88d58f,0.03942798912268393,0.01656709041868744,0.01481113107922506,0.03771782159837077,-0.9703777390188245,0.02209354435558562
sample_4360,L15-1848E-0793N_7394_5018_13,50176,0.006138392857142857,536fbe64aa14edb7229a7bbd5fbf546ba5159c7510eec605015c8a4e05a4d834,64990ea6addff6af93b8eace95fbcf586b8f19e678352f7776dc1bc87a88d58f,0.03245345714229818,0.010622946751011293,0.005400026650690682,0.014674858715041799,-0.9891999470627851,0.008179182167467755
sample_4361,L15-1138E-1216N_4553_3325_13,50176,0.0811344068877551,60a8439f5e95ba8b6c6d2129fd83f847e19293e5182e54beb7d65d4b7d198dd2,64990ea6addff6af93b8eace95fbcf586b8f19e678352f7776dc1bc87a88d58f,0.45337024687551963,0.14352517617577235,0.06308584280635174,0.1565299558037786,-0.8738283146296306,0.09373299448759197
sample_4362,L15-1014E-1375N_4056_2688_13,50176,0.15652901785714285,6069c19b6a6a7a41b0962e4113879af6d706079aae9550b606023a12ee0e4692,64990ea6addff6af93b8eace95fbcf586b8f19e678352f7776dc1bc87a88d58f,0.5613150074357663,0.25701067978309666,0.08011925649563116,0.18496421409326824,-0.8397614866711606,0.11530266921589424
sample_4363,L15-0544E-1228N_2176_3279_13,50176,0.15411750637755103,98f0e3f8f3182ce994ba5313c0a87fd5861e3fc8963db13529df28f1aa84efab,64990ea6addff6af93b8eace95fbcf586b8f19e678352f7776dc1bc87a88d58f,0.9131228236649099,0.2800741038455753,0.04166111353029288,0.11052508816789171,-0.9166777732631498,0.06367107880103323
sample_4364,L15-0368E-1245N_1474_3210_13,50176,0.26803651147959184,a06e236fd9c026f580fc0a8a98cdf74338e0d5a757798b5b486246242e7cb10b,64990ea6addff6af93b8eace95fbcf586b8f19e678352f7776dc1bc87a88d58f,1.1576089087537478,0.4346811215639224,0.10583094494626383,0.23705871240706516,-0.7883381099976943,0.14991273775203812
sample_4365,L15-1276E-1107N_5105_3761_13,50176,0.011778539540816327,171bf35e9e6427723fa9529dc174f918a9080ecf7af519a2d34bd64bd1408bd2,64990ea6addff6af93b8eace95fbcf586b8f19e678352f7776dc1bc87a88d58f,0.08686816112133479,0.02212320075172371,0.00723300965464845,0.02050183942598341,-0.9855339813590823,0.011166792683612623
sample_4366,L15-1210E-1025N_4840_4088_13,50176,0.022739955357142856,d571705b1e11951119317bae7b8d89e1dcef739d04f9a87e2ca90d37ea665988,64990ea6addff6af93b8eace95fbcf586b8f19e678352f7776dc1bc87a88d58f,0.0944501335577657,0.04174357881158996,0.023363349671779693,0.07275824560344031,-0.9532733011801141,0.03884017900188046
sample_4367,L15-1389E-1284N_5557_3054_13,50176,0.0020926339285714285,94f0320abd99652f336e8f6660cee5313dc3b055a20f3af7666d5b86c564586d,64990ea6addff6af93b8eace95fbcf586b8f19e678352f7776dc1bc87a88d58f,0.011348552746364166,0.004246514832301308,0.003323227188511923,0.01006636240860292,-0.9933535462702114,0.0053794654401280164
sample_4368,L15-1389E-1284N_5557_3054_13,50176,9.964923469387755e-05,daede069d703460dc1275e43c772caa2a215db963efcbfa2dc4eef610aab241d,64990ea6addff6af93b8eace95fbcf586b8f19e678352f7776dc1bc87a88d58f,0.0009649091845072853,0.0003292597345603124,0.0008316508301875877,0.002973301734118481,-0.9983366991869324,0.0013731254716143255
sample_4369,L15-1185E-0935N_4742_4450_13,50176,0.1672313456632653,9924041d570d6b066d23dcaf5c5f366558b5cfd3a1c63c54203e54e1abe0fa5f,64990ea6addff6af93b8eace95fbcf586b8f19e678352f7776dc1bc87a88d58f,0.5711587384154838,0.2809190310769462,0.10625984013907383,0.25361181856923054,-0.7874803196767212,0.1569546964960676
sample_4370,L15-1848E-0793N_7394_5018_13,50176,0.03180803571428571,f663f1589cc97b39f4341f84b4febb2478da61eb541549269ddd304a96cbb0c6,64990ea6addff6af93b8eace95fbcf586b8f19e678352f7776dc1bc87a88d58f,0.14006775443777847,0.05236201449483268,0.01340108514853696,0.0330462762611422,-0.9731978298800954,0.019615316118841396
sample_4371,L15-0368E-1245N_1474_3210_13,50176,0.2370655293367347,f21990bf33932a74d1d2c8cd6aaf883ec192b2328346eb65a5563937aa8798e8,64990ea6addff6af93b8eace95fbcf586b8f19e678352f7776dc1bc87a88d58f,0.8761133459480506,0.37682523091629155,0.1040357963398232,0.22997472948392164,-0.7919284074151085,0.14574860831886433
sample_4372,L15-0566E-1185N_2265_3451_13,50176,0.022799744897959183,41b32e6dc2c5243a8418e7ba25487e6b0579e7e5be3f5829e45067933f65698e,64990ea6addff6af93b8eace95fbcf586b8f19e678352f7776dc1bc87a88d58f,0.13659918272047417,0.0403901496358649,0.008129446647291509,0.019918149772628974,-0.9837411068436198,0.011860228791018015
sample_4373,L15-1748E-1247N_6993_3202_13,50176,0.01935188137755102,996ec2484ee110b0c01b1d7542349c1289b24f62b61c22737577a961cbcf4cd3,64990ea6addff6af93b8eace95fbcf586b8f19e678352f7776dc1bc87a88d58f,0.10951433933486766,0.03497473174423036,0.008676383641966599,0.02405291389334364,-0.9826472332433256,0.01339675133889826
sample_4374,L15-1138E-1216N_4553_3325_13,50176,0.12234933035714286,0fe6e5338862a9d963acddb81d82e8f9ba02f45cca61bc43d4e0cadb6aa71d2e,64990ea6addff6af93b8eace95fbcf586b8f19e678352f7776dc1bc87a88d58f,0.5012988872079903,0.2148582975782844,0.061744527003908416,0.15622982095008503,-0.8765109461511631,0.09275906246414141
sample_4375,L15-1276E-1107N_5105_3761_13,50176,0.013253348214285714,d946ff1b0b06489c47fcf0b2531a67c239cec261a7cc1b1c52d29e940a95a3d5,64990ea6addff6af93b8eace95fbcf586b8f19e678352f7776dc1bc87a88d58f,0.09403005240485082,0.02587047338723899,0.009444200844808045,0.027431000345757454,-0.9811115992358462,0.014827504006491953
sample_4376,L15-1014E-1375N_4056_2688_13,50176,0.09811463647959184,8d8e5880f326f2419fb0d49d563a4ecaeead909aba93406a5cea676ab65207c4,64990ea6addff6af93b8eace95fbcf586b8f19e678352f7776dc1bc87a88d58f,0.43805860908951955,0.16164888845954287,0.04106839697651223,0.09340510848621021,-0.9178632050757997,0.058220447515892844
sample_4377,L15-1276E-1107N_5105_3761_13,50176,0.07302295918367346,7a94802ac87643018563c052ab432a3044a1cf6c4823169fe897f88e84758a84,64990ea6addff6af93b8eace95fbcf586b8f19e678352f7776dc1bc87a88d58f,0.29876729731223856,0.12776843671356952,0.06397862509677034,0.14408128620827013,-0.8720427500779523,0.09083388622987282
sample_4378,L15-1276E-1107N_5105_3761_13,50176,0.015545280612244899,a1b825e5b07343d69e2289a65a7a04a95d23af0eeb07f21ff7c4e4403019b821,64990ea6addff6af93b8eace95fbcf586b8f19e678352f7776dc1bc87a88d58f,0.11168378166318688,0.029654752412331783,0.005128329315659951,0.014661133017420383,-0.9897433418791172,0.00800143737321687
sample_4379,L15-0566E-1185N_2265_3451_13,50176,0.0020527742346938774,b3c9c2f19c908da28dd7928740e839fc37568313a7402e8b70d4754809b1d84d,64990ea6addff6af93b8eace95fbcf586b8f19e678352f7776dc1bc87a88d58f,0.010949844675966335,0.003809588087180529,0.002428756438775406,0.007541991640909617,-0.9951424881010822,0.0038771726510226736
sample_4380,L15-1210E-1025N_4840_4088_13,50176,0.022082270408163265,afaefa08ce1d5f4142ea9ada548163396e98ddad0c1445d8336f77b7ffb987ee,64990ea6addff6af93b8eace95fbcf586b8f19e678352f7776dc1bc87a88d58f,0.1009486775585722,0.04236670711071085,0.025120530087424785,0.0737279879501918,-0.9497589404755853,0.04037839755696448
sample_4381,L15-1210E-1025N_4840_4088_13,50176,0.007573341836734694,e07c1f57bd723f8024ba27255d2dbd6b7da716cee39a6c84defc0ec340d600d5,64990ea6addff6af93b8eace95fbcf586b8f19e678352f7776dc1bc87a88d58f,0.0394857445850372,0.017146082255550407,0.01816985896688753,0.048785891277562034,-0.9636602828838454,0.027558158316174936
sample_4382,L15-1748E-1247N_6993_3202_13,50176,0.015027104591836735,612e2c24079bbd024fb5fabe1d8a34c0a9002d40f30490a27772bddbeceb451f,64990ea6addff6af93b8eace95fbcf586b8f19e678352f7776dc1bc87a88d58f,0.06025828558778193,0.02585531960972523,0.010920011750850066,0.02857680131988101,-0.9781599772517144,0.016476102116936186
sample_4383,L15-1748E-1247N_6993_3202_13,50176,0.0010363520408163266,b15c44d77dcdd305c471ca75001b82cd1f9aa64345316764e3127499ddc6c725,64990ea6addff6af93b8eace95fbcf586b8f19e678352f7776dc1bc87a88d58f,0.008723388703745477,0.002398490718848871,0.002250559563862578,0.008354904284038154,-0.9954988817719028,0.003964270536750975
sample_4384,L15-1389E-1284N_5557_3054_13,50176,0.025011957908163265,547c7d1780faf0c5acfec1f19c56fddcdb2bd6682ce063d5a4a6f4df8b64eb4b,64990ea6addff6af93b8eace95fbcf586b8f19e678352f7776dc1bc87a88d58f,0.08040690986990678,0.041941899929630884,0.021987251970650896,0.05189912285659069,-0.9560254960939029,0.03194387851249979
sample_4385,L15-1014E-1375N_4056_2688_13,50176,0.09669961734693877,bfab66462c47828928af3472cf094df3dc55847c4b93fbd929d8da1f57df8cce,64990ea6addff6af93b8eace95fbcf586b8f19e678352f7776dc1bc87a88d58f,0.4178029586396064,0.16030355815319358,0.03892417370142149,0.08938989738447839,-0.9221516514816601,0.05539637276030468
sample_4386,L15-1138E-1216N_4553_3325_13,50176,0.07310267857142858,03fdad59e06fabe7c0c4c592b7a2284c2deb2017824724e231eb8d44e4eaec53,64990ea6addff6af93b8eace95fbcf586b8f19e678352f7776dc1bc87a88d58f,0.32216473240018967,0.12805880934246494,0.04565488033433806,0.11537453072390527,-0.9086902392879446,0.06844120049438067
sample_4387,L15-1389E-1284N_5557_3054_13,50176,0.0013552295918367347,daede069d703460dc1275e43c772caa2a215db963efcbfa2dc4eef610aab241d,64990ea6addff6af93b8eace95fbcf586b8f19e678352f7776dc1bc87a88d58f,0.004989613777461043,0.0022875451058836293,0.003608338005023495,0.010689579826531655,-0.9927833245773819,0.005715581618997291
sample_4388,L15-0566E-1185N_2265_3451_13,50176,0.006915656887755102,4b508d10fdb77e996c999befa4ae9d7a6c7526c19c9cc7a3a064286ca2d7bb64,64990ea6addff6af93b8eace95fbcf586b8f19e678352f7776dc1bc87a88d58f,0.02942005675156783,0.011211626590607964,0.0044583202712713,0.010953222062799702,-0.9910833601442869,0.006479506687405638
sample_4389,L15-1210E-1025N_4840_4088_13,50176,0.06586814413265306,4998975814461bee94cceaa4493bfa9be660a7fb6d60310301a1e5c42020f7bd,64990ea6addff6af93b8eace95fbcf586b8f19e678352f7776dc1bc87a88d58f,0.21764597098810265,0.10538338207365067,0.05639227178441931,0.1258161247521297,-0.8872154572051572,0.0791827964927721
sample_4390,L15-1185E-0935N_4742_4450_13,50176,0.08635602678571429,9b1b6593bb5d7958b41d0116ca7a6d7abba68405489855975dce97caf16d8a5a,64990ea6addff6af93b8eace95fbcf586b8f19e678352f7776dc1bc87a88d58f,0.2883380372895466,0.14365242150892765,0.06608052133126374,0.16388352379008597,-0.8678389577351794,0.0987903937094952
sample_4391,L15-1210E-1025N_4840_4088_13,50176,0.06303810586734694,3cf673cee91e73eae0e89f7d6bb33f8418ed20e0b3cd2d03fae32879d325f4cd,64990ea6addff6af93b8eace95fbcf586b8f19e678352f7776dc1bc87a88d58f,0.21367577253713538,0.09979940614749497,0.04840009337010774,0.10853542491342828,-0.9031998140744624,0.06807341254696922
sample_4392,L15-0358E-1220N_1433_3310_13,50176,0.10030691964285714,50564ee77be1b520cb38e99b88c5ef99bd3f3737819c62d2605a90a1d37fbd4e,64990ea6addff6af93b8eace95fbcf586b8f19e678352f7776dc1bc87a88d58f,0.30112773213925764,0.15152763633601654,0.06922591046539459,0.14850180021888743,-0.8615481781356754,0.09551409385506422
sample_4393,L15-1138E-1216N_4553_3325_13,50176,0.07678970025510204,cb6adac092edc124e7b225cb76fab211d6e0a0e1abd6495fbc7a626530ff5bea,64990ea6addff6af93b8eace95fbcf586b8f19e678352f7776dc1bc87a88d58f,0.42494148127045583,0.13484276219992414,0.049820463986810753,0.12393787295143714,-0.9003590722648055,0.07380069291391408
sample_4394,L15-0358E-1220N_1433_3310_13,50176,0.09899154974489796,3166f64efaef3deedaf8c2d30628c5b3b0ee2bc39208ac4b1f849ee21d7ad3ff,64990ea6addff6af93b8eace95fbcf586b8f19e678352f7776dc1bc87a88d58f,0.29867645219101624,0.14798243044793127,0.07369227590970695,0.15656650775345543,-0.852615447441644,0.10098027433548376
sample_4395,L15-0358E-1220N_1433_3310_13,50176,0.0283203125,b6ea69ccc3a2a9a54d3b95a44b9708ceeeeab75214c06ff3d5d9900d20824bf7,64990ea6addff6af93b8eace95fbcf586b8f19e678352f7776dc1bc87a88d58f,0.10666215439315016,0.05091089569693948,0.02532869480830636,0.05971230208084917,-0.9493426107452863,0.03724266591807057
sample_4396,L15-1276E-1107N_5105_3761_13,50176,0.019591039540816327,f71dd30663ec1de0960156b3a3618cf4f14b7eaeeb6e833576fb75fcffd50110,64990ea6addff6af93b8eace95fbcf586b8f19e678352f7776dc1bc87a88d58f,0.13871067122931,0.03716473664694877,0.007392588620340186,0.019246646895392495,-0.9852148237679222,0.011040269284375901
sample_4397,L15-1748E-1247N_6993_3202_13,50176,0.025928730867346938,51b455324fc6239777bc080f9c3f2dab4bb58c49b5be73d4e1a4020430cd764f,64990ea6addff6af93b8eace95fbcf586b8f19e678352f7776dc1bc87a88d58f,0.11514123722809366,0.045746287926511475,0.01852033732515969,0.04754437701811579,-0.9629593258622955,0.02784156115864008
sample_4398,L15-0544E-1228N_2176_3279_13,50176,0.19736527423469388,1bb67f944367b83eaccaecc29c8a5062cb4bcedf1e404541ecf2fe26c874ae24,64990ea6addff6af93b8eace95fbcf586b8f19e678352f7776dc1bc87a88d58f,1.1210374160720558,0.3565925224472727,0.04116315962699223,0.10397003139937956,-0.9176736811059066,0.06122222662814809
sample_4399,L15-1748E-1247N_6993_3202_13,50176,0.012834821428571428,93bc9b2a7dbe89ee5341ccbd6c9fa31b1fbc619a8fe12abae43c23114fd0dbfe,64990ea6addff6af93b8eace95fbcf586b8f19e678352f7776dc1bc87a88d58f,0.06020459523266761,0.023360562686805475,0.009260052560866639,0.025474325917581985,-0.9814798960980231,0.01426192407890434
sample_4400,L15-1185E-0935N_4742_4450_13,50176,0.07272401147959184,8919367dc6aa9b3de7b46f921d62cfd48aa8c4013e04c8d3319dce3cd96915bf,64990ea6addff6af93b8eace95fbcf586b8f19e678352f7776dc1bc87a88d58f,0.2626797840522713,0.12293890208192959,0.0554072816620999,0.14029676297491275,-0.8891854370340689,0.08336425725262551
sample_4401,L15-0368E-1245N_1474_3210_13,50176,0.16932397959183673,e4f7cd1492b56b33689f7ffaee17a9dedb2372251e2a1b13b151ac5d76dff51a,64990ea6addff6af93b8eace95fbcf586b8f19e678352f7776dc1bc87a88d58f,0.5645884512109045,0.2574912437928844,0.08279228696423792,0.174177045049928,-0.8344154250071084,0.11299051014677701
sample_4402,L15-0566E-1185N_2265_3451_13,50176,0.00011957908163265306,daede069d703460dc1275e43c772caa2a215db963efcbfa2dc4eef610aab241d,64990ea6addff6af93b8eace95fbcf586b8f19e678352f7776dc1bc87a88d58f,0.0008375358338489599,0.0002821340322459991,0.0005863185280610865,0.002568698703337446,-0.9988273640457731,0.001019585941521201
sample_4403,L15-0566E-1185N_2265_3451_13,50176,0.022620376275510203,b22bcfb63121436535a31ccb09c33f479ca64d72f5f09cff57382441807ad70b,64990ea6addff6af93b8eace95fbcf586b8f19e678352f7776dc1bc87a88d58f,0.11016147779215578,0.03807013466856391,0.011167220369798645,0.026663338304105628,-0.977665559689252,0.016056789950160785
sample_4404,L15-1389E-1284N_5557_3054_13,50176,0.022759885204081634,758b44adf54a9bf20d53b46ac6cf913bbdaeb609c48ec2290c4985762eceaf96,64990ea6addff6af93b8eace95fbcf586b8f19e678352f7776dc1bc87a88d58f,0.08680950276186987,0.03791916402215089,0.014286937579341536,0.033707326267741596,-0.971426124786676,0.0206601533089447
sample_4405,L15-1014E-1375N_4056_2688_13,50176,0.08868781887755102,23f27b46ae1ac7647578e8545878580fc39ae0a7267f05d116f2a871cb577187,64990ea6addff6af93b8eace95fbcf586b8f19e678352f7776dc1bc87a88d58f,0.3106552853543294,0.1424467678112747,0.06052510974790939,0.13731455790680222,-0.8789497799194157,0.08617841421738655
sample_4406,L15-0358E-1220N_1433_3310_13,50176,0.06527024872448979,4dd72013ba9494f034d785ffe401e3a54865039bccce114a34a0de4b18adfe8f,64990ea6addff6af93b8eace95fbcf586b8f19e678352f7776dc1bc87a88d58f,0.2275447623402239,0.10252594996474934,0.043026371499076864,0.09571638261036068,-0.9139472565238907,0.06023969150609144
sample_4407,L15-0566E-1185N_2265_3451_13,50176,0.0015146683673469387,fe856c43a9878015f5f6c97b9d2246102928275cf07e25f7f616b2941aa5f172,64990ea6addff6af93b8eace95fbcf586b8f19e678352f7776dc1bc87a88d58f,0.007382082060676893,0.0028005946468693996,0.00256616541787944,0.006972904782714152,-0.9948676697913825,0.003880177453720037
sample_4408,L15-1276E-1107N_5105_3761_13,50176,0.07403938137755102,b777215d59103e642fda543c3def7607ca3428a50f980524f6605e60d66d4f17,64990ea6addff6af93b8eace95fbcf586b8f19e678352f7776dc1bc87a88d58f,0.31963968469845067,0.1303318196801077,0.0613365616264506,0.1399572568838501,-0.8773268770381233,0.08776736693428422
sample_4409,L15-0368E-1245N_1474_3210_13,50176,0.23319913903061223,09a26ff9a24b9bfa35281f5ab86bd161d503bc3879238319c4be19dc1952a12c,64990ea6addff6af93b8eace95fbcf586b8f19e678352f7776dc1bc87a88d58f,0.9546366186207556,0.3758383515537136,0.09690097356642767,0.21473773205018998,-0.8061980528199943,0.1356746532736674
sample_4410,L15-1748E-1247N_6993_3202_13,50176,0.019471460459183673,a30ed5967643ecf4cfb2429bd3644856890102f16621b9e939f980102ef84521,64990ea6addff6af93b8eace95fbcf586b8f19e678352f7776dc1bc87a88d58f,0.06191619810803001,0.030973714722904763,0.018839495223281637,0.047053945703369085,-0.9623210104631266,0.02778210390082287
sample_4411,L15-1276E-1107N_5105_3761_13,50176,0.01132015306122449,da7835ffbdf837b6603663b35db5b1025c99979c2f962491932432e9e0bbb504,64990ea6addff6af93b8eace95fbcf586b8f19e678352f7776dc1bc87a88d58f,0.08151635237512463,0.022203863408372316,0.0076976943516400545,0.023574086368685843,-0.9846046125850635,0.012377093497558628
sample_4412,L15-1748E-1247N_6993_3202_13,50176,0.02224170918367347,c82fedc3dceefc7b9fd3f1988bfcda35fd8fa46248ef3b28c8897ab59d10c650,64990ea6addff6af93b8eace95fbcf586b8f19e678352f7776dc1bc87a88d58f,0.09613292138959312,0.0390683726417801,0.01571763783565019,0.040133321168380136,-0.968564725027295,0.02348137129724934
sample_4413,L15-1210E-1025N_4840_4088_13,50176,0.04177295918367347,9f736d6b78bdb2b0259723a3d0619af2407501484abada9af18e56eff9b0ef48,64990ea6addff6af93b8eace95fbcf586b8f19e678352f7776dc1bc87a88d58f,0.1622000436053273,0.07409448478195566,0.048730377744579195,0.10764610508212817,-0.9025392448002392,0.06800137856416327
sample_4414,L15-0544E-1228N_2176_3279_13,50176,0.17631935586734693,5892928fdef0d40da5ff36d4c71e803affd355ac9cf5f3fa0664f4c25ee265eb,64990ea6addff6af93b8eace95fbcf586b8f19e678352f7776dc1bc87a88d58f,0.9785572303241991,0.31337419013192336,0.060915187781686156,0.1515337670311472,-0.8781696245346806,0.09054074965997554
sample_4415,L15-1848E-0793N_7394_5018_13,50176,0.03296396683673469,daede069d703460dc1275e43c772caa2a215db963efcbfa2dc4eef610aab241d,64990ea6addff6af93b8eace95fbcf586b8f19e678352f7776dc1bc87a88d58f,0.21099269469665166,0.05765051375182002,0.01464277405139743,0.036539035810511954,-0.9707144522451611,0.021641936489087025
sample_4416,L15-1014E-1375N_4056_2688_13,50176,0.15092873086734693,1091fb1bd815fc4559abc1146a5f743f413236e9d8df9736f7bb027dd0b682dd,64990ea6addff6af93b8eace95fbcf586b8f19e678352f7776dc1bc87a88d58f,0.5671829119848796,0.24797608684989525,0.07106343029679883,0.1646610045922326,-0.8578731385469317,0.10225011018089684
sample_4417,L15-0544E-1228N_2176_3279_13,50176,0.20601482780612246,567f42a79f6dbc49d6efd21fb6e8ed8c6b30263ee71880e952367e93cdaecfd3,64990ea6addff6af93b8eace95fbcf586b8f19e678352f7776dc1bc87a88d58f,1.173225595779504,0.3622666582501701,0.060844572218211025,0.14625382132208828,-0.8783108559522403,0.08858670339828598
sample_4418,L15-1276E-1107N_5105_3761_13,50176,0.016481983418367346,dd074cef0bb1b39dfe1140e68e7551634079d9d8fe2bdc81d0233da3ee36dd21,64990ea6addff6af93b8eace95fbcf586b8f19e678352f7776dc1bc87a88d58f,0.14303496048311695,0.032029658762364556,0.0046627270034039206,0.012991921977038438,-0.990674546855691,0.0071193559896666975
sample_4419,L15-1210E-1025N_4840_4088_13,50176,0.057298309948979595,019f0ad13294c51c7f2e9ca3207c7c09a64f6a85250bdbfdf0be76867dec2043,64990ea6addff6af93b8eace95fbcf586b8f19e678352f7776dc1bc87a88d58f,0.21923825011914444,0.09537973558965447,0.044328129635315995,0.10508908180296539,-0.9113437414613657,0.06439908618858345
sample_4420,L15-0368E-1245N_1474_3210_13,50176,0.22345344387755103,8e7a9120e5435cc68d04c37483679f4a92b6dff43edca26803bc68abb281a62d,64990ea6addff6af93b8eace95fbcf586b8f19e678352f7776dc1bc87a88d58f,0.9793377675562145,0.36088339708442546,0.10895329456401001,0.24017514984060218,-0.782093410952577,0.15250462468211703
sample_4421,L15-0544E-1228N_2176_3279_13,50176,0.2019889987244898,567f42a79f6dbc49d6efd21fb6e8ed8c6b30263ee71880e952367e93cdaecfd3,64990ea6addff6af93b8eace95fbcf586b8f19e678352f7776dc1bc87a88d58f,1.1614905346769935,0.35914876798206813,0.05655160702275568,0.13857207769656515,-0.8868967862755013,0.08307589719115936
sample_4422,L15-0368E-1245N_1474_3210_13,50176,0.24143016581632654,09a26ff9a24b9bfa35281f5ab86bd161d503bc3879238319c4be19dc1952a12c,64990ea6addff6af93b8eace95fbcf586b8f19e678352f7776dc1bc87a88d58f,1.0337574382146484,0.38804107029256535,0.09631125251429953,0.21230510453003376,-0.8073774953303668,0.13457991426534527
sample_4423,L15-1138E-1216N_4553_3325_13,50176,0.06467235331632654,e6848e102aacfaf8307203f63ee8bfe54f3ec55b3a56e0f8e735ed117d16ae94,64990ea6addff6af93b8eace95fbcf586b8f19e678352f7776dc1bc87a88d58f,0.32630441771279184,0.11587266646348683,0.031978425078036984,0.0840074407513317,-0.9360431506342636,0.04878292577162525
sample_4424,L15-0566E-1185N_2265_3451_13,50176,0.0011559311224489796,1706b9164e7060a4a2cd1520b965b41282ef99addb275a90aaabf6475522d5d2,64990ea6addff6af93b8eace95fbcf586b8f19e678352f7776dc1bc87a88d58f,0.003133609237193634,0.0015949114440497974,0.0015739348244245108,0.004511899387600053,-0.996852130988536,0.0023989819393743796
sample_4425,L15-1848E-0793N_7394_5018_13,50176,0.002232142857142857,daede069d703460dc1275e43c772caa2a215db963efcbfa2dc4eef610aab241d,64990ea6addff6af93b8eace95fbcf586b8f19e678352f7776dc1bc87a88d58f,0.005631116837385239,0.003036672703898769,0.0034811978884117336,0.009603263834725336,-0.9930376055229712,0.005224202097959475
sample_4426,L15-0566E-1185N_2265_3451_13,50176,0.0031090561224489796,8b7681aacbebc1e830daa58af45ee7fe5d97ffd9600f8a013a8fbfae643db64e,64990ea6addff6af93b8eace95fbcf586b8f19e678352f7776dc1bc87a88d58f,0.01746366626163826,0.005540156730938569,0.0018372500056343876,0.0052725900430682805,-0.9963255004688912,0.002841656285469034
sample_4427,L15-0566E-1185N_2265_3451_13,50176,0.008848852040816327,8fa61df9c4debafc6c66251a8205fd0c3a0e875b8ae06644184d0adfcd6e49e8,64990ea6addff6af93b8eace95fbcf586b8f19e678352f7776dc1bc87a88d58f,0.026149455908145904,0.013075131515806658,0.006038366097063586,0.014771876768550471,-0.9879232680022463,0.00877756741025837
sample_4428,L15-1138E-1216N_4553_3325_13,50176,0.16960299744897958,60f2bf8128c751d86d7aaf9d99f8d46d00f623ad87409286b6c3afc8db7954de,64990ea6addff6af93b8eace95fbcf586b8f19e678352f7776dc1bc87a88d58f,0.6571616814358388,0.28546673001283773,0.100226465423772,0.24146824179384177,-0.7995470691571419,0.14862063449692609
sample_4429,L15-0566E-1185N_2265_3451_13,50176,0.00607860331632653,a4df164244d9d2e194da973c010b00829629d8c942b97c96a4ec57b8f01f47ba,64990ea6addff6af93b8eace95fbcf586b8f19e678352f7776dc1bc87a88d58f,0.023327655513806462,0.010099155490484086,0.005789895944667942,0.014030290332430204,-0.9884202095794067,0.008304247845044454
sample_4430,L15-1748E-1247N_6993_3202_13,50176,0.0010762117346938774,6151bfd2392578824ed2981d3e73d02e4cb94ebbedff03525b250b192f386c40,64990ea6addff6af93b8eace95fbcf586b8f19e678352f7776dc1bc87a88d58f,0.008404069051782799,0.002234988512412372,0.0014196218452321328,0.005208701774163035,-0.9971607573058825,0.0024117523517615293
sample_4431,L15-0358E-1220N_1433_3310_13,50176,0.061443718112244895,b53aa94e7b062d9e38b12bb4dfcfe850747d5f8e5f8dfb43e16946ae74951abf,64990ea6addff6af93b8eace95fbcf586b8f19e678352f7776dc1bc87a88d58f,0.24606250403025767,0.09839764938574527,0.035450493300343125,0.0813593756712282,-0.9290990133890141,0.05043962968439456
sample_4432,L15-1014E-1375N_4056_2688_13,50176,0.08510044642857142,53e00f6e69f77c442d689437f54ffc3ce0d21142a181e7eec48118a8d2fb0f5c,64990ea6addff6af93b8eace95fbcf586b8f19e678352f7776dc1bc87a88d58f,0.32133799033556504,0.14048682002721874,0.05685085275481284,0.13146466613801647,-0.8862982938772164,0.08178301016706105
sample_4433,L15-1276E-1107N_5105_3761_13,50176,0.011937978316326531,1b298c11c3dda2ea10eb5fdcd63324983a4cc8a77f9492c54479e7f0cf08fb59,64990ea6addff6af93b8eace95fbcf586b8f19e678352f7776dc1bc87a88d58f,0.08444787394402647,0.02230503381516889,0.006997269531949519,0.01985005442388485,-0.9860054617828088,0.010831651030305915
sample_4434,L15-0358E-1220N_1433_3310_13,50176,0.032346141581632654,dc810241fc4ad0a02c8dceddd3edecc7c4f644b52eb0cc8c857a257a8d7fb009,64990ea6addff6af93b8eace95fbcf586b8f19e678352f7776dc1bc87a88d58f,0.10607641783349184,0.05405240092264867,0.024176164784430697,0.05767545095216554,-0.9516476706634713,0.03567272024903581
sample_4435,L15-1848E-0793N_7394_5018_13,50176,0.002272002551020408,daede069d703460dc1275e43c772caa2a215db963efcbfa2dc4eef610aab241d,64990ea6addff6af93b8eace95fbcf586b8f19e678352f7776dc1bc87a88d58f,0.0061656960212776,0.0035660821143471103,0.0028550486978409545,0.007259835121051254,-0.9942899029814981,0.0041413058965430825
sample_4436,L15-1276E-1107N_5105_3761_13,50176,0.02206234056122449,4fb6c4c71913bfa1911fffad1dc8332872707f9dacc9447e5a955100165f24c1,64990ea6addff6af93b8eace95fbcf586b8f19e678352f7776dc1bc87a88d58f,0.10541688925850727,0.04212649838288198,0.024650297786954944,0.060738135892763376,-0.9506994045468034,0.03674986947801965
sample_4437,L15-1389E-1284N_5557_3054_13,50176,0.03374123086734694,e8f97f7817f63f2f45c531cd03ed93d4d79d97caf9d596c976f3533c7fcda723,64990ea6addff6af93b8eace95fbcf586b8f19e678352f7776dc1bc87a88d58f,0.11418216385856499,0.053119321081880506,0.021975588738889794,0.04766125676485874,-0.9560488227161084,0.0303342223029928
sample_4438,L15-1185E-0935N_4742_4450_13,50176,0.08153300382653061,43deac05f11f9b06ca1f9cb608dd3cab688f25757fd6cea4e58b7d2439eb0926,64990ea6addff6af93b8eace95fbcf586b8f19e678352f7776dc1bc87a88d58f,0.29445710495927957,0.13984520403199563,0.060259389022260676,0.1551557431629383,-0.8794812224936245,0.09202614715974042
sample_4439,L15-0358E-1220N_1433_3310_13,50176,0.11192602040816327,d8dc051b45282cd7f78456ec065af277545241aa4a22b7828f37e3d540289441,64990ea6addff6af93b8eace95fbcf586b8f19e678352f7776dc1bc87a88d58f,0.38008262408014176,0.1753284924698365,0.06973324158960688,0.15196811553778922,-0.8605335158543392,0.09690256369183843
sample_4440,L15-0566E-1185N_2265_3451_13,50176,0.0059590242346938774,f4c7cfea2204e4364fb411216425436c1cb5153a63fd325c155b42b49b020434,64990ea6addff6af93b8eace95fbcf586b8f19e678352f7776dc1bc87a88d58f,0.0213037216923885,0.009093731978424148,0.00525386279273056,0.013624225596459254,-0.9894922748704165,0.007805712681980957
sample_4441,L15-0544E-1228N_2176_3279_13,50176,0.17303093112244897,71ba1527e7d4f196165ba185d1bc6ac497d1d7aa159b92aeee75764f9b54cbc3,64990ea6addff6af93b8eace95fbcf586b8f19e678352f7776dc1bc87a88d58f,0.8744077304815502,0.3005223359992938,0.07225034742649379,0.17258775650628233,-0.8554993053096411,0.10534337861747327
sample_4442,L15-1389E-1284N_5557_3054_13,50176,0.08643574617346939,71712aaa35451b74ddbbfde67b61a40e315a7ac2a3e32497c29f2bb346b6ea25,64990ea6addff6af93b8eace95fbcf586b8f19e678352f7776dc1bc87a88d58f,0.415094951292867,0.1471379200667885,0.04329240346821595,0.09743974878520449,-0.9134151926760996,0.061198650408323264
sample_4443,L15-1185E-0935N_4742_4450_13,50176,0.1551937181122449,200204f4d390f605b7425d294bab698b44ddb4c06e4f3c5cbfeaa42e39ceffb2,64990ea6addff6af93b8eace95fbcf586b8f19e678352f7776dc1bc87a88d58f,0.5408753850831923,0.24829572110664874,0.09411563883459538,0.21736227003893863,-0.8117687223603179,0.13586031381263822
sample_4444,L15-1138E-1216N_4553_3325_13,50176,0.08587771045918367,668314bbe2b599cb2d14b71b7e37eb626165f30d9e698da6eadfff59a1f2a43b,64990ea6addff6af93b8eace95fbcf586b8f19e678352f7776dc1bc87a88d58f,0.3475071125942807,0.1458739110399962,0.05349455689607492,0.13147634295953312,-0.8930108863789353,0.07911651517006105
sample_4445,L15-1848E-0793N_7394_5018_13,50176,0.01971061862244898,daede069d703460dc1275e43c772caa2a215db963efcbfa2dc4eef610aab241d,64990ea6addff6af93b8eace95fbcf586b8f19e678352f7776dc1bc87a88d58f,0.057742925338851885,0.03255766536185494,0.0382375702017215,0.08874299104937834,-0.9235248593766207,0.0546786168352574
sample_4446,L15-1748E-1247N_6993_3202_13,50176,0.01887356505102041,47c4a00fac89c4a148747e365261de535554194402f30b126a791749c1dacae8,64990ea6addff6af93b8eace95fbcf586b8f19e678352f7776dc1bc87a88d58f,0.0607663087725638,0.030130383756056214,0.016654000249311175,0.039970263326908555,-0.966692000392334,0.024069958614705095
sample_4447,L15-1276E-1107N_5105_3761_13,50176,0.07021285076530612,98660ecfa9b67f05b5a179c5f843b4cf0088cb3c5119c014984f5e8e94443b02,64990ea6addff6af93b8eace95fbcf586b8f19e678352f7776dc1bc87a88d58f,0.3180430712965366,0.1222272164211184,0.05789950384392536,0.12858333118325035,-0.8842009926972623,0.08133348368200027
sample_4448,L15-1748E-1247N_6993_3202_13,50176,0.009665975765306123,6674c8c26929c9608de27f531fe210a7b43d3856d4e5e5305bfd83ca1f491fe3,64990ea6addff6af93b8eace95fbcf586b8f19e678352f7776dc1bc87a88d58f,0.0488755580818761,0.017836556966305272,0.009096903023214973,0.0238368210242307,-0.9818061945427635,0.013659348802242547
sample_4449,L15-1748E-1247N_6993_3202_13,50176,0.014229910714285714,93bc9b2a7dbe89ee5341ccbd6c9fa31b1fbc619a8fe12abae43c23114fd0dbfe,64990ea6addff6af93b8eace95fbcf586b8f19e678352f7776dc1bc87a88d58f,0.05779294709886941,0.023224532017338373,0.01020320793566275,0.025290191900751543,-0.9795935850794351,0.01481916434694204
sample_4450,L15-1210E-1025N_4840_4088_13,50176,0.06853874362244898,22c2a9254db54a8c9c6a86f898675e9bb86686a5db5816328a52119357f95986,64990ea6addff6af93b8eace95fbcf586b8f19e678352f7776dc1bc87a88d58f,0.24176044799073668,0.1082942435961015,0.05071260217738775,0.11296404420361497,-0.8985747960145233,0.07118462395719927
sample_4451,L15-0566E-1185N_2265_3451_13,50176,0.0071548150510204085,62c43882a98ac45b68d7e53708ebdfeb931ebb88485ceecfbed8898b11c52138,64990ea6addff6af93b8eace95fbcf586b8f19e678352f7776dc1bc87a88d58f,0.021145859712648405,0.010809054091350684,0.004481871513773364,0.011595168664511326,-0.9910362576314536,0.006624631282483237
sample_4452,L15-1014E-1375N_4056_2688_13,50176,0.1546954719387755,983497b843d64f32a0e51424fda3fd096e8033141941e9d0146d8a199163cf53,64990ea6addff6af93b8eace95fbcf586b8f19e678352f7776dc1bc87a88d58f,0.6464180061139749,0.2606211093778032,0.0624135468150394,0.14621651001957317,-0.8751729058830398,0.08992366652954675
sample_4453,L15-0544E-1228N_2176_3279_13,50176,0.20348373724489796,6056fdac024de969a85dc8f2425cf2700003802ae9ad2783ad5f8c93e9b4e628,64990ea6addff6af93b8eace95fbcf586b8f19e678352f7776dc1bc87a88d58f,1.1254501315890788,0.35800253554907824,0.06266212966459404,0.15092817158237637,-0.8746757412050462,0.09136952591865384
sample_4454,L15-1848E-0793N_7394_5018_13,50176,0.0024912308673469387,daede069d703460dc1275e43c772caa2a215db963efcbfa2dc4eef610aab241d,64990ea6addff6af93b8eace95fbcf586b8f19e678352f7776dc1bc87a88d58f,0.006582278809286242,0.003747647391620064,0.003202719518876806,0.008919635302031116,-0.9935945615690434,0.004904324945775996
sample_4455,L15-0368E-1245N_1474_3210_13,50176,0.23102678571428573,f54e30b4fac7bf945d3ac2e08745dc0230c3583c774d776a7007583093baeadf,64990ea6addff6af93b8eace95fbcf586b8f19e678352f7776dc1bc87a88d58f,0.9772500983127151,0.3664466648864537,0.11220614985700658,0.245386922061729,-0.7755877003893209,0.15635476753626634
sample_4456,L15-0544E-1228N_2176_3279_13,50176,0.17747528698979592,6e2ab5b63375d4fd6fe16ff11ec0ae4d196374f6cdcbceaf302f6ea1ce3285f7,64990ea6addff6af93b8eace95fbcf586b8f19e678352f7776dc1bc87a88d58f,0.898418966856261,0.3114041425958561,0.06895855838808287,0.16833784889383346,-0.8620828832997346,0.10145714708063008
sample_4457,L15-1014E-1375N_4056_2688_13,50176,0.0911391900510204,088e38db1fa2e4eed9597dc237582aad2c78722d08b279e18174704e839834a3,64990ea6addff6af93b8eace95fbcf586b8f19e678352f7776dc1bc87a88d58f,0.3273036566563826,0.1459631170533382,0.06321766200280578,0.14138955968780276,-0.8735646756353783,0.08921357011854443
sample_4458,L15-0566E-1185N_2265_3451_13,50176,0.0009566326530612245,1706b9164e7060a4a2cd1520b965b41282ef99addb275a90aaabf6475522d5d2,64990ea6addff6af93b8eace95fbcf586b8f19e678352f7776dc1bc87a88d58f,0.003309144501394701,0.0016759609664160904,0.001635832580196082,0.00478065542792879,-0.996728335429567,0.002542236298903614
sample_4459,L15-0368E-1245N_1474_3210_13,50176,0.17087850765306123,779699b08d7d93a60edd0e808792721c0ff01840cf63ca941c0bacdafc793ecf,64990ea6addff6af93b8eace95fbcf586b8f19e678352f7776dc1bc87a88d58f,0.5707295747898632,0.25716014867156106,0.08237244392393575,0.17318318532799043,-0.8352551111553181,0.11241033946818745
sample_4460,L15-1138E-1216N_4553_3325_13,50176,0.050880899234693876,69abe7eef1f2fb568946556aebdd9a296589df61d54007e64efce1a00f36fa43,64990ea6addff6af93b8eace95fbcf586b8f19e678352f7776dc1bc87a88d58f,0.30934402200486993,0.08997983518353508,0.023439522840947444,0.05810618184388883,-0.9531209546959011,0.0344904201255619
sample_4461,L15-1185E-0935N_4742_4450_13,50176,0.13689811862244897,56153d503df5dc7792e4b706673baa828c54f1f8f10e93d18da13f1b7e31747e,64990ea6addff6af93b8eace95fbcf586b8f19e678352f7776dc1bc87a88d58f,0.44711018425481375,0.23002983005666663,0.11697740808404906,0.2690774122727345,-0.766045184168779,0.17036397450780294
sample_4462,L15-1014E-1375N_4056_2688_13,50176,0.20348373724489796,00392ddbaf1429754cfc4818857e5dfa3101a08403a34f492c86a12600c26b73,64990ea6addff6af93b8eace95fbcf586b8f19e678352f7776dc1bc87a88d58f,0.8592700413389996,0.3413503811557853,0.08368567287403976,0.1957560634970081,-0.8326286541866214,0.12110360922420339
sample_4463,L15-1848E-0793N_7394_5018_13,50176,0.01887356505102041,daede069d703460dc1275e43c772caa2a215db963efcbfa2dc4eef610aab241d,64990ea6addff6af93b8eace95fbcf586b8f19e678352f7776dc1bc87a88d58f,0.05743067243083408,0.03180986226053268,0.03904971736364485,0.09163472916789087,-0.9219005651443349,0.05632870390940144
sample_4464,L15-0544E-1228N_2176_3279_13,50176,0.19666772959183673,a7e8aa5917f7719ed0abd3880b17c2e9f89578b260420ddb2985237163a1f068,64990ea6addff6af93b8eace95fbcf586b8f19e678352f7776dc1bc87a88d58f,1.071864546869356,0.3523892325745306,0.05892408402679412,0.14933903209148972,-0.882151832192262,0.08829223895346897
sample_4465,L15-1848E-0793N_7394_5018_13,50176,0.0002192283163265306,daede069d703460dc1275e43c772caa2a215db963efcbfa2dc4eef610aab241d,64990ea6addff6af93b8eace95fbcf586b8f19e678352f7776dc1bc87a88d58f,0.001565878255757376,0.0006450675289473304,0.0012692334225439296,0.003879330322170242,-0.997461533984725,0.002004147802035403
sample_4466,L15-1276E-1107N_5105_3761_13,50176,0.00972576530612245,0e51e063696c6c9d1259f44aede71040c1cd932df23f35b5704a4f80036fe470,64990ea6addff6af93b8eace95fbcf586b8f19e678352f7776dc1bc87a88d58f,0.07924059157226843,0.019146254409707048,0.0033032095549171982,0.011015592908366408,-0.9933935820272785,0.005550338851301627
sample_4467,L15-1389E-1284N_5557_3054_13,50176,0.0015943877551020409,2908a4eea388941c9255ae526e97397aa34da0f2fa5b39786ddfdc96285078ba,64990ea6addff6af93b8eace95fbcf586b8f19e678352f7776dc1bc87a88d58f,0.009790923593752771,0.003290932557623473,0.001934562422506207,0.005989002571527262,-0.996130875973986,0.003080391220895779
sample_4468,L15-0368E-1245N_1474_3210_13,50176,0.24190848214285715,09a26ff9a24b9bfa35281f5ab86bd161d503bc3879238319c4be19dc1952a12c,64990ea6addff6af93b8eace95fbcf586b8f19e678352f7776dc1bc87a88d58f,0.9098061864115786,0.3808553866126941,0.11118618420999954,0.24175646570774836,-0.7776276316162555,0.15437368669365628
sample_4469,L15-1748E-1247N_6993_3202_13,50176,0.033900669642857144,9b82914a2be7f7a719a30ee2d40a970d18cc54bef6e57eb305151083f2358e95,64990ea6addff6af93b8eace95fbcf586b8f19e678352f7776dc1bc87a88d58f,0.12530240459373732,0.05601867400756187,0.024050241574996665,0.05791782714025019,-0.9518995179058546,0.03475363942985465
sample_4470,L15-1389E-1284N_5557_3054_13,50176,0.002690529336734694,20b85f93cecbb7ff683f7dd266e032daa5c614fe6af004fd5db1480b48a1860b,64990ea6addff6af93b8eace95fbcf586b8f19e678352f7776dc1bc87a88d58f,0.013572590839609284,0.004298652078426577,0.002239211540840262,0.006128906551707414,-0.995521577776688,0.0033526320221376428
sample_4471,L15-1185E-0935N_4742_4450_13,50176,0.16896524234693877,8d0e9ee20955521ae24457898c39a26fb900d817c7b26cce1c0e06064fd06202,64990ea6addff6af93b8eace95fbcf586b8f19e678352f7776dc1bc87a88d58f,0.5858856398951476,0.2834268150820248,0.10120594517294583,0.24225486732163187,-0.7975881096702143,0.14965437509401597
sample_4472,L15-1389E-1284N_5557_3054_13,50176,0.08360570790816327,0b9c8cb40160b27bd09b3a4a2afe1e72fb01e4bb6ce2aef02b452ad00ebe8683,64990ea6addff6af93b8eace95fbcf586b8f19e678352f7776dc1bc87a88d58f,0.38246003478847423,0.144417668188654,0.03594025460722837,0.08699987728799825,-0.9281194906320986,0.052793295250418905
sample_4473,L15-1138E-1216N_4553_3325_13,50176,0.12876674107142858,8f0c4843a545281283fcdd7bbbba3a32cb7ba3652737d8927f7613b7924458c7,64990ea6addff6af93b8eace95fbcf586b8f19e678352f7776dc1bc87a88d58f,0.45233084817487235,0.21011507259747614,0.07995526892327874,0.18631861667864613,-0.8400894620663786,0.11515257748678942
sample_4474,L15-1848E-0793N_7394_5018_13,50176,0.0330436862244898,daede069d703460dc1275e43c772caa2a215db963efcbfa2dc4eef610aab241d,64990ea6addff6af93b8eace95fbcf586b8f19e678352f7776dc1bc87a88d58f,0.1988300837336142,0.05620724398112887,0.0117300185624377,0.02835623986823955,-0.9765399626328801,0.016999200341133645
sample_4475,L15-1185E-0935N_4742_4450_13,50176,0.08874760841836735,562015cb448894faa8fe411720af1895d5a9759fb785e4c4d0b6f3853bba6aa3,64990ea6addff6af93b8eace95fbcf586b8f19e678352f7776dc1bc87a88d58f,0.3233239095654455,0.1518074418726092,0.062134358335799555,0.1546487367632203,-0.8757312837197317,0.09293347403422376
sample_4476,L15-1014E-1375N_4056_2688_13,50176,0.15808354591836735,6069c19b6a6a7a41b0962e4113879af6d706079aae9550b606023a12ee0e4692,64990ea6addff6af93b8eace95fbcf586b8f19e678352f7776dc1bc87a88d58f,0.6092303725950593,0.26116713609480285,0.07229434631109162,0.16811029241445563,-0.8554113070338318,0.1041276091154551
sample_4477,L15-1014E-1375N_4056_2688_13,50176,0.20545679209183673,d9af1ca2807b632901b9443afc72a0de11d0f986354355c22805e9f716fb0dc8,64990ea6addff6af93b8eace95fbcf586b8f19e678352f7776dc1bc87a88d58f,0.8698104318851815,0.3445247193858521,0.08750479195352491,0.20360508376295933,-0.824990416022344,0.12638279849544345
sample_4478,L15-0358E-1220N_1433_3310_13,50176,0.06230070153061224,2c0f1f8ff4c829edcd0869dd25f1bb3c9bd6cae2db4a564256ca4240a27e3ed4,64990ea6addff6af93b8eace95fbcf586b8f19e678352f7776dc1bc87a88d58f,0.25558820599947457,0.102385583522138,0.036122727222094426,0.08326682919792146,-0.9277545452340226,0.05152069720361237
sample_4479,L15-0566E-1185N_2265_3451_13,50176,0.001992984693877551,21a98dbbbe88f1be99cf9f9a5de397efccab75ef1d6266360e2aabf0e786a8f4,64990ea6addff6af93b8eace95fbcf586b8f19e678352f7776dc1bc87a88d58f,0.013258843436903889,0.003907662731954722,0.002294800099346559,0.006844619252269786,-0.995410400372344,0.003609661639807393
sample_4480,L15-1138E-1216N_4553_3325_13,50176,0.06451291454081633,6aae1089d017edd1e19c9cf0440651ded9745754d4aa165f25a21676be5a1056,64990ea6addff6af93b8eace95fbcf586b8f19e678352f7776dc1bc87a88d58f,0.3179396543095158,0.115903192165099,0.034500667297908544,0.08872473985627898,-0.9309986654787258,0.05207866628535745
sample_4481,L15-1748E-1247N_6993_3202_13,50176,0.005839445153061225,27e945bc5c27d42dca282692dab9de6fa4e671b4150bbcfc39b7fa50ff0c1c72,64990ea6addff6af93b8eace95fbcf586b8f19e678352f7776dc1bc87a88d58f,0.040097824178509385,0.011474103044874909,0.003428005894921644,0.009896001352013694,-0.9931439887867227,0.0053411593036368325
sample_4482,L15-1748E-1247N_6993_3202_13,50176,0.0065170599489795915,1dffef3fe092a8b10f646b8ac3907aee2f4a7db86ef9ef19505deeb041bb120a,64990ea6addff6af93b8eace95fbcf586b8f19e678352f7776dc1bc87a88d58f,0.03198072914302742,0.0128949848588041,0.009779337854172123,0.027432336706522256,-0.9804413248821504,0.015230658226322642
sample_4483,L15-0358E-1220N_1433_3310_13,50176,0.012436224489795918,c8ecf34627321be980d5a52a953cd3458627e34146a5ef8ff1f3fde0ad4f8d3f,64990ea6addff6af93b8eace95fbcf586b8f19e678352f7776dc1bc87a88d58f,0.0967704899265535,0.02427530855143438,0.003500059895616557,0.010895445813075505,-0.9929998811484817,0.005742764289155518
sample_4484,L15-0544E-1228N_2176_3279_13,50176,0.19788345025510204,99fa7e42cb1b901028655cf61a786ecb1072728120e6fa07e3e6247a433f13c6,64990ea6addff6af93b8eace95fbcf586b8f19e678352f7776dc1bc87a88d58f,1.1153367680562367,0.3498931533666122,0.05360884037895166,0.1287877910267447,-0.892782319662885,0.07778482357041046
sample_4485,L15-0544E-1228N_2176_3279_13,50176,0.1974250637755102,f2e8206e967a12342e79cf898b6137242ff9647a13ed7b93f87566e485d6b561,64990ea6addff6af93b8eace95fbcf586b8f19e678352f7776dc1bc87a88d58f,1.0219102443712174,0.35321271809374905,0.05749294952708012,0.14922080950028874,-0.8850141010721074,0.08732161472437668
sample_4486,L15-0368E-1245N_1474_3210_13,50176,0.17502391581632654,2b89745bb3a174b95851b224ed5895c1631f2bb3b565ad8f5f6f733080076575,64990ea6addff6af93b8eace95fbcf586b8f19e678352f7776dc1bc87a88d58f,0.6092026176308469,0.26743522335211856,0.0829930785005171,0.1751275538526324,-0.8340138422287935,0.11330055881505731
sample_4487,L15-0544E-1228N_2176_3279_13,50176,0.1919842155612245,7f03d50e127ae942954dbeb26702fc5fdfd82e752eec9aaeeea05f2e21ea999e,64990ea6addff6af93b8eace95fbcf586b8f19e678352f7776dc1bc87a88d58f,1.3123350343232254,0.3486695612988745,0.040573534218366354,0.09711583394845795,-0.9188529319008921,0.058653933933668696
sample_4488,L15-0368E-1245N_1474_3210_13,50176,0.17590082908163265,1a709d7f7e0a269f0d461b7bd1e18cdf02236f39df3b7492eee0af8d61565db9,64990ea6addff6af93b8eace95fbcf586b8f19e678352f7776dc1bc87a88d58f,0.5967666265096963,0.267988960368018,0.08392265035856362,0.1783679012061507,-0.832154698470131,0.11538009656641524
sample_4489,L15-0566E-1185N_2265_3451_13,50176,0.01034359056122449,8fa61df9c4debafc6c66251a8205fd0c3a0e875b8ae06644184d0adfcd6e49e8,64990ea6addff6af93b8eace95fbcf586b8f19e678352f7776dc1bc87a88d58f,0.02745818274054484,0.014841045327533418,0.007468161909669942,0.0170129876523406,-0.9850636765317182,0.010494772625267004
sample_4490,L15-1138E-1216N_4553_3325_13,50176,0.17281170280612246,6f5fad0cb998caaec6621c3fbd496323b498193d17a4de2ea18bd15cdfd05cd2,64990ea6addff6af93b8eace95fbcf586b8f19e678352f7776dc1bc87a88d58f,0.6370448960440594,0.2868058773033262,0.10342314488335265,0.24163355879005122,-0.7931537107103519,0.15029198346551212
sample_4491,L15-0368E-1245N_1474_3210_13,50176,0.22991071428571427,7c35147b2b21fd4a4e74fae8918a9b1f2f0cf8aa58682c6a420528af0a2e6af2,64990ea6addff6af93b8eace95fbcf586b8f19e678352f7776dc1bc87a88d58f,1.1062749814054853,0.38063097650224265,0.09288413271341207,0.21148643159181726,-0.814231734211493,0.13216988275162514
sample_4492,L15-0358E-1220N_1433_3310_13,50176,0.06953523596938775,4dd29411249fa562ff9bf79a068f0b3ea9a38d19cd7c75896da5dd6602d80b6d,64990ea6addff6af93b8eace95fbcf586b8f19e678352f7776dc1bc87a88d58f,0.24299159780466026,0.10793687097312771,0.04938118524340989,0.1081496932638964,-0.9012376289992565,0.06851022163532809
sample_4493,L15-1185E-0935N_4742_4450_13,50176,0.07222576530612244,864a19d7eaf21957d5976304d304a7c409aa483cb9cc5d718e04c2d43ba36a98,64990ea6addff6af93b8eace95fbcf586b8f19e678352f7776dc1bc87a88d58f,0.29973438130380126,0.1251104715072984,0.04408902817819153,0.11268874371700849,-0.9118219437151216,0.06669378749003042
sample_4494,L15-0544E-1228N_2176_3279_13,50176,0.18815768494897958,d99b17b5a65190789359ab64ff9115ac4931660819c32846cf9fa6f802d15221,64990ea6addff6af93b8eace95fbcf586b8f19e678352f7776dc1bc87a88d58f,1.1121656764359602,0.349310298735862,0.03617678376803251,0.09986752568629223,-0.9276464332337557,0.05623461045928159
sample_4495,L15-1848E-0793N_7394_5018_13,50176,0.0016940369897959183,daede069d703460dc1275e43c772caa2a215db963efcbfa2dc4eef610aab241d,64990ea6addff6af93b8eace95fbcf586b8f19e678352f7776dc1bc87a88d58f,0.004929148658860826,0.0026128282769674166,0.0032228624901962373,0.008711884698929827,-0.9935542756846529,0.0048773202866892445
sample_4496,L15-1138E-1216N_4553_3325_13,50176,0.10821906887755102,e87f422a21b002c960cfd5d6c104b3b42d4027a63f876d7e3711a47fa62fc240,64990ea6addff6af93b8eace95fbcf586b8f19e678352f7776dc1bc87a88d58f,0.4197628191805563,0.18603685176397175,0.058007756227922,0.14644952244174753,-0.8839844874403959,0.0871190728941494
sample_4497,L15-1748E-1247N_6993_3202_13,50176,0.009307238520408163,2debf2d57a4dbff24ee88635252ba5851169dc557b33002564493af2e96299e9,64990ea6addff6af93b8eace95fbcf586b8f19e678352f7776dc1bc87a88d58f,0.04722011003143551,0.01767102782039891,0.009731576599807916,0.025878858487162763,-0.9805368471361362,0.01468376339429349
sample_4498,L15-1014E-1375N_4056_2688_13,50176,0.20561623086734693,8fdd5ffdb6caecc345db34e53c57a1308d2dccb31a6c98809c43e3af96304eff,64990ea6addff6af93b8eace95fbcf586b8f19e678352f7776dc1bc87a88d58f,0.7759577499515922,0.33805268960317797,0.09709393516140134,0.22387433821011096,-0.8058121299427886,0.13995326014792558
sample_4499,L15-1276E-1107N_5105_3761_13,50176,0.011061065051020409,53b6d3a162364f1dbd18b15840f52384c30a8e2cce9ad8a2135691a8ffe7434e,64990ea6addff6af93b8eace95fbcf586b8f19e678352f7776dc1bc87a88d58f,0.07193860962574597,0.020138142205141464,0.004684321501539374,0.014317698375135827,-0.990631358208975,0.007529599799654025
sample_4500,L15-1014E-1375N_4056_2688_13,50176,0.09891183035714286,8d8e5880f326f2419fb0d49d563a4ecaeead909aba93406a5cea676ab65207c4,64990ea6addff6af93b8eace95fbcf586b8f19e678352f7776dc1bc87a88d58f,0.41772848158953724,0.1601642054767855,0.041474366659175,0.09377548007228362,-0.9170512658283703,0.058565030053867186
sample_4501,L15-1276E-1107N_5105_3761_13,50176,0.07358099489795919,d99b4f9636a3338428ac57bcdd5dbf0a5426777bda6964e432690e4941b79a87,64990ea6addff6af93b8eace95fbcf586b8f19e678352f7776dc1bc87a88d58f,0.3440645094253746,0.13058415240239088,0.056297275892278294,0.12602895945129614,-0.8874054483825851,0.07984261903550434
sample_4502,L15-1389E-1284N_5557_3054_13,50176,9.964923469387755e-05,daede069d703460dc1275e43c772caa2a215db963efcbfa2dc4eef610aab241d,64990ea6addff6af93b8eace95fbcf586b8f19e678352f7776dc1bc87a88d58f,0.0014832312343865202,0.0005192329539527653,0.0012730889649567555,0.004189739164602077,-0.9974538230439535,0.0020915995356465375
sample_4503,L15-1389E-1284N_5557_3054_13,50176,0.021544164540816327,6917d08dc21de36b16e21d5d3dee3a2a1db3bc51659ba42a2d49212678364c57,64990ea6addff6af93b8eace95fbcf586b8f19e678352f7776dc1bc87a88d58f,0.07880865281016582,0.03650024186651473,0.01681860984654679,0.03930646104167622,-0.9663627802410256,0.024268621499918198
sample_4504,L15-1276E-1107N_5105_3761_13,50176,0.0680404974489796,c98f13897aa213812e110eb5752cccd0de00050128e649ddcba2087587329e43,64990ea6addff6af93b8eace95fbcf586b8f19e678352f7776dc1bc87a88d58f,0.3198552470814444,0.12251134118981273,0.04487094852826273,0.11211040325237073,-0.9102581034825263,0.06812111540193637
sample_4505,L15-1014E-1375N_4056_2688_13,50176,0.09369021045918367,ad3850122bf9a87e9c45275420a6a7d8082efcc3631b930b143dc488dae391bb,64990ea6addff6af93b8eace95fbcf586b8f19e678352f7776dc1bc87a88d58f,0.30561895751410223,0.1495397197810011,0.06803382874694558,0.15601932895523915,-0.8639323421631444,0.09744084241483014
sample_4506,L15-1185E-0935N_4742_4450_13,50176,0.14520886479591838,58630e7f1929278c782eb895f6471ef727220b83410c17cc051b12af508caf89,64990ea6addff6af93b8eace95fbcf586b8f19e678352f7776dc1bc87a88d58f,0.5258817253860965,0.23687750705385194,0.09043531332222023,0.21111715969865705,-0.819129373726036,0.1310395081015589
sample_4507,L15-1276E-1107N_5105_3761_13,50176,0.011698820153061224,cb16fc087fd13d4220b21390191d60930fc180e6a1345b1189bd5e8ad6c894da,64990ea6addff6af93b8eace95fbcf586b8f19e678352f7776dc1bc87a88d58f,0.08935270652416018,0.021991908813994984,0.004609221006905166,0.014519934381707239,-0.9907815593072683,0.0074546098230836725
sample_4508,L15-0566E-1185N_2265_3451_13,50176,0.0006776147959183673,8b7681aacbebc1e830daa58af45ee7fe5d97ffd9600f8a013a8fbfae643db64e,64990ea6addff6af93b8eace95fbcf586b8f19e678352f7776dc1bc87a88d58f,0.004032066090564448,0.001181185261298757,0.00090469566663271,0.0029172730979065433,-0.9981906093466557,0.0014327238025372566
sample_4509,L15-1014E-1375N_4056_2688_13,50176,0.08432318239795919,3fdf1dc6ba2451845dc80a5e4aae327f1365f04c19a550b3f7efb933764e4415,64990ea6addff6af93b8eace95fbcf586b8f19e678352f7776dc1bc87a88d58f,0.3721842153026548,0.13837997110620176,0.03419232482152364,0.07872897177455006,-0.931615349704053,0.04863007717449627
sample_4510,L15-1748E-1247N_6993_3202_13,50176,0.007513552295918368,80455d883724de3977d7e9b432ea3501d8ce957d9809d001160c24a1d9c1ac5a,64990ea6addff6af93b8eace95fbcf586b8f19e678352f7776dc1bc87a88d58f,0.03534300539090924,0.013187184928811201,0.00745642996435909,0.020923523992698506,-0.9850871408384783,0.01163223209678666
sample_4511,L15-1185E-0935N_4742_4450_13,50176,0.14905532525510204,8e4bc3ff7e23791ab14b88887cd78c0787a36832b70c536285c0ea1a020db2ec,64990ea6addff6af93b8eace95fbcf586b8f19e678352f7776dc1bc87a88d58f,0.5251136044413165,0.241515324200221,0.09674253200931589,0.2264314775322478,-0.8065149361065,0.1406528607649727
sample_4512,L15-1014E-1375N_4056_2688_13,50176,0.15336017219387754,6069c19b6a6a7a41b0962e4113879af6d706079aae9550b606023a12ee0e4692,64990ea6addff6af93b8eace95fbcf586b8f19e678352f7776dc1bc87a88d58f,0.6494797108835021,0.2573651908616022,0.06597355251053195,0.15369786441372338,-0.8680528943925201,0.09522882549348617
sample_4513,L15-0368E-1245N_1474_3210_13,50176,0.22921316964285715,2542a2f43ddb02982ba7c7aef903ed38dd688bd74aec18f88441e19c47aab972,64990ea6addff6af93b8eace95fbcf586b8f19e678352f7776dc1bc87a88d58f,1.2320325901540476,0.3807345502076262,0.08486322371873586,0.19192130010483716,-0.8302735524854445,0.12003789258247342
sample_4514,L15-1138E-1216N_4553_3325_13,50176,0.18991151147959184,9dff333c1d86dd574e9d0a5d2ef8a3a816c6f0b8150fd30337591e486ef5dc1e,64990ea6addff6af93b8eace95fbcf586b8f19e678352f7776dc1bc87a88d58f,0.7379949201032925,0.3089290526269355,0.10085280994380995,0.2320039232087088,-0.7982943796840626,0.14483574080609407
sample_4515,L15-1210E-1025N_4840_4088_13,50176,0.00603874362244898,50c152268d904c5123cb34a4189a823fe0dbc5dfcfc603a346882afb13a092a1,64990ea6addff6af93b8eace95fbcf586b8f19e678352f7776dc1bc87a88d58f,0.03995765999095676,0.01494692983615226,0.013742484980291327,0.03929981316968489,-0.9725150309365248,0.021811208222904242
sample_4516,L15-1210E-1025N_4840_4088_13,50176,0.0758529974489796,76d6fcd984905f6fd36fbf1a8369c4b1bb1980dfe7905a021455f5911862785c,64990ea6addff6af93b8eace95fbcf586b8f19e678352f7776dc1bc87a88d58f,0.31032995464701185,0.13804387598771503,0.04714646669845952,0.1365339981760739,-0.9057070668844637,0.07687274900893976
sample_4517,L15-0358E-1220N_1433_3310_13,50176,0.08990353954081633,92bde8b0769cd7f35a6aab6143a0f53cb3b01ea37e2e15593c835453e068df80,64990ea6addff6af93b8eace95fbcf586b8f19e678352f7776dc1bc87a88d58f,0.2805381563251805,0.13710680616628923,0.06858773844444896,0.14755313215387836,-0.8628245226793441,0.0947154435779371
sample_4518,L15-1748E-1247N_6993_3202_13,50176,0.002889827806122449,8daf05172d2a1e9d9040274604059e0f5864e4bd4a436cfba6947e7340d3e376,64990ea6addff6af93b8eace95fbcf586b8f19e678352f7776dc1bc87a88d58f,0.01236885454933098,0.005487456309235607,0.005930250351393253,0.016163512919698402,-0.988139499783451,0.008993981942887513
sample_4519,L15-0544E-1228N_2176_3279_13,50176,0.19804288903061223,e9e8d01031f6cca4f2483ff4e5f2afb5fc71118b48bc2dabe88bdd653618286f,64990ea6addff6af93b8eace95fbcf586b8f19e678352f7776dc1bc87a88d58f,1.0235723157183882,0.3426672151878322,0.059289575342982244,0.14238675907083514,-0.881420849629501,0.086161062605167
sample_4520,L15-1389E-1284N_5557_3054_13,50176,0.08577806122448979,2a04eff462c00bc7d52d88bb6224b83063eb44b221f094f8756e119969f61ad2,64990ea6addff6af93b8eace95fbcf586b8f19e678352f7776dc1bc87a88d58f,0.38044676748322964,0.14584830185880646,0.045032033505516926,0.10297222918734342,-0.9099359327775951,0.06429878310686797
sample_4521,L15-1848E-0793N_7394_5018_13,50176,0.0359733737244898,daede069d703460dc1275e43c772caa2a215db963efcbfa2dc4eef610aab241d,64990ea6addff6af93b8eace95fbcf586b8f19e678352f7776dc1bc87a88d58f,0.22728274738990034,0.06074344613901607,0.012950098033927913,0.03101411488312464,-0.9740998036528511,0.01863045964916826
sample_4522,L15-1014E-1375N_4056_2688_13,50176,0.09548389668367346,f32e732beb708ce26593e2fcf25e0525643b72f959ef1d8a11bdf69bbb519603,64990ea6addff6af93b8eace95fbcf586b8f19e678352f7776dc1bc87a88d58f,0.3801895109087238,0.1552647033714804,0.04456388649806304,0.10074974681967613,-0.9108722261483145,0.06285698339383294
sample_4523,L15-1748E-1247N_6993_3202_13,50176,0.010283801020408163,7c0b4848d269ff6014ae88657df98d701aeff666817a98c22b6a973a54c0f3c5,64990ea6addff6af93b8eace95fbcf586b8f19e678352f7776dc1bc87a88d58f,0.0539428493647798,0.019710516618608953,0.011272323291691743,0.0312728143492461,-0.9774553539681602,0.017526235594672975
sample_4524,L15-0358E-1220N_1433_3310_13,50176,0.09980867346938775,547fa9f6456b155efb5ba06c90b605554d0583169351431473430edfadea4886,64990ea6addff6af93b8eace95fbcf586b8f19e678352f7776dc1bc87a88d58f,0.29616344653557086,0.1531987640513958,0.07764120389023149,0.16572142036970025,-0.8447175914426078,0.10697164568818694
sample_4525,L15-0566E-1185N_2265_3451_13,50176,0.0029097576530612247,1706b9164e7060a4a2cd1520b965b41282ef99addb275a90aaabf6475522d5d2,64990ea6addff6af93b8eace95fbcf586b8f19e678352f7776dc1bc87a88d58f,0.007787211220835118,0.00438895891187127,0.002487163938467904,0.0070666433613739,-0.9950256728168142,0.003804012941668922
sample_4526,L15-1210E-1025N_4840_4088_13,50176,0.08011798469387756,df47e41bccd89727df17745a14d2584c94b178e5103e58d98f4c2eefbb7050a0,64990ea6addff6af93b8eace95fbcf586b8f19e678352f7776dc1bc87a88d58f,0.31486229672865335,0.14642187696022899,0.057554973568529726,0.16710267974692483,-0.8848900530419614,0.0946063310094188
sample_4527,L15-1389E-1284N_5557_3054_13,50176,0.00045838647959183676,daede069d703460dc1275e43c772caa2a215db963efcbfa2dc4eef610aab241d,64990ea6addff6af93b8eace95fbcf586b8f19e678352f7776dc1bc87a88d58f,0.0026944241908097933,0.0010032744381855254,0.002195341583835531,0.007177820358385792,-0.9956093175391256,0.0036090375760766853
sample_4528,L15-0358E-1220N_1433_3310_13,50176,0.07563376913265306,f95cd8386f05e10546ecb185a508e35c5d8a7832f4cd7eaacb56695883cdcfd7,64990ea6addff6af93b8eace95fbcf586b8f19e678352f7776dc1bc87a88d58f,0.24259545267944765,0.11568586950229058,0.05246931715982453,0.11415924818061725,-0.895061365016069,0.07278453587307918
sample_4529,L15-0544E-1228N_2176_3279_13,50176,0.16563695790816327,3c889534873bc8591b659bab23e3919ecaeaa363b3062a2d171d075d9c9a0a6a,64990ea6addff6af93b8eace95fbcf586b8f19e678352f7776dc1bc87a88d58f,0.880283618627916,0.2876621060346718,0.058166630689662935,0.1398510006787919,-0.8836667385122083,0.08470824804923124
sample_4530,L15-1210E-1025N_4840_4088_13,50176,0.04147401147959184,92f08b50a764cbca2a3a36e3dc36c45e6166f090bdc1f5223468ef03eb3a79f2,64990ea6addff6af93b8eace95fbcf586b8f19e678352f7776dc1bc87a88d58f,0.1848106303956868,0.07889468961233849,0.04904450420218957,0.13725620497942312,-0.9019109919547706,0.07853757920687167
sample_4531,L15-1848E-0793N_7394_5018_13,50176,0.005600286989795918,41120604b05acee5707f515a230e3fc2b12189a36d8d2d512a69a4e857d0c01e,64990ea6addff6af93b8eace95fbcf586b8f19e678352f7776dc1bc87a88d58f,0.029632761648155207,0.009652107060078791,0.002552271414339086,0.007430148545403163,-0.9948954575691393,0.003944360440722258
sample_4532,L15-0566E-1185N_2265_3451_13,50176,0.017916932397959183,4eb1d1f444c16606b453fd7b004a0df06aa53b2bd9a672ac56feb4d4d6bd57a0,64990ea6addff6af93b8eace95fbcf586b8f19e678352f7776dc1bc87a88d58f,0.10734107572078651,0.03145960540691333,0.0069328999344012415,0.01734804827227498,-0.986134200992493,0.010159879641098872
sample_4533,L15-1276E-1107N_5105_3761_13,50176,0.012615593112244899,91dbd072c5b7bd8312eb52aa9a6469e770431a0fd3f8d1fd486a5329b1780f18,64990ea6addff6af93b8eace95fbcf586b8f19e678352f7776dc1bc87a88d58f,0.10173848007086564,0.02544215776132768,0.008429364807314562,0.025787158629120538,-0.9831412717649273,0.0136487451217848
sample_4534,L15-1014E-1375N_4056_2688_13,50176,0.0856186224489796,ad3850122bf9a87e9c45275420a6a7d8082efcc3631b930b143dc488dae391bb,64990ea6addff6af93b8eace95fbcf586b8f19e678352f7776dc1bc87a88d58f,0.3292844156580413,0.1430607070046765,0.05369667310210667,0.12650514052847114,-0.892606653118837,0.0778933324557283
sample_4535,L15-1276E-1107N_5105_3761_13,50176,0.013811383928571428,42db113f5f350f42911e90151ff48b7a10d7055d50a8e86c0f28d6a0c6b90a4d,64990ea6addff6af93b8eace95fbcf586b8f19e678352f7776dc1bc87a88d58f,0.11086748445685207,0.026494575134364328,0.008072936831384289,0.021670993370743772,-0.9838541272798916,0.012201185410162421
sample_4536,L15-1748E-1247N_6993_3202_13,50176,0.009526466836734694,12ea9495354c1a5387cc6e350980acd0755778159dabc42ac2a2eae3bac4d17c,64990ea6addff6af93b8eace95fbcf586b8f19e678352f7776dc1bc87a88d58f,0.04871028182263843,0.016948888572576832,0.005042649810297453,0.0154195821866408,-0.9899147015002748,0.008029802811280457
sample_4537,L15-0368E-1245N_1474_3210_13,50176,0.2401745854591837,09a26ff9a24b9bfa35281f5ab86bd161d503bc3879238319c4be19dc1952a12c,64990ea6addff6af93b8eace95fbcf586b8f19e678352f7776dc1bc87a88d58f,0.9337354589776306,0.3815459122690513,0.10492407006796031,0.23090977301011875,-0.7901518595425082,0.1467671798110091
sample_4538,L15-0358E-1220N_1433_3310_13,50176,0.10030691964285714,aab1882328a1bca0dca094aec0eb6b2ab154849e9b99a691ddacc0be90b23860,64990ea6addff6af93b8eace95fbcf586b8f19e678352f7776dc1bc87a88d58f,0.3179156889718857,0.1524546535473958,0.0655123423559268,0.1426645107243257,-0.8689753147511281,0.09106283205744412
sample_4539,L15-1138E-1216N_4553_3325_13,50176,0.1711375956632653,f3452d036110a9f5ff9636b538f796e703a86db564377c59396c5fdc964a6d75,64990ea6addff6af93b8eace95fbcf586b8f19e678352f7776dc1bc87a88d58f,0.7196855283516859,0.28980931036946367,0.08750883308690688,0.20881808552997602,-0.8249823341419465,0.12808763296696554
sample_4540,L15-1210E-1025N_4840_4088_13,50176,0.06652582908163265,4345cf06bd74767d72fa47824d9a95bc7819237ce0c7e77811b397fdd08c89d3,64990ea6addff6af93b8eace95fbcf586b8f19e678352f7776dc1bc87a88d58f,0.2628313052674671,0.11186285322214123,0.04979718310820243,0.11202583236594035,-0.9004056342418472,0.07022602535458752
sample_4541,L15-0358E-1220N_1433_3310_13,50176,0.09193638392857142,53a62dd3bd224b6f5eb27a1339162b12889d7ec721ea52ec51d1cb864ea2a029,64990ea6addff6af93b8eace95fbcf586b8f19e678352f7776dc1bc87a88d58f,0.2759956478954524,0.13959723709374663,0.07110137913532898,0.15271239416775897,-0.8577972414009747,0.09808495290753048
sample_4542,L15-0368E-1245N_1474_3210_13,50176,0.22674186862244897,ff85a7d2186d67ab07e97280e628a4c158596adeb530abbc0951657f6eef8380,64990ea6addff6af93b8eace95fbcf586b8f19e678352f7776dc1bc87a88d58f,1.0877690327787473,0.3690191797010107,0.10275269890493922,0.22769592681929243,-0.7944946018891157,0.14403966117163863
sample_4543,L15-0358E-1220N_1433_3310_13,50176,0.02955596301020408,69ceb9b47391273c49a6ff3aa27370d06b0362a367c840f41e64b3c68b56b04a,64990ea6addff6af93b8eace95fbcf586b8f19e678352f7776dc1bc87a88d58f,0.11878343889830328,0.05136045628867624,0.021179162064443667,0.05096053515405483,-0.9576416759323773,0.03151587173913227
sample_4544,L15-1138E-1216N_4553_3325_13,50176,0.10590720663265306,bced3997e948f0c3b15b556fee9eb6c7334b77e4e51d44e31e5f7441d0a5177a,64990ea6addff6af93b8eace95fbcf586b8f19e678352f7776dc1bc87a88d58f,0.41762751970682954,0.18248152248152966,0.05586853026702278,0.1408170010408225,-0.8882629394029561,0.08389151201821564
sample_4545,L15-1210E-1025N_4840_4088_13,50176,0.064453125,231fd4b28b443872e61fd0a74fe823ec6959bb0ad36ac085a9658fc29a248852,64990ea6addff6af93b8eace95fbcf586b8f19e678352f7776dc1bc87a88d58f,0.2064402740391331,0.10178704400179935,0.0574484971252137,0.12739736387035294,-0.8851030067761301,0.08016225060567318
sample_4546,L15-1389E-1284N_5557_3054_13,50176,0.0017139668367346938,2908a4eea388941c9255ae526e97397aa34da0f2fa5b39786ddfdc96285078ba,64990ea6addff6af93b8eace95fbcf586b8f19e678352f7776dc1bc87a88d58f,0.010215226882470608,0.003553885815124892,0.002807574794504183,0.009124160619336222,-0.9943848510414182,0.004627857014847845
sample_4547,L15-1389E-1284N_5557_3054_13,50176,0.0020926339285714285,df2a9f03cbf805212a61e7510669ab398999bbc55db49a438a2dc9ae6474b258,64990ea6addff6af93b8eace95fbcf586b8f19e678352f7776dc1bc87a88d58f,0.0112697455988327,0.004284424128919665,0.003235711143542157,0.00993955787747857,-0.9935285780876327,0.00522982295154872
sample_4548,L15-0566E-1185N_2265_3451_13,50176,0.0002192283163265306,daede069d703460dc1275e43c772caa2a215db963efcbfa2dc4eef610aab241d,64990ea6addff6af93b8eace95fbcf586b8f19e678352f7776dc1bc87a88d58f,0.0005803753992660908,0.0003150792369283597,0.00020763615374358332,0.0009339126009715314,-0.999584728508319,0.0003584782181154857
sample_4549,L15-0544E-1228N_2176_3279_13,50176,0.18901466836734693,799fb10088ff89e989742fa4d1c501aa0fa68ef2ecbcbf384df20ef691eb86a8,64990ea6addff6af93b8eace95fbcf586b8f19e678352f7776dc1bc87a88d58f,1.0751308508964796,0.34637168502412363,0.04571832685935672,0.12259530504349635,-0.9085633467219989,0.07044525900886993
sample_4550,L15-1748E-1247N_6993_3202_13,50176,0.014708227040816327,1b8ee8123671578cbd09ea4eae3eeff817b7e638e3973a37ed3db9161530de7f,64990ea6addff6af93b8eace95fbcf586b8f19e678352f7776dc1bc87a88d58f,0.05796761917773798,0.025367772187485253,0.014153693776520692,0.03670101685089095,-0.9716926134727756,0.021240010996176194
sample_4551,L15-1138E-1216N_4553_3325_13,50176,0.17042012117346939,1124d7c91a1a7269b762218355777ff8871d875b1bebfcd8490e6ddc702f5911,64990ea6addff6af93b8eace95fbcf586b8f19e678352f7776dc1bc87a88d58f,0.6811538714420639,0.2910886033802789,0.09405615799038727,0.23138684595484646,-0.8118876841309278,0.1412106909891851
sample_4552,L15-1848E-0793N_7394_5018_13,50176,0.03966039540816327,daede069d703460dc1275e43c772caa2a215db963efcbfa2dc4eef610aab241d,64990ea6addff6af93b8eace95fbcf586b8f19e678352f7776dc1bc87a88d58f,0.24310367929823534,0.06818237571839038,0.012297498936555823,0.02968690800780534,-0.9754050018747533,0.01775506709195619
sample_4553,L15-1748E-1247N_6993_3202_13,50176,0.009466677295918368,21f033c04e745c2b264d505be2031aabbe6517f66f63092ceb70869d3d5ee919,64990ea6addff6af93b8eace95fbcf586b8f19e678352f7776dc1bc87a88d58f,0.04116089317677828,0.01808207027145636,0.017482258915207445,0.043656089752854316,-0.9650354822886997,0.02605364355185045
sample_4554,L15-0544E-1228N_2176_3279_13,50176,0.20888472576530612,bb8d41c382c0abc5fac9e429d18af367bc23bede6034399500a661026ab0728a,64990ea6addff6af93b8eace95fbcf586b8f19e678352f7776dc1bc87a88d58f,1.1951906934702334,0.36383123722084937,0.06225886666904945,0.14854082691878756,-0.8754822666706764,0.09027171147115619
sample_4555,L15-1014E-1375N_4056_2688_13,50176,0.08816964285714286,ac308f8dd1922704a49144f0fad2674d94d376be66478320dc893b2de0b67c1e,64990ea6addff6af93b8eace95fbcf586b8f19e678352f7776dc1bc87a88d58f,0.3083210998511455,0.14367528446557504,0.060006435263227215,0.1383355835632814,-0.8799871290100532,0.08626132851843124
sample_4556,L15-1210E-1025N_4840_4088_13,50176,0.022002551020408163,3351acec2776de44e7bc84a54001bee95006004cafb247df7e32c823a62aab68,64990ea6addff6af93b8eace95fbcf586b8f19e678352f7776dc1bc87a88d58f,0.10297907886989777,0.041712158868470225,0.02324506934917513,0.06965339414220198,-0.9535098616902344,0.03777268643473487
sample_4557,L15-0566E-1185N_2265_3451_13,50176,0.003866390306122449,a1a936fab4d4e756bb53724d38edfad084cabe9940b5ba020c06801d27911043,64990ea6addff6af93b8eace95fbcf586b8f19e678352f7776dc1bc87a88d58f,0.013856437754005855,0.006257144951037575,0.0046358076244953795,0.011455506336032583,-0.9907283854160045,0.006748877429574078
sample_4558,L15-1210E-1025N_4840_4088_13,50176,0.017020089285714284,3e2365a26504ab39bacbdcc82877436d0e15518395d2eb50a90c810f743c621d,64990ea6addff6af93b8eace95fbcf586b8f19e678352f7776dc1bc87a88d58f,0.0774515226153895,0.03209789750232251,0.022122526021047056,0.0676076060935369,-0.9557549489112479,0.03621903935976073
sample_4559,L15-1138E-1216N_4553_3325_13,50176,0.06373565051020408,70a3314dd659eb0518bb90f4bf14a3bfe7133276f704f9d3847ac823634a6d36,64990ea6addff6af93b8eace95fbcf586b8f19e678352f7776dc1bc87a88d58f,0.2988653941115586,0.11219281637861958,0.03809646209606863,0.09765489579353753,-0.9238070762116259,0.05754065597330981
sample_4560,L15-1138E-1216N_4553_3325_13,50176,0.060626594387755105,8fa89c8610de7a98c288be554c88e062cddfef56d3868c18e62d2197d0edc24a,64990ea6addff6af93b8eace95fbcf586b8f19e678352f7776dc1bc87a88d58f,0.3172614451728684,0.10768534689861926,0.04099557903234144,0.10385135632139945,-0.9180088425493368,0.06124454191460193
sample_4561,L15-1748E-1247N_6993_3202_13,50176,0.009825414540816327,17864e066f30710b90b5b19234162834acffbb19531caab55e1ec16872ed5272,64990ea6addff6af93b8eace95fbcf586b8f19e678352f7776dc1bc87a88d58f,0.04730217167792467,0.018734219348337147,0.012100103535755937,0.03185089212240916,-0.9757997933187245,0.018354848723829108
sample_4562,L15-0358E-1220N_1433_3310_13,50176,0.10788026147959184,d8dc051b45282cd7f78456ec065af277545241aa4a22b7828f37e3d540289441,64990ea6addff6af93b8eace95fbcf586b8f19e678352f7776dc1bc87a88d58f,0.3737218428279145,0.17086488760532204,0.06594062933926376,0.14564013709589138,-0.868118740014775,0.09249617549105504
sample_4563,L15-0544E-1228N_2176_3279_13,50176,0.17954799107142858,83de72ac86eeec43772212a801816c3328915ea4dd1e4aa32cc404d472291a15,64990ea6addff6af93b8eace95fbcf586b8f19e678352f7776dc1bc87a88d58f,1.0477328087690332,0.3177136279068551,0.05797305488388757,0.14242604146365107,-0.8840538902828741,0.08547072215128342
sample_4564,L15-0358E-1220N_1433_3310_13,50176,0.11445711096938775,993f918f7122021abbee972c619e11e7c397daf72c1233461c92b28e5f94d550,64990ea6addff6af93b8eace95fbcf586b8f19e678352f7776dc1bc87a88d58f,0.39467641778165735,0.1778260729085905,0.06866839575006303,0.15027697926000244,-0.8626632077055507,0.09571468016493623
sample_4565,L15-1848E-0793N_7394_5018_13,50176,0.005799585459183673,536fbe64aa14edb7229a7bbd5fbf546ba5159c7510eec605015c8a4e05a4d834,64990ea6addff6af93b8eace95fbcf586b8f19e678352f7776dc1bc87a88d58f,0.029281063943970745,0.010432720023945071,0.004011259294276563,0.011483129703230531,-0.9919774821720093,0.006243893311079689
sample_4566,L15-0544E-1228N_2176_3279_13,50176,0.20224808673469388,3f5c175a308d70d8f80acd3c3e2fa67edf3e0fd54091cff3102a7659f8df7f8a,64990ea6addff6af93b8eace95fbcf586b8f19e678352f7776dc1bc87a88d58f,1.1517385538938094,0.3531643979970667,0.05536556868025159,0.1300277851091612,-0.8892688629219027,0.07935224966935021
sample_4567,L15-0566E-1185N_2265_3451_13,50176,0.00466358418367347,61964b326cfba19220e99f94d51eccfd6bf04afa71452a8e7c9e0bc77c3b0292,64990ea6addff6af93b8eace95fbcf586b8f19e678352f7776dc1bc87a88d58f,0.02034025842125227,0.008341617432289491,0.004076525944342114,0.009621690347127544,-0.9918469491254551,0.005861279782179169
sample_4568,L15-1748E-1247N_6993_3202_13,50176,0.0012755102040816326,6151bfd2392578824ed2981d3e73d02e4cb94ebbedff03525b250b192f386c40,64990ea6addff6af93b8eace95fbcf586b8f19e678352f7776dc1bc87a88d58f,0.007774137578200834,0.002820855502973263,0.003415806641878218,0.01138739082788627,-0.9931683882932901,0.005647536333295734
sample_4569,L15-0566E-1185N_2265_3451_13,50176,0.005919164540816327,f595ecadd196b1ed455481966949971929d4bdeb2f267389cc623a67c7549054,64990ea6addff6af93b8eace95fbcf586b8f19e678352f7776dc1bc87a88d58f,0.015833029454455066,0.008794067435368765,0.004083530095938061,0.010037927856767827,-0.9918329408444625,0.005869550826787149
sample_4570,L15-1848E-0793N_7394_5018_13,50176,0.0028698979591836736,daede069d703460dc1275e43c772caa2a215db963efcbfa2dc4eef610aab241d,64990ea6addff6af93b8eace95fbcf586b8f19e678352f7776dc1bc87a88d58f,0.007653617284573872,0.004309206361840269,0.004201618144383692,0.01182622684380901,-0.9915967644143294,0.0064313544183119626
sample_4571,L15-1138E-1216N_4553_3325_13,50176,0.15053013392857142,3bd72f3cd1478acc0b5d381bb2254e402b18c7fc9eb251f3d07a63dff2491345,64990ea6addff6af93b8eace95fbcf586b8f19e678352f7776dc1bc87a88d58f,0.5256672754585108,0.24439485120374194,0.0899121294294636,0.20752818743404133,-0.8201757414995511,0.12883737260597147
sample_4572,L15-1138E-1216N_4553_3325_13,50176,0.15013153698979592,e21c9f672a65d8442187000e597970e776c0b5411ae300db1924e8107783182a,64990ea6addff6af93b8eace95fbcf586b8f19e678352f7776dc1bc87a88d58f,0.525382924420161,0.24334308781186326,0.09287914789129732,0.21273289052695424,-0.8142417041926406,0.13260420935180028
sample_4573,L15-1014E-1375N_4056_2688_13,50176,0.20246731505102042,c0dd63260e5724a81102c7f02628c98f235c09e83cce794924e581c0b94278db,64990ea6addff6af93b8eace95fbcf586b8f19e678352f7776dc1bc87a88d58f,0.8829958082641381,0.3420099599675603,0.07963127716045294,0.1889273190229487,-0.8407374456160415,0.11606104194326078
sample_4574,L15-1014E-1375N_4056_2688_13,50176,0.08237005739795919,88cde03b78a9b0607f657a3d3643edb51d05ab78bd45ac2ae4130b927f862752,64990ea6addff6af93b8eace95fbcf586b8f19e678352f7776dc1bc87a88d58f,0.33754879565931445,0.13700905709170094,0.04857175274305426,0.11466646093079057,-0.9028564934495596,0.07044345162984593
sample_4575,L15-1389E-1284N_5557_3054_13,50176,0.0,daede069d703460dc1275e43c772caa2a215db963efcbfa2dc4eef610aab241d,64990ea6addff6af93b8eace95fbcf586b8f19e678352f7776dc1bc87a88d58f,0.00039532331435113344,5.861985086310681e-05,0.00037878768385521004,0.001783877093210068,-0.999242426152501,0.0006989555168473134
sample_4576,L15-0358E-1220N_1433_3310_13,50176,0.11063058035714286,993f918f7122021abbee972c619e11e7c397daf72c1233461c92b28e5f94d550,64990ea6addff6af93b8eace95fbcf586b8f19e678352f7776dc1bc87a88d58f,0.36192721748060486,0.17311936445534787,0.07373386631097302,0.15871388340118756,-0.8525322664358745,0.10210174695917945
sample_4577,L15-1848E-0793N_7394_5018_13,50176,0.002232142857142857,a3f4aec7b0054265f83404a6d96b49ed44efc2220960fd6c82087a67e2399fd2,64990ea6addff6af93b8eace95fbcf586b8f19e678352f7776dc1bc87a88d58f,0.008461872591398007,0.004029160616470123,0.004396685149653682,0.011567984195707015,-0.9912066306813218,0.006609986790075675
sample_4578,L15-1014E-1375N_4056_2688_13,50176,0.09618144132653061,d98e196100229314e6090d407b7e7ee710a92878f825012e94907122f7123145,64990ea6addff6af93b8eace95fbcf586b8f19e678352f7776dc1bc87a88d58f,0.378959576137154,0.15289466794391415,0.04565112988169932,0.10204155162033447,-0.9086977395239771,0.06409533757477416
sample_4579,L15-1276E-1107N_5105_3761_13,50176,0.009905133928571428,6c93f639417c22ee6b3af080cbf4ddd597a8d1238a2a0bfc699cee6079b7c97e,64990ea6addff6af93b8eace95fbcf586b8f19e678352f7776dc1bc87a88d58f,0.0947474390086983,0.019156708902694025,0.002805005798201856,0.008409118852251195,-0.9943899889786386,0.0044085935389152255
sample_4580,L15-1138E-1216N_4553_3325_13,50176,0.07374043367346939,f9e600c619f4d87874f603e34cf162018e4e2c2a4258c936970f2c40c7ca6608,64990ea6addff6af93b8eace95fbcf586b8f19e678352f7776dc1bc87a88d58f,0.3408187384253101,0.13038107586789507,0.0430184250866177,0.10944450425566381,-0.9139631500748423,0.06478113673351794
sample_4581,L15-0368E-1245N_1474_3210_13,50176,0.27208227040816324,e7cdb56c6d9373f7d9d35fd388fc103e73d97f527b1f2b45e66f146bad82fcf3,64990ea6addff6af93b8eace95fbcf586b8f19e678352f7776dc1bc87a88d58f,1.199489682450593,0.4440405383985546,0.10413745021903698,0.23424924658709906,-0.7917250996237559,0.14784782455764917
sample_4582,L15-0358E-1220N_1433_3310_13,50176,0.10116390306122448,547fa9f6456b155efb5ba06c90b605554d0583169351431473430edfadea4886,64990ea6addff6af93b8eace95fbcf586b8f19e678352f7776dc1bc87a88d58f,0.3049371252917093,0.1538623022478476,0.07345252369924886,0.15812402678864923,-0.8530949518878822,0.10154149037728499
sample_4583,L15-1389E-1284N_5557_3054_13,50176,0.0003985969387755102,daede069d703460dc1275e43c772caa2a215db963efcbfa2dc4eef610aab241d,64990ea6addff6af93b8eace95fbcf586b8f19e678352f7776dc1bc87a88d58f,0.002693990895848269,0.001006461042623059,0.0021784762633318194,0.007204740980373387,-0.9956430482882577,0.003603880416614056
sample_4584,L15-1276E-1107N_5105_3761_13,50176,0.021723533163265307,f6a59c63e30771b3d31d0ba377273b04609f0fbdc22ce865b8d1767d587d0bbc,64990ea6addff6af93b8eace95fbcf586b8f19e678352f7776dc1bc87a88d58f,0.11356919676253613,0.04155045562577699,0.019128986262497778,0.04952263762537361,-0.9617420279092955,0.028910065678432635
sample_4585,L15-0358E-1220N_1433_3310_13,50176,0.029177295918367346,3152601559d31dc13b6fe2a928e16990efe9b93bf6f743984dbc8f261c0ed0ff,64990ea6addff6af93b8eace95fbcf586b8f19e678352f7776dc1bc87a88d58f,0.10402515066225244,0.04992246291538728,0.02247497405528984,0.05451431957595452,-0.955050051878779,0.033433632091208844
sample_4586,L15-0566E-1185N_2265_3451_13,50176,0.004603794642857143,1706b9164e7060a4a2cd1520b965b41282ef99addb275a90aaabf6475522d5d2,64990ea6addff6af93b8eace95fbcf586b8f19e678352f7776dc1bc87a88d58f,0.01238296615115313,0.007095975625992194,0.0036606716303325885,0.009494447372585932,-0.9926786575017785,0.005435870712640811
sample_4587,L15-1748E-1247N_6993_3202_13,50176,0.008908641581632654,e348205f286d505470b2d20cb1c49c7eb80bce7571e8ff36747f0f7788db2529,64990ea6addff6af93b8eace95fbcf586b8f19e678352f7776dc1bc87a88d58f,0.04814729528992077,0.016270589362448476,0.005840918589715979,0.017459797851552276,-0.988318163424502,0.009262687157812609
sample_4588,L15-1848E-0793N_7394_5018_13,50176,0.036631058673469385,daede069d703460dc1275e43c772caa2a215db963efcbfa2dc4eef610aab241d,64990ea6addff6af93b8eace95fbcf586b8f19e678352f7776dc1bc87a88d58f,0.2178071661052474,0.06334493205578984,0.013195853660177743,0.03140663614860541,-0.973608292639506,0.018923306931953147
sample_4589,L15-1138E-1216N_4553_3325_13,50176,0.058673469387755105,eb0bcfd2de4c56e5a01d8549978ba18811af566f8c8dfb68c8b1822d939434d3,64990ea6addff6af93b8eace95fbcf586b8f19e678352f7776dc1bc87a88d58f,0.33429070524522825,0.10632307518562235,0.04372919794785011,0.11275262165591506,-0.9125416044348714,0.06597276254177785
sample_4590,L15-1389E-1284N_5557_3054_13,50176,0.0019730548469387753,df2a9f03cbf805212a61e7510669ab398999bbc55db49a438a2dc9ae6474b258,64990ea6addff6af93b8eace95fbcf586b8f19e678352f7776dc1bc87a88d58f,0.010701033767397363,0.003685346146774077,0.0018568646307673532,0.005632038436878525,-0.9962862712106578,0.0029461346857361068
sample_4591,L15-1389E-1284N_5557_3054_13,50176,0.08635602678571429,235f007547e408f6751d68690cac35dce3ed26d8f4157f604fded2c4797395c5,64990ea6addff6af93b8eace95fbcf586b8f19e678352f7776dc1bc87a88d58f,0.37107023901466646,0.14623662487593264,0.039038303457865756,0.09220192592674004,-0.921923392755141,0.05650076276695068
sample_4592,L15-0566E-1185N_2265_3451_13,50176,1.992984693877551e-05,daede069d703460dc1275e43c772caa2a215db963efcbfa2dc4eef610aab241d,64990ea6addff6af93b8eace95fbcf586b8f19e678352f7776dc1bc87a88d58f,0.0003423854444602437,6.245639623569768e-05,0.00032080304737639977,0.0016685142020673152,-0.9993583950952253,0.0005807161533898191
sample_4593,L15-1276E-1107N_5105_3761_13,50176,0.012775031887755101,91dbd072c5b7bd8312eb52aa9a6469e770431a0fd3f8d1fd486a5329b1780f18,64990ea6addff6af93b8eace95fbcf586b8f19e678352f7776dc1bc87a88d58f,0.09209904620098963,0.026143141752761116,0.010849276292660482,0.032021715354638595,-0.9783014486597202,0.01728768177751003
sample_4594,L15-0358E-1220N_1433_3310_13,50176,0.1145766900510204,d8dc051b45282cd7f78456ec065af277545241aa4a22b7828f37e3d540289441,64990ea6addff6af93b8eace95fbcf586b8f19e678352f7776dc1bc87a88d58f,0.37998332843765437,0.17825354218841033,0.06958872363284914,0.15074683534808453,-0.86082255174715,0.09630424191946396
sample_4595,L15-0358E-1220N_1433_3310_13,50176,0.09576291454081633,4707bd5b2cce22443587257c300bdb68414e260fc1179ee04bb159363baf295e,64990ea6addff6af93b8eace95fbcf586b8f19e678352f7776dc1bc87a88d58f,0.284675548754277,0.14432709750820677,0.06684204106390172,0.1439619241724564,-0.8663159173600172,0.09231645745893982
sample_4596,L15-1276E-1107N_5105_3761_13,50176,0.010044642857142858,32d75c2a1dce4e9cd0208e220453f3209874e92fca5c3b77e0594c1bfd60c977,64990ea6addff6af93b8eace95fbcf586b8f19e678352f7776dc1bc87a88d58f,0.0773788720626182,0.01823491202589976,0.0051761926626976654,0.014834476850356909,-0.9896476157255809,0.007973709286750069
sample_4597,L15-0368E-1245N_1474_3210_13,50176,0.2682955994897959,4f4ff49d0755d76341792d406e27f5ed256a7b3d5432448830d3e88d450d3cd3,64990ea6addff6af93b8eace95fbcf586b8f19e678352f7776dc1bc87a88d58f,1.348043295719598,0.4406985235502208,0.09649317700425353,0.21512564069093115,-0.8070136459259374,0.13607996890492116
sample_4598,L15-0566E-1185N_2265_3451_13,50176,0.007393973214285714,620e4ae29d4fee13f73d379d695009e59627436f82dc2c17b842fc85e6540922,64990ea6addff6af93b8eace95fbcf586b8f19e678352f7776dc1bc87a88d58f,0.026904776130406104,0.012132588879531324,0.00570134127783418,0.013801884541311378,-0.9885973183045466,0.008209632529411148
sample_4599,L15-0566E-1185N_2265_3451_13,50176,0.038942920918367346,01e3529fbb5289fdb2a22e0eec5b4b4f5e5e9cd5d9369638255434f56c57f3a3,64990ea6addff6af93b8eace95fbcf586b8f19e678352f7776dc1bc87a88d58f,0.20038359665315542,0.06643026456956294,0.01584428575659665,0.03803964975380008,-0.9683114281970503,0.022952682658437362
sample_4600,L15-1185E-0935N_4742_4450_13,50176,0.14255819515306123,4fc6744a59cdd64e9288281c2f3890e4c3703dc676882752a8c3910036cef0c4,64990ea6addff6af93b8eace95fbcf586b8f19e678352f7776dc1bc87a88d58f,0.5117749478835943,0.23650381544190585,0.08693315405327333,0.20978364424355625,-0.8261336922178665,0.12852309009210636
sample_4601,L15-0566E-1185N_2265_3451_13,50176,0.0014349489795918368,b3c9c2f19c908da28dd7928740e839fc37568313a7402e8b70d4754809b1d84d,64990ea6addff6af93b8eace95fbcf586b8f19e678352f7776dc1bc87a88d58f,0.014157825638614705,0.0025858014745285896,0.0005932579384831598,0.0019174080046648855,-0.9988134848784316,0.0009155581257193576
sample_4602,L15-0544E-1228N_2176_3279_13,50176,0.1966876594387755,b8215de6a253d3de35479ff0e805e93b925324f90915e12ebbd56af3ae839c5b,64990ea6addff6af93b8eace95fbcf586b8f19e678352f7776dc1bc87a88d58f,1.1370826017616418,0.3502590499238398,0.04877691322519463,0.11851302321260823,-0.9024461741345235,0.07116701100622547
sample_4603,L15-1848E-0793N_7394_5018_13,50176,0.0015744579081632653,daede069d703460dc1275e43c772caa2a215db963efcbfa2dc4eef610aab241d,64990ea6addff6af93b8eace95fbcf586b8f19e678352f7776dc1bc87a88d58f,0.005003151179820716,0.002696320477388645,0.003254592550528825,0.008789723495152944,-0.9934908154649874,0.004905009566330868
sample_4604,L15-0566E-1185N_2265_3451_13,50176,0.010642538265306123,8fa61df9c4debafc6c66251a8205fd0c3a0e875b8ae06644184d0adfcd6e49e8,64990ea6addff6af93b8eace95fbcf586b8f19e678352f7776dc1bc87a88d58f,0.026874549120507452,0.015380171471999599,0.00899729758325242,0.02039362005986302,-0.9820054052666853,0.012596081128302867
sample_4605,L15-0368E-1245N_1474_3210_13,50176,0.2239716198979592,3edd7fb955d35aec9bcdaf90e5813a3d7770522200c8a9eec44768df709ffc86,64990ea6addff6af93b8eace95fbcf586b8f19e678352f7776dc1bc87a88d58f,1.2397789288234098,0.3714842800032395,0.08734601832408344,0.196032983740197,-0.8253079630403325,0.1232218373280198
sample_4606,L15-1210E-1025N_4840_4088_13,50176,0.0036870216836734694,75e3b63bfa283f7a0aeaf793938b4e752332fa1805b16c08a1164b4403990a95,64990ea6addff6af93b8eace95fbcf586b8f19e678352f7776dc1bc87a88d58f,0.028975516043027588,0.010652658750517461,0.012252722200414888,0.03743272100621734,-0.9754945564815406,0.019845332280527365
sample_4607,L15-1210E-1025N_4840_4088_13,50176,0.07260443239795919,6bc2199582ce7035e30691624497384b1566744ba1e8ee740fdad529ee633b62,64990ea6addff6af93b8eace95fbcf586b8f19e678352f7776dc1bc87a88d58f,0.2588793488434284,0.1177134209129924,0.05451335317374454,0.12366883725279487,-0.8909732943365196,0.07736351839347617
sample_4608,L15-1848E-0793N_7394_5018_13,50176,0.03619260204081633,97fb90f63e1625c30fd04bfa25a19dce454c2474306290653ee1bb542d24fd51,64990ea6addff6af93b8eace95fbcf586b8f19e678352f7776dc1bc87a88d58f,0.14664632152098553,0.05870617977628087,0.015401380767390055,0.03678336917882713,-0.9691972388059044,0.022177502117489863
sample_4609,L15-1185E-0935N_4742_4450_13,50176,0.08278858418367346,656c3f9cefc60239328b6590b8da4251ee18e4ed4c83c1815004e302e6d6d088,64990ea6addff6af93b8eace95fbcf586b8f19e678352f7776dc1bc87a88d58f,0.30693686094846506,0.14368398289862205,0.06708533750200758,0.16789299545040753,-0.8658293251813678,0.1008000449782436
sample_4610,L15-0358E-1220N_1433_3310_13,50176,0.08998325892857142,33ce1a51173e492f4cad6a21ea92b8e96d0a8fbeb40c0c788b98abadd45497d3,64990ea6addff6af93b8eace95fbcf586b8f19e678352f7776dc1bc87a88d58f,0.28611407427638375,0.1404527453700513,0.06553384048949774,0.14373697559249868,-0.8689323182821237,0.0915437388182136
sample_4611,L15-1848E-0793N_7394_5018_13,50176,0.027981505102040817,211ad240b4b062d2226dea180e00978ad81d6eb528694d87c2f6d61a30d51765,64990ea6addff6af93b8eace95fbcf586b8f19e678352f7776dc1bc87a88d58f,0.11465642716377167,0.04617828168248167,0.011226173763505506,0.02727311352142969,-0.9775476527889755,0.016289260902074866
sample_4612,L15-1389E-1284N_5557_3054_13,50176,0.002032844387755102,df2a9f03cbf805212a61e7510669ab398999bbc55db49a438a2dc9ae6474b258,64990ea6addff6af93b8eace95fbcf586b8f19e678352f7776dc1bc87a88d58f,0.01053495164174698,0.0039618514768663135,0.0030875557864902124,0.009439379247387678,-0.993824889112808,0.004973030326322507
sample_4613,L15-0544E-1228N_2176_3279_13,50176,0.16599569515306123,9f4ad63e481ec55b11e73e251f1a05c31aa9334ebf43ce4475b6ac8debb2c3e0,64990ea6addff6af93b8eace95fbcf586b8f19e678352f7776dc1bc87a88d58f,0.84487767763952,0.28676811482474096,0.05815263462314686,0.1431061711176772,-0.8836947309106805,0.0857598369146037
sample_4614,L15-1138E-1216N_4553_3325_13,50176,0.08984375,e77439a52c174f3ead02906edd336c7041a935f419651715bda6e88a0b8b3d06,64990ea6addff6af93b8eace95fbcf586b8f19e678352f7776dc1bc87a88d58f,0.35203666502393083,0.14831981294892113,0.058279927694048654,0.13849683077795205,-0.8834401450312617,0.0844855667816604
sample_4615,L15-0358E-1220N_1433_3310_13,50176,0.10224011479591837,d6d8dabb43702363add9efdcfaa72e4f17d79e1930002a8af781b36e73a0a62a,64990ea6addff6af93b8eace95fbcf586b8f19e678352f7776dc1bc87a88d58f,0.32245059482512944,0.15495058753347057,0.06956586964447431,0.14992326980528484,-0.8608682600285115,0.09616768027490355
sample_4616,L15-1185E-0935N_4742_4450_13,50176,0.07770647321428571,b4db9aa4cee6f0a18425dc069cb357784a20c9fef9e90bc8baec3d958ddce8ac,64990ea6addff6af93b8eace95fbcf586b8f19e678352f7776dc1bc87a88d58f,0.2902369404100438,0.13509370324198078,0.05224481179991889,0.13499384795890193,-0.8955103766583337,0.07971421395820509
sample_4617,L15-1138E-1216N_4553_3325_13,50176,0.13404815051020408,628524d23e9047dc399db3cd03725948f2d1ff5a2276af98ef9d225386cfbd86,64990ea6addff6af93b8eace95fbcf586b8f19e678352f7776dc1bc87a88d58f,0.5010238586850545,0.2237727684512192,0.07194587241321308,0.1741986043868791,-0.8561082555055393,0.10563789651236649
sample_4618,L15-1210E-1025N_4840_4088_13,50176,0.0787826849489796,2ee45a878a27602e674ff44cf6cb077a9a0265a8ec102c19567eee700a07318f,64990ea6addff6af93b8eace95fbcf586b8f19e678352f7776dc1bc87a88d58f,0.32257015485502166,0.14269369308359256,0.04938797491165448,0.13974806658528827,-0.901224050463664,0.07961213582216521
sample_4619,L15-0358E-1220N_1433_3310_13,50176,0.027543048469387755,dade01ceb4403fcdd4fa50d564b402a60b28dcac6e70e4ceed29d68d4dad5128,64990ea6addff6af93b8eace95fbcf586b8f19e678352f7776dc1bc87a88d58f,0.15146853483876427,0.049937585841352015,0.007523425082600087,0.020850353624009468,-0.9849531500656995,0.01184453403748867
sample_4620,L15-0544E-1228N_2176_3279_13,50176,0.1644610969387755,f8f953ca4dbbc129070a98f465bd755f1106c087e665b73c6c4a574af506f04a,64990ea6addff6af93b8eace95fbcf586b8f19e678352f7776dc1bc87a88d58f,0.8471792657353365,0.2845678895380388,0.05961770684534342,0.14356533966097004,-0.8807645865416377,0.0868934054075096
sample_4621,L15-1138E-1216N_4553_3325_13,50176,0.10801977040816327,bd5b188884ac2ca2023746f0ba2dcc8169293d26e3f5b522da621d7812b314e3,64990ea6addff6af93b8eace95fbcf586b8f19e678352f7776dc1bc87a88d58f,0.4383949684513498,0.18747413974660082,0.055815728162700425,0.1410032877972243,-0.8883685434166214,0.0837837658560307
sample_4622,L15-0358E-1220N_1433_3310_13,50176,0.08579799107142858,e6427fa81bed98e23c6b5a2ccb99329836fee572c71d837ae61c9b4da6598576,64990ea6addff6af93b8eace95fbcf586b8f19e678352f7776dc1bc87a88d58f,0.25910402506886115,0.12941103534016976,0.06756271684912926,0.14482798771718114,-0.8648745657184689,0.09304598737589276
sample_4623,L15-1014E-1375N_4056_2688_13,50176,0.20284598214285715,00392ddbaf1429754cfc4818857e5dfa3101a08403a34f492c86a12600c26b73,64990ea6addff6af93b8eace95fbcf586b8f19e678352f7776dc1bc87a88d58f,0.8402392455426371,0.3397241351803885,0.08996899349481932,0.20915161494684578,-0.8200620129523443,0.12984466500541877
sample_4624,L15-0566E-1185N_2265_3451_13,50176,0.0015943877551020409,1706b9164e7060a4a2cd1520b965b41282ef99addb275a90aaabf6475522d5d2,64990ea6addff6af93b8eace95fbcf586b8f19e678352f7776dc1bc87a88d58f,0.0046306575930916425,0.0024035037490814327,0.0021805053859549972,0.006182544403654567,-0.995638989644219,0.003311992111942606
sample_4625,L15-1014E-1375N_4056_2688_13,50176,0.15666852678571427,84604034eec1bc9faf62fd3fd90a829e0cfbf02941b3a398564d2919bdfca058,64990ea6addff6af93b8eace95fbcf586b8f19e678352f7776dc1bc87a88d58f,0.5533081740383708,0.2535985731411437,0.08512714790531947,0.19138853778138093,-0.829745703787691,0.12078014614502301
sample_4626,L15-0368E-1245N_1474_3210_13,50176,0.24148995535714285,09a26ff9a24b9bfa35281f5ab86bd161d503bc3879238319c4be19dc1952a12c,64990ea6addff6af93b8eace95fbcf586b8f19e678352f7776dc1bc87a88d58f,0.9191809972336267,0.3824317399210497,0.11191453172454649,0.24232940687896015,-0.7761709365012937,0.15515724541579345
sample_4627,L15-1014E-1375N_4056_2688_13,50176,0.09323182397959184,a6f91378a17ba40927f25472c0adc6a8fe0abc90c8ba6954436b654b68719ff9,64990ea6addff6af93b8eace95fbcf586b8f19e678352f7776dc1bc87a88d58f,0.39591831656884885,0.15302250494563524,0.03721940823906691,0.08563476317455943,-0.9255611829232074,0.05295016668401166
sample_4628,L15-1138E-1216N_4553_3325_13,50176,0.1262157206632653,6f380f3f3e0f4c2833ee7ec34be0581ecdb203544d4cca596fc455dd6e2503b5,64990ea6addff6af93b8eace95fbcf586b8f19e678352f7776dc1bc87a88d58f,0.44251365581549007,0.20396042834707775,0.07777120316833523,0.1797471779172122,-0.8444575939070271,0.11138215089064094
sample_4629,L15-1185E-0935N_4742_4450_13,50176,0.08520009566326531,7d0c13849acc6853f67daf351ae1a9ed684eb9a8fc8912bd5c65c65fd12f332f,64990ea6addff6af93b8eace95fbcf586b8f19e678352f7776dc1bc87a88d58f,0.2871063621414783,0.14237857589192665,0.0641952092279395,0.15885546294221015,-0.8716095818225421,0.095573152584049
sample_4630,L15-0544E-1228N_2176_3279_13,50176,0.19614955357142858,1763fce44546f3478173800b183f73a0d68ef9be54aef901d2d91147dda76f8a,64990ea6addff6af93b8eace95fbcf586b8f19e678352f7776dc1bc87a88d58f,1.0746453000879632,0.3522448680221092,0.05334607426941927,0.13703036774461436,-0.8933078518358117,0.08032121027382501
sample_4631,L15-1014E-1375N_4056_2688_13,50176,0.15987723214285715,6069c19b6a6a7a41b0962e4113879af6d706079aae9550b606023a12ee0e4692,64990ea6addff6af93b8eace95fbcf586b8f19e678352f7776dc1bc87a88d58f,0.5377730880865977,0.25664808272756334,0.09121376246912405,0.20516125864528154,-0.8175724747592129,0.12964919837076586
sample_4632,L15-1185E-0935N_4742_4450_13,50176,0.15148676658163265,3040bedb02bd7d8b659bc7203552ee80cf5322a841ab73ea2971943d020c6222,64990ea6addff6af93b8eace95fbcf586b8f19e678352f7776dc1bc87a88d58f,0.5799154818607767,0.2508295288712558,0.0860031116789454,0.2044910722747209,-0.8279937770302662,0.12596634868045267
sample_4633,L15-0544E-1228N_2176_3279_13,50176,0.20968191964285715,e2c63a717161748d5232a66eb7b04bddf971c8043e79479cc71874c56d69b9cf,64990ea6addff6af93b8eace95fbcf586b8f19e678352f7776dc1bc87a88d58f,1.0965044015594332,0.35694413243291856,0.065890268036592,0.15194848643484263,-0.8682194644278961,0.0937562171285552
sample_4634,L15-1389E-1284N_5557_3054_13,50176,0.08964445153061225,6bfa207bc983159d7bda88071d3490b1329bec40c6804c5a240eaffc1e410c04,64990ea6addff6af93b8eace95fbcf586b8f19e678352f7776dc1bc87a88d58f,0.44118248854548014,0.15357780061112286,0.038977150994172434,0.09073869227661889,-0.92204569753034,0.056044003384931665
sample_4635,L15-1138E-1216N_4553_3325_13,50176,0.17869100765306123,f281bd33098e48fd74c98c89930c6a2328c359cdb070bf0527583f296bd44673,64990ea6addff6af93b8eace95fbcf586b8f19e678352f7776dc1bc87a88d58f,0.6701459280306699,0.2960159771615642,0.10638722878814276,0.2495523893819909,-0.7872255423191712,0.1553039088858835
sample_4636,L15-1138E-1216N_4553_3325_13,50176,0.1399872448979592,d8af03b07665fe43d7617cd852b0ea53376b24bd2d6ab478875d1b0517f1e1d7,64990ea6addff6af93b8eace95fbcf586b8f19e678352f7776dc1bc87a88d58f,0.5329755392009383,0.2333438508813944,0.07621061740495379,0.1798642391869552,-0.8475787654570854,0.11034878034376375
sample_4637,L15-0544E-1228N_2176_3279_13,50176,0.19108737244897958,b648d2ed014f4ae3ae82c276e4e17870f400b6469f130ce08bcad01355b3d007,64990ea6addff6af93b8eace95fbcf586b8f19e678352f7776dc1bc87a88d58f,1.1473397637506775,0.34814037736708753,0.045707108863933504,0.11934532516418812,-0.9085857826091978,0.06932338737354748
sample_4638,L15-1014E-1375N_4056_2688_13,50176,0.07965959821428571,53e00f6e69f77c442d689437f54ffc3ce0d21142a181e7eec48118a8d2fb0f5c,64990ea6addff6af93b8eace95fbcf586b8f19e678352f7776dc1bc87a88d58f,0.3264248522677837,0.13481310066452604,0.04918954327788052,0.1166588764099243,-0.9016209122947313,0.07175999044211519
sample_4639,L15-1389E-1284N_5557_3054_13,50176,0.0001793686224489796,daede069d703460dc1275e43c772caa2a215db963efcbfa2dc4eef610aab241d,64990ea6addff6af93b8eace95fbcf586b8f19e678352f7776dc1bc87a88d58f,0.0010750286061510525,0.00042481941073386397,0.0008510415922204146,0.0029341365706686017,-0.9982979176992152,0.001386088100240182
sample_4640,L15-1748E-1247N_6993_3202_13,50176,0.011619100765306123,cb50fddab3070b44b37c45e584157dbb6ad9ff2960211572058c0a47f5399f6c,64990ea6addff6af93b8eace95fbcf586b8f19e678352f7776dc1bc87a88d58f,0.05025825557820294,0.021009161744007996,0.013189477062004865,0.03429042181011057,-0.973621046120444,0.01995434411546287
sample_4641,L15-1748E-1247N_6993_3202_13,50176,0.009068080357142858,0ee889b627b13cac26c82edebf6d9277efa848be839af37fb163573713d3369e,64990ea6addff6af93b8eace95fbcf586b8f19e678352f7776dc1bc87a88d58f,0.04140999893523256,0.0164906126143936,0.008597959273694349,0.023319185283280974,-0.9828040825138377,0.013031017758840677
sample_4642,L15-1185E-0935N_4742_4450_13,50176,0.09516501913265306,737635a026f31bcd51aecce3c20c11b195f117cbba7ac944e0141e3d7865bb31,64990ea6addff6af93b8eace95fbcf586b8f19e678352f7776dc1bc87a88d58f,0.29781114352660526,0.1538324080796678,0.07425440853694454,0.17744971331742068,-0.8514911835293522,0.10882033159616562
sample_4643,L15-0566E-1185N_2265_3451_13,50176,5.978954081632653e-05,daede069d703460dc1275e43c772caa2a215db963efcbfa2dc4eef610aab241d,64990ea6addff6af93b8eace95fbcf586b8f19e678352f7776dc1bc87a88d58f,0.0004475644966781981,0.0001734022852516071,0.00027817964425538573,0.0011736795579887472,-0.9994436415143277,0.0004746467238700339
sample_4644,L15-1138E-1216N_4553_3325_13,50176,0.02333785076530612,daede069d703460dc1275e43c772caa2a215db963efcbfa2dc4eef610aab241d,64990ea6addff6af93b8eace95fbcf586b8f19e678352f7776dc1bc87a88d58f,0.08232772834257716,0.042754659132175916,0.05702772057420403,0.14192962055445088,-0.8859445588937049,0.08491711973585381
sample_4645,L15-1014E-1375N_4056_2688_13,50176,0.20210857780612246,8fdd5ffdb6caecc345db34e53c57a1308d2dccb31a6c98809c43e3af96304eff,64990ea6addff6af93b8eace95fbcf586b8f19e678352f7776dc1bc87a88d58f,0.8636373198954541,0.3409297860279801,0.08181855216864686,0.19427911151270824,-0.8363628955593803,0.11953601002703337
sample_4646,L15-1389E-1284N_5557_3054_13,50176,0.08302774234693877,0b9c8cb40160b27bd09b3a4a2afe1e72fb01e4bb6ce2aef02b452ad00ebe8683,64990ea6addff6af93b8eace95fbcf586b8f19e678352f7776dc1bc87a88d58f,0.3846812096087975,0.14419220514636807,0.03404148695847894,0.08291897516516548,-0.9319170259583206,0.050125571352857216
sample_4647,L15-1185E-0935N_4742_4450_13,50176,0.0799984056122449,9bb9dc8d91d88d64a67660b535134eaee36a7a386debdea594b72f69586cfe32,64990ea6addff6af93b8eace95fbcf586b8f19e678352f7776dc1bc87a88d58f,0.3113983413160882,0.1377429685729998,0.061340969693799485,0.15481421246679888,-0.8773180607785326,0.09219317237425428
sample_4648,L15-1848E-0793N_7394_5018_13,50176,0.012775031887755101,daede069d703460dc1275e43c772caa2a215db963efcbfa2dc4eef610aab241d,64990ea6addff6af93b8eace95fbcf586b8f19e678352f7776dc1bc87a88d58f,0.055027153970165686,0.02737183770975873,0.041447043981954305,0.1015608152050125,-0.9171059121696871,0.06147536560749046
sample_4649,L15-1014E-1375N_4056_2688_13,50176,0.2099609375,c85058d15c595baa1090c135ea2db1470577e5e49977bb7b338d3a72846d0b91,64990ea6addff6af93b8eace95fbcf586b8f19e678352f7776dc1bc87a88d58f,0.8938203173225725,0.3486733689917785,0.08905230684334184,0.205638011823185,-0.821895386332763,0.12792206074151938
sample_4650,L15-1389E-1284N_5557_3054_13,50176,0.021902901785714284,f4289c593adaf47c65e8725003671b4d63cae138554e837e3a1f096ceff91516,64990ea6addff6af93b8eace95fbcf586b8f19e678352f7776dc1bc87a88d58f,0.07820320220046259,0.03682854159012108,0.014119619981157688,0.03361115879128399,-0.9717607602414581,0.020500057233448873
sample_4651,L15-1848E-0793N_7394_5018_13,50176,0.0007174744897959184,daede069d703460dc1275e43c772caa2a215db963efcbfa2dc4eef610aab241d,64990ea6addff6af93b8eace95fbcf586b8f19e678352f7776dc1bc87a88d58f,0.0034106753225122996,0.0014759307488717882,0.0021379184232055383,0.006710734646772739,-0.995724163714927,0.003484755601190215
sample_4652,L15-1138E-1216N_4553_3325_13,50176,0.04864875637755102,26716ac88872887be57c6461a2f353775f0de2632c5430de39f56c101b756882,64990ea6addff6af93b8eace95fbcf586b8f19e678352f7776dc1bc87a88d58f,0.38363893590584824,0.09179378234059064,0.017092509890136748,0.045728057961150884,-0.9658149806342899,0.026128385177000474
sample_4653,L15-1848E-0793N_7394_5018_13,50176,0.0021125637755102043,daede069d703460dc1275e43c772caa2a215db963efcbfa2dc4eef610aab241d,64990ea6addff6af93b8eace95fbcf586b8f19e678352f7776dc1bc87a88d58f,0.005285485292268014,0.0029731544668552125,0.003074392241577865,0.008325468674604196,-0.9938512161052059,0.004622687409941368
sample_4654,L15-1014E-1375N_4056_2688_13,50176,0.2077686543367347,1a10179c5729a4e227de13c8d12e0f8c8e37481143700319d7de1b1fa31be60b,64990ea6addff6af93b8eace95fbcf586b8f19e678352f7776dc1bc87a88d58f,0.8511616848525937,0.3435481155279429,0.08817964136168095,0.20363244197526814,-0.823640717419095,0.12656270104406198
sample_4655,L15-1389E-1284N_5557_3054_13,50176,0.00025908801020408165,daede069d703460dc1275e43c772caa2a215db963efcbfa2dc4eef610aab241d,64990ea6addff6af93b8eace95fbcf586b8f19e678352f7776dc1bc87a88d58f,0.0010066735344260993,0.0004013636304582614,0.0007375447740018064,0.0029258317873221227,-0.9985249114077391,0.0012447917440037517
sample_4656,L15-0544E-1228N_2176_3279_13,50176,0.2082469706632653,8a22ec6591ad77ef5cd0277e022618139976df413a206362e9f185b01c762533,64990ea6addff6af93b8eace95fbcf586b8f19e678352f7776dc1bc87a88d58f,1.1630526488961237,0.3629268971752611,0.06638031380669195,0.15786275324097684,-0.8672393724350949,0.0961371716741509
sample_4657,L15-1389E-1284N_5557_3054_13,50176,0.08581792091836735,f5900460c2067b105cdb2f0e1ee7b6382da68bcc80b7a469d93da5907147e5d7,64990ea6addff6af93b8eace95fbcf586b8f19e678352f7776dc1bc87a88d58f,0.4325776519417441,0.15110434705244374,0.034306437261782737,0.08377192747887252,-0.9313871255177456,0.0507687108497369
sample_4658,L15-0368E-1245N_1474_3210_13,50176,0.16982222576530612,d5e3a175604a6940bef5e75d789edd8937c97097e07b1c740205448427f526a1,64990ea6addff6af93b8eace95fbcf586b8f19e678352f7776dc1bc87a88d58f,0.594199948624047,0.2595931449240214,0.07872520982791499,0.16570250383623206,-0.8425495794630534,0.10732135775320248
sample_4659,L15-1748E-1247N_6993_3202_13,50176,0.01963089923469388,f8bc73fb0bdc6f7357fcfdbd7a8efe819e3b0d8d7c9b57aecd9428e409a3e5b8,64990ea6addff6af93b8eace95fbcf586b8f19e678352f7776dc1bc87a88d58f,0.08063780231974682,0.03359595959553543,0.014885878146445493,0.03709807284422096,-0.9702282442684681,0.021979987372066804
sample_4660,L15-0566E-1185N_2265_3451_13,50176,0.004942602040816327,89f1ce3e1b16ef0ab13ca295735b3f3ef8cf4dc4bebaea4694f69045f0809751,64990ea6addff6af93b8eace95fbcf586b8f19e678352f7776dc1bc87a88d58f,0.012661251278558067,0.006752085577918873,0.0044940244929142755,0.011687284796811359,-0.9910119515581073,0.006616522491467647
sample_4661,L15-1138E-1216N_4553_3325_13,50176,0.04922672193877551,53fa5a5ef439df341d37a25ab8c1efafc8912d1026180bdf1ac9961e6f5df427,64990ea6addff6af93b8eace95fbcf586b8f19e678352f7776dc1bc87a88d58f,0.44348127961135236,0.09617294893917734,0.0147611569228335,0.04297620980798502,-0.9704776869496806,0.023635712020024846
sample_4662,L15-1210E-1025N_4840_4088_13,50176,0.06375558035714286,94c13151b00a4f6829697e1c6d747665e6258301965e7a1cbf300173cb553ccc,64990ea6addff6af93b8eace95fbcf586b8f19e678352f7776dc1bc87a88d58f,0.21097911203629055,0.10241358754902607,0.0582310838544057,0.1305081467591067,-0.8835378329882981,0.08204882829644862
sample_4663,L15-1138E-1216N_4553_3325_13,50176,0.0643734056122449,815b26234a46a618cba4bcd5bd40c967470bf961dfe82261fa2acb2344a377f4,64990ea6addff6af93b8eace95fbcf586b8f19e678352f7776dc1bc87a88d58f,0.3237058605171177,0.114586861143965,0.03270060383020995,0.0851995592627316,-0.9345987928486943,0.04968834670147076
sample_4664,L15-0566E-1185N_2265_3451_13,50176,0.040896045918367346,6c0f0ed9c7bc6474c1ac469136fd8a285dd92a1c3ebee7a96b097727f0321451,64990ea6addff6af93b8eace95fbcf586b8f19e678352f7776dc1bc87a88d58f,0.2147191749631587,0.07059444346592643,0.015601526450470318,0.037919564210549275,-0.9687969470572014,0.02274540094445863
sample_4665,L15-1276E-1107N_5105_3761_13,50176,0.07533482142857142,9309949dcc46faa8499d6ddde348705029a31622c934e685514b1626a336d9a7,64990ea6addff6af93b8eace95fbcf586b8f19e678352f7776dc1bc87a88d58f,0.2899795957681649,0.12835152751715392,0.06621791472972123,0.15027080076894653,-0.8675641708351752,0.09447088114209268
sample_4666,L15-1210E-1025N_4840_4088_13,50176,0.02174346301020408,667083252ad70765800a24a7945b7c2979780ae511760471f6adb5e364e8402e,64990ea6addff6af93b8eace95fbcf586b8f19e678352f7776dc1bc87a88d58f,0.10060920050303898,0.042299207128720054,0.030135296809021384,0.09277671228971421,-0.9397294066123525,0.049887909548481636
sample_4667,L15-1848E-0793N_7394_5018_13,50176,0.0027702487244897957,daede069d703460dc1275e43c772caa2a215db963efcbfa2dc4eef610aab241d,64990ea6addff6af93b8eace95fbcf586b8f19e678352f7776dc1bc87a88d58f,0.011845757690020312,0.005844416769716733,0.008988085542615426,0.022553539751739807,-0.9820238292519355,0.013398993412924895
sample_4668,L15-1210E-1025N_4840_4088_13,50176,0.023776307397959183,44cd7978095e86ac07809352af187a86e69e044b322f9050faa26c81d8e36436,64990ea6addff6af93b8eace95fbcf586b8f19e678352f7776dc1bc87a88d58f,0.1054986280563792,0.04383488482175864,0.028556291122056012,0.08261058925275418,-0.942887418276346,0.04551308553834202
sample_4669,L15-1848E-0793N_7394_5018_13,50176,0.03218670280612245,66deceb80dd0c179817451d48c35829c7a8ea911d35fe3c27ef133cc3360a75d,64990ea6addff6af93b8eace95fbcf586b8f19e678352f7776dc1bc87a88d58f,0.17997628781539707,0.055620690681324456,0.010758216798124949,0.026798982222643507,-0.9784835661732055,0.01581324132993561
sample_4670,L15-1389E-1284N_5557_3054_13,50176,0.0021723533163265306,df2a9f03cbf805212a61e7510669ab398999bbc55db49a438a2dc9ae6474b258,64990ea6addff6af93b8eace95fbcf586b8f19e678352f7776dc1bc87a88d58f,0.013786120623056994,0.004263717864453762,0.0028120398079520283,0.007849880496557805,-0.9943759208147508,0.004346822239215904
sample_4671,L15-0368E-1245N_1474_3210_13,50176,0.23212292729591838,700a3f918e16e415c4facb6babd9653e1d5c6f5b3e3081e152b83412d6af7697,64990ea6addff6af93b8eace95fbcf586b8f19e678352f7776dc1bc87a88d58f,1.1229607222165487,0.38154724577839044,0.09587455536618981,0.21531720544125116,-0.8082508893951317,0.13559847891250743
sample_4672,L15-0358E-1220N_1433_3310_13,50176,0.01313376913265306,8142fd254b1b30e78c5e17e9c8ad7e80a27e7671d544be0151902c13a4db1917,64990ea6addff6af93b8eace95fbcf586b8f19e678352f7776dc1bc87a88d58f,0.11381758458031309,0.025882923629171033,0.001937493767437278,0.006196763881817993,-0.9961250130658815,0.003161940942278813
sample_4673,L15-1138E-1216N_4553_3325_13,50176,0.19080835459183673,e00c112dadc2d5039e3cff1d8209dde6b558477e210fb92843a51333541b7f64,64990ea6addff6af93b8eace95fbcf586b8f19e678352f7776dc1bc87a88d58f,0.6883344903252404,0.3068533637381557,0.11222629270003158,0.25280803816893077,-0.7755474146510521,0.15947256321004152
sample_4674,L15-0544E-1228N_2176_3279_13,50176,0.19694674744897958,9b151d5151a9f6ea77d3aaf949b4fced59624ccf4047ad279d887bc4794d271f,64990ea6addff6af93b8eace95fbcf586b8f19e678352f7776dc1bc87a88d58f,1.1769568445974503,0.3509464777715922,0.04938158727778426,0.1188797435505092,-0.9012368255814995,0.07164488277558095
sample_4675,L15-1848E-0793N_7394_5018_13,50176,0.05767697704081633,e35b15e234b795b76460c64fe8666b346b3945fba7f7cf259be08bae5d028a2e,64990ea6addff6af93b8eace95fbcf586b8f19e678352f7776dc1bc87a88d58f,0.18320441874985763,0.0918556645272376,0.03902267896313676,0.09205639829530424,-0.9219546417216259,0.056302156051964675
sample_4676,L15-0544E-1228N_2176_3279_13,50176,0.18714126275510204,d8c1a91216af98c2845e816b14383a69d9c3ce6d52f8d78d2990543c0182bf34,64990ea6addff6af93b8eace95fbcf586b8f19e678352f7776dc1bc87a88d58f,1.0464860443893158,0.34020052679046564,0.04702899683794311,0.1266537383134976,-0.9059420065159802,0.07264327554147441
sample_4677,L15-1389E-1284N_5557_3054_13,50176,0.002272002551020408,94f0320abd99652f336e8f6660cee5313dc3b055a20f3af7666d5b86c564586d,64990ea6addff6af93b8eace95fbcf586b8f19e678352f7776dc1bc87a88d58f,0.010323787530870434,0.0041768356229794565,0.0034609403406573955,0.010072216856411673,-0.9930781195073944,0.005457896052521816
sample_4678,L15-0544E-1228N_2176_3279_13,50176,0.15712691326530612,abcd9abee4623f05d21f94efe2395e529100e38fd153fb0ac45c3e7688341116,64990ea6addff6af93b8eace95fbcf586b8f19e678352f7776dc1bc87a88d58f,0.8545353929619552,0.2834650541838044,0.04822828832001672,0.12547583112395383,-0.9035434238455701,0.07306340458157812
sample_4679,L15-0566E-1185N_2265_3451_13,50176,0.001953125,8b7681aacbebc1e830daa58af45ee7fe5d97ffd9600f8a013a8fbfae643db64e,64990ea6addff6af93b8eace95fbcf586b8f19e678352f7776dc1bc87a88d58f,0.006571847821863257,0.0031067665502269304,0.0019373105404119255,0.0055052597437951056,-0.9961253792398858,0.0029550491720857328
sample_4680,L15-1848E-0793N_7394_5018_13,50176,0.04239078443877551,1248287d154ca7c74fe1c01970fdfbf63bd0575d08e7b073b9f3d44bcf19edbf,64990ea6addff6af93b8eace95fbcf586b8f19e678352f7776dc1bc87a88d58f,0.14001861725650633,0.06867550360544314,0.03980911517639321,0.09455892739577201,-0.920381769850089,0.05765777299571165
sample_4681,L15-1210E-1025N_4840_4088_13,50176,0.006975446428571429,5b6282feb1b37f998deb52ee274c7715ac5e8c3c55e951bd7fa78b1cae06aaaf,64990ea6addff6af93b8eace95fbcf586b8f19e678352f7776dc1bc87a88d58f,0.044734203394418484,0.017826833221333105,0.017141385910300806,0.047625997378338676,-0.9657172289695264,0.026923303710865345
sample_4682,L15-0544E-1228N_2176_3279_13,50176,0.16689253826530612,83b1be9bf54882e0e46172fa609d75357d9f7e5afa684feacf736eb4ac6a0072,64990ea6addff6af93b8eace95fbcf586b8f19e678352f7776dc1bc87a88d58f,1.0625955235373756,0.30628377916833677,0.04400885252790449,0.11414499333333228,-0.9119822951632315,0.06664739194970026
sample_4683,L15-1848E-0793N_7394_5018_13,50176,0.005221619897959184,41120604b05acee5707f515a230e3fc2b12189a36d8d2d512a69a4e857d0c01e,64990ea6addff6af93b8eace95fbcf586b8f19e678352f7776dc1bc87a88d58f,0.02912727252427419,0.009209336264868834,0.002973714540474953,0.00859185122631257,-0.9940525714916192,0.0045825449119770816
sample_4684,L15-1276E-1107N_5105_3761_13,50176,0.012535873724489796,b8dc3096764108b730baa5bc3da95581b9ba1a28cd699434223a2549e77f4b80,64990ea6addff6af93b8eace95fbcf586b8f19e678352f7776dc1bc87a88d58f,0.10117372164608263,0.02441230039170631,0.004661546064996902,0.013768453024184783,-0.9906769084387277,0.0073821924271611225
sample_4685,L15-1748E-1247N_6993_3202_13,50176,0.008410395408163265,c442d5ff83ce79e4151e4c61222613c2501cf060699810b7dda105eacfa3aaa7,64990ea6addff6af93b8eace95fbcf586b8f19e678352f7776dc1bc87a88d58f,0.05030030863441478,0.015472630979542181,0.002832969067361662,0.00894812811764599,-0.9943340630361264,0.004600127242325896
sample_4686,L15-1210E-1025N_4840_4088_13,50176,0.07973931760204081,8bfd6668fed4b0c801c229ea5c540331f14e98496f613e4fc3e444dea416d271,64990ea6addff6af93b8eace95fbcf586b8f19e678352f7776dc1bc87a88d58f,0.29660549831054844,0.1435373367224994,0.05656986312265983,0.1627730416260624,-0.8868602737798347,0.09249334995168673
sample_4687,L15-0544E-1228N_2176_3279_13,50176,0.19553172831632654,1763fce44546f3478173800b183f73a0d68ef9be54aef901d2d91147dda76f8a,64990ea6addff6af93b8eace95fbcf586b8f19e678352f7776dc1bc87a88d58f,1.1196402925753013,0.35439197529080285,0.0504363278195509,0.13358308315465003,-0.8991273444158172,0.07724784684351065
sample_4688,L15-1210E-1025N_4840_4088_13,50176,0.06409438775510204,f7fe1bb9594b836fffee3ac83a9243cee29e6383a428e24eb4e2aa49747bb091,64990ea6addff6af93b8eace95fbcf586b8f19e678352f7776dc1bc87a88d58f,0.21396318842948436,0.10314527921401481,0.06064770790173349,0.1322835379585737,-0.8787045849403049,0.08405402272889001
sample_4689,L15-1185E-0935N_4742_4450_13,50176,0.07364078443877552,30f540d521bcfba197b42def5fb4b374852ce4fcc54056a74bcfefb974fc7b09,64990ea6addff6af93b8eace95fbcf586b8f19e678352f7776dc1bc87a88d58f,0.286891825833123,0.12949235242579682,0.05296783010969509,0.1372443165816566,-0.8940643403358227,0.08076209735749316
sample_4690,L15-1748E-1247N_6993_3202_13,50176,0.006696428571428571,6016d2144a20a4fdf9ee043863ad92d0048a437741730f7ba12c9a9a0ca0d85b,64990ea6addff6af93b8eace95fbcf586b8f19e678352f7776dc1bc87a88d58f,0.03539737145096848,0.012364161870062132,0.006403728730368371,0.017646995882335165,-0.9871925429007159,0.009835377097094521
sample_4691,L15-1185E-0935N_4742_4450_13,50176,0.16185028698979592,41631147223b9e0ae659c5e84ae4783cb98e9c48deb9524a0d8e260bbcad0c44,64990ea6addff6af93b8eace95fbcf586b8f19e678352f7776dc1bc87a88d58f,0.5376947383186209,0.273367107447775,0.11713451788789231,0.2759287516890884,-0.7657309642821294,0.17257541436926355
sample_4692,L15-1185E-0935N_4742_4450_13,50176,0.15146683673469388,8e314b6a7d1d275ce0567d9d11672a64931026ba6386a33785398db4b8e67bd1,64990ea6addff6af93b8eace95fbcf586b8f19e678352f7776dc1bc87a88d58f,0.5422548500651184,0.24647464373867317,0.09519508054327903,0.22206027979524595,-0.8096098390147961,0.1382809982247785
sample_4693,L15-1748E-1247N_6993_3202_13,50176,0.017617984693877552,34131338d38bb4341322b8aa7501d27978bb37064a29c9d5adee78a878a24e2a,64990ea6addff6af93b8eace95fbcf586b8f19e678352f7776dc1bc87a88d58f,0.06706401698888069,0.02973918208522369,0.01479823281513337,0.03643677468073992,-0.9704035351503333,0.021767064202256013
sample_4694,L15-1276E-1107N_5105_3761_13,50176,0.01153938137755102,1b298c11c3dda2ea10eb5fdcd63324983a4cc8a77f9492c54479e7f0cf08fb59,64990ea6addff6af93b8eace95fbcf586b8f19e678352f7776dc1bc87a88d58f,0.09494242001959013,0.021846491078525036,0.004378368819075428,0.011583231384370592,-0.9912432631918368,0.006523694501821524
sample_4695,L15-1014E-1375N_4056_2688_13,50176,0.0887874681122449,56e05622d63097efbc95382ff4f68145764f8f0a2d3777e720b62b18a85c4c71,64990ea6addff6af93b8eace95fbcf586b8f19e678352f7776dc1bc87a88d58f,0.30702251366977995,0.1455251403558113,0.06619944479150165,0.15193141459054535,-0.8676011102604828,0.09496081266937928
sample_4696,L15-1848E-0793N_7394_5018_13,50176,0.0030691964285714285,daede069d703460dc1275e43c772caa2a215db963efcbfa2dc4eef610aab241d,64990ea6addff6af93b8eace95fbcf586b8f19e678352f7776dc1bc87a88d58f,0.009930901923937844,0.005404256207898975,0.006297733877044247,0.016147426900520616,-0.9874045328161448,0.009329431357081133
sample_4697,L15-1185E-0935N_4742_4450_13,50176,0.1405452806122449,5e5a7d4b6f1c1f295379952a4cc76890f6b5b9c90bdfe822b78530fb14f131ef,64990ea6addff6af93b8eace95fbcf586b8f19e678352f7776dc1bc87a88d58f,0.5016120428798472,0.23178990390473045,0.08646333911598716,0.20696711200801976,-0.8270733220431028,0.12745691721722371
sample_4698,L15-1210E-1025N_4840_4088_13,50176,0.02369658801020408,437ffb1d929e10fcfb2447143b852680040c5fb301edd378e3d170c5b424381c,64990ea6addff6af93b8eace95fbcf586b8f19e678352f7776dc1bc87a88d58f,0.10035658137541026,0.04411732346186819,0.03094974332679139,0.09342244266900238,-0.9381005137699684,0.05073899934468466
sample_4699,L15-1138E-1216N_4553_3325_13,50176,0.0699936224489796,dbcd36a016d22b64b698ea94c6d9c55b6d61c0901be11c9e27a0424f201c0b84,64990ea6addff6af93b8eace95fbcf586b8f19e678352f7776dc1bc87a88d58f,0.32745334881614646,0.12633804817684693,0.039632380581270825,0.10553004162682798,-0.920735239275802,0.061341814918181505
sample_4700,L15-0368E-1245N_1474_3210_13,50176,0.27150430484693877,2961613da352996746894c35571b5d34ce6added360b9fd1436cd7467de11124,64990ea6addff6af93b8eace95fbcf586b8f19e678352f7776dc1bc87a88d58f,1.185759538809449,0.44411719684735457,0.10829237157155816,0.24514116547337925,-0.7834152570873032,0.15455464549530656
sample_4701,L15-1389E-1284N_5557_3054_13,50176,0.014787946428571428,2d10ebdeb45b176f66722c57e5b059a508622d53d51ed3fc497d376fb0436d70,64990ea6addff6af93b8eace95fbcf586b8f19e678352f7776dc1bc87a88d58f,0.06374035732989515,0.026768712114187566,0.010961945374182672,0.02865394963312594,-0.9780761096517773,0.01688436857316402
sample_4702,L15-1138E-1216N_4553_3325_13,50176,0.17069913903061223,5ae2c7f4994f9f2950d26e034478ee5ef1cabf86a25ee597c2c7f8923ac46b7d,64990ea6addff6af93b8eace95fbcf586b8f19e678352f7776dc1bc87a88d58f,0.6234260183540293,0.2805391995809305,0.10570716001544794,0.24686629973629837,-0.7885856800652657,0.15376306248845065
sample_4703,L15-0566E-1185N_2265_3451_13,50176,3.985969387755102e-05,daede069d703460dc1275e43c772caa2a215db963efcbfa2dc4eef610aab241d,64990ea6addff6af93b8eace95fbcf586b8f19e678352f7776dc1bc87a88d58f,0.00037191786610287636,8.55218831563915e-05,0.00029964966946566593,0.0015362861406969758,-0.9994007015136162,0.000566122635304725
sample_4704,L15-1210E-1025N_4840_4088_13,50176,0.0013352997448979591,421d6f4f24f6c2466516781ffd936d3a6200309df6c68df5dce6f3bce71a7133,64990ea6addff6af93b8eace95fbcf586b8f19e678352f7776dc1bc87a88d58f,0.010120937227339272,0.0027483569678612547,0.0016733150803293958,0.007120591068892813,-0.9966533707528119,0.0029903954984743654
sample_4705,L15-1138E-1216N_4553_3325_13,50176,0.07112962372448979,312c398b0edfc48335c539d59d4316d74d85c071572a7cd44a6e63574a1e66db,64990ea6addff6af93b8eace95fbcf586b8f19e678352f7776dc1bc87a88d58f,0.460318309716898,0.12781407665594632,0.045416189311309814,0.11666214756047785,-0.9091676218071543,0.06830126767988864
sample_4706,L15-0358E-1220N_1433_3310_13,50176,0.05488679846938776,de0ae29256f3cf2639211f87e372ddabbedc6829a9b36f9e5faffa601a72c728,64990ea6addff6af93b8eace95fbcf586b8f19e678352f7776dc1bc87a88d58f,0.2615159499008193,0.09247053163724138,0.028128607446869493,0.06502040316250993,-0.9437427843228843,0.04017996728120069
sample_4707,L15-1138E-1216N_4553_3325_13,50176,0.0594108737244898,a6dbced23f2054c36e7394dfc55a98508f480c3ada0d0f30a6ca56d49dd27e87,64990ea6addff6af93b8eace95fbcf586b8f19e678352f7776dc1bc87a88d58f,0.3386578378805337,0.10833160696233146,0.04476828943481859,0.11608851145636156,-0.9104634217597546,0.0678033718460128
sample_4708,L15-1748E-1247N_6993_3202_13,50176,0.02002949617346939,20a669c9cf2fbab8ac731842cb271dddd1d2cbfc55f2f14828e26e96eb3d5668,64990ea6addff6af93b8eace95fbcf586b8f19e678352f7776dc1bc87a88d58f,0.05839713769047373,0.030832738601886116,0.01696935820046394,0.04106785623723463,-0.9660612844598522,0.02455866953253561
sample_4709,L15-1138E-1216N_4553_3325_13,50176,0.1717155612244898,52761540e13e6be33a3f889f483a0231498668fd5e239186e2cc8b8c6ea60aa6,64990ea6addff6af93b8eace95fbcf586b8f19e678352f7776dc1bc87a88d58f,0.6621123236466828,0.2862397970231039,0.09906336853081095,0.2369169365551704,-0.8018732630174354,0.1461439515187138
sample_4710,L15-0368E-1245N_1474_3210_13,50176,0.17219387755102042,ac2be6f8231b32d74e003ee9f44d86f50074dc5511a8112466015f30283483ec,64990ea6addff6af93b8eace95fbcf586b8f19e678352f7776dc1bc87a88d58f,0.5695188967645934,0.25928804503381225,0.08106170864704502,0.17082576300373242,-0.8378765819392922,0.11070935786778968
sample_4711,L15-0358E-1220N_1433_3310_13,50176,0.06558912627551021,4dd29411249fa562ff9bf79a068f0b3ea9a38d19cd7c75896da5dd6602d80b6d,64990ea6addff6af93b8eace95fbcf586b8f19e678352f7776dc1bc87a88d58f,0.25369499534258505,0.1046231211176964,0.04322451264098553,0.09730884461837667,-0.9135509742801527,0.06096672569230745
sample_4712,L15-1748E-1247N_6993_3202_13,50176,0.014229910714285714,770396b9872e54e95067caafc334735f25b92d0f5b8410ff8b606fae255eac30,64990ea6addff6af93b8eace95fbcf586b8f19e678352f7776dc1bc87a88d58f,0.05143670007715938,0.023559953278463188,0.012180927315280221,0.030317379079760853,-0.9756381460137605,0.017874241025352455
sample_4713,L15-0566E-1185N_2265_3451_13,50176,3.985969387755102e-05,daede069d703460dc1275e43c772caa2a215db963efcbfa2dc4eef610aab241d,64990ea6addff6af93b8eace95fbcf586b8f19e678352f7776dc1bc87a88d58f,0.00020271307790723742,7.602261021617792e-05,0.00012245340206261192,0.0007575576672274649,-0.9997550938955784,0.0002273317683881712
sample_4714,L15-1276E-1107N_5105_3761_13,50176,0.010064572704081632,8b8e2f4d33eeef99d76350bb42f2c2c6be1a8cd1c4f366a350d48774706a0a2b,64990ea6addff6af93b8eace95fbcf586b8f19e678352f7776dc1bc87a88d58f,0.0827059413501623,0.019289262930436493,0.003646952341244157,0.010982200681274206,-0.9927060959489551,0.005823686047609807
sample_4715,L15-1014E-1375N_4056_2688_13,50176,0.09175701530612244,221444d8b1d8a49791799e4ac4a95a7c467f49d03e243c0090f54cf48df068c9,64990ea6addff6af93b8eace95fbcf586b8f19e678352f7776dc1bc87a88d58f,0.3268633605006456,0.1477508553306967,0.06768845848511068,0.15159678536861151,-0.8646230829228859,0.09571867429253875
sample_4716,L15-0566E-1185N_2265_3451_13,50176,0.0,daede069d703460dc1275e43c772caa2a215db963efcbfa2dc4eef610aab241d,64990ea6addff6af93b8eace95fbcf586b8f19e678352f7776dc1bc87a88d58f,0.00011939186722448266,3.769704648999835e-06,0.00011841267138263401,0.000817173954380747,-0.999763175436929,0.00023305563811626832
sample_4717,L15-1276E-1107N_5105_3761_13,50176,0.017538265306122448,b7670ba88ab2e4aa2e5b012aae534d3ca1dd182010b2d77d9c2cd5561965c99a,64990ea6addff6af93b8eace95fbcf586b8f19e678352f7776dc1bc87a88d58f,0.10978197991749816,0.03358510743878065,0.011757499727239946,0.03173033452114671,-0.9764850010021024,0.017999907621409145
sample_4718,L15-1276E-1107N_5105_3761_13,50176,0.008669483418367346,bc00d5ebcd5318b4249b90b8effd90d66fd7efbbc3509e6eb6a9e26f00fdbb69,64990ea6addff6af93b8eace95fbcf586b8f19e678352f7776dc1bc87a88d58f,0.0728758338160484,0.01645771806376228,0.003088704964896778,0.009605469743809422,-0.993822591323415,0.00491851941703126
sample_4719,L15-0544E-1228N_2176_3279_13,50176,0.18034518494897958,00af1348626291b025b5077167797d28eff7493a29a15833c120e5197f584bc9,64990ea6addff6af93b8eace95fbcf586b8f19e678352f7776dc1bc87a88d58f,1.1105502009570702,0.32062246954501816,0.05571581670843369,0.135722158430584,-0.8885683668972361,0.08168327050542985
sample_4720,L15-1276E-1107N_5105_3761_13,50176,0.01833545918367347,7747d6fe4405898fce1f713d1d2354fb15862f83bff9edd0789acc0622aa37aa,64990ea6addff6af93b8eace95fbcf586b8f19e678352f7776dc1bc87a88d58f,0.12395653304691953,0.03441385207558741,0.007056599270257795,0.020069375408206115,-0.9858868019702306,0.011031104352516943
sample_4721,L15-0544E-1228N_2176_3279_13,50176,0.15529336734693877,a47866669158949983742ab8c3e22c384a3af049d11e62a976e002b6bfd08945,64990ea6addff6af93b8eace95fbcf586b8f19e678352f7776dc1bc87a88d58f,0.8312810132477949,0.27505365366571477,0.050145473699465544,0.12880765500894695,-0.8997090528992885,0.0756467680814248
sample_4722,L15-0368E-1245N_1474_3210_13,50176,0.2568359375,ba0bfc8b599e0b625873e9106efae50f6409df32c8ac14fd08cb0049dc27d52d,64990ea6addff6af93b8eace95fbcf586b8f19e678352f7776dc1bc87a88d58f,1.1635858433487742,0.4215025124007072,0.09713901257931198,0.22029382821100968,-0.8057219747196878,0.13858027678101295
sample_4723,L15-1185E-0935N_4742_4450_13,50176,0.14951371173469388,f59bb869cdecab1205d979985a4ddeb8d0bd5950330c01296155f799c97c3790,64990ea6addff6af93b8eace95fbcf586b8f19e678352f7776dc1bc87a88d58f,0.5151294804249676,0.23766580872434723,0.10349595470220915,0.23458172604961688,-0.7930080905344042,0.1476722259620829
sample_4724,L15-0368E-1245N_1474_3210_13,50176,0.2770846619897959,a5bfac1e328edf816ca0552ba61c49110c085286b786bb1f2b95dfbdf7f1e3c2,64990ea6addff6af93b8eace95fbcf586b8f19e678352f7776dc1bc87a88d58f,1.1665243126263611,0.44960209035373583,0.11266641467405787,0.2531243864848158,-0.7746671706175229,0.1600824680185703
sample_4725,L15-0368E-1245N_1474_3210_13,50176,0.17189492984693877,5c834618481e2d8f7895fb7921395a3e58c27c21d7c729105bd827e62d2f2b2b,64990ea6addff6af93b8eace95fbcf586b8f19e678352f7776dc1bc87a88d58f,0.5877373845877573,0.2628613640057584,0.07762282588566673,0.1637679101884525,-0.8447543470953198,0.10587155797376571
sample_4726,L15-1185E-0935N_4742_4450_13,50176,0.16655373086734693,536c51160791dbe69e40ad5650d1cd15c14e217c8c2305f24065e3f2b0f4517e,64990ea6addff6af93b8eace95fbcf586b8f19e678352f7776dc1bc87a88d58f,0.5743170655846662,0.2803940296290913,0.10939960218181986,0.26189822832243626,-0.7812007958556417,0.16243943268178918
sample_4727,L15-1014E-1375N_4056_2688_13,50176,0.1512874681122449,983497b843d64f32a0e51424fda3fd096e8033141941e9d0146d8a199163cf53,64990ea6addff6af93b8eace95fbcf586b8f19e678352f7776dc1bc87a88d58f,0.6061242055464942,0.2563388042310246,0.06354981616771381,0.15283308782408295,-0.872900367161669,0.09330374704812458
sample_4728,L15-1138E-1216N_4553_3325_13,50176,0.05626195790816327,86a300a922f8fddc7fe0f2a130ac373014e100d9ea47745b00f24adedd6008f2,64990ea6addff6af93b8eace95fbcf586b8f19e678352f7776dc1bc87a88d58f,0.41526359262794227,0.10598244370630658,0.02138971825895299,0.058737596111427294,-0.9572205646922277,0.033094890101943095
sample_4729,L15-0544E-1228N_2176_3279_13,50176,0.15080915178571427,1f81811a6ee070c4a15adef19731a1748fd250e2aa4ceac4a7c2f4fc983f8672,64990ea6addff6af93b8eace95fbcf586b8f19e678352f7776dc1bc87a88d58f,0.8448954679293444,0.27252105913801883,0.045618073128600965,0.12028662329842585,-0.9087638541334603,0.06959804496924121
sample_4730,L15-1848E-0793N_7394_5018_13,50176,0.002551020408163265,daede069d703460dc1275e43c772caa2a215db963efcbfa2dc4eef610aab241d,64990ea6addff6af93b8eace95fbcf586b8f19e678352f7776dc1bc87a88d58f,0.008780480084328659,0.004314749195602064,0.0024273886430856524,0.007268284173172695,-0.9951452234720574,0.0038176261084673967
sample_4731,L15-1138E-1216N_4553_3325_13,50176,0.05084103954081633,82a08a8b1e0bb8527cbdd642216d12a93ba5d3c6675210813e6d6948ac8304d2,64990ea6addff6af93b8eace95fbcf586b8f19e678352f7776dc1bc87a88d58f,0.32938962209133443,0.09448760604869441,0.02645129568955614,0.06792922758493333,-0.9470974089262458,0.03988472354212134
sample_4732,L15-1014E-1375N_4056_2688_13,50176,0.15449617346938777,6069c19b6a6a7a41b0962e4113879af6d706079aae9550b606023a12ee0e4692,64990ea6addff6af93b8eace95fbcf586b8f19e678352f7776dc1bc87a88d58f,0.5917512025132572,0.25729651544747806,0.07497068351771378,0.17383704960041363,-0.8500586328116871,0.10812051477038488
sample_4733,L15-0358E-1220N_1433_3310_13,50176,0.06461256377551021,4dd72013ba9494f034d785ffe401e3a54865039bccce114a34a0de4b18adfe8f,64990ea6addff6af93b8eace95fbcf586b8f19e678352f7776dc1bc87a88d58f,0.25053905740583304,0.103014341685204,0.040972048420297474,0.0920153624966445,-0.9180559027231937,0.05756949370783012
sample_4734,L15-1276E-1107N_5105_3761_13,50176,0.07694913903061225,d5f6d2aac312b6dbeaa7e65edc97cf11d891475d7821937b3b653bfa70811f7b,64990ea6addff6af93b8eace95fbcf586b8f19e678352f7776dc1bc87a88d58f,0.3485830186795376,0.13581666622382724,0.06375257632984989,0.1357403910193235,-0.8724948477087167,0.08732518377344725
sample_4735,L15-0358E-1220N_1433_3310_13,50176,0.11427774234693877,993f918f7122021abbee972c619e11e7c397daf72c1233461c92b28e5f94d550,64990ea6addff6af93b8eace95fbcf586b8f19e678352f7776dc1bc87a88d58f,0.38829638122328847,0.1776492482511795,0.07112015444281682,0.1541562665072253,-0.8577596900015084,0.0986702585145858
sample_4736,L15-0544E-1228N_2176_3279_13,50176,0.1961296237244898,6020c30bf0f36241c085789653b2099ba16c7fa9f6a8de37497274e7468e135e,64990ea6addff6af93b8eace95fbcf586b8f19e678352f7776dc1bc87a88d58f,1.1399429495143414,0.3520607747652832,0.04522274826933649,0.11060741881457015,-0.9095545038665084,0.06614391793629709
sample_4737,L15-0358E-1220N_1433_3310_13,50176,0.11162707270408163,993f918f7122021abbee972c619e11e7c397daf72c1233461c92b28e5f94d550,64990ea6addff6af93b8eace95fbcf586b8f19e678352f7776dc1bc87a88d58f,0.3823556363971624,0.17477733833808848,0.06688435999581552,0.1480080683726588,-0.8662312788739294,0.09380883138778363
sample_4738,L15-1185E-0935N_4742_4450_13,50176,0.08763153698979592,24d255f54c78476864229d2f1e2a80795755812217e8d91cc590d02ad62fb136,64990ea6addff6af93b8eace95fbcf586b8f19e678352f7776dc1bc87a88d58f,0.3153920666976129,0.14954867342015066,0.05951997390900719,0.15074922324540116,-0.8809600523967153,0.08967959803392485
sample_4739,L15-1210E-1025N_4840_4088_13,50176,0.007314253826530612,50c152268d904c5123cb34a4189a823fe0dbc5dfcfc603a346882afb13a092a1,64990ea6addff6af93b8eace95fbcf586b8f19e678352f7776dc1bc87a88d58f,0.045659580876985476,0.017760267275209678,0.01899211844120517,0.053721400889146446,-0.9620157640954937,0.029796430250649535
sample_4740,L15-1185E-0935N_4742_4450_13,50176,0.15236367984693877,3aeed8b3fd4d1ed6b22531fc5bf4099a7d27e6ca518f0f72639d4cc0fe5aa421,64990ea6addff6af93b8eace95fbcf586b8f19e678352f7776dc1bc87a88d58f,0.5701626904087619,0.25134816166161295,0.08301204162868386,0.19720465456147485,-0.8339759169415116,0.1213685214702144
sample_4741,L15-1210E-1025N_4840_4088_13,50176,0.009426817602040817,a75ce6c0c49c63948d0919855ff86985379187dd0e7345ffa67c9caaae0ba601,64990ea6addff6af93b8eace95fbcf586b8f19e678352f7776dc1bc87a88d58f,0.04662370460193988,0.019877481218870254,0.021105842165915028,0.05723487761189892,-0.9577883165412415,0.03225808290948169
sample_4742,L15-1014E-1375N_4056_2688_13,50176,0.15377869897959184,983497b843d64f32a0e51424fda3fd096e8033141941e9d0146d8a199163cf53,64990ea6addff6af93b8eace95fbcf586b8f19e678352f7776dc1bc87a88d58f,0.6721091500281339,0.2593735019461438,0.0640697291961928,0.14906771408019218,-0.8718605409948255,0.09229937981483084
sample_4743,L15-1185E-0935N_4742_4450_13,50176,0.08031728316326531,4dc016c4cadd6c806e8d1b197c679928153c81f0337913cc71b7792d5e421380,64990ea6addff6af93b8eace95fbcf586b8f19e678352f7776dc1bc87a88d58f,0.2872033979928409,0.1368891431611353,0.06653007834660346,0.16608798064273264,-0.8669398436259576,0.09956042205625318
sample_4744,L15-1185E-0935N_4742_4450_13,50176,0.09097975127551021,717a6658ccb11401924668955bea6c295909646e7b56e1c077b6904abc2a5ba6,64990ea6addff6af93b8eace95fbcf586b8f19e678352f7776dc1bc87a88d58f,0.34816136794836083,0.1564560801487866,0.08602009007673976,0.19813046459259537,-0.8279598198839958,0.12327058783609615
sample_4745,L15-0544E-1228N_2176_3279_13,50176,0.1992984693877551,0e2f03d2bd511920b041e2ab2b204f349539d5fadeea9526b5ff112fd3ea1c24,64990ea6addff6af93b8eace95fbcf586b8f19e678352f7776dc1bc87a88d58f,1.1337711699262074,0.35090737011816014,0.0536556877908582,0.12715840924998187,-0.8926886250794955,0.07740289566989492
sample_4746,L15-0358E-1220N_1433_3310_13,50176,0.010861766581632654,9f00bb904973999b438b360d2c5d50e40d655ea1be907f193da78cd8b39fa9da,64990ea6addff6af93b8eace95fbcf586b8f19e678352f7776dc1bc87a88d58f,0.0738550782737088,0.020857055361715764,0.003294912139571519,0.009963248731630266,-0.9934101763163712,0.005289305150523312
sample_4747,L15-1210E-1025N_4840_4088_13,50176,0.08027742346938775,40d79589901c445ff24078f9e066922cc257cb8e36b116bd450dfde4f190984d,64990ea6addff6af93b8eace95fbcf586b8f19e678352f7776dc1bc87a88d58f,0.3023008590901482,0.14395883254299432,0.057495526489516606,0.16273959147174025,-0.8850089470564121,0.0929881589096576
sample_4748,L15-1210E-1025N_4840_4088_13,50176,0.07834422831632654,e18b77f33a6a4f8503bbe85c79e04ed17089774195a0fcbec175495a8e6a5d4d,64990ea6addff6af93b8eace95fbcf586b8f19e678352f7776dc1bc87a88d58f,0.2856060373436786,0.1427861858372701,0.06940933449279364,0.19036287930275858,-0.8611813310712354,0.11081916632805554
sample_4749,L15-1389E-1284N_5557_3054_13,50176,0.03176817602040816,ba32a5811709eaf4bf3715d0b9bc59ea09d3155170491969b56679cb499db57e,64990ea6addff6af93b8eace95fbcf586b8f19e678352f7776dc1bc87a88d58f,0.10795244675337685,0.050862917123193914,0.022127556480343778,0.050526294516505,-0.9557448870115746,0.03152196681957864
sample_4750,L15-0544E-1228N_2176_3279_13,50176,0.2030652104591837,8c24825926c9bcc2597eea9c63e5d315dd6bec9d3d27ae4f5a0398c9dc6250f1,64990ea6addff6af93b8eace95fbcf586b8f19e678352f7776dc1bc87a88d58f,1.098793489753017,0.3625328105234137,0.04762805609997096,0.11844185167073551,-0.9047438881672841,0.07032056439818869
sample_4751,L15-1210E-1025N_4840_4088_13,50176,0.006576849489795918,538ef49b0b6bbc343d3dba62640c3f92356c8fd6da57ff8b94a54f397b510a08,64990ea6addff6af93b8eace95fbcf586b8f19e678352f7776dc1bc87a88d58f,0.03931953584707361,0.015270569481868277,0.012283796718942799,0.03569887833004705,-0.9754324073548449,0.019685601729743284
sample_4752,L15-1389E-1284N_5557_3054_13,50176,0.021424585459183673,1dc47682000360489a50c084a31fe3435d718b4f16a48aae90bf66838ae9fa93,64990ea6addff6af93b8eace95fbcf586b8f19e678352f7776dc1bc87a88d58f,0.08439879499593654,0.03768575378207722,0.014008950126091284,0.03603928108963992,-0.9719821002113104,0.021524793518813704
sample_4753,L15-1389E-1284N_5557_3054_13,50176,0.08229033801020408,ef925e41841161a58022545ac617926b1dbf4644372aaaeba65f196f738a4a78,64990ea6addff6af93b8eace95fbcf586b8f19e678352f7776dc1bc87a88d58f,0.39213297993874524,0.14224368472078905,0.036263421841906576,0.08596757577228858,-0.9274731560058493,0.05273213242226204
sample_4754,L15-1848E-0793N_7394_5018_13,50176,0.006875797193877551,41120604b05acee5707f515a230e3fc2b12189a36d8d2d512a69a4e857d0c01e,64990ea6addff6af93b8eace95fbcf586b8f19e678352f7776dc1bc87a88d58f,0.02791013444586198,0.01161864829543494,0.00550898941879978,0.014824611032622797,-0.9889820211715048,0.008332091251727519
sample_4755,L15-0368E-1245N_1474_3210_13,50176,0.17311065051020408,0200596d4cb79e27b56824d33fbc23adaddf8a7fdc75841f8ea16b64367a0e00,64990ea6addff6af93b8eace95fbcf586b8f19e678352f7776dc1bc87a88d58f,0.5975210934355726,0.26470080506630517,0.0866791877125827,0.18102388488537205,-0.8266416238212018,0.1178217954162035
sample_4756,L15-1276E-1107N_5105_3761_13,50176,0.011419802295918368,f3e70949d215ce724c27133ab161c82dd231c45e0292bd1e75f6e92a52e5823f,64990ea6addff6af93b8eace95fbcf586b8f19e678352f7776dc1bc87a88d58f,0.08439284103860796,0.021724918430933306,0.004745355636185529,0.014897107266621995,-0.9905092902485048,0.007689033867489395
sample_4757,L15-1748E-1247N_6993_3202_13,50176,0.011639030612244899,29e660724af1a70a40cec02b69a76726c32fe2fd68516a95466311a8cab42a3f,64990ea6addff6af93b8eace95fbcf586b8f19e678352f7776dc1bc87a88d58f,0.05145109640896796,0.022557378707410727,0.02023951142042761,0.050979249065868,-0.9595209779711797,0.030076660495103668
sample_4758,L15-1185E-0935N_4742_4450_13,50176,0.08237005739795919,ae3bb86326b32f1bbaeba09a55e8e34a4d6b171d8053fe60d7a89ac9c8cb7319,64990ea6addff6af93b8eace95fbcf586b8f19e678352f7776dc1bc87a88d58f,0.3070425849249056,0.1419688823821368,0.05367462776544295,0.1369545437198208,-0.8926507448064213,0.08102127209650371
sample_4759,L15-1210E-1025N_4840_4088_13,50176,0.02491230867346939,1bf0da714ce7bda24bfed44cd7e5bbd69eb197566e93c24b8641892bef20229d,64990ea6addff6af93b8eace95fbcf586b8f19e678352f7776dc1bc87a88d58f,0.1060254658078198,0.04559131836946388,0.0282970938358779,0.08236652586906144,-0.9434058129058908,0.04557710732921941
sample_4760,L15-1138E-1216N_4553_3325_13,50176,0.12892617984693877,0b7af1fc7760c5c643a43b9ebd4d3b3b696d471607ab22ae388e5785b4dfe599,64990ea6addff6af93b8eace95fbcf586b8f19e678352f7776dc1bc87a88d58f,0.47917033736968173,0.21530876270128513,0.07209842888595612,0.1767319995845664,-0.8558031423764105,0.10659613163161494
sample_4761,L15-0544E-1228N_2176_3279_13,50176,0.19989636479591838,47c408863bbbf9cda7282da39a54f318b14698cd8840050bdfc70bb14bdfb6c1,64990ea6addff6af93b8eace95fbcf586b8f19e678352f7776dc1bc87a88d58f,1.0972219262062313,0.349367285136475,0.05539362627314404,0.1316234725317417,-0.8892127478742807,0.080103270087743
sample_4762,L15-1185E-0935N_4742_4450_13,50176,0.14775988520408162,03a389566fabe682145e8e59e623bc0060a06c0a6da45e7655b38660a88427ec,64990ea6addff6af93b8eace95fbcf586b8f19e678352f7776dc1bc87a88d58f,0.5101855939736833,0.23674660488093754,0.09909185028768011,0.2263044083544886,-0.8018162994002495,0.14206754140387212
sample_4763,L15-1276E-1107N_5105_3761_13,50176,0.017538265306122448,c19169d016a87c9f65d2be95ee89cc03bad1c02001756ef9727c68b94fb9d67f,64990ea6addff6af93b8eace95fbcf586b8f19e678352f7776dc1bc87a88d58f,0.12400184012877714,0.03334428133683904,0.007315359840986832,0.019593733206429886,-0.9853692808197816,0.011192369667779875
sample_4764,L15-1748E-1247N_6993_3202_13,50176,0.00839046556122449,17864e066f30710b90b5b19234162834acffbb19531caab55e1ec16872ed5272,64990ea6addff6af93b8eace95fbcf586b8f19e678352f7776dc1bc87a88d58f,0.04166957289668084,0.016766521238638265,0.010378757840953767,0.028786932076574356,-0.979242484867791,0.01615915558254256
sample_4765,L15-0368E-1245N_1474_3210_13,50176,0.2683952487244898,5d6d991d9219c8eef1c7349116d1c6b6452d284aa18a4a46c98fe0e20a87d8f3,64990ea6addff6af93b8eace95fbcf586b8f19e678352f7776dc1bc87a88d58f,1.1261173635646227,0.4393112813053012,0.1138827003424569,0.25848461770132963,-0.7722345990520243,0.16309054836762218
sample_4766,L15-1276E-1107N_5105_3761_13,50176,0.016721141581632654,e2e54cbce6ffed9b76d368d19a79c984d2188f104fe47fd759473176aacc73ff,64990ea6addff6af93b8eace95fbcf586b8f19e678352f7776dc1bc87a88d58f,0.12311430972051939,0.03198075087294491,0.00773395122770144,0.019819560141631828,-0.9845320978858859,0.011482209059870303
sample_4767,L15-1276E-1107N_5105_3761_13,50176,0.07874282525510204,f40cd8180f91eeb6cb95d86f92d477da564d6defd0a018bbe4a96875a2836dbe,64990ea6addff6af93b8eace95fbcf586b8f19e678352f7776dc1bc87a88d58f,0.2935529563453093,0.13547172481922576,0.07745850223297139,0.17175073313139322,-0.8450829958174795,0.10913500149702068
sample_4768,L15-1185E-0935N_4742_4450_13,50176,0.0768295599489796,34a2e823e5ca71063ed8cd3cc22e3b4a250d7a31c9f9c1aa78648220fcb4ed3d,64990ea6addff6af93b8eace95fbcf586b8f19e678352f7776dc1bc87a88d58f,0.26450793473505957,0.12960211703129487,0.061788501263101946,0.15605563287688642,-0.8764229975549753,0.09332723231586369
sample_4769,L15-1389E-1284N_5557_3054_13,50176,0.001913265306122449,df2a9f03cbf805212a61e7510669ab398999bbc55db49a438a2dc9ae6474b258,64990ea6addff6af93b8eace95fbcf586b8f19e678352f7776dc1bc87a88d58f,0.01041224227700266,0.003763834601090114,0.0026103582480276116,0.008003420596052233,-0.9947792840448252,0.004198657954219565
sample_4770,L15-1389E-1284N_5557_3054_13,50176,7.971938775510203e-05,daede069d703460dc1275e43c772caa2a215db963efcbfa2dc4eef610aab241d,64990ea6addff6af93b8eace95fbcf586b8f19e678352f7776dc1bc87a88d58f,0.001953694730622428,0.0005362250957040484,0.0017815160729010037,0.0062852458542301485,-0.9964369685543919,0.003035985801892467
sample_4771,L15-0368E-1245N_1474_3210_13,50176,0.22504783163265307,f54e30b4fac7bf945d3ac2e08745dc0230c3583c774d776a7007583093baeadf,64990ea6addff6af93b8eace95fbcf586b8f19e678352f7776dc1bc87a88d58f,1.089688636751049,0.3664611545746217,0.0968113401880944,0.2151651386939433,-0.8063773191944029,0.13598482903482154
sample_4772,L15-1210E-1025N_4840_4088_13,50176,0.008270886479591837,9cb645f4e8c6c58694d74d83fbe9cb2aa501617c222be9cc884ff37a4155a6a4,64990ea6addff6af93b8eace95fbcf586b8f19e678352f7776dc1bc87a88d58f,0.04450381154566661,0.018416432562135363,0.016051562520798902,0.04492795119886474,-0.9678968759847952,0.025109795563620408
sample_4773,L15-0358E-1220N_1433_3310_13,50176,0.02451371173469388,261aaf36b86ccadde708cc1b1b546a1b5ed8dadde80a76b056bb9b8c47f3296f,64990ea6addff6af93b8eace95fbcf586b8f19e678352f7776dc1bc87a88d58f,0.16685538167475694,0.045921502686947155,0.007931978964455882,0.02138503792398851,-0.9841360423094003,0.012110870291593384
sample_4774,L15-1276E-1107N_5105_3761_13,50176,0.07904177295918367,5c035ab5bce48123a6de4ed8775b3d8346129353a1c20211a992e76d79b268ee,64990ea6addff6af93b8eace95fbcf586b8f19e678352f7776dc1bc87a88d58f,0.2810997656248725,0.13627113433482,0.07942891129226025,0.18238828915687874,-0.8411421774556781,0.11418337251049278
sample_4775,L15-1389E-1284N_5557_3054_13,50176,0.033900669642857144,55ace14d641df6d19712977860c1aeb0fe3ea6a7c26a5fe4b4b6206af1e22d5f,64990ea6addff6af93b8eace95fbcf586b8f19e678352f7776dc1bc87a88d58f,0.11352177353229571,0.05464684613871083,0.02201738563836647,0.05048135115566471,-0.9559652285714019,0.03148690052547558
sample_4776,L15-1014E-1375N_4056_2688_13,50176,0.20159040178571427,1a10179c5729a4e227de13c8d12e0f8c8e37481143700319d7de1b1fa31be60b,64990ea6addff6af93b8eace95fbcf586b8f19e678352f7776dc1bc87a88d58f,0.8848945061067105,0.341222042636438,0.07886667276152923,0.18523176633773084,-0.8422666542294386,0.11416099713737168
sample_4777,L15-1276E-1107N_5105_3761_13,50176,0.020487882653061226,baec265b393217c181c24fe8ac61a69433a35604269985542e8739c5a15bceb9,64990ea6addff6af93b8eace95fbcf586b8f19e678352f7776dc1bc87a88d58f,0.12038256730305759,0.04027560897877293,0.014426064656154081,0.03914027888157872,-0.9711478713721312,0.02230986796235485
sample_4778,L15-0544E-1228N_2176_3279_13,50176,0.2020886479591837,d12e760ba91b1f5cf395a6f45960173fae600d250097f180e6689933d65e422f,64990ea6addff6af93b8eace95fbcf586b8f19e678352f7776dc1bc87a88d58f,1.049633199529915,0.34993088293479285,0.058493105598430774,0.1399361537976388,-0.8830137889293133,0.08479544930203387
sample_4779,L15-1185E-0935N_4742_4450_13,50176,0.07224569515306123,76e80d271ff0529345b7691dc76560320a1095abb1fb53ac751a0a717b29c75d,64990ea6addff6af93b8eace95fbcf586b8f19e678352f7776dc1bc87a88d58f,0.296998977207557,0.12787890291553738,0.052224842249415815,0.13750894379235556,-0.8955503158848962,0.0802974959213356
sample_4780,L15-1210E-1025N_4840_4088_13,50176,0.07826450892857142,9072b70d86991664b04effe7103d682e59d4151e112373c94dafe6000fa64b45,64990ea6addff6af93b8eace95fbcf586b8f19e678352f7776dc1bc87a88d58f,0.2936919312243265,0.13922382317868462,0.058895251531942694,0.16206308973189337,-0.8822094970239955,0.0938635472642904
sample_4781,L15-0566E-1185N_2265_3451_13,50176,0.004065688775510204,e4172248a15468bc39191bb30fadc2a53c724c453122b09a9b63a3b4ae8ddd4b,64990ea6addff6af93b8eace95fbcf586b8f19e678352f7776dc1bc87a88d58f,0.019873999516049907,0.006617733884541525,0.0029892851800505755,0.008214272650560378,-0.994021430069825,0.004528144583451507
sample_4782,L15-1014E-1375N_4056_2688_13,50176,0.08340640943877552,948daee06773480dc8db178a55af017aa4bcd7d88ae17859b59e4bff47a504c1,64990ea6addff6af93b8eace95fbcf586b8f19e678352f7776dc1bc87a88d58f,0.28820803829113156,0.13843410407973739,0.06477427702843763,0.14880710470965958,-0.8704514453454446,0.09309372645418723
sample_4783,L15-1185E-0935N_4742_4450_13,50176,0.16916454081632654,452d517acc8d947532aa07696abe0fd70075ee409990a8310514ffbb00b5c981,64990ea6addff6af93b8eace95fbcf586b8f19e678352f7776dc1bc87a88d58f,0.5513656027608624,0.277828475218615,0.12141081871944764,0.277460669866864,-0.7571783625992907,0.1753466887843441
sample_4784,L15-0368E-1245N_1474_3210_13,50176,0.17633928571428573,118b3a67711aaf4ab621d0c63809f2577387c47158fe48e0fd64feba7ec2a7df,64990ea6addff6af93b8eace95fbcf586b8f19e678352f7776dc1bc87a88d58f,0.606740777159333,0.2687213195890162,0.08760313925984296,0.1821915912912072,-0.8247937206905714,0.1187201054692153
sample_4785,L15-1210E-1025N_4840_4088_13,50176,0.023098692602040817,f6eaf45c9f48728e709ca0064ac92c8342fb494eae3fb2a195e267bd1bb0bd41,64990ea6addff6af93b8eace95fbcf586b8f19e678352f7776dc1bc87a88d58f,0.10258773206707279,0.04405297758257213,0.027110315361582885,0.08020761212558575,-0.9457793698817061,0.04418494613174436
sample_4786,L15-0544E-1228N_2176_3279_13,50176,0.16133211096938777,f8d436f9e160279f9938e1006d741f163a29dd6ef425fbd8b08047aac5fee065,64990ea6addff6af93b8eace95fbcf586b8f19e678352f7776dc1bc87a88d58f,0.8427886466468829,0.2874786648927141,0.05397491627349043,0.1376152189240353,-0.8920501680181104,0.08085190795671272
sample_4787,L15-1276E-1107N_5105_3761_13,50176,0.07314253826530612,c6d06f6af9704d3d59eef1f2752e84fd9721137a52aa8056bbac0a2ea9861d43,64990ea6addff6af93b8eace95fbcf586b8f19e678352f7776dc1bc87a88d58f,0.3102333914014938,0.13050607222375976,0.05734247977284677,0.13642065412362964,-0.8853150408389201,0.08389720066681541
sample_4788,L15-0368E-1245N_1474_3210_13,50176,0.2734375,ec13645ec3f13e16a5b8375a2434c4d31ec217adffbde612bde0de81d75cd94b,64990ea6addff6af93b8eace95fbcf586b8f19e678352f7776dc1bc87a88d58f,1.1592879208290687,0.4441881654551937,0.11010188675765899,0.2508135520444786,-0.7797962263898379,0.15784286279138343
sample_4789,L15-1014E-1375N_4056_2688_13,50176,0.08304767219387756,05b2e11d7966a26e3220137f3c95a2d08ed0251d51baa5c760c860565c161039,64990ea6addff6af93b8eace95fbcf586b8f19e678352f7776dc1bc87a88d58f,0.28784790318794645,0.1353220344357496,0.06164319207179075,0.1407267936791828,-0.8767136155061064,0.08805628335794312
sample_4790,L15-1210E-1025N_4840_4088_13,50176,0.07252471301020408,feb33baecf316eab326686d213b592800177e2bb12bcb46f064d72eac57327c1,64990ea6addff6af93b8eace95fbcf586b8f19e678352f7776dc1bc87a88d58f,0.24740457000413973,0.11324660371302385,0.05633593777703045,0.12305106743601345,-0.8873281250455562,0.07799917323390652
sample_4791,L15-0566E-1185N_2265_3451_13,50176,0.002969547193877551,1706b9164e7060a4a2cd1520b965b41282ef99addb275a90aaabf6475522d5d2,64990ea6addff6af93b8eace95fbcf586b8f19e678352f7776dc1bc87a88d58f,0.007613722606474881,0.004323267810211301,0.0024312593337452535,0.0067722665342953335,-0.9951374818455376,0.0037017629500253816
sample_4792,L15-1210E-1025N_4840_4088_13,50176,0.024453922193877552,19ccd8c1f2fdcc8d3fa78317ddae1c95429e93a6353b1dfaaf041850dc679801,64990ea6addff6af93b8eace95fbcf586b8f19e678352f7776dc1bc87a88d58f,0.10757552914556771,0.045700932872193734,0.02996862998911731,0.08647738817635933,-0.9400627407121775,0.048045028767264235
sample_4793,L15-1210E-1025N_4840_4088_13,50176,0.006018813775510204,9e68a238cae104086c438099c344ad96b812cf9998643529d87623b5f76d6e3d,64990ea6addff6af93b8eace95fbcf586b8f19e678352f7776dc1bc87a88d58f,0.03646977370056165,0.013572773515636757,0.010586823210861457,0.032704134061347416,-0.9788263543386486,0.017468480663099563
sample_4794,L15-0544E-1228N_2176_3279_13,50176,0.12517936862244897,8d5deb747e4e69660d57c7398e9e69c9535617631ff362bc63d6cbdfdab3ee17,64990ea6addff6af93b8eace95fbcf586b8f19e678352f7776dc1bc87a88d58f,0.8582987891268508,0.23511536379432368,0.03205763451797811,0.08530825857139697,-0.9358847314165454,0.049143361666097965
sample_4795,L15-0544E-1228N_2176_3279_13,50176,0.2049984056122449,723f614deaafbf767a3e61c97d56eecfb02191cf39f2b49bae77cc3c3e2b23b4,64990ea6addff6af93b8eace95fbcf586b8f19e678352f7776dc1bc87a88d58f,1.130238083846747,0.36091692160541244,0.055940873046614686,0.13617159214160038,-0.8881182543486056,0.08186995548247195
sample_4796,L15-1389E-1284N_5557_3054_13,50176,0.08643574617346939,ec5e91c6d27a0b736d91c511ae8f281c94342a10b9b4efd87ce8314cad30d979,64990ea6addff6af93b8eace95fbcf586b8f19e678352f7776dc1bc87a88d58f,0.3686921124811051,0.14639890655779722,0.04730359810922409,0.10870263953973647,-0.9053928031043756,0.06787539344721216
sample_4797,L15-1185E-0935N_4742_4450_13,50176,0.1433952487244898,b4a4c0e6a91891aeff8a3047f1bfea7996b75f9cc3853b91cffbbf102170ebad,64990ea6addff6af93b8eace95fbcf586b8f19e678352f7776dc1bc87a88d58f,0.5374578723422578,0.23697390917684116,0.09001603011369744,0.21050018246568333,-0.8199679402426242,0.13074400217335205
sample_4798,L15-1138E-1216N_4553_3325_13,50176,0.16946348852040816,5baffea9b6b16b76393aab364e4a4059cc84b8b935fbd5979dbe055144940bdd,64990ea6addff6af93b8eace95fbcf586b8f19e678352f7776dc1bc87a88d58f,0.6720918907079537,0.2861261448548267,0.09536185453299015,0.23229681201486965,-0.8092762911632911,0.14213337021569997
sample_4799,L15-0368E-1245N_1474_3210_13,50176,0.17327008928571427,ab3632cbd6e8454cdb93d07eaa1211433940baaea08754156bee6a26b92ee15a,64990ea6addff6af93b8eace95fbcf586b8f19e678352f7776dc1bc87a88d58f,0.6125718956994456,0.2642803813008713,0.08297620121774511,0.17435719348096454,-0.8340475968603428,0.11317947705905909
sample_4800,L15-0368E-1245N_1474_3210_13,50176,0.24204799107142858,09a26ff9a24b9bfa35281f5ab86bd161d503bc3879238319c4be19dc1952a12c,64990ea6addff6af93b8eace95fbcf586b8f19e678352f7776dc1bc87a88d58f,0.9363418300734527,0.3823237266593582,0.106987452402958,0.2343515060834594,-0.7860250951722815,0.1491759497232861
sample_4801,L15-1138E-1216N_4553_3325_13,50176,0.04781170280612245,8823d0a009770914158cfbd230a564e3c15662901f51073c2e9794172f801fa1,64990ea6addff6af93b8eace95fbcf586b8f19e678352f7776dc1bc87a88d58f,0.3986019145891789,0.09067306661778175,0.015668966827619518,0.04271721189230701,-0.9686620669433134,0.024152519170616144
sample_4802,L15-1748E-1247N_6993_3202_13,50176,0.01020408163265306,8511f6df4fcc944547659a882781ada429b6bbfa092d4f266bca901adb6d2dc6,64990ea6addff6af93b8eace95fbcf586b8f19e678352f7776dc1bc87a88d58f,0.06220251593795203,0.02031689985599979,0.008276169728820346,0.02406453645458816,-0.9834476609873098,0.013176841102283012
sample_4803,L15-1210E-1025N_4840_4088_13,50176,0.021603954081632654,f7d277bc847026929a4758c54ff1c8b302d61be58157eac361bc401b6c606079,64990ea6addff6af93b8eace95fbcf586b8f19e678352f7776dc1bc87a88d58f,0.09148316001695848,0.039988825406403736,0.02754506782262719,0.08500003444165992,-0.944909864550026,0.04526255954615656
sample_4804,L15-1848E-0793N_7394_5018_13,50176,0.04296875,f83c23740d92b8551909b7239199cfdff3469ffed6cceac7b3d81a00805018f6,64990ea6addff6af93b8eace95fbcf586b8f19e678352f7776dc1bc87a88d58f,0.2723306203870596,0.07305875231677222,0.01619786485359643,0.03882812331792467,-0.9676042699620817,0.02344039838555269
sample_4805,L15-1138E-1216N_4553_3325_13,50176,0.07176737882653061,05fdae31d5f57b4f0dbdd69fbffb6b054a2b69fb5b7d90a682a77958a2037f25,64990ea6addff6af93b8eace95fbcf586b8f19e678352f7776dc1bc87a88d58f,0.3081356241341624,0.1243453449282041,0.04246367869081394,0.1085686994336191,-0.9150726428132562,0.06409875185855124
sample_4806,L15-1848E-0793N_7394_5018_13,50176,0.0013552295918367347,daede069d703460dc1275e43c772caa2a215db963efcbfa2dc4eef610aab241d,64990ea6addff6af93b8eace95fbcf586b8f19e678352f7776dc1bc87a88d58f,0.004240718894964728,0.0022329819313139116,0.0026815176468665655,0.007500314951509565,-0.9946369653400772,0.004065412061365306
sample_4807,L15-1185E-0935N_4742_4450_13,50176,0.15320073341836735,a7824500bfd9a8ff2870c0a2e81f06b26a6d2456c4d80dc6262c1f6ed7ccf0b9,64990ea6addff6af93b8eace95fbcf586b8f19e678352f7776dc1bc87a88d58f,0.606004703170134,0.252059267005215,0.08413406118170871,0.19881170238091359,-0.8317318778981936,0.1228206839910211
sample_4808,L15-0368E-1245N_1474_3210_13,50176,0.1792889030612245,1a709d7f7e0a269f0d461b7bd1e18cdf02236f39df3b7492eee0af8d61565db9,64990ea6addff6af93b8eace95fbcf586b8f19e678352f7776dc1bc87a88d58f,0.5655629195700429,0.26831312236802923,0.09193088611996524,0.19164841083474327,-0.8161382272508427,0.12481813754572071
sample_4809,L15-1014E-1375N_4056_2688_13,50176,0.2100406568877551,2685f01922a1250438bf254a8e277ab24c983cc85e9e98a920dedae82984bdc1,64990ea6addff6af93b8eace95fbcf586b8f19e678352f7776dc1bc87a88d58f,0.8972416666968391,0.35050386263643396,0.0884981039182131,0.20287962726146333,-0.8230037919061822,0.1265537279440589
sample_4810,L15-1185E-0935N_4742_4450_13,50176,0.15638950892857142,393a06d1128867741bab508aadc71d39cecca120f67d9f143293fe422f8ba005,64990ea6addff6af93b8eace95fbcf586b8f19e678352f7776dc1bc87a88d58f,0.5767247626706986,0.2523542778565504,0.0877571310990547,0.2041630858721177,-0.8244857378262902,0.126793149428832
sample_4811,L15-0358E-1220N_1433_3310_13,50176,0.0868343431122449,9402d6e659534fe942f652fcb540872625dd7f4c25357b4c4789775756b91800,64990ea6addff6af93b8eace95fbcf586b8f19e678352f7776dc1bc87a88d58f,0.2583528966111128,0.13074538157696317,0.06728033876113061,0.14347724697352685,-0.8654393218090884,0.09233300865740113
sample_4812,L15-1389E-1284N_5557_3054_13,50176,0.0001793686224489796,daede069d703460dc1275e43c772caa2a215db963efcbfa2dc4eef610aab241d,64990ea6addff6af93b8eace95fbcf586b8f19e678352f7776dc1bc87a88d58f,0.0007805847583555445,0.00034285657000110615,0.0004963352729813481,0.0019891298037882296,-0.9990073302469835,0.0008435879713979189
sample_4813,L15-1210E-1025N_4840_4088_13,50176,0.07854352678571429,e893c6d198c9dd053108ff6b64b0b09846f9e3b265b79fb9c9199e64f33704db,64990ea6addff6af93b8eace95fbcf586b8f19e678352f7776dc1bc87a88d58f,0.3067067830678771,0.1405630222310245,0.059755611827368944,0.16445505465574112,-0.880488776420546,0.0950423015842865
sample_4814,L15-1185E-0935N_4742_4450_13,50176,0.07523517219387756,e7060421dff88d9d9093644fca4da24edcac865d32ff459911c3c31db3c9b380,64990ea6addff6af93b8eace95fbcf586b8f19e678352f7776dc1bc87a88d58f,0.31112308087287743,0.13245237040862487,0.05493315650810659,0.14218346077475694,-0.890133687189389,0.08384793513717355
sample_4815,L15-1014E-1375N_4056_2688_13,50176,0.09121890943877552,7489b779dc839f08904ea4b663401e3493460013cefdc6b9ce10a625911138b2,64990ea6addff6af93b8eace95fbcf586b8f19e678352f7776dc1bc87a88d58f,0.3816346169909643,0.14710548776999469,0.04111103680132109,0.09316473502359573,-0.9177779259446719,0.05808378057310344
sample_4816,L15-1748E-1247N_6993_3202_13,50176,0.00860969387755102,74e138107eed729fdb31d5e5f183be2b4723588f5e81ca59bb797ba578bad739,64990ea6addff6af93b8eace95fbcf586b8f19e678352f7776dc1bc87a88d58f,0.03761076494903381,0.01646264570921262,0.015347799285058389,0.03991024447245996,-0.9693044020046178,0.02333392474512823
sample_4817,L15-1748E-1247N_6993_3202_13,50176,0.014170121173469387,70d5fe22e06153a8687404b06bec41fe10d05a0699bcd7d52603a50772f46ae9,64990ea6addff6af93b8eace95fbcf586b8f19e678352f7776dc1bc87a88d58f,0.05205666153531527,0.02447309245709041,0.018880871989365135,0.04556745119149382,-0.9622382566461685,0.02726699299092421
sample_4818,L15-0358E-1220N_1433_3310_13,50176,0.11148756377551021,993f918f7122021abbee972c619e11e7c397daf72c1233461c92b28e5f94d550,64990ea6addff6af93b8eace95fbcf586b8f19e678352f7776dc1bc87a88d58f,0.39971419611425263,0.17404692428492408,0.06515985050200655,0.14279292696393578,-0.8696802982163488,0.0908947648857826
sample_4819,L15-1389E-1284N_5557_3054_13,50176,0.00011957908163265306,daede069d703460dc1275e43c772caa2a215db963efcbfa2dc4eef610aab241d,64990ea6addff6af93b8eace95fbcf586b8f19e678352f7776dc1bc87a88d58f,0.0008915870735416659,0.00030860711932468064,0.0007611809105954456,0.0028526926785036825,-0.9984776391922783,0.0012577444134118467
sample_4820,L15-1848E-0793N_7394_5018_13,50176,0.04314811862244898,f83c23740d92b8551909b7239199cfdff3469ffed6cceac7b3d81a00805018f6,64990ea6addff6af93b8eace95fbcf586b8f19e678352f7776dc1bc87a88d58f,0.3151266531302737,0.07659610397831655,0.012922154808397956,0.03214688767312473,-0.9741556905038696,0.019052156898254236
sample_4821,L15-1389E-1284N_5557_3054_13,50176,0.0001793686224489796,daede069d703460dc1275e43c772caa2a215db963efcbfa2dc4eef610aab241d,64990ea6addff6af93b8eace95fbcf586b8f19e678352f7776dc1bc87a88d58f,0.0010999962313149821,0.0004360342389812618,0.0007949657560022054,0.00291445704251212,-0.9984100697936398,0.0013100756112227037
sample_4822,L15-0368E-1245N_1474_3210_13,50176,0.2216796875,c7f42283b42b625eaab87377ccc79f884654a59572b85ecbf1820b96b40095aa,64990ea6addff6af93b8eace95fbcf586b8f19e678352f7776dc1bc87a88d58f,1.1492308252876373,0.3644579507076777,0.08950904810121663,0.20053306414637997,-0.8209819037798917,0.1262200075565277
sample_4823,L15-0544E-1228N_2176_3279_13,50176,0.1621890943877551,8285c49c304eb7befd010bc9dc771f77bdbcc34c1994d014db8986b7ca911572,64990ea6addff6af93b8eace95fbcf586b8f19e678352f7776dc1bc87a88d58f,0.8479995740842662,0.2808897972491399,0.05960580867914749,0.14482686103203662,-0.8807883829152467,0.08728873724248115
sample_4824,L15-1389E-1284N_5557_3054_13,50176,5.978954081632653e-05,daede069d703460dc1275e43c772caa2a215db963efcbfa2dc4eef610aab241d,64990ea6addff6af93b8eace95fbcf586b8f19e678352f7776dc1bc87a88d58f,0.0010143159653017793,0.00023491991505639808,0.0009330775747930973,0.0038211964848133342,-0.9981338457749387,0.0016419807548056433
sample_4825,L15-0368E-1245N_1474_3210_13,50176,0.16687260841836735,7c6bc4858bf31f7e7bbdba70a6d340b44cea751611ca18e6e5193136d96471ce,64990ea6addff6af93b8eace95fbcf586b8f19e678352f7776dc1bc87a88d58f,0.545902329172444,0.25060417229132625,0.0808994664314051,0.16869950315939367,-0.8382010663827238,0.10965154053916852
sample_4826,L15-0368E-1245N_1474_3210_13,50176,0.23881935586734693,09a26ff9a24b9bfa35281f5ab86bd161d503bc3879238319c4be19dc1952a12c,64990ea6addff6af93b8eace95fbcf586b8f19e678352f7776dc1bc87a88d58f,0.8846934961685226,0.37545076317580806,0.11284796984828248,0.2447798649912196,-0.7743040599106132,0.15645773085255832
sample_4827,L15-1276E-1107N_5105_3761_13,50176,0.02082669005102041,785a7b78436d373345df8b700f6ae2fb858c748a644fac1472c3b6c712aa91a3,64990ea6addff6af93b8eace95fbcf586b8f19e678352f7776dc1bc87a88d58f,0.17535403528550353,0.04064055987355996,0.00688378926965275,0.019468553127940404,-0.9862324222989419,0.01068072433362238
sample_4828,L15-0566E-1185N_2265_3451_13,50176,0.005620216836734694,68302ee4f5e2d707417736a123105f11a851451f44ed2b81bab099c3041b9155,64990ea6addff6af93b8eace95fbcf586b8f19e678352f7776dc1bc87a88d58f,0.018382192392466336,0.00863435168483858,0.004109976795378464,0.01013394449656774,-0.9917800473778537,0.005892876303003574
sample_4829,L15-1014E-1375N_4056_2688_13,50176,0.15816326530612246,6069c19b6a6a7a41b0962e4113879af6d706079aae9550b606023a12ee0e4692,64990ea6addff6af93b8eace95fbcf586b8f19e678352f7776dc1bc87a88d58f,0.6262656369960916,0.2613568647627101,0.0709062518292981,0.16468428304968122,-0.8581874958611243,0.10213434172776245
sample_4830,L15-0544E-1228N_2176_3279_13,50176,0.19782366071428573,f3f0d8a4407f4416ac664e42b7b4c534c660221ad60bef6a735be684f185a236,64990ea6addff6af93b8eace95fbcf586b8f19e678352f7776dc1bc87a88d58f,1.0751043564571066,0.3411674414953474,0.05797493979881271,0.1368715375078109,-0.8840501208785875,0.08350985856662393
sample_4831,L15-0358E-1220N_1433_3310_13,50176,0.11154735331632654,f7466f027675949f8d57debcc01689d0558ea9193e4c1f7fa890da96d965ce60,64990ea6addff6af93b8eace95fbcf586b8f19e678352f7776dc1bc87a88d58f,0.38280780097352973,0.17470894449024543,0.06875629035627698,0.1511358019016996,-0.8624874181713335,0.09608277085567625
sample_4832,L15-1185E-0935N_4742_4450_13,50176,0.15987723214285715,ebebcfd41c84002e4bd37a265546531d1948996d71c50c12de68d801f99cbb70,64990ea6addff6af93b8eace95fbcf586b8f19e678352f7776dc1bc87a88d58f,0.5239533629665717,0.27221580615050145,0.11228884148829597,0.27239407573581575,-0.7754223172804308,0.16811066481830728
sample_4833,L15-0358E-1220N_1433_3310_13,50176,0.10953443877551021,993f918f7122021abbee972c619e11e7c397daf72c1233461c92b28e5f94d550,64990ea6addff6af93b8eace95fbcf586b8f19e678352f7776dc1bc87a88d58f,0.3826605282632212,0.17380711892253753,0.06761696967842741,0.1475473870409188,-0.864766059520888,0.09417447232211332
sample_4834,L15-0566E-1185N_2265_3451_13,50176,0.0011957908163265306,daede069d703460dc1275e43c772caa2a215db963efcbfa2dc4eef610aab241d,64990ea6addff6af93b8eace95fbcf586b8f19e678352f7776dc1bc87a88d58f,0.0036476410889099455,0.001842888723347519,0.0012779020590289515,0.003726603962767355,-0.9974441966306249,0.001963215298991481
sample_4835,L15-0358E-1220N_1433_3310_13,50176,0.06588807397959184,4dd72013ba9494f034d785ffe401e3a54865039bccce114a34a0de4b18adfe8f,64990ea6addff6af93b8eace95fbcf586b8f19e678352f7776dc1bc87a88d58f,0.26222304362748233,0.10567767751928407,0.04057154919933147,0.09098543075234651,-0.9188569012877069,0.05695364154877177
sample_4836,L15-1276E-1107N_5105_3761_13,50176,0.013193558673469387,f80e8e3e15888691a2052122d863e82eb586ddb4aabeac93e93cb6452478a130,64990ea6addff6af93b8eace95fbcf586b8f19e678352f7776dc1bc87a88d58f,0.10292258106006918,0.025150984399548756,0.006206500267952072,0.018248705698975992,-0.9875869998043054,0.009724636784909351
sample_4837,L15-1748E-1247N_6993_3202_13,50176,0.008589764030612245,cbcfd85246bf7c05a4e34ac32dd9314e26d137b887573ac7018448828dfe661c,64990ea6addff6af93b8eace95fbcf586b8f19e678352f7776dc1bc87a88d58f,0.0359081205457371,0.016821674665484072,0.01679741392002384,0.041675557983657206,-0.9664051725132344,0.024827466668017318
sample_4838,L15-0544E-1228N_2176_3279_13,50176,0.15666852678571427,abcd9abee4623f05d21f94efe2395e529100e38fd153fb0ac45c3e7688341116,64990ea6addff6af93b8eace95fbcf586b8f19e678352f7776dc1bc87a88d58f,0.892970845355686,0.28637734368916373,0.04683866729955094,0.12411630860287363,-0.9063226657496855,0.0717269921211964
sample_4839,L15-0566E-1185N_2265_3451_13,50176,0.0018933354591836734,8b7681aacbebc1e830daa58af45ee7fe5d97ffd9600f8a013a8fbfae643db64e,64990ea6addff6af93b8eace95fbcf586b8f19e678352f7776dc1bc87a88d58f,0.008690659401184717,0.003446384760713894,0.0034293713100368574,0.008987651323360922,-0.993141257878274,0.005094057475923502
sample_4840,L15-1848E-0793N_7394_5018_13,50176,0.001833545918367347,a3f4aec7b0054265f83404a6d96b49ed44efc2220960fd6c82087a67e2399fd2,64990ea6addff6af93b8eace95fbcf586b8f19e678352f7776dc1bc87a88d58f,0.006470357217938963,0.0030708533249852493,0.003718396687965688,0.010320710078955245,-0.9925632072834744,0.005680815542251257
sample_4841,L15-1185E-0935N_4742_4450_13,50176,0.1643016581632653,735f7528abfa30d7d719db583697d15d00efac3803a239de9a6a2586f2cdd636,64990ea6addff6af93b8eace95fbcf586b8f19e678352f7776dc1bc87a88d58f,0.5487429999950314,0.27855570546858016,0.11146053369275807,0.26934339457152245,-0.7770789327275169,0.16653353713999913
sample_4842,L15-1748E-1247N_6993_3202_13,50176,0.0024314413265306123,6151bfd2392578824ed2981d3e73d02e4cb94ebbedff03525b250b192f386c40,64990ea6addff6af93b8eace95fbcf586b8f19e678352f7776dc1bc87a88d58f,0.013675510200448179,0.005398897628779272,0.007053834545350045,0.01975881646975179,-0.9858923318058775,0.010930003109904805
sample_4843,L15-1210E-1025N_4840_4088_13,50176,0.06951530612244898,9fa40dc40982be14fe19f38fbbefad655871e8e93c514c360b1d4e6f1e9504c6,64990ea6addff6af93b8eace95fbcf586b8f19e678352f7776dc1bc87a88d58f,0.24243547878422203,0.10986146572283571,0.05603328931064592,0.12530019578492516,-0.8879334217308402,0.07880057474994177
sample_4844,L15-1276E-1107N_5105_3761_13,50176,0.01078204719387755,6c93f639417c22ee6b3af080cbf4ddd597a8d1238a2a0bfc699cee6079b7c97e,64990ea6addff6af93b8eace95fbcf586b8f19e678352f7776dc1bc87a88d58f,0.09517754529016856,0.02041329959906943,0.004627844685812158,0.013056138761065973,-0.9907443112956829,0.007097940945606747
sample_4845,L15-1138E-1216N_4553_3325_13,50176,0.13897082270408162,86acbefd6fd4037fd93482cc02020943164cc8d23b51d74f252c0d168094a867,64990ea6addff6af93b8eace95fbcf586b8f19e678352f7776dc1bc87a88d58f,0.5073250815933739,0.2288509893188149,0.07826215731887604,0.18622725201909382,-0.8434756852745531,0.11391683179525817
sample_4846,L15-1748E-1247N_6993_3202_13,50176,0.010662468112244899,bf0201006ef2b59fcf5da0235e8b754c0a86fa08cd7c3efd65a7bbf5bc002c8f,64990ea6addff6af93b8eace95fbcf586b8f19e678352f7776dc1bc87a88d58f,0.0440455896024288,0.01852475780500237,0.012469907006134793,0.03131859930449567,-0.9750601863199787,0.018360468930366275
sample_4847,L15-1014E-1375N_4056_2688_13,50176,0.15312101403061223,8f81cdf083f2c90e40d48f82014d1282401e802f6f3e03ee8c5be22c58e3dc9d,64990ea6addff6af93b8eace95fbcf586b8f19e678352f7776dc1bc87a88d58f,0.559698948289916,0.25340988799919467,0.07476884262560278,0.17440082919954564,-0.8504623145260153,0.10823650938476359
sample_4848,L15-1210E-1025N_4840_4088_13,50176,0.07132892219387756,4207c7aae3d050f5517526b2ba2be0419a167a7abfe30dbca1b5aac1aab2343e,64990ea6addff6af93b8eace95fbcf586b8f19e678352f7776dc1bc87a88d58f,0.24443059590567306,0.11294695667524214,0.0543603852310465,0.12076818942413657,-0.8912792299806158,0.07616807576325152
sample_4849,L15-0544E-1228N_2176_3279_13,50176,0.18995137117346939,d85fa2abeccd87dea4b781a1834e92a0e9e9a171e3ea6e1b9ae04e62510341d7,64990ea6addff6af93b8eace95fbcf586b8f19e678352f7776dc1bc87a88d58f,0.9782284278444302,0.33699485761585113,0.04974234623392588,0.12328755475252831,-0.9005153080585625,0.07331960207169624
sample_4850,L15-1276E-1107N_5105_3761_13,50176,0.01175860969387755,efcbe63768980c559947f43f03c9addbded5220f206725c282939b6f01e67f5c,64990ea6addff6af93b8eace95fbcf586b8f19e678352f7776dc1bc87a88d58f,0.10400786247485223,0.023011694557460643,0.005247760149507726,0.014831608496916802,-0.9895044809156884,0.00809641296465195
sample_4851,L15-1748E-1247N_6993_3202_13,50176,0.001096141581632653,b15c44d77dcdd305c471ca75001b82cd1f9aa64345316764e3127499ddc6c725,64990ea6addff6af93b8eace95fbcf586b8f19e678352f7776dc1bc87a88d58f,0.007383897943033564,0.0021525017082171956,0.0008441075582855514,0.0032933074301787525,-0.9983117860331561,0.0014435798490722788
sample_4852,L15-1848E-0793N_7394_5018_13,50176,0.06951530612244898,73ae72b222b06667507b2673c0166cc9e64da8652b6c07bfe9be97c61f4b9466,64990ea6addff6af93b8eace95fbcf586b8f19e678352f7776dc1bc87a88d58f,0.24838262803089228,0.11373084516781619,0.03984063548363783,0.09432119141543054,-0.9203187292615197,0.05744853991659869
sample_4853,L15-1848E-0793N_7394_5018_13,50176,0.04518096301020408,dd5ad34111301a635ef6d83dd6cce11ddde09ee7771b8920749c946793adbe1b,64990ea6addff6af93b8eace95fbcf586b8f19e678352f7776dc1bc87a88d58f,0.14147025208832528,0.07235239153313258,0.04196804275436859,0.09764117742332389,-0.9160639143540994,0.06022873332943064
sample_4854,L15-1848E-0793N_7394_5018_13,50176,0.03667091836734694,daede069d703460dc1275e43c772caa2a215db963efcbfa2dc4eef610aab241d,64990ea6addff6af93b8eace95fbcf586b8f19e678352f7776dc1bc87a88d58f,0.2308596429423297,0.062243722659288465,0.013776081855342324,0.033469018674131865,-0.9724478363856259,0.019981611741344423
sample_4855,L15-1210E-1025N_4840_4088_13,50176,0.07894212372448979,7781227562e3deaf8e19815a12ce39428ad62a2605248309b3fd54293f1a341b,64990ea6addff6af93b8eace95fbcf586b8f19e678352f7776dc1bc87a88d58f,0.3040431757865532,0.14320703590793527,0.053493236180879554,0.15006256250773592,-0.8930135280599116,0.08595028359958386
sample_4856,L15-1389E-1284N_5557_3054_13,50176,0.002889827806122449,94f0320abd99652f336e8f6660cee5313dc3b055a20f3af7666d5b86c564586d,64990ea6addff6af93b8eace95fbcf586b8f19e678352f7776dc1bc87a88d58f,0.013494721914401835,0.004735254526076984,0.0022598440742253195,0.005795515349217631,-0.9954803127398818,0.0032732714454915754
sample_4857,L15-1014E-1375N_4056_2688_13,50176,0.09259406887755102,85aff6846e41a704451da4f570eb6fa5cdf456ec82452c61fe3a36e89d0081d0,64990ea6addff6af93b8eace95fbcf586b8f19e678352f7776dc1bc87a88d58f,0.3279040289269459,0.14732966007894904,0.062459995308463294,0.140052189227324,-0.8750800088882184,0.08825800378617121
sample_4858,L15-1185E-0935N_4742_4450_13,50176,0.16681281887755103,454df8ea0781f5e14a3b6315412b0d4a7d2d28cc677cf64fa7d7ea7e551b14b9,64990ea6addff6af93b8eace95fbcf586b8f19e678352f7776dc1bc87a88d58f,0.5749794699859576,0.2789799633831992,0.1077568636998078,0.25385019528086217,-0.784486272710413,0.15812943242174948
sample_4859,L15-1276E-1107N_5105_3761_13,50176,0.06780133928571429,b103428b2d1b5f79d09d8763c85c3a4ef221fdaa4d471b8dbfb3f7968a6291bb,64990ea6addff6af93b8eace95fbcf586b8f19e678352f7776dc1bc87a88d58f,0.34082584958481194,0.12005432332542705,0.04230573614679125,0.10325897692416647,-0.9153885280819676,0.06301493843685874
sample_4860,L15-1389E-1284N_5557_3054_13,50176,0.002610809948979592,94f0320abd99652f336e8f6660cee5313dc3b055a20f3af7666d5b86c564586d,64990ea6addff6af93b8eace95fbcf586b8f19e678352f7776dc1bc87a88d58f,0.011858547763736422,0.0049840184093941755,0.0028213273308581996,0.007615512845272388,-0.9943573463297835,0.004262404648586452
sample_4861,L15-1138E-1216N_4553_3325_13,50176,0.0823501275510204,8130478d594197ed736613b1e9d79c6b066697462848ac30d63e2c86510b121d,64990ea6addff6af93b8eace95fbcf586b8f19e678352f7776dc1bc87a88d58f,0.35329282750028246,0.14011100233543775,0.05025609789121592,0.12213282932188468,-0.8994878044002462,0.07376708199627746
sample_4862,L15-1185E-0935N_4742_4450_13,50176,0.08264907525510204,a986f63b56a44f116d0964bd5849b17681a939c5bf163e44289326d3046f5eb0,64990ea6addff6af93b8eace95fbcf586b8f19e678352f7776dc1bc87a88d58f,0.3150210420187679,0.14046246532940826,0.051970977896862496,0.1331899440822713,-0.8960580443916504,0.07860711504792937
sample_4863,L15-1014E-1375N_4056_2688_13,50176,0.19901945153061223,7073c76ea59b48ea9b1a3c9cbae91abe9fbdce784216516394e9c47cfe25e139,64990ea6addff6af93b8eace95fbcf586b8f19e678352f7776dc1bc87a88d58f,0.774193486697637,0.3320173010446581,0.08805155250890066,0.20770915139040622,-0.8238968950429295,0.1282910138387953
sample_4864,L15-1210E-1025N_4840_4088_13,50176,0.07824457908163265,e903cef06d602f97caa51f4e3f069d2bc798d3f0cf0b18effa45494dfbacb6b7,64990ea6addff6af93b8eace95fbcf586b8f19e678352f7776dc1bc87a88d58f,0.3271774573136452,0.14286669818723965,0.047778326547609606,0.13752278770714693,-0.9044433472492288,0.07764659290868324
sample_4865,L15-1014E-1375N_4056_2688_13,50176,0.1564094387755102,908659b4f6bf6ed855a02e796a123a3caef814173d290d9b5e39bafb34bebb0b,64990ea6addff6af93b8eace95fbcf586b8f19e678352f7776dc1bc87a88d58f,0.6226241061781952,0.26018977185180203,0.0698331194105368,0.1646064308391527,-0.8603337607151648,0.10160670551602936
sample_4866,L15-1748E-1247N_6993_3202_13,50176,0.011001275510204082,ab5c7162f7c5d091b26b3c51024abafbbf51d3256417b7d17326f86537ccff88,64990ea6addff6af93b8eace95fbcf586b8f19e678352f7776dc1bc87a88d58f,0.0561032108212177,0.019411623839002124,0.007236253828931676,0.01884507850085871,-0.9855274928550297,0.010824059000733435
sample_4867,L15-0544E-1228N_2176_3279_13,50176,0.1617107780612245,98f0e3f8f3182ce994ba5313c0a87fd5861e3fc8963db13529df28f1aa84efab,64990ea6addff6af93b8eace95fbcf586b8f19e678352f7776dc1bc87a88d58f,0.9089494516680618,0.28931369963995973,0.04988761729209171,0.12809899724594756,-0.9002247658173927,0.07510982224073276
sample_4868,L15-0544E-1228N_2176_3279_13,50176,0.19933832908163265,b8bd396b35685228f88467a500b937b41d49c12d720fb486f4b260161c72453d,64990ea6addff6af93b8eace95fbcf586b8f19e678352f7776dc1bc87a88d58f,1.0989666516740255,0.3480077816192129,0.05656568081550566,0.1332959491408031,-0.8868686389102933,0.08130288565734746
sample_4869,L15-1848E-0793N_7394_5018_13,50176,0.00506218112244898,536fbe64aa14edb7229a7bbd5fbf546ba5159c7510eec605015c8a4e05a4d834,64990ea6addff6af93b8eace95fbcf586b8f19e678352f7776dc1bc87a88d58f,0.025645055373376642,0.009211409418623119,0.004685712642064888,0.013191871166620286,-0.9906285748776402,0.007250314472944716
sample_4870,L15-1848E-0793N_7394_5018_13,50176,0.0033482142857142855,daede069d703460dc1275e43c772caa2a215db963efcbfa2dc4eef610aab241d,64990ea6addff6af93b8eace95fbcf586b8f19e678352f7776dc1bc87a88d58f,0.009423508662254084,0.005070243623505837,0.004303241224617374,0.011566768529479474,-0.9913935182094273,0.006431274990450916
sample_4871,L15-1748E-1247N_6993_3202_13,50176,0.0011160714285714285,8daf05172d2a1e9d9040274604059e0f5864e4bd4a436cfba6947e7340d3e376,64990ea6addff6af93b8eace95fbcf586b8f19e678352f7776dc1bc87a88d58f,0.006433182044094451,0.002162138011139231,0.001985300883498727,0.006709148606576051,-0.996029398821042,0.003324803034869632
sample_4872,L15-1276E-1107N_5105_3761_13,50176,0.07796556122448979,c38a29855269b16fe2cf13d42d548e6c709814a53f7498b822b5d0343e62db80,64990ea6addff6af93b8eace95fbcf586b8f19e678352f7776dc1bc87a88d58f,0.28815527073685254,0.13512960855111422,0.0712897803703304,0.16692261346431858,-0.8574204395922579,0.10369423053255311
sample_4873,L15-1389E-1284N_5557_3054_13,50176,0.08408402423469388,2cf1de0ed397a568467dee32640f3bb63dc78aba4e3ce5ca615020e1964e5cea,64990ea6addff6af93b8eace95fbcf586b8f19e678352f7776dc1bc87a88d58f,0.36964316400890995,0.14378860984773223,0.04378871338522746,0.10038716517483562,-0.9124225728169822,0.06258840631179552
sample_4874,L15-1748E-1247N_6993_3202_13,50176,0.028160873724489797,d802168cb3ece9a5c46fc1cafb9b27a9cfeae6ce59cb9f30a5fe23c81cba116e,64990ea6addff6af93b8eace95fbcf586b8f19e678352f7776dc1bc87a88d58f,0.12168344464780749,0.048238746761436684,0.016491089885750293,0.04070904000921314,-0.9670178207445854,0.024184883581695862
sample_4875,L15-0368E-1245N_1474_3210_13,50176,0.2447783801020408,09a26ff9a24b9bfa35281f5ab86bd161d503bc3879238319c4be19dc1952a12c,64990ea6addff6af93b8eace95fbcf586b8f19e678352f7776dc1bc87a88d58f,0.9125838965399803,0.38269479762859465,0.11549969498372199,0.24928454855167342,-0.7690006102405386,0.15976958307853936
sample_4876,L15-1210E-1025N_4840_4088_13,50176,0.053611288265306124,75da8fa0cccfe71e072ced9b4d22339af2c69f47cb7cba0912320e38a46eacca,64990ea6addff6af93b8eace95fbcf586b8f19e678352f7776dc1bc87a88d58f,0.22047407277549633,0.10218031771755408,0.05746084541956685,0.1627733288546789,-0.8850783095895829,0.09358923524161782
sample_4877,L15-1138E-1216N_4553_3325_13,50176,0.06724330357142858,1317bf7abd1f4ea3fdf2d2ef31c92533ab70012b21fd36056783598d251cfec6,64990ea6addff6af93b8eace95fbcf586b8f19e678352f7776dc1bc87a88d58f,0.31225909114640144,0.11873164177829486,0.03896835831716201,0.099243568296827,-0.9220632839646807,0.05854466706540003
sample_4878,L15-0358E-1220N_1433_3310_13,50176,0.07318239795918367,32cde13a9cc0b45944f8f0a14a39a681f5f0ca2a7db91208ae3d61e25a7823ce,64990ea6addff6af93b8eace95fbcf586b8f19e678352f7776dc1bc87a88d58f,0.2555956106193467,0.1130185205444501,0.04749399040141428,0.10353239598374621,-0.9050120184493368,0.06578703262353686
sample_4879,L15-0566E-1185N_2265_3451_13,50176,0.0,daede069d703460dc1275e43c772caa2a215db963efcbfa2dc4eef610aab241d,64990ea6addff6af93b8eace95fbcf586b8f19e678352f7776dc1bc87a88d58f,0.00034400127571344445,1.5709480598129298e-05,0.00033983983199245164,0.0021607394888883504,-0.9993203219928355,0.0006639701833867741
sample_4880,L15-0544E-1228N_2176_3279_13,50176,0.16059470663265307,83b1be9bf54882e0e46172fa609d75357d9f7e5afa684feacf736eb4ac6a0072,64990ea6addff6af93b8eace95fbcf586b8f19e678352f7776dc1bc87a88d58f,1.2495040107307087,0.3033000074292791,0.032758045607788146,0.08717450160877771,-0.9344839088783347,0.05023596386146119
sample_4881,L15-1276E-1107N_5105_3761_13,50176,0.008529974489795918,5b128f504edccfd6e334fa81ca77b1c678fa5a7bccb69e981650c15d575cfa5c,64990ea6addff6af93b8eace95fbcf586b8f19e678352f7776dc1bc87a88d58f,0.06119669254818567,0.01620212329420519,0.0055487783404770405,0.01696541301524006,-0.9889024446070281,0.008856291116305462
sample_4882,L15-0358E-1220N_1433_3310_13,50176,0.11134805484693877,993f918f7122021abbee972c619e11e7c397daf72c1233461c92b28e5f94d550,64990ea6addff6af93b8eace95fbcf586b8f19e678352f7776dc1bc87a88d58f,0.4040697669712119,0.17579606109881174,0.0634780855652192,0.1402991583538257,-0.8730438276463682,0.08880412720658432
sample_4883,L15-1748E-1247N_6993_3202_13,50176,0.0014748086734693877,2471987e46c3349a2b70d56796ca6746b3f5bd2aa0b189cd36f55149f0d09713,64990ea6addff6af93b8eace95fbcf586b8f19e678352f7776dc1bc87a88d58f,0.008258985696914637,0.0027931516976723706,0.001696611209344879,0.0057617867819770305,-0.9966067789116019,0.002800430533516599
sample_4884,L15-0566E-1185N_2265_3451_13,50176,0.00607860331632653,f595ecadd196b1ed455481966949971929d4bdeb2f267389cc623a67c7549054,64990ea6addff6af93b8eace95fbcf586b8f19e678352f7776dc1bc87a88d58f,0.017749715408490102,0.00883161765901365,0.00438885094137026,0.010507916682573394,-0.9912222991756072,0.006255525769508301
sample_4885,L15-0368E-1245N_1474_3210_13,50176,0.23009008290816327,fbe4f9938e77b50296961aa9b7dd6e9bce6acbadddcad2eb51bbc6955e937af3,64990ea6addff6af93b8eace95fbcf586b8f19e678352f7776dc1bc87a88d58f,0.8587819317425139,0.3581541545671941,0.12438581975732874,0.2711832435171011,-0.7512283604870471,0.1732431686863182
sample_4886,L15-1014E-1375N_4056_2688_13,50176,0.15417729591836735,84604034eec1bc9faf62fd3fd90a829e0cfbf02941b3a398564d2919bdfca058,64990ea6addff6af93b8eace95fbcf586b8f19e678352f7776dc1bc87a88d58f,0.6024730370287117,0.2576681121578763,0.0709182331873085,0.16744581769158115,-0.8581635329835633,0.10322704123729809
sample_4887,L15-1848E-0793N_7394_5018_13,50176,0.06313775510204081,ebf2f93a6930b1819f2467db04dd08c7281048ae6b2fdff0ba37dc38b5982d34,64990ea6addff6af93b8eace95fbcf586b8f19e678352f7776dc1bc87a88d58f,0.21915731011022735,0.10287596588026075,0.03772522160327252,0.09022506034547906,-0.9245495567957324,0.0548248200155502
sample_4888,L15-1389E-1284N_5557_3054_13,50176,0.002232142857142857,4ff57b2a16acfee17c55aa777de6b42e06085f60bac04e59609e698d2d196ed2,64990ea6addff6af93b8eace95fbcf586b8f19e678352f7776dc1bc87a88d58f,0.011633886358380077,0.004309890849343613,0.0034459028975106776,0.01048257473510134,-0.9931081946219463,0.005505446822277875
sample_4889,L15-1014E-1375N_4056_2688_13,50176,0.09365035076530612,4105f363a6cd55f6744580709fe9f48cf597a568824ee00c932896573f700e46,64990ea6addff6af93b8eace95fbcf586b8f19e678352f7776dc1bc87a88d58f,0.4185577522593254,0.15378074523045385,0.034307988684824,0.07882969404399381,-0.9313840215189763,0.04872512332726296
sample_4890,L15-1848E-0793N_7394_5018_13,50176,0.003667091836734694,6c0881a80bc43ce57aea543a75bed66e0aeb7f61c25b25f5d478a2e18c261e5e,64990ea6addff6af93b8eace95fbcf586b8f19e678352f7776dc1bc87a88d58f,0.011976719933630206,0.005668637452141313,0.00492736333220893,0.01294001761921515,-0.990145274149122,0.007362391551621206
sample_4891,L15-1210E-1025N_4840_4088_13,50176,0.06267936862244898,fb7c1cbbe3f9db4f08997fa0c8a34086b9f7a92565685fc9e4f2613324714270,64990ea6addff6af93b8eace95fbcf586b8f19e678352f7776dc1bc87a88d58f,0.21670474967343353,0.10132492758674166,0.056898226289135614,0.1253986844924689,-0.8862035480353645,0.07929695780261181
sample_4892,L15-0358E-1220N_1433_3310_13,50176,0.06584821428571429,4dd29411249fa562ff9bf79a068f0b3ea9a38d19cd7c75896da5dd6602d80b6d,64990ea6addff6af93b8eace95fbcf586b8f19e678352f7776dc1bc87a88d58f,0.2284854566435116,0.10175990082947901,0.04612540378833988,0.10202370901895771,-0.9077491917615013,0.06448345870387741
sample_4893,L15-1748E-1247N_6993_3202_13,50176,0.006636639030612245,6073e7f5898dd8d03011aaa7c13f794d5a2b81a2ff6791085ed4c58154b4165d,64990ea6addff6af93b8eace95fbcf586b8f19e678352f7776dc1bc87a88d58f,0.035668791245724536,0.012865384617881715,0.006902455495984046,0.02043962436889855,-0.9861950891634188,0.01099045174223244
sample_4894,L15-1389E-1284N_5557_3054_13,50176,0.002590880102040816,20b85f93cecbb7ff683f7dd266e032daa5c614fe6af004fd5db1480b48a1860b,64990ea6addff6af93b8eace95fbcf586b8f19e678352f7776dc1bc87a88d58f,0.014250793752250855,0.004467658040391354,0.0025906536314750507,0.007212944178045152,-0.994818693186464,0.003961348702465658
sample_4895,L15-1748E-1247N_6993_3202_13,50176,0.015306122448979591,3e41606bbd320094a845219c2f3d7c06123c829c9ff4789306522470d59a6290,64990ea6addff6af93b8eace95fbcf586b8f19e678352f7776dc1bc87a88d58f,0.06037217610832118,0.025265827595685405,0.009907956960924655,0.024024065449090314,-0.9801840870009116,0.014367719370213819
sample_4896,L15-0358E-1220N_1433_3310_13,50176,0.07286352040816327,f95cd8386f05e10546ecb185a508e35c5d8a7832f4cd7eaacb56695883cdcfd7,64990ea6addff6af93b8eace95fbcf586b8f19e678352f7776dc1bc87a88d58f,0.24636465760038648,0.11319183028661145,0.05029046180425212,0.10929073418915759,-0.8994190758242392,0.06960330895901772
sample_4897,L15-1210E-1025N_4840_4088_13,50176,0.021902901785714284,033557a28252fc2255eef9966338d55073d230f867f6c7ad0d399c48c6318a74,64990ea6addff6af93b8eace95fbcf586b8f19e678352f7776dc1bc87a88d58f,0.09868284273008511,0.042901651087617204,0.03023355648905153,0.09051922823333736,-0.9395328875263529,0.04931691649192359
sample_4898,L15-0358E-1220N_1433_3310_13,50176,0.11332110969387756,993f918f7122021abbee972c619e11e7c397daf72c1233461c92b28e5f94d550,64990ea6addff6af93b8eace95fbcf586b8f19e678352f7776dc1bc87a88d58f,0.39595980113864476,0.17774318108885,0.07210534614895718,0.15668753481612283,-0.8557893067644601,0.10023437568381095
sample_4899,L15-1138E-1216N_4553_3325_13,50176,0.05161830357142857,cfc98c62ad0c9e2b4d12505671aa2fa55d8b1f58345fa97f52ce4720ed0fbb7c,64990ea6addff6af93b8eace95fbcf586b8f19e678352f7776dc1bc87a88d58f,0.38612336464694114,0.09834182947947284,0.020563305735740126,0.057739278610897844,-0.9588733893014375,0.03227589128575167
sample_4900,L15-1210E-1025N_4840_4088_13,50176,0.021364795918367346,f5758834671c119d559bb9c5be7cf15d7d63abc9d000e772b14700cc59d5d7ee,64990ea6addff6af93b8eace95fbcf586b8f19e678352f7776dc1bc87a88d58f,0.09965715252667752,0.041998706013496465,0.02696611806370166,0.08030675350740425,-0.9460677642753825,0.04389461956005473
sample_4901,L15-1748E-1247N_6993_3202_13,50176,0.0034877232142857145,8daf05172d2a1e9d9040274604059e0f5864e4bd4a436cfba6947e7340d3e376,64990ea6addff6af93b8eace95fbcf586b8f19e678352f7776dc1bc87a88d58f,0.013067562262808462,0.006298052839479836,0.007648359526813563,0.02078787030326682,-0.9847032815811534,0.011717295465668997
sample_4902,L15-1210E-1025N_4840_4088_13,50176,0.02317841198979592,1bf0da714ce7bda24bfed44cd7e5bbd69eb197566e93c24b8641892bef20229d,64990ea6addff6af93b8eace95fbcf586b8f19e678352f7776dc1bc87a88d58f,0.0972487688879271,0.04305471750565361,0.026427604771238202,0.07677571496359042,-0.9471447913283613,0.042433142765138834
sample_4903,L15-1138E-1216N_4553_3325_13,50176,0.12794961734693877,87199ec40e714034971b15a27c65d43cf7f6b2336c53fe67ed3769362c4929b3,64990ea6addff6af93b8eace95fbcf586b8f19e678352f7776dc1bc87a88d58f,0.475144899113753,0.21599411369001653,0.0669692661933962,0.16647687615493642,-0.8660614678129095,0.09973760800737297
sample_4904,L15-1848E-0793N_7394_5018_13,50176,0.00528140943877551,20d1f192a4a80c483bf22f85013f1f0bf204580dc0a7023941d1fb339d4859ef,64990ea6addff6af93b8eace95fbcf586b8f19e678352f7776dc1bc87a88d58f,0.023427415675565683,0.008986805586745111,0.0035900805010080188,0.010202919797469644,-0.9928198398407546,0.0055017790999654865
sample_4905,L15-1276E-1107N_5105_3761_13,50176,0.07102997448979592,98660ecfa9b67f05b5a179c5f843b4cf0088cb3c5119c014984f5e8e94443b02,64990ea6addff6af93b8eace95fbcf586b8f19e678352f7776dc1bc87a88d58f,0.324599944660228,0.12561082623337436,0.059455191368493726,0.13302359568469357,-0.8810896172919116,0.08378145129768325
sample_4906,L15-1138E-1216N_4553_3325_13,50176,0.07238520408163265,93e9a96421c86f5c775bbe8125e1daef8c93fadac942bfaed2fe97fdc680ebe3,64990ea6addff6af93b8eace95fbcf586b8f19e678352f7776dc1bc87a88d58f,0.33626630560918586,0.12901929956498912,0.040375121567417314,0.10520595129234576,-0.9192497572297179,0.06159078905579519
sample_4907,L15-1848E-0793N_7394_5018_13,50176,0.0020129145408163264,a3f4aec7b0054265f83404a6d96b49ed44efc2220960fd6c82087a67e2399fd2,64990ea6addff6af93b8eace95fbcf586b8f19e678352f7776dc1bc87a88d58f,0.01126120114525638,0.00506024611008226,0.00857459101350788,0.02247470717493532,-0.982850818238327,0.01312763114567446
sample_4908,L15-1748E-1247N_6993_3202_13,50176,0.0009566326530612245,8daf05172d2a1e9d9040274604059e0f5864e4bd4a436cfba6947e7340d3e376,64990ea6addff6af93b8eace95fbcf586b8f19e678352f7776dc1bc87a88d58f,0.0059353807231205214,0.0019568961553359035,0.001284784711042077,0.004334521128133967,-0.9974304313776855,0.002087909870323846
sample_4909,L15-1276E-1107N_5105_3761_13,50176,0.06969467474489796,e976cb82b5a9c9a2c7f0ffcb71368c28d87ca0d6b1f71ecf2412e41fa0c9ab29,64990ea6addff6af93b8eace95fbcf586b8f19e678352f7776dc1bc87a88d58f,0.33184817769925873,0.12415551696042618,0.05328062254393815,0.11892256983429916,-0.893438755453869,0.07498417999016475
sample_4910,L15-0358E-1220N_1433_3310_13,50176,0.03107063137755102,becdbd538e81f8725614d8a4923ca27c9c5821c8dede712314f00cbeff832354,64990ea6addff6af93b8eace95fbcf586b8f19e678352f7776dc1bc87a88d58f,0.15361201897203527,0.05562928636823929,0.014940590122524572,0.03747972647905907,-0.9701188200187449,0.022606267232704876
sample_4911,L15-1185E-0935N_4742_4450_13,50176,0.16906489158163265,637b60c28b82a46d1eb1355d07c75a5445a43c7c2389535129161c0cd48a63bd,64990ea6addff6af93b8eace95fbcf586b8f19e678352f7776dc1bc87a88d58f,0.5726288728847281,0.2825060478846476,0.10636193399098987,0.2544946794339179,-0.7872761323002042,0.15739400831876832
sample_4912,L15-1748E-1247N_6993_3202_13,50176,0.011379942602040817,3fbbf7db4245942e99bc09c9db8d063644c551f6adf7a783bbd411c90092b78f,64990ea6addff6af93b8eace95fbcf586b8f19e678352f7776dc1bc87a88d58f,0.048756869593246835,0.02038433530439571,0.014035070168890287,0.03583238386643268,-0.971929860344794,0.02081911516002653
sample_4913,L15-1014E-1375N_4056_2688_13,50176,0.2056560905612245,c85058d15c595baa1090c135ea2db1470577e5e49977bb7b338d3a72846d0b91,64990ea6addff6af93b8eace95fbcf586b8f19e678352f7776dc1bc87a88d58f,0.9165540528801175,0.3479020308459702,0.08481546105432076,0.20064372320715013,-0.830369077854274,0.12356693058031186
sample_4914,L15-1276E-1107N_5105_3761_13,50176,0.01016422193877551,5ff5d4f53b76d08ae2500f0e7126895340a1e59a58194d01d307e95291562753,64990ea6addff6af93b8eace95fbcf586b8f19e678352f7776dc1bc87a88d58f,0.0800875509706067,0.019614467792846778,0.004619710602350913,0.013612820220810527,-0.9907605798437398,0.0072172906066685135
sample_4915,L15-1848E-0793N_7394_5018_13,50176,0.027941645408163265,af6292997285d9d2bae50dbec22809fc75ddb9cb38f24923569403fccbee2389,64990ea6addff6af93b8eace95fbcf586b8f19e678352f7776dc1bc87a88d58f,0.13537792198412327,0.047579405835361153,0.009657039754900473,0.024414457636091822,-0.9806859201435467,0.014257805159275053
sample_4916,L15-0566E-1185N_2265_3451_13,50176,0.003248565051020408,04989442a0e24ab0b326c0b8d351a5ca7b350ecaae7b4778b67bc7f4740a9f1e,64990ea6addff6af93b8eace95fbcf586b8f19e678352f7776dc1bc87a88d58f,0.016394149301351534,0.005393105029585876,0.0027288733518264275,0.007608228630698796,-0.9945422540315974,0.004174740492052814
sample_4917,L15-0544E-1228N_2176_3279_13,50176,0.20308514030612246,9e19ef7f3d94159f28fe8da22fd114dd3d44cd6e37a93dfb1eb5edf62eeb3f1b,64990ea6addff6af93b8eace95fbcf586b8f19e678352f7776dc1bc87a88d58f,1.1440934355728478,0.359556165445927,0.05916850442632234,0.14479992189134283,-0.8816629912557006,0.0868982382308781
sample_4918,L15-0368E-1245N_1474_3210_13,50176,0.1747249681122449,0910e890f4e923321226b2f56a662953d8f8782fdb80cab07e44aa88a058eefc,64990ea6addff6af93b8eace95fbcf586b8f19e678352f7776dc1bc87a88d58f,0.6016231211454587,0.26585933478386986,0.08447425211756016,0.1782022773102413,-0.8310514946501806,0.1156853512022476
sample_4919,L15-0368E-1245N_1474_3210_13,50176,0.2727200255102041,8425229fa8962ce13210a7f7b78f67f92b2e0ca5cc8d39ce2a1352bb4217bc73,64990ea6addff6af93b8eace95fbcf586b8f19e678352f7776dc1bc87a88d58f,1.1238966845829146,0.4347798804454742,0.12059044095031841,0.26673898200945484,-0.7588191183403618,0.16971072499957782
sample_4920,L15-1848E-0793N_7394_5018_13,50176,0.006676498724489796,41120604b05acee5707f515a230e3fc2b12189a36d8d2d512a69a4e857d0c01e,64990ea6addff6af93b8eace95fbcf586b8f19e678352f7776dc1bc87a88d58f,0.029947153039919117,0.011619177952355482,0.004785661558307023,0.013357942686015046,-0.9904286772366212,0.0073943927513787765
sample_4921,L15-1748E-1247N_6993_3202_13,50176,0.002650669642857143,b15c44d77dcdd305c471ca75001b82cd1f9aa64345316764e3127499ddc6c725,64990ea6addff6af93b8eace95fbcf586b8f19e678352f7776dc1bc87a88d58f,0.009432229493351794,0.003981944596649999,0.003390303050281898,0.010508802126475264,-0.9932193954320299,0.005306177994362376
sample_4922,L15-0566E-1185N_2265_3451_13,50176,7.971938775510203e-05,daede069d703460dc1275e43c772caa2a215db963efcbfa2dc4eef610aab241d,64990ea6addff6af93b8eace95fbcf586b8f19e678352f7776dc1bc87a88d58f,0.00033327482796152746,0.0001224706275297168,0.00024130365250594153,0.0010047454804036889,-0.9995173935083664,0.0004085260226508824
sample_4923,L15-1748E-1247N_6993_3202_13,50176,0.0022520727040816328,6151bfd2392578824ed2981d3e73d02e4cb94ebbedff03525b250b192f386c40,64990ea6addff6af93b8eace95fbcf586b8f19e678352f7776dc1bc87a88d58f,0.013770240019999403,0.0054993963400922705,0.007324486582454446,0.021164339002536062,-0.9853510273305862,0.011531168058523536
sample_4924,L15-1276E-1107N_5105_3761_13,50176,0.01865433673469388,c19169d016a87c9f65d2be95ee89cc03bad1c02001756ef9727c68b94fb9d67f,64990ea6addff6af93b8eace95fbcf586b8f19e678352f7776dc1bc87a88d58f,0.09782142792465065,0.035975552502660844,0.017015712549529816,0.04262141152509058,-0.9659685754002665,0.025300749101141398
sample_4925,L15-1276E-1107N_5105_3761_13,50176,0.0215640943877551,78519dca192439ece7bcbdfd4876d4eb9219063996fd7d051f6c7bc6b266a1ad,64990ea6addff6af93b8eace95fbcf586b8f19e678352f7776dc1bc87a88d58f,0.14748136808616516,0.04144674326731972,0.0110398221093382,0.03115720607137708,-0.9779203564638824,0.01747008129975246
sample_4926,L15-1848E-0793N_7394_5018_13,50176,0.00412547831632653,ff487cbfb360c65cd8f93ea8befb1c90d33ad3ff3e65d677b51f5a237d9964da,64990ea6addff6af93b8eace95fbcf586b8f19e678352f7776dc1bc87a88d58f,0.016923804741805184,0.006922237373862147,0.002767316917461172,0.008090068274910621,-0.9944653669105278,0.004313181888515138
sample_4927,L15-1276E-1107N_5105_3761_13,50176,0.02086654974489796,1d8e0b64da679f83aba4cfc9b73785876eab9b776d8541ecbba957b504d17605,64990ea6addff6af93b8eace95fbcf586b8f19e678352f7776dc1bc87a88d58f,0.12627666445588254,0.03943989434378012,0.014141693487953471,0.036686844085492575,-0.9717166136878612,0.02125898504462076
sample_4928,L15-0368E-1245N_1474_3210_13,50176,0.24119100765306123,09a26ff9a24b9bfa35281f5ab86bd161d503bc3879238319c4be19dc1952a12c,64990ea6addff6af93b8eace95fbcf586b8f19e678352f7776dc1bc87a88d58f,0.924371062334906,0.38203574309173766,0.10874414384098989,0.2363795035201933,-0.7825117124099453,0.15081240055032885
sample_4929,L15-1848E-0793N_7394_5018_13,50176,0.03099091198979592,66deceb80dd0c179817451d48c35829c7a8ea911d35fe3c27ef133cc3360a75d,64990ea6addff6af93b8eace95fbcf586b8f19e678352f7776dc1bc87a88d58f,0.16274442462159178,0.05336436639136218,0.010145747555391292,0.02555848550266422,-0.9797085049501939,0.014971582587850593
sample_4930,L15-0544E-1228N_2176_3279_13,50176,0.20194913903061223,ec51b1b7ceaa8551e8243de903463ad69edefad65d349c458503ecfc9570eaa1,64990ea6addff6af93b8eace95fbcf586b8f19e678352f7776dc1bc87a88d58f,1.2760834302146915,0.3592573631757068,0.04918712656826199,0.11607724210995958,-0.9016257474416236,0.07074948286745374
sample_4931,L15-0566E-1185N_2265_3451_13,50176,0.00027901785714285713,daede069d703460dc1275e43c772caa2a215db963efcbfa2dc4eef610aab241d,64990ea6addff6af93b8eace95fbcf586b8f19e678352f7776dc1bc87a88d58f,0.0008727150248887038,0.00041605636706959915,0.000485899581393341,0.001806468196783758,-0.9990282023440139,0.0007773005545318406
sample_4932,L15-1276E-1107N_5105_3761_13,50176,0.07180723852040816,9309949dcc46faa8499d6ddde348705029a31622c934e685514b1626a336d9a7,64990ea6addff6af93b8eace95fbcf586b8f19e678352f7776dc1bc87a88d58f,0.2585814681848239,0.12593128890184857,0.07642994183875924,0.18226332727554673,-0.8471401163722742,0.11305437585336192
sample_4933,L15-0544E-1228N_2176_3279_13,50176,0.1947345344387755,92d02a75d3bcf6b16432f0be874b198905775b9c92f4546cbd2e4145468f2154,64990ea6addff6af93b8eace95fbcf586b8f19e678352f7776dc1bc87a88d58f,1.1583269415902249,0.3563836381215862,0.044925474729246406,0.11711729608800153,-0.9101490508048318,0.06787531489336127
sample_4934,L15-1389E-1284N_5557_3054_13,50176,0.02024872448979592,62098a7d030839fd89a3783e8dfae4a092cc28fb233cc85cc60c2b87a4058681,64990ea6addff6af93b8eace95fbcf586b8f19e678352f7776dc1bc87a88d58f,0.0757453863661692,0.03517930931003317,0.012773927088532294,0.0320333801373199,-0.9744521459959907,0.019137631919949466
sample_4935,L15-0368E-1245N_1474_3210_13,50176,0.26988998724489793,eddfa3f048cbed6bd4883b9ff6b97d07061d52e9074e65c2e3a3558b49d05913,64990ea6addff6af93b8eace95fbcf586b8f19e678352f7776dc1bc87a88d58f,1.218923397448364,0.443540831466445,0.10567733637598932,0.24043987569428682,-0.7886453270627398,0.1512092894653183
sample_4936,L15-1748E-1247N_6993_3202_13,50176,0.00705516581632653,bac2dbb15538fc457fe1c744ef89bab97a66d62ff7d9700709ebe8797be556c3,64990ea6addff6af93b8eace95fbcf586b8f19e678352f7776dc1bc87a88d58f,0.03583027687344592,0.012688324322164966,0.007683274522661327,0.01991729535347248,-0.9846334514129219,0.011511695858910995
sample_4937,L15-1389E-1284N_5557_3054_13,50176,0.00033880739795918367,daede069d703460dc1275e43c772caa2a215db963efcbfa2dc4eef610aab241d,64990ea6addff6af93b8eace95fbcf586b8f19e678352f7776dc1bc87a88d58f,0.0026679065872535985,0.0009214051389177155,0.0022382862932447877,0.007442281990271371,-0.995523428026315,0.003737703417319129
sample_4938,L15-1276E-1107N_5105_3761_13,50176,0.01167889030612245,8dc6e9feab961851134cedd58326a59db86c45efe8ecf57bf865d4a44fbde58f,64990ea6addff6af93b8eace95fbcf586b8f19e678352f7776dc1bc87a88d58f,0.0992500463186431,0.022901538861908596,0.006086825519058929,0.01707660674694398,-0.9878263496119848,0.00936336181749045
sample_4939,L15-0566E-1185N_2265_3451_13,50176,0.0029097576530612247,daede069d703460dc1275e43c772caa2a215db963efcbfa2dc4eef610aab241d,64990ea6addff6af93b8eace95fbcf586b8f19e678352f7776dc1bc87a88d58f,0.008994926258736706,0.004729693710283142,0.002647522209706355,0.007234047048732758,-0.9947049565640942,0.004029220269230077
sample_4940,L15-1014E-1375N_4056_2688_13,50176,0.15003188775510204,34b121608aa4fff18a34db43d2cd8d9779dba76563e6459edbaaf5f234a38461,64990ea6addff6af93b8eace95fbcf586b8f19e678352f7776dc1bc87a88d58f,0.6308889526954683,0.25275474365623357,0.06518919062111717,0.15314708266218705,-0.8696216184855984,0.0945627728566421
sample_4941,L15-1276E-1107N_5105_3761_13,50176,0.010323660714285714,54b327c0cdce54b59c0272a9e6ce36619983f15d23675877bfd9dbc544d3051a,64990ea6addff6af93b8eace95fbcf586b8f19e678352f7776dc1bc87a88d58f,0.074968579064332,0.020166663504570068,0.0034524283801889693,0.012272366628205656,-0.9930951443437523,0.005961082253390268
sample_4942,L15-1276E-1107N_5105_3761_13,50176,0.0196109693877551,0ab9522e017a37a78e436dc7ec7dbf200451fe10b21286fbb1be81d068361ec9,64990ea6addff6af93b8eace95fbcf586b8f19e678352f7776dc1bc87a88d58f,0.12912254102108212,0.0378902540200032,0.011516642819719427,0.029824121600032765,-0.976966714999969,0.01736382063639183
sample_4943,L15-1185E-0935N_4742_4450_13,50176,0.08529974489795919,e605a81418f9a8fc60d0c30b41557a8fa74b30428f722d1d1701c9b5f6f1f1f4,64990ea6addff6af93b8eace95fbcf586b8f19e678352f7776dc1bc87a88d58f,0.29580034848840187,0.14498987047103115,0.05902462325899919,0.1503654865941772,-0.8819507537103003,0.08914950126911661
sample_4944,L15-1276E-1107N_5105_3761_13,50176,0.009526466836734694,724298bd6a5869fc9ecfa577767b325ead7ea966438a991c52103b40e1ece7f9,64990ea6addff6af93b8eace95fbcf586b8f19e678352f7776dc1bc87a88d58f,0.07985480448643459,0.01738751701942473,0.002430586225106096,0.006918114882412634,-0.9951388285848936,0.003625922037275366
sample_4945,L15-1138E-1216N_4553_3325_13,50176,0.05697943239795918,cfab8afb76aefaf832a8be2068961cccb27d44e8d8343b5702fab876c9244784,64990ea6addff6af93b8eace95fbcf586b8f19e678352f7776dc1bc87a88d58f,0.43575445472598867,0.10713613056086968,0.024176418927393625,0.06572745674532769,-0.9516471629779149,0.0372486020103373
sample_4946,L15-0368E-1245N_1474_3210_13,50176,0.22660235969387754,f54e30b4fac7bf945d3ac2e08745dc0230c3583c774d776a7007583093baeadf,64990ea6addff6af93b8eace95fbcf586b8f19e678352f7776dc1bc87a88d58f,0.933709353608781,0.357446397120078,0.11465459558471315,0.25183878424187517,-0.7706908086515574,0.16034073766536172
sample_4947,L15-1014E-1375N_4056_2688_13,50176,0.20519770408163265,af67c0146b88614d6519a22f64ec21f3eba9aba7ceb0aa0be67612ff551e05d4,64990ea6addff6af93b8eace95fbcf586b8f19e678352f7776dc1bc87a88d58f,0.8876414796712397,0.34476950127848205,0.08035366091169227,0.1883222660095358,-0.8392926780609684,0.11600477203016273
sample_4948,L15-1848E-0793N_7394_5018_13,50176,0.023497289540816327,daede069d703460dc1275e43c772caa2a215db963efcbfa2dc4eef610aab241d,64990ea6addff6af93b8eace95fbcf586b8f19e678352f7776dc1bc87a88d58f,0.06415937856499976,0.03653853005508296,0.04034515427976695,0.09589228854963391,-0.9193096911675527,0.0584935610205725
sample_4949,L15-1748E-1247N_6993_3202_13,50176,0.00843032525510204,c442d5ff83ce79e4151e4c61222613c2501cf060699810b7dda105eacfa3aaa7,64990ea6addff6af93b8eace95fbcf586b8f19e678352f7776dc1bc87a88d58f,0.04782506505510026,0.015759229588623604,0.003293310489258444,0.010283270485449334,-0.9934133798788735,0.005291642438816048
sample_4950,L15-0544E-1228N_2176_3279_13,50176,0.1847297512755102,6e2ab5b63375d4fd6fe16ff11ec0ae4d196374f6cdcbceaf302f6ea1ce3285f7,64990ea6addff6af93b8eace95fbcf586b8f19e678352f7776dc1bc87a88d58f,1.0893522344558182,0.32419463069989735,0.061322800491993526,0.14758322164792287,-0.8773543991362084,0.08945305574528196
sample_4951,L15-0358E-1220N_1433_3310_13,50176,0.11063058035714286,993f918f7122021abbee972c619e11e7c397daf72c1233461c92b28e5f94d550,64990ea6addff6af93b8eace95fbcf586b8f19e678352f7776dc1bc87a88d58f,0.3646510683558576,0.1737890358286958,0.06859166566306268,0.14898740135301386,-0.8628166673085498,0.09542160574676045
sample_4952,L15-1210E-1025N_4840_4088_13,50176,0.02405532525510204,b12ffc4f7721d1b9b413442d3488e1436951c77f841967ac1c9b5679a8367d56,64990ea6addff6af93b8eace95fbcf586b8f19e678352f7776dc1bc87a88d58f,0.10777380162740825,0.044839983689704786,0.02617332391436117,0.07968772109231377,-0.9476533529094829,0.04306897905167377
sample_4953,L15-1276E-1107N_5105_3761_13,50176,0.00994499362244898,59a0eda78979febb3d702156e202ac25e31775f8bcdc07166c330509b70069a7,64990ea6addff6af93b8eace95fbcf586b8f19e678352f7776dc1bc87a88d58f,0.07963858008531133,0.01923149268456025,0.0024746381155006133,0.008519843578388288,-0.9950507247843893,0.004111636183701558
sample_4954,L15-0358E-1220N_1433_3310_13,50176,0.09418845663265306,78e291bd2241c13bf692e928334896b6c6843cf1db80d1e1ece6a4c4de127a2f,64990ea6addff6af93b8eace95fbcf586b8f19e678352f7776dc1bc87a88d58f,0.3010433811636763,0.14693010738455703,0.07131432967702384,0.15434718541188527,-0.8573713396706097,0.09897304779612467
sample_4955,L15-1748E-1247N_6993_3202_13,50176,0.017338966836734693,05aa16a849d77d7082a1124599e372bd0fa7374483fc5c7ce6bf55b6559ca69b,64990ea6addff6af93b8eace95fbcf586b8f19e678352f7776dc1bc87a88d58f,0.06017243760418344,0.02968052244707406,0.01884980482400908,0.047209040095157195,-0.9623003913219236,0.02785708844876001
sample_4956,L15-1748E-1247N_6993_3202_13,50176,0.0015744579081632653,b15c44d77dcdd305c471ca75001b82cd1f9aa64345316764e3127499ddc6c725,64990ea6addff6af93b8eace95fbcf586b8f19e678352f7776dc1bc87a88d58f,0.010565709833786322,0.003297680103613484,0.003519897559439117,0.010872198150974646,-0.9929602059088922,0.0056299754603968905
sample_4957,L15-1748E-1247N_6993_3202_13,50176,0.010642538265306123,904ca584eaf4ca54f92a64cd38a1211a60a98120a037882cf6c5f2487a8cc3ed,64990ea6addff6af93b8eace95fbcf586b8f19e678352f7776dc1bc87a88d58f,0.062009905336618994,0.02016468707776595,0.006136035495580231,0.018637957203769026,-0.9877279302512724,0.009853336733125866
sample_4958,L15-0566E-1185N_2265_3451_13,50176,0.0011160714285714285,1706b9164e7060a4a2cd1520b965b41282ef99addb275a90aaabf6475522d5d2,64990ea6addff6af93b8eace95fbcf586b8f19e678352f7776dc1bc87a88d58f,0.0029177503860266913,0.001490060883732883,0.0014387448710313409,0.003927850572350484,-0.9971225112344732,0.0021143056037223936
sample_4959,L15-1138E-1216N_4553_3325_13,50176,0.07220583545918367,402f77d8db7db8ec0faca3574f956b636ac6b55ec5f133591b6cbcbe801c9267,64990ea6addff6af93b8eace95fbcf586b8f19e678352f7776dc1bc87a88d58f,0.29438733293085684,0.12445068408110013,0.04626053397196858,0.11723366573360684,-0.9074789323383846,0.06959886888933899
sample_4960,L15-0368E-1245N_1474_3210_13,50176,0.2204639668367347,dd9c75c9b969e1f55ab33b29a3a2dbd7ef229a1177f39e3f97e2d4fccf712e3b,64990ea6addff6af93b8eace95fbcf586b8f19e678352f7776dc1bc87a88d58f,1.0146296960925385,0.358275622402346,0.1009523764167133,0.22544382428728973,-0.7980952472017813,0.14221120924245664
sample_4961,L15-1748E-1247N_6993_3202_13,50176,0.009984853316326531,0805f537414a655f68d34d0a4f416425e2e042c6250f17b35db9b4fa7e429343,64990ea6addff6af93b8eace95fbcf586b8f19e678352f7776dc1bc87a88d58f,0.043884512608210274,0.019736827338147897,0.01931538312501103,0.04768606837881971,-0.961369234416437,0.028500583433582114
sample_4962,L15-1848E-0793N_7394_5018_13,50176,0.062420280612244895,fd57df05f4c1f9a76a932f68775f87236e3ebc61aeaa4ae7cc1b7c9f5943a91d,64990ea6addff6af93b8eace95fbcf586b8f19e678352f7776dc1bc87a88d58f,0.21816645291656844,0.10099004686000185,0.038564445885677576,0.09149980004041798,-0.9228711075989533,0.05577236981452813
sample_4963,L15-1210E-1025N_4840_4088_13,50176,0.006198182397959184,5d22989ec7f3a614e48a12891579fb17234e0bdffb6dd4c711fca345329f38da,64990ea6addff6af93b8eace95fbcf586b8f19e678352f7776dc1bc87a88d58f,0.04324715944936793,0.015326705999960317,0.010806359799711831,0.03102327656659042,-0.9783872811579186,0.017155475693656257
sample_4964,L15-1276E-1107N_5105_3761_13,50176,0.08175223214285714,9597c1dec98353bb25b108438f21bda9d9cb47b36488dd3f7400a60e0fc7f317,64990ea6addff6af93b8eace95fbcf586b8f19e678352f7776dc1bc87a88d58f,0.31362014343022376,0.13866310266755139,0.07385213953224296,0.16105086806764338,-0.8522957212367422,0.10268592309661229
sample_4965,L15-1389E-1284N_5557_3054_13,50176,0.0005978954081632653,daede069d703460dc1275e43c772caa2a215db963efcbfa2dc4eef610aab241d,64990ea6addff6af93b8eace95fbcf586b8f19e678352f7776dc1bc87a88d58f,0.004524322900162136,0.0018568996487893616,0.003656859125951495,0.010578240197649512,-0.992686282685914,0.00578162331313833
sample_4966,L15-1276E-1107N_5105_3761_13,50176,0.01943160076530612,2eeec79626ba58067e092e51e3540a5c898ec973d9523358af10167519be38af,64990ea6addff6af93b8eace95fbcf586b8f19e678352f7776dc1bc87a88d58f,0.14073801426477014,0.03665419891328828,0.006350313549699756,0.017897588973918663,-0.9872993738780956,0.009819475219923966
sample_4967,L15-0368E-1245N_1474_3210_13,50176,0.23826132015306123,09a26ff9a24b9bfa35281f5ab86bd161d503bc3879238319c4be19dc1952a12c,64990ea6addff6af93b8eace95fbcf586b8f19e678352f7776dc1bc87a88d58f,0.9198319391134012,0.37836363590721006,0.10697038028726583,0.23387776316628586,-0.7860592393310402,0.14897632590214174
sample_4968,L15-1276E-1107N_5105_3761_13,50176,0.009068080357142858,0c89eeff13ad47ab2daa80d21e8bc00766726ab0d351b526ca69b532460e5f0e,64990ea6addff6af93b8eace95fbcf586b8f19e678352f7776dc1bc87a88d58f,0.08299829725187699,0.01755683863428954,0.0012346540473173468,0.004092456771647863,-0.9975306923510886,0.001964347612009979
sample_4969,L15-1748E-1247N_6993_3202_13,50176,0.009247448979591837,80d19f5679f929b844dac7439d7fa30c1146336ba0dab61bd7fc0c57b67dd90b,64990ea6addff6af93b8eace95fbcf586b8f19e678352f7776dc1bc87a88d58f,0.053015626279085105,0.01691383652648032,0.0038486779002206667,0.010863696533781069,-0.9923026451275996,0.005947752314491425
sample_4970,L15-1276E-1107N_5105_3761_13,50176,0.012097417091836735,a9af190ced3656f1cbb1029f64fc4dea70d1710a1387d8a8879105707a22458e,64990ea6addff6af93b8eace95fbcf586b8f19e678352f7776dc1bc87a88d58f,0.08481913049134072,0.02316183882603409,0.006591385448997726,0.02066202658450324,-0.9868172308419004,0.010722855854656219
sample_4971,L15-1848E-0793N_7394_5018_13,50176,0.03716916454081633,daede069d703460dc1275e43c772caa2a215db963efcbfa2dc4eef610aab241d,64990ea6addff6af93b8eace95fbcf586b8f19e678352f7776dc1bc87a88d58f,0.24900703791466902,0.06386290099672767,0.012781935993448965,0.030798960803228706,-0.9744361274478753,0.018474310182641014
sample_4972,L15-1210E-1025N_4840_4088_13,50176,0.07674984056122448,cd8ce1f7bff06663de9207f9b7adfc2e0ae8f3f8a0dcda7a875dbbf718a589ea,64990ea6addff6af93b8eace95fbcf586b8f19e678352f7776dc1bc87a88d58f,0.2983547068932794,0.13908186123531854,0.05083439008532358,0.14664487439445698,-0.8983312200764549,0.08294942184143937
sample_4973,L15-0566E-1185N_2265_3451_13,50176,0.008131377551020409,9b8c72e76203436b129ee280ad1f4016bfc3411a708b063d5f7600e61e662d37,64990ea6addff6af93b8eace95fbcf586b8f19e678352f7776dc1bc87a88d58f,0.02720987765538413,0.011924850126599442,0.0055271678649326215,0.012793351029928766,-0.9889456652551586,0.007779387448289168
sample_4974,L15-1014E-1375N_4056_2688_13,50176,0.09327168367346939,d98e196100229314e6090d407b7e7ee710a92878f825012e94907122f7123145,64990ea6addff6af93b8eace95fbcf586b8f19e678352f7776dc1bc87a88d58f,0.3731646665497744,0.14998999855145181,0.043431092514561453,0.09753757447435125,-0.9131378142916349,0.0611228536236517
sample_4975,L15-0368E-1245N_1474_3210_13,50176,0.2193279655612245,e8d16cc4a8a0ba8eae6494ae9fdef4578e59c47a2977cc9ffee5d71a5cc441ce,64990ea6addff6af93b8eace95fbcf586b8f19e678352f7776dc1bc87a88d58f,0.9972640963980893,0.35792404225364766,0.1016385639122003,0.22714740123859536,-0.7967228719166372,0.14340768946287924
sample_4976,L15-0358E-1220N_1433_3310_13,50176,0.11298230229591837,993f918f7122021abbee972c619e11e7c397daf72c1233461c92b28e5f94d550,64990ea6addff6af93b8eace95fbcf586b8f19e678352f7776dc1bc87a88d58f,0.38071341723267677,0.17487758568415343,0.06551936422165826,0.1437997791271265,-0.8689612703600947,0.09148172613206337
sample_4977,L15-1138E-1216N_4553_3325_13,50176,0.12747130102040816,927db7f45983666df4c0180796567eadc7a197c7fbd1c63def98143e4addb85b,64990ea6addff6af93b8eace95fbcf586b8f19e678352f7776dc1bc87a88d58f,0.4426078125885788,0.20726534698373433,0.07829377322210646,0.1818090892399064,-0.8434124537304005,0.11241970405255705
sample_4978,L15-0544E-1228N_2176_3279_13,50176,0.17414700255102042,515f3ec72a04a910fe91c4453ea6534729020ef46a9470c74364a471e565304c,64990ea6addff6af93b8eace95fbcf586b8f19e678352f7776dc1bc87a88d58f,0.942140630915266,0.30998316891484634,0.06090100515961685,0.1510067668062844,-0.8781979896418506,0.09023950571105695
sample_4979,L15-1748E-1247N_6993_3202_13,50176,0.00918765943877551,75205dab67e45881279bcaf9bc177c9256fa9a0560946274005043959fea2a15,64990ea6addff6af93b8eace95fbcf586b8f19e678352f7776dc1bc87a88d58f,0.06366285341708103,0.01800227464730473,0.006759683689463655,0.020131893969109298,-0.986480633076307,0.010845930574534863
sample_4980,L15-0358E-1220N_1433_3310_13,50176,0.011698820153061224,30e62081edeae72dd7382278f017fe5e1ede4b46049f70ddec9126898b7e76ed,64990ea6addff6af93b8eace95fbcf586b8f19e678352f7776dc1bc87a88d58f,0.07835087987791561,0.021587954943864646,0.0047534868841021495,0.01317988749679381,-0.9904930271611057,0.007267815024170516
sample_4981,L15-1014E-1375N_4056_2688_13,50176,0.08472177933673469,00d01b904a2568fb4fff7e82e5bdffdacf38cb3a847dc31f665dd718a59a8b3f,64990ea6addff6af93b8eace95fbcf586b8f19e678352f7776dc1bc87a88d58f,0.30643503611624806,0.13942298884458992,0.06337336096461216,0.1433649441088226,-0.8732532776314892,0.0901758547669204
sample_4982,L15-0368E-1245N_1474_3210_13,50176,0.2725207270408163,91a371a3fd630aadab1e5502bfad1416c3dee4aeb8ad17c61e6bef56d2b2f88f,64990ea6addff6af93b8eace95fbcf586b8f19e678352f7776dc1bc87a88d58f,1.117930843407468,0.4403692869362549,0.11766986321059189,0.26500124065632996,-0.7646602735474809,0.1675378440585222
sample_4983,L15-1185E-0935N_4742_4450_13,50176,0.08302774234693877,3de67333e2d8e3388ae871be7579c3ac4dbbeaae3aa1bd501743cd6f64ba74b1,64990ea6addff6af93b8eace95fbcf586b8f19e678352f7776dc1bc87a88d58f,0.3045319573041362,0.14271789726885145,0.05762326425150493,0.14669535544396742,-0.8847534715897056,0.0871429033009438
sample_4984,L15-1210E-1025N_4840_4088_13,50176,0.056640625,e675dce1fb7b17fc5dfa34b1d104307db29b4bd9ee1818dd62fb5ef97ff150ce,64990ea6addff6af93b8eace95fbcf586b8f19e678352f7776dc1bc87a88d58f,0.2217477517104255,0.09330993406017529,0.04419010190996436,0.10259587465666188,-0.9116197968317481,0.06378761755132417
sample_4985,L15-1848E-0793N_7394_5018_13,50176,0.0021723533163265306,daede069d703460dc1275e43c772caa2a215db963efcbfa2dc4eef610aab241d,64990ea6addff6af93b8eace95fbcf586b8f19e678352f7776dc1bc87a88d58f,0.011150230399409608,0.005280799080591206,0.008748146695826126,0.022061895513641218,-0.9825037066518173,0.013104432974709587
sample_4986,L15-1389E-1284N_5557_3054_13,50176,0.0018933354591836734,20b85f93cecbb7ff683f7dd266e032daa5c614fe6af004fd5db1480b48a1860b,64990ea6addff6af93b8eace95fbcf586b8f19e678352f7776dc1bc87a88d58f,0.011102276302287085,0.0041477038814653295,0.0033481741758842705,0.009725657235910736,-0.9933036523660825,0.005259080373807941
sample_4987,L15-1748E-1247N_6993_3202_13,50176,0.019072863520408163,0a5c686a4fadee905c2782d34cd6c676baed5a11e6b99a8cc51bc7a9d7e924fa,64990ea6addff6af93b8eace95fbcf586b8f19e678352f7776dc1bc87a88d58f,0.06260424694905378,0.02985870174843384,0.013451643219236665,0.03214901806618974,-0.973096714588741,0.01933712840002817
sample_4988,L15-1848E-0793N_7394_5018_13,50176,0.010483099489795918,daede069d703460dc1275e43c772caa2a215db963efcbfa2dc4eef610aab241d,64990ea6addff6af93b8eace95fbcf586b8f19e678352f7776dc1bc87a88d58f,0.03776628355421396,0.01969634715322401,0.026778577358880062,0.06595920848025971,-0.9464428451629903,0.039557182857709816
sample_4989,L15-1389E-1284N_5557_3054_13,50176,0.08559869260204081,2cf1de0ed397a568467dee32640f3bb63dc78aba4e3ce5ca615020e1964e5cea,64990ea6addff6af93b8eace95fbcf586b8f19e678352f7776dc1bc87a88d58f,0.3816840809275613,0.14526990810391047,0.03791412100319427,0.08840110469946975,-0.9241717578274465,0.054421386275889556
sample_4990,L15-0368E-1245N_1474_3210_13,50176,0.1697624362244898,8a71cc68dc15a0141f27b182e59de024ebeae58be73b9bbfbe94aa2400e89883,64990ea6addff6af93b8eace95fbcf586b8f19e678352f7776dc1bc87a88d58f,0.638155913287432,0.26148378439617087,0.08041106578680135,0.1676120731790107,-0.8391778677130334,0.10906236906062403
sample_4991,L15-0368E-1245N_1474_3210_13,50176,0.2715640943877551,91a371a3fd630aadab1e5502bfad1416c3dee4aeb8ad17c61e6bef56d2b2f88f,64990ea6addff6af93b8eace95fbcf586b8f19e678352f7776dc1bc87a88d58f,1.1869194310627664,0.44271721706703854,0.1060601009901765,0.24136359534055005,-0.7878797982368531,0.15166565273356641
sample_4992,L15-1848E-0793N_7394_5018_13,50176,0.06373565051020408,daeae34d19a34358b371d036075eb570563a16b4b6451c09d83b1693f2454641,64990ea6addff6af93b8eace95fbcf586b8f19e678352f7776dc1bc87a88d58f,0.20531347571583608,0.10038652782328561,0.039597673272733024,0.09228971202030671,-0.9208046531250202,0.05669523562363574
sample_4993,L15-1748E-1247N_6993_3202_13,50176,0.0107421875,e0b28b48d0fa95bae0437d4cfd114b66a5c641426a55cb63ad6e50d641cd7ec4,64990ea6addff6af93b8eace95fbcf586b8f19e678352f7776dc1bc87a88d58f,0.04413281670420971,0.019928415804696696,0.016575662543930645,0.04165859255220701,-0.9668486755500383,0.024411636048693466
sample_4994,L15-0368E-1245N_1474_3210_13,50176,0.2642299107142857,f934ed4c0494635142905ca5e56cd1188b4ae5ac69da8e0c0740c2cb86120855,64990ea6addff6af93b8eace95fbcf586b8f19e678352f7776dc1bc87a88d58f,1.2224882433403048,0.4342851744058618,0.10344827752702926,0.2335859352463507,-0.7931034448492631,0.14716614439162862
sample_4995,L15-1210E-1025N_4840_4088_13,50176,0.004205197704081632,28f4b5265fc72703783860b70bb90f1970fc9af9fb89f3ca483772997e36f8fe,64990ea6addff6af93b8eace95fbcf586b8f19e678352f7776dc1bc87a88d58f,0.041107054006827064,0.016517577050153293,0.02133826487602628,0.05807072643730954,-0.9573234712034838,0.0327172731119182
sample_4996,L15-1138E-1216N_4553_3325_13,50176,0.1509685905612245,d9d70f2f23110c7b839546b3551bd9d1327b4aba8e6123577bc13f4b7fc5973f,64990ea6addff6af93b8eace95fbcf586b8f19e678352f7776dc1bc87a88d58f,0.563100627523721,0.24796894439211495,0.08620521546773878,0.1982852826072995,-0.8275895690523876,0.12315613060874274
sample_4997,L15-1138E-1216N_4553_3325_13,50176,0.07073102678571429,8bfecfa83098cf7483fbe0c91d7df588827833bdba45e96a0285578e26ec962e,64990ea6addff6af93b8eace95fbcf586b8f19e678352f7776dc1bc87a88d58f,0.35438394368923365,0.1269472238860494,0.0357344831204593,0.09248702214706027,-0.9285310340371841,0.054242052000942655
sample_4998,L15-1014E-1375N_4056_2688_13,50176,0.20623405612244897,c0dd63260e5724a81102c7f02628c98f235c09e83cce794924e581c0b94278db,64990ea6addff6af93b8eace95fbcf586b8f19e678352f7776dc1bc87a88d58f,0.8753591724536895,0.3413992838482427,0.0868544449865799,0.20036712547231267,-0.8262911096891504,0.1248242133967717
sample_4999,L15-1014E-1375N_4056_2688_13,50176,0.20455994897959184,1a10179c5729a4e227de13c8d12e0f8c8e37481143700319d7de1b1fa31be60b,64990ea6addff6af93b8eace95fbcf586b8f19e678352f7776dc1bc87a88d58f,0.8710929999790257,0.34337593449073345,0.08933016973457356,0.20710234282472126,-0.8213396602482542,0.12876974851169476
sample_5000,L15-1748E-1247N_6993_3202_13,50176,0.0013950892857142857,6151bfd2392578824ed2981d3e73d02e4cb94ebbedff03525b250b192f386c40,64990ea6addff6af93b8eace95fbcf586b8f19e678352f7776dc1bc87a88d58f,0.01167612777574721,0.0036635441892082514,0.004441004941401509,0.013981722246275651,-0.9911179905042906,0.007210076530678077
sample_5001,L15-1276E-1107N_5105_3761_13,50176,0.009825414540816327,f237d99cfc272602a1c3e148b679b755ccd3b4db2558d4aca7859ed0f33b1c3b,64990ea6addff6af93b8eace95fbcf586b8f19e678352f7776dc1bc87a88d58f,0.07747111759610475,0.01908339946986596,0.0025429436141073854,0.00907664012453581,-0.9949141145638233,0.004256127404940257
sample_5002,L15-0368E-1245N_1474_3210_13,50176,0.23200334821428573,09a26ff9a24b9bfa35281f5ab86bd161d503bc3879238319c4be19dc1952a12c,64990ea6addff6af93b8eace95fbcf586b8f19e678352f7776dc1bc87a88d58f,0.9556122921443256,0.3766843108601416,0.09440003724160548,0.2115079897964678,-0.811199925280465,0.13321572970155443
sample_5003,L15-0566E-1185N_2265_3451_13,50176,1.992984693877551e-05,daede069d703460dc1275e43c772caa2a215db963efcbfa2dc4eef610aab241d,64990ea6addff6af93b8eace95fbcf586b8f19e678352f7776dc1bc87a88d58f,0.00037647427648285973,8.756989939367412e-05,0.0003484031078595744,0.0014866352364147847,-0.9993031946750938,0.0006111075762085207
sample_5004,L15-1138E-1216N_4553_3325_13,50176,0.13444674744897958,f5fe16fc10595648e34cce85ad25379382be5d44095d25e2e59db9e7c80ce33f,64990ea6addff6af93b8eace95fbcf586b8f19e678352f7776dc1bc87a88d58f,0.5150756458261876,0.22506537700406173,0.0716748850453379,0.17238298225753335,-0.8566502301095417,0.10485123434785269
sample_5005,L15-1276E-1107N_5105_3761_13,50176,0.018136160714285716,1b8a9d246a3a9ab2d99186a6a210b6be758f6bc856ec79e326700ef2ffce5f5b,64990ea6addff6af93b8eace95fbcf586b8f19e678352f7776dc1bc87a88d58f,0.10568942189673412,0.03428462787845458,0.013518435071574107,0.03412507445815419,-0.9729631303230781,0.020006879363654726
sample_5006,L15-1014E-1375N_4056_2688_13,50176,0.09612165178571429,8cc510d97eb2488d72a560b3afb87b33272ca3538772a8b2701623f19db080c3,64990ea6addff6af93b8eace95fbcf586b8f19e678352f7776dc1bc87a88d58f,0.38803901541255587,0.15296785975235677,0.04473994672773596,0.10109885404336379,-0.9105201054813279,0.06322532999325152
sample_5007,L15-0368E-1245N_1474_3210_13,50176,0.22470902423469388,42ef280738a3e8eeb4854f9fc802298185f5e8d303daa7cd0eedaf4726d340a6,64990ea6addff6af93b8eace95fbcf586b8f19e678352f7776dc1bc87a88d58f,1.193871225374379,0.37339130795026754,0.08810762651217151,0.19851367583897864,-0.8237847469610866,0.12472795369556292
sample_5008,L15-1389E-1284N_5557_3054_13,50176,0.022321428571428572,bade1c8aca4f3a46ad1d3b9f9f528ecfc84b98ff2d9ea93d345580da9832da1a,64990ea6addff6af93b8eace95fbcf586b8f19e678352f7776dc1bc87a88d58f,0.07935422075606395,0.03858422448707336,0.02023564818034861,0.04814273800808963,-0.9595287035540486,0.02972751990604964
sample_5009,L15-0544E-1228N_2176_3279_13,50176,0.205078125,8a22ec6591ad77ef5cd0277e022618139976df413a206362e9f185b01c762533,64990ea6addff6af93b8eace95fbcf586b8f19e678352f7776dc1bc87a88d58f,1.1329833555146944,0.3600085683313587,0.06476097405835872,0.1563391579305274,-0.8704780519529477,0.09453861317984026
sample_5010,L15-0368E-1245N_1474_3210_13,50176,0.22488839285714285,6a214b8e273aa9464c1437e8c8655aebda376266790f9ae8334b06a855a992ee,64990ea6addff6af93b8eace95fbcf586b8f19e678352f7776dc1bc87a88d58f,0.9608483982215227,0.3615635691502898,0.11092732509845221,0.24698209133228113,-0.7781453495255624,0.15657497396677394
sample_5011,L15-1185E-0935N_4742_4450_13,50176,0.16362404336734693,7040510f093de346fc8f9ccded724835cb6f36df710d0fe84918a86d0d3bb163,64990ea6addff6af93b8eace95fbcf586b8f19e678352f7776dc1bc87a88d58f,0.5537379903819195,0.27267913901913365,0.1154436926827861,0.2655677547092023,-0.7691126144543049,0.16713874265590323
sample_5012,L15-0368E-1245N_1474_3210_13,50176,0.270687181122449,1c0fd0c42b6366554b6aa282b80fde871d289b3657b5a0768249ce5b0cbe6180,64990ea6addff6af93b8eace95fbcf586b8f19e678352f7776dc1bc87a88d58f,1.1594830038441633,0.4419236202888598,0.10595916045891425,0.242848582513184,-0.7880816789411811,0.15215228925420574
sample_5013,L15-1138E-1216N_4553_3325_13,50176,0.1306999362244898,c8c346e141fcbbb9a39558827860677e0b4795e50ac643e315adbb0663d30e3c,64990ea6addff6af93b8eace95fbcf586b8f19e678352f7776dc1bc87a88d58f,0.4612631190801745,0.21537466909619937,0.07455950512607791,0.17975586639464197,-0.8508809899557439,0.10907220346011978
sample_5014,L15-0544E-1228N_2176_3279_13,50176,0.20143096301020408,3864b6554db14b1d24bcdad6e689dc05808f8dc10ef8eeeb7100a3f7dde3948d,64990ea6addff6af93b8eace95fbcf586b8f19e678352f7776dc1bc87a88d58f,1.121762095807814,0.352633857606449,0.05651719301193002,0.13488149697628377,-0.8869656142123703,0.0819187838937669
sample_5015,L15-1276E-1107N_5105_3761_13,50176,0.009287308673469387,b7c2cf9c5438485a2d17190cc28fcf04188388b4ba3c8b1ab60b1886acad62d9,64990ea6addff6af93b8eace95fbcf586b8f19e678352f7776dc1bc87a88d58f,0.0634372964058451,0.018012529940957357,0.005208020020105249,0.016050728100108106,-0.9895839614471118,0.008395860780957984
sample_5016,L15-1848E-0793N_7394_5018_13,50176,0.037587691326530615,daede069d703460dc1275e43c772caa2a215db963efcbfa2dc4eef610aab241d,64990ea6addff6af93b8eace95fbcf586b8f19e678352f7776dc1bc87a88d58f,0.23258943287624245,0.06396263490115994,0.012945709853404562,0.03106440536632548,-0.9741085800681318,0.01868299580178105
sample_5017,L15-0358E-1220N_1433_3310_13,50176,0.060427295918367346,70f285bda9245120d69c0c8fe06f55c2393768d6eae4992c015d29615f1cecc3,64990ea6addff6af93b8eace95fbcf586b8f19e678352f7776dc1bc87a88d58f,0.23741099791140932,0.09861123285187202,0.038939348090563576,0.08847037029671338,-0.9221213034933162,0.05515223944974751
sample_5018,L15-1389E-1284N_5557_3054_13,50176,0.08045679209183673,ae78978381e80b4a163b1ffe42246f4fb9d38dafcdee51fc73c0ae6eaa7fb827,64990ea6addff6af93b8eace95fbcf586b8f19e678352f7776dc1bc87a88d58f,0.4105311492031876,0.14162053436098265,0.03405760970840953,0.08076483694019991,-0.9318847802458058,0.04955811197717539
sample_5019,L15-0544E-1228N_2176_3279_13,50176,0.16940369897959184,437b8fc23e774251feadae59d239a452e38ddc1b20234eb894adce167fba9a7d,64990ea6addff6af93b8eace95fbcf586b8f19e678352f7776dc1bc87a88d58f,0.9944796303355364,0.30805023976390283,0.054475319808187456,0.13961178339498687,-0.8910493605636455,0.08225923529262968
sample_5020,L15-1138E-1216N_4553_3325_13,50176,0.05337213010204082,16bac2c1b072b2f9c12ef37174054657ec4d1e632292862af6f76000b84f43fa,64990ea6addff6af93b8eace95fbcf586b8f19e678352f7776dc1bc87a88d58f,0.26625445019463156,0.09319768053522152,0.03964084720985052,0.10012212658651122,-0.9207183059584466,0.059082622905045165
sample_5021,L15-1748E-1247N_6993_3202_13,50176,0.019371811224489797,361d3c5476024eea0fcff57b850d6066296a954686bd470b405003be40eac3a4,64990ea6addff6af93b8eace95fbcf586b8f19e678352f7776dc1bc87a88d58f,0.07927734055241266,0.0332088126245675,0.016166857566104784,0.04011408973208911,-0.9676662856008739,0.023897619239326127
sample_5022,L15-1185E-0935N_4742_4450_13,50176,0.08229033801020408,7354c12098c8851f8f4d707e037862aec5a5d67bc31417324af5c515832f7541,64990ea6addff6af93b8eace95fbcf586b8f19e678352f7776dc1bc87a88d58f,0.2886754613525248,0.13636688036356245,0.06262320576102606,0.15507725629792302,-0.8747535886536943,0.09336966497065793
sample_5023,L15-1014E-1375N_4056_2688_13,50176,0.09072066326530612,2b7947f6a6d3d44debe81478ffa745a80879c6a591d0aff0e61ea1cbc0fb5cbb,64990ea6addff6af93b8eace95fbcf586b8f19e678352f7776dc1bc87a88d58f,0.3249617538325472,0.146399087607081,0.06675842367183911,0.15091365411015686,-0.8664831528045848,0.09475449715871129
sample_5024,L15-0358E-1220N_1433_3310_13,50176,0.10325653698979592,39eeab068c80b551b5323a175c2907f5eafba6205336249ceabc38f8c14085be,64990ea6addff6af93b8eace95fbcf586b8f19e678352f7776dc1bc87a88d58f,0.31214978980469826,0.15512442447756836,0.06838332022046101,0.14707492926012006,-0.8632333589187123,0.0942765013690861
sample_5025,L15-1185E-0935N_4742_4450_13,50176,0.07788584183673469,78e69a7f9bf9c732ccaf681795f58ce17f4a459e284116f6d4f8d7131b73f96e,64990ea6addff6af93b8eace95fbcf586b8f19e678352f7776dc1bc87a88d58f,0.31486210947065846,0.13724859271008388,0.054350853385641336,0.14086393941635617,-0.8912982937040819,0.08289897375894757
sample_5026,L15-1389E-1284N_5557_3054_13,50176,0.0020129145408163264,20b85f93cecbb7ff683f7dd266e032daa5c614fe6af004fd5db1480b48a1860b,64990ea6addff6af93b8eace95fbcf586b8f19e678352f7776dc1bc87a88d58f,0.013513532747014301,0.00416814237034078,0.002584618827499145,0.00740037494842324,-0.9948307628621937,0.004032762534122854
sample_5027,L15-0544E-1228N_2176_3279_13,50176,0.19202407525510204,6056fdac024de969a85dc8f2425cf2700003802ae9ad2783ad5f8c93e9b4e628,64990ea6addff6af93b8eace95fbcf586b8f19e678352f7776dc1bc87a88d58f,1.127444288750231,0.35298491547640715,0.04275448199679923,0.11427502044319986,-0.9144910362242346,0.06551572356972733
sample_5028,L15-1014E-1375N_4056_2688_13,50176,0.09199617346938775,f32e732beb708ce26593e2fcf25e0525643b72f959ef1d8a11bdf69bbb519603,64990ea6addff6af93b8eace95fbcf586b8f19e678352f7776dc1bc87a88d58f,0.3569561136538202,0.14707411681729074,0.04599672574098507,0.10289097829344886,-0.9080065480835018,0.06457929089093413
sample_5029,L15-1276E-1107N_5105_3761_13,50176,0.07868303571428571,9c35a5afb4b204c8c7c6236f786923f731fbe44faa6a70a1c63af48995e7dc2e,64990ea6addff6af93b8eace95fbcf586b8f19e678352f7776dc1bc87a88d58f,0.3103540369175008,0.1361848537896886,0.06181522351285747,0.1455137838720837,-0.8763695532917689,0.0897342251183169
sample_5030,L15-0358E-1220N_1433_3310_13,50176,0.10869738520408163,993f918f7122021abbee972c619e11e7c397daf72c1233461c92b28e5f94d550,64990ea6addff6af93b8eace95fbcf586b8f19e678352f7776dc1bc87a88d58f,0.399900080335918,0.17313496845778362,0.06093274587313929,0.13635773537205584,-0.8781345072383994,0.08612474703701599
sample_5031,L15-1185E-0935N_4742_4450_13,50176,0.1641422193877551,c335a267331ff8a4178de662e6329295619d064b5fc2bdcfaa57d0885eb3cf61,64990ea6addff6af93b8eace95fbcf586b8f19e678352f7776dc1bc87a88d58f,0.5577855948819531,0.27641794701788563,0.11256597860008288,0.2654246878344781,-0.7748680428346755,0.16554018569813306
sample_5032,L15-0358E-1220N_1433_3310_13,50176,0.06493144132653061,a78c190d22c26a8f3fc9e4c93749a36de1739994cc2db5faecb2782883418dd8,64990ea6addff6af93b8eace95fbcf586b8f19e678352f7776dc1bc87a88d58f,0.2355239543182259,0.10275962939018969,0.042545059138709415,0.09408432112563608,-0.9149098810362821,0.05943123495723955
sample_5033,L15-0358E-1220N_1433_3310_13,50176,0.025251116071428572,c6d004a6f31fcfaa197ec31b2a3c3fe6c028f2c79bcd12d24c18c4a4123efe27,64990ea6addff6af93b8eace95fbcf586b8f19e678352f7776dc1bc87a88d58f,0.1251426626360649,0.04486875581308771,0.01239504720730593,0.031777766468609775,-0.9752099057676686,0.018672964562319615
sample_5034,L15-1185E-0935N_4742_4450_13,50176,0.0774673150510204,15b1038407c3b38ddee09dd61d374eb9d4457d7701152361d2d6a8a65b8253d7,64990ea6addff6af93b8eace95fbcf586b8f19e678352f7776dc1bc87a88d58f,0.3118759858431299,0.13418734794891268,0.05119898219412307,0.13015046865221272,-0.897602035857319,0.07718951347936148
sample_5035,L15-1210E-1025N_4840_4088_13,50176,0.07306281887755102,1e59025b0e3d5e1a658d290ff8c8267b7ef67793effae7d7a846e3844d10ab87,64990ea6addff6af93b8eace95fbcf586b8f19e678352f7776dc1bc87a88d58f,0.2306303652207356,0.11424080924280479,0.061970735745675555,0.13604356626670464,-0.876058529205758,0.08624773169174174
sample_5036,L15-1389E-1284N_5557_3054_13,50176,0.08761160714285714,5003c41e614752912b7d0ebe32fc0373dcce0cef03627020e720c08791df07b7,64990ea6addff6af93b8eace95fbcf586b8f19e678352f7776dc1bc87a88d58f,0.39122154784860397,0.14789755532382964,0.04673519866702584,0.10588142918641605,-0.9065296019727319,0.0664252533141061
sample_5037,L15-1748E-1247N_6993_3202_13,50176,0.0008569834183673469,8daf05172d2a1e9d9040274604059e0f5864e4bd4a436cfba6947e7340d3e376,64990ea6addff6af93b8eace95fbcf586b8f19e678352f7776dc1bc87a88d58f,0.005582783609998643,0.00175677183530721,0.0009191486644748674,0.0035431525428728725,-0.9981617036872843,0.0015768918134438582
sample_5038,L15-1848E-0793N_7394_5018_13,50176,0.019152582908163265,daede069d703460dc1275e43c772caa2a215db963efcbfa2dc4eef610aab241d,64990ea6addff6af93b8eace95fbcf586b8f19e678352f7776dc1bc87a88d58f,0.05870482029187461,0.03264583774605449,0.03938431325083484,0.09200694021261457,-0.921231373356713,0.0565928715459542
sample_5039,L15-0566E-1185N_2265_3451_13,50176,0.0013751594387755102,daede069d703460dc1275e43c772caa2a215db963efcbfa2dc4eef610aab241d,64990ea6addff6af93b8eace95fbcf586b8f19e678352f7776dc1bc87a88d58f,0.0042166456574439575,0.0021344561743035836,0.0011314098908546933,0.0033401638036630937,-0.9977371814057118,0.0017207810691156039
sample_5040,L15-1389E-1284N_5557_3054_13,50176,0.014628507653061224,d4669ea5fcf6e12bda6c602c16c67017969c4f5d442bbe732584fa9d05b79cc6,64990ea6addff6af93b8eace95fbcf586b8f19e678352f7776dc1bc87a88d58f,0.05860881771060124,0.026292897931721793,0.011987864534009476,0.030376502821573285,-0.9760242711847469,0.01813947966162922
sample_5041,L15-0544E-1228N_2176_3279_13,50176,0.15485491071428573,dec7ad43d0d7a130932675b62bd83fa139e813f65b769b29674eccb766022776,64990ea6addff6af93b8eace95fbcf586b8f19e678352f7776dc1bc87a88d58f,0.810067704410502,0.2777911529447218,0.05230375822771303,0.1360845768236556,-0.8953924839651427,0.07930831577066637
sample_5042,L15-1389E-1284N_5557_3054_13,50176,0.08225047831632654,0b9c8cb40160b27bd09b3a4a2afe1e72fb01e4bb6ce2aef02b452ad00ebe8683,64990ea6addff6af93b8eace95fbcf586b8f19e678352f7776dc1bc87a88d58f,0.4024930817604812,0.1445897136026866,0.03216418033769848,0.0788802957895533,-0.9356716392108273,0.04742421657277083
sample_5043,L15-1748E-1247N_6993_3202_13,50176,0.011479591836734694,b3595293d496d1104982a7f663c0833584fd2d1d317f871428ac2baad6e5d973,64990ea6addff6af93b8eace95fbcf586b8f19e678352f7776dc1bc87a88d58f,0.05658854456420253,0.02024136567772644,0.006770212787716668,0.018822012621962966,-0.9864595754608136,0.010416602091995388
sample_5044,L15-1138E-1216N_4553_3325_13,50176,0.050462372448979595,1de2016ef3846322c8766eabadca2104a2fddd38c4a04620aa65d0f3e9a781b8,64990ea6addff6af93b8eace95fbcf586b8f19e678352f7776dc1bc87a88d58f,0.31657323175603364,0.09149002524023261,0.0228503608959727,0.058054945194167644,-0.9542992787427461,0.03411020510556043
sample_5045,L15-0544E-1228N_2176_3279_13,50176,0.19712611607142858,d3894b511f981f96eb46052499a3ec3c7b633692b50bf8d05b7a897a09234ae2,64990ea6addff6af93b8eace95fbcf586b8f19e678352f7776dc1bc87a88d58f,1.0995531333266118,0.3525083901826764,0.056005992480002494,0.14239356917640913,-0.8879880153588546,0.08399866212051692
sample_5046,L15-1389E-1284N_5557_3054_13,50176,0.08715322066326531,ec5e91c6d27a0b736d91c511ae8f281c94342a10b9b4efd87ce8314cad30d979,64990ea6addff6af93b8eace95fbcf586b8f19e678352f7776dc1bc87a88d58f,0.37782631922386384,0.14834875635089675,0.04852699582602791,0.10997402011034872,-0.9029460079529913,0.06900701612591843
sample_5047,L15-1014E-1375N_4056_2688_13,50176,0.15505420918367346,6069c19b6a6a7a41b0962e4113879af6d706079aae9550b606023a12ee0e4692,64990ea6addff6af93b8eace95fbcf586b8f19e678352f7776dc1bc87a88d58f,0.5666437978842408,0.25463725371393725,0.07907964445873905,0.18145522958904425,-0.8418407106491168,0.11351171443889001
sample_5048,L15-0544E-1228N_2176_3279_13,50176,0.18128188775510204,6e2ab5b63375d4fd6fe16ff11ec0ae4d196374f6cdcbceaf302f6ea1ce3285f7,64990ea6addff6af93b8eace95fbcf586b8f19e678352f7776dc1bc87a88d58f,1.003118832077482,0.31711323001802644,0.06489626977032012,0.15632889379448883,-0.8702074604657063,0.09460647819797328
sample_5049,L15-1210E-1025N_4840_4088_13,50176,0.035634566326530615,1345a9bd62c284c85a03e81fbff101c84d8f8ea290df233979d8e2576176f485,64990ea6addff6af93b8eace95fbcf586b8f19e678352f7776dc1bc87a88d58f,0.13437139192940584,0.064127611424729,0.030134558372380098,0.07997978692632489,-0.9397308831447901,0.047181343634469845
sample_5050,L15-1138E-1216N_4553_3325_13,50176,0.07188695790816327,54fe3dba974ef46ff8441700ca15fb88f3ed61fcd54923d1fae237262c2a007e,64990ea6addff6af93b8eace95fbcf586b8f19e678352f7776dc1bc87a88d58f,0.32383345396460916,0.1254742539690897,0.04035442752635335,0.10226440951091516,-0.9192911449292636,0.06062685821570261
sample_5051,L15-1185E-0935N_4742_4450_13,50176,0.16328523596938777,42c0b90cd0ceba6eab98e6e2d36fd4899c03b1b4c425ba274e46a593159f2ae3,64990ea6addff6af93b8eace95fbcf586b8f19e678352f7776dc1bc87a88d58f,0.5395022402322203,0.2750283315167922,0.1213003192453322,0.2802702113293006,-0.7573993616742841,0.17650941277889465
sample_5052,L15-1185E-0935N_4742_4450_13,50176,0.07130899234693877,ed4aa420a151a0ebe9e4bb2a949ec7bcb1d6aadb6bc5276ce60e39b68f5cb732,64990ea6addff6af93b8eace95fbcf586b8f19e678352f7776dc1bc87a88d58f,0.2772788394910133,0.12279480813552553,0.0506328333986505,0.13077739603807204,-0.8987343335435033,0.07676962408057882
sample_5053,L15-0566E-1185N_2265_3451_13,50176,0.03421954719387755,7298d84a4a6bafec693fa1278970a83ad19954a8c8d9b7437c9c22142dede722,64990ea6addff6af93b8eace95fbcf586b8f19e678352f7776dc1bc87a88d58f,0.15771740810608725,0.05799588164647667,0.016913221871043195,0.03990819797257057,-0.9661735558769338,0.02434970906621327
sample_5054,L15-0544E-1228N_2176_3279_13,50176,0.15021125637755103,705aecdcea36f274a9497b124bdf5b472bba56a89253f8715faebe656d4662c2,64990ea6addff6af93b8eace95fbcf586b8f19e678352f7776dc1bc87a88d58f,0.976260650552172,0.27828094380921126,0.03648452391866975,0.09770565685718068,-0.9270309525090615,0.055961884001458274
sample_5055,L15-0566E-1185N_2265_3451_13,50176,0.005859375,fb12bfb84b93437228f47f8f1d2fbf59d4792b6885a04542542f658d39d77b93,64990ea6addff6af93b8eace95fbcf586b8f19e678352f7776dc1bc87a88d58f,0.025137952996644338,0.009737995384937992,0.003778672780680033,0.00916875526167127,-0.992442655327983,0.005436828028960439
sample_5056,L15-1014E-1375N_4056_2688_13,50176,0.09014269770408163,23f27b46ae1ac7647578e8545878580fc39ae0a7267f05d116f2a871cb577187,64990ea6addff6af93b8eace95fbcf586b8f19e678352f7776dc1bc87a88d58f,0.3135733221408839,0.1451266740469449,0.06650723284110427,0.1486447474524261,-0.8669855337042615,0.09403752448518336
sample_5057,L15-0358E-1220N_1433_3310_13,50176,0.10054607780612244,95556ca5947d74cfc4859bf0bb8912fc26808447c6159e841c433bb4f780b538,64990ea6addff6af93b8eace95fbcf586b8f19e678352f7776dc1bc87a88d58f,0.3065247531668621,0.15254645088761842,0.07163597966606101,0.15296371367469186,-0.856728039723861,0.09841440565634021
sample_5058,L15-1748E-1247N_6993_3202_13,50176,0.0013751594387755102,6151bfd2392578824ed2981d3e73d02e4cb94ebbedff03525b250b192f386c40,64990ea6addff6af93b8eace95fbcf586b8f19e678352f7776dc1bc87a88d58f,0.008353252768631858,0.0029565476412948717,0.0025229294824756074,0.008099783010323958,-0.9949541419351986,0.004067112852480634
sample_5059,L15-0358E-1220N_1433_3310_13,50176,0.10233976403061225,8e50cccfb0fb3791d071da4d60a6b768bc7c5e400c838d2ac271d92af4dbb655,64990ea6addff6af93b8eace95fbcf586b8f19e678352f7776dc1bc87a88d58f,0.3018501632560746,0.15175020090891744,0.06845027805491331,0.14846427532860765,-0.8630994431765157,0.09502648375558213
sample_5060,L15-0544E-1228N_2176_3279_13,50176,0.2054767219387755,b648d2ed014f4ae3ae82c276e4e17870f400b6469f130ce08bcad01355b3d007,64990ea6addff6af93b8eace95fbcf586b8f19e678352f7776dc1bc87a88d58f,1.1490989591793326,0.36289288719929147,0.060379616954192826,0.14780860168785948,-0.8792407659346553,0.08875507622566713
sample_5061,L15-0544E-1228N_2176_3279_13,50176,0.1956513073979592,29d7254c70d66bdcb5eacc699e26fc5eb9124ed9ec61edef01369b8dd80f5329,64990ea6addff6af93b8eace95fbcf586b8f19e678352f7776dc1bc87a88d58f,1.0974083686314873,0.3509017249595359,0.05648648650124099,0.1450741043917758,-0.8870270272745197,0.08529862729558188
sample_5062,L15-1748E-1247N_6993_3202_13,50176,0.009107940051020409,7b5fd6929a745588e13560101fa9e2883831ecf7a2795f66ff35d6e7bc1c37ae,64990ea6addff6af93b8eace95fbcf586b8f19e678352f7776dc1bc87a88d58f,0.0389347470413282,0.017281084017562405,0.015665273831881658,0.040958379623465206,-0.9686694530577361,0.02373780784676275
sample_5063,L15-1848E-0793N_7394_5018_13,50176,0.03491709183673469,54d9665689257df1e37d9116171c490c0e46b1e708238838ac139b6063a12ac6,64990ea6addff6af93b8eace95fbcf586b8f19e678352f7776dc1bc87a88d58f,0.1260770869785539,0.057812708572260174,0.02715666358815316,0.06572194812130057,-0.9456866724302772,0.039594077014048545
sample_5064,L15-1185E-0935N_4742_4450_13,50176,0.0723453443877551,4ebc59fd50213163223330ff016dce6de65cf134cc37cced807535ace23197cb,64990ea6addff6af93b8eace95fbcf586b8f19e678352f7776dc1bc87a88d58f,0.27808661052786876,0.12596595945443698,0.04662630969316375,0.12397043852111789,-0.906747381040733,0.07203413193328367
sample_5065,L15-1848E-0793N_7394_5018_13,50176,0.05917171556122449,fe71589edc6f6ffb1be508a9a991368bf6c1a8f3b16e4f3258be7bb9fecf6dec,64990ea6addff6af93b8eace95fbcf586b8f19e678352f7776dc1bc87a88d58f,0.19675278669464913,0.09392057183158288,0.036854052631070416,0.08734251676513961,-0.9262918945834708,0.05321355080085849
sample_5066,L15-1848E-0793N_7394_5018_13,50176,0.0017139668367346938,a3f4aec7b0054265f83404a6d96b49ed44efc2220960fd6c82087a67e2399fd2,64990ea6addff6af93b8eace95fbcf586b8f19e678352f7776dc1bc87a88d58f,0.006719813727929009,0.0031697880833399424,0.00334443851155514,0.009525966232625789,-0.9933111239696026,0.005179932354369868
sample_5067,L15-1185E-0935N_4742_4450_13,50176,0.1687061543367347,19cf76a9c76dab7fcc69990cfbdcf2764e55168beadc350708959ad0fffbddc3,64990ea6addff6af93b8eace95fbcf586b8f19e678352f7776dc1bc87a88d58f,0.5905206515049715,0.28362685540547655,0.11015518880758092,0.26007126632024724,-0.7796896223779485,0.162108308792199
sample_5068,L15-0544E-1228N_2176_3279_13,50176,0.19880022321428573,6056fdac024de969a85dc8f2425cf2700003802ae9ad2783ad5f8c93e9b4e628,64990ea6addff6af93b8eace95fbcf586b8f19e678352f7776dc1bc87a88d58f,1.0555104715854895,0.35530822413383756,0.05932302343687613,0.14974135531486027,-0.8813539532799556,0.08877097191841218
sample_5069,L15-1848E-0793N_7394_5018_13,50176,0.0022122130102040817,daede069d703460dc1275e43c772caa2a215db963efcbfa2dc4eef610aab241d,64990ea6addff6af93b8eace95fbcf586b8f19e678352f7776dc1bc87a88d58f,0.006048943925853033,0.0033010575516744054,0.0028449469020267073,0.007951123464234822,-0.9943101067317998,0.004352428863370336
sample_5070,L15-0368E-1245N_1474_3210_13,50176,0.23875956632653061,f21990bf33932a74d1d2c8cd6aaf883ec192b2328346eb65a5563937aa8798e8,64990ea6addff6af93b8eace95fbcf586b8f19e678352f7776dc1bc87a88d58f,0.9346020713201483,0.380333834402812,0.10501618792388435,0.23135109459810613,-0.7899676238753852,0.14682824076026094
sample_5071,L15-1185E-0935N_4742_4450_13,50176,0.07417889030612244,fd0d506a27d77e3f12ad89b49aa1985da09e407e2b455a7ed38948452343c78a,64990ea6addff6af93b8eace95fbcf586b8f19e678352f7776dc1bc87a88d58f,0.27751072589918846,0.12705886847084977,0.0520198344649766,0.13240003709287473,-0.8959603314551865,0.07834609862859467
sample_5072,L15-1389E-1284N_5557_3054_13,50176,0.01526626275510204,7049d148f28975f0dff07bf5d12adedf3f532eddb517e1ee0af999cc239c5997,64990ea6addff6af93b8eace95fbcf586b8f19e678352f7776dc1bc87a88d58f,0.059156101296170535,0.027511935047814424,0.013563906046923022,0.034036264947216024,-0.9728721884516859,0.020621908745571963
sample_5073,L15-1848E-0793N_7394_5018_13,50176,0.00603874362244898,536fbe64aa14edb7229a7bbd5fbf546ba5159c7510eec605015c8a4e05a4d834,64990ea6addff6af93b8eace95fbcf586b8f19e678352f7776dc1bc87a88d58f,0.0303218905297595,0.010775635260850592,0.004381872376198976,0.01221696325760089,-0.9912362556446426,0.006733669899069671
sample_5074,L15-1210E-1025N_4840_4088_13,50176,0.02032844387755102,6d636f95515e25bc17ed95ea70498e85e1a2bb4291604e035a7c1f7b9c99690e,64990ea6addff6af93b8eace95fbcf586b8f19e678352f7776dc1bc87a88d58f,0.08971929724616863,0.03847568519172691,0.02506547495223848,0.07001340315507944,-0.9498690506486075,0.039147697533340325
sample_5075,L15-1210E-1025N_4840_4088_13,50176,0.06963488520408163,82d532b492581f72d4132a9688dd7e4c955d132521f859a9f9bd05efcaae7cd5,64990ea6addff6af93b8eace95fbcf586b8f19e678352f7776dc1bc87a88d58f,0.26333808073277426,0.11678014570471647,0.052709778112701465,0.11902971464033318,-0.8945804440473129,0.0746802276207836
sample_5076,L15-1138E-1216N_4553_3325_13,50176,0.11746651785714286,2836b4daa2df87fc03c1e6b622cdf36a2ae255c9fbd22cd2bfbb1621308a9f53,64990ea6addff6af93b8eace95fbcf586b8f19e678352f7776dc1bc87a88d58f,0.43035002103659226,0.1966761754294637,0.06842936884150935,0.1642648968276182,-0.8631412622829079,0.10000976172434065
sample_5077,L15-1276E-1107N_5105_3761_13,50176,0.06546954719387756,401962528acc0eb380e7c4ef5d0b42f48d33272219b7f503d9dddff90371c6e3,64990ea6addff6af93b8eace95fbcf586b8f19e678352f7776dc1bc87a88d58f,0.30589710357644745,0.11713264462004891,0.0474768100610497,0.11359852651508796,-0.9050463799680556,0.07004235486967984
sample_5078,L15-1848E-0793N_7394_5018_13,50176,0.0048828125,ab8acae8747c3a0871a0a7485dd1b93f80b3595fce549e12fa0c7b8cf345efe4,64990ea6addff6af93b8eace95fbcf586b8f19e678352f7776dc1bc87a88d58f,0.019148915533768015,0.0089695984679913,0.007389252151277068,0.01915146445524621,-0.9852214960598953,0.011238667778704893
sample_5079,L15-0544E-1228N_2176_3279_13,50176,0.1698421556122449,c2d135c69e88595b0e4919c5efd803df609085f6832f6725a94b6131266049fe,64990ea6addff6af93b8eace95fbcf586b8f19e678352f7776dc1bc87a88d58f,1.0836545773002408,0.3102228119903949,0.04329952260845208,0.11116943387153116,-0.9134009548254298,0.0650735970122173
sample_5080,L15-1748E-1247N_6993_3202_13,50176,0.010642538265306123,c7f713957f1fe3010d19510a57493ef70963fb3628ce5ad729bc10daeb325d65,64990ea6addff6af93b8eace95fbcf586b8f19e678352f7776dc1bc87a88d58f,0.0456612465469059,0.019645498434005492,0.014242483982436207,0.03642282544636982,-0.971515032781523,0.02131813333198555
sample_5081,L15-0544E-1228N_2176_3279_13,50176,0.15915975765306123,d89af1a13b668857cddcbf42527b7f1d0e3dd329b5507695004207a08a857e9e,64990ea6addff6af93b8eace95fbcf586b8f19e678352f7776dc1bc87a88d58f,0.8170386705656333,0.2816103978726977,0.056116306788421104,0.14241524787846327,-0.8877673866904312,0.0840025361654231
sample_5082,L15-0544E-1228N_2176_3279_13,50176,0.17522321428571427,83de72ac86eeec43772212a801816c3328915ea4dd1e4aa32cc404d472291a15,64990ea6addff6af93b8eace95fbcf586b8f19e678352f7776dc1bc87a88d58f,0.9652969328969947,0.31333632191386657,0.06031575134233096,0.14908512359185797,-0.8793684974011001,0.08911388890737022
sample_5083,L15-1210E-1025N_4840_4088_13,50176,0.0052016900510204085,a75ce6c0c49c63948d0919855ff86985379187dd0e7345ffa67c9caaae0ba601,64990ea6addff6af93b8eace95fbcf586b8f19e678352f7776dc1bc87a88d58f,0.030774806343185357,0.0114373658520436,0.007215291682193626,0.0239934234518425,-0.9855694176269101,0.012093085072371869
sample_5084,L15-1389E-1284N_5557_3054_13,50176,0.0007174744897959184,daede069d703460dc1275e43c772caa2a215db963efcbfa2dc4eef610aab241d,64990ea6addff6af93b8eace95fbcf586b8f19e678352f7776dc1bc87a88d58f,0.002980167894525549,0.0013037806810069117,0.0022134795720803037,0.006784908142069702,-0.9955730416542934,0.003560591227531854
sample_5085,L15-0368E-1245N_1474_3210_13,50176,0.26608338647959184,319322ac69dc633f99398e0708452fd4ba780a780f86598fec8b3b79615aff70,64990ea6addff6af93b8eace95fbcf586b8f19e678352f7776dc1bc87a88d58f,1.139995534978454,0.43762545562936067,0.10110699777534156,0.2325115163030403,-0.7977860043100425,0.14531149355186754
sample_5086,L15-0358E-1220N_1433_3310_13,50176,0.06831951530612244,f95cd8386f05e10546ecb185a508e35c5d8a7832f4cd7eaacb56695883cdcfd7,64990ea6addff6af93b8eace95fbcf586b8f19e678352f7776dc1bc87a88d58f,0.2541653154794375,0.10825431422459804,0.04555420576932137,0.10171463304263449,-0.9088915881471232,0.06409017121728212
sample_5087,L15-1389E-1284N_5557_3054_13,50176,0.0026307397959183672,2908a4eea388941c9255ae526e97397aa34da0f2fa5b39786ddfdc96285078ba,64990ea6addff6af93b8eace95fbcf586b8f19e678352f7776dc1bc87a88d58f,0.012640801360509962,0.004469750780621208,0.002363978019126748,0.006249402162732147,-0.9952720447131013,0.0035099574057276773
sample_5088,L15-0368E-1245N_1474_3210_13,50176,0.17518335459183673,d4d2eaf38d2a341a0df63add15a1176efd0d881cb4393a5aac7dcc8c7ec195ef,64990ea6addff6af93b8eace95fbcf586b8f19e678352f7776dc1bc87a88d58f,0.5807502484449708,0.2664776694649005,0.08716301083902125,0.18261722539691153,-0.8256739775884949,0.11861703666406029
sample_5089,L15-1389E-1284N_5557_3054_13,50176,0.0001992984693877551,daede069d703460dc1275e43c772caa2a215db963efcbfa2dc4eef610aab241d,64990ea6addff6af93b8eace95fbcf586b8f19e678352f7776dc1bc87a88d58f,0.0011099081651505755,0.0004140943583680093,0.0009396071248801843,0.0032617255275069826,-0.9981207867941972,0.001514139286528539
sample_5090,L15-1389E-1284N_5557_3054_13,50176,0.02272002551020408,f4289c593adaf47c65e8725003671b4d63cae138554e837e3a1f096ceff91516,64990ea6addff6af93b8eace95fbcf586b8f19e678352f7776dc1bc87a88d58f,0.08035926046490278,0.037096766122013486,0.016893587702391098,0.03871825487469166,-0.9662128247708385,0.02417874889103773
sample_5091,L15-1210E-1025N_4840_4088_13,50176,0.00390625,7625a11805f0808568ff5f9641c678505945fc1d09b269312bd4d5b3103ca240,64990ea6addff6af93b8eace95fbcf586b8f19e678352f7776dc1bc87a88d58f,0.031725217980003925,0.010821725987242375,0.009943682530524247,0.03046718804373505,-0.9801126361380873,0.016312707413290727
sample_5092,L15-1848E-0793N_7394_5018_13,50176,0.005381058673469388,41120604b05acee5707f515a230e3fc2b12189a36d8d2d512a69a4e857d0c01e,64990ea6addff6af93b8eace95fbcf586b8f19e678352f7776dc1bc87a88d58f,0.030172712369860695,0.009381021220443162,0.0017758221258599386,0.004997231006302467,-0.9964483561676679,0.002677548662396873
sample_5093,L15-0544E-1228N_2176_3279_13,50176,0.18640385841836735,0f2a78df9faed58c0e9e1aab9e70041c54f6a059a43f78e9790d41bbfc74e51b,64990ea6addff6af93b8eace95fbcf586b8f19e678352f7776dc1bc87a88d58f,1.0677135654358108,0.3258973650686161,0.06744104712175167,0.16155756904568402,-0.865117906095459,0.09829505832480331
sample_5094,L15-1389E-1284N_5557_3054_13,50176,0.0019730548469387753,2908a4eea388941c9255ae526e97397aa34da0f2fa5b39786ddfdc96285078ba,64990ea6addff6af93b8eace95fbcf586b8f19e678352f7776dc1bc87a88d58f,0.009532680498518619,0.0036487405118890057,0.0023902412895968526,0.007231166575918365,-0.9952195180704592,0.0038020897261871263
sample_5095,L15-1848E-0793N_7394_5018_13,50176,0.031728316326530615,daede069d703460dc1275e43c772caa2a215db963efcbfa2dc4eef610aab241d,64990ea6addff6af93b8eace95fbcf586b8f19e678352f7776dc1bc87a88d58f,0.1899086354619727,0.05403542095639725,0.010363542676751256,0.0259181443384396,-0.9792729147930782,0.015296376072775484
sample_5096,L15-1389E-1284N_5557_3054_13,50176,0.022799744897959183,bfa88037e1364606a139e3f8954cf8597aa8d04cd1702d702955ed99420296c1,64990ea6addff6af93b8eace95fbcf586b8f19e678352f7776dc1bc87a88d58f,0.07999268088050446,0.037497612755868416,0.01456539397964216,0.03400418828452442,-0.9708692120543926,0.020975111231692652
sample_5097,L15-1748E-1247N_6993_3202_13,50176,0.007035235969387755,0024b1cdef0b77fb042fa0315fc670dcadcaa2c5cf3036803c5cca8d42af46c0,64990ea6addff6af93b8eace95fbcf586b8f19e678352f7776dc1bc87a88d58f,0.03597253695292171,0.01386473204252116,0.011195610083725152,0.03063245997557714,-0.9776087807494069,0.017271362563218547
sample_5098,L15-1014E-1375N_4056_2688_13,50176,0.15334024234693877,6069c19b6a6a7a41b0962e4113879af6d706079aae9550b606023a12ee0e4692,64990ea6addff6af93b8eace95fbcf586b8f19e678352f7776dc1bc87a88d58f,0.5948793833235961,0.2564408095673197,0.07069903226540786,0.16561062911078975,-0.8586019350151773,0.1023447101738008
sample_5099,L15-1185E-0935N_4742_4450_13,50176,0.0731624681122449,2148f6c0f21353b9294d71828cc093e2b3e27e0794d21d7e7075012248047486,64990ea6addff6af93b8eace95fbcf586b8f19e678352f7776dc1bc87a88d58f,0.2671938244852969,0.12440342795663278,0.05492951392376681,0.13869235854854922,-0.8901409725123174,0.0823452563499869
sample_5100,L15-0358E-1220N_1433_3310_13,50176,0.035235969387755105,d02a41e106ce652ff7b2007845404fcb99c860f7eacee7d7d1e0226fb5cffbdc,64990ea6addff6af93b8eace95fbcf586b8f19e678352f7776dc1bc87a88d58f,0.11321454944274859,0.05734402895340128,0.025904477425442288,0.061447121931200326,-0.9481910451023028,0.03786748334866264
sample_5101,L15-1276E-1107N_5105_3761_13,50176,0.01016422193877551,51b1a198401ca15b3108f75417e60246e7286b723b041d91e648ecb3df808a53,64990ea6addff6af93b8eace95fbcf586b8f19e678352f7776dc1bc87a88d58f,0.09126068536998577,0.019146833871182826,0.0020167767284057884,0.006016377980001648,-0.9959664474225002,0.003163518807862718
sample_5102,L15-1185E-0935N_4742_4450_13,50176,0.16808832908163265,f1f33bcee3dffde27764c208de41e580afe580d87e1a2cf068fd552e02d9da70,64990ea6addff6af93b8eace95fbcf586b8f19e678352f7776dc1bc87a88d58f,0.5316641908142002,0.2798819022025577,0.13863130325655815,0.30879162956505574,-0.72273739329738,0.1978106593456521
sample_5103,L15-0358E-1220N_1433_3310_13,50176,0.08583785076530612,276cdf731a1a608b4c77d0a84b2923c526e495f10a6c28fb637898ff9564f0ab,64990ea6addff6af93b8eace95fbcf586b8f19e678352f7776dc1bc87a88d58f,0.27047915509888765,0.13114712763028477,0.06494485527129691,0.14018239194199777,-0.8701102889186383,0.08960305597404129
sample_5104,L15-1389E-1284N_5557_3054_13,50176,0.08274872448979592,71592e090bf309a59c3982c6b4d9d7de5245d3ddbdcc1befbb61eeb112d59c16,64990ea6addff6af93b8eace95fbcf586b8f19e678352f7776dc1bc87a88d58f,0.37660843142520045,0.14355352436174207,0.04084442923800564,0.0956561076002135,-0.918311141347443,0.0591699171661694
sample_5105,L15-1210E-1025N_4840_4088_13,50176,0.07037228954081633,b639d383fdd48c9e17d96a8347167de53e6cf2d101fc77eb60abb3affebb8378,64990ea6addff6af93b8eace95fbcf586b8f19e678352f7776dc1bc87a88d58f,0.28324066295116485,0.11837432345389658,0.043976871738666476,0.10284444697013764,-0.9120462567036425,0.06352293095566203
sample_5106,L15-0566E-1185N_2265_3451_13,50176,0.00011957908163265306,daede069d703460dc1275e43c772caa2a215db963efcbfa2dc4eef610aab241d,64990ea6addff6af93b8eace95fbcf586b8f19e678352f7776dc1bc87a88d58f,0.00040486924170515706,0.0001498399206105918,0.0003202500544032272,0.001398308471700629,-0.9993595009245643,0.000538999792690994
sample_5107,L15-1276E-1107N_5105_3761_13,50176,0.010762117346938776,c0ad605a83b14a37a63c301434ce7ac0ffaf43a5d9930eb38907b01717482388,64990ea6addff6af93b8eace95fbcf586b8f19e678352f7776dc1bc87a88d58f,0.08214632520915864,0.02060630348040031,0.004928026376862307,0.014569485245522238,-0.9901439481916946,0.00782805169712515
sample_5108,L15-1748E-1247N_6993_3202_13,50176,0.009925063775510204,dd8cd9fb8ac7524ecc2d4d7c7bde69ba475de28d5f0f0246e4a4e268599a4289,64990ea6addff6af93b8eace95fbcf586b8f19e678352f7776dc1bc87a88d58f,0.03756018857024997,0.016776282254073238,0.014324918037698585,0.03668906663563933,-0.9713501645849684,0.021429660808107175
sample_5109,L15-1210E-1025N_4840_4088_13,50176,0.06953523596938775,3d13ccecda525ba8c7e9bbfef9af4097449ca610c6161d16f659612b1e933e21,64990ea6addff6af93b8eace95fbcf586b8f19e678352f7776dc1bc87a88d58f,0.21064653813799306,0.10610138140503154,0.06190434762642586,0.13250574290655093,-0.8761913053255374,0.08459455180276755
sample_5110,L15-1748E-1247N_6993_3202_13,50176,0.001016422193877551,2471987e46c3349a2b70d56796ca6746b3f5bd2aa0b189cd36f55149f0d09713,64990ea6addff6af93b8eace95fbcf586b8f19e678352f7776dc1bc87a88d58f,0.007298359793759824,0.0021181043490595746,0.0015560102634778132,0.005808856517424466,-0.9968879809063712,0.0026553999889505978
sample_5111,L15-1276E-1107N_5105_3761_13,50176,0.06598772321428571,62b6b773c369ae01e3211b44fc553dc7c1b9a39799c67d6da1b3633817146d38,64990ea6addff6af93b8eace95fbcf586b8f19e678352f7776dc1bc87a88d58f,0.32003593045494444,0.11827276559731283,0.0425429728644786,0.10133725748261442,-0.9149140547992655,0.06252586235798821
sample_5112,L15-1748E-1247N_6993_3202_13,50176,0.009486607142857142,f97b316140691b19c03db89ed9d62180bbd69f2f9e825881f490a2f1d7b9baa6,64990ea6addff6af93b8eace95fbcf586b8f19e678352f7776dc1bc87a88d58f,0.0530946349282536,0.01785799563022716,0.006113807107702049,0.01814967427352624,-0.9877723865736031,0.009803004237205516
sample_5113,L15-1210E-1025N_4840_4088_13,50176,0.02180325255102041,f5758834671c119d559bb9c5be7cf15d7d63abc9d000e772b14700cc59d5d7ee,64990ea6addff6af93b8eace95fbcf586b8f19e678352f7776dc1bc87a88d58f,0.1016790973919869,0.041729774894142764,0.023138935933108156,0.06966267976885276,-0.9537221287737816,0.03745476655545718
sample_5114,L15-0544E-1228N_2176_3279_13,50176,0.20731026785714285,730cfec4ec7a78111a9a7402f2fde44f9e4e1cadd42f1000642fb603148315f1,64990ea6addff6af93b8eace95fbcf586b8f19e678352f7776dc1bc87a88d58f,1.1024812431809579,0.35169008216478537,0.06750189036021617,0.1539020590096823,-0.8649962194010936,0.09545450374159892
sample_5115,L15-0368E-1245N_1474_3210_13,50176,0.22478874362244897,8c3bcdd6f92c8b4cc89a2470184365ac13b16ada2d5ef1a381faa78d6301c7ea,64990ea6addff6af93b8eace95fbcf586b8f19e678352f7776dc1bc87a88d58f,1.0058414414293686,0.3636573690426229,0.10002155752724265,0.22285384317038234,-0.7999568848872045,0.14087809506330815
sample_5116,L15-1138E-1216N_4553_3325_13,50176,0.17165577168367346,ebd446e3cca6535eaec0b594787e3ae44ed4a9a532a663922383bfdf619d7104,64990ea6addff6af93b8eace95fbcf586b8f19e678352f7776dc1bc87a88d58f,0.6507030193318264,0.2876297014060094,0.1068112756177897,0.25374186805333665,-0.7863774487328793,0.15750001502206676
sample_5117,L15-1848E-0793N_7394_5018_13,50176,0.008270886479591837,daede069d703460dc1275e43c772caa2a215db963efcbfa2dc4eef610aab241d,64990ea6addff6af93b8eace95fbcf586b8f19e678352f7776dc1bc87a88d58f,0.03134960372474612,0.016171540279596542,0.022471249148686777,0.055561242976132796,-0.9550575013172709,0.03324532669042272
sample_5118,L15-0358E-1220N_1433_3310_13,50176,0.018255739795918366,b6f591786aac712b1eafc1086cfc8bb169d741d9305ceb9b6bc660acdf70a0ac,64990ea6addff6af93b8eace95fbcf586b8f19e678352f7776dc1bc87a88d58f,0.14407672138612554,0.0354624252507368,0.003258842650601374,0.01012985764708971,-0.9934823153736536,0.005262570797757504
sample_5119,L15-1138E-1216N_4553_3325_13,50176,0.10712292729591837,af7a0cc8435e2f3f5bc209dd7a64763db940f6151d30ae5e99f0e397131ce845,64990ea6addff6af93b8eace95fbcf586b8f19e678352f7776dc1bc87a88d58f,0.46575118696014955,0.18955862448753133,0.0507057101729478,0.13058846331037785,-0.8985885796567464,0.07686125851720334
sample_5120,L15-0544E-1228N_2176_3279_13,50176,0.17948820153061223,83de72ac86eeec43772212a801816c3328915ea4dd1e4aa32cc404d472291a15,64990ea6addff6af93b8eace95fbcf586b8f19e678352f7776dc1bc87a88d58f,1.0209575069973926,0.31705130512277974,0.06228711629614272,0.15199939517821406,-0.8754257676776036,0.09151990526695758
sample_5121,L15-1276E-1107N_5105_3761_13,50176,0.06732302295918367,bc45b755b94f4ba24646106ce9e50ea717eca9b5576cdddf063d48a46cc78c1d,64990ea6addff6af93b8eace95fbcf586b8f19e678352f7776dc1bc87a88d58f,0.31592451763687085,0.1225675510893166,0.043675140949317764,0.11238574509235971,-0.9126497183587213,0.06722274887975416
sample_5122,L15-0566E-1185N_2265_3451_13,50176,0.00013950892857142856,daede069d703460dc1275e43c772caa2a215db963efcbfa2dc4eef610aab241d,64990ea6addff6af93b8eace95fbcf586b8f19e678352f7776dc1bc87a88d58f,0.0006179555232194199,0.00018917030720425217,0.0004911703848736171,0.0022449576755030525,-0.9990176605268941,0.0008769785185505584
sample_5123,L15-1848E-0793N_7394_5018_13,50176,0.0008569834183673469,a3f4aec7b0054265f83404a6d96b49ed44efc2220960fd6c82087a67e2399fd2,64990ea6addff6af93b8eace95fbcf586b8f19e678352f7776dc1bc87a88d58f,0.00377436471121248,0.001552597448293483,0.0022969211841344225,0.007074981288800552,-0.9954061586047339,0.0036255268129962107
sample_5124,L15-0358E-1220N_1433_3310_13,50176,0.09550382653061225,b3826f151eba20a85d3a6b626dedd982694dd0b923a97211baa7dfb96e1194b9,64990ea6addff6af93b8eace95fbcf586b8f19e678352f7776dc1bc87a88d58f,0.29540968128035006,0.14545761233623755,0.06678936754861771,0.14199673261135293,-0.8664212644726211,0.09161119535309759
sample_5125,L15-0544E-1228N_2176_3279_13,50176,0.17438616071428573,437b8fc23e774251feadae59d239a452e38ddc1b20234eb894adce167fba9a7d,64990ea6addff6af93b8eace95fbcf586b8f19e678352f7776dc1bc87a88d58f,0.9630832994135867,0.3110938167551195,0.05894557386993107,0.14713750280864002,-0.8821088523376758,0.08764682917411985
sample_5126,L15-0368E-1245N_1474_3210_13,50176,0.22757892219387754,120c703837e34ac549ee0d9012e7d4e69f169cee974bae409029ebd843839f72,64990ea6addff6af93b8eace95fbcf586b8f19e678352f7776dc1bc87a88d58f,1.1754014615339317,0.3807160141770303,0.08787943323484945,0.1997586833203426,-0.8242411335623668,0.12492243328330416
sample_5127,L15-0358E-1220N_1433_3310_13,50176,0.1012436224489796,5f8614d328da2d2a41f379106e37f0d4683d38044da30e851d4a1723514cc9dd,64990ea6addff6af93b8eace95fbcf586b8f19e678352f7776dc1bc87a88d58f,0.3180175850421436,0.15226127554167548,0.06521667745819658,0.1406449405119094,-0.8695666441912773,0.09001436165033663
sample_5128,L15-0566E-1185N_2265_3451_13,50176,0.009964923469387755,7563c03058f73a4bf2897f01317273497383329eee5fecc88b92f95ac845de4e,64990ea6addff6af93b8eace95fbcf586b8f19e678352f7776dc1bc87a88d58f,0.04706232163319188,0.016739882644533716,0.006225594261195511,0.015526920456040033,-0.9875488120186294,0.009103394306857634
sample_5129,L15-1210E-1025N_4840_4088_13,50176,0.022082270408163265,08a5f7efd6be5dbe374e77fee6f91d62b179aea7122807df458079559b613dd3,64990ea6addff6af93b8eace95fbcf586b8f19e678352f7776dc1bc87a88d58f,0.09928249222119624,0.043215730647881166,0.03156988758104378,0.09208486129148719,-0.9368602252512749,0.05097436481057749
sample_5130,L15-1185E-0935N_4742_4450_13,50176,0.15559231505102042,3b68eece7f7fd5fece8fedacf9685218ac8cc93adc1cd534d27641af33fccbeb,64990ea6addff6af93b8eace95fbcf586b8f19e678352f7776dc1bc87a88d58f,0.603917714058373,0.2573411030918137,0.0814186192191282,0.19311855218681673,-0.837162762084464,0.11895405567741939
sample_5131,L15-1848E-0793N_7394_5018_13,50176,0.030432876275510203,daede069d703460dc1275e43c772caa2a215db963efcbfa2dc4eef610aab241d,64990ea6addff6af93b8eace95fbcf586b8f19e678352f7776dc1bc87a88d58f,0.17401820140199234,0.051730533129745467,0.01294927604791081,0.031730968253270334,-0.9741014479546014,0.018927747096502325
sample_5132,L15-1014E-1375N_4056_2688_13,50176,0.09117904974489796,000ffa13fd4d2e096e812104008cbfa2db49e989b1418b9424e32f30b0892711,64990ea6addff6af93b8eace95fbcf586b8f19e678352f7776dc1bc87a88d58f,0.3023954510340061,0.14452972935176212,0.07074638889931446,0.15620435604591318,-0.8585072218744397,0.0993191501068837
sample_5133,L15-1138E-1216N_4553_3325_13,50176,0.06303810586734694,1fceaf517ddd2b5719833fc4fc9b98ba4e4b77ab6a2a788651b5068d946b70dc,64990ea6addff6af93b8eace95fbcf586b8f19e678352f7776dc1bc87a88d58f,0.2868665191798965,0.11187380587240417,0.04218599623382776,0.10814952321537213,-0.9156280079064302,0.06403368486356127
sample_5134,L15-0368E-1245N_1474_3210_13,50176,0.2642099808673469,9dad9482c9df2e2fc14146493faf812cb452b84182999ef0b308912208d2f64c,64990ea6addff6af93b8eace95fbcf586b8f19e678352f7776dc1bc87a88d58f,1.1770831473661165,0.4368030542820383,0.0988932176699805,0.22732190186993445,-0.8022135647205797,0.14198107310772234
sample_5135,L15-0544E-1228N_2176_3279_13,50176,0.18500876913265307,1998844aea8abd8ab41ee109baefc2cff9f6236a3580d4880f6a5bf9159b90d7,64990ea6addff6af93b8eace95fbcf586b8f19e678352f7776dc1bc87a88d58f,1.2874271797286352,0.3504952667840406,0.027727280548602646,0.0772757446287721,-0.9445454395898133,0.043001828387515637
sample_5136,L15-1014E-1375N_4056_2688_13,50176,0.08842873086734694,0f759872153dfabf2f31893ce10391b848a1fc38668c513f041df972a806cee0,64990ea6addff6af93b8eace95fbcf586b8f19e678352f7776dc1bc87a88d58f,0.307356591970644,0.1459604110145767,0.06520479494748561,0.14925073705292932,-0.8695904098964304,0.09353830089501998
sample_5137,L15-0566E-1185N_2265_3451_13,50176,0.0042849170918367345,f595ecadd196b1ed455481966949971929d4bdeb2f267389cc623a67c7549054,64990ea6addff6af93b8eace95fbcf586b8f19e678352f7776dc1bc87a88d58f,0.013675318969195972,0.006843536279327049,0.0033917846360091803,0.008546554196189717,-0.993216431774697,0.004982029537968527
sample_5138,L15-1138E-1216N_4553_3325_13,50176,0.07312260841836735,aa65e134e8b6a8ebea4461fe1226017bbaf870d9daa6ee7661597d1be2c3c038,64990ea6addff6af93b8eace95fbcf586b8f19e678352f7776dc1bc87a88d58f,0.3369977548251302,0.13199868907974996,0.03846441960907826,0.10348819711141176,-0.9230711611921033,0.05958877782998193
sample_5139,L15-1276E-1107N_5105_3761_13,50176,0.009287308673469387,b7c2cf9c5438485a2d17190cc28fcf04188388b4ba3c8b1ab60b1886acad62d9,64990ea6addff6af93b8eace95fbcf586b8f19e678352f7776dc1bc87a88d58f,0.07313560288832505,0.017298765216862435,0.0023810573929578674,0.007244277386420257,-0.9952378857142653,0.0037440026513937924
sample_5140,L15-1138E-1216N_4553_3325_13,50176,0.026885363520408163,daede069d703460dc1275e43c772caa2a215db963efcbfa2dc4eef610aab241d,64990ea6addff6af93b8eace95fbcf586b8f19e678352f7776dc1bc87a88d58f,0.12608245625037626,0.06284137755956745,0.09229126973766644,0.22529655671642934,-0.8154174605538368,0.13759883192004752
sample_5141,L15-1138E-1216N_4553_3325_13,50176,0.16408242984693877,bcb39fca493f7ae81d4943540173c556d96797d8157b87ee04a14985ea27bafd,64990ea6addff6af93b8eace95fbcf586b8f19e678352f7776dc1bc87a88d58f,0.6263384317331112,0.27744798118182923,0.0990854223075855,0.23869888646080825,-0.8018291551406174,0.14691595665740279
sample_5142,L15-1748E-1247N_6993_3202_13,50176,0.013970822704081632,579a6f723138b497cb6092ab185e89d68026df5425355ac8544dd432b6891dce,64990ea6addff6af93b8eace95fbcf586b8f19e678352f7776dc1bc87a88d58f,0.05825078622280987,0.023880728730989616,0.009968342102721942,0.02534236137344414,-0.9800633167427558,0.014776255846815987
sample_5143,L15-1276E-1107N_5105_3761_13,50176,0.011240433673469387,5d7139ea6d9f10432796bab81b511d9feecf55294d36f6be31e73e9ed6b672a8,64990ea6addff6af93b8eace95fbcf586b8f19e678352f7776dc1bc87a88d58f,0.09461192723388356,0.021471878875150566,0.005323704207382564,0.01542477310175295,-0.9893525928173551,0.008340897435892223
sample_5144,L15-1014E-1375N_4056_2688_13,50176,0.09550382653061225,35e74c0fed0368d4b0a787f76f7fcf91f6b1802c25dc1f1dade78605b2e35ea9,64990ea6addff6af93b8eace95fbcf586b8f19e678352f7776dc1bc87a88d58f,0.284972851213117,0.1483615998128031,0.08199092145529291,0.17823361740821864,-0.836018156475342,0.11438068741199506
sample_5145,L15-1748E-1247N_6993_3202_13,50176,0.00882892219387755,d72dd46b36d18f0e5488848842a86d323b0cc1a9389e258e5b0d36c2355ddfc6,64990ea6addff6af93b8eace95fbcf586b8f19e678352f7776dc1bc87a88d58f,0.04994068145727573,0.01626354360201103,0.002757461157114226,0.008539245038431896,-0.9944850787646581,0.004397412872485736
sample_5146,L15-1748E-1247N_6993_3202_13,50176,0.006716358418367347,bac2dbb15538fc457fe1c744ef89bab97a66d62ff7d9700709ebe8797be556c3,64990ea6addff6af93b8eace95fbcf586b8f19e678352f7776dc1bc87a88d58f,0.035592137555291586,0.012400032198820493,0.00839145636490109,0.022522536649106122,-0.9832170874409616,0.012729513804903319
sample_5147,L15-1210E-1025N_4840_4088_13,50176,0.02126514668367347,a9660773a8e42561023e9e9e3f18c466940886cf3c24541bd8d2500d2f3944c6,64990ea6addff6af93b8eace95fbcf586b8f19e678352f7776dc1bc87a88d58f,0.09233616305390113,0.03909297585267165,0.023285129182373306,0.07173433825301403,-0.9534297421165311,0.038238201086733314
sample_5148,L15-1185E-0935N_4742_4450_13,50176,0.07870296556122448,285da58326d2cc8907790d74b906992e1433d432f52fda426dc5841838a926c6,64990ea6addff6af93b8eace95fbcf586b8f19e678352f7776dc1bc87a88d58f,0.28027203971162395,0.13490384740168862,0.05716103826749271,0.14378643292013746,-0.8856779238396547,0.0857665934775108
sample_5149,L15-0566E-1185N_2265_3451_13,50176,0.01171875,1706b9164e7060a4a2cd1520b965b41282ef99addb275a90aaabf6475522d5d2,64990ea6addff6af93b8eace95fbcf586b8f19e678352f7776dc1bc87a88d58f,0.03306132365337771,0.01814797555646965,0.007560676910524845,0.01880442105684261,-0.9848786466886135,0.011140976038065336
sample_5150,L15-0566E-1185N_2265_3451_13,50176,0.025191326530612245,664cc2dc6a312a20092c6a1916e12a7bb5bbe3e18a12a7ccd746ba4dde87fec1,64990ea6addff6af93b8eace95fbcf586b8f19e678352f7776dc1bc87a88d58f,0.14548178142853874,0.045110335691393534,0.009231429145557388,0.02380745141868051,-0.9815371420550151,0.013873649538434727
sample_5151,L15-1185E-0935N_4742_4450_13,50176,0.14805883290816327,a08e1b9eafa125fc15c1e4306ed36f54b1013270507d47c17097ea7a3e890d7b,64990ea6addff6af93b8eace95fbcf586b8f19e678352f7776dc1bc87a88d58f,0.5235900703397505,0.24068062969725926,0.09532894350098903,0.22392217647151838,-0.8093421130646467,0.13897848708812277
sample_5152,L15-1014E-1375N_4056_2688_13,50176,0.15507413903061223,84604034eec1bc9faf62fd3fd90a829e0cfbf02941b3a398564d2919bdfca058,64990ea6addff6af93b8eace95fbcf586b8f19e678352f7776dc1bc87a88d58f,0.6522832088994213,0.26274204277059526,0.06410747350725744,0.15114117984418218,-0.8717850527157107,0.09301752131700548
sample_5153,L15-1389E-1284N_5557_3054_13,50176,0.015684789540816327,c71f4457c7989093a9240b6faae229927f0a0c2ed634ecebcf35fab5790efe1b,64990ea6addff6af93b8eace95fbcf586b8f19e678352f7776dc1bc87a88d58f,0.06248397385324045,0.027553164077480735,0.011923136191955787,0.029209860232662584,-0.9761537278145306,0.017695317969034827
sample_5154,L15-1389E-1284N_5557_3054_13,50176,0.0006377551020408163,daede069d703460dc1275e43c772caa2a215db963efcbfa2dc4eef610aab241d,64990ea6addff6af93b8eace95fbcf586b8f19e678352f7776dc1bc87a88d58f,0.005497383650075975,0.0020830918311639034,0.004660237344143418,0.013819670962309042,-0.9906795255748114,0.007468974229384214
sample_5155,L15-1748E-1247N_6993_3202_13,50176,0.010243941326530613,171a98066de212c478fe941692fb1577cfa66448a310f4bde20dc84a81bf6a9a,64990ea6addff6af93b8eace95fbcf586b8f19e678352f7776dc1bc87a88d58f,0.056722480520723824,0.019872224113601043,0.01135316337530064,0.02941984285919582,-0.9772936731464077,0.017207172248922726
sample_5156,L15-1014E-1375N_4056_2688_13,50176,0.08183195153061225,afa7e288545621b8211e286a2c67bc37431d3f511f76cee9fbfe788537b09a87,64990ea6addff6af93b8eace95fbcf586b8f19e678352f7776dc1bc87a88d58f,0.2757198028350471,0.13497534368962075,0.06363743045414817,0.14607895089042985,-0.8727251390571319,0.09122734206725634
sample_5157,L15-0368E-1245N_1474_3210_13,50176,0.1741669323979592,2b89745bb3a174b95851b224ed5895c1631f2bb3b565ad8f5f6f733080076575,64990ea6addff6af93b8eace95fbcf586b8f19e678352f7776dc1bc87a88d58f,0.5835660038285344,0.2646034635616993,0.08443819894455373,0.1776430461048806,-0.8311236010846367,0.11523682915031426
sample_5158,L15-0566E-1185N_2265_3451_13,50176,0.0341796875,21634ac5474ae3cd1b04e1cd5301fd1f48c1f6feacb11199bec1068c35657f64,64990ea6addff6af93b8eace95fbcf586b8f19e678352f7776dc1bc87a88d58f,0.13603544349913213,0.05690121321747089,0.02133901829460674,0.049420668163206116,-0.957321963231457,0.030605991262673788
sample_5159,L15-1138E-1216N_4553_3325_13,50176,0.10961415816326531,7f0ac5f0bfe592665d84f6f2e0fcb5249489db2916ff7d18f0f80e173fc957fb,64990ea6addff6af93b8eace95fbcf586b8f19e678352f7776dc1bc87a88d58f,0.40110994851583603,0.1834969263283747,0.07516220191669441,0.17679926673081248,-0.8496755961943236,0.10891539147877302
sample_5160,L15-1848E-0793N_7394_5018_13,50176,0.00031887755102040814,daede069d703460dc1275e43c772caa2a215db963efcbfa2dc4eef610aab241d,64990ea6addff6af93b8eace95fbcf586b8f19e678352f7776dc1bc87a88d58f,0.0016956479546716993,0.0007146124229323123,0.001330447722967638,0.004027970747487974,-0.9973391056227878,0.0021085057185850162
sample_5161,L15-1276E-1107N_5105_3761_13,50176,0.010642538265306123,70f1b8c102b3d2b9c5a9d20d2210a6564382a0cbef1ffdadc8ca8a21bee009af,64990ea6addff6af93b8eace95fbcf586b8f19e678352f7776dc1bc87a88d58f,0.08635049750382184,0.020397976604065143,0.004019898817427836,0.011835451597714819,-0.9919602032326901,0.006247948010933634
sample_5162,L15-1848E-0793N_7394_5018_13,50176,0.0014748086734693877,daede069d703460dc1275e43c772caa2a215db963efcbfa2dc4eef610aab241d,64990ea6addff6af93b8eace95fbcf586b8f19e678352f7776dc1bc87a88d58f,0.006642578320984031,0.0031095409621004345,0.005087023249314148,0.01374891534629103,-0.9898259541185431,0.007764070650449113
sample_5163,L15-1848E-0793N_7394_5018_13,50176,0.005241549744897959,41120604b05acee5707f515a230e3fc2b12189a36d8d2d512a69a4e857d0c01e,64990ea6addff6af93b8eace95fbcf586b8f19e678352f7776dc1bc87a88d58f,0.03203777963997167,0.009306835099814984,0.0032965803057981692,0.008979647210836094,-0.9934068399450776,0.00493219532764929
sample_5164,L15-1014E-1375N_4056_2688_13,50176,0.09020248724489796,3fdf1dc6ba2451845dc80a5e4aae327f1365f04c19a550b3f7efb933764e4415,64990ea6addff6af93b8eace95fbcf586b8f19e678352f7776dc1bc87a88d58f,0.3864141609801923,0.1481193359093142,0.0460372494239056,0.10490069137801991,-0.9079255001538261,0.06536723441638205
sample_5165,L15-1210E-1025N_4840_4088_13,50176,0.007872289540816327,196ae1c85e3261d8c6ef8de02bb14039b39959d176ffd3e22148bb68312f0492,64990ea6addff6af93b8eace95fbcf586b8f19e678352f7776dc1bc87a88d58f,0.0516735286236543,0.022154969789300722,0.027625572274923706,0.07322767846228356,-0.9447488559229736,0.042132192872872135
sample_5166,L15-1014E-1375N_4056_2688_13,50176,0.1552136479591837,908659b4f6bf6ed855a02e796a123a3caef814173d290d9b5e39bafb34bebb0b,64990ea6addff6af93b8eace95fbcf586b8f19e678352f7776dc1bc87a88d58f,0.6331916126350579,0.2576355330414616,0.07201365557171366,0.16706066748389894,-0.8559726884010441,0.10389870157096694
sample_5167,L15-1848E-0793N_7394_5018_13,50176,0.02939652423469388,d339fb3867e7608d47f840d2a446b3f8b1a653bf0931fe5de008db345b474052,64990ea6addff6af93b8eace95fbcf586b8f19e678352f7776dc1bc87a88d58f,0.18563993993564903,0.052319488191299494,0.008647629521948723,0.022069261733082775,-0.982704740564346,0.012846018494050664
sample_5168,L15-1389E-1284N_5557_3054_13,50176,0.08414381377551021,2cf1de0ed397a568467dee32640f3bb63dc78aba4e3ce5ca615020e1964e5cea,64990ea6addff6af93b8eace95fbcf586b8f19e678352f7776dc1bc87a88d58f,0.38842118483618365,0.14340339269846444,0.03777071419860978,0.08841149678196972,-0.9244585713287657,0.05444286167780036
sample_5169,L15-1014E-1375N_4056_2688_13,50176,0.2011120854591837,1a10179c5729a4e227de13c8d12e0f8c8e37481143700319d7de1b1fa31be60b,64990ea6addff6af93b8eace95fbcf586b8f19e678352f7776dc1bc87a88d58f,0.8169861073349707,0.33723970258364766,0.08252846697887063,0.19604501796470356,-0.8349430659698007,0.1204225855948465
sample_5170,L15-0544E-1228N_2176_3279_13,50176,0.18116230867346939,46f614c077b01619815ce31346510580ead91d0ff7bdef3ddc902aef7e46c999,64990ea6addff6af93b8eace95fbcf586b8f19e678352f7776dc1bc87a88d58f,0.957371779475517,0.32121830145626645,0.06384916597388077,0.1566469096513546,-0.8723016681970194,0.0941105402158894
sample_5171,L15-1276E-1107N_5105_3761_13,50176,0.01789700255102041,0a55663a13f3d1055163ee2319e2fa8b18d6906fdd7f963bb2d9ccfd967db3c7,64990ea6addff6af93b8eace95fbcf586b8f19e678352f7776dc1bc87a88d58f,0.13000619402423352,0.034290199882821684,0.006628543374898406,0.018270800325290035,-0.9867429136795275,0.010345121831859497
sample_5172,L15-0368E-1245N_1474_3210_13,50176,0.23802216198979592,f21990bf33932a74d1d2c8cd6aaf883ec192b2328346eb65a5563937aa8798e8,64990ea6addff6af93b8eace95fbcf586b8f19e678352f7776dc1bc87a88d58f,0.9446050083651536,0.3843421351895662,0.09886135020155498,0.22048874687116263,-0.8022772995306791,0.13914532834619264
sample_5173,L15-1185E-0935N_4742_4450_13,50176,0.1503308354591837,8cbc685332bd31698e6de634c5593285ed4050fa13a72c058f5103beb9acf5e3,64990ea6addff6af93b8eace95fbcf586b8f19e678352f7776dc1bc87a88d58f,0.5786375635188827,0.24869517805426103,0.08536396267686078,0.20270161684972404,-0.8292720748585832,0.12502845177070393
sample_5174,L15-0358E-1220N_1433_3310_13,50176,0.023297991071428572,c6d004a6f31fcfaa197ec31b2a3c3fe6c028f2c79bcd12d24c18c4a4123efe27,64990ea6addff6af93b8eace95fbcf586b8f19e678352f7776dc1bc87a88d58f,0.19151662982569326,0.044615339333352114,0.004233716818389996,0.011707066145837544,-0.9915325669778396,0.006445894495592339
sample_5175,L15-1276E-1107N_5105_3761_13,50176,0.010522959183673469,b237bde89685a30086c6a808ac352918d2627df2f61b32d1dd162aae63fcc5af,64990ea6addff6af93b8eace95fbcf586b8f19e678352f7776dc1bc87a88d58f,0.08740326464610727,0.020523349543250354,0.0026886884576869103,0.008942012427485923,-0.9946226237396572,0.00444240996238034
sample_5176,L15-1848E-0793N_7394_5018_13,50176,0.002969547193877551,a3f4aec7b0054265f83404a6d96b49ed44efc2220960fd6c82087a67e2399fd2,64990ea6addff6af93b8eace95fbcf586b8f19e678352f7776dc1bc87a88d58f,0.010410240152500066,0.005064010885282474,0.0051921833311302625,0.01453483811700854,-0.9896156338591686,0.008030784774648496
sample_5177,L15-0544E-1228N_2176_3279_13,50176,0.17835220025510204,83de72ac86eeec43772212a801816c3328915ea4dd1e4aa32cc404d472291a15,64990ea6addff6af93b8eace95fbcf586b8f19e678352f7776dc1bc87a88d58f,0.9725395503211669,0.31368356686307725,0.06480940082466838,0.15819126547781237,-0.8703811982116563,0.09533794024497953
sample_5178,L15-1748E-1247N_6993_3202_13,50176,0.008709343112244899,80d19f5679f929b844dac7439d7fa30c1146336ba0dab61bd7fc0c57b67dd90b,64990ea6addff6af93b8eace95fbcf586b8f19e678352f7776dc1bc87a88d58f,0.042776800175654967,0.01612153101983391,0.006742869754445416,0.01961083163360808,-0.9865142618540232,0.010652854369171108
sample_5179,L15-1014E-1375N_4056_2688_13,50176,0.2039421237244898,8fdd5ffdb6caecc345db34e53c57a1308d2dccb31a6c98809c43e3af96304eff,64990ea6addff6af93b8eace95fbcf586b8f19e678352f7776dc1bc87a88d58f,0.7974515578753005,0.33864230304782933,0.09196815585446715,0.21399229893519742,-0.8160636883070618,0.1330976624231887
sample_5180,L15-0368E-1245N_1474_3210_13,50176,0.16892538265306123,bb9b7c09b774cd06e84e589efa96c4860da1715dea915a1cbb95719112256667,64990ea6addff6af93b8eace95fbcf586b8f19e678352f7776dc1bc87a88d58f,0.5962502527716269,0.25777732692928723,0.08224513693308762,0.17193525571648646,-0.835509725091752,0.11180712933278246
sample_5181,L15-0544E-1228N_2176_3279_13,50176,0.20780851403061223,4649cf81e6184c52140f0b2101d39ef0a6b53a72e7542540387d0e712a7ef2f9,64990ea6addff6af93b8eace95fbcf586b8f19e678352f7776dc1bc87a88d58f,1.1808691467858288,0.36248036900218117,0.06381924349187436,0.1529611207878033,-0.872361513027679,0.09274979632630746
sample_5182,L15-1848E-0793N_7394_5018_13,50176,0.02353714923469388,ce9e77dde88364c5e4242a7e9d26f7cc7b50284f6d12ce5ba44b2603c8ad95c4,64990ea6addff6af93b8eace95fbcf586b8f19e678352f7776dc1bc87a88d58f,0.10381179441013484,0.03943184231487147,0.010469034969882697,0.02560875640519433,-0.9790619301244619,0.015250371227435342
sample_5183,L15-1185E-0935N_4742_4450_13,50176,0.1622688137755102,cd50ed3f2255ba2e1859a8f6f699d46588455a80fbbe34223956c7f9d1b74ba8,64990ea6addff6af93b8eace95fbcf586b8f19e678352f7776dc1bc87a88d58f,0.545860884489178,0.2554502618082775,0.11442639288012585,0.2525082833905864,-0.7711472144345201,0.1608296596672155
sample_5184,L15-1276E-1107N_5105_3761_13,50176,0.010582748724489796,37660f1e09e89a1ebc2efb06cc4723da12817ebb01e41d5e7a5a257fa692753e,64990ea6addff6af93b8eace95fbcf586b8f19e678352f7776dc1bc87a88d58f,0.07225974875257335,0.01973265661476898,0.005984612062278831,0.017437139317718488,-0.9880307767797164,0.009528601155898256
sample_5185,L15-1389E-1284N_5557_3054_13,50176,0.0,daede069d703460dc1275e43c772caa2a215db963efcbfa2dc4eef610aab241d,64990ea6addff6af93b8eace95fbcf586b8f19e678352f7776dc1bc87a88d58f,0.0003540844087712414,7.287413372512072e-05,0.00033224152747959813,0.0014632140107942607,-0.9993355179677187,0.0005916089212340761
sample_5186,L15-0358E-1220N_1433_3310_13,50176,0.10794005102040816,993f918f7122021abbee972c619e11e7c397daf72c1233461c92b28e5f94d550,64990ea6addff6af93b8eace95fbcf586b8f19e678352f7776dc1bc87a88d58f,0.3916445682718672,0.17202688010645142,0.06402412164428899,0.1416887834385514,-0.8719517555081784,0.08972018817851428
sample_5187,L15-1389E-1284N_5557_3054_13,50176,0.016761001275510203,d2d5648e2394862bdad5ddb0bc5dca8264ebbc07463aef8b07b4e31563494720,64990ea6addff6af93b8eace95fbcf586b8f19e678352f7776dc1bc87a88d58f,0.05762428106702011,0.02833316374050668,0.013924635637893664,0.032729093652746066,-0.9721507290253679,0.020242598694661523
sample_5188,L15-1210E-1025N_4840_4088_13,50176,0.07997847576530612,2e858d0d8bdae34d6968c65ae7a433cb7ad9788cda4a19e5a24c1ec7ccc87ef0,64990ea6addff6af93b8eace95fbcf586b8f19e678352f7776dc1bc87a88d58f,0.3019588155792824,0.14352152998723136,0.05553425527629158,0.15487223795821925,-0.888931489505023,0.08893350847795686
sample_5189,L15-0368E-1245N_1474_3210_13,50176,0.2254264987244898,120c703837e34ac549ee0d9012e7d4e69f169cee974bae409029ebd843839f72,64990ea6addff6af93b8eace95fbcf586b8f19e678352f7776dc1bc87a88d58f,1.205907149604202,0.3771593297707554,0.08042659952984743,0.1828171842103809,-0.8391468011921934,0.11406990387052095
sample_5190,L15-1748E-1247N_6993_3202_13,50176,0.013831313775510204,770396b9872e54e95067caafc334735f25b92d0f5b8410ff8b606fae255eac30,64990ea6addff6af93b8eace95fbcf586b8f19e678352f7776dc1bc87a88d58f,0.055535249316281794,0.023359914736768427,0.009018742324955458,0.023133080516009083,-0.9819625158892622,0.013404098289307585
sample_5191,L15-0358E-1220N_1433_3310_13,50176,0.019092793367346938,5d641a2e2763f2733ba6ba12934026eff4766c35101a58f6b0aab08aa27c3f7c,64990ea6addff6af93b8eace95fbcf586b8f19e678352f7776dc1bc87a88d58f,0.13903272984556728,0.03657055554805834,0.0039021196378375956,0.012093600896766116,-0.9921957614987832,0.0063984890340221725
sample_5192,L15-1276E-1107N_5105_3761_13,50176,0.07782605229591837,c349826ed6fc884d2bbda4d9b0d737d8c8c375acd2862313d2883e7c0822cef8,64990ea6addff6af93b8eace95fbcf586b8f19e678352f7776dc1bc87a88d58f,0.2880497182766185,0.13678755166256895,0.07931405281629034,0.17858949865957524,-0.8413718947855534,0.11307385148966832
sample_5193,L15-1389E-1284N_5557_3054_13,50176,0.08145328443877552,324eb182adfda9f2c340c39bef9354ba53940ad1be2d969928d2fe123b7bd72b,64990ea6addff6af93b8eace95fbcf586b8f19e678352f7776dc1bc87a88d58f,0.3964168751359207,0.1437385919417168,0.04071792516006841,0.09484056903482092,-0.9185641492945208,0.05890327695433556
sample_5194,L15-0544E-1228N_2176_3279_13,50176,0.1550342793367347,a47866669158949983742ab8c3e22c384a3af049d11e62a976e002b6bfd08945,64990ea6addff6af93b8eace95fbcf586b8f19e678352f7776dc1bc87a88d58f,0.8105734866445501,0.2763384317414682,0.053057269632759294,0.1357429943117026,-0.8938854608810352,0.07968625341001576
sample_5195,L15-1138E-1216N_4553_3325_13,50176,0.05345184948979592,de2d450e042426e447c5d4ed2147f6614598615cfa8100804a55daa234974738,64990ea6addff6af93b8eace95fbcf586b8f19e678352f7776dc1bc87a88d58f,0.4091458210408842,0.10064025877742488,0.01850776070234727,0.05071852140145588,-0.9629844796270709,0.028556484929376683
sample_5196,L15-0368E-1245N_1474_3210_13,50176,0.22702088647959184,7c35147b2b21fd4a4e74fae8918a9b1f2f0cf8aa58682c6a420528af0a2e6af2,64990ea6addff6af93b8eace95fbcf586b8f19e678352f7776dc1bc87a88d58f,1.207219050457576,0.37824190093755855,0.0889158549823095,0.20107756946169272,-0.8221682897000221,0.126202252886428
sample_5197,L15-1848E-0793N_7394_5018_13,50176,0.0716079400510204,02d2684ebf51b5444743035bf9a3887af892a3767f2da218077d66af03729a1a,64990ea6addff6af93b8eace95fbcf586b8f19e678352f7776dc1bc87a88d58f,0.2517855289511062,0.11633773052734091,0.03990779985668974,0.09430615240781838,-0.9201844004565961,0.05751659803758645
sample_5198,L15-1138E-1216N_4553_3325_13,50176,0.19074856505102042,dd0909d65dc6d54ec16924e1df45dbe1e2df683f7bfc39356384dfbe2bc0e73e,64990ea6addff6af93b8eace95fbcf586b8f19e678352f7776dc1bc87a88d58f,0.7269578761110954,0.3105888815635256,0.10615296249292144,0.24120316036817835,-0.7876940751040473,0.1514788420375929
sample_5199,L15-1389E-1284N_5557_3054_13,50176,0.08179209183673469,2cf1de0ed397a568467dee32640f3bb63dc78aba4e3ce5ca615020e1964e5cea,64990ea6addff6af93b8eace95fbcf586b8f19e678352f7776dc1bc87a88d58f,0.3877824190328883,0.14190654986185042,0.03378872987481633,0.08214184658239237,-0.9324225403142635,0.04970144658247518
sample_5200,L15-0368E-1245N_1474_3210_13,50176,0.22789779974489796,2542a2f43ddb02982ba7c7aef903ed38dd688bd74aec18f88441e19c47aab972,64990ea6addff6af93b8eace95fbcf586b8f19e678352f7776dc1bc87a88d58f,1.189327178014932,0.37646314742681236,0.08874308063092698,0.20097024915708178,-0.8225138387112048,0.1258223171995712
sample_5201,L15-0358E-1220N_1433_3310_13,50176,0.057118941326530615,464ed12907d38c8e30b5471e8cfcd92b1d965e76233e0cd14ec6f23062909cc6,64990ea6addff6af93b8eace95fbcf586b8f19e678352f7776dc1bc87a88d58f,0.23867854702518376,0.0939881219272036,0.034743569319716144,0.07924280029006842,-0.9305128608206933,0.04936474741777183
sample_5202,L15-1848E-0793N_7394_5018_13,50176,0.028738839285714284,f5783ce4d513e765f3fcd8f7676740b20e1cf2eb5400d163fc7ae802f136f040,64990ea6addff6af93b8eace95fbcf586b8f19e678352f7776dc1bc87a88d58f,0.13875245671986072,0.04852086437647289,0.009402395391181035,0.023285063895399936,-0.9811952092179665,0.013760741769068266
sample_5203,L15-1138E-1216N_4553_3325_13,50176,0.16589604591836735,2dec4cc9632b6aa34d7acc77776437668263ef36ad6ab0b6c287e141fcaba766,64990ea6addff6af93b8eace95fbcf586b8f19e678352f7776dc1bc87a88d58f,0.6139779325642138,0.27694091025292666,0.10186604531814478,0.24282456919632625,-0.7962679097581807,0.15003758645362344
sample_5204,L15-0566E-1185N_2265_3451_13,50176,0.002232142857142857,89f1ce3e1b16ef0ab13ca295735b3f3ef8cf4dc4bebaea4694f69045f0809751,64990ea6addff6af93b8eace95fbcf586b8f19e678352f7776dc1bc87a88d58f,0.011824597375316508,0.0037571401859297707,0.0014371822103477862,0.004288061884154402,-0.9971256365693303,0.002224682868015405
sample_5205,L15-1138E-1216N_4553_3325_13,50176,0.1670719068877551,8710f1073ec84f02654a7d2b08bb99cde0596923f1ea070a8cb10f2272e71567,64990ea6addff6af93b8eace95fbcf586b8f19e678352f7776dc1bc87a88d58f,0.592960859057499,0.275517844810965,0.10116777310447235,0.23886889687551233,-0.7976644541499359,0.1479563751820791
sample_5206,L15-0566E-1185N_2265_3451_13,50176,0.001175860969387755,6d8c2ec688ced2db53863555419d2253f2fff5d30c5f5b29c6e127f276690a83,64990ea6addff6af93b8eace95fbcf586b8f19e678352f7776dc1bc87a88d58f,0.004246238312480794,0.002118988143734975,0.0021433043780698614,0.006525770505366808,-0.9957133921988957,0.0033380616765767875
sample_5207,L15-1185E-0935N_4742_4450_13,50176,0.17091836734693877,f1f33bcee3dffde27764c208de41e580afe580d87e1a2cf068fd552e02d9da70,64990ea6addff6af93b8eace95fbcf586b8f19e678352f7776dc1bc87a88d58f,0.5134269882449879,0.2792281844240733,0.1390604319963224,0.3099456536159904,-0.7218791359129862,0.19799884628022124
sample_5208,L15-0566E-1185N_2265_3451_13,50176,0.009785554846938776,68302ee4f5e2d707417736a123105f11a851451f44ed2b81bab099c3041b9155,64990ea6addff6af93b8eace95fbcf586b8f19e678352f7776dc1bc87a88d58f,0.021648401095197667,0.013127397138677556,0.00721963682112151,0.016278005840629096,-0.9855607271352602,0.01004011303214717
sample_5209,L15-0544E-1228N_2176_3279_13,50176,0.18345424107142858,6e2ab5b63375d4fd6fe16ff11ec0ae4d196374f6cdcbceaf302f6ea1ce3285f7,64990ea6addff6af93b8eace95fbcf586b8f19e678352f7776dc1bc87a88d58f,0.9406028683719942,0.31921984621722777,0.07040683217750558,0.1696725504211987,-0.8591863358072468,0.10306983681987346
sample_5210,L15-1185E-0935N_4742_4450_13,50176,0.15589126275510204,118ca360f33e81136668450f1b7a72d249c5c98d62a96461933349de99cd472a,64990ea6addff6af93b8eace95fbcf586b8f19e678352f7776dc1bc87a88d58f,0.4927039249658648,0.25599762642506935,0.12241998583444261,0.2765128704686921,-0.7551600283459996,0.1756301678394324
sample_5211,L15-1389E-1284N_5557_3054_13,50176,0.08567841198979592,3bf6f0d45366d91024cae0ab6cf667aa507b101d5c645bb01044b2ffef2f972c,64990ea6addff6af93b8eace95fbcf586b8f19e678352f7776dc1bc87a88d58f,0.3731878643323971,0.14470348472002204,0.039603392108894735,0.0935270188575681,-0.9207932156626029,0.05746516640691307
sample_5212,L15-1138E-1216N_4553_3325_13,50176,0.11722735969387756,064589b61ab6c31f9cb9a4c07ea9a61fd1aba8d6997c6e292eb2ad3b455946fe,64990ea6addff6af93b8eace95fbcf586b8f19e678352f7776dc1bc87a88d58f,0.4529199382473536,0.19798559462213924,0.06370601741886907,0.15513607192696846,-0.8725879650784147,0.093844444393034
sample_5213,L15-1138E-1216N_4553_3325_13,50176,0.11176658163265306,3d558d1bd739094eff6b85d6f78d112f486f009ef3bb33c94f7df58255173fc8,64990ea6addff6af93b8eace95fbcf586b8f19e678352f7776dc1bc87a88d58f,0.502067930897808,0.1954114037028184,0.04944125993880538,0.12387718964290607,-0.9011174806175779,0.07351842363858005
sample_5214,L15-0358E-1220N_1433_3310_13,50176,0.03085140306122449,7aafaf4e9c8f6c594c308a32279e2c721a85bc1f0ed5ac80a6e3d0a43e45c450,64990ea6addff6af93b8eace95fbcf586b8f19e678352f7776dc1bc87a88d58f,0.1075410828733115,0.053151840939208626,0.022984954837367545,0.05615533829235514,-0.9540300904659551,0.03461539443676884
sample_5215,L15-1185E-0935N_4742_4450_13,50176,0.16826769770408162,7f46fc5a2b70fdc8aefe462fb8da56d8040b85e76d3524ce19b10b59c114a85b,64990ea6addff6af93b8eace95fbcf586b8f19e678352f7776dc1bc87a88d58f,0.5172308816029757,0.2796309983086762,0.1342686828682009,0.30893190043828683,-0.7314626344302624,0.1953614457325352
sample_5216,L15-1748E-1247N_6993_3202_13,50176,0.0014548788265306123,8daf05172d2a1e9d9040274604059e0f5864e4bd4a436cfba6947e7340d3e376,64990ea6addff6af93b8eace95fbcf586b8f19e678352f7776dc1bc87a88d58f,0.006520517599308633,0.0025112729373093345,0.002050984676984348,0.006530328932056339,-0.9958980317327728,0.003228008555419889
sample_5217,L15-1276E-1107N_5105_3761_13,50176,0.06841916454081633,806b604cda614d23fdaad58f88e205c1fbaeff63368742a2280d81d152bd5604,64990ea6addff6af93b8eace95fbcf586b8f19e678352f7776dc1bc87a88d58f,0.29878378585540893,0.12277163645122455,0.04858565331812074,0.1211577922876988,-0.902828693720072,0.07334943308037531
sample_5218,L15-1276E-1107N_5105_3761_13,50176,0.01313376913265306,88cd48a93026d63459b39e2d15dc23ebb2cc3f198a93ae3dcfa57a8fa3c140b1,64990ea6addff6af93b8eace95fbcf586b8f19e678352f7776dc1bc87a88d58f,0.10075572534836273,0.025706768446774705,0.006839335881819834,0.02009782845612895,-0.9863213289757818,0.010803337758166004
sample_5219,L15-1014E-1375N_4056_2688_13,50176,0.20659279336734693,8fdd5ffdb6caecc345db34e53c57a1308d2dccb31a6c98809c43e3af96304eff,64990ea6addff6af93b8eace95fbcf586b8f19e678352f7776dc1bc87a88d58f,0.8557268482041043,0.3438166015936387,0.08393456532539116,0.19632186800290266,-0.8321308691283416,0.12138460857079175
sample_5220,L15-0358E-1220N_1433_3310_13,50176,0.0889469068877551,2042d12f13de537b67ab58bbf589512f2a1874f93c5b0356afb5e87b502abe34,64990ea6addff6af93b8eace95fbcf586b8f19e678352f7776dc1bc87a88d58f,0.2603109759194996,0.13444202855408519,0.06866955547593534,0.14668644079258847,-0.8626608885378271,0.09427221114374951
sample_5221,L15-1014E-1375N_4056_2688_13,50176,0.07806521045918367,ca9d14b0edf4e616c1a03a46beac6ba6ef041900998fac9336cd1062606d2a0e,64990ea6addff6af93b8eace95fbcf586b8f19e678352f7776dc1bc87a88d58f,0.2820900369220903,0.13221563828585767,0.06724791067928,0.15353540679299155,-0.86550417873807,0.09662062808886179
sample_5222,L15-1185E-0935N_4742_4450_13,50176,0.07922114158163265,f2190af2dfc9bb60e3b92f43a756def7510aa6a58c3e218edb90ee4f289b0dc1,64990ea6addff6af93b8eace95fbcf586b8f19e678352f7776dc1bc87a88d58f,0.29154365610448263,0.1330678669648535,0.057183457651337116,0.14407848584456676,-0.8856330848785355,0.08558641466572951
sample_5223,L15-1014E-1375N_4056_2688_13,50176,0.09907126913265306,015834ce856a308bd9dd02ad6b186b55e7b6553ac5ed66ac9de42b1c74d0167a,64990ea6addff6af93b8eace95fbcf586b8f19e678352f7776dc1bc87a88d58f,0.41968526160634706,0.1607715076361146,0.03969784189557315,0.09073736749282578,-0.9206043148847471,0.056398037696908765
sample_5224,L15-0544E-1228N_2176_3279_13,50176,0.15961814413265307,24d821eb5645d7c1c8030f8136527f78f2a40c68ce4feff6586021415dd8a676,64990ea6addff6af93b8eace95fbcf586b8f19e678352f7776dc1bc87a88d58f,0.8419585182300524,0.28206743007072904,0.054283819406065255,0.13408738229524514,-0.8914323611980309,0.08017845248051211
sample_5225,L15-1014E-1375N_4056_2688_13,50176,0.09331154336734694,d98e196100229314e6090d407b7e7ee710a92878f825012e94907122f7123145,64990ea6addff6af93b8eace95fbcf586b8f19e678352f7776dc1bc87a88d58f,0.401015922627518,0.15294400954920004,0.03995534420317533,0.09134254327614412,-0.9200893107103569,0.05666380589799825
sample_5226,L15-0544E-1228N_2176_3279_13,50176,0.16605548469387754,8d5eb4801c3896b58674b838412098a1561f6b794b4738a3134dc1e7180cbf6b,64990ea6addff6af93b8eace95fbcf586b8f19e678352f7776dc1bc87a88d58f,0.8332601284976054,0.29384797905873766,0.06422666956109888,0.16030331650027427,-0.8715466610504776,0.09563763581780081
sample_5227,L15-0566E-1185N_2265_3451_13,50176,3.985969387755102e-05,daede069d703460dc1275e43c772caa2a215db963efcbfa2dc4eef610aab241d,64990ea6addff6af93b8eace95fbcf586b8f19e678352f7776dc1bc87a88d58f,0.00030021315983999494,8.620585267387765e-05,0.00022998487705136743,0.001236215396754671,-0.9995400315681634,0.0004085271362436384
sample_5228,L15-0544E-1228N_2176_3279_13,50176,0.16515864158163265,1a650c539e83fc8624a12a3f3b2619e59f46f2950f96521cc218a6ff449eac6d,64990ea6addff6af93b8eace95fbcf586b8f19e678352f7776dc1bc87a88d58f,0.8375950673524958,0.2831269969488311,0.06697739562737204,0.16044249651907463,-0.8660452090646629,0.09763290569916513
sample_5229,L15-1848E-0793N_7394_5018_13,50176,0.019331951530612245,daede069d703460dc1275e43c772caa2a215db963efcbfa2dc4eef610aab241d,64990ea6addff6af93b8eace95fbcf586b8f19e678352f7776dc1bc87a88d58f,0.06547867837484615,0.035596371369616436,0.04561910266056657,0.10694409139925375,-0.9087617949701341,0.06594812365800339
sample_5230,L15-0358E-1220N_1433_3310_13,50176,0.08637595663265306,b235c2315769cef11ddffe1b2aefb31306d688bf44db3f655c90214b3f175e2e,64990ea6addff6af93b8eace95fbcf586b8f19e678352f7776dc1bc87a88d58f,0.2770852912559474,0.13585483321890002,0.06893086898359185,0.15002902294476156,-0.8621382619238379,0.09558000759847209
sample_5231,L15-1848E-0793N_7394_5018_13,50176,0.0059590242346938774,41120604b05acee5707f515a230e3fc2b12189a36d8d2d512a69a4e857d0c01e,64990ea6addff6af93b8eace95fbcf586b8f19e678352f7776dc1bc87a88d58f,0.031446440433041956,0.010516494881068615,0.002408095363442007,0.006624025905403375,-0.9951838096935437,0.0036468456113121573
sample_5232,L15-1848E-0793N_7394_5018_13,50176,0.02116549744897959,daede069d703460dc1275e43c772caa2a215db963efcbfa2dc4eef610aab241d,64990ea6addff6af93b8eace95fbcf586b8f19e678352f7776dc1bc87a88d58f,0.059999082866225316,0.03391342299858687,0.039416123346701186,0.09264320226231913,-0.9211677531409643,0.05677950510788848
sample_5233,L15-0368E-1245N_1474_3210_13,50176,0.27070711096938777,a016cf682c30051964c097ced8c516264a0f4b91644305bbe4aed7b074addfc3,64990ea6addff6af93b8eace95fbcf586b8f19e678352f7776dc1bc87a88d58f,1.207522906410362,0.4426906556915243,0.1053863092069039,0.24002113913575676,-0.7892273814071388,0.15081466162547985
sample_5234,L15-1014E-1375N_4056_2688_13,50176,0.2080078125,8fdd5ffdb6caecc345db34e53c57a1308d2dccb31a6c98809c43e3af96304eff,64990ea6addff6af93b8eace95fbcf586b8f19e678352f7776dc1bc87a88d58f,0.85967994765645,0.3436801601483718,0.09232418754313863,0.20999029102180797,-0.815351624618995,0.13163029644704763
sample_5235,L15-0368E-1245N_1474_3210_13,50176,0.24079241071428573,09a26ff9a24b9bfa35281f5ab86bd161d503bc3879238319c4be19dc1952a12c,64990ea6addff6af93b8eace95fbcf586b8f19e678352f7776dc1bc87a88d58f,0.9289580849480346,0.37895417312259344,0.10770694609988024,0.23507158576331108,-0.7845861076028579,0.1498771849793138
sample_5236,L15-1389E-1284N_5557_3054_13,50176,0.0002192283163265306,daede069d703460dc1275e43c772caa2a215db963efcbfa2dc4eef610aab241d,64990ea6addff6af93b8eace95fbcf586b8f19e678352f7776dc1bc87a88d58f,0.0011635569106450958,0.0003979724794695449,0.00098078660500635,0.003578966177648033,-0.9980384278034593,0.0016423241495826845
sample_5237,L15-1848E-0793N_7394_5018_13,50176,0.002192283163265306,daede069d703460dc1275e43c772caa2a215db963efcbfa2dc4eef610aab241d,64990ea6addff6af93b8eace95fbcf586b8f19e678352f7776dc1bc87a88d58f,0.006873880079082129,0.0036456712557261365,0.0031244382404779295,0.008236381866204493,-0.9937511240525193,0.004663861607173921
sample_5238,L15-1014E-1375N_4056_2688_13,50176,0.08679448341836735,23f27b46ae1ac7647578e8545878580fc39ae0a7267f05d116f2a871cb577187,64990ea6addff6af93b8eace95fbcf586b8f19e678352f7776dc1bc87a88d58f,0.30930308396326023,0.14120608641136173,0.059036132843917885,0.13607570853274073,-0.8819277342087025,0.08494027741321618
sample_5239,L15-0358E-1220N_1433_3310_13,50176,0.10821906887755102,56b68e9f1d8ee921b343eea83cb8474ff2a032848ea550462339adbbf66dd40a,64990ea6addff6af93b8eace95fbcf586b8f19e678352f7776dc1bc87a88d58f,0.37556262533696627,0.1706615731659959,0.06784170492889588,0.14986811748220238,-0.8643165888137447,0.09520392531418101
sample_5240,L15-1389E-1284N_5557_3054_13,50176,0.09109933035714286,e9abbce9a4944d042e0459a5d045a946be9f40af813a80b7da39ce1b9b850716,64990ea6addff6af93b8eace95fbcf586b8f19e678352f7776dc1bc87a88d58f,0.45413416334122086,0.1547556889673352,0.043427826868778815,0.09810404650038512,-0.9131443460695586,0.06149801452611301
sample_5241,L15-1748E-1247N_6993_3202_13,50176,0.017598054846938774,c506f0a2ed7fac7a82073409b71b4f8e105d21b315de56fd4688b20665fc1049,64990ea6addff6af93b8eace95fbcf586b8f19e678352f7776dc1bc87a88d58f,0.06552810011754623,0.02920752317239594,0.01244312176499896,0.030034292715261448,-0.9751137572265666,0.017989669712936588
sample_5242,L15-1276E-1107N_5105_3761_13,50176,0.011200573979591837,77cf69d618be999ccd9c8822095f60fc8cc8dcc3ba54ba304c670c62472d4f43,64990ea6addff6af93b8eace95fbcf586b8f19e678352f7776dc1bc87a88d58f,0.08823706607076441,0.022298967382506033,0.006009421282808999,0.01889194911504309,-0.9879811587641504,0.009741892765045682
sample_5243,L15-1748E-1247N_6993_3202_13,50176,0.030811543367346938,3b327bfa5bbf59bfd601c9c3f628b97f2a1f0c80027b24548b4311dcd6bee8f6,64990ea6addff6af93b8eace95fbcf586b8f19e678352f7776dc1bc87a88d58f,0.13839459815974825,0.052540458578465565,0.015199374715198897,0.03797600972775855,-0.9696012515764688,0.022551432924480603
sample_5244,L15-1138E-1216N_4553_3325_13,50176,0.0597297512755102,4d0107bbaf9578b51a282fb5d96b8d3746de4ec8bd75f8d1935bb213d1b40195,64990ea6addff6af93b8eace95fbcf586b8f19e678352f7776dc1bc87a88d58f,0.42071085357052973,0.11141233819261627,0.028949786930306986,0.07654427290610973,-0.9421004272215919,0.04412282258132837
sample_5245,L15-1389E-1284N_5557_3054_13,50176,0.0907405931122449,3620d3add6eed213e8488b2b485acc5f48353094ca56f139a3e338cb090b344b,64990ea6addff6af93b8eace95fbcf586b8f19e678352f7776dc1bc87a88d58f,0.4241050598926349,0.15405510563197256,0.03783704786637456,0.08856228985473732,-0.9243259041692978,0.05449428278627997
sample_5246,L15-1210E-1025N_4840_4088_13,50176,0.07774633290816327,1e353258580b80a277ba460ca58acd08b1c1422d7108f7b1b831093be12ec33e,64990ea6addff6af93b8eace95fbcf586b8f19e678352f7776dc1bc87a88d58f,0.2972764580066821,0.1401285475665103,0.057882487927135844,0.16320511180929229,-0.8842350242887836,0.09377529715046633
sample_5247,L15-1748E-1247N_6993_3202_13,50176,0.03398038903061224,3b327bfa5bbf59bfd601c9c3f628b97f2a1f0c80027b24548b4311dcd6bee8f6,64990ea6addff6af93b8eace95fbcf586b8f19e678352f7776dc1bc87a88d58f,0.13053904566836752,0.05524577161258799,0.01819714467392816,0.04470901413781334,-0.9636057114566318,0.026615053589368578
sample_5248,L15-1276E-1107N_5105_3761_13,50176,0.017916932397959183,8775a78d9b7b9d97c4db719ee2923749575cac5ef104b4935f419763c27a6836,64990ea6addff6af93b8eace95fbcf586b8f19e678352f7776dc1bc87a88d58f,0.12415030844133633,0.03463351430705845,0.007439580030872354,0.021642112490054183,-0.9851208404532276,0.011880657721970982
sample_5249,L15-1185E-0935N_4742_4450_13,50176,0.08111447704081633,a3e9899b72874df9771c90d831db65e693a99b24b49d0122f67df4d0cf06ef7e,64990ea6addff6af93b8eace95fbcf586b8f19e678352f7776dc1bc87a88d58f,0.2853135137841159,0.13552839632404012,0.05954949937081345,0.1487951038340673,-0.8809010017861321,0.08907071703234479
sample_5250,L15-1138E-1216N_4553_3325_13,50176,0.06357621173469388,af078f97252cb783e11079c3c570f850d1e55c21d8a2ddccf1a3ecc2a8a0bf7d,64990ea6addff6af93b8eace95fbcf586b8f19e678352f7776dc1bc87a88d58f,0.41877922450374716,0.11710325809521956,0.03565481715308198,0.09309371990920305,-0.9286903666300554,0.05406542652770066
sample_5251,L15-1014E-1375N_4056_2688_13,50176,0.0882095025510204,e3f8d9fe0544f8500e7896dbcfdf241a0271d07d7b4a865284bd45cffbf2e0de,64990ea6addff6af93b8eace95fbcf586b8f19e678352f7776dc1bc87a88d58f,0.3551744540793484,0.1429275240103282,0.04583876422601657,0.1043872947951489,-0.9083224706040767,0.06499433877524664
sample_5252,L15-0566E-1185N_2265_3451_13,50176,0.0010562818877551021,1706b9164e7060a4a2cd1520b965b41282ef99addb275a90aaabf6475522d5d2,64990ea6addff6af93b8eace95fbcf586b8f19e678352f7776dc1bc87a88d58f,0.0034170152409367396,0.0017117608507034308,0.001718028895176795,0.004963026999309476,-0.9965639431073361,0.002624935874999492
sample_5253,L15-1138E-1216N_4553_3325_13,50176,0.08037707270408163,7e253e9c7e0eb06227b51c50fccb58d3f7a2f31a50e7eb48a47a0dd5f5cd83c2,64990ea6addff6af93b8eace95fbcf586b8f19e678352f7776dc1bc87a88d58f,0.32722798064645203,0.1376250500081742,0.05387479976907714,0.13262204042485354,-0.8922504009029936,0.07980538924708784
sample_5254,L15-1748E-1247N_6993_3202_13,50176,0.008330676020408163,c442d5ff83ce79e4151e4c61222613c2501cf060699810b7dda105eacfa3aaa7,64990ea6addff6af93b8eace95fbcf586b8f19e678352f7776dc1bc87a88d58f,0.0615591663023108,0.016196066179101673,0.0019308750218312656,0.00676113678106655,-0.9961382504438339,0.003229615249085345
sample_5255,L15-1014E-1375N_4056_2688_13,50176,0.09665975765306123,f32e732beb708ce26593e2fcf25e0525643b72f959ef1d8a11bdf69bbb519603,64990ea6addff6af93b8eace95fbcf586b8f19e678352f7776dc1bc87a88d58f,0.36636644955439096,0.153116415322807,0.04688773160367938,0.1049371760763993,-0.906224536657779,0.06582520526751091
sample_5256,L15-0368E-1245N_1474_3210_13,50176,0.2191485969387755,7f41dde41901d3cc228c6ccae1fd6d184685b7636d59b53a0cc21fb612b1cb25,64990ea6addff6af93b8eace95fbcf586b8f19e678352f7776dc1bc87a88d58f,0.9286992970166342,0.3523692037908977,0.10712970386268761,0.23705752039408953,-0.7857405918063256,0.15025200488059878
sample_5257,L15-1748E-1247N_6993_3202_13,50176,0.010423309948979591,6073e7f5898dd8d03011aaa7c13f794d5a2b81a2ff6791085ed4c58154b4165d,64990ea6addff6af93b8eace95fbcf586b8f19e678352f7776dc1bc87a88d58f,0.046464133204696216,0.020076346670051527,0.017545129274664333,0.04560392850883769,-0.9649097423224067,0.026232642294074727
sample_5258,L15-1276E-1107N_5105_3761_13,50176,0.009068080357142858,0c89eeff13ad47ab2daa80d21e8bc00766726ab0d351b526ca69b532460e5f0e,64990ea6addff6af93b8eace95fbcf586b8f19e678352f7776dc1bc87a88d58f,0.07960044124983394,0.01737461421107765,0.00237883150230675,0.007189787903500021,-0.9952423374329352,0.0037906203989830837
sample_5259,L15-0544E-1228N_2176_3279_13,50176,0.1669323979591837,7edcd72cc0d75ccb9d75e8c69d58908b319b8cfc6b3dc3c584f56cd25a87365e,64990ea6addff6af93b8eace95fbcf586b8f19e678352f7776dc1bc87a88d58f,0.9225109967186743,0.3016916616292416,0.0506041011314516,0.13104323969939224,-0.8987917978240817,0.07650471933705195
sample_5260,L15-1138E-1216N_4553_3325_13,50176,0.047731983418367346,a2ee3a5eb0e9b0b39430632b4b38e2b3f50114369b1b0c3379a021b556dba117,64990ea6addff6af93b8eace95fbcf586b8f19e678352f7776dc1bc87a88d58f,0.28634811945241545,0.08705687813031453,0.02499394667006991,0.0644260998912207,-0.9500121074312855,0.03753161266963999
sample_5261,L15-0566E-1185N_2265_3451_13,50176,0.005620216836734694,2d7f472031c2633d0d74dcef7c27f0c6a9ce326778397355c10b26e0c0ac0192,64990ea6addff6af93b8eace95fbcf586b8f19e678352f7776dc1bc87a88d58f,0.028790813713965666,0.00933703571975512,0.003222871404283737,0.008465260650699179,-0.993554257798396,0.0047888824616677695
sample_5262,L15-1210E-1025N_4840_4088_13,50176,0.061423788265306124,eaf039695df001d71df73ffaff8d086712aeb9340b7ae488d197174969f427da,64990ea6addff6af93b8eace95fbcf586b8f19e678352f7776dc1bc87a88d58f,0.22427233341197117,0.10173854692162523,0.05118207654046199,0.11805596001618217,-0.8976358474756576,0.07310497108780528
sample_5263,L15-1014E-1375N_4056_2688_13,50176,0.09885204081632654,557c3a4793c9cfa0eeae7eb056b77ee2f518b304e9e39562c394654aefd7b23a,64990ea6addff6af93b8eace95fbcf586b8f19e678352f7776dc1bc87a88d58f,0.4206021737745339,0.16150133585687815,0.04562690685983101,0.10269941581338471,-0.9087461854628974,0.06436774498817717
sample_5264,L15-0358E-1220N_1433_3310_13,50176,0.10052614795918367,67d80bf8e557fe2886b492aba5793f792f02ce1fccf098d75e463d0c5e84e432,64990ea6addff6af93b8eace95fbcf586b8f19e678352f7776dc1bc87a88d58f,0.29497151650417824,0.15293188854207865,0.07277490421820774,0.15801075992618321,-0.8544501908514225,0.10102434215000729
sample_5265,L15-1276E-1107N_5105_3761_13,50176,0.020208864795918366,a2f0eedc5a1060eb3adcaee0650acb80883c0e18b0bf160d7286bab238e2b636,64990ea6addff6af93b8eace95fbcf586b8f19e678352f7776dc1bc87a88d58f,0.13883368946394334,0.03911900307943773,0.012719508520641118,0.03319700805013141,-0.9745609833769775,0.019259598738752142
sample_5266,L15-1014E-1375N_4056_2688_13,50176,0.09209582270408163,425be0067e8d82844efee7b7187676d9637a3175cc3588f1d8ef16ee42bd41ef,64990ea6addff6af93b8eace95fbcf586b8f19e678352f7776dc1bc87a88d58f,0.3024296527618379,0.14813529250303561,0.072985470970874,0.1633086664004995,-0.8540290577377395,0.10329778421206803
sample_5267,L15-1014E-1375N_4056_2688_13,50176,0.20131138392857142,00392ddbaf1429754cfc4818857e5dfa3101a08403a34f492c86a12600c26b73,64990ea6addff6af93b8eace95fbcf586b8f19e678352f7776dc1bc87a88d58f,0.7774516945393551,0.3314471779254785,0.09840423691357315,0.22696461186840003,-0.8031915259768905,0.14204069912891787
sample_5268,L15-1276E-1107N_5105_3761_13,50176,0.015605070153061224,3e40741833350486b9f101f411c4c42fd613e573943c995b304530c465f964c8,64990ea6addff6af93b8eace95fbcf586b8f19e678352f7776dc1bc87a88d58f,0.141671551588987,0.03072434074804341,0.0017290206421736855,0.005860852196146193,-0.9965419599412683,0.0028367597484813003
sample_5269,L15-1276E-1107N_5105_3761_13,50176,0.062420280612244895,baef8f3ba1e9dbdb7fab4f86813bcd7209acd03fac257cd25fda873b3f999ea7,64990ea6addff6af93b8eace95fbcf586b8f19e678352f7776dc1bc87a88d58f,0.28355099233632014,0.113715377381251,0.04737879309746228,0.11548769993716157,-0.9052424142704482,0.07055819185970885
sample_5270,L15-1389E-1284N_5557_3054_13,50176,0.0018933354591836734,df2a9f03cbf805212a61e7510669ab398999bbc55db49a438a2dc9ae6474b258,64990ea6addff6af93b8eace95fbcf586b8f19e678352f7776dc1bc87a88d58f,0.011340401692681756,0.003983206380041034,0.002829231826674041,0.008502906489610926,-0.9943415370054609,0.004499280632596103
sample_5271,L15-1389E-1284N_5557_3054_13,50176,0.0034478635204081634,94f0320abd99652f336e8f6660cee5313dc3b055a20f3af7666d5b86c564586d,64990ea6addff6af93b8eace95fbcf586b8f19e678352f7776dc1bc87a88d58f,0.012892821614761582,0.005459556894892193,0.0025690082218307927,0.006795816237532625,-0.9948619846593255,0.0038019353951004573
sample_5272,L15-1185E-0935N_4742_4450_13,50176,0.16751036352040816,9cad89a9cb01fd36c43672af2fa2af3c4b5fc0c3797251bc828b72d1cd261ca8,64990ea6addff6af93b8eace95fbcf586b8f19e678352f7776dc1bc87a88d58f,0.5849731189666904,0.28333488217159464,0.10423496072845799,0.25089284833194075,-0.7915300788684263,0.1550083936956865
sample_5273,L15-0566E-1185N_2265_3451_13,50176,0.04179288903061224,239fc8712da8324f47d1ea0d2e86f4ea32aabe7c6343cecf5099eb568e1f7bf5,64990ea6addff6af93b8eace95fbcf586b8f19e678352f7776dc1bc87a88d58f,0.16435573159143482,0.06911534108523307,0.021601218661312396,0.050679798798757475,-0.9567975625507307,0.031103273441073977
sample_5274,L15-1389E-1284N_5557_3054_13,50176,0.015106823979591837,24b3458779a2ee6e464f2d4b2e34907061751af37d2dea2ae2ffb66fdae29e15,64990ea6addff6af93b8eace95fbcf586b8f19e678352f7776dc1bc87a88d58f,0.06135983976256336,0.027389440209695602,0.012292535678597585,0.031463845442414914,-0.9754149288417532,0.018839311682027817
sample_5275,L15-1138E-1216N_4553_3325_13,50176,0.06519052933673469,93102efd7190fd697c0c6adc6f0d2689170b8bd2141073d6633e22d6870694cf,64990ea6addff6af93b8eace95fbcf586b8f19e678352f7776dc1bc87a88d58f,0.29394307582812856,0.11457938693028308,0.04021847456912225,0.10384579398697641,-0.9195630511470003,0.061074795525610265
sample_5276,L15-0544E-1228N_2176_3279_13,50176,0.19443558673469388,1998844aea8abd8ab41ee109baefc2cff9f6236a3580d4880f6a5bf9159b90d7,64990ea6addff6af93b8eace95fbcf586b8f19e678352f7776dc1bc87a88d58f,1.1827722100569629,0.3553114232264095,0.04505917600508095,0.1177085111702223,-0.9098816484538625,0.06830412542252211
sample_5277,L15-0358E-1220N_1433_3310_13,50176,0.06915656887755102,4dd72013ba9494f034d785ffe401e3a54865039bccce114a34a0de4b18adfe8f,64990ea6addff6af93b8eace95fbcf586b8f19e678352f7776dc1bc87a88d58f,0.24769283579051016,0.10834112693493896,0.04297320288130824,0.09541095747213077,-0.9140535935371114,0.060097473324461484
sample_5278,L15-1138E-1216N_4553_3325_13,50176,0.17392777423469388,1cba8fdcf5b4ad622e87ffd06670bfb3c7d41e22382c230a4b52b027da27a73f,64990ea6addff6af93b8eace95fbcf586b8f19e678352f7776dc1bc87a88d58f,0.6642011731705263,0.2898091425168943,0.09994766161045325,0.2362989964669627,-0.8001046769961321,0.14626417961711935
sample_5279,L15-1185E-0935N_4742_4450_13,50176,0.07264429209183673,0efd6337e2a562edf91beebfbb34b3bceb9f144ba780400486b5b2573d60c629,64990ea6addff6af93b8eace95fbcf586b8f19e678352f7776dc1bc87a88d58f,0.290868873396142,0.12696186527704845,0.04938884982744194,0.13091133335067032,-0.9012223007781021,0.07625137285724161
sample_5280,L15-0544E-1228N_2176_3279_13,50176,0.16922433035714285,83de72ac86eeec43772212a801816c3328915ea4dd1e4aa32cc404d472291a15,64990ea6addff6af93b8eace95fbcf586b8f19e678352f7776dc1bc87a88d58f,0.9536197381395324,0.30527873680682877,0.054070145821873555,0.1388920118359128,-0.8918597082449001,0.08159754687241076
sample_5281,L15-1848E-0793N_7394_5018_13,50176,0.005022321428571429,41120604b05acee5707f515a230e3fc2b12189a36d8d2d512a69a4e857d0c01e,64990ea6addff6af93b8eace95fbcf586b8f19e678352f7776dc1bc87a88d58f,0.02882204491293411,0.00903555010887672,0.001788881635863562,0.005448293065075227,-0.9964222374596406,0.002837584767118627
sample_5282,L15-0358E-1220N_1433_3310_13,50176,0.07210618622448979,25c2a34d876d325c4fb4c24de9bbf2ccbdf6a68efd90f3a19d2bf53b4e6f9aa8,64990ea6addff6af93b8eace95fbcf586b8f19e678352f7776dc1bc87a88d58f,0.217167136227782,0.1103699871748677,0.06250394922942493,0.13669943164149082,-0.8749921012838945,0.08701570272530845
sample_5283,L15-1138E-1216N_4553_3325_13,50176,0.1669323979591837,b43a4a1f5e88a1c0fd66a6faa9106a033469ab17bacfbac941188dfbbe7f8b2f,64990ea6addff6af93b8eace95fbcf586b8f19e678352f7776dc1bc87a88d58f,0.5912071412128631,0.27506295103459244,0.10571292409678085,0.24915504832045962,-0.7885741518818552,0.15465443649427757
sample_5284,L15-1389E-1284N_5557_3054_13,50176,0.00023915816326530612,daede069d703460dc1275e43c772caa2a215db963efcbfa2dc4eef610aab241d,64990ea6addff6af93b8eace95fbcf586b8f19e678352f7776dc1bc87a88d58f,0.001412762476088547,0.0005804216439562986,0.001096641862223267,0.0037142214086203795,-0.9978067174604409,0.0017680711972110964
sample_5285,L15-0566E-1185N_2265_3451_13,50176,0.002232142857142857,1706b9164e7060a4a2cd1520b965b41282ef99addb275a90aaabf6475522d5d2,64990ea6addff6af93b8eace95fbcf586b8f19e678352f7776dc1bc87a88d58f,0.005510707918628212,0.003204292133635125,0.002126588494450386,0.005669409843591258,-0.9957468235524152,0.0031529051452002205
sample_5286,L15-1748E-1247N_6993_3202_13,50176,0.000817123724489796,82f9c97fae022c82982214834d9a3b918207f1da14ec6c1221831718cb532878,64990ea6addff6af93b8eace95fbcf586b8f19e678352f7776dc1bc87a88d58f,0.005469046556696434,0.0018404919932815394,0.0010822895945201876,0.003960889557771512,-0.9978354215447539,0.0018415573138074932
sample_5287,L15-0566E-1185N_2265_3451_13,50176,0.0047831632653061226,cc207b4947e99ce329926253050cd90f9bd4ccfd950f75c1d9f7b925ea74a0cf,64990ea6addff6af93b8eace95fbcf586b8f19e678352f7776dc1bc87a88d58f,0.02147149272849752,0.008343954910671914,0.003800895732675432,0.010203024958408087,-0.9923982092080842,0.00572957011600328
sample_5288,L15-1389E-1284N_5557_3054_13,50176,0.016761001275510203,c6ab6451c099df68f17ddeef4a14323fade653481038b38ef86de536a507a900,64990ea6addff6af93b8eace95fbcf586b8f19e678352f7776dc1bc87a88d58f,0.06547738532386661,0.030043911289866335,0.013482782999243664,0.03398985065087464,-0.9730344339340555,0.020541751096761464
sample_5289,L15-0368E-1245N_1474_3210_13,50176,0.26747847576530615,91a371a3fd630aadab1e5502bfad1416c3dee4aeb8ad17c61e6bef56d2b2f88f,64990ea6addff6af93b8eace95fbcf586b8f19e678352f7776dc1bc87a88d58f,1.134113681549316,0.43578358716760657,0.1090495279997264,0.24826035383708184,-0.7819009440058209,0.15619084120802798
sample_5290,L15-1748E-1247N_6993_3202_13,50176,0.010224011479591837,dbd4e68c78b84bb5e16e98cef0fea865be63307bb485bb6fc6cec59dd8f62db9,64990ea6addff6af93b8eace95fbcf586b8f19e678352f7776dc1bc87a88d58f,0.061134109752821304,0.019469535180491278,0.004314858288200078,0.01259217972016845,-0.9913702836444799,0.006868252939785506
sample_5291,L15-1185E-0935N_4742_4450_13,50176,0.08099489795918367,cf1b4f0172e6ab14c8fb83b09016ab3281680085af306e0d56182ccce844885b,64990ea6addff6af93b8eace95fbcf586b8f19e678352f7776dc1bc87a88d58f,0.28394954454694543,0.1366321631628261,0.059665735117254814,0.15042290091683094,-0.8806685299456946,0.08994339199227339
sample_5292,L15-1138E-1216N_4553_3325_13,50176,0.06666533801020408,d4e683574ac7f065e6d90ed7c924415a88d16212a299df131817b6b66894ea35,64990ea6addff6af93b8eace95fbcf586b8f19e678352f7776dc1bc87a88d58f,0.2704134226652793,0.11586360109839125,0.047616998484472234,0.11914496955247576,-0.9047660033598249,0.07117967235789344
sample_5293,L15-1185E-0935N_4742_4450_13,50176,0.08360570790816327,ae9a70ecd9c60fe2a61bb9fb1d2a1b17bcecb95a78c303e237bbeb8e211293c2,64990ea6addff6af93b8eace95fbcf586b8f19e678352f7776dc1bc87a88d58f,0.28674211314894604,0.1429954378758225,0.06345480983264326,0.16011780076287863,-0.8730903806494902,0.09573669445525988
sample_5294,L15-1276E-1107N_5105_3761_13,50176,0.011639030612244899,88535bbe5962d53ac241a166157e5db6bfdc81e1574c600b6e9b6e9af0c8488e,64990ea6addff6af93b8eace95fbcf586b8f19e678352f7776dc1bc87a88d58f,0.08752398314035831,0.021867312933026982,0.0049219679572068305,0.0150311558517931,-0.9901560650131526,0.007863345908922856
sample_5295,L15-1138E-1216N_4553_3325_13,50176,0.0655094068877551,db94d5a01f1b17af0ed552f272a8d3122fb5079161896e58b1a21e3a53657197,64990ea6addff6af93b8eace95fbcf586b8f19e678352f7776dc1bc87a88d58f,0.33151388225597994,0.11674602593346144,0.03319314219846333,0.0860365893870916,-0.9336137160159409,0.05036338530878115
sample_5296,L15-1848E-0793N_7394_5018_13,50176,0.0030293367346938774,daede069d703460dc1275e43c772caa2a215db963efcbfa2dc4eef610aab241d,64990ea6addff6af93b8eace95fbcf586b8f19e678352f7776dc1bc87a88d58f,0.008328616461389611,0.004532853511907447,0.0031170864168991695,0.008423245781148593,-0.9937658278395669,0.004634083008066593
sample_5297,L15-1014E-1375N_4056_2688_13,50176,0.09939014668367346,8cc510d97eb2488d72a560b3afb87b33272ca3538772a8b2701623f19db080c3,64990ea6addff6af93b8eace95fbcf586b8f19e678352f7776dc1bc87a88d58f,0.3894533015954621,0.15744774247689916,0.04648912504519697,0.10340927644016233,-0.9070217490189596,0.06504218551680015
sample_5298,L15-1748E-1247N_6993_3202_13,50176,0.0010762117346938774,6151bfd2392578824ed2981d3e73d02e4cb94ebbedff03525b250b192f386c40,64990ea6addff6af93b8eace95fbcf586b8f19e678352f7776dc1bc87a88d58f,0.01265009187519433,0.003337317477861308,0.0037298378812586318,0.011296232769491333,-0.9925403247445201,0.006017519263439034
sample_5299,L15-1014E-1375N_4056_2688_13,50176,0.1551937181122449,6069c19b6a6a7a41b0962e4113879af6d706079aae9550b606023a12ee0e4692,64990ea6addff6af93b8eace95fbcf586b8f19e678352f7776dc1bc87a88d58f,0.5458496043655866,0.254794619063353,0.08179639521107192,0.18890374722653197,-0.8364072090137976,0.11786378219146999
sample_5300,L15-1748E-1247N_6993_3202_13,50176,0.009646045918367346,7c0b4848d269ff6014ae88657df98d701aeff666817a98c22b6a973a54c0f3c5,64990ea6addff6af93b8eace95fbcf586b8f19e678352f7776dc1bc87a88d58f,0.056269286690131336,0.018620570894354538,0.007319808001534975,0.021496785336916527,-0.9853603846133859,0.011656901591952191
sample_5301,L15-1014E-1375N_4056_2688_13,50176,0.20567602040816327,b0b4a48e91bab87a545f2fc870b4913022c50113be2300f193180b10a78db00f,64990ea6addff6af93b8eace95fbcf586b8f19e678352f7776dc1bc87a88d58f,0.8485600442842297,0.34330292852562155,0.08775221805767708,0.20291200392437217,-0.8244955639179692,0.12610410202558167
sample_5302,L15-1185E-0935N_4742_4450_13,50176,0.0839046556122449,deb9d96f221035362a7f08482d6c17df7f14da4e060c487f6f7f0402173f8438,64990ea6addff6af93b8eace95fbcf586b8f19e678352f7776dc1bc87a88d58f,0.2898354531050068,0.14373338867864793,0.06077139195154554,0.15700281404724034,-0.8784572166024576,0.0927481436549675
sample_5303,L15-0368E-1245N_1474_3210_13,50176,0.22797751913265307,09a26ff9a24b9bfa35281f5ab86bd161d503bc3879238319c4be19dc1952a12c,64990ea6addff6af93b8eace95fbcf586b8f19e678352f7776dc1bc87a88d58f,0.9324921781182064,0.3719101390852692,0.09409623349451327,0.21147361396471745,-0.8118075328326659,0.1329278900979323
