sample_id,group_id,valid_pixels,pixel_error_rate,label_hash,valid_mask_hash,nll,brier,score_msp,score_entropy,score_negative_margin,score_gini_total
sample_4152,L15-0368E-1245N_1474_3210_13,50176,0.22600446428571427,09a26ff9a24b9bfa35281f5ab86bd161d503bc3879238319c4be19dc1952a12c,64990ea6addff6af93b8eace95fbcf586b8f19e678352f7776dc1bc87a88d58f,1.5828219669754775,0.40357771439741874,0.04688185169504081,0.10908319617952132,-0.9062362960237189,0.06713862851249602
sample_4153,L15-1276E-1107N_5105_3761_13,50176,0.010662468112244899,be31f3d18a74f5a37d9d3e1e1c4db99ecdac34f64edb0d72b4bb9be98acad544,64990ea6addff6af93b8eace95fbcf586b8f19e678352f7776dc1bc87a88d58f,0.14101545548716943,0.02129522313722791,2.2284641424764176e-05,0.00015218380319583034,-0.9999554301772772,4.219596146303579e-05
sample_4154,L15-1138E-1216N_4553_3325_13,50176,0.07158801020408163,d997179380bbb7c2484e68f03671ca1dfa41338c474c140a132086c103587ee7,64990ea6addff6af93b8eace95fbcf586b8f19e678352f7776dc1bc87a88d58f,0.6032989905019802,0.13223093564769398,0.013689330472534865,0.03377696688388468,-0.9726213373636711,0.02005863246484503
sample_4155,L15-0368E-1245N_1474_3210_13,50176,0.17135682397959184,cf3a65f411e9f8f38a673344a838efbb64f1d93df152514f5762e3eb2ac5723e,64990ea6addff6af93b8eace95fbcf586b8f19e678352f7776dc1bc87a88d58f,1.1205521757958736,0.3025986414740979,0.03359391663831716,0.07686115194228287,-0.9328121643522334,0.04763474724655026
sample_4156,L15-1138E-1216N_4553_3325_13,50176,0.04348692602040816,334008705b7d13f5110d30a43161a1159df01022ded748079624e9e5c56231f4,64990ea6addff6af93b8eace95fbcf586b8f19e678352f7776dc1bc87a88d58f,0.497300458057048,0.08454596004073947,0.0038826686059295827,0.010183087370104104,-0.9922346610240987,0.005809352993758999
sample_4157,L15-0368E-1245N_1474_3210_13,50176,0.26217713647959184,5d6d991d9219c8eef1c7349116d1c6b6452d284aa18a4a46c98fe0e20a87d8f3,64990ea6addff6af93b8eace95fbcf586b8f19e678352f7776dc1bc87a88d58f,1.8396399423090515,0.4653752125087277,0.05395757971920681,0.12665264600606913,-0.892084840363403,0.07763618637248051
sample_4158,L15-1210E-1025N_4840_4088_13,50176,0.005879304846938775,cd9ba18ab8847e45e7a58646ef716b99c802d1bd5f2f5196d2c0abc34a53a93e,64990ea6addff6af93b8eace95fbcf586b8f19e678352f7776dc1bc87a88d58f,0.044877443458471895,0.01155154814474205,0.0035993495198175765,0.009924231961840078,-0.9928012991369811,0.005552810916336844
sample_4159,L15-1210E-1025N_4840_4088_13,50176,0.004723373724489796,7625a11805f0808568ff5f9641c678505945fc1d09b269312bd4d5b3103ca240,64990ea6addff6af93b8eace95fbcf586b8f19e678352f7776dc1bc87a88d58f,0.03929467415872524,0.009418543672530422,0.003263914307854994,0.009038083564271215,-0.9934721703959396,0.005056650549303203
sample_4160,L15-1185E-0935N_4742_4450_13,50176,0.17775430484693877,3adda7d8f3b91ba9c3e0b670f301ddf94592d51efd05851197b3dfe7a7472587,64990ea6addff6af93b8eace95fbcf586b8f19e678352f7776dc1bc87a88d58f,0.7143443483822244,0.2911218152733309,0.09219565053294622,0.20789345491412675,-0.8156086987561659,0.13091964695470487
sample_4161,L15-1276E-1107N_5105_3761_13,50176,0.008490114795918368,3348420fb77c3578c38df68246391b4168651831dc768db87d30c998cdc5a253,64990ea6addff6af93b8eace95fbcf586b8f19e678352f7776dc1bc87a88d58f,0.09516001529869851,0.016639254498480263,0.00019628558383912457,0.0005673992245217107,-0.9996074282194812,0.0002934957434394577
sample_4162,L15-1210E-1025N_4840_4088_13,50176,0.05725845025510204,da7146d73e67e884d3c936b7e316a9f3214ea7966a6e57aace504171b297fd34,64990ea6addff6af93b8eace95fbcf586b8f19e678352f7776dc1bc87a88d58f,0.4148761607921535,0.10347504301670642,0.012010960109123238,0.02901474525281773,-0.9759780776857181,0.017521239735479772
sample_4163,L15-1014E-1375N_4056_2688_13,50176,0.08388472576530612,4105f363a6cd55f6744580709fe9f48cf597a568824ee00c932896573f700e46,64990ea6addff6af93b8eace95fbcf586b8f19e678352f7776dc1bc87a88d58f,0.6130695402078683,0.1489581012279243,0.01616847078311162,0.03687142896053706,-0.9676630555018085,0.022857982658445703
sample_4164,L15-1389E-1284N_5557_3054_13,50176,0.019491390306122448,4fbe8899e6eb24894742c06465ba55d1ab8428750b8b5547219f61f7c658f825,64990ea6addff6af93b8eace95fbcf586b8f19e678352f7776dc1bc87a88d58f,0.10564963645656587,0.036139624326127454,0.0048860407515181874,0.014200375674229857,-0.9902279167742313,0.007883782509272233
sample_4165,L15-0368E-1245N_1474_3210_13,50176,0.1533203125,8bcf44fc30cc2c425321177d5d4ae93b20bcb526777872e765ef52def5d2024d,64990ea6addff6af93b8eace95fbcf586b8f19e678352f7776dc1bc87a88d58f,1.1446117753120293,0.2786140853598253,0.025607972708768308,0.06002228937527978,-0.9487840520326706,0.03684111218004447
sample_4166,L15-0358E-1220N_1433_3310_13,50176,0.0999282525510204,993f918f7122021abbee972c619e11e7c397daf72c1233461c92b28e5f94d550,64990ea6addff6af93b8eace95fbcf586b8f19e678352f7776dc1bc87a88d58f,0.4353668392665166,0.1648325398191467,0.04545668350908031,0.1043004573919405,-0.9090866309494401,0.06500209168953301
sample_4167,L15-1848E-0793N_7394_5018_13,50176,0.00466358418367347,eaf7223c7497b3ff997e72287b88a27bcadd33024c80ec09283e3dda50392b4a,64990ea6addff6af93b8eace95fbcf586b8f19e678352f7776dc1bc87a88d58f,0.025745164945789052,0.008665830172252892,0.0014440304010498281,0.00428854248524978,-0.9971119382597549,0.0022787898573992335
sample_4168,L15-1014E-1375N_4056_2688_13,50176,0.1544563137755102,6069c19b6a6a7a41b0962e4113879af6d706079aae9550b606023a12ee0e4692,64990ea6addff6af93b8eace95fbcf586b8f19e678352f7776dc1bc87a88d58f,0.6667765129775369,0.25624125967131983,0.06895901494284104,0.15462244882217055,-0.8620819691594637,0.09759869069668772
sample_4169,L15-1848E-0793N_7394_5018_13,50176,0.052734375,62b9d776501b771524c41e240126022208c5df7fcfc5ecddccdc390315f67058,64990ea6addff6af93b8eace95fbcf586b8f19e678352f7776dc1bc87a88d58f,0.2685354160891458,0.09150791173873579,0.017794111217324604,0.04382071085283643,-0.9644117751369363,0.026217751741583334
sample_4170,L15-0368E-1245N_1474_3210_13,50176,0.15449617346938777,ac2be6f8231b32d74e003ee9f44d86f50074dc5511a8112466015f30283483ec,64990ea6addff6af93b8eace95fbcf586b8f19e678352f7776dc1bc87a88d58f,1.1753782872096363,0.2808142378259981,0.024496916314463456,0.05748427181079721,-0.9510061650874042,0.03521636126267311
sample_4171,L15-1848E-0793N_7394_5018_13,50176,0.019411670918367346,daede069d703460dc1275e43c772caa2a215db963efcbfa2dc4eef610aab241d,64990ea6addff6af93b8eace95fbcf586b8f19e678352f7776dc1bc87a88d58f,0.10124724185928302,0.034191310796975044,0.005598209534619688,0.012961855804589462,-0.9888035796400152,0.00797588241398807
sample_4172,L15-0566E-1185N_2265_3451_13,50176,0.00025908801020408165,1706b9164e7060a4a2cd1520b965b41282ef99addb275a90aaabf6475522d5d2,64990ea6addff6af93b8eace95fbcf586b8f19e678352f7776dc1bc87a88d58f,0.0019934011664236883,0.0004882552854616631,0.000117589988061512,0.0003730853088123996,-0.9997648192390525,0.00018190288649404308
sample_4173,L15-1138E-1216N_4553_3325_13,50176,0.16541772959183673,9d87ad3ecb09e298ed226ef1d8ea558f2b7dbc0615a25eb7ac4db630e0446191,64990ea6addff6af93b8eace95fbcf586b8f19e678352f7776dc1bc87a88d58f,1.3182642926463775,0.29724716437702037,0.04057009617693494,0.09427941118012437,-0.9188598065531081,0.05824010620659423
sample_4174,L15-0358E-1220N_1433_3310_13,50176,0.05707908163265306,4dd29411249fa562ff9bf79a068f0b3ea9a38d19cd7c75896da5dd6602d80b6d,64990ea6addff6af93b8eace95fbcf586b8f19e678352f7776dc1bc87a88d58f,0.3006906524985867,0.09730772194957227,0.022664729410744443,0.052618508080475655,-0.9546705393677479,0.03246384407805951
sample_4175,L15-0358E-1220N_1433_3310_13,50176,0.08996332908163265,993f918f7122021abbee972c619e11e7c397daf72c1233461c92b28e5f94d550,64990ea6addff6af93b8eace95fbcf586b8f19e678352f7776dc1bc87a88d58f,0.5528787443578222,0.16105748063828004,0.0304602060303073,0.07303060003563012,-0.9390795860823721,0.0445901893984843
sample_4176,L15-1748E-1247N_6993_3202_13,50176,0.010084502551020409,97baf5285118e51d22f389680bb4280b1df237074410b8cc133c676134b29db8,64990ea6addff6af93b8eace95fbcf586b8f19e678352f7776dc1bc87a88d58f,0.07776065538883065,0.018647329754031848,0.001957824369369797,0.004887978811226534,-0.9960843502865014,0.002841060452761537
sample_4177,L15-0358E-1220N_1433_3310_13,50176,0.01881377551020408,152acee777ade2e8c14b5f183f3a19522e3b5ef1751378269390e0f28dfcdb5c,64990ea6addff6af93b8eace95fbcf586b8f19e678352f7776dc1bc87a88d58f,0.11922309880938596,0.036006263869595836,0.00482977661945648,0.013410247463574164,-0.9903404451732546,0.007447970470096457
sample_4178,L15-1185E-0935N_4742_4450_13,50176,0.15232382015306123,3ad5cec43c3a96eb045a13d9e5cd8231d0f6dc43b8f70aa1c930ac15bf255c49,64990ea6addff6af93b8eace95fbcf586b8f19e678352f7776dc1bc87a88d58f,1.0473495818628311,0.26185745245837627,0.04120906194249092,0.090459017499492,-0.9175818746264673,0.05721123378665526
sample_4179,L15-1185E-0935N_4742_4450_13,50176,0.07051179846938775,c04ee573033bc40e3041fd189f2d59b5c3a3b22a7711be1cfa7c3cf6c1eb876a,64990ea6addff6af93b8eace95fbcf586b8f19e678352f7776dc1bc87a88d58f,0.5259820091205719,0.1279829506653263,0.020017731401413604,0.04872315070167382,-0.9599645349546369,0.029396798984954516
sample_4180,L15-1014E-1375N_4056_2688_13,50176,0.08958466198979592,4105f363a6cd55f6744580709fe9f48cf597a568824ee00c932896573f700e46,64990ea6addff6af93b8eace95fbcf586b8f19e678352f7776dc1bc87a88d58f,0.6002533331906139,0.15805533036020766,0.020242148746584296,0.0465955488543193,-0.9595156994614447,0.02874104443768794
sample_4181,L15-0368E-1245N_1474_3210_13,50176,0.15214445153061223,386c44f6375e4ddf347ea0341593c5a7a64111854a9a806f7f1fd8da0eeb0e61,64990ea6addff6af93b8eace95fbcf586b8f19e678352f7776dc1bc87a88d58f,1.1712700149522726,0.2765185036784279,0.024358724770183693,0.05664292300742719,-0.9512825478130679,0.034809922501215826
sample_4182,L15-0368E-1245N_1474_3210_13,50176,0.26004464285714285,6f36775e03a8990c376d331e07e4fcbc0a8afe826b2d55b9755b1d98925ce282,64990ea6addff6af93b8eace95fbcf586b8f19e678352f7776dc1bc87a88d58f,1.9848065806807824,0.4646647755229064,0.05299977347615878,0.1224919346365611,-0.8940004526391983,0.07574221429530643
sample_4183,L15-0358E-1220N_1433_3310_13,50176,0.11021205357142858,d8dc051b45282cd7f78456ec065af277545241aa4a22b7828f37e3d540289441,64990ea6addff6af93b8eace95fbcf586b8f19e678352f7776dc1bc87a88d58f,0.38876272231836523,0.17258092619876453,0.05783738508673233,0.1283999962179658,-0.8843252280079332,0.08133102115240133
sample_4184,L15-1848E-0793N_7394_5018_13,50176,0.00013950892857142856,a3f4aec7b0054265f83404a6d96b49ed44efc2220960fd6c82087a67e2399fd2,64990ea6addff6af93b8eace95fbcf586b8f19e678352f7776dc1bc87a88d58f,0.0011403941264280485,0.00027903791039881384,0.0002783762162779363,0.0010376771990830084,-0.9994432472615994,0.0004705878524804965
sample_4185,L15-1848E-0793N_7394_5018_13,50176,0.001016422193877551,936537a8ac7f979fe07dadb88fd3ef22b9a1addd68c17d3c2407082431039d25,64990ea6addff6af93b8eace95fbcf586b8f19e678352f7776dc1bc87a88d58f,0.0038809301046284907,0.0018550397994270883,0.001832611850529377,0.005251040146539214,-0.9963347752479688,0.002869211989842041
sample_4186,L15-1185E-0935N_4742_4450_13,50176,0.06513073979591837,0e304144881f85113846084f51720a907176837e401957be321bbee8372b302d,64990ea6addff6af93b8eace95fbcf586b8f19e678352f7776dc1bc87a88d58f,0.5452415374969499,0.1226974175414346,0.011192958248418053,0.028925488348710927,-0.9776140817733989,0.016842997653081858
sample_4187,L15-1138E-1216N_4553_3325_13,50176,0.13313137755102042,f6fdc123325abc71c7c325d9b14127948da7211013d40f25a1bb59faf9142323,64990ea6addff6af93b8eace95fbcf586b8f19e678352f7776dc1bc87a88d58f,0.6927419030608613,0.22933561355915857,0.0495044001109651,0.11691401028866395,-0.9009911993877129,0.0715501995788139
sample_4188,L15-1848E-0793N_7394_5018_13,50176,0.012476084183673469,daede069d703460dc1275e43c772caa2a215db963efcbfa2dc4eef610aab241d,64990ea6addff6af93b8eace95fbcf586b8f19e678352f7776dc1bc87a88d58f,0.03591282358332984,0.019921214089960206,0.022209408725089183,0.05343028106302273,-0.955581180058664,0.032527126316720244
sample_4189,L15-1014E-1375N_4056_2688_13,50176,0.08304767219387756,088e38db1fa2e4eed9597dc237582aad2c78722d08b279e18174704e839834a3,64990ea6addff6af93b8eace95fbcf586b8f19e678352f7776dc1bc87a88d58f,0.50063841150221,0.14384255924498263,0.0253223124107498,0.05959936467081531,-0.9493553731863892,0.03649325118286131
sample_4190,L15-1014E-1375N_4056_2688_13,50176,0.1473014987244898,908659b4f6bf6ed855a02e796a123a3caef814173d290d9b5e39bafb34bebb0b,64990ea6addff6af93b8eace95fbcf586b8f19e678352f7776dc1bc87a88d58f,0.8565740282840794,0.257259889665965,0.0462940203724429,0.10790282883257198,-0.9074119573966276,0.06676455278067314
sample_4191,L15-1389E-1284N_5557_3054_13,50176,0.0,daede069d703460dc1275e43c772caa2a215db963efcbfa2dc4eef610aab241d,64990ea6addff6af93b8eace95fbcf586b8f19e678352f7776dc1bc87a88d58f,6.915641552883553e-06,6.576728267795379e-09,6.913993868748752e-06,7.308026019824286e-05,-0.9999861714294269,1.3821411009230092e-05
sample_4192,L15-1138E-1216N_4553_3325_13,50176,0.048170440051020405,40eb7764d6a42b4db71ac7af802e54504e8e66149a11ac84e4389324de9b6ff0,64990ea6addff6af93b8eace95fbcf586b8f19e678352f7776dc1bc87a88d58f,0.5626876520227216,0.0925280612359146,0.005961116624292822,0.015083972433960936,-0.9880777645293597,0.008803457647467866
sample_4193,L15-1185E-0935N_4742_4450_13,50176,0.14094387755102042,4499ca1788409707c5f34f0ef34f8c7e29be42b549d6b9078b82866d59538651,64990ea6addff6af93b8eace95fbcf586b8f19e678352f7776dc1bc87a88d58f,0.9363416006687809,0.23820837320686203,0.040511751111492286,0.08812451830057094,-0.9189764959380455,0.05618237253259399
sample_4194,L15-1210E-1025N_4840_4088_13,50176,0.006636639030612245,3d48349c15a757dea26ffd3b6a610a45824f66e998c537453eea9d2ac7b03720,64990ea6addff6af93b8eace95fbcf586b8f19e678352f7776dc1bc87a88d58f,0.0705729572610467,0.01318937745882571,0.0004633295751290814,0.0018446853695287843,-0.999073339724617,0.0008082123131097097
sample_4195,L15-1014E-1375N_4056_2688_13,50176,0.14088408801020408,908659b4f6bf6ed855a02e796a123a3caef814173d290d9b5e39bafb34bebb0b,64990ea6addff6af93b8eace95fbcf586b8f19e678352f7776dc1bc87a88d58f,1.0148431537079552,0.2596453210849933,0.028813536708927428,0.07082013722308979,-0.9423729250182196,0.042641133548175385
sample_4196,L15-0566E-1185N_2265_3451_13,50176,0.022042410714285716,8a57151ba5123321b5f4119dd9194c500df54f537986348b817deff0903702de,64990ea6addff6af93b8eace95fbcf586b8f19e678352f7776dc1bc87a88d58f,0.13842519650716006,0.039177620041377065,0.006289394508229987,0.015172161230281549,-0.987421209367193,0.009119808895806799
sample_4197,L15-0358E-1220N_1433_3310_13,50176,0.0293765943877551,b281f2b46d8ac7cf6c8fde14855f7c7dbe853bf8d03816909cef36341b59dfc3,64990ea6addff6af93b8eace95fbcf586b8f19e678352f7776dc1bc87a88d58f,0.11269000834734602,0.04952723433489829,0.0247465264235091,0.057712553401404236,-0.9505069447809518,0.03582283489689248
sample_4198,L15-1276E-1107N_5105_3761_13,50176,0.06736288265306123,d66e31550ed139a42f87c56054a1e83b2b6973d4c0bcf7e590f6d90082453aae,64990ea6addff6af93b8eace95fbcf586b8f19e678352f7776dc1bc87a88d58f,0.46232441178436384,0.12354406806652019,0.02604760787074397,0.06453677579038727,-0.9479047824799607,0.03919554421654795
sample_4199,L15-1185E-0935N_4742_4450_13,50176,0.14869658801020408,fe4ccd60b8f793aa1177b32cc29ffae3ee4dd735928ae1a9a13d809d6ca6bc6e,64990ea6addff6af93b8eace95fbcf586b8f19e678352f7776dc1bc87a88d58f,0.9760925677117396,0.252559056166906,0.04192859287093374,0.09356961289134635,-0.9161428130775453,0.05894617920893189
sample_4200,L15-1014E-1375N_4056_2688_13,50176,0.20360331632653061,51884494305221e7644267b9e9164c24a4daf973730b8109b5b64266bdf5047e,64990ea6addff6af93b8eace95fbcf586b8f19e678352f7776dc1bc87a88d58f,1.2955433912798675,0.356135590553414,0.05067849211390035,0.1161561618976102,-0.8986430153818203,0.07192235274918365
sample_4201,L15-1138E-1216N_4553_3325_13,50176,0.16741071428571427,5ddb58d7d4dd7274d5bd5cc87221d717cc99de9ea8cb708eb03fc0e2ac2b5e0e,64990ea6addff6af93b8eace95fbcf586b8f19e678352f7776dc1bc87a88d58f,1.290676601709177,0.2998763969514574,0.04036708874509157,0.09510221229254505,-0.919265821416286,0.05827825208302996
sample_4202,L15-1848E-0793N_7394_5018_13,50176,0.0004384566326530612,daede069d703460dc1275e43c772caa2a215db963efcbfa2dc4eef610aab241d,64990ea6addff6af93b8eace95fbcf586b8f19e678352f7776dc1bc87a88d58f,0.0015180030620647645,0.0008175222842047144,0.0008233789062336544,0.0024230981743853276,-0.9983532411347085,0.0012806897296526877
sample_4203,L15-1848E-0793N_7394_5018_13,50176,0.01229671556122449,daede069d703460dc1275e43c772caa2a215db963efcbfa2dc4eef610aab241d,64990ea6addff6af93b8eace95fbcf586b8f19e678352f7776dc1bc87a88d58f,0.03521074406911047,0.01988508970691478,0.020301136152571713,0.04889892995244672,-0.9593977252359492,0.029677451470425335
sample_4204,L15-1389E-1284N_5557_3054_13,50176,0.0,daede069d703460dc1275e43c772caa2a215db963efcbfa2dc4eef610aab241d,64990ea6addff6af93b8eace95fbcf586b8f19e678352f7776dc1bc87a88d58f,8.503191084227654e-06,2.5891623570887614e-08,8.49667798765764e-06,8.400731738530299e-05,-0.9999830059729552,1.6967464351744463e-05
sample_4205,L15-0368E-1245N_1474_3210_13,50176,0.15367904974489796,24c0f0a1716f6a8ed2b7cb45e5b108ed90bf414350a8faf4aaaa030bee02e645,64990ea6addff6af93b8eace95fbcf586b8f19e678352f7776dc1bc87a88d58f,1.1511471590343387,0.2780673253154956,0.026528182691343282,0.0614528352544087,-0.9469436321838784,0.03790049704349933
sample_4206,L15-0566E-1185N_2265_3451_13,50176,0.0,daede069d703460dc1275e43c772caa2a215db963efcbfa2dc4eef610aab241d,64990ea6addff6af93b8eace95fbcf586b8f19e678352f7776dc1bc87a88d58f,1.8422841730136703e-05,4.2070768693627696e-06,1.7085776673819947e-05,0.00010633224854227762,-0.9999658277027185,2.9964476478277254e-05
sample_4207,L15-1138E-1216N_4553_3325_13,50176,0.03904257015306122,1abbab3a306fa3f8038283dabdb70be12c223dd327c9310917073fc07ac2b981,64990ea6addff6af93b8eace95fbcf586b8f19e678352f7776dc1bc87a88d58f,0.46988151194535555,0.07568987673311312,0.004256892362514472,0.011048019049925941,-0.9914862134011895,0.006318292155857124
sample_4208,L15-1138E-1216N_4553_3325_13,50176,0.16573660714285715,f69dc30990cd1febf5ad26695e473af7eb4e3ea720416705b05d0e800abd07dc,64990ea6addff6af93b8eace95fbcf586b8f19e678352f7776dc1bc87a88d58f,1.1888150735763447,0.29603584972530533,0.048015296809631874,0.1135054608153914,-0.9039694057962521,0.06953782600337566
sample_4209,L15-1185E-0935N_4742_4450_13,50176,0.06090561224489796,aacd6bbc8cd504cc6c1a2bf4dd387ab03186ab75fd59db9d15e333d6b5f209a0,64990ea6addff6af93b8eace95fbcf586b8f19e678352f7776dc1bc87a88d58f,0.4806840361757774,0.11122903392477329,0.012646153267491989,0.03056206897020831,-0.9747076919577267,0.01836389113653237
sample_4210,L15-1185E-0935N_4742_4450_13,50176,0.07792570153061225,6da842533b9f84fab1f2bcc17e823448cf5fe8d125454f07d194aaf906466d53,64990ea6addff6af93b8eace95fbcf586b8f19e678352f7776dc1bc87a88d58f,0.6054730709061387,0.1470183991679528,0.011109035312464195,0.029535858985256937,-0.9777819280498335,0.016915248069512695
sample_4211,L15-0544E-1228N_2176_3279_13,50176,0.1768176020408163,3248844a4999cda3e585f080cf7b5016ecc9c2816af68503e6b3a2f2d439a1a4,64990ea6addff6af93b8eace95fbcf586b8f19e678352f7776dc1bc87a88d58f,1.984422802526634,0.33822703812464944,0.014111624094562568,0.03300273555226547,-0.9717767502193339,0.020136761695786626
sample_4212,L15-1210E-1025N_4840_4088_13,50176,0.004444355867346939,099c37043fa39eadff447bd804eb36db06a8b64bcd8f26902dde5777389db780,64990ea6addff6af93b8eace95fbcf586b8f19e678352f7776dc1bc87a88d58f,0.037631971136200516,0.00880536018041921,0.0022792040420297,0.006560521730622612,-0.995441591125055,0.0035692234084328733
sample_4213,L15-1389E-1284N_5557_3054_13,50176,0.0,daede069d703460dc1275e43c772caa2a215db963efcbfa2dc4eef610aab241d,64990ea6addff6af93b8eace95fbcf586b8f19e678352f7776dc1bc87a88d58f,1.4247337189372844e-05,3.277985486124308e-07,1.4162751874525328e-05,0.0001164080751049854,-0.9999716741128221,2.7997705200438602e-05
sample_4214,L15-0368E-1245N_1474_3210_13,50176,0.22229751275510204,decc8ebe4c19be940248a4d7ad115430db619510fdf2ec472b8674a465effd63,64990ea6addff6af93b8eace95fbcf586b8f19e678352f7776dc1bc87a88d58f,1.3454345062075301,0.3828454380306637,0.06558610586691838,0.15254000184536992,-0.8688277883289816,0.09409671027674733
sample_4215,L15-1014E-1375N_4056_2688_13,50176,0.14552774234693877,6069c19b6a6a7a41b0962e4113879af6d706079aae9550b606023a12ee0e4692,64990ea6addff6af93b8eace95fbcf586b8f19e678352f7776dc1bc87a88d58f,0.7858702533310188,0.2528419851407684,0.051239521128638665,0.11830930879808738,-0.8975209563825189,0.07366620168065265
sample_4216,L15-1138E-1216N_4553_3325_13,50176,0.06439333545918367,feb142abc4e0243f98e47375ecac90bef714dadfe7b3a4fa31c9cc72666b7007,64990ea6addff6af93b8eace95fbcf586b8f19e678352f7776dc1bc87a88d58f,0.5865057548121367,0.12123579107290804,0.009592881516496442,0.023799217076532563,-0.9808142350228578,0.014066058226729477
sample_4217,L15-0368E-1245N_1474_3210_13,50176,0.2583107461734694,a06e236fd9c026f580fc0a8a98cdf74338e0d5a757798b5b486246242e7cb10b,64990ea6addff6af93b8eace95fbcf586b8f19e678352f7776dc1bc87a88d58f,2.033914058073609,0.46388160346727836,0.046059340460710606,0.10829115108130705,-0.9078813186724901,0.06632602156545618
sample_4218,L15-0358E-1220N_1433_3310_13,50176,0.10100446428571429,993f918f7122021abbee972c619e11e7c397daf72c1233461c92b28e5f94d550,64990ea6addff6af93b8eace95fbcf586b8f19e678352f7776dc1bc87a88d58f,0.42719625140987416,0.16739344711454682,0.04549585282208626,0.1050263408617773,-0.9090082926516232,0.06521848496635756
sample_4219,L15-1276E-1107N_5105_3761_13,50176,0.01118064413265306,22e5d1cb73f234d2764d1949e48e53cc1b3b396ce280773f2b9eb9910b920c64,64990ea6addff6af93b8eace95fbcf586b8f19e678352f7776dc1bc87a88d58f,0.1161251449685765,0.02186761319883443,0.0008975639832396136,0.0030719163885703335,-0.9982048711172942,0.0014850889032942162
sample_4220,L15-0566E-1185N_2265_3451_13,50176,0.0030891262755102043,7c92ea02443d44cb36940faa9f1d700515be90f2fb8f31159249fe9c068bb8ba,64990ea6addff6af93b8eace95fbcf586b8f19e678352f7776dc1bc87a88d58f,0.023922448945718097,0.005406086492878088,0.0009598390529483405,0.0023942916922671184,-0.9980803211951732,0.001389443916550834
sample_4221,L15-1389E-1284N_5557_3054_13,50176,0.0013352997448979591,2908a4eea388941c9255ae526e97397aa34da0f2fa5b39786ddfdc96285078ba,64990ea6addff6af93b8eace95fbcf586b8f19e678352f7776dc1bc87a88d58f,0.015413044383089167,0.0026489693479039194,7.422275518124201e-05,0.00032187931766850187,-0.9998515533614407,0.00012642836676466683
sample_4222,L15-0566E-1185N_2265_3451_13,50176,0.0038066007653061226,60845d6c1bf1fcd2a6e74fc66ae43753443861f0107cc36d237a9415441e1601,64990ea6addff6af93b8eace95fbcf586b8f19e678352f7776dc1bc87a88d58f,0.02650171735061395,0.007506804281677547,0.0006730258227230944,0.002376653239247674,-0.9986539479616531,0.0011454709401769374
sample_4223,L15-1185E-0935N_4742_4450_13,50176,0.06764190051020408,d136330831043bd1269617aa9d1d88480b9e4b740c0046c1d2160914073aadc9,64990ea6addff6af93b8eace95fbcf586b8f19e678352f7776dc1bc87a88d58f,0.41599551218964775,0.12195893163671641,0.019492348766534075,0.04952141955072229,-0.9610153004900904,0.029158699801871933
sample_4224,L15-1210E-1025N_4840_4088_13,50176,0.06566884566326531,4b1d42da0671c02efb390eb309d56ba346948d60588ebbf35e068c534418ec99,64990ea6addff6af93b8eace95fbcf586b8f19e678352f7776dc1bc87a88d58f,0.4613633902761187,0.11716085659960138,0.013709333199028837,0.0325886950229614,-0.9725813319299158,0.019850578333408534
sample_4225,L15-1210E-1025N_4840_4088_13,50176,0.08442283163265306,f7509b5af95ff400ead423b1de3cd2ee672397874642348836e52ee088764433,64990ea6addff6af93b8eace95fbcf586b8f19e678352f7776dc1bc87a88d58f,0.6792473435002102,0.1576077802261951,0.01261705036004245,0.03205636459636997,-0.9747658978857218,0.018669532830389232
sample_4226,L15-0368E-1245N_1474_3210_13,50176,0.2621372767857143,765e482d6ad6d89b345646254e7e8d5bb3dac607be2cd80bcd1bb12697ecbd32,64990ea6addff6af93b8eace95fbcf586b8f19e678352f7776dc1bc87a88d58f,1.8794522523827821,0.46581005576607104,0.05508505833473019,0.12809539892136507,-0.889829882813721,0.07897690438863939
sample_4227,L15-0544E-1228N_2176_3279_13,50176,0.15074936224489796,4ee9052039b1de29c67b3dd9817bdd41eb0d970f907e2ebd267380a6c5f1e7b1,64990ea6addff6af93b8eace95fbcf586b8f19e678352f7776dc1bc87a88d58f,1.5480555918914831,0.28322297100193716,0.017293942634881074,0.03997306772194997,-0.9654121132722109,0.024528268070223232
sample_4228,L15-0358E-1220N_1433_3310_13,50176,0.02383609693877551,c16784e2755e0d84b73792576bcd6dbec359fa97b01e5a5657efe9c3f70179aa,64990ea6addff6af93b8eace95fbcf586b8f19e678352f7776dc1bc87a88d58f,0.10091711419869047,0.0418397890141191,0.019237228166739628,0.046954964661547686,-0.9615255414061769,0.028520133392507346
sample_4229,L15-1848E-0793N_7394_5018_13,50176,3.985969387755102e-05,daede069d703460dc1275e43c772caa2a215db963efcbfa2dc4eef610aab241d,64990ea6addff6af93b8eace95fbcf586b8f19e678352f7776dc1bc87a88d58f,0.00015006976700207694,6.437343755940132e-05,9.059823327222649e-05,0.00041818630532313464,-0.9998188027196804,0.0001641899923756548
sample_4230,L15-0544E-1228N_2176_3279_13,50176,0.14481026785714285,bec920a1bf6e1cf474ca643b1c405e07ebf4b1deff1eadbf469b6f94b9eb74bb,64990ea6addff6af93b8eace95fbcf586b8f19e678352f7776dc1bc87a88d58f,1.5646188239041285,0.27381221312954096,0.015587189256175592,0.036299668781370295,-0.9688256202454043,0.022229075892632646
sample_4231,L15-1014E-1375N_4056_2688_13,50176,0.0963608099489796,16870129ca7bfd9e13432b2469cfdb39997d735fe8374a4d73b27f34a8d37f10,64990ea6addff6af93b8eace95fbcf586b8f19e678352f7776dc1bc87a88d58f,0.6138844127590234,0.16601860596310902,0.023898135422852497,0.054173068995601134,-0.9522037264121654,0.033733697349029604
sample_4232,L15-0566E-1185N_2265_3451_13,50176,0.0015744579081632653,b3c9c2f19c908da28dd7928740e839fc37568313a7402e8b70d4754809b1d84d,64990ea6addff6af93b8eace95fbcf586b8f19e678352f7776dc1bc87a88d58f,0.009983461041432945,0.0029035319853550367,0.0010934854829113703,0.0031069119344117714,-0.9978130278205776,0.0016993596720006562
sample_4233,L15-0368E-1245N_1474_3210_13,50176,0.261898118622449,91a371a3fd630aadab1e5502bfad1416c3dee4aeb8ad17c61e6bef56d2b2f88f,64990ea6addff6af93b8eace95fbcf586b8f19e678352f7776dc1bc87a88d58f,1.9310047239850383,0.462902330945252,0.05255561954299064,0.12101311142328619,-0.8948887606987525,0.07485800991386991
sample_4234,L15-1210E-1025N_4840_4088_13,50176,0.08093510841836735,6ac180528f503bbffe308471c07f5a58f3259218d64e2fffba42d3a71408eea2,64990ea6addff6af93b8eace95fbcf586b8f19e678352f7776dc1bc87a88d58f,0.7268390978407444,0.15501291583121876,0.00814416274732473,0.021754833055071025,-0.9837116733533173,0.012337798833193568
sample_4235,L15-1185E-0935N_4742_4450_13,50176,0.06650589923469388,e5afc3601e6baaa42ec8bfa144258758b4118ba7d9ef3f616729ed9c86d12c9f,64990ea6addff6af93b8eace95fbcf586b8f19e678352f7776dc1bc87a88d58f,0.4841935974734037,0.1183126950748509,0.01765515291897048,0.042055049190564235,-0.964689691953275,0.025491991620993918
sample_4236,L15-1138E-1216N_4553_3325_13,50176,0.061623086734693876,d50205d0a10891d74d59c30149fbc47c12cfe927da7ca54cf01b618697b28e30,64990ea6addff6af93b8eace95fbcf586b8f19e678352f7776dc1bc87a88d58f,0.648260728284205,0.11297256564898309,0.016705436544131716,0.04045058320200744,-0.9665891247247703,0.024237569300972667
sample_4237,L15-1210E-1025N_4840_4088_13,50176,0.08191167091836735,0f6f751b83f445fa0c1aa19ac17a0d0c7c4e9b5345f865bb1b580b0e80478261,64990ea6addff6af93b8eace95fbcf586b8f19e678352f7776dc1bc87a88d58f,0.6672255585052853,0.15334893799424756,0.012991980702986903,0.033220136648733474,-0.9740160371955157,0.019361002686547394
sample_4238,L15-1848E-0793N_7394_5018_13,50176,0.004862882653061225,daede069d703460dc1275e43c772caa2a215db963efcbfa2dc4eef610aab241d,64990ea6addff6af93b8eace95fbcf586b8f19e678352f7776dc1bc87a88d58f,0.015892986851344593,0.008226360625399977,0.009357272690086037,0.024918472880022902,-0.9812854527495762,0.014325017508802057
sample_4239,L15-0358E-1220N_1433_3310_13,50176,0.04631696428571429,8f53d74320effb3269ee89ede4c6c5c42a1f2f76eb698f28eb39932207bf3bae,64990ea6addff6af93b8eace95fbcf586b8f19e678352f7776dc1bc87a88d58f,0.3676627986888141,0.08448575893288876,0.009833727086590109,0.024274505868866966,-0.9803325443269988,0.01447052714977926
sample_4240,L15-0566E-1185N_2265_3451_13,50176,0.0,daede069d703460dc1275e43c772caa2a215db963efcbfa2dc4eef610aab241d,64990ea6addff6af93b8eace95fbcf586b8f19e678352f7776dc1bc87a88d58f,8.20891916944572e-06,3.475965619582415e-08,8.200172914610225e-06,7.956493840426913e-05,-0.9999835985987174,1.6365586173025022e-05
sample_4241,L15-0544E-1228N_2176_3279_13,50176,0.1546954719387755,6e2ab5b63375d4fd6fe16ff11ec0ae4d196374f6cdcbceaf302f6ea1ce3285f7,64990ea6addff6af93b8eace95fbcf586b8f19e678352f7776dc1bc87a88d58f,1.728005982727977,0.3010299052859185,0.011113597936595656,0.029697954502257984,-0.9777728034605433,0.01690108709618514
sample_4242,L15-1210E-1025N_4840_4088_13,50176,0.023955676020408163,425931f84e124318608476b412cf0e31eca37bc5cdaaec590fb878cc1fcc8b00,64990ea6addff6af93b8eace95fbcf586b8f19e678352f7776dc1bc87a88d58f,0.15293027960857095,0.04200404687514755,0.007318425400904855,0.01820576255742699,-0.9853631479653286,0.01059175200590243
sample_4243,L15-0358E-1220N_1433_3310_13,50176,0.05317283163265306,4c4abe2438b0fcbefcc117c11d3691b20aed04bc78b5a81170030996a9539c4f,64990ea6addff6af93b8eace95fbcf586b8f19e678352f7776dc1bc87a88d58f,0.3252478048075297,0.09214711198085272,0.018007556748652488,0.04191462241752259,-0.9639848846192048,0.025776734836628692
sample_4244,L15-1185E-0935N_4742_4450_13,50176,0.07479671556122448,1bf08c9547d42bd171642b345239bfccd4c2a7fc9337eb27a7a1a904c0a4aca5,64990ea6addff6af93b8eace95fbcf586b8f19e678352f7776dc1bc87a88d58f,0.6176003429038593,0.1434865824498333,0.009085835649023707,0.025450268329707332,-0.9818283275521452,0.014162799776880133
sample_4245,L15-1748E-1247N_6993_3202_13,50176,0.001136001275510204,6151bfd2392578824ed2981d3e73d02e4cb94ebbedff03525b250b192f386c40,64990ea6addff6af93b8eace95fbcf586b8f19e678352f7776dc1bc87a88d58f,0.008759544291445306,0.002214937481437943,0.0005018489390174497,0.0016218307400401443,-0.998996301061186,0.000816882512183573
sample_4246,L15-1276E-1107N_5105_3761_13,50176,0.019810267857142856,1520d738279726144beb908151152bd164f2d9937fa08d108d316f59f8fbec64,64990ea6addff6af93b8eace95fbcf586b8f19e678352f7776dc1bc87a88d58f,0.17351001008974146,0.038951320987640835,0.0020096314659969385,0.006700852935334251,-0.9959807351416758,0.0033466982557079916
sample_4247,L15-0358E-1220N_1433_3310_13,50176,0.05955038265306122,4dd29411249fa562ff9bf79a068f0b3ea9a38d19cd7c75896da5dd6602d80b6d,64990ea6addff6af93b8eace95fbcf586b8f19e678352f7776dc1bc87a88d58f,0.29808333908695717,0.10007350003982078,0.02366506004211854,0.05492635309861045,-0.9526698777520286,0.03388475835576086
sample_4248,L15-1185E-0935N_4742_4450_13,50176,0.07168765943877552,cd23745243155d99fe33237a934e6dc3cd0e2b4b74dd4402b99b7a4bea4a5098,64990ea6addff6af93b8eace95fbcf586b8f19e678352f7776dc1bc87a88d58f,0.5340606617906462,0.13470442216722733,0.010785522585620686,0.029471674839435556,-0.9784289533116987,0.01660116296430714
sample_4249,L15-1210E-1025N_4840_4088_13,50176,0.07934072066326531,4157dd989f3a0f55d0599d7109acf8a3790298e19ba38e4ad99684c1d6b4c09b,64990ea6addff6af93b8eace95fbcf586b8f19e678352f7776dc1bc87a88d58f,0.7141903241558075,0.1520706544823358,0.0080347683218935,0.021827497865873766,-0.9839304616428006,0.012262308988816846
sample_4250,L15-1276E-1107N_5105_3761_13,50176,0.009267378826530613,fb673ac372227b83fa22a2fc56b059afc413ecd914618d62ed347083a6c573ad,64990ea6addff6af93b8eace95fbcf586b8f19e678352f7776dc1bc87a88d58f,0.12010953917865032,0.0185011893181428,0.00014745576392707167,0.00046218421997709777,-0.9997050876938136,0.00021308534693409325
sample_4251,L15-0544E-1228N_2176_3279_13,50176,0.15678810586734693,515f3ec72a04a910fe91c4453ea6534729020ef46a9470c74364a471e565304c,64990ea6addff6af93b8eace95fbcf586b8f19e678352f7776dc1bc87a88d58f,1.6093858378455406,0.3025111038457333,0.015148281188662715,0.03976041012901217,-0.969703437229488,0.022878713318304805
sample_4252,L15-0358E-1220N_1433_3310_13,50176,0.05689971301020408,75968a2e6b0e4b90c2cd914d4deeb8ced33240e480e1cb3411c386af6ae94c8a,64990ea6addff6af93b8eace95fbcf586b8f19e678352f7776dc1bc87a88d58f,0.2984282699219381,0.09550681645420678,0.024655949008384987,0.05558956955034799,-0.950688099752963,0.03472070126835028
sample_4253,L15-1848E-0793N_7394_5018_13,50176,0.022221779336734693,daede069d703460dc1275e43c772caa2a215db963efcbfa2dc4eef610aab241d,64990ea6addff6af93b8eace95fbcf586b8f19e678352f7776dc1bc87a88d58f,0.09151635485581099,0.036712651948592044,0.007146493424851523,0.01627678980605616,-0.9857070115822463,0.010072550851356435
sample_4254,L15-0544E-1228N_2176_3279_13,50176,0.14891581632653061,0fae49eba642a7f9c03c8d5a616f2c4108ab957e1b47e16556c371bf59c9b8df,64990ea6addff6af93b8eace95fbcf586b8f19e678352f7776dc1bc87a88d58f,1.437836268628116,0.27875542427743133,0.019833505859275406,0.04705313058056818,-0.9603329870592905,0.028551330740571586
sample_4255,L15-1276E-1107N_5105_3761_13,50176,0.00922751913265306,d73b6308c4c36a4e36f5ba28c0cb662de897987b8370d0b20081a8ad7d0eca46,64990ea6addff6af93b8eace95fbcf586b8f19e678352f7776dc1bc87a88d58f,0.10875198768946545,0.018155391424529013,0.00015657022239032144,0.0004731083102580978,-0.9996868588148317,0.00023916906532547616
sample_4256,L15-0544E-1228N_2176_3279_13,50176,0.15415736607142858,46f614c077b01619815ce31346510580ead91d0ff7bdef3ddc902aef7e46c999,64990ea6addff6af93b8eace95fbcf586b8f19e678352f7776dc1bc87a88d58f,1.7922502352223648,0.30437047079285146,0.005644514148209092,0.016626278592408072,-0.9887109711081434,0.008937868967869963
sample_4257,L15-0368E-1245N_1474_3210_13,50176,0.15838249362244897,046a9ce83d50833b2b7e318b52c8930b8d9dc80d2f843be30bd0ea82b5bd2794,64990ea6addff6af93b8eace95fbcf586b8f19e678352f7776dc1bc87a88d58f,1.1349781946756416,0.2848824461199504,0.02740083909854863,0.06418155098828576,-0.9451983190516795,0.03936225536856672
sample_4258,L15-1210E-1025N_4840_4088_13,50176,0.004683514030612245,0ce3cd33712d308d409cd469fe784a622bf942640bc2710fa1528d8fef32bf7e,64990ea6addff6af93b8eace95fbcf586b8f19e678352f7776dc1bc87a88d58f,0.038058564344630105,0.009020685738854691,0.0006791722143487055,0.002479702996423517,-0.9986416541977575,0.0011417036195091033
sample_4259,L15-1185E-0935N_4742_4450_13,50176,0.13612085459183673,20df3121570becc96c5af4f734242c2d4d1e2271ca0b2d6d98fba2d083ad90d8,64990ea6addff6af93b8eace95fbcf586b8f19e678352f7776dc1bc87a88d58f,1.0256588520019414,0.24073021384692328,0.03084045858597573,0.06946091814742998,-0.9383190812881732,0.043463881013560954
sample_4260,L15-1748E-1247N_6993_3202_13,50176,0.014807876275510204,82db7bec38288ef703e2ed39ead113e90bf29d3e8bcd569c17e487fa2e9a7c98,64990ea6addff6af93b8eace95fbcf586b8f19e678352f7776dc1bc87a88d58f,0.06878783047648065,0.025838939619643807,0.007951599349771455,0.01932884516888093,-0.9840967991296837,0.011551606977836526
sample_4261,L15-1389E-1284N_5557_3054_13,50176,0.0013552295918367347,2908a4eea388941c9255ae526e97397aa34da0f2fa5b39786ddfdc96285078ba,64990ea6addff6af93b8eace95fbcf586b8f19e678352f7776dc1bc87a88d58f,0.015225848299718403,0.002676656508302948,7.965257486366496e-05,0.00028785329978366645,-0.9998406941607346,0.00012671846028556563
sample_4262,L15-1748E-1247N_6993_3202_13,50176,0.005939094387755102,e71cb1c1ac4fa2cbb3c232e9e2e7639c44095a999cbfb73382069c0319f2d99c,64990ea6addff6af93b8eace95fbcf586b8f19e678352f7776dc1bc87a88d58f,0.05121384797296878,0.011586080454388742,0.0027836350598182454,0.008011207923055643,-0.9944327289583289,0.004390471528357848
sample_4263,L15-0358E-1220N_1433_3310_13,50176,0.03589365433673469,fcef5a1876fac55792780f8b86a036f73c9a95547956f49354762a35cdbd8120,64990ea6addff6af93b8eace95fbcf586b8f19e678352f7776dc1bc87a88d58f,0.12907654860577178,0.06001330411556468,0.03265811987838955,0.07163278479257448,-0.9346837575302157,0.0458661259730328
sample_4264,L15-1185E-0935N_4742_4450_13,50176,0.05229591836734694,1c9d95fcc824852cd3d22ba6ab929f668d5f2b64a4e594411805d190996ebba0,64990ea6addff6af93b8eace95fbcf586b8f19e678352f7776dc1bc87a88d58f,0.4421521586918275,0.09888588923827386,0.007000788253950601,0.019033733930617528,-0.9859984215334016,0.01074511385100379
sample_4265,L15-1276E-1107N_5105_3761_13,50176,0.010503029336734694,8591e6545203dc20267936a1c0fada9d28b0a51609ad6907da3af0120d374caa,64990ea6addff6af93b8eace95fbcf586b8f19e678352f7776dc1bc87a88d58f,0.11023813436152406,0.02077368205824278,0.0007333943396996783,0.0027714359988693237,-0.9985332103163187,0.0012673726285885622
sample_4266,L15-1848E-0793N_7394_5018_13,50176,0.027861926020408163,1d1aaabcdd94c4f2aa5cd01957918fe4d2a37c6bb3758bcd8c22c875865a4d8b,64990ea6addff6af93b8eace95fbcf586b8f19e678352f7776dc1bc87a88d58f,0.16744724587437596,0.05058583477095071,0.009238729028896029,0.024480113203728657,-0.9815225398236518,0.013990094648373197
sample_4267,L15-0368E-1245N_1474_3210_13,50176,0.2102997448979592,09a26ff9a24b9bfa35281f5ab86bd161d503bc3879238319c4be19dc1952a12c,64990ea6addff6af93b8eace95fbcf586b8f19e678352f7776dc1bc87a88d58f,2.1528435188577255,0.39676066812888544,0.023644906440179567,0.05631067029740893,-0.9527101855586464,0.03424323838726755
sample_4268,L15-1014E-1375N_4056_2688_13,50176,0.20031489158163265,c1b6e4167a55cae2ab0832fc2f707aa226c133535a54b496dd500785e0c2f5b1,64990ea6addff6af93b8eace95fbcf586b8f19e678352f7776dc1bc87a88d58f,1.3980998814120917,0.35567464011714117,0.04326217012997831,0.10076476156724105,-0.9134756591825389,0.06194974130441612
sample_4269,L15-1848E-0793N_7394_5018_13,50176,0.0006377551020408163,a3f4aec7b0054265f83404a6d96b49ed44efc2220960fd6c82087a67e2399fd2,64990ea6addff6af93b8eace95fbcf586b8f19e678352f7776dc1bc87a88d58f,0.004291342389467866,0.001651487906587291,0.0024675225793878187,0.007150375188628066,-0.9950649538196253,0.003927725088213884
sample_4270,L15-1276E-1107N_5105_3761_13,50176,0.009127869897959183,0a76c57fc6848a25f908bcebf0af0b47bd0bebc4d223fa6605aece3e3201b834,64990ea6addff6af93b8eace95fbcf586b8f19e678352f7776dc1bc87a88d58f,0.10324003945446218,0.01765287141320471,0.0004831469577395034,0.0011974914309325808,-0.9990337056298082,0.0006861502414967805
sample_4271,L15-1185E-0935N_4742_4450_13,50176,0.0784438775510204,ffc684711fb0a29c1b6fdd69647defc48c4bc6d07e93c3d09ca453575e5757ca,64990ea6addff6af93b8eace95fbcf586b8f19e678352f7776dc1bc87a88d58f,0.5843615358286864,0.14552472498557897,0.013836668784093415,0.035823990099164434,-0.9723266607324264,0.020903636295771258
sample_4272,L15-1185E-0935N_4742_4450_13,50176,0.16669323979591838,1f8f35b5200314812f345f1cac70a6af9380e4d0e9b7ff97c6ab79fb6388491e,64990ea6addff6af93b8eace95fbcf586b8f19e678352f7776dc1bc87a88d58f,0.8181384028829346,0.28657304315955795,0.07323552634120367,0.1710606226124504,-0.8535289470646641,0.10590817907524103
sample_4273,L15-0566E-1185N_2265_3451_13,50176,0.0030691964285714285,9b8c72e76203436b129ee280ad1f4016bfc3411a708b063d5f7600e61e662d37,64990ea6addff6af93b8eace95fbcf586b8f19e678352f7776dc1bc87a88d58f,0.02891667988720812,0.006081795406428734,0.0001335969201897328,0.0005412684251803377,-0.9997328053054877,0.00023202304819008483
sample_4274,L15-1185E-0935N_4742_4450_13,50176,0.07126913265306123,9789b4853bc4f2b255e843f74e0270c7b463d0f9a26dd23278e8a1fe7f73d609,64990ea6addff6af93b8eace95fbcf586b8f19e678352f7776dc1bc87a88d58f,0.4610005271156711,0.12823051704677063,0.01822305930070389,0.043926400584835226,-0.9635538796283738,0.026496383588265376
sample_4275,L15-0544E-1228N_2176_3279_13,50176,0.1907684948979592,8c24825926c9bcc2597eea9c63e5d315dd6bec9d3d27ae4f5a0398c9dc6250f1,64990ea6addff6af93b8eace95fbcf586b8f19e678352f7776dc1bc87a88d58f,2.133543110212828,0.3665484351190206,0.013062603839397507,0.03025709576356637,-0.9738747902649362,0.0185639714018588
sample_4276,L15-1210E-1025N_4840_4088_13,50176,0.002570950255102041,51d9421702b40d2628eb1474b8260987ab669a476cd5e7c5b7a9773db259c5f6,64990ea6addff6af93b8eace95fbcf586b8f19e678352f7776dc1bc87a88d58f,0.02125960184314477,0.005080993272140427,0.0006195874647142328,0.002366822458008658,-0.9987608237385511,0.0010656584611808259
sample_4277,L15-0368E-1245N_1474_3210_13,50176,0.24192841198979592,09a26ff9a24b9bfa35281f5ab86bd161d503bc3879238319c4be19dc1952a12c,64990ea6addff6af93b8eace95fbcf586b8f19e678352f7776dc1bc87a88d58f,1.37210008986012,0.4108453797329597,0.07045710935110074,0.15752010406280342,-0.8590857811298208,0.09903165280431549
sample_4278,L15-1138E-1216N_4553_3325_13,50176,0.17071906887755103,186ee44cbdb90006c3d183c608c95c746c13c79f81b403517cf30ebe12e856e8,64990ea6addff6af93b8eace95fbcf586b8f19e678352f7776dc1bc87a88d58f,1.2249361996657009,0.30159174058398086,0.04619799012779163,0.10799698382812506,-0.907604019054865,0.06660942339888687
sample_4279,L15-0368E-1245N_1474_3210_13,50176,0.21992586096938777,09a26ff9a24b9bfa35281f5ab86bd161d503bc3879238319c4be19dc1952a12c,64990ea6addff6af93b8eace95fbcf586b8f19e678352f7776dc1bc87a88d58f,1.4608527752598957,0.3907572405470783,0.048535789815680484,0.11399328254192886,-0.90292842021501,0.06990420922935972
sample_4280,L15-1210E-1025N_4840_4088_13,50176,0.02409518494897959,f4bf35d88cdf92440f459127858397711120dcc539089f88c475c8c10a51548e,64990ea6addff6af93b8eace95fbcf586b8f19e678352f7776dc1bc87a88d58f,0.16107114106153245,0.04225102849514383,0.006085936640560323,0.014527570848578482,-0.9878281261046837,0.008698344354947485
sample_4281,L15-1185E-0935N_4742_4450_13,50176,0.17522321428571427,6d5c8280ae36314c680c1014923ba65a882c25a30f89d3425cc5a1d1b91a786d,64990ea6addff6af93b8eace95fbcf586b8f19e678352f7776dc1bc87a88d58f,0.7757841784601804,0.2930450818415933,0.07997945305292628,0.18683768330507022,-0.8400410937361779,0.11558656572657239
sample_4282,L15-1276E-1107N_5105_3761_13,50176,0.009685905612244899,b8c7aded2ce792482b31c9330827b7e52e29fda156e1edc718ad1b3ccb84067d,64990ea6addff6af93b8eace95fbcf586b8f19e678352f7776dc1bc87a88d58f,0.11320580224004662,0.018820797659112303,0.00048494684552697806,0.001168964356310084,-0.9990301058295056,0.0006863320053349988
sample_4283,L15-1848E-0793N_7394_5018_13,50176,0.006995376275510204,a6781bdfb2b90638cd1af52c87442c007aee0b5feab11251b997c66f35bf89f5,64990ea6addff6af93b8eace95fbcf586b8f19e678352f7776dc1bc87a88d58f,0.04340759815409307,0.012781885381651443,0.0019906198995529997,0.005403764651922806,-0.9960187592739105,0.003030261285087866
sample_4284,L15-1138E-1216N_4553_3325_13,50176,0.16481983418367346,ad1e99cd6867edcf15542ce1b5c22b588070414aaed1b08300f3ead583907469,64990ea6addff6af93b8eace95fbcf586b8f19e678352f7776dc1bc87a88d58f,1.2231364615989493,0.2947145285224963,0.046257450433010806,0.11020195150979692,-0.9074850980874051,0.06731218308370085
sample_4285,L15-1276E-1107N_5105_3761_13,50176,0.019969706632653062,3bf25573b19bc33aa6fd27b958c364c0772d0d0a0a3605d73b5398efaa4fbd61,64990ea6addff6af93b8eace95fbcf586b8f19e678352f7776dc1bc87a88d58f,0.2049448376284892,0.039767815524420824,0.0007712523243865188,0.002959532099279246,-0.9984574939697476,0.001324239997025497
sample_4286,L15-1748E-1247N_6993_3202_13,50176,0.0011957908163265306,8daf05172d2a1e9d9040274604059e0f5864e4bd4a436cfba6947e7340d3e376,64990ea6addff6af93b8eace95fbcf586b8f19e678352f7776dc1bc87a88d58f,0.007340521136085509,0.002257403529679457,0.0007907844098683979,0.002466629636719774,-0.9984184296624443,0.0012582510115262784
sample_4287,L15-1389E-1284N_5557_3054_13,50176,0.08665497448979592,71592e090bf309a59c3982c6b4d9d7de5245d3ddbdcc1befbb61eeb112d59c16,64990ea6addff6af93b8eace95fbcf586b8f19e678352f7776dc1bc87a88d58f,0.3502020840458312,0.1444115212227356,0.0449776681061663,0.10439449683147466,-0.9100446618246608,0.06487436859250179
sample_4288,L15-1389E-1284N_5557_3054_13,50176,0.02529097576530612,cbe5e82ea6e5ba2ac1940726e0b19300931cc2c12916fca3f4f403e48cdd2598,64990ea6addff6af93b8eace95fbcf586b8f19e678352f7776dc1bc87a88d58f,0.09846764745179101,0.044042170001849436,0.012120240515250028,0.03150047145397956,-0.9757595168507907,0.018654591797687376
sample_4289,L15-0544E-1228N_2176_3279_13,50176,0.14337531887755103,9f4ad63e481ec55b11e73e251f1a05c31aa9334ebf43ce4475b6ac8debb2c3e0,64990ea6addff6af93b8eace95fbcf586b8f19e678352f7776dc1bc87a88d58f,1.60009811404216,0.2735947297031485,0.01309337236381573,0.03017299497924798,-0.9738132536794,0.01843055701912763
sample_4290,L15-0566E-1185N_2265_3451_13,50176,0.018833705357142856,00af56e9ae19ba9a50a579b2caefb43726e8a8193411a3e96163877501f5caf9,64990ea6addff6af93b8eace95fbcf586b8f19e678352f7776dc1bc87a88d58f,0.11912038244530959,0.03310377248864704,0.006737961642900292,0.016410862361791845,-0.9865240744546397,0.00984454707976289
sample_4291,L15-0358E-1220N_1433_3310_13,50176,0.03810586734693878,237cca57fd1a893d1a78221d1c6883e365ba7c3d396b859d0c7bb763814c35db,64990ea6addff6af93b8eace95fbcf586b8f19e678352f7776dc1bc87a88d58f,0.1627814095718457,0.0637578107427425,0.023268222271901916,0.053159806519945896,-0.9534635526293174,0.03325448966044625
sample_4292,L15-1276E-1107N_5105_3761_13,50176,0.010622608418367346,6e94660198c429444a5c5a8e25482f60d1a10dcccaf5abe78f7d7e9e3afa51e5,64990ea6addff6af93b8eace95fbcf586b8f19e678352f7776dc1bc87a88d58f,0.1262969278740626,0.021184207820880124,0.0002036448449314553,0.0009601396645499661,-0.9995927093304363,0.00036830929578662744
sample_4293,L15-1014E-1375N_4056_2688_13,50176,0.07838408801020408,3fdf1dc6ba2451845dc80a5e4aae327f1365f04c19a550b3f7efb933764e4415,64990ea6addff6af93b8eace95fbcf586b8f19e678352f7776dc1bc87a88d58f,0.5826087586893918,0.1393949483205553,0.014691423429936474,0.03359794003823116,-0.9706171500158375,0.020818843267850183
sample_4294,L15-1210E-1025N_4840_4088_13,50176,0.020946269132653062,6cb7553e3db30a880295153c0abbd5f762bb645cf7eee93c8174763cfbbac191,64990ea6addff6af93b8eace95fbcf586b8f19e678352f7776dc1bc87a88d58f,0.15643513738918857,0.037891112019180564,0.004963349574720677,0.011841784034404937,-0.990073299705839,0.007037201267776879
sample_4295,L15-1389E-1284N_5557_3054_13,50176,0.0013950892857142857,20b85f93cecbb7ff683f7dd266e032daa5c614fe6af004fd5db1480b48a1860b,64990ea6addff6af93b8eace95fbcf586b8f19e678352f7776dc1bc87a88d58f,0.014893865394560751,0.002804131529599673,0.0001828406630939215,0.000695710252381406,-0.9996343175559046,0.00031935414259923325
sample_4296,L15-1748E-1247N_6993_3202_13,50176,0.0011160714285714285,b15c44d77dcdd305c471ca75001b82cd1f9aa64345316764e3127499ddc6c725,64990ea6addff6af93b8eace95fbcf586b8f19e678352f7776dc1bc87a88d58f,0.00951673657755139,0.0020823520406058013,0.00038007492608181675,0.0013489930313275362,-0.999239849169488,0.0006401260990647872
sample_4297,L15-1276E-1107N_5105_3761_13,50176,0.07629145408163265,8e4f25c253fc0f181395f3e4610e47a61249afe6549d64d7b3dbad0ed7cff19d,64990ea6addff6af93b8eace95fbcf586b8f19e678352f7776dc1bc87a88d58f,0.4173342700438068,0.13246052028260974,0.051834338617853214,0.11568572714760432,-0.8963313209466118,0.07361504830306721
sample_4298,L15-0368E-1245N_1474_3210_13,50176,0.2219188456632653,f54e30b4fac7bf945d3ac2e08745dc0230c3583c774d776a7007583093baeadf,64990ea6addff6af93b8eace95fbcf586b8f19e678352f7776dc1bc87a88d58f,1.1632544348192875,0.36962240589713363,0.07634001612967374,0.171831734820218,-0.8473199678530876,0.1075830742527843
sample_4299,L15-1185E-0935N_4742_4450_13,50176,0.06690449617346939,418a239a13019a6eee7f58abe1bd1d906294ffb5cbb53c5f9512d3335525368e,64990ea6addff6af93b8eace95fbcf586b8f19e678352f7776dc1bc87a88d58f,0.566871221511081,0.12536867342884017,0.010404954312787372,0.027227759232303455,-0.9791900895342834,0.015754892499402255
sample_4300,L15-0368E-1245N_1474_3210_13,50176,0.22431042729591838,0d0dd78b4fb50a4d608b3c017ed4ce7d9fdac5c9b9fa9079d168c1b9bc0b2aa2,64990ea6addff6af93b8eace95fbcf586b8f19e678352f7776dc1bc87a88d58f,1.1783609869488454,0.37805064462211224,0.0760984175009368,0.17604392281643513,-0.8478031652071132,0.10897860329367284
sample_4301,L15-1185E-0935N_4742_4450_13,50176,0.17827248086734693,447c9132af8ffbe77aa05c43018af2ddc5e3938e1839036c95220b4a3cd51dc5,64990ea6addff6af93b8eace95fbcf586b8f19e678352f7776dc1bc87a88d58f,0.7402182136808666,0.29094888700511756,0.09841464781938881,0.21954459020163322,-0.8031707039594844,0.13892264675765892
sample_4302,L15-0566E-1185N_2265_3451_13,50176,0.0,daede069d703460dc1275e43c772caa2a215db963efcbfa2dc4eef610aab241d,64990ea6addff6af93b8eace95fbcf586b8f19e678352f7776dc1bc87a88d58f,6.097602942576299e-06,8.08728580216688e-09,6.095575149722246e-06,6.500551688395109e-05,-0.9999878076483113,1.2183063013642681e-05
sample_4303,L15-1389E-1284N_5557_3054_13,50176,0.0014150191326530613,20b85f93cecbb7ff683f7dd266e032daa5c614fe6af004fd5db1480b48a1860b,64990ea6addff6af93b8eace95fbcf586b8f19e678352f7776dc1bc87a88d58f,0.01322762186724445,0.002805249918305209,0.00026306805167613286,0.0009618863776008509,-0.9994738628076827,0.00045532624074302733
sample_4304,L15-1748E-1247N_6993_3202_13,50176,0.008868781887755101,ff340a11f3b4f1a6dc0ae7449c772b0741d33954632e405684d30c4a34bd2f82,64990ea6addff6af93b8eace95fbcf586b8f19e678352f7776dc1bc87a88d58f,0.05461147532740701,0.016365995080306173,0.0032002606455293695,0.008918324163268829,-0.9935994775440191,0.004941027365596854
sample_4305,L15-1185E-0935N_4742_4450_13,50176,0.13636001275510204,ceaa558747870f89b5a5916de1c76a9693bef65c72ce0dfbb7b5fe290fe1c7c6,64990ea6addff6af93b8eace95fbcf586b8f19e678352f7776dc1bc87a88d58f,0.9868300897343032,0.23969806830308218,0.03262543858489858,0.07377695466950385,-0.9347491212430062,0.046101171666711835
sample_4306,L15-0544E-1228N_2176_3279_13,50176,0.1415417729591837,a47866669158949983742ab8c3e22c384a3af049d11e62a976e002b6bfd08945,64990ea6addff6af93b8eace95fbcf586b8f19e678352f7776dc1bc87a88d58f,1.6405239726888574,0.27022471951954646,0.012149883732342218,0.027479982928906816,-0.9757002309869213,0.01702231314784105
sample_4307,L15-0368E-1245N_1474_3210_13,50176,0.22869499362244897,09a26ff9a24b9bfa35281f5ab86bd161d503bc3879238319c4be19dc1952a12c,64990ea6addff6af93b8eace95fbcf586b8f19e678352f7776dc1bc87a88d58f,1.3049958301742737,0.3918767605196938,0.06502880907988137,0.14752010823279513,-0.8699423818115054,0.0920885175712718
sample_4308,L15-0358E-1220N_1433_3310_13,50176,0.08711336096938775,4bdc7eacfb0bafe203b5d7d3c100ad249103f0730a0a313b5400212075f95a04,64990ea6addff6af93b8eace95fbcf586b8f19e678352f7776dc1bc87a88d58f,0.4585043548484388,0.1473421216705759,0.027264471100500728,0.06340597335733716,-0.9454710556832191,0.039054690375412794
sample_4309,L15-1138E-1216N_4553_3325_13,50176,0.16806839923469388,9e5e148b58a4f5c4c45c159973cd614485cd407feffabe5e3e827b9649265157,64990ea6addff6af93b8eace95fbcf586b8f19e678352f7776dc1bc87a88d58f,1.1741272502791587,0.299234140206974,0.04482798972190833,0.1067125712046721,-0.9103440200618731,0.06510291274664207
sample_4310,L15-1185E-0935N_4742_4450_13,50176,0.06616709183673469,7afdb754a36d7635c4f238c7a32af3162d1ebc9d47da295ecf3d566f5c707c55,64990ea6addff6af93b8eace95fbcf586b8f19e678352f7776dc1bc87a88d58f,0.5071132657249158,0.11987865031171233,0.013876713042584608,0.03390105558744981,-0.9722465720073165,0.020283779310107154
sample_4311,L15-1848E-0793N_7394_5018_13,50176,0.020707110969387755,33ce4836920d36668691d6671c12c1a3c15f3de3f043d2b0c21deed04d16777c,64990ea6addff6af93b8eace95fbcf586b8f19e678352f7776dc1bc87a88d58f,0.12349923831464917,0.0358242833694054,0.00474394461952568,0.01134500811176477,-0.9905121091117405,0.006850329815794523
sample_4312,L15-1014E-1375N_4056_2688_13,50176,0.08067602040816327,cf1115e78386e79a3d3b2fc141b26d17ec624620b823336672284fdd485fd686,64990ea6addff6af93b8eace95fbcf586b8f19e678352f7776dc1bc87a88d58f,0.5463630583388764,0.14251533638172542,0.01704722469225906,0.03944838271999212,-0.965905547639342,0.024314418191812435
sample_4313,L15-1138E-1216N_4553_3325_13,50176,0.04318797831632653,6d5e9b700d788659a9addb6b1ffe7222d80d907e8781c7cecc98db796a44d0f9,64990ea6addff6af93b8eace95fbcf586b8f19e678352f7776dc1bc87a88d58f,0.5083689120284908,0.08338952440573044,0.004204365256128414,0.011079993861633032,-0.9915912676808901,0.006306520069184391
sample_4314,L15-1185E-0935N_4742_4450_13,50176,0.17610012755102042,17247f883b60847080886a1cb4eacf19745083ac26ebe795b5289fba44331bb1,64990ea6addff6af93b8eace95fbcf586b8f19e678352f7776dc1bc87a88d58f,0.7171564923378891,0.285400014746468,0.10893169975701758,0.241785253741338,-0.7821366001280572,0.15381367714060992
sample_4315,L15-1848E-0793N_7394_5018_13,50176,0.01020408163265306,daede069d703460dc1275e43c772caa2a215db963efcbfa2dc4eef610aab241d,64990ea6addff6af93b8eace95fbcf586b8f19e678352f7776dc1bc87a88d58f,0.030117804140879074,0.016890706879095566,0.01795306858102962,0.04359531553263853,-0.96409386064504,0.026295252588566208
sample_4316,L15-1389E-1284N_5557_3054_13,50176,0.01717952806122449,642d47f5f5cacf90e08b05012cdc63226250960e7ac7473aeeae71a9da74242f,64990ea6addff6af93b8eace95fbcf586b8f19e678352f7776dc1bc87a88d58f,0.0923888641800344,0.03158016350414186,0.005386058307651963,0.01484916791059418,-0.9892278820286511,0.00844513542931867
sample_4317,L15-1748E-1247N_6993_3202_13,50176,0.0008569834183673469,8daf05172d2a1e9d9040274604059e0f5864e4bd4a436cfba6947e7340d3e376,64990ea6addff6af93b8eace95fbcf586b8f19e678352f7776dc1bc87a88d58f,0.006839373149842184,0.0017550994038971661,0.0003102053995054139,0.001100519825818313,-0.9993795878706175,0.0005148757167497267
sample_4318,L15-0566E-1185N_2265_3451_13,50176,1.992984693877551e-05,daede069d703460dc1275e43c772caa2a215db963efcbfa2dc4eef610aab241d,64990ea6addff6af93b8eace95fbcf586b8f19e678352f7776dc1bc87a88d58f,0.00012838390895138018,3.460674574213924e-05,0.00011586406082865231,0.00048153193770806684,-0.9997682714371313,0.0001991539161595773
sample_4319,L15-1210E-1025N_4840_4088_13,50176,0.00470344387755102,79ad663c10d3fb542e1769d05d8c09c50e84c717eb3734a999f0d839b175b7f2,64990ea6addff6af93b8eace95fbcf586b8f19e678352f7776dc1bc87a88d58f,0.03996317723733008,0.009801367100321333,0.0034613019444656615,0.009640542110709818,-0.9930773949522177,0.005394337447231731
sample_4320,L15-1210E-1025N_4840_4088_13,50176,0.07997847576530612,dcba03157b201bef5c582514f16971b94ec5b8ad7a4a3d4c10a00846fd53fdd7,64990ea6addff6af93b8eace95fbcf586b8f19e678352f7776dc1bc87a88d58f,0.7504573086150284,0.15441477151816113,0.006732830131540493,0.01817450743150554,-0.9865343386521255,0.010192607488856932
sample_4321,L15-1389E-1284N_5557_3054_13,50176,0.015326052295918368,743b9654fc10b2ee122017d91133e3d56272d8113a47b87a5f0513dfe034bd29,64990ea6addff6af93b8eace95fbcf586b8f19e678352f7776dc1bc87a88d58f,0.09232934927438716,0.029011155521676737,0.004194110065308988,0.011771307350064191,-0.9916117790945784,0.006605293017946738
sample_4322,L15-0544E-1228N_2176_3279_13,50176,0.18879544005102042,54ba86a8e13df7b917ceee4690d6ad74705bc2c67e5de570b40d38dc4bd76c8f,64990ea6addff6af93b8eace95fbcf586b8f19e678352f7776dc1bc87a88d58f,2.0971955953156027,0.35707323316102296,0.01618048198739713,0.036393996446907086,-0.9676390344903013,0.022726994204477203
sample_4323,L15-1014E-1375N_4056_2688_13,50176,0.21173469387755103,8fdd5ffdb6caecc345db34e53c57a1308d2dccb31a6c98809c43e3af96304eff,64990ea6addff6af93b8eace95fbcf586b8f19e678352f7776dc1bc87a88d58f,1.0697077589284611,0.35663657629823725,0.068151036362943,0.15520410993096329,-0.863697927302729,0.09680222070627151
sample_4324,L15-0358E-1220N_1433_3310_13,50176,0.10516980229591837,d8dc051b45282cd7f78456ec065af277545241aa4a22b7828f37e3d540289441,64990ea6addff6af93b8eace95fbcf586b8f19e678352f7776dc1bc87a88d58f,0.40877126594148366,0.1703463033035135,0.04945877680497966,0.11188961992500375,-0.9010824445209175,0.07014548840628734
sample_4325,L15-1185E-0935N_4742_4450_13,50176,0.07148836096938775,bc50f35090b410a297fb90e82516886bc011a05659cdad4548987b091c7931b4,64990ea6addff6af93b8eace95fbcf586b8f19e678352f7776dc1bc87a88d58f,0.5104959247889456,0.13326627286439405,0.01297524816722476,0.03375948431418195,-0.974049502310902,0.01947807348230673
sample_4326,L15-1210E-1025N_4840_4088_13,50176,0.08326690051020408,f8176b83e74f25ced1bb50df578df0937c2a1d81b22f3326335e2bbd1439e74d,64990ea6addff6af93b8eace95fbcf586b8f19e678352f7776dc1bc87a88d58f,0.7021448954794863,0.1562083448136716,0.012944429956034434,0.032771020187366606,-0.9741111383174494,0.019165321557452944
sample_4327,L15-1138E-1216N_4553_3325_13,50176,0.1774952168367347,5a7cc98cb56fe6e89c0326908610ec726478bf455804f2e97b43ea3484c7e211,64990ea6addff6af93b8eace95fbcf586b8f19e678352f7776dc1bc87a88d58f,1.261259645428255,0.31482330666738256,0.049590744796845755,0.1160421452548933,-0.9008185096446645,0.07145499013158829
sample_4328,L15-0368E-1245N_1474_3210_13,50176,0.2210419323979592,09a26ff9a24b9bfa35281f5ab86bd161d503bc3879238319c4be19dc1952a12c,64990ea6addff6af93b8eace95fbcf586b8f19e678352f7776dc1bc87a88d58f,1.2731403054591404,0.38582636178241614,0.05617633340666451,0.13216983298974977,-0.8876473331694921,0.08101925999529634
sample_4329,L15-1389E-1284N_5557_3054_13,50176,0.019810267857142856,94e0eac6d067fb1b2bf7061395ca952120e93ccb766d3c4b47e3dcb6448bd227,64990ea6addff6af93b8eace95fbcf586b8f19e678352f7776dc1bc87a88d58f,0.10225898032829402,0.03630702288556465,0.00686880958632433,0.018580164247388828,-0.9862623791384337,0.010758062229476641
sample_4330,L15-1848E-0793N_7394_5018_13,50176,0.0185546875,daede069d703460dc1275e43c772caa2a215db963efcbfa2dc4eef610aab241d,64990ea6addff6af93b8eace95fbcf586b8f19e678352f7776dc1bc87a88d58f,0.08553224151855109,0.030741133127216876,0.0060563138484175565,0.013900067502797613,-0.9878873708655425,0.008578706809566322
sample_4331,L15-0358E-1220N_1433_3310_13,50176,0.01114078443877551,72faa6df4cab4723f8829c4e91586094c7a3fc230b661601cae57e3b1aec940a,64990ea6addff6af93b8eace95fbcf586b8f19e678352f7776dc1bc87a88d58f,0.08401099685638325,0.022386458032004588,0.0063241481785757505,0.01662988854353355,-0.9873517019064688,0.009640563882746905
sample_4332,L15-1210E-1025N_4840_4088_13,50176,0.0037468112244897957,28f4b5265fc72703783860b70bb90f1970fc9af9fb89f3ca483772997e36f8fe,64990ea6addff6af93b8eace95fbcf586b8f19e678352f7776dc1bc87a88d58f,0.03641082694562187,0.0076722976621436,0.0016618542579876982,0.005291467774959276,-0.9966762903321967,0.0027426467857527524
sample_4333,L15-1210E-1025N_4840_4088_13,50176,0.08344626913265306,df47e41bccd89727df17745a14d2584c94b178e5103e58d98f4c2eefbb7050a0,64990ea6addff6af93b8eace95fbcf586b8f19e678352f7776dc1bc87a88d58f,0.7230025138588654,0.15859052867898082,0.009988505556010547,0.02608573959937067,-0.9800229876279061,0.014958990750612109
sample_4334,L15-1138E-1216N_4553_3325_13,50176,0.028479751275510203,2b8c9a57a67853910848f91c867eec3bd1a7ded3f65ba4c02a74122a80dfadd5,64990ea6addff6af93b8eace95fbcf586b8f19e678352f7776dc1bc87a88d58f,0.23395138063635584,0.053042592989387634,0.007050630401306767,0.018402811984110406,-0.9858987378232726,0.010588137941275586
sample_4335,L15-0566E-1185N_2265_3451_13,50176,0.0,daede069d703460dc1275e43c772caa2a215db963efcbfa2dc4eef610aab241d,64990ea6addff6af93b8eace95fbcf586b8f19e678352f7776dc1bc87a88d58f,2.2211609686074777e-05,1.5465303257127614e-06,2.1800328739823735e-05,0.00013969151334430196,-0.9999563988573328,4.2054127153935006e-05
sample_4336,L15-0368E-1245N_1474_3210_13,50176,0.25791214923469385,090d63adb9f203124c9d2cbaf2efa0ff13960f60a94ecf23d6e6152437205648,64990ea6addff6af93b8eace95fbcf586b8f19e678352f7776dc1bc87a88d58f,2.040234491413567,0.462917043269032,0.0478140657116678,0.11063426876279284,-0.9043718683462932,0.06826510289127063
sample_4337,L15-1848E-0793N_7394_5018_13,50176,0.007174744897959184,339f2dfa5d90f9383a4dad9c0e50ed85eb3da93c5851ae9a23fe5185f66125c5,64990ea6addff6af93b8eace95fbcf586b8f19e678352f7776dc1bc87a88d58f,0.044591359852530967,0.013494373372433952,0.0012855387532760445,0.0039529135444860315,-0.9974289213189101,0.0020602830195370937
sample_4338,L15-0368E-1245N_1474_3210_13,50176,0.16711176658163265,cf3a65f411e9f8f38a673344a838efbb64f1d93df152514f5762e3eb2ac5723e,64990ea6addff6af93b8eace95fbcf586b8f19e678352f7776dc1bc87a88d58f,1.4012118867192906,0.3133745588247376,0.018952392304211627,0.045433615841211306,-0.9620952128927556,0.027425805576794367
sample_4339,L15-0566E-1185N_2265_3451_13,50176,0.0,daede069d703460dc1275e43c772caa2a215db963efcbfa2dc4eef610aab241d,64990ea6addff6af93b8eace95fbcf586b8f19e678352f7776dc1bc87a88d58f,9.069845488309028e-06,1.2527449726502903e-07,9.03801160997578e-06,8.031454768300232e-05,-0.9999819228420216,1.795074872268698e-05
sample_4340,L15-0368E-1245N_1474_3210_13,50176,0.22773836096938777,09a26ff9a24b9bfa35281f5ab86bd161d503bc3879238319c4be19dc1952a12c,64990ea6addff6af93b8eace95fbcf586b8f19e678352f7776dc1bc87a88d58f,1.3759508242179126,0.3956879092327895,0.05655028206196481,0.13083702246933623,-0.8868994356078708,0.08090181963913883
sample_4341,L15-1210E-1025N_4840_4088_13,50176,0.02369658801020408,bba46641e24abf9a00aec8201c72c023f78d236f16a2692876ebf7ec974a97ed,64990ea6addff6af93b8eace95fbcf586b8f19e678352f7776dc1bc87a88d58f,0.15342329176358266,0.04227728075161724,0.004842050884356152,0.012668973253974338,-0.9903158974633557,0.007210060259988446
sample_4342,L15-0368E-1245N_1474_3210_13,50176,0.22510762117346939,09a26ff9a24b9bfa35281f5ab86bd161d503bc3879238319c4be19dc1952a12c,64990ea6addff6af93b8eace95fbcf586b8f19e678352f7776dc1bc87a88d58f,1.518609123391584,0.39959801579872883,0.04497796504482703,0.1050500853819486,-0.9100440692734507,0.0644596648568726
sample_4343,L15-1276E-1107N_5105_3761_13,50176,0.017697704081632654,70a52d90ba088d4c840f691dea0ddba2e2c5dfbe4b03b577f6e1242404fa2167,64990ea6addff6af93b8eace95fbcf586b8f19e678352f7776dc1bc87a88d58f,0.170424730029334,0.034958630930749635,0.001278309329716983,0.004246245130878794,-0.9974433801463866,0.002125727098294674
sample_4344,L15-1210E-1025N_4840_4088_13,50176,0.06361607142857142,db13738a13b444d524559b94ba5762a3931f2a4a6b2e685802866e89d46434b4,64990ea6addff6af93b8eace95fbcf586b8f19e678352f7776dc1bc87a88d58f,0.4782020488735532,0.11522762857285494,0.012286696250417404,0.029148924879306218,-0.9754266055981385,0.017734525715893294
sample_4345,L15-0358E-1220N_1433_3310_13,50176,0.05104033801020408,2f45959e80a38a86dc05a1955db17003ca8c62c36b5ded4df7892a87dcc78325,64990ea6addff6af93b8eace95fbcf586b8f19e678352f7776dc1bc87a88d58f,0.33611486338971663,0.09056195098150112,0.012598063213494132,0.03029606877438578,-0.9748038716419056,0.018283837512118824
sample_4346,L15-0358E-1220N_1433_3310_13,50176,0.0872329400510204,6ce14a724dd13176d95cafc3657a15cea4e005dc0d064b4784c604378aa3a349,64990ea6addff6af93b8eace95fbcf586b8f19e678352f7776dc1bc87a88d58f,0.3396026747046754,0.145062042204293,0.048461881833274524,0.11198362066198454,-0.903076234512543,0.06980735831521111
sample_4347,L15-1748E-1247N_6993_3202_13,50176,0.000896843112244898,2471987e46c3349a2b70d56796ca6746b3f5bd2aa0b189cd36f55149f0d09713,64990ea6addff6af93b8eace95fbcf586b8f19e678352f7776dc1bc87a88d58f,0.007534317920428769,0.0017778487275888328,0.00034351115072222085,0.001304873623692494,-0.9993129762135305,0.0005901651574731453
sample_4348,L15-1276E-1107N_5105_3761_13,50176,0.01508689413265306,95cb2c20aca98a4490342693ca364c7faf4d7311f537b9389837ea48f0d9d676,64990ea6addff6af93b8eace95fbcf586b8f19e678352f7776dc1bc87a88d58f,0.14595708850502853,0.029881095474731195,0.0009741880919081064,0.0037641675948825786,-0.9980516222355628,0.0017214968015754097
sample_4349,L15-1748E-1247N_6993_3202_13,50176,0.005859375,7b5fd6929a745588e13560101fa9e2883831ecf7a2795f66ff35d6e7bc1c37ae,64990ea6addff6af93b8eace95fbcf586b8f19e678352f7776dc1bc87a88d58f,0.04335091608757902,0.01116866622820394,0.0026649242618634384,0.007821599179656967,-0.994670150688731,0.004234010472407089
sample_4350,L15-1389E-1284N_5557_3054_13,50176,0.08832908163265306,702f5aef1b674c69cd27cf8dd0f2c525520337f8db39a5c4c8bfc07c17320ddb,64990ea6addff6af93b8eace95fbcf586b8f19e678352f7776dc1bc87a88d58f,0.38584608811212423,0.14834800637075582,0.04164561389812401,0.09625714754472804,-0.9167087701153576,0.05978610912500172
sample_4351,L15-0544E-1228N_2176_3279_13,50176,0.18967235331632654,e3e0fb62b32bc5f2ea3ab4f08498ccfda448217ea9fc24ea32fe168c8d6b772f,64990ea6addff6af93b8eace95fbcf586b8f19e678352f7776dc1bc87a88d58f,2.1369130240181824,0.3627142314088542,0.013206912526547224,0.030608874805043554,-0.9735861731936326,0.018838428570552304
sample_4352,L15-0358E-1220N_1433_3310_13,50176,0.10526945153061225,993f918f7122021abbee972c619e11e7c397daf72c1233461c92b28e5f94d550,64990ea6addff6af93b8eace95fbcf586b8f19e678352f7776dc1bc87a88d58f,0.431756300420219,0.17035717313165324,0.048656317228403856,0.10944718927272094,-0.9026873635371304,0.06873014483804933
sample_4353,L15-0358E-1220N_1433_3310_13,50176,0.05606265943877551,969cd19890b4c3ff047c3dfe4604d0a36c58a9bc34685edd4650e2d0ab129c7d,64990ea6addff6af93b8eace95fbcf586b8f19e678352f7776dc1bc87a88d58f,0.32372614190239246,0.09658669952516943,0.018625110158535213,0.04386011659146064,-0.9627497774647811,0.02679501601504572
sample_4354,L15-1185E-0935N_4742_4450_13,50176,0.08063616071428571,0a2db0e14edd1ba56d083fe001e9ba814c1cbf61dd8a7194f77112a806d74acb,64990ea6addff6af93b8eace95fbcf586b8f19e678352f7776dc1bc87a88d58f,0.5610040062317502,0.146551264934339,0.017363796483402198,0.04347463897419017,-0.9652724053799222,0.025766491232952365
sample_4355,L15-1138E-1216N_4553_3325_13,50176,0.12723214285714285,859bdab06eb67343aab2e16879eb574855f310d672bb26210a99d48570ba28fa,64990ea6addff6af93b8eace95fbcf586b8f19e678352f7776dc1bc87a88d58f,0.6064663064009906,0.21589778119041295,0.05172108077534417,0.12025569462000393,-0.8965578380667665,0.07413348796521475
sample_4356,L15-0358E-1220N_1433_3310_13,50176,0.03461814413265306,ed341b1986a2b9989791f6a04202784919f12b25a521ccf7e766aba5dcbca8a0,64990ea6addff6af93b8eace95fbcf586b8f19e678352f7776dc1bc87a88d58f,0.13130492217523834,0.05633359771836774,0.019475732947823267,0.044903957927497545,-0.9610485316734984,0.028000911391193456
sample_4357,L15-0566E-1185N_2265_3451_13,50176,0.0005580357142857143,1706b9164e7060a4a2cd1520b965b41282ef99addb275a90aaabf6475522d5d2,64990ea6addff6af93b8eace95fbcf586b8f19e678352f7776dc1bc87a88d58f,0.002817850308782399,0.0009090164699734984,0.00038515436296750395,0.0011390863956423415,-0.9992296904192738,0.0005968895287778018
sample_4358,L15-0566E-1185N_2265_3451_13,50176,1.992984693877551e-05,daede069d703460dc1275e43c772caa2a215db963efcbfa2dc4eef610aab241d,64990ea6addff6af93b8eace95fbcf586b8f19e678352f7776dc1bc87a88d58f,4.154850588563349e-05,2.3149982679326262e-05,2.342208682996582e-05,0.00010366821468125863,-0.9999531555160645,3.8449805700206595e-05
sample_4359,L15-1748E-1247N_6993_3202_13,50176,0.006098533163265306,a8803e7d0f4c217817ea6170ea7b9166cffc5fca72160b9f8481c8fe77599a41,64990ea6addff6af93b8eace95fbcf586b8f19e678352f7776dc1bc87a88d58f,0.047933554133765224,0.01154544485524077,0.0027292288913467557,0.00762627304136081,-0.9945415414581139,0.004219826739801605
sample_4360,L15-1848E-0793N_7394_5018_13,50176,0.003985969387755102,536fbe64aa14edb7229a7bbd5fbf546ba5159c7510eec605015c8a4e05a4d834,64990ea6addff6af93b8eace95fbcf586b8f19e678352f7776dc1bc87a88d58f,0.03872194294718331,0.007667661920166999,0.0004753104900485095,0.0013487255911177564,-0.9990493784424306,0.0007160157161889544
sample_4361,L15-1138E-1216N_4553_3325_13,50176,0.06750239158163265,60a8439f5e95ba8b6c6d2129fd83f847e19293e5182e54beb7d65d4b7d198dd2,64990ea6addff6af93b8eace95fbcf586b8f19e678352f7776dc1bc87a88d58f,0.7809096917659067,0.1271592496435514,0.010872959817417574,0.026905604489166356,-0.9782540787397509,0.015857301526283434
sample_4362,L15-1014E-1375N_4056_2688_13,50176,0.15192522321428573,6069c19b6a6a7a41b0962e4113879af6d706079aae9550b606023a12ee0e4692,64990ea6addff6af93b8eace95fbcf586b8f19e678352f7776dc1bc87a88d58f,0.7608987826406871,0.26041800868864884,0.05548510537007634,0.1271891548407186,-0.8890297881621534,0.07925494465016893
sample_4363,L15-0544E-1228N_2176_3279_13,50176,0.1474011479591837,98f0e3f8f3182ce994ba5313c0a87fd5861e3fc8963db13529df28f1aa84efab,64990ea6addff6af93b8eace95fbcf586b8f19e678352f7776dc1bc87a88d58f,1.742826419586734,0.2825182428521466,0.011528531679817076,0.02589111401764842,-0.9769429348855814,0.01612421290794918
sample_4364,L15-0368E-1245N_1474_3210_13,50176,0.2617984693877551,a06e236fd9c026f580fc0a8a98cdf74338e0d5a757798b5b486246242e7cb10b,64990ea6addff6af93b8eace95fbcf586b8f19e678352f7776dc1bc87a88d58f,1.9282455603166822,0.46593851811672266,0.05048667496588195,0.1174253013685921,-0.8990266500196897,0.07228464102544825
sample_4365,L15-1276E-1107N_5105_3761_13,50176,0.00936702806122449,171bf35e9e6427723fa9529dc174f918a9080ecf7af519a2d34bd64bd1408bd2,64990ea6addff6af93b8eace95fbcf586b8f19e678352f7776dc1bc87a88d58f,0.10694779925361017,0.01861788492533876,0.00029075318206177683,0.0012726128938087321,-0.9994184927784994,0.0005158637481988951
sample_4366,L15-1210E-1025N_4840_4088_13,50176,0.021603954081632654,d571705b1e11951119317bae7b8d89e1dcef739d04f9a87e2ca90d37ea665988,64990ea6addff6af93b8eace95fbcf586b8f19e678352f7776dc1bc87a88d58f,0.13666894640412783,0.038726891907845375,0.004356900530591683,0.01154364531434333,-0.9912861978875018,0.0064691531969923565
sample_4367,L15-1389E-1284N_5557_3054_13,50176,0.0017139668367346938,94f0320abd99652f336e8f6660cee5313dc3b055a20f3af7666d5b86c564586d,64990ea6addff6af93b8eace95fbcf586b8f19e678352f7776dc1bc87a88d58f,0.015451833530670922,0.0034142590484152746,0.0003636238659370919,0.0011058662777431506,-0.9992727511519264,0.0005710912442216861
sample_4368,L15-1389E-1284N_5557_3054_13,50176,0.0,daede069d703460dc1275e43c772caa2a215db963efcbfa2dc4eef610aab241d,64990ea6addff6af93b8eace95fbcf586b8f19e678352f7776dc1bc87a88d58f,8.669617212760301e-06,5.691671012084931e-08,8.655249910923291e-06,8.171915972068493e-05,-0.9999826890775622,1.725358311172601e-05
sample_4369,L15-1185E-0935N_4742_4450_13,50176,0.1622688137755102,9924041d570d6b066d23dcaf5c5f366558b5cfd3a1c63c54203e54e1abe0fa5f,64990ea6addff6af93b8eace95fbcf586b8f19e678352f7776dc1bc87a88d58f,0.7952866750256025,0.28150241442773233,0.06593653534144657,0.1583694851825415,-0.868126929284316,0.09663789515609122
sample_4370,L15-1848E-0793N_7394_5018_13,50176,0.02391581632653061,f663f1589cc97b39f4341f84b4febb2478da61eb541549269ddd304a96cbb0c6,64990ea6addff6af93b8eace95fbcf586b8f19e678352f7776dc1bc87a88d58f,0.1414739379085963,0.04182738749643805,0.00646172154086585,0.015276648605529802,-0.9870765553651626,0.009274403909366936
sample_4371,L15-0368E-1245N_1474_3210_13,50176,0.2256457270408163,f21990bf33932a74d1d2c8cd6aaf883ec192b2328346eb65a5563937aa8798e8,64990ea6addff6af93b8eace95fbcf586b8f19e678352f7776dc1bc87a88d58f,1.4446183463673665,0.3962198371832274,0.05169370132189586,0.12019876182021998,-0.8966125971822207,0.07407370675098626
sample_4372,L15-0566E-1185N_2265_3451_13,50176,0.025769292091836735,41b32e6dc2c5243a8418e7ba25487e6b0579e7e5be3f5829e45067933f65698e,64990ea6addff6af93b8eace95fbcf586b8f19e678352f7776dc1bc87a88d58f,0.19734965008094177,0.0482500333698882,0.0033075513106732802,0.008307413323212652,-0.993384895780565,0.004799560936135589
sample_4373,L15-1748E-1247N_6993_3202_13,50176,0.018933354591836735,996ec2484ee110b0c01b1d7542349c1289b24f62b61c22737577a961cbcf4cd3,64990ea6addff6af93b8eace95fbcf586b8f19e678352f7776dc1bc87a88d58f,0.12398751276488944,0.034826941339475864,0.005114062768834814,0.013678150473591619,-0.9897718731550369,0.007794781990017958
sample_4374,L15-1138E-1216N_4553_3325_13,50176,0.13428730867346939,0fe6e5338862a9d963acddb81d82e8f9ba02f45cca61bc43d4e0cadb6aa71d2e,64990ea6addff6af93b8eace95fbcf586b8f19e678352f7776dc1bc87a88d58f,0.6610523931325994,0.2302545543370518,0.04993127931232507,0.11781454696172644,-0.9001374410311339,0.07207444151779237
sample_4375,L15-1276E-1107N_5105_3761_13,50176,0.01136001275510204,d946ff1b0b06489c47fcf0b2531a67c239cec261a7cc1b1c52d29e940a95a3d5,64990ea6addff6af93b8eace95fbcf586b8f19e678352f7776dc1bc87a88d58f,0.13689583822924484,0.022601078928866782,0.00016019781053598438,0.0006567900424915156,-0.9996796040070354,0.000271051310355778
sample_4376,L15-1014E-1375N_4056_2688_13,50176,0.09514508928571429,8d8e5880f326f2419fb0d49d563a4ecaeead909aba93406a5cea676ab65207c4,64990ea6addff6af93b8eace95fbcf586b8f19e678352f7776dc1bc87a88d58f,0.5970794890881564,0.16367254975549056,0.0235794587357787,0.053242048979030794,-0.9528410795950782,0.03318946937200166
sample_4377,L15-1276E-1107N_5105_3761_13,50176,0.06917649872448979,7a94802ac87643018563c052ab432a3044a1cf6c4823169fe897f88e84758a84,64990ea6addff6af93b8eace95fbcf586b8f19e678352f7776dc1bc87a88d58f,0.4326160386598639,0.12398989278683324,0.03493344134708144,0.08223674886376639,-0.9301331157114726,0.05097273824280682
sample_4378,L15-1276E-1107N_5105_3761_13,50176,0.014548788265306123,a1b825e5b07343d69e2289a65a7a04a95d23af0eeb07f21ff7c4e4403019b821,64990ea6addff6af93b8eace95fbcf586b8f19e678352f7776dc1bc87a88d58f,0.12160413271770092,0.028257659284144664,0.0024870011803446983,0.007509978762437187,-0.9950259960631849,0.003988887099474351
sample_4379,L15-0566E-1185N_2265_3451_13,50176,0.005839445153061225,b3c9c2f19c908da28dd7928740e839fc37568313a7402e8b70d4754809b1d84d,64990ea6addff6af93b8eace95fbcf586b8f19e678352f7776dc1bc87a88d58f,0.015549506528544844,0.008463908874792711,0.0039514974733738575,0.009386000451496148,-0.9920970035904031,0.005658517405099798
sample_4380,L15-1210E-1025N_4840_4088_13,50176,0.022042410714285716,afaefa08ce1d5f4142ea9ada548163396e98ddad0c1445d8336f77b7ffb987ee,64990ea6addff6af93b8eace95fbcf586b8f19e678352f7776dc1bc87a88d58f,0.15632682887131794,0.03894294657696174,0.006690973113053383,0.01574629484206603,-0.9866180524647418,0.009431971006887906
sample_4381,L15-1210E-1025N_4840_4088_13,50176,0.005440848214285714,e07c1f57bd723f8024ba27255d2dbd6b7da716cee39a6c84defc0ec340d600d5,64990ea6addff6af93b8eace95fbcf586b8f19e678352f7776dc1bc87a88d58f,0.041237271623659685,0.010705145575353783,0.004001359189195293,0.010631968716933726,-0.9919972803067457,0.0060685938646711495
sample_4382,L15-1748E-1247N_6993_3202_13,50176,0.014787946428571428,612e2c24079bbd024fb5fabe1d8a34c0a9002d40f30490a27772bddbeceb451f,64990ea6addff6af93b8eace95fbcf586b8f19e678352f7776dc1bc87a88d58f,0.07314315172775375,0.02605804287069652,0.008031326533789386,0.02060517654852796,-0.9839373451962227,0.012161409595260929
sample_4383,L15-1748E-1247N_6993_3202_13,50176,0.0010562818877551021,b15c44d77dcdd305c471ca75001b82cd1f9aa64345316764e3127499ddc6c725,64990ea6addff6af93b8eace95fbcf586b8f19e678352f7776dc1bc87a88d58f,0.007389694463318795,0.001960917826528348,0.0006112369936795868,0.0018916549414618809,-0.9987775251353427,0.0009780840366046151
sample_4384,L15-1389E-1284N_5557_3054_13,50176,0.021683673469387755,547c7d1780faf0c5acfec1f19c56fddcdb2bd6682ce063d5a4a6f4df8b64eb4b,64990ea6addff6af93b8eace95fbcf586b8f19e678352f7776dc1bc87a88d58f,0.11569088790519698,0.04001294539434686,0.006546811865908759,0.01755613292133695,-0.9869063753949452,0.010109479740211449
sample_4385,L15-1014E-1375N_4056_2688_13,50176,0.09006297831632654,bfab66462c47828928af3472cf094df3dc55847c4b93fbd929d8da1f57df8cce,64990ea6addff6af93b8eace95fbcf586b8f19e678352f7776dc1bc87a88d58f,0.5713642331101145,0.15709500144641916,0.021407129637402843,0.04904760168499939,-0.9571857376449691,0.030423256656433365
sample_4386,L15-1138E-1216N_4553_3325_13,50176,0.06676498724489796,03fdad59e06fabe7c0c4c592b7a2284c2deb2017824724e231eb8d44e4eaec53,64990ea6addff6af93b8eace95fbcf586b8f19e678352f7776dc1bc87a88d58f,0.5998452619898829,0.12587980391009265,0.010250610292280967,0.025867685225765543,-0.9794987774065514,0.015150566242227876
sample_4387,L15-1389E-1284N_5557_3054_13,50176,0.0,daede069d703460dc1275e43c772caa2a215db963efcbfa2dc4eef610aab241d,64990ea6addff6af93b8eace95fbcf586b8f19e678352f7776dc1bc87a88d58f,6.561773462362432e-06,6.076390497784697e-09,6.56024928261735e-06,7.055057383506244e-05,-0.9999868791184786,1.3114422174737162e-05
sample_4388,L15-0566E-1185N_2265_3451_13,50176,0.004045758928571429,4b508d10fdb77e996c999befa4ae9d7a6c7526c19c9cc7a3a064286ca2d7bb64,64990ea6addff6af93b8eace95fbcf586b8f19e678352f7776dc1bc87a88d58f,0.029403068275646555,0.007818310576403482,0.0005727119349437404,0.0018535278037906564,-0.9988545756999891,0.0009093684540052017
sample_4389,L15-1210E-1025N_4840_4088_13,50176,0.0587531887755102,4998975814461bee94cceaa4493bfa9be660a7fb6d60310301a1e5c42020f7bd,64990ea6addff6af93b8eace95fbcf586b8f19e678352f7776dc1bc87a88d58f,0.39246490032858194,0.10479965507264717,0.014005361086859996,0.033615253579262226,-0.9719892756370109,0.02041368498245597
sample_4390,L15-1185E-0935N_4742_4450_13,50176,0.07898198341836735,9b1b6593bb5d7958b41d0116ca7a6d7abba68405489855975dce97caf16d8a5a,64990ea6addff6af93b8eace95fbcf586b8f19e678352f7776dc1bc87a88d58f,0.5297732105343156,0.1435816252738833,0.017572292182547022,0.0434411972041173,-0.9648554141386105,0.025867762825591514
sample_4391,L15-1210E-1025N_4840_4088_13,50176,0.05681999362244898,3cf673cee91e73eae0e89f7d6bb33f8418ed20e0b3cd2d03fae32879d325f4cd,64990ea6addff6af93b8eace95fbcf586b8f19e678352f7776dc1bc87a88d58f,0.4086066379401331,0.10352835778674184,0.010787369414916908,0.026479474968610306,-0.9784252589559952,0.015864029283755736
sample_4392,L15-0358E-1220N_1433_3310_13,50176,0.09197624362244898,50564ee77be1b520cb38e99b88c5ef99bd3f3737819c62d2605a90a1d37fbd4e,64990ea6addff6af93b8eace95fbcf586b8f19e678352f7776dc1bc87a88d58f,0.4025989544085521,0.14926390743909512,0.03480130388776829,0.07858105764799712,-0.9303973901436399,0.049151884467209125
sample_4393,L15-1138E-1216N_4553_3325_13,50176,0.07663026147959184,cb6adac092edc124e7b225cb76fab211d6e0a0e1abd6495fbc7a626530ff5bea,64990ea6addff6af93b8eace95fbcf586b8f19e678352f7776dc1bc87a88d58f,0.7862637271707509,0.13917950731944104,0.020314250934907064,0.04900612459088759,-0.959371496555951,0.029412719425585696
sample_4394,L15-0358E-1220N_1433_3310_13,50176,0.08021763392857142,3166f64efaef3deedaf8c2d30628c5b3b0ee2bc39208ac4b1f849ee21d7ad3ff,64990ea6addff6af93b8eace95fbcf586b8f19e678352f7776dc1bc87a88d58f,0.39532236817632416,0.13426430903218026,0.02621495038061878,0.059753386454074894,-0.9475700973449509,0.03720227965665509
sample_4395,L15-0358E-1220N_1433_3310_13,50176,0.03298389668367347,b6ea69ccc3a2a9a54d3b95a44b9708ceeeeab75214c06ff3d5d9900d20824bf7,64990ea6addff6af93b8eace95fbcf586b8f19e678352f7776dc1bc87a88d58f,0.1282294889818199,0.05861972987365602,0.029574925890097355,0.06780290094381021,-0.9408501455077393,0.0425882386742093
sample_4396,L15-1276E-1107N_5105_3761_13,50176,0.0174984056122449,f71dd30663ec1de0960156b3a3618cf4f14b7eaeeb6e833576fb75fcffd50110,64990ea6addff6af93b8eace95fbcf586b8f19e678352f7776dc1bc87a88d58f,0.18777400040543493,0.034958225958048116,0.0003874510198793545,0.0016537651854197453,-0.999225096961155,0.0007092001720787861
sample_4397,L15-1748E-1247N_6993_3202_13,50176,0.02473294005102041,51b455324fc6239777bc080f9c3f2dab4bb58c49b5be73d4e1a4020430cd764f,64990ea6addff6af93b8eace95fbcf586b8f19e678352f7776dc1bc87a88d58f,0.148224946276981,0.04532846585837381,0.007937691459546283,0.020326105534663345,-0.9841246158079059,0.011882603377950211
sample_4398,L15-0544E-1228N_2176_3279_13,50176,0.1875,1bb67f944367b83eaccaecc29c8a5062cb4bcedf1e404541ecf2fe26c874ae24,64990ea6addff6af93b8eace95fbcf586b8f19e678352f7776dc1bc87a88d58f,2.1069440191128166,0.35740475063055976,0.014603803509238119,0.033734061125906635,-0.9707923913046164,0.02083564479896429
sample_4399,L15-1748E-1247N_6993_3202_13,50176,0.011838329081632654,93bc9b2a7dbe89ee5341ccbd6c9fa31b1fbc619a8fe12abae43c23114fd0dbfe,64990ea6addff6af93b8eace95fbcf586b8f19e678352f7776dc1bc87a88d58f,0.08712836938260507,0.0220949057629049,0.0024906252890977325,0.006527656667951177,-0.9950187482125181,0.0037119277837280615
sample_4400,L15-1185E-0935N_4742_4450_13,50176,0.06475207270408163,8919367dc6aa9b3de7b46f921d62cfd48aa8c4013e04c8d3319dce3cd96915bf,64990ea6addff6af93b8eace95fbcf586b8f19e678352f7776dc1bc87a88d58f,0.47052280838006055,0.11610448418593769,0.017243060343946348,0.04064130277088814,-0.9655138776174201,0.024763436899388116
sample_4401,L15-0368E-1245N_1474_3210_13,50176,0.15475526147959184,e4f7cd1492b56b33689f7ffaee17a9dedb2372251e2a1b13b151ac5d76dff51a,64990ea6addff6af93b8eace95fbcf586b8f19e678352f7776dc1bc87a88d58f,1.2319655708514545,0.2825576402895273,0.02340209002283459,0.05457378741393806,-0.9531958174768447,0.03350189342812011
sample_4402,L15-0566E-1185N_2265_3451_13,50176,0.0,daede069d703460dc1275e43c772caa2a215db963efcbfa2dc4eef610aab241d,64990ea6addff6af93b8eace95fbcf586b8f19e678352f7776dc1bc87a88d58f,6.929855664714523e-06,1.1799413818020436e-08,6.926894587065492e-06,7.246516657510965e-05,-0.9999861455655842,1.3841989760313442e-05
sample_4403,L15-0566E-1185N_2265_3451_13,50176,0.018753985969387755,b22bcfb63121436535a31ccb09c33f479ca64d72f5f09cff57382441807ad70b,64990ea6addff6af93b8eace95fbcf586b8f19e678352f7776dc1bc87a88d58f,0.10635656619703628,0.03303048131456947,0.007069879273256781,0.017016835732194667,-0.9858602393477259,0.010239903348836472
sample_4404,L15-1389E-1284N_5557_3054_13,50176,0.019909917091836735,758b44adf54a9bf20d53b46ac6cf913bbdaeb609c48ec2290c4985762eceaf96,64990ea6addff6af93b8eace95fbcf586b8f19e678352f7776dc1bc87a88d58f,0.08656008197826798,0.03504035418541998,0.011110498454678347,0.028607946336833955,-0.9777790010795049,0.017005080971341815
sample_4405,L15-1014E-1375N_4056_2688_13,50176,0.08673469387755102,23f27b46ae1ac7647578e8545878580fc39ae0a7267f05d116f2a871cb577187,64990ea6addff6af93b8eace95fbcf586b8f19e678352f7776dc1bc87a88d58f,0.49409005081485485,0.14988967465519515,0.028521463682409376,0.06704136124175336,-0.9429570703412662,0.04112256577257485
sample_4406,L15-0358E-1220N_1433_3310_13,50176,0.05335220025510204,4dd72013ba9494f034d785ffe401e3a54865039bccce114a34a0de4b18adfe8f,64990ea6addff6af93b8eace95fbcf586b8f19e678352f7776dc1bc87a88d58f,0.3337254092084619,0.09191511249631254,0.016600633471282388,0.03872988674531083,-0.9667987309731463,0.023734873218441213
sample_4407,L15-0566E-1185N_2265_3451_13,50176,0.0004982461734693878,fe856c43a9878015f5f6c97b9d2246102928275cf07e25f7f616b2941aa5f172,64990ea6addff6af93b8eace95fbcf586b8f19e678352f7776dc1bc87a88d58f,0.004536842736908721,0.0009441392731597393,0.00019275447073373563,0.000647359375691483,-0.9996144901794884,0.00030465626865783235
sample_4408,L15-1276E-1107N_5105_3761_13,50176,0.06825972576530612,b777215d59103e642fda543c3def7607ca3428a50f980524f6605e60d66d4f17,64990ea6addff6af93b8eace95fbcf586b8f19e678352f7776dc1bc87a88d58f,0.5156954794255445,0.12564815348558184,0.023598514402247205,0.060257741757399924,-0.9528029686856117,0.03616047706718444
sample_4409,L15-0368E-1245N_1474_3210_13,50176,0.22644292091836735,09a26ff9a24b9bfa35281f5ab86bd161d503bc3879238319c4be19dc1952a12c,64990ea6addff6af93b8eace95fbcf586b8f19e678352f7776dc1bc87a88d58f,1.2961150311987801,0.3926405260814131,0.05692317805072407,0.13257323557813866,-0.8861536434564736,0.08172140621024954
sample_4410,L15-1748E-1247N_6993_3202_13,50176,0.016302614795918366,a30ed5967643ecf4cfb2429bd3644856890102f16621b9e939f980102ef84521,64990ea6addff6af93b8eace95fbcf586b8f19e678352f7776dc1bc87a88d58f,0.07975686787376698,0.02839231794439946,0.011573435384685136,0.028859081354640187,-0.976853127349196,0.017197854332639477
sample_4411,L15-1276E-1107N_5105_3761_13,50176,0.010443239795918368,da7835ffbdf837b6603663b35db5b1025c99979c2f962491932432e9e0bbb504,64990ea6addff6af93b8eace95fbcf586b8f19e678352f7776dc1bc87a88d58f,0.11042313907992884,0.02070024874923046,0.0013645476048660217,0.004723176625647005,-0.9972709033274516,0.0023368388767175483
sample_4412,L15-1748E-1247N_6993_3202_13,50176,0.020487882653061226,c82fedc3dceefc7b9fd3f1988bfcda35fd8fa46248ef3b28c8897ab59d10c650,64990ea6addff6af93b8eace95fbcf586b8f19e678352f7776dc1bc87a88d58f,0.1151756809212752,0.037287949599223616,0.009973237358689385,0.02434070788842828,-0.9800535239127518,0.014690441634362103
sample_4413,L15-1210E-1025N_4840_4088_13,50176,0.03338249362244898,9f736d6b78bdb2b0259723a3d0619af2407501484abada9af18e56eff9b0ef48,64990ea6addff6af93b8eace95fbcf586b8f19e678352f7776dc1bc87a88d58f,0.23309571544541544,0.061002087324515814,0.004354005839856227,0.011569240213235672,-0.9912919869056224,0.006589473376692812
sample_4414,L15-0544E-1228N_2176_3279_13,50176,0.15427694515306123,5892928fdef0d40da5ff36d4c71e803affd355ac9cf5f3fa0664f4c25ee265eb,64990ea6addff6af93b8eace95fbcf586b8f19e678352f7776dc1bc87a88d58f,1.817900360087976,0.3031404444617402,0.006785422045623465,0.018816628769808292,-0.9864291550208211,0.010452399379318642
sample_4415,L15-1848E-0793N_7394_5018_13,50176,0.021763392857142856,daede069d703460dc1275e43c772caa2a215db963efcbfa2dc4eef610aab241d,64990ea6addff6af93b8eace95fbcf586b8f19e678352f7776dc1bc87a88d58f,0.1104438848409942,0.037518345900690406,0.005661524760974001,0.013029768322478425,-0.9886769487970155,0.007999452463243645
sample_4416,L15-1014E-1375N_4056_2688_13,50176,0.14170121173469388,1091fb1bd815fc4559abc1146a5f743f413236e9d8df9736f7bb027dd0b682dd,64990ea6addff6af93b8eace95fbcf586b8f19e678352f7776dc1bc87a88d58f,0.6778636378643191,0.2429819314208076,0.05393016143649702,0.12648177447414197,-0.8921396757762035,0.0782815564736933
sample_4417,L15-0544E-1228N_2176_3279_13,50176,0.17759486607142858,567f42a79f6dbc49d6efd21fb6e8ed8c6b30263ee71880e952367e93cdaecfd3,64990ea6addff6af93b8eace95fbcf586b8f19e678352f7776dc1bc87a88d58f,2.274444628635021,0.3503416785470231,0.004093944509656226,0.009948307046897765,-0.9918121097487286,0.0059137887284560235
sample_4418,L15-1276E-1107N_5105_3761_13,50176,0.015306122448979591,dd074cef0bb1b39dfe1140e68e7551634079d9d8fe2bdc81d0233da3ee36dd21,64990ea6addff6af93b8eace95fbcf586b8f19e678352f7776dc1bc87a88d58f,0.168653406481958,0.030568130831727266,0.000133536615865115,0.0006671208868805341,-0.9997329261098442,0.00023992810101127935
sample_4419,L15-1210E-1025N_4840_4088_13,50176,0.05024314413265306,019f0ad13294c51c7f2e9ca3207c7c09a64f6a85250bdbfdf0be76867dec2043,64990ea6addff6af93b8eace95fbcf586b8f19e678352f7776dc1bc87a88d58f,0.3896591589299221,0.0922578923458309,0.007684464422672303,0.01974449618410455,-0.9846310695163821,0.011545213359493914
sample_4420,L15-0368E-1245N_1474_3210_13,50176,0.22791772959183673,8e7a9120e5435cc68d04c37483679f4a92b6dff43edca26803bc68abb281a62d,64990ea6addff6af93b8eace95fbcf586b8f19e678352f7776dc1bc87a88d58f,1.1601731218742073,0.37363659647684666,0.0802766649047749,0.18061240055684757,-0.8394466701073222,0.11327027724166563
sample_4421,L15-0544E-1228N_2176_3279_13,50176,0.17787388392857142,567f42a79f6dbc49d6efd21fb6e8ed8c6b30263ee71880e952367e93cdaecfd3,64990ea6addff6af93b8eace95fbcf586b8f19e678352f7776dc1bc87a88d58f,2.2240330404294335,0.34926743802179966,0.005423673923954139,0.013058230192506836,-0.9891526506912915,0.0077958707219468
sample_4422,L15-0368E-1245N_1474_3210_13,50176,0.2238719706632653,09a26ff9a24b9bfa35281f5ab86bd161d503bc3879238319c4be19dc1952a12c,64990ea6addff6af93b8eace95fbcf586b8f19e678352f7776dc1bc87a88d58f,1.5245760633665546,0.39868608921820065,0.0449140973089795,0.10496672554569597,-0.9101718052006045,0.06440035289944845
sample_4423,L15-1138E-1216N_4553_3325_13,50176,0.06311782525510204,e6848e102aacfaf8307203f63ee8bfe54f3ec55b3a56e0f8e735ed117d16ae94,64990ea6addff6af93b8eace95fbcf586b8f19e678352f7776dc1bc87a88d58f,0.5795082686910983,0.11861382734602384,0.009177334303730073,0.02220887383087247,-0.9816453295311731,0.013275502228688254
sample_4424,L15-0566E-1185N_2265_3451_13,50176,0.0007374043367346938,1706b9164e7060a4a2cd1520b965b41282ef99addb275a90aaabf6475522d5d2,64990ea6addff6af93b8eace95fbcf586b8f19e678352f7776dc1bc87a88d58f,0.002866685527338864,0.0011888287964890506,0.0004957855396371867,0.0012871942593632845,-0.9990084284240934,0.000729999873288346
sample_4425,L15-1848E-0793N_7394_5018_13,50176,0.0001793686224489796,daede069d703460dc1275e43c772caa2a215db963efcbfa2dc4eef610aab241d,64990ea6addff6af93b8eace95fbcf586b8f19e678352f7776dc1bc87a88d58f,0.000511793211630139,0.0002797848212950488,0.00026822200624690375,0.0009170554414958152,-0.9994635555471982,0.0004353966893628596
sample_4426,L15-0566E-1185N_2265_3451_13,50176,0.0005580357142857143,8b7681aacbebc1e830daa58af45ee7fe5d97ffd9600f8a013a8fbfae643db64e,64990ea6addff6af93b8eace95fbcf586b8f19e678352f7776dc1bc87a88d58f,0.005308602874015856,0.001246941759052647,0.0011626779023386842,0.003907956238880282,-0.9976746426889125,0.001949335959565987
sample_4427,L15-0566E-1185N_2265_3451_13,50176,0.0029097576530612247,8fa61df9c4debafc6c66251a8205fd0c3a0e875b8ae06644184d0adfcd6e49e8,64990ea6addff6af93b8eace95fbcf586b8f19e678352f7776dc1bc87a88d58f,0.023202929683651265,0.005669121492889994,0.00027551198596781004,0.0010899119405158053,-0.9994489755386567,0.00047653347736891524
sample_4428,L15-1138E-1216N_4553_3325_13,50176,0.1730907206632653,60f2bf8128c751d86d7aaf9d99f8d46d00f623ad87409286b6c3afc8db7954de,64990ea6addff6af93b8eace95fbcf586b8f19e678352f7776dc1bc87a88d58f,1.1760435519246557,0.30507181554814505,0.05069767328915281,0.11907765943213555,-0.8986046529178594,0.07314300699955181
sample_4429,L15-0566E-1185N_2265_3451_13,50176,0.0034080038265306123,a4df164244d9d2e194da973c010b00829629d8c942b97c96a4ec57b8f01f47ba,64990ea6addff6af93b8eace95fbcf586b8f19e678352f7776dc1bc87a88d58f,0.02202861567590952,0.006657757696128322,0.0006202525727697934,0.002267178908950447,-0.9987594942019353,0.0010587783554945485
sample_4430,L15-1748E-1247N_6993_3202_13,50176,0.0009964923469387755,6151bfd2392578824ed2981d3e73d02e4cb94ebbedff03525b250b192f386c40,64990ea6addff6af93b8eace95fbcf586b8f19e678352f7776dc1bc87a88d58f,0.0077391213601472894,0.0020044881022270693,0.0004056374083881323,0.00145957948930582,-0.9991887239443016,0.000680805573874973
sample_4431,L15-0358E-1220N_1433_3310_13,50176,0.05319276147959184,b53aa94e7b062d9e38b12bb4dfcfe850747d5f8e5f8dfb43e16946ae74951abf,64990ea6addff6af93b8eace95fbcf586b8f19e678352f7776dc1bc87a88d58f,0.3315480282925091,0.09370340233233644,0.01506769661411491,0.03650661944099276,-0.9698646049211878,0.021969262266438503
sample_4432,L15-1014E-1375N_4056_2688_13,50176,0.07539461096938775,53e00f6e69f77c442d689437f54ffc3ce0d21142a181e7eec48118a8d2fb0f5c,64990ea6addff6af93b8eace95fbcf586b8f19e678352f7776dc1bc87a88d58f,0.5269384598537817,0.13580906432703937,0.018698576043065334,0.04558120306860021,-0.962602845775778,0.02738572107331996
sample_4433,L15-1276E-1107N_5105_3761_13,50176,0.00972576530612245,1b298c11c3dda2ea10eb5fdcd63324983a4cc8a77f9492c54479e7f0cf08fb59,64990ea6addff6af93b8eace95fbcf586b8f19e678352f7776dc1bc87a88d58f,0.10165059541781546,0.019237637782770253,0.0007364474301112398,0.002865867815250262,-0.9985271040268017,0.0012848216846439162
sample_4434,L15-0358E-1220N_1433_3310_13,50176,0.033083545918367346,dc810241fc4ad0a02c8dceddd3edecc7c4f644b52eb0cc8c857a257a8d7fb009,64990ea6addff6af93b8eace95fbcf586b8f19e678352f7776dc1bc87a88d58f,0.1268375521134529,0.05555163552569047,0.02457260928824734,0.05760077556945334,-0.9508547785140852,0.03602083897147266
sample_4435,L15-1848E-0793N_7394_5018_13,50176,0.001016422193877551,daede069d703460dc1275e43c772caa2a215db963efcbfa2dc4eef610aab241d,64990ea6addff6af93b8eace95fbcf586b8f19e678352f7776dc1bc87a88d58f,0.0029909834345836174,0.0016291796752575618,0.000641941089344648,0.0017777474154768184,-0.9987161171915262,0.000978732475939221
sample_4436,L15-1276E-1107N_5105_3761_13,50176,0.018973214285714284,4fb6c4c71913bfa1911fffad1dc8332872707f9dacc9447e5a955100165f24c1,64990ea6addff6af93b8eace95fbcf586b8f19e678352f7776dc1bc87a88d58f,0.1476738513816752,0.03659303152692677,0.0035944851887488396,0.010722100431466411,-0.9928110280033051,0.005732907649370552
sample_4437,L15-1389E-1284N_5557_3054_13,50176,0.028599330357142856,e8f97f7817f63f2f45c531cd03ed93d4d79d97caf9d596c976f3533c7fcda723,64990ea6addff6af93b8eace95fbcf586b8f19e678352f7776dc1bc87a88d58f,0.11326908419082732,0.048661728286102206,0.014399653676022984,0.035273595410555365,-0.9712006902447614,0.021504775111719384
sample_4438,L15-1185E-0935N_4742_4450_13,50176,0.07397959183673469,43deac05f11f9b06ca1f9cb608dd3cab688f25757fd6cea4e58b7d2439eb0926,64990ea6addff6af93b8eace95fbcf586b8f19e678352f7776dc1bc87a88d58f,0.526026583631599,0.13855321198488363,0.014082657960861236,0.03748176275708082,-0.971834682460048,0.021466447928835924
sample_4439,L15-0358E-1220N_1433_3310_13,50176,0.10399394132653061,d8dc051b45282cd7f78456ec065af277545241aa4a22b7828f37e3d540289441,64990ea6addff6af93b8eace95fbcf586b8f19e678352f7776dc1bc87a88d58f,0.4236774353500559,0.16976593978338375,0.049375346535104045,0.11214560033683244,-0.9012493052802677,0.07009758846588372
sample_4440,L15-0566E-1185N_2265_3451_13,50176,0.004763233418367347,f4c7cfea2204e4364fb411216425436c1cb5153a63fd325c155b42b49b020434,64990ea6addff6af93b8eace95fbcf586b8f19e678352f7776dc1bc87a88d58f,0.033149825469065225,0.008678386202140159,0.0010598581462471308,0.002732434955543785,-0.9978802820017091,0.0015578185121202146
sample_4441,L15-0544E-1228N_2176_3279_13,50176,0.14678332270408162,71ba1527e7d4f196165ba185d1bc6ac497d1d7aa159b92aeee75764f9b54cbc3,64990ea6addff6af93b8eace95fbcf586b8f19e678352f7776dc1bc87a88d58f,1.6815203588916359,0.2833218224894602,0.009266970326354233,0.022362404304028666,-0.9814660583825963,0.013394768979530748
sample_4442,L15-1389E-1284N_5557_3054_13,50176,0.08428332270408163,71712aaa35451b74ddbbfde67b61a40e315a7ac2a3e32497c29f2bb346b6ea25,64990ea6addff6af93b8eace95fbcf586b8f19e678352f7776dc1bc87a88d58f,0.4047064862753459,0.1447625844576045,0.0355289401272692,0.08541601104973574,-0.9289421172663633,0.05222812146666077
sample_4443,L15-1185E-0935N_4742_4450_13,50176,0.14795918367346939,200204f4d390f605b7425d294bab698b44ddb4c06e4f3c5cbfeaa42e39ceffb2,64990ea6addff6af93b8eace95fbcf586b8f19e678352f7776dc1bc87a88d58f,0.9974096468569261,0.25235788331473746,0.040892393894883215,0.09024116102593498,-0.9182152108050067,0.05707632696676119
sample_4444,L15-1138E-1216N_4553_3325_13,50176,0.07268415178571429,668314bbe2b599cb2d14b71b7e37eb626165f30d9e698da6eadfff59a1f2a43b,64990ea6addff6af93b8eace95fbcf586b8f19e678352f7776dc1bc87a88d58f,0.664676532022914,0.13628406166032314,0.010638601021907692,0.026525824461387047,-0.9787227960967821,0.01563800121393565
sample_4445,L15-1848E-0793N_7394_5018_13,50176,0.012396364795918368,daede069d703460dc1275e43c772caa2a215db963efcbfa2dc4eef610aab241d,64990ea6addff6af93b8eace95fbcf586b8f19e678352f7776dc1bc87a88d58f,0.03324431333018939,0.01908797852411161,0.018330077864039614,0.044620577586706366,-0.9633398419094755,0.026891194483086554
sample_4446,L15-1748E-1247N_6993_3202_13,50176,0.01588408801020408,47c4a00fac89c4a148747e365261de535554194402f30b126a791749c1dacae8,64990ea6addff6af93b8eace95fbcf586b8f19e678352f7776dc1bc87a88d58f,0.08790897969181986,0.02816943915584758,0.006798038949325148,0.017182913841188224,-0.9864039209337088,0.010045530993585038
sample_4447,L15-1276E-1107N_5105_3761_13,50176,0.06405452806122448,98660ecfa9b67f05b5a179c5f843b4cf0088cb3c5119c014984f5e8e94443b02,64990ea6addff6af93b8eace95fbcf586b8f19e678352f7776dc1bc87a88d58f,0.42627942994653745,0.11710020337403933,0.03417400504125054,0.08105156138152651,-0.931651987569154,0.05028040746918588
sample_4448,L15-1748E-1247N_6993_3202_13,50176,0.008808992346938776,6674c8c26929c9608de27f531fe210a7b43d3856d4e5e5305bfd83ca1f491fe3,64990ea6addff6af93b8eace95fbcf586b8f19e678352f7776dc1bc87a88d58f,0.06537728561061248,0.016711792902008825,0.0023475899159129026,0.006607866248284852,-0.9953048189602928,0.003618622397487215
sample_4449,L15-1748E-1247N_6993_3202_13,50176,0.012794961734693877,93bc9b2a7dbe89ee5341ccbd6c9fa31b1fbc619a8fe12abae43c23114fd0dbfe,64990ea6addff6af93b8eace95fbcf586b8f19e678352f7776dc1bc87a88d58f,0.07239112294205557,0.021975971320863964,0.004563044239909445,0.010930951330894265,-0.9908739106822859,0.006613196678970193
sample_4450,L15-1210E-1025N_4840_4088_13,50176,0.06126434948979592,22c2a9254db54a8c9c6a86f898675e9bb86686a5db5816328a52119357f95986,64990ea6addff6af93b8eace95fbcf586b8f19e678352f7776dc1bc87a88d58f,0.42045582298893486,0.10934363146474362,0.0130917364315662,0.03146661552589768,-0.9738165250266093,0.019112301647555015
sample_4451,L15-0566E-1185N_2265_3451_13,50176,0.0006178252551020409,62c43882a98ac45b68d7e53708ebdfeb931ebb88485ceecfbed8898b11c52138,64990ea6addff6af93b8eace95fbcf586b8f19e678352f7776dc1bc87a88d58f,0.0034599125736009366,0.0010991741244606558,0.00021243274534995458,0.0007080134792402977,-0.999575134171028,0.00034191524771292773
sample_4452,L15-1014E-1375N_4056_2688_13,50176,0.14857700892857142,983497b843d64f32a0e51424fda3fd096e8033141941e9d0146d8a199163cf53,64990ea6addff6af93b8eace95fbcf586b8f19e678352f7776dc1bc87a88d58f,0.7951981716132394,0.2591488875669225,0.04710928338926704,0.11115162562886531,-0.9057814320017576,0.06831352823556691
sample_4453,L15-0544E-1228N_2176_3279_13,50176,0.17825255102040816,6056fdac024de969a85dc8f2425cf2700003802ae9ad2783ad5f8c93e9b4e628,64990ea6addff6af93b8eace95fbcf586b8f19e678352f7776dc1bc87a88d58f,2.292392134896053,0.35167755407305357,0.0038969364392628172,0.00952032686672708,-0.9922061258190977,0.005618985456274275
sample_4454,L15-1848E-0793N_7394_5018_13,50176,0.0007174744897959184,daede069d703460dc1275e43c772caa2a215db963efcbfa2dc4eef610aab241d,64990ea6addff6af93b8eace95fbcf586b8f19e678352f7776dc1bc87a88d58f,0.0020155589055289766,0.001114173661629139,0.0005534128974933101,0.0014764555120424796,-0.9988931735015588,0.0008226553767520144
sample_4455,L15-0368E-1245N_1474_3210_13,50176,0.22317442602040816,f54e30b4fac7bf945d3ac2e08745dc0230c3583c774d776a7007583093baeadf,64990ea6addff6af93b8eace95fbcf586b8f19e678352f7776dc1bc87a88d58f,1.1859369730149703,0.3735218811929239,0.07500745590339053,0.17093896831609653,-0.8499850882540312,0.10655490749727688
sample_4456,L15-0544E-1228N_2176_3279_13,50176,0.15694754464285715,6e2ab5b63375d4fd6fe16ff11ec0ae4d196374f6cdcbceaf302f6ea1ce3285f7,64990ea6addff6af93b8eace95fbcf586b8f19e678352f7776dc1bc87a88d58f,1.5937647538474908,0.30083609524608557,0.019301309091115028,0.05013149593416459,-0.9613973810128531,0.02910225611998388
sample_4457,L15-1014E-1375N_4056_2688_13,50176,0.07750717474489796,088e38db1fa2e4eed9597dc237582aad2c78722d08b279e18174704e839834a3,64990ea6addff6af93b8eace95fbcf586b8f19e678352f7776dc1bc87a88d58f,0.5409111856945776,0.14002667556432571,0.017300869384542943,0.04252985064010455,-0.9653982592731187,0.025423129889651615
sample_4458,L15-0566E-1185N_2265_3451_13,50176,0.000896843112244898,1706b9164e7060a4a2cd1520b965b41282ef99addb275a90aaabf6475522d5d2,64990ea6addff6af93b8eace95fbcf586b8f19e678352f7776dc1bc87a88d58f,0.003367206134295209,0.0014478956306560188,0.0005524788831113552,0.0013638542298953422,-0.998895041825299,0.0007962646129758468
sample_4459,L15-0368E-1245N_1474_3210_13,50176,0.1560905612244898,779699b08d7d93a60edd0e808792721c0ff01840cf63ca941c0bacdafc793ecf,64990ea6addff6af93b8eace95fbcf586b8f19e678352f7776dc1bc87a88d58f,1.1961261226950837,0.2830125535685401,0.025476026497258594,0.059270428230781234,-0.9490479446997759,0.03645318446908488
sample_4460,L15-1138E-1216N_4553_3325_13,50176,0.04270966198979592,69abe7eef1f2fb568946556aebdd9a296589df61d54007e64efce1a00f36fa43,64990ea6addff6af93b8eace95fbcf586b8f19e678352f7776dc1bc87a88d58f,0.49711695121402355,0.08223452039520555,0.003910164940361009,0.00987889944142048,-0.992179668473035,0.0057337706992997535
sample_4461,L15-1185E-0935N_4742_4450_13,50176,0.14235889668367346,56153d503df5dc7792e4b706673baa828c54f1f8f10e93d18da13f1b7e31747e,64990ea6addff6af93b8eace95fbcf586b8f19e678352f7776dc1bc87a88d58f,0.6035233063916378,0.2342082365211045,0.10794543491780986,0.23372231951163358,-0.7841091294520944,0.1515499749930955
sample_4462,L15-1014E-1375N_4056_2688_13,50176,0.20147082270408162,00392ddbaf1429754cfc4818857e5dfa3101a08403a34f492c86a12600c26b73,64990ea6addff6af93b8eace95fbcf586b8f19e678352f7776dc1bc87a88d58f,1.1983677179699543,0.35197796766611866,0.04952239944380993,0.11527842697991508,-0.9009552013209295,0.07086564344497061
sample_4463,L15-1848E-0793N_7394_5018_13,50176,0.0072146045918367345,daede069d703460dc1275e43c772caa2a215db963efcbfa2dc4eef610aab241d,64990ea6addff6af93b8eace95fbcf586b8f19e678352f7776dc1bc87a88d58f,0.02424595917172168,0.013035517813813298,0.015469149233801861,0.03782905456784376,-0.96906169930289,0.022766518558509842
sample_4464,L15-0544E-1228N_2176_3279_13,50176,0.17930883290816327,a7e8aa5917f7719ed0abd3880b17c2e9f89578b260420ddb2985237163a1f068,64990ea6addff6af93b8eace95fbcf586b8f19e678352f7776dc1bc87a88d58f,2.211337659407813,0.3532554991767931,0.0045560645414706395,0.01156175381657439,-0.9908878697957391,0.006689790368512983
sample_4465,L15-1848E-0793N_7394_5018_13,50176,0.0006178252551020409,daede069d703460dc1275e43c772caa2a215db963efcbfa2dc4eef610aab241d,64990ea6addff6af93b8eace95fbcf586b8f19e678352f7776dc1bc87a88d58f,0.0017816727573407097,0.0010137085405412323,0.0009833426067453561,0.0025029999713128107,-0.9980333138663541,0.0014425404530283542
sample_4466,L15-1276E-1107N_5105_3761_13,50176,0.009925063775510204,0e51e063696c6c9d1259f44aede71040c1cd932df23f35b5704a4f80036fe470,64990ea6addff6af93b8eace95fbcf586b8f19e678352f7776dc1bc87a88d58f,0.11995052292500805,0.019491730099974,0.0003434823260509542,0.0008974986075401595,-0.9993130347611867,0.0004964327549778697
sample_4467,L15-1389E-1284N_5557_3054_13,50176,0.0013552295918367347,2908a4eea388941c9255ae526e97397aa34da0f2fa5b39786ddfdc96285078ba,64990ea6addff6af93b8eace95fbcf586b8f19e678352f7776dc1bc87a88d58f,0.01223591144901727,0.0026805987702671493,0.0001713195233605802,0.0007711469568437402,-0.9996573603795217,0.0003188760758358274
sample_4468,L15-0368E-1245N_1474_3210_13,50176,0.2422672193877551,09a26ff9a24b9bfa35281f5ab86bd161d503bc3879238319c4be19dc1952a12c,64990ea6addff6af93b8eace95fbcf586b8f19e678352f7776dc1bc87a88d58f,1.3639622510633367,0.4111907489497772,0.06949187060865593,0.155614874681413,-0.8610162586053334,0.09772964255983592
sample_4469,L15-1748E-1247N_6993_3202_13,50176,0.02752311862244898,9b82914a2be7f7a719a30ee2d40a970d18cc54bef6e57eb305151083f2358e95,64990ea6addff6af93b8eace95fbcf586b8f19e678352f7776dc1bc87a88d58f,0.16379797342922933,0.04952271318779412,0.008970102708672687,0.022763027619953555,-0.9820597934472408,0.01334968043855948
sample_4470,L15-1389E-1284N_5557_3054_13,50176,0.0014150191326530613,20b85f93cecbb7ff683f7dd266e032daa5c614fe6af004fd5db1480b48a1860b,64990ea6addff6af93b8eace95fbcf586b8f19e678352f7776dc1bc87a88d58f,0.015281220234974018,0.0028222090147235236,0.00010477489558979869,0.00044894315104050415,-0.9997904491870709,0.00017953104548461702
sample_4471,L15-1185E-0935N_4742_4450_13,50176,0.17267219387755103,8d0e9ee20955521ae24457898c39a26fb900d817c7b26cce1c0e06064fd06202,64990ea6addff6af93b8eace95fbcf586b8f19e678352f7776dc1bc87a88d58f,0.7949673016845693,0.2890957271818682,0.08235229731404356,0.18955368825207125,-0.8352954049944799,0.11824999100302246
sample_4472,L15-1389E-1284N_5557_3054_13,50176,0.08735251913265306,0b9c8cb40160b27bd09b3a4a2afe1e72fb01e4bb6ce2aef02b452ad00ebe8683,64990ea6addff6af93b8eace95fbcf586b8f19e678352f7776dc1bc87a88d58f,0.41158949839933845,0.14933016956646777,0.031758771762631983,0.07616960892787883,-0.9364824541835679,0.046306399472098324
sample_4473,L15-1138E-1216N_4553_3325_13,50176,0.12617586096938777,8f0c4843a545281283fcdd7bbbba3a32cb7ba3652737d8927f7613b7924458c7,64990ea6addff6af93b8eace95fbcf586b8f19e678352f7776dc1bc87a88d58f,0.5957478105547551,0.21433779053371987,0.05057713631968185,0.11999573375030986,-0.8988457273607718,0.07324927693207998
sample_4474,L15-1848E-0793N_7394_5018_13,50176,0.01917251275510204,daede069d703460dc1275e43c772caa2a215db963efcbfa2dc4eef610aab241d,64990ea6addff6af93b8eace95fbcf586b8f19e678352f7776dc1bc87a88d58f,0.09582454253173278,0.03296298824969258,0.005666146737913012,0.012935309505774092,-0.9886677049492121,0.007979251075081961
sample_4475,L15-1185E-0935N_4742_4450_13,50176,0.07591278698979592,562015cb448894faa8fe411720af1895d5a9759fb785e4c4d0b6f3853bba6aa3,64990ea6addff6af93b8eace95fbcf586b8f19e678352f7776dc1bc87a88d58f,0.6282622349908115,0.14348968562542655,0.01037321281524337,0.027086835452335725,-0.979253573166805,0.015639436473587016
sample_4476,L15-1014E-1375N_4056_2688_13,50176,0.15084901147959184,6069c19b6a6a7a41b0962e4113879af6d706079aae9550b606023a12ee0e4692,64990ea6addff6af93b8eace95fbcf586b8f19e678352f7776dc1bc87a88d58f,0.7912818134035826,0.2585704817396366,0.05354159594898359,0.12311502876255359,-0.8929168071812437,0.07672103434358893
sample_4477,L15-1014E-1375N_4056_2688_13,50176,0.2005939094387755,d9af1ca2807b632901b9443afc72a0de11d0f986354355c22805e9f716fb0dc8,64990ea6addff6af93b8eace95fbcf586b8f19e678352f7776dc1bc87a88d58f,1.2062797796057152,0.35209509661842525,0.05279619782231748,0.12360209831706914,-0.8944076042529728,0.07605701212075068
sample_4478,L15-0358E-1220N_1433_3310_13,50176,0.04984454719387755,2c0f1f8ff4c829edcd0869dd25f1bb3c9bd6cae2db4a564256ca4240a27e3ed4,64990ea6addff6af93b8eace95fbcf586b8f19e678352f7776dc1bc87a88d58f,0.34033068980472,0.08860755255399655,0.013504479809816242,0.032344223201286174,-0.9729910384524588,0.019632851836881498
sample_4479,L15-0566E-1185N_2265_3451_13,50176,0.0014150191326530613,21a98dbbbe88f1be99cf9f9a5de397efccab75ef1d6266360e2aabf0e786a8f4,64990ea6addff6af93b8eace95fbcf586b8f19e678352f7776dc1bc87a88d58f,0.009549118626808838,0.0026151098532869086,0.0007436181542140489,0.0029113864372468765,-0.9985127625065136,0.0012803777469157422
sample_4480,L15-1138E-1216N_4553_3325_13,50176,0.06628667091836735,6aae1089d017edd1e19c9cf0440651ded9745754d4aa165f25a21676be5a1056,64990ea6addff6af93b8eace95fbcf586b8f19e678352f7776dc1bc87a88d58f,0.5584016488784064,0.12190837349077058,0.013238961918859229,0.032239799988831204,-0.9735220741812196,0.019337785730765784
sample_4481,L15-1748E-1247N_6993_3202_13,50176,0.005440848214285714,27e945bc5c27d42dca282692dab9de6fa4e671b4150bbcfc39b7fa50ff0c1c72,64990ea6addff6af93b8eace95fbcf586b8f19e678352f7776dc1bc87a88d58f,0.052663395080207495,0.010775512515197755,0.0008194278105998374,0.003093273329266408,-0.998361143073054,0.001422375784909291
sample_4482,L15-1748E-1247N_6993_3202_13,50176,0.0061782525510204085,1dffef3fe092a8b10f646b8ac3907aee2f4a7db86ef9ef19505deeb041bb120a,64990ea6addff6af93b8eace95fbcf586b8f19e678352f7776dc1bc87a88d58f,0.043588176239384685,0.011453627773536246,0.0028121408754579573,0.0076103480344680815,-0.9943757171014648,0.00428579879127997
sample_4483,L15-0358E-1220N_1433_3310_13,50176,0.0165218431122449,c8ecf34627321be980d5a52a953cd3458627e34146a5ef8ff1f3fde0ad4f8d3f,64990ea6addff6af93b8eace95fbcf586b8f19e678352f7776dc1bc87a88d58f,0.11756605988166957,0.030819431645063736,0.0086148307832167,0.020003247392627804,-0.9827703366039935,0.012275680099219186
sample_4484,L15-0544E-1228N_2176_3279_13,50176,0.18191964285714285,99fa7e42cb1b901028655cf61a786ecb1072728120e6fa07e3e6247a433f13c6,64990ea6addff6af93b8eace95fbcf586b8f19e678352f7776dc1bc87a88d58f,2.0651409579045015,0.34715240117001495,0.013941847029075558,0.03202850914831796,-0.9721163041053696,0.01977598360217367
sample_4485,L15-0544E-1228N_2176_3279_13,50176,0.1795280612244898,f2e8206e967a12342e79cf898b6137242ff9647a13ed7b93f87566e485d6b561,64990ea6addff6af93b8eace95fbcf586b8f19e678352f7776dc1bc87a88d58f,2.1892818388881623,0.35250437851055705,0.005959029773924956,0.014571744592771883,-0.9880819390626476,0.008614472397540575
sample_4486,L15-0368E-1245N_1474_3210_13,50176,0.16476004464285715,2b89745bb3a174b95851b224ed5895c1631f2bb3b565ad8f5f6f733080076575,64990ea6addff6af93b8eace95fbcf586b8f19e678352f7776dc1bc87a88d58f,1.1958810690709132,0.29522993810688647,0.028209034659975797,0.06577067800993645,-0.9435819285598762,0.04043027846460093
sample_4487,L15-0544E-1228N_2176_3279_13,50176,0.18468989158163265,7f03d50e127ae942954dbeb26702fc5fdfd82e752eec9aaeeea05f2e21ea999e,64990ea6addff6af93b8eace95fbcf586b8f19e678352f7776dc1bc87a88d58f,2.173279942944616,0.35557127625249757,0.01106019726626537,0.026343074547130297,-0.9778796033025218,0.015939222562250086
sample_4488,L15-0368E-1245N_1474_3210_13,50176,0.16330516581632654,1a709d7f7e0a269f0d461b7bd1e18cdf02236f39df3b7492eee0af8d61565db9,64990ea6addff6af93b8eace95fbcf586b8f19e678352f7776dc1bc87a88d58f,1.1341277977525457,0.2912792847213266,0.030485167519702594,0.0708148068886353,-0.9390296625693166,0.04363238831207387
sample_4489,L15-0566E-1185N_2265_3451_13,50176,0.003527582908163265,8fa61df9c4debafc6c66251a8205fd0c3a0e875b8ae06644184d0adfcd6e49e8,64990ea6addff6af93b8eace95fbcf586b8f19e678352f7776dc1bc87a88d58f,0.019237358434651207,0.00659770385195705,0.0017122472244390876,0.005319172984890985,-0.9965755053367147,0.00277194278007627
sample_4490,L15-1138E-1216N_4553_3325_13,50176,0.1651187818877551,6f5fad0cb998caaec6621c3fbd496323b498193d17a4de2ea18bd15cdfd05cd2,64990ea6addff6af93b8eace95fbcf586b8f19e678352f7776dc1bc87a88d58f,1.3116867726617496,0.29866734477997525,0.03447197518330448,0.08243091006057492,-0.9310560489312388,0.050117745688213
sample_4491,L15-0368E-1245N_1474_3210_13,50176,0.21741470025510204,7c35147b2b21fd4a4e74fae8918a9b1f2f0cf8aa58682c6a420528af0a2e6af2,64990ea6addff6af93b8eace95fbcf586b8f19e678352f7776dc1bc87a88d58f,1.1804036775481992,0.37108176481301713,0.06619256019962913,0.15654557706252287,-0.8676148795670551,0.09577583638376248
sample_4492,L15-0358E-1220N_1433_3310_13,50176,0.058892697704081634,4dd29411249fa562ff9bf79a068f0b3ea9a38d19cd7c75896da5dd6602d80b6d,64990ea6addff6af93b8eace95fbcf586b8f19e678352f7776dc1bc87a88d58f,0.3044901011196736,0.09908637123895592,0.02212564200424228,0.05132140924472272,-0.955748714120478,0.031634042803049746
sample_4493,L15-1185E-0935N_4742_4450_13,50176,0.06782126913265306,864a19d7eaf21957d5976304d304a7c409aa483cb9cc5d718e04c2d43ba36a98,64990ea6addff6af93b8eace95fbcf586b8f19e678352f7776dc1bc87a88d58f,0.4915091927992392,0.12394569483997958,0.015416938562079199,0.03848342344524947,-0.9691661212716536,0.022903592699455022
sample_4494,L15-0544E-1228N_2176_3279_13,50176,0.17817283163265307,d99b17b5a65190789359ab64ff9115ac4931660819c32846cf9fa6f802d15221,64990ea6addff6af93b8eace95fbcf586b8f19e678352f7776dc1bc87a88d58f,2.2361646584242396,0.35092448423671796,0.005163584759801018,0.012224904068739773,-0.9896728293729268,0.00733679227799689
sample_4495,L15-1848E-0793N_7394_5018_13,50176,0.0009167729591836735,daede069d703460dc1275e43c772caa2a215db963efcbfa2dc4eef610aab241d,64990ea6addff6af93b8eace95fbcf586b8f19e678352f7776dc1bc87a88d58f,0.0020555348796560333,0.0012930584327651808,0.0007139784782858831,0.0018376925315630546,-0.9985720421169867,0.0010470947379326901
sample_4496,L15-1138E-1216N_4553_3325_13,50176,0.11182637117346939,e87f422a21b002c960cfd5d6c104b3b42d4027a63f876d7e3711a47fa62fc240,64990ea6addff6af93b8eace95fbcf586b8f19e678352f7776dc1bc87a88d58f,0.5762388223310421,0.1947847244389108,0.04163024093057694,0.0995919809990164,-0.9167395175184794,0.060690430498557435
sample_4497,L15-1748E-1247N_6993_3202_13,50176,0.009685905612244899,2debf2d57a4dbff24ee88635252ba5851169dc557b33002564493af2e96299e9,64990ea6addff6af93b8eace95fbcf586b8f19e678352f7776dc1bc87a88d58f,0.056365357058038246,0.017016882804715593,0.004197497961434479,0.010718288086809835,-0.9916050030018535,0.00621020160247495
sample_4498,L15-1014E-1375N_4056_2688_13,50176,0.22279575892857142,8fdd5ffdb6caecc345db34e53c57a1308d2dccb31a6c98809c43e3af96304eff,64990ea6addff6af93b8eace95fbcf586b8f19e678352f7776dc1bc87a88d58f,0.9568391254837224,0.35959320145071033,0.08476015520092024,0.18737169232218784,-0.8304796896708785,0.11866999130986546
sample_4499,L15-1276E-1107N_5105_3761_13,50176,0.010582748724489796,53b6d3a162364f1dbd18b15840f52384c30a8e2cce9ad8a2135691a8ffe7434e,64990ea6addff6af93b8eace95fbcf586b8f19e678352f7776dc1bc87a88d58f,0.11871498311414812,0.02039279458535994,0.0003465233971744928,0.0010043688381732537,-0.9993069526551817,0.0005444862903326119
sample_4500,L15-1014E-1375N_4056_2688_13,50176,0.09656010841836735,8d8e5880f326f2419fb0d49d563a4ecaeead909aba93406a5cea676ab65207c4,64990ea6addff6af93b8eace95fbcf586b8f19e678352f7776dc1bc87a88d58f,0.5733945897576688,0.1643815796817586,0.02538028071463412,0.05723102019462069,-0.949239435505506,0.035792169727528675
sample_4501,L15-1276E-1107N_5105_3761_13,50176,0.06935586734693877,d99b4f9636a3338428ac57bcdd5dbf0a5426777bda6964e432690e4941b79a87,64990ea6addff6af93b8eace95fbcf586b8f19e678352f7776dc1bc87a88d58f,0.4619461289264886,0.12432302444785921,0.03032459977097163,0.07285013174343347,-0.9393507984195105,0.04477141815235327
sample_4502,L15-1389E-1284N_5557_3054_13,50176,0.0,daede069d703460dc1275e43c772caa2a215db963efcbfa2dc4eef610aab241d,64990ea6addff6af93b8eace95fbcf586b8f19e678352f7776dc1bc87a88d58f,1.0010669918500713e-05,1.6286190570008074e-07,9.968406425750986e-06,9.184452348564591e-05,-0.9999800623790291,1.9773950945802255e-05
sample_4503,L15-1389E-1284N_5557_3054_13,50176,0.019770408163265307,6917d08dc21de36b16e21d5d3dee3a2a1db3bc51659ba42a2d49212678364c57,64990ea6addff6af93b8eace95fbcf586b8f19e678352f7776dc1bc87a88d58f,0.10099633221208085,0.0356979456472189,0.007527076768717367,0.019497587880670596,-0.9849458448847999,0.011501286119930416
sample_4504,L15-1276E-1107N_5105_3761_13,50176,0.06762197066326531,c98f13897aa213812e110eb5752cccd0de00050128e649ddcba2087587329e43,64990ea6addff6af93b8eace95fbcf586b8f19e678352f7776dc1bc87a88d58f,0.4500425907512091,0.12281013662997811,0.02708289741267621,0.06705143101543869,-0.9458342034922083,0.04074389966634474
sample_4505,L15-1014E-1375N_4056_2688_13,50176,0.08890704719387756,ad3850122bf9a87e9c45275420a6a7d8082efcc3631b930b143dc488dae391bb,64990ea6addff6af93b8eace95fbcf586b8f19e678352f7776dc1bc87a88d58f,0.4818026044771171,0.15107655003184042,0.032326749972618966,0.07555458571395672,-0.9353464981388157,0.0465602108901868
sample_4506,L15-1185E-0935N_4742_4450_13,50176,0.14345503826530612,58630e7f1929278c782eb895f6471ef727220b83410c17cc051b12af508caf89,64990ea6addff6af93b8eace95fbcf586b8f19e678352f7776dc1bc87a88d58f,1.0212214039051344,0.2534668447163023,0.030603196842557922,0.07165073695125626,-0.9387936049258814,0.04398291909956782
sample_4507,L15-1276E-1107N_5105_3761_13,50176,0.01114078443877551,cb16fc087fd13d4220b21390191d60930fc180e6a1345b1189bd5e8ad6c894da,64990ea6addff6af93b8eace95fbcf586b8f19e678352f7776dc1bc87a88d58f,0.12573329271745046,0.021867126032887388,0.00041273998795077205,0.0011856661854469566,-0.9991745191923304,0.0006321025031994651
sample_4508,L15-0566E-1185N_2265_3451_13,50176,0.00047831632653061223,8b7681aacbebc1e830daa58af45ee7fe5d97ffd9600f8a013a8fbfae643db64e,64990ea6addff6af93b8eace95fbcf586b8f19e678352f7776dc1bc87a88d58f,0.0049832855048168615,0.0009075742826056323,0.00037397388416361444,0.0012983664071160655,-0.9992520515707313,0.0006096639509922055
sample_4509,L15-1014E-1375N_4056_2688_13,50176,0.07792570153061225,3fdf1dc6ba2451845dc80a5e4aae327f1365f04c19a550b3f7efb933764e4415,64990ea6addff6af93b8eace95fbcf586b8f19e678352f7776dc1bc87a88d58f,0.5669758839839397,0.13912404576775553,0.014939819107411847,0.03434991036528699,-0.9701203587579169,0.02127083529200111
sample_4510,L15-1748E-1247N_6993_3202_13,50176,0.0062380420918367345,80455d883724de3977d7e9b432ea3501d8ce957d9809d001160c24a1d9c1ac5a,64990ea6addff6af93b8eace95fbcf586b8f19e678352f7776dc1bc87a88d58f,0.05239071902391401,0.011841199165543216,0.0016245032620274139,0.005099252056268482,-0.9967509919288456,0.0026260426646127267
sample_4511,L15-1185E-0935N_4742_4450_13,50176,0.1405652104591837,8e4bc3ff7e23791ab14b88887cd78c0787a36832b70c536285c0ea1a020db2ec,64990ea6addff6af93b8eace95fbcf586b8f19e678352f7776dc1bc87a88d58f,0.9876177488821152,0.2447444541596339,0.03632186328022912,0.08189649833158115,-0.927356271916965,0.05127777300838081
sample_4512,L15-1014E-1375N_4056_2688_13,50176,0.1465640943877551,6069c19b6a6a7a41b0962e4113879af6d706079aae9550b606023a12ee0e4692,64990ea6addff6af93b8eace95fbcf586b8f19e678352f7776dc1bc87a88d58f,0.8950096282745866,0.25900057874315385,0.0436550392448541,0.1000660112664863,-0.9126899205029657,0.0622729495567775
sample_4513,L15-0368E-1245N_1474_3210_13,50176,0.22702088647959184,2542a2f43ddb02982ba7c7aef903ed38dd688bd74aec18f88441e19c47aab972,64990ea6addff6af93b8eace95fbcf586b8f19e678352f7776dc1bc87a88d58f,1.2531029052013036,0.38004884583657794,0.07763066790803165,0.17684100542058448,-0.8447386640603181,0.11033996125349922
sample_4514,L15-1138E-1216N_4553_3325_13,50176,0.17763472576530612,9dff333c1d86dd574e9d0a5d2ef8a3a816c6f0b8150fd30337591e486ef5dc1e,64990ea6addff6af93b8eace95fbcf586b8f19e678352f7776dc1bc87a88d58f,1.4052847813895708,0.3180922869614051,0.04181264384473883,0.09778888691116858,-0.9163747115664133,0.06017831535793423
sample_4515,L15-1210E-1025N_4840_4088_13,50176,0.005620216836734694,50c152268d904c5123cb34a4189a823fe0dbc5dfcfc603a346882afb13a092a1,64990ea6addff6af93b8eace95fbcf586b8f19e678352f7776dc1bc87a88d58f,0.04651631581123063,0.01125495994660579,0.0032090779075551095,0.009304615824964304,-0.9935818429149224,0.005091944352860989
sample_4516,L15-1210E-1025N_4840_4088_13,50176,0.07822464923469388,76d6fcd984905f6fd36fbf1a8369c4b1bb1980dfe7905a021455f5911862785c,64990ea6addff6af93b8eace95fbcf586b8f19e678352f7776dc1bc87a88d58f,0.6885270821815703,0.1493699450054906,0.009811276480869144,0.025991819102782813,-0.9803774457229325,0.014846978503230041
sample_4517,L15-0358E-1220N_1433_3310_13,50176,0.07810507015306123,92bde8b0769cd7f35a6aab6143a0f53cb3b01ea37e2e15593c835453e068df80,64990ea6addff6af93b8eace95fbcf586b8f19e678352f7776dc1bc87a88d58f,0.411864564651129,0.13065255357605546,0.0255704594821175,0.05722008435720713,-0.9488590790659547,0.035933238326284006
sample_4518,L15-1748E-1247N_6993_3202_13,50176,0.0009964923469387755,8daf05172d2a1e9d9040274604059e0f5864e4bd4a436cfba6947e7340d3e376,64990ea6addff6af93b8eace95fbcf586b8f19e678352f7776dc1bc87a88d58f,0.007052697442125419,0.0019283367468282495,0.00036939473974765565,0.0012110179258532426,-0.9992612091987558,0.000600564981633247
sample_4519,L15-0544E-1228N_2176_3279_13,50176,0.17610012755102042,e9e8d01031f6cca4f2483ff4e5f2afb5fc71118b48bc2dabe88bdd653618286f,64990ea6addff6af93b8eace95fbcf586b8f19e678352f7776dc1bc87a88d58f,1.9908713528343864,0.33707832507659363,0.013138395198383274,0.030687412574115627,-0.9737232080464394,0.01877043792717557
sample_4520,L15-1389E-1284N_5557_3054_13,50176,0.09217554209183673,2a04eff462c00bc7d52d88bb6224b83063eb44b221f094f8756e119969f61ad2,64990ea6addff6af93b8eace95fbcf586b8f19e678352f7776dc1bc87a88d58f,0.34983176032140384,0.14942031738506598,0.051383007801261406,0.11636458953703954,-0.8972339824422016,0.07310117922485022
sample_4521,L15-1848E-0793N_7394_5018_13,50176,0.019331951530612245,daede069d703460dc1275e43c772caa2a215db963efcbfa2dc4eef610aab241d,64990ea6addff6af93b8eace95fbcf586b8f19e678352f7776dc1bc87a88d58f,0.08504307717025358,0.032649519701092235,0.005969016363711229,0.013781530653674691,-0.9880619659907643,0.0084626739959779
sample_4522,L15-1014E-1375N_4056_2688_13,50176,0.08238998724489796,f32e732beb708ce26593e2fcf25e0525643b72f959ef1d8a11bdf69bbb519603,64990ea6addff6af93b8eace95fbcf586b8f19e678352f7776dc1bc87a88d58f,0.5173055054366363,0.1417851050982494,0.022013033691518084,0.050000667731021686,-0.9559739297823943,0.031083283814022256
sample_4523,L15-1748E-1247N_6993_3202_13,50176,0.009745695153061224,7c0b4848d269ff6014ae88657df98d701aeff666817a98c22b6a973a54c0f3c5,64990ea6addff6af93b8eace95fbcf586b8f19e678352f7776dc1bc87a88d58f,0.06557210262602604,0.018216456006955196,0.0032721654136608144,0.00892524641965319,-0.9934556679169215,0.005048125191166335
sample_4524,L15-0358E-1220N_1433_3310_13,50176,0.09135841836734694,547fa9f6456b155efb5ba06c90b605554d0583169351431473430edfadea4886,64990ea6addff6af93b8eace95fbcf586b8f19e678352f7776dc1bc87a88d58f,0.3954555525661628,0.14874767840269584,0.035243888070797355,0.08028259195222481,-0.9295122219680295,0.0499597319645374
sample_4525,L15-0566E-1185N_2265_3451_13,50176,0.0042849170918367345,1706b9164e7060a4a2cd1520b965b41282ef99addb275a90aaabf6475522d5d2,64990ea6addff6af93b8eace95fbcf586b8f19e678352f7776dc1bc87a88d58f,0.0143011274907469,0.007176053189205901,0.001965585538917886,0.005418288860970683,-0.9960688279518951,0.0030665407274175463
sample_4526,L15-1210E-1025N_4840_4088_13,50176,0.08001833545918367,df47e41bccd89727df17745a14d2584c94b178e5103e58d98f4c2eefbb7050a0,64990ea6addff6af93b8eace95fbcf586b8f19e678352f7776dc1bc87a88d58f,0.783337645987433,0.15611519275776856,0.005462390558356989,0.015188066514855172,-0.9890752180022854,0.008363939805774883
sample_4527,L15-1389E-1284N_5557_3054_13,50176,0.0,daede069d703460dc1275e43c772caa2a215db963efcbfa2dc4eef610aab241d,64990ea6addff6af93b8eace95fbcf586b8f19e678352f7776dc1bc87a88d58f,6.2825923138003286e-06,4.52255216115086e-09,6.281459532982233e-06,6.823425120424759e-05,-0.9999874368271306,1.2558396513803381e-05
sample_4528,L15-0358E-1220N_1433_3310_13,50176,0.05795599489795918,f95cd8386f05e10546ecb185a508e35c5d8a7832f4cd7eaacb56695883cdcfd7,64990ea6addff6af93b8eace95fbcf586b8f19e678352f7776dc1bc87a88d58f,0.31766808127774593,0.09700794782542478,0.023460467413723544,0.05331248821605112,-0.9530790631452182,0.03320131516459758
sample_4529,L15-0544E-1228N_2176_3279_13,50176,0.14008689413265307,3c889534873bc8591b659bab23e3919ecaeaa363b3062a2d171d075d9c9a0a6a,64990ea6addff6af93b8eace95fbcf586b8f19e678352f7776dc1bc87a88d58f,1.6293959361679176,0.27037169530436944,0.010014156699275635,0.02345482550309737,-0.9799716847333563,0.014258577248552248
sample_4530,L15-1210E-1025N_4840_4088_13,50176,0.04175302933673469,92f08b50a764cbca2a3a36e3dc36c45e6166f090bdc1f5223468ef03eb3a79f2,64990ea6addff6af93b8eace95fbcf586b8f19e678352f7776dc1bc87a88d58f,0.3490860236563077,0.0790021428564729,0.00667953761698374,0.01855498572094745,-0.9866409232052669,0.010351186905054748
sample_4531,L15-1848E-0793N_7394_5018_13,50176,0.00390625,41120604b05acee5707f515a230e3fc2b12189a36d8d2d512a69a4e857d0c01e,64990ea6addff6af93b8eace95fbcf586b8f19e678352f7776dc1bc87a88d58f,0.034630428372392316,0.007507417336239015,0.0007134997761067079,0.0018017356365681574,-0.9985729996638373,0.0010345149780487239
sample_4532,L15-0566E-1185N_2265_3451_13,50176,0.018036511479591837,4eb1d1f444c16606b453fd7b004a0df06aa53b2bd9a672ac56feb4d4d6bd57a0,64990ea6addff6af93b8eace95fbcf586b8f19e678352f7776dc1bc87a88d58f,0.11903729681058016,0.03182565068607061,0.006577825218876254,0.015728363820737418,-0.9868443472565546,0.009451933910367367
sample_4533,L15-1276E-1107N_5105_3761_13,50176,0.011300223214285714,91dbd072c5b7bd8312eb52aa9a6469e770431a0fd3f8d1fd486a5329b1780f18,64990ea6addff6af93b8eace95fbcf586b8f19e678352f7776dc1bc87a88d58f,0.14198611693109855,0.022510794808875377,0.00010911289516988457,0.00044655225758235905,-0.9997817734466432,0.00018787444178311704
sample_4534,L15-1014E-1375N_4056_2688_13,50176,0.07641103316326531,ad3850122bf9a87e9c45275420a6a7d8082efcc3631b930b143dc488dae391bb,64990ea6addff6af93b8eace95fbcf586b8f19e678352f7776dc1bc87a88d58f,0.5219158878748059,0.13765357192181168,0.019375544374010394,0.04788830892957648,-0.9612489089666088,0.028558494949400565
sample_4535,L15-1276E-1107N_5105_3761_13,50176,0.011080994897959183,42db113f5f350f42911e90151ff48b7a10d7055d50a8e86c0f28d6a0c6b90a4d,64990ea6addff6af93b8eace95fbcf586b8f19e678352f7776dc1bc87a88d58f,0.15235973499587782,0.022129806059710835,5.285142165399632e-05,0.0002146291357362388,-0.9998942961564804,8.397754206357667e-05
sample_4536,L15-1748E-1247N_6993_3202_13,50176,0.00994499362244898,12ea9495354c1a5387cc6e350980acd0755778159dabc42ac2a2eae3bac4d17c,64990ea6addff6af93b8eace95fbcf586b8f19e678352f7776dc1bc87a88d58f,0.054887218652467096,0.017491244219586168,0.004055337363863554,0.010710601030875731,-0.9918893242912725,0.006140413021212849
sample_4537,L15-0368E-1245N_1474_3210_13,50176,0.2315250318877551,09a26ff9a24b9bfa35281f5ab86bd161d503bc3879238319c4be19dc1952a12c,64990ea6addff6af93b8eace95fbcf586b8f19e678352f7776dc1bc87a88d58f,1.4431050204567288,0.4031986898125585,0.054298446720409,0.12430304723016686,-0.8914031060674223,0.07706628185477662
sample_4538,L15-0358E-1220N_1433_3310_13,50176,0.0833266900510204,aab1882328a1bca0dca094aec0eb6b2ab154849e9b99a691ddacc0be90b23860,64990ea6addff6af93b8eace95fbcf586b8f19e678352f7776dc1bc87a88d58f,0.4334532969050459,0.1420577865283625,0.02533670375836367,0.058749350413066136,-0.9493265902333624,0.03617369373274
sample_4539,L15-1138E-1216N_4553_3325_13,50176,0.16282684948979592,f3452d036110a9f5ff9636b538f796e703a86db564377c59396c5fdc964a6d75,64990ea6addff6af93b8eace95fbcf586b8f19e678352f7776dc1bc87a88d58f,1.354087028918849,0.29873363518905,0.0316658782729955,0.07600509879427249,-0.9366682429292895,0.04608363964319092
sample_4540,L15-1210E-1025N_4840_4088_13,50176,0.05765704719387755,4345cf06bd74767d72fa47824d9a95bc7819237ce0c7e77811b397fdd08c89d3,64990ea6addff6af93b8eace95fbcf586b8f19e678352f7776dc1bc87a88d58f,0.44678714243597756,0.10536097773361139,0.009004555970468387,0.022311979580936326,-0.9819908862780562,0.013260913216889603
sample_4541,L15-0358E-1220N_1433_3310_13,50176,0.07344148596938775,53a62dd3bd224b6f5eb27a1339162b12889d7ec721ea52ec51d1cb864ea2a029,64990ea6addff6af93b8eace95fbcf586b8f19e678352f7776dc1bc87a88d58f,0.41907225007378224,0.12580430057183478,0.021798596236313104,0.04936510312682679,-0.9564028053430544,0.030777498355891882
sample_4542,L15-0368E-1245N_1474_3210_13,50176,0.21665736607142858,ff85a7d2186d67ab07e97280e628a4c158596adeb530abbc0951657f6eef8380,64990ea6addff6af93b8eace95fbcf586b8f19e678352f7776dc1bc87a88d58f,1.2968234583332197,0.3732996706193141,0.061130510690641036,0.14152015300473528,-0.8777389788297953,0.08730495895511378
sample_4543,L15-0358E-1220N_1433_3310_13,50176,0.031568877551020405,69ceb9b47391273c49a6ff3aa27370d06b0362a367c840f41e64b3c68b56b04a,64990ea6addff6af93b8eace95fbcf586b8f19e678352f7776dc1bc87a88d58f,0.12118700224240916,0.05664331711229106,0.029494536602251917,0.06908947183836808,-0.9410109240168764,0.04318250907260595
sample_4544,L15-1138E-1216N_4553_3325_13,50176,0.1067641900510204,bced3997e948f0c3b15b556fee9eb6c7334b77e4e51d44e31e5f7441d0a5177a,64990ea6addff6af93b8eace95fbcf586b8f19e678352f7776dc1bc87a88d58f,0.5862799558233984,0.187921080199625,0.03567210557081794,0.08529387704159791,-0.9286557879156575,0.05182991064266158
sample_4545,L15-1210E-1025N_4840_4088_13,50176,0.05414939413265306,231fd4b28b443872e61fd0a74fe823ec6959bb0ad36ac085a9658fc29a248852,64990ea6addff6af93b8eace95fbcf586b8f19e678352f7776dc1bc87a88d58f,0.3515658601451565,0.09693756331608412,0.01184200252316018,0.02952819196923027,-0.9763159928927128,0.017555284091989896
sample_4546,L15-1389E-1284N_5557_3054_13,50176,0.0013552295918367347,2908a4eea388941c9255ae526e97397aa34da0f2fa5b39786ddfdc96285078ba,64990ea6addff6af93b8eace95fbcf586b8f19e678352f7776dc1bc87a88d58f,0.01269095078828258,0.0026757822866314966,0.0002721718426945866,0.0009481669707203346,-0.99945565521889,0.0004726707728852584
sample_4547,L15-1389E-1284N_5557_3054_13,50176,0.0017338966836734694,df2a9f03cbf805212a61e7510669ab398999bbc55db49a438a2dc9ae6474b258,64990ea6addff6af93b8eace95fbcf586b8f19e678352f7776dc1bc87a88d58f,0.014194703626942641,0.003245463895986929,0.00036189624830624276,0.0009800022513581051,-0.9992762065109483,0.000517805801469988
sample_4548,L15-0566E-1185N_2265_3451_13,50176,0.0,daede069d703460dc1275e43c772caa2a215db963efcbfa2dc4eef610aab241d,64990ea6addff6af93b8eace95fbcf586b8f19e678352f7776dc1bc87a88d58f,6.0279280486105824e-06,3.925094596902674e-09,6.026945941682373e-06,6.517713054440446e-05,-0.9999879447785185,1.2049966788768372e-05
sample_4549,L15-0544E-1228N_2176_3279_13,50176,0.17805325255102042,799fb10088ff89e989742fa4d1c501aa0fa68ef2ecbcbf384df20ef691eb86a8,64990ea6addff6af93b8eace95fbcf586b8f19e678352f7776dc1bc87a88d58f,2.271016333837543,0.35125419955773646,0.003970796700890119,0.009769389499893416,-0.9920584053847246,0.005765306394863905
sample_4550,L15-1748E-1247N_6993_3202_13,50176,0.01468829719387755,1b8ee8123671578cbd09ea4eae3eeff817b7e638e3973a37ed3db9161530de7f,64990ea6addff6af93b8eace95fbcf586b8f19e678352f7776dc1bc87a88d58f,0.06354320869448014,0.025613907572800604,0.009104547143096522,0.023399853316287,-0.9817909044214251,0.013767945691617205
sample_4551,L15-1138E-1216N_4553_3325_13,50176,0.1667530293367347,1124d7c91a1a7269b762218355777ff8871d875b1bebfcd8490e6ddc702f5911,64990ea6addff6af93b8eace95fbcf586b8f19e678352f7776dc1bc87a88d58f,1.504732863175092,0.3138249341216173,0.023130868151736428,0.05763962047961347,-0.9537382633320383,0.03415175051786644
sample_4552,L15-1848E-0793N_7394_5018_13,50176,0.022221779336734693,daede069d703460dc1275e43c772caa2a215db963efcbfa2dc4eef610aab241d,64990ea6addff6af93b8eace95fbcf586b8f19e678352f7776dc1bc87a88d58f,0.11728296525522439,0.038255609938309634,0.0061057023858480455,0.014002732135192895,-0.9877885940136437,0.008633705416382262
sample_4553,L15-1748E-1247N_6993_3202_13,50176,0.00643734056122449,21f033c04e745c2b264d505be2031aabbe6517f66f63092ceb70869d3d5ee919,64990ea6addff6af93b8eace95fbcf586b8f19e678352f7776dc1bc87a88d58f,0.045939806623065606,0.011989852568649593,0.0030090915994262515,0.008661733522990177,-0.9939818156248913,0.0047186937554177365
sample_4554,L15-0544E-1228N_2176_3279_13,50176,0.18118223852040816,bb8d41c382c0abc5fac9e429d18af367bc23bede6034399500a661026ab0728a,64990ea6addff6af93b8eace95fbcf586b8f19e678352f7776dc1bc87a88d58f,2.2316944379441965,0.35450662139937134,0.006583920240459241,0.01584508713184933,-0.9868321583174156,0.009486593955332495
sample_4555,L15-1014E-1375N_4056_2688_13,50176,0.07802535076530612,ac308f8dd1922704a49144f0fad2674d94d376be66478320dc893b2de0b67c1e,64990ea6addff6af93b8eace95fbcf586b8f19e678352f7776dc1bc87a88d58f,0.5000590740557032,0.13888172368464688,0.023093054777876074,0.05566884913263734,-0.9538138886395482,0.03371902162360771
sample_4556,L15-1210E-1025N_4840_4088_13,50176,0.023278061224489797,3351acec2776de44e7bc84a54001bee95006004cafb247df7e32c823a62aab68,64990ea6addff6af93b8eace95fbcf586b8f19e678352f7776dc1bc87a88d58f,0.14072742671954705,0.04054880720331953,0.008136327430719927,0.020009691560456302,-0.9837273437171632,0.011767582130365653
sample_4557,L15-0566E-1185N_2265_3451_13,50176,0.0037468112244897957,a1a936fab4d4e756bb53724d38edfad084cabe9940b5ba020c06801d27911043,64990ea6addff6af93b8eace95fbcf586b8f19e678352f7776dc1bc87a88d58f,0.012766385569017998,0.006005823220173977,0.005283475854690662,0.013170495322817537,-0.9894330469937009,0.007813688079478645
sample_4558,L15-1210E-1025N_4840_4088_13,50176,0.01797672193877551,3e2365a26504ab39bacbdcc82877436d0e15518395d2eb50a90c810f743c621d,64990ea6addff6af93b8eace95fbcf586b8f19e678352f7776dc1bc87a88d58f,0.11138885656443177,0.030844994011965755,0.005253005991404762,0.01275763402763135,-0.989493986549931,0.007627652758007276
sample_4559,L15-1138E-1216N_4553_3325_13,50176,0.06307796556122448,70a3314dd659eb0518bb90f4bf14a3bfe7133276f704f9d3847ac823634a6d36,64990ea6addff6af93b8eace95fbcf586b8f19e678352f7776dc1bc87a88d58f,0.5279071842355274,0.1156079993158287,0.012659735869549747,0.030581047386940435,-0.9746805261522634,0.018352054728571328
sample_4560,L15-1138E-1216N_4553_3325_13,50176,0.05141900510204082,8fa89c8610de7a98c288be554c88e062cddfef56d3868c18e62d2197d0edc24a,64990ea6addff6af93b8eace95fbcf586b8f19e678352f7776dc1bc87a88d58f,0.5662254718337077,0.0968427114879161,0.008718221114558757,0.02155860393871851,-0.9825635556603634,0.012750004135255878
sample_4561,L15-1748E-1247N_6993_3202_13,50176,0.008549904336734694,17864e066f30710b90b5b19234162834acffbb19531caab55e1ec16872ed5272,64990ea6addff6af93b8eace95fbcf586b8f19e678352f7776dc1bc87a88d58f,0.05100949389476938,0.0157184039810573,0.0035525115553707797,0.009375120002140552,-0.992894975610498,0.00533442939217931
sample_4562,L15-0358E-1220N_1433_3310_13,50176,0.10491071428571429,d8dc051b45282cd7f78456ec065af277545241aa4a22b7828f37e3d540289441,64990ea6addff6af93b8eace95fbcf586b8f19e678352f7776dc1bc87a88d58f,0.41638199498352196,0.16988040441316804,0.05031708137450588,0.11352852272319539,-0.8993658355213323,0.07132982293878055
sample_4563,L15-0544E-1228N_2176_3279_13,50176,0.1554328762755102,83de72ac86eeec43772212a801816c3328915ea4dd1e4aa32cc404d472291a15,64990ea6addff6af93b8eace95fbcf586b8f19e678352f7776dc1bc87a88d58f,1.780121726450568,0.30436300778602055,0.011038274587398129,0.030053691352745677,-0.9779234497203234,0.016957213943350178
sample_4564,L15-0358E-1220N_1433_3310_13,50176,0.09964923469387756,993f918f7122021abbee972c619e11e7c397daf72c1233461c92b28e5f94d550,64990ea6addff6af93b8eace95fbcf586b8f19e678352f7776dc1bc87a88d58f,0.4454353435132052,0.1663280059227283,0.04379699139722756,0.10173449112790445,-0.9124060150362008,0.06306845428761929
sample_4565,L15-1848E-0793N_7394_5018_13,50176,0.004264987244897959,536fbe64aa14edb7229a7bbd5fbf546ba5159c7510eec605015c8a4e05a4d834,64990ea6addff6af93b8eace95fbcf586b8f19e678352f7776dc1bc87a88d58f,0.033899619340217735,0.007952650543110217,0.0010172310558489847,0.0027162548628494525,-0.9979655373143351,0.0015246244063184826
sample_4566,L15-0544E-1228N_2176_3279_13,50176,0.1839325573979592,3f5c175a308d70d8f80acd3c3e2fa67edf3e0fd54091cff3102a7659f8df7f8a,64990ea6addff6af93b8eace95fbcf586b8f19e678352f7776dc1bc87a88d58f,2.077276383116143,0.35023182411262965,0.014812437135593168,0.03389191849267016,-0.9703751236352169,0.02094514268469713
sample_4567,L15-0566E-1185N_2265_3451_13,50176,0.003667091836734694,61964b326cfba19220e99f94d51eccfd6bf04afa71452a8e7c9e0bc77c3b0292,64990ea6addff6af93b8eace95fbcf586b8f19e678352f7776dc1bc87a88d58f,0.023269087192626024,0.00707497054624127,0.0003493505230705653,0.0013153176978313566,-0.9993012983188072,0.0006092976967411829
sample_4568,L15-1748E-1247N_6993_3202_13,50176,0.001096141581632653,6151bfd2392578824ed2981d3e73d02e4cb94ebbedff03525b250b192f386c40,64990ea6addff6af93b8eace95fbcf586b8f19e678352f7776dc1bc87a88d58f,0.00788826730215596,0.0020345411764993585,0.00044090215981538804,0.0014326278247576475,-0.9991181946521102,0.0007095962761286158
sample_4569,L15-0566E-1185N_2265_3451_13,50176,0.0001992984693877551,f595ecadd196b1ed455481966949971929d4bdeb2f267389cc623a67c7549054,64990ea6addff6af93b8eace95fbcf586b8f19e678352f7776dc1bc87a88d58f,0.0013425425606093475,0.00041514920677497314,0.0001344658964199527,0.0006404926168557533,-0.9997310675172202,0.0002493899423070574
sample_4570,L15-1848E-0793N_7394_5018_13,50176,0.00033880739795918367,daede069d703460dc1275e43c772caa2a215db963efcbfa2dc4eef610aab241d,64990ea6addff6af93b8eace95fbcf586b8f19e678352f7776dc1bc87a88d58f,0.0007758836914796666,0.00047211150843895136,0.00039263040050674153,0.0010293100919564438,-0.9992147384189561,0.0005853350403665641
sample_4571,L15-1138E-1216N_4553_3325_13,50176,0.1416015625,3bd72f3cd1478acc0b5d381bb2254e402b18c7fc9eb251f3d07a63dff2491345,64990ea6addff6af93b8eace95fbcf586b8f19e678352f7776dc1bc87a88d58f,0.617094564454454,0.23564629896504927,0.06901485195302652,0.15803669704874457,-0.8619702960320283,0.09838363811866169
sample_4572,L15-1138E-1216N_4553_3325_13,50176,0.14993223852040816,e21c9f672a65d8442187000e597970e776c0b5411ae300db1924e8107783182a,64990ea6addff6af93b8eace95fbcf586b8f19e678352f7776dc1bc87a88d58f,0.6002804461357162,0.24465265916414383,0.0789870043862516,0.18036749237636868,-0.8420259909863362,0.1126429657138198
sample_4573,L15-1014E-1375N_4056_2688_13,50176,0.2028858418367347,c0dd63260e5724a81102c7f02628c98f235c09e83cce794924e581c0b94278db,64990ea6addff6af93b8eace95fbcf586b8f19e678352f7776dc1bc87a88d58f,1.1600993990276025,0.3514357592715804,0.05567837807430639,0.1292865773308175,-0.888643243867816,0.07979219665181113
sample_4574,L15-1014E-1375N_4056_2688_13,50176,0.07690927933673469,88cde03b78a9b0607f657a3d3643edb51d05ab78bd45ac2ae4130b927f862752,64990ea6addff6af93b8eace95fbcf586b8f19e678352f7776dc1bc87a88d58f,0.4929752147742062,0.1365272668019285,0.021448307711041857,0.05202792124627805,-0.9571033825356177,0.03133060778763823
sample_4575,L15-1389E-1284N_5557_3054_13,50176,0.0,daede069d703460dc1275e43c772caa2a215db963efcbfa2dc4eef610aab241d,64990ea6addff6af93b8eace95fbcf586b8f19e678352f7776dc1bc87a88d58f,2.1051219773889783e-05,1.6556385974353157e-06,2.0598326287023267e-05,0.0001360921428424104,-0.9999588028538999,3.9541013976611236e-05
sample_4576,L15-0358E-1220N_1433_3310_13,50176,0.1048110650510204,993f918f7122021abbee972c619e11e7c397daf72c1233461c92b28e5f94d550,64990ea6addff6af93b8eace95fbcf586b8f19e678352f7776dc1bc87a88d58f,0.4353147924546901,0.1700485558095859,0.04743508756997026,0.10711465558604222,-0.9051298227723596,0.0671387910497494
sample_4577,L15-1848E-0793N_7394_5018_13,50176,0.000896843112244898,a3f4aec7b0054265f83404a6d96b49ed44efc2220960fd6c82087a67e2399fd2,64990ea6addff6af93b8eace95fbcf586b8f19e678352f7776dc1bc87a88d58f,0.00447819211014716,0.001927734191496535,0.0023615243226973986,0.0064256999230714535,-0.9952769503429066,0.0036584994905177223
sample_4578,L15-1014E-1375N_4056_2688_13,50176,0.08681441326530612,d98e196100229314e6090d407b7e7ee710a92878f825012e94907122f7123145,64990ea6addff6af93b8eace95fbcf586b8f19e678352f7776dc1bc87a88d58f,0.5454997606884765,0.14958077728063643,0.023427317041324034,0.052874399654008364,-0.9531453627381875,0.03301410129904544
sample_4579,L15-1276E-1107N_5105_3761_13,50176,0.009247448979591837,6c93f639417c22ee6b3af080cbf4ddd597a8d1238a2a0bfc699cee6079b7c97e,64990ea6addff6af93b8eace95fbcf586b8f19e678352f7776dc1bc87a88d58f,0.12321650688042068,0.01849278379960272,1.514395366289786e-05,0.00013096384854391772,-0.9999697111880782,3.0135677377143003e-05
sample_4580,L15-1138E-1216N_4553_3325_13,50176,0.07204639668367346,f9e600c619f4d87874f603e34cf162018e4e2c2a4258c936970f2c40c7ca6608,64990ea6addff6af93b8eace95fbcf586b8f19e678352f7776dc1bc87a88d58f,0.597830938356867,0.13213094229643674,0.014508014845386224,0.03547637416409114,-0.9709839685253185,0.021150576985590572
sample_4581,L15-0368E-1245N_1474_3210_13,50176,0.2607421875,e7cdb56c6d9373f7d9d35fd388fc103e73d97f527b1f2b45e66f146bad82fcf3,64990ea6addff6af93b8eace95fbcf586b8f19e678352f7776dc1bc87a88d58f,2.081374460928523,0.469404944612199,0.04723024961885483,0.10918759263103445,-0.9055395002291153,0.06735211580525886
sample_4582,L15-0358E-1220N_1433_3310_13,50176,0.09161750637755102,547fa9f6456b155efb5ba06c90b605554d0583169351431473430edfadea4886,64990ea6addff6af93b8eace95fbcf586b8f19e678352f7776dc1bc87a88d58f,0.41076809613815124,0.14946244622757007,0.0334821207786207,0.07624091767353404,-0.933035756033733,0.04745065692930253
sample_4583,L15-1389E-1284N_5557_3054_13,50176,0.0,daede069d703460dc1275e43c772caa2a215db963efcbfa2dc4eef610aab241d,64990ea6addff6af93b8eace95fbcf586b8f19e678352f7776dc1bc87a88d58f,9.446100176891063e-06,3.924220813843243e-08,9.436224473222178e-06,9.090365187465261e-05,-0.9999811269160916,1.8833206738306535e-05
sample_4584,L15-1276E-1107N_5105_3761_13,50176,0.01943160076530612,f6a59c63e30771b3d31d0ba377273b04609f0fbdc22ce865b8d1767d587d0bbc,64990ea6addff6af93b8eace95fbcf586b8f19e678352f7776dc1bc87a88d58f,0.16664722400216156,0.03783851544373406,0.002773084659937161,0.008544319419576214,-0.9944538285282803,0.004524960482594716
sample_4585,L15-0358E-1220N_1433_3310_13,50176,0.03196747448979592,3152601559d31dc13b6fe2a928e16990efe9b93bf6f743984dbc8f261c0ed0ff,64990ea6addff6af93b8eace95fbcf586b8f19e678352f7776dc1bc87a88d58f,0.12493578531496527,0.05753023152856922,0.028510404178131447,0.06715435606938827,-0.9429791888022825,0.04167465507781066
sample_4586,L15-0566E-1185N_2265_3451_13,50176,0.00390625,1706b9164e7060a4a2cd1520b965b41282ef99addb275a90aaabf6475522d5d2,64990ea6addff6af93b8eace95fbcf586b8f19e678352f7776dc1bc87a88d58f,0.01355709507021181,0.006345381052794209,0.0016395034451436783,0.004227704897852784,-0.9967209923734287,0.0024377744866301773
sample_4587,L15-1748E-1247N_6993_3202_13,50176,0.008370535714285714,e348205f286d505470b2d20cb1c49c7eb80bce7571e8ff36747f0f7788db2529,64990ea6addff6af93b8eace95fbcf586b8f19e678352f7776dc1bc87a88d58f,0.04901442414018413,0.015240283587638678,0.0027765460830295875,0.007501852279805521,-0.9944469069601249,0.004230321042857994
sample_4588,L15-1848E-0793N_7394_5018_13,50176,0.020627391581632654,daede069d703460dc1275e43c772caa2a215db963efcbfa2dc4eef610aab241d,64990ea6addff6af93b8eace95fbcf586b8f19e678352f7776dc1bc87a88d58f,0.07727022050630178,0.03312646540822358,0.007182719437785598,0.016096179186820103,-0.985634559590453,0.010040748911052864
sample_4589,L15-1138E-1216N_4553_3325_13,50176,0.05540497448979592,eb0bcfd2de4c56e5a01d8549978ba18811af566f8c8dfb68c8b1822d939434d3,64990ea6addff6af93b8eace95fbcf586b8f19e678352f7776dc1bc87a88d58f,0.5981535520220912,0.10245006462513373,0.010181552104471366,0.024954692250219863,-0.9796368935247861,0.014844538751980113
sample_4590,L15-1389E-1284N_5557_3054_13,50176,0.0015943877551020409,df2a9f03cbf805212a61e7510669ab398999bbc55db49a438a2dc9ae6474b258,64990ea6addff6af93b8eace95fbcf586b8f19e678352f7776dc1bc87a88d58f,0.01584953932832538,0.0031758840725540577,0.00034839819228200584,0.001006422141523556,-0.9993032029256712,0.0005217988977221817
sample_4591,L15-1389E-1284N_5557_3054_13,50176,0.08537946428571429,235f007547e408f6751d68690cac35dce3ed26d8f4157f604fded2c4797395c5,64990ea6addff6af93b8eace95fbcf586b8f19e678352f7776dc1bc87a88d58f,0.4243092268613955,0.14853064588464865,0.028693352291379506,0.06945981998289172,-0.9426132928778443,0.041944618761726754
sample_4592,L15-0566E-1185N_2265_3451_13,50176,7.971938775510203e-05,daede069d703460dc1275e43c772caa2a215db963efcbfa2dc4eef610aab241d,64990ea6addff6af93b8eace95fbcf586b8f19e678352f7776dc1bc87a88d58f,0.00016298934318915127,0.00010272543372986786,2.6591104331749434e-05,0.00011661623209408613,-0.9999468168979186,4.143446172001879e-05
sample_4593,L15-1276E-1107N_5105_3761_13,50176,0.011240433673469387,91dbd072c5b7bd8312eb52aa9a6469e770431a0fd3f8d1fd486a5329b1780f18,64990ea6addff6af93b8eace95fbcf586b8f19e678352f7776dc1bc87a88d58f,0.1426537462904306,0.02238035849071798,0.00013707792481445537,0.00048400878634311326,-0.9997258435814511,0.00021585630425419153
sample_4594,L15-0358E-1220N_1433_3310_13,50176,0.10760124362244898,d8dc051b45282cd7f78456ec065af277545241aa4a22b7828f37e3d540289441,64990ea6addff6af93b8eace95fbcf586b8f19e678352f7776dc1bc87a88d58f,0.4240859630311332,0.17419317300800724,0.050160127094405114,0.11327765228245423,-0.899679743706155,0.07094821890030115
sample_4595,L15-0358E-1220N_1433_3310_13,50176,0.08063616071428571,4707bd5b2cce22443587257c300bdb68414e260fc1179ee04bb159363baf295e,64990ea6addff6af93b8eace95fbcf586b8f19e678352f7776dc1bc87a88d58f,0.4132108879364762,0.1359979671773965,0.025235190167928075,0.05766184877432859,-0.9495296179012304,0.03585010715544159
sample_4596,L15-1276E-1107N_5105_3761_13,50176,0.008629623724489796,32d75c2a1dce4e9cd0208e220453f3209874e92fca5c3b77e0594c1bfd60c977,64990ea6addff6af93b8eace95fbcf586b8f19e678352f7776dc1bc87a88d58f,0.09603827126711557,0.016644729321763616,0.0003894836112039582,0.0010405294312868252,-0.9992210321783106,0.0005826100339804212
sample_4597,L15-0368E-1245N_1474_3210_13,50176,0.2515345982142857,4f4ff49d0755d76341792d406e27f5ed256a7b3d5432448830d3e88d450d3cd3,64990ea6addff6af93b8eace95fbcf586b8f19e678352f7776dc1bc87a88d58f,2.1602397510943585,0.4537503299732663,0.04524813045044335,0.1064240572464973,-0.9095037384865019,0.0654068670247187
sample_4598,L15-0566E-1185N_2265_3451_13,50176,0.0028300382653061226,620e4ae29d4fee13f73d379d695009e59627436f82dc2c17b842fc85e6540922,64990ea6addff6af93b8eace95fbcf586b8f19e678352f7776dc1bc87a88d58f,0.020905357561550084,0.005414315610850058,0.00041549833377405086,0.0014377036167475146,-0.9991690024852783,0.0006882575517893997
sample_4599,L15-0566E-1185N_2265_3451_13,50176,0.03284438775510204,01e3529fbb5289fdb2a22e0eec5b4b4f5e5e9cd5d9369638255434f56c57f3a3,64990ea6addff6af93b8eace95fbcf586b8f19e678352f7776dc1bc87a88d58f,0.20648412940451452,0.059819586112287396,0.007671015787328005,0.01906496435856025,-0.9846579660549731,0.011316848742420041
sample_4600,L15-1185E-0935N_4742_4450_13,50176,0.13938934948979592,4fc6744a59cdd64e9288281c2f3890e4c3703dc676882752a8c3910036cef0c4,64990ea6addff6af93b8eace95fbcf586b8f19e678352f7776dc1bc87a88d58f,1.0143868380143364,0.24461486093347382,0.033477315114934604,0.0756744778556035,-0.9330453685107618,0.04728879168055602
sample_4601,L15-0566E-1185N_2265_3451_13,50176,0.001136001275510204,b3c9c2f19c908da28dd7928740e839fc37568313a7402e8b70d4754809b1d84d,64990ea6addff6af93b8eace95fbcf586b8f19e678352f7776dc1bc87a88d58f,0.012311580895507436,0.002135167097818935,0.0003638294399525894,0.0012529851575892596,-0.9992723401740475,0.0005905712905296872
sample_4602,L15-0544E-1228N_2176_3279_13,50176,0.18349410076530612,b8215de6a253d3de35479ff0e805e93b925324f90915e12ebbd56af3ae839c5b,64990ea6addff6af93b8eace95fbcf586b8f19e678352f7776dc1bc87a88d58f,2.0774711448509895,0.35006879599690066,0.014230568473921063,0.033292879884499325,-0.9715388614160896,0.020334548917205108
sample_4603,L15-1848E-0793N_7394_5018_13,50176,0.0005580357142857143,daede069d703460dc1275e43c772caa2a215db963efcbfa2dc4eef610aab241d,64990ea6addff6af93b8eace95fbcf586b8f19e678352f7776dc1bc87a88d58f,0.0013908590246804703,0.000818514088762016,0.0005113458930875878,0.0014217529695960413,-0.9989773077228785,0.0007653533161638879
sample_4604,L15-0566E-1185N_2265_3451_13,50176,0.003128985969387755,8fa61df9c4debafc6c66251a8205fd0c3a0e875b8ae06644184d0adfcd6e49e8,64990ea6addff6af93b8eace95fbcf586b8f19e678352f7776dc1bc87a88d58f,0.019231543312529485,0.00683346266914361,0.0031235039469367843,0.00861728915062771,-0.9937529910677606,0.004924541946790213
sample_4605,L15-0368E-1245N_1474_3210_13,50176,0.22307477678571427,3edd7fb955d35aec9bcdaf90e5813a3d7770522200c8a9eec44768df709ffc86,64990ea6addff6af93b8eace95fbcf586b8f19e678352f7776dc1bc87a88d58f,1.2345241528380728,0.37718266434794107,0.07360996951334825,0.17031647974775693,-0.8527800609846031,0.10552692801526595
sample_4606,L15-1210E-1025N_4840_4088_13,50176,0.0038464604591836736,75e3b63bfa283f7a0aeaf793938b4e752332fa1805b16c08a1164b4403990a95,64990ea6addff6af93b8eace95fbcf586b8f19e678352f7776dc1bc87a88d58f,0.03167299788729149,0.007664247944493445,0.00252595167768625,0.0072834206295707355,-0.9949480957148812,0.003939652095814126
sample_4607,L15-1210E-1025N_4840_4088_13,50176,0.06499123086734694,6bc2199582ce7035e30691624497384b1566744ba1e8ee740fdad529ee633b62,64990ea6addff6af93b8eace95fbcf586b8f19e678352f7776dc1bc87a88d58f,0.4586985473664147,0.11539363556500817,0.013922041893832157,0.03273186303297453,-0.9721559144578922,0.02001590513061637
sample_4608,L15-1848E-0793N_7394_5018_13,50176,0.025011957908163265,97fb90f63e1625c30fd04bfa25a19dce454c2474306290653ee1bb542d24fd51,64990ea6addff6af93b8eace95fbcf586b8f19e678352f7776dc1bc87a88d58f,0.14500865768576393,0.0434430366229431,0.007168816592620343,0.016981260010289836,-0.9856623651046518,0.010338331959175565
sample_4609,L15-1185E-0935N_4742_4450_13,50176,0.06562898596938775,656c3f9cefc60239328b6590b8da4251ee18e4ed4c83c1815004e302e6d6d088,64990ea6addff6af93b8eace95fbcf586b8f19e678352f7776dc1bc87a88d58f,0.5505672173835401,0.12344645832182578,0.009676831337262173,0.025456248074862048,-0.9806463355741462,0.014629545023305221
sample_4610,L15-0358E-1220N_1433_3310_13,50176,0.07176737882653061,33ce1a51173e492f4cad6a21ea92b8e96d0a8fbeb40c0c788b98abadd45497d3,64990ea6addff6af93b8eace95fbcf586b8f19e678352f7776dc1bc87a88d58f,0.4738989581207538,0.13011656805577687,0.01499008384713789,0.036669989778298204,-0.9700198304308438,0.02198944546425519
sample_4611,L15-1848E-0793N_7394_5018_13,50176,0.01953125,211ad240b4b062d2226dea180e00978ad81d6eb528694d87c2f6d61a30d51765,64990ea6addff6af93b8eace95fbcf586b8f19e678352f7776dc1bc87a88d58f,0.1045526161792274,0.03314810687006749,0.005557963478483488,0.012795500010310497,-0.9888840712749022,0.00788601361572422
sample_4612,L15-1389E-1284N_5557_3054_13,50176,0.0018534757653061226,df2a9f03cbf805212a61e7510669ab398999bbc55db49a438a2dc9ae6474b258,64990ea6addff6af93b8eace95fbcf586b8f19e678352f7776dc1bc87a88d58f,0.015433809051454602,0.0033590745208031234,0.00024345251660299848,0.0007000480875523616,-0.9995130938211234,0.000359484704975359
sample_4613,L15-0544E-1228N_2176_3279_13,50176,0.14457110969387754,9f4ad63e481ec55b11e73e251f1a05c31aa9334ebf43ce4475b6ac8debb2c3e0,64990ea6addff6af93b8eace95fbcf586b8f19e678352f7776dc1bc87a88d58f,1.6026657673970672,0.27554883205682973,0.012978246056579282,0.030246915869746233,-0.9740435065235293,0.018423878159706725
sample_4614,L15-1138E-1216N_4553_3325_13,50176,0.07607222576530612,e77439a52c174f3ead02906edd336c7041a935f419651715bda6e88a0b8b3d06,64990ea6addff6af93b8eace95fbcf586b8f19e678352f7776dc1bc87a88d58f,0.629909180157663,0.1392479622252439,0.014340395929900055,0.03507974266662364,-0.9713192064191201,0.020921187010184555
sample_4615,L15-0358E-1220N_1433_3310_13,50176,0.08733258928571429,d6d8dabb43702363add9efdcfaa72e4f17d79e1930002a8af781b36e73a0a62a,64990ea6addff6af93b8eace95fbcf586b8f19e678352f7776dc1bc87a88d58f,0.43724128842839627,0.14594291420202432,0.03090998118776562,0.07119907619421716,-0.9381800355306047,0.04431439074776339
sample_4616,L15-1185E-0935N_4742_4450_13,50176,0.0733219068877551,b4db9aa4cee6f0a18425dc069cb357784a20c9fef9e90bc8baec3d958ddce8ac,64990ea6addff6af93b8eace95fbcf586b8f19e678352f7776dc1bc87a88d58f,0.5075051458488195,0.13550470159551933,0.014455488329392155,0.037610649536668726,-0.9710890219383789,0.02178931382401168
sample_4617,L15-1138E-1216N_4553_3325_13,50176,0.14391342474489796,628524d23e9047dc399db3cd03725948f2d1ff5a2276af98ef9d225386cfbd86,64990ea6addff6af93b8eace95fbcf586b8f19e678352f7776dc1bc87a88d58f,0.6245436674756174,0.23937243763613966,0.06116925235196226,0.1419922504054856,-0.877661494873834,0.08767740112862052
sample_4618,L15-1210E-1025N_4840_4088_13,50176,0.08376514668367346,2ee45a878a27602e674ff44cf6cb077a9a0265a8ec102c19567eee700a07318f,64990ea6addff6af93b8eace95fbcf586b8f19e678352f7776dc1bc87a88d58f,0.6655153597470719,0.1558855153897177,0.01345773146616067,0.033997691054202236,-0.9730845359339251,0.019880169396130645
sample_4619,L15-0358E-1220N_1433_3310_13,50176,0.02716438137755102,dade01ceb4403fcdd4fa50d564b402a60b28dcac6e70e4ceed29d68d4dad5128,64990ea6addff6af93b8eace95fbcf586b8f19e678352f7776dc1bc87a88d58f,0.13461502445697282,0.050940781033491374,0.010175541271360554,0.028947123443256683,-0.9796489150891071,0.016383217568473454
sample_4620,L15-0544E-1228N_2176_3279_13,50176,0.14377391581632654,f8f953ca4dbbc129070a98f465bd755f1106c087e665b73c6c4a574af506f04a,64990ea6addff6af93b8eace95fbcf586b8f19e678352f7776dc1bc87a88d58f,1.5578669169649895,0.27387805526009584,0.013161059637668029,0.031172544148130227,-0.9736778791356803,0.018904123334285945
sample_4621,L15-1138E-1216N_4553_3325_13,50176,0.11567283163265306,bd5b188884ac2ca2023746f0ba2dcc8169293d26e3f5b522da621d7812b314e3,64990ea6addff6af93b8eace95fbcf586b8f19e678352f7776dc1bc87a88d58f,0.5570688716606726,0.19843115073112894,0.048216932835722606,0.11387292030481411,-0.9035661336695808,0.06971754342638675
sample_4622,L15-0358E-1220N_1433_3310_13,50176,0.07220583545918367,e6427fa81bed98e23c6b5a2ccb99329836fee572c71d837ae61c9b4da6598576,64990ea6addff6af93b8eace95fbcf586b8f19e678352f7776dc1bc87a88d58f,0.35304103117247104,0.12027564108842921,0.024432357418474417,0.05556273365260776,-0.9511352831883204,0.03468199037925749
sample_4623,L15-1014E-1375N_4056_2688_13,50176,0.21051897321428573,00392ddbaf1429754cfc4818857e5dfa3101a08403a34f492c86a12600c26b73,64990ea6addff6af93b8eace95fbcf586b8f19e678352f7776dc1bc87a88d58f,1.1257794516452722,0.3582993919359955,0.06453205096863249,0.14793818315974208,-0.8709358978805631,0.0919334257251853
sample_4624,L15-0566E-1185N_2265_3451_13,50176,0.0001992984693877551,1706b9164e7060a4a2cd1520b965b41282ef99addb275a90aaabf6475522d5d2,64990ea6addff6af93b8eace95fbcf586b8f19e678352f7776dc1bc87a88d58f,0.002121897399427288,0.0003748676172095798,3.2973637310217835e-05,0.00013735969489669085,-0.9999340519975393,5.404951810530305e-05
sample_4625,L15-1014E-1375N_4056_2688_13,50176,0.1536591198979592,84604034eec1bc9faf62fd3fd90a829e0cfbf02941b3a398564d2919bdfca058,64990ea6addff6af93b8eace95fbcf586b8f19e678352f7776dc1bc87a88d58f,0.7133578392129719,0.2585627729159798,0.0621433583009817,0.14203960728225096,-0.8757132824301038,0.08888886619504469
sample_4626,L15-0368E-1245N_1474_3210_13,50176,0.22229751275510204,09a26ff9a24b9bfa35281f5ab86bd161d503bc3879238319c4be19dc1952a12c,64990ea6addff6af93b8eace95fbcf586b8f19e678352f7776dc1bc87a88d58f,1.4037436368853355,0.3895316443489745,0.05399954904521796,0.12507878505919104,-0.8920009016817496,0.077317731497633
sample_4627,L15-1014E-1375N_4056_2688_13,50176,0.0849609375,a6f91378a17ba40927f25472c0adc6a8fe0abc90c8ba6954436b654b68719ff9,64990ea6addff6af93b8eace95fbcf586b8f19e678352f7776dc1bc87a88d58f,0.5578914534892752,0.1497332124399512,0.017972060196500803,0.04182729668168947,-0.9640558770203963,0.025714464951515255
sample_4628,L15-1138E-1216N_4553_3325_13,50176,0.12236926020408163,6f380f3f3e0f4c2833ee7ec34be0581ecdb203544d4cca596fc455dd6e2503b5,64990ea6addff6af93b8eace95fbcf586b8f19e678352f7776dc1bc87a88d58f,0.5641729508789678,0.20748130772814627,0.05168608805207459,0.11990329042920743,-0.8966278229584888,0.07399765938822657
sample_4629,L15-1185E-0935N_4742_4450_13,50176,0.07726801658163265,7d0c13849acc6853f67daf351ae1a9ed684eb9a8fc8912bd5c65c65fd12f332f,64990ea6addff6af93b8eace95fbcf586b8f19e678352f7776dc1bc87a88d58f,0.5392804048739662,0.14187450345697789,0.016451134977206513,0.041623794954742055,-0.967097728143048,0.02450460935862748
sample_4630,L15-0544E-1228N_2176_3279_13,50176,0.1805843431122449,1763fce44546f3478173800b183f73a0d68ef9be54aef901d2d91147dda76f8a,64990ea6addff6af93b8eace95fbcf586b8f19e678352f7776dc1bc87a88d58f,2.1718839372687553,0.3537310622726662,0.006245950982924931,0.015840741886768445,-0.9875080972644288,0.009227689782489768
sample_4631,L15-1014E-1375N_4056_2688_13,50176,0.15748565051020408,6069c19b6a6a7a41b0962e4113879af6d706079aae9550b606023a12ee0e4692,64990ea6addff6af93b8eace95fbcf586b8f19e678352f7776dc1bc87a88d58f,0.6291228155291089,0.25634511426597106,0.07653628167938631,0.1699124913169959,-0.8469274356984292,0.10791276405556675
sample_4632,L15-1185E-0935N_4742_4450_13,50176,0.14186065051020408,3040bedb02bd7d8b659bc7203552ee80cf5322a841ab73ea2971943d020c6222,64990ea6addff6af93b8eace95fbcf586b8f19e678352f7776dc1bc87a88d58f,1.1074759191655468,0.2555381057161024,0.028150044264015267,0.06658656152948844,-0.9436999098909329,0.04080929129184129
sample_4633,L15-0544E-1228N_2176_3279_13,50176,0.17689732142857142,e2c63a717161748d5232a66eb7b04bddf971c8043e79479cc71874c56d69b9cf,64990ea6addff6af93b8eace95fbcf586b8f19e678352f7776dc1bc87a88d58f,1.9282064723281982,0.33590455559619986,0.01581991350216487,0.037382549356044216,-0.9683601716390907,0.022725106684138907
sample_4634,L15-1389E-1284N_5557_3054_13,50176,0.08868781887755102,6bfa207bc983159d7bda88071d3490b1329bec40c6804c5a240eaffc1e410c04,64990ea6addff6af93b8eace95fbcf586b8f19e678352f7776dc1bc87a88d58f,0.42763794413290696,0.15163800675320868,0.035158981150966516,0.08356497410703165,-0.9296820354344784,0.05115487260476905
sample_4635,L15-1138E-1216N_4553_3325_13,50176,0.17540258290816327,f281bd33098e48fd74c98c89930c6a2328c359cdb070bf0527583f296bd44673,64990ea6addff6af93b8eace95fbcf586b8f19e678352f7776dc1bc87a88d58f,1.2152898800330543,0.3109722148764429,0.04913289369350033,0.11664437772407515,-0.9017342119164199,0.07133943036606535
sample_4636,L15-1138E-1216N_4553_3325_13,50176,0.1505500637755102,d8af03b07665fe43d7617cd852b0ea53376b24bd2d6ab478875d1b0517f1e1d7,64990ea6addff6af93b8eace95fbcf586b8f19e678352f7776dc1bc87a88d58f,0.6124050744783504,0.24477403461207758,0.06952051530183502,0.15865608770430234,-0.860958969366513,0.09877267818724997
sample_4637,L15-0544E-1228N_2176_3279_13,50176,0.17881058673469388,b648d2ed014f4ae3ae82c276e4e17870f400b6469f130ce08bcad01355b3d007,64990ea6addff6af93b8eace95fbcf586b8f19e678352f7776dc1bc87a88d58f,2.183733652487925,0.35152482101505345,0.006114714927448682,0.015179947958594833,-0.9877705691574172,0.008917108184434782
sample_4638,L15-1014E-1375N_4056_2688_13,50176,0.07282366071428571,53e00f6e69f77c442d689437f54ffc3ce0d21142a181e7eec48118a8d2fb0f5c,64990ea6addff6af93b8eace95fbcf586b8f19e678352f7776dc1bc87a88d58f,0.5203428489690262,0.13168215567871747,0.016930165843163827,0.04190706088323897,-0.9661396661076632,0.024913835319269786
sample_4639,L15-1389E-1284N_5557_3054_13,50176,0.0,daede069d703460dc1275e43c772caa2a215db963efcbfa2dc4eef610aab241d,64990ea6addff6af93b8eace95fbcf586b8f19e678352f7776dc1bc87a88d58f,1.3143967462053626e-05,9.672402830659335e-08,1.3119514974556407e-05,0.00011574081148622567,-0.9999737605039614,2.614230592080647e-05
sample_4640,L15-1748E-1247N_6993_3202_13,50176,0.009825414540816327,cb50fddab3070b44b37c45e584157dbb6ad9ff2960211572058c0a47f5399f6c,64990ea6addff6af93b8eace95fbcf586b8f19e678352f7776dc1bc87a88d58f,0.06518400000475758,0.018162965095177102,0.0034607136598313036,0.009614255501951009,-0.9930785713412313,0.005342076811216623
sample_4641,L15-1748E-1247N_6993_3202_13,50176,0.008569834183673469,0ee889b627b13cac26c82edebf6d9277efa848be839af37fb163573713d3369e,64990ea6addff6af93b8eace95fbcf586b8f19e678352f7776dc1bc87a88d58f,0.04868367535828349,0.015599723733133829,0.003537042181682298,0.00927503590176907,-0.9929259144659341,0.005280346188112566
sample_4642,L15-1185E-0935N_4742_4450_13,50176,0.08665497448979592,737635a026f31bcd51aecce3c20c11b195f117cbba7ac944e0141e3d7865bb31,64990ea6addff6af93b8eace95fbcf586b8f19e678352f7776dc1bc87a88d58f,0.5124401188956186,0.147774390208835,0.028832764267370258,0.0640370382592413,-0.9423344697041698,0.04051672049317382
sample_4643,L15-0566E-1185N_2265_3451_13,50176,0.0,daede069d703460dc1275e43c772caa2a215db963efcbfa2dc4eef610aab241d,64990ea6addff6af93b8eace95fbcf586b8f19e678352f7776dc1bc87a88d58f,7.2457885492600205e-06,1.8358250254466765e-08,7.241175567009011e-06,7.353313061727763e-05,-0.9999855168949561,1.4463992883763983e-05
sample_4644,L15-1138E-1216N_4553_3325_13,50176,0.032326211734693876,daede069d703460dc1275e43c772caa2a215db963efcbfa2dc4eef610aab241d,64990ea6addff6af93b8eace95fbcf586b8f19e678352f7776dc1bc87a88d58f,0.08688048782343863,0.05034853027436928,0.04723485202970439,0.11224333030173543,-0.9055302958962778,0.06854207698422442
sample_4645,L15-1014E-1375N_4056_2688_13,50176,0.20774872448979592,8fdd5ffdb6caecc345db34e53c57a1308d2dccb31a6c98809c43e3af96304eff,64990ea6addff6af93b8eace95fbcf586b8f19e678352f7776dc1bc87a88d58f,1.2317799301998502,0.3613312315259677,0.05411431692630927,0.1265178419857592,-0.8917713656598876,0.07785856048201523
sample_4646,L15-1389E-1284N_5557_3054_13,50176,0.08581792091836735,0b9c8cb40160b27bd09b3a4a2afe1e72fb01e4bb6ce2aef02b452ad00ebe8683,64990ea6addff6af93b8eace95fbcf586b8f19e678352f7776dc1bc87a88d58f,0.38062295623925974,0.14592255029117698,0.03667868558574012,0.08666672958662593,-0.9266426264239502,0.05322354039943847
sample_4647,L15-1185E-0935N_4742_4450_13,50176,0.06455277423469388,9bb9dc8d91d88d64a67660b535134eaee36a7a386debdea594b72f69586cfe32,64990ea6addff6af93b8eace95fbcf586b8f19e678352f7776dc1bc87a88d58f,0.5726774248706172,0.12299344024126134,0.008330988352025422,0.02215633630428326,-0.9833380215875378,0.012631387036174628
sample_4648,L15-1848E-0793N_7394_5018_13,50176,0.011041135204081632,daede069d703460dc1275e43c772caa2a215db963efcbfa2dc4eef610aab241d,64990ea6addff6af93b8eace95fbcf586b8f19e678352f7776dc1bc87a88d58f,0.03184025764802892,0.01781532260356914,0.019658073116502514,0.047371087545120504,-0.9606838512331379,0.02870579746133967
sample_4649,L15-1014E-1375N_4056_2688_13,50176,0.19891980229591838,c85058d15c595baa1090c135ea2db1470577e5e49977bb7b338d3a72846d0b91,64990ea6addff6af93b8eace95fbcf586b8f19e678352f7776dc1bc87a88d58f,1.3213839900659843,0.3519972833442713,0.049896069688304345,0.11634569572709606,-0.9002078600793109,0.07168559500288627
sample_4650,L15-1389E-1284N_5557_3054_13,50176,0.019192442602040817,f4289c593adaf47c65e8725003671b4d63cae138554e837e3a1f096ceff91516,64990ea6addff6af93b8eace95fbcf586b8f19e678352f7776dc1bc87a88d58f,0.09945631884271923,0.03527794995134851,0.007157383768163546,0.019324164353146555,-0.9856852304062345,0.011229740156874227
sample_4651,L15-1848E-0793N_7394_5018_13,50176,0.0003786670918367347,daede069d703460dc1275e43c772caa2a215db963efcbfa2dc4eef610aab241d,64990ea6addff6af93b8eace95fbcf586b8f19e678352f7776dc1bc87a88d58f,0.0012139339367901207,0.0006373600077250857,0.0006824878795186475,0.00197195500927484,-0.9986350235314981,0.0010613821668611196
sample_4652,L15-1138E-1216N_4553_3325_13,50176,0.04783163265306122,26716ac88872887be57c6461a2f353775f0de2632c5430de39f56c101b756882,64990ea6addff6af93b8eace95fbcf586b8f19e678352f7776dc1bc87a88d58f,0.5547117832932561,0.0924057418901994,0.00521202802738859,0.013192260006370792,-0.9895759418929092,0.007679420493647245
sample_4653,L15-1848E-0793N_7394_5018_13,50176,0.0004185267857142857,daede069d703460dc1275e43c772caa2a215db963efcbfa2dc4eef610aab241d,64990ea6addff6af93b8eace95fbcf586b8f19e678352f7776dc1bc87a88d58f,0.0009607110706623021,0.0006142767282404144,0.0003667390116547443,0.000979508848028716,-0.9992665212361894,0.0005410865389782987
sample_4654,L15-1014E-1375N_4056_2688_13,50176,0.2037029655612245,1a10179c5729a4e227de13c8d12e0f8c8e37481143700319d7de1b1fa31be60b,64990ea6addff6af93b8eace95fbcf586b8f19e678352f7776dc1bc87a88d58f,1.2081952358420152,0.3534218601892154,0.05465233990594707,0.1267201328811369,-0.890695319516488,0.07828757585592423
sample_4655,L15-1389E-1284N_5557_3054_13,50176,0.0,daede069d703460dc1275e43c772caa2a215db963efcbfa2dc4eef610aab241d,64990ea6addff6af93b8eace95fbcf586b8f19e678352f7776dc1bc87a88d58f,1.1666615223962845e-05,5.628792095554918e-08,1.165243839769035e-05,0.00010782366892729222,-0.999976694397084,2.3248588874425285e-05
sample_4656,L15-0544E-1228N_2176_3279_13,50176,0.18243781887755103,8a22ec6591ad77ef5cd0277e022618139976df413a206362e9f185b01c762533,64990ea6addff6af93b8eace95fbcf586b8f19e678352f7776dc1bc87a88d58f,2.119276252456679,0.3544384899036985,0.008784236299700807,0.021969366867988338,-0.9824315262287819,0.012883495021201459
sample_4657,L15-1389E-1284N_5557_3054_13,50176,0.08828922193877552,f5900460c2067b105cdb2f0e1ee7b6382da68bcc80b7a469d93da5907147e5d7,64990ea6addff6af93b8eace95fbcf586b8f19e678352f7776dc1bc87a88d58f,0.4463053754738893,0.1550184236423295,0.028399815514436638,0.0691596990874341,-0.943200366876385,0.041605764384529634
sample_4658,L15-0368E-1245N_1474_3210_13,50176,0.1538982780612245,d5e3a175604a6940bef5e75d789edd8937c97097e07b1c740205448427f526a1,64990ea6addff6af93b8eace95fbcf586b8f19e678352f7776dc1bc87a88d58f,1.2751799089615845,0.28425863839052595,0.02028337415968239,0.04805305107252439,-0.9594332494737577,0.02929431689058983
sample_4659,L15-1748E-1247N_6993_3202_13,50176,0.018355389030612245,f8bc73fb0bdc6f7357fcfdbd7a8efe819e3b0d8d7c9b57aecd9428e409a3e5b8,64990ea6addff6af93b8eace95fbcf586b8f19e678352f7776dc1bc87a88d58f,0.10683488243890343,0.03340705130478237,0.006293868811145349,0.015850711476410883,-0.9874122609331284,0.009347794762983449
sample_4660,L15-0566E-1185N_2265_3451_13,50176,0.00412547831632653,89f1ce3e1b16ef0ab13ca295735b3f3ef8cf4dc4bebaea4694f69045f0809751,64990ea6addff6af93b8eace95fbcf586b8f19e678352f7776dc1bc87a88d58f,0.020566041103119822,0.006512766699370823,0.0032674627941652983,0.007760917690701966,-0.9934650735103286,0.004611394487509595
sample_4661,L15-1138E-1216N_4553_3325_13,50176,0.05315290178571429,53fa5a5ef439df341d37a25ab8c1efafc8912d1026180bdf1ac9961e6f5df427,64990ea6addff6af93b8eace95fbcf586b8f19e678352f7776dc1bc87a88d58f,0.6527619878097336,0.10165406162640361,0.012815898314013849,0.031780865022019406,-0.9743682008492456,0.018890410567880357
sample_4662,L15-1210E-1025N_4840_4088_13,50176,0.05685985331632653,94c13151b00a4f6829697e1c6d747665e6258301965e7a1cbf300173cb553ccc,64990ea6addff6af93b8eace95fbcf586b8f19e678352f7776dc1bc87a88d58f,0.3915600891476536,0.10286391343063553,0.010606188511200326,0.026126126137115374,-0.9787876213845426,0.015611875280026328
sample_4663,L15-1138E-1216N_4553_3325_13,50176,0.06419403698979592,815b26234a46a618cba4bcd5bd40c967470bf961dfe82261fa2acb2344a377f4,64990ea6addff6af93b8eace95fbcf586b8f19e678352f7776dc1bc87a88d58f,0.5692844214080623,0.11904043555012928,0.010769258320987301,0.026204971530537143,-0.978461481684457,0.015706331135571447
sample_4664,L15-0566E-1185N_2265_3451_13,50176,0.0330436862244898,6c0f0ed9c7bc6474c1ac469136fd8a285dd92a1c3ebee7a96b097727f0321451,64990ea6addff6af93b8eace95fbcf586b8f19e678352f7776dc1bc87a88d58f,0.20585343247420768,0.06015981743270384,0.008037931880942185,0.019924953222543146,-0.9839241337710934,0.011828939981873
sample_4665,L15-1276E-1107N_5105_3761_13,50176,0.06718351403061225,9309949dcc46faa8499d6ddde348705029a31622c934e685514b1626a336d9a7,64990ea6addff6af93b8eace95fbcf586b8f19e678352f7776dc1bc87a88d58f,0.42524072276275054,0.12118032918826704,0.03233095265601819,0.07728205404243052,-0.9353380924828506,0.04758667545140408
sample_4666,L15-1210E-1025N_4840_4088_13,50176,0.02391581632653061,667083252ad70765800a24a7945b7c2979780ae511760471f6adb5e364e8402e,64990ea6addff6af93b8eace95fbcf586b8f19e678352f7776dc1bc87a88d58f,0.17892170685449038,0.044770843252932055,0.003460188014955469,0.009755956383251746,-0.9930796224855194,0.0053442457666662046
sample_4667,L15-1848E-0793N_7394_5018_13,50176,0.0003985969387755102,daede069d703460dc1275e43c772caa2a215db963efcbfa2dc4eef610aab241d,64990ea6addff6af93b8eace95fbcf586b8f19e678352f7776dc1bc87a88d58f,0.00184239283399579,0.0008037438472993447,0.0011971419206725396,0.003668449379548887,-0.997605715216919,0.0019300209778132552
sample_4668,L15-1210E-1025N_4840_4088_13,50176,0.02401546556122449,44cd7978095e86ac07809352af187a86e69e044b322f9050faa26c81d8e36436,64990ea6addff6af93b8eace95fbcf586b8f19e678352f7776dc1bc87a88d58f,0.17787273869327766,0.04375913813897844,0.004857334108757121,0.012337884859528721,-0.9902853301319717,0.007117289290084378
sample_4669,L15-1848E-0793N_7394_5018_13,50176,0.022122130102040817,66deceb80dd0c179817451d48c35829c7a8ea911d35fe3c27ef133cc3360a75d,64990ea6addff6af93b8eace95fbcf586b8f19e678352f7776dc1bc87a88d58f,0.12373215800452404,0.0373229070587225,0.006506258141895642,0.014741959106351168,-0.9869874818799047,0.00914885917685719
sample_4670,L15-1389E-1284N_5557_3054_13,50176,0.0016143176020408164,df2a9f03cbf805212a61e7510669ab398999bbc55db49a438a2dc9ae6474b258,64990ea6addff6af93b8eace95fbcf586b8f19e678352f7776dc1bc87a88d58f,0.01483348405873057,0.0031605935822256316,0.00041787670592644384,0.0011604926372805137,-0.9991642458830572,0.000617750546376941
sample_4671,L15-0368E-1245N_1474_3210_13,50176,0.22213807397959184,700a3f918e16e415c4facb6babd9653e1d5c6f5b3e3081e152b83412d6af7697,64990ea6addff6af93b8eace95fbcf586b8f19e678352f7776dc1bc87a88d58f,1.3126920661832384,0.3821889873987089,0.06464532905196467,0.15166521678574793,-0.8707093419323882,0.09322412330707573
sample_4672,L15-0358E-1220N_1433_3310_13,50176,0.013950892857142858,8142fd254b1b30e78c5e17e9c8ad7e80a27e7671d544be0151902c13a4db1917,64990ea6addff6af93b8eace95fbcf586b8f19e678352f7776dc1bc87a88d58f,0.12070966080172602,0.02731462394429372,0.002758624400392327,0.007983738413455996,-0.9944827498456045,0.004316700097652844
sample_4673,L15-1138E-1216N_4553_3325_13,50176,0.1761798469387755,e00c112dadc2d5039e3cff1d8209dde6b558477e210fb92843a51333541b7f64,64990ea6addff6af93b8eace95fbcf586b8f19e678352f7776dc1bc87a88d58f,1.489409405870715,0.3207213315358033,0.03293333289080432,0.07829408130699644,-0.9341333335175513,0.04772435697344616
sample_4674,L15-0544E-1228N_2176_3279_13,50176,0.1836734693877551,9b151d5151a9f6ea77d3aaf949b4fced59624ccf4047ad279d887bc4794d271f,64990ea6addff6af93b8eace95fbcf586b8f19e678352f7776dc1bc87a88d58f,2.116157847907712,0.3501346752025441,0.014383119140152953,0.03293892703029711,-0.9712337597089117,0.02028784726173083
sample_4675,L15-1848E-0793N_7394_5018_13,50176,0.04862882653061224,e35b15e234b795b76460c64fe8666b346b3945fba7f7cf259be08bae5d028a2e,64990ea6addff6af93b8eace95fbcf586b8f19e678352f7776dc1bc87a88d58f,0.19139622303856912,0.08083025892388793,0.022261501433641404,0.05286565972088558,-0.9554769945466893,0.03230115809469846
sample_4676,L15-0544E-1228N_2176_3279_13,50176,0.17448580994897958,d8c1a91216af98c2845e816b14383a69d9c3ce6d52f8d78d2990543c0182bf34,64990ea6addff6af93b8eace95fbcf586b8f19e678352f7776dc1bc87a88d58f,2.264869613778995,0.34684497558889954,0.001864423697377194,0.004943862845663801,-0.9962711513705528,0.002781327383483204
sample_4677,L15-1389E-1284N_5557_3054_13,50176,0.001793686224489796,94f0320abd99652f336e8f6660cee5313dc3b055a20f3af7666d5b86c564586d,64990ea6addff6af93b8eace95fbcf586b8f19e678352f7776dc1bc87a88d58f,0.014307758270182065,0.003459217359153333,0.0003323404424899847,0.0009882869299096917,-0.9993353182555541,0.0005121050499140253
sample_4678,L15-0544E-1228N_2176_3279_13,50176,0.14847735969387754,abcd9abee4623f05d21f94efe2395e529100e38fd153fb0ac45c3e7688341116,64990ea6addff6af93b8eace95fbcf586b8f19e678352f7776dc1bc87a88d58f,1.6546189602876122,0.2827829753593184,0.014024081034110668,0.03212626818515993,-0.9719518366434549,0.019807023507201385
sample_4679,L15-0566E-1185N_2265_3451_13,50176,0.0003786670918367347,8b7681aacbebc1e830daa58af45ee7fe5d97ffd9600f8a013a8fbfae643db64e,64990ea6addff6af93b8eace95fbcf586b8f19e678352f7776dc1bc87a88d58f,0.00495123824743472,0.0008187028983046467,0.0003878178350551396,0.0015275838205832143,-0.9992243634105833,0.0006733713074670121
sample_4680,L15-1848E-0793N_7394_5018_13,50176,0.03677056760204082,1248287d154ca7c74fe1c01970fdfbf63bd0575d08e7b073b9f3d44bcf19edbf,64990ea6addff6af93b8eace95fbcf586b8f19e678352f7776dc1bc87a88d58f,0.1356155756742412,0.05995051745620138,0.021454395101481706,0.050958803739101916,-0.9570912072946116,0.031075068502431087
sample_4681,L15-1210E-1025N_4840_4088_13,50176,0.006277901785714286,5b6282feb1b37f998deb52ee274c7715ac5e8c3c55e951bd7fa78b1cae06aaaf,64990ea6addff6af93b8eace95fbcf586b8f19e678352f7776dc1bc87a88d58f,0.042330874484324925,0.011826365907621702,0.0033284916770549454,0.00983287519128861,-0.9933430156913068,0.005262579421007193
sample_4682,L15-0544E-1228N_2176_3279_13,50176,0.15417729591836735,83b1be9bf54882e0e46172fa609d75357d9f7e5afa684feacf736eb4ac6a0072,64990ea6addff6af93b8eace95fbcf586b8f19e678352f7776dc1bc87a88d58f,1.7984770529624956,0.30206853677374246,0.008356864554617477,0.022614206223649135,-0.9832862699491742,0.012759247319258444
sample_4683,L15-1848E-0793N_7394_5018_13,50176,0.003826530612244898,41120604b05acee5707f515a230e3fc2b12189a36d8d2d512a69a4e857d0c01e,64990ea6addff6af93b8eace95fbcf586b8f19e678352f7776dc1bc87a88d58f,0.035688447677049255,0.007361165049086598,0.0005780765858041692,0.0015211070875545192,-0.9988438463108483,0.0008618036226315226
sample_4684,L15-1276E-1107N_5105_3761_13,50176,0.01167889030612245,b8dc3096764108b730baa5bc3da95581b9ba1a28cd699434223a2549e77f4b80,64990ea6addff6af93b8eace95fbcf586b8f19e678352f7776dc1bc87a88d58f,0.1369209540854318,0.023160479027578486,0.0001925610597435461,0.0007109428478353132,-0.9996148766700212,0.0003101179301486036
sample_4685,L15-1748E-1247N_6993_3202_13,50176,0.008290816326530613,c442d5ff83ce79e4151e4c61222613c2501cf060699810b7dda105eacfa3aaa7,64990ea6addff6af93b8eace95fbcf586b8f19e678352f7776dc1bc87a88d58f,0.04325248329959039,0.014830905255327822,0.0034483163665067784,0.009532306945001354,-0.9931033659649576,0.005299546154411423
sample_4686,L15-1210E-1025N_4840_4088_13,50176,0.08231026785714286,8bfd6668fed4b0c801c229ea5c540331f14e98496f613e4fc3e444dea416d271,64990ea6addff6af93b8eace95fbcf586b8f19e678352f7776dc1bc87a88d58f,0.7251457606029268,0.15747300221526553,0.009229238800780505,0.02449849603250273,-0.9815415212428168,0.013901350529206538
sample_4687,L15-0544E-1228N_2176_3279_13,50176,0.17906967474489796,1763fce44546f3478173800b183f73a0d68ef9be54aef901d2d91147dda76f8a,64990ea6addff6af93b8eace95fbcf586b8f19e678352f7776dc1bc87a88d58f,2.3010661575845948,0.35430557641755445,0.003006839642434248,0.007479210813903518,-0.9939863198803499,0.004373481860117995
sample_4688,L15-1210E-1025N_4840_4088_13,50176,0.058294802295918366,f7fe1bb9594b836fffee3ac83a9243cee29e6383a428e24eb4e2aa49747bb091,64990ea6addff6af93b8eace95fbcf586b8f19e678352f7776dc1bc87a88d58f,0.44154697210709487,0.10661548725597722,0.008858177420084499,0.021680983143329526,-0.9822836432374407,0.012990322956874998
sample_4689,L15-1185E-0935N_4742_4450_13,50176,0.06722337372448979,30f540d521bcfba197b42def5fb4b374852ce4fcc54056a74bcfefb974fc7b09,64990ea6addff6af93b8eace95fbcf586b8f19e678352f7776dc1bc87a88d58f,0.5060185254616106,0.12552352360868388,0.011682574672871555,0.030414141491855028,-0.976634848866785,0.01762138934625233
sample_4690,L15-1748E-1247N_6993_3202_13,50176,0.005241549744897959,6016d2144a20a4fdf9ee043863ad92d0048a437741730f7ba12c9a9a0ca0d85b,64990ea6addff6af93b8eace95fbcf586b8f19e678352f7776dc1bc87a88d58f,0.04632369316656313,0.010299855375813986,0.0014497541409099893,0.004783016420318718,-0.9971004908367178,0.0023987807585942253
sample_4691,L15-1185E-0935N_4742_4450_13,50176,0.18185985331632654,41631147223b9e0ae659c5e84ae4783cb98e9c48deb9524a0d8e260bbcad0c44,64990ea6addff6af93b8eace95fbcf586b8f19e678352f7776dc1bc87a88d58f,0.6900411744675456,0.294906569452754,0.10510962301323533,0.23336510716423686,-0.7897807534869231,0.14806072149996677
sample_4692,L15-1185E-0935N_4742_4450_13,50176,0.14072464923469388,8e314b6a7d1d275ce0567d9d11672a64931026ba6386a33785398db4b8e67bd1,64990ea6addff6af93b8eace95fbcf586b8f19e678352f7776dc1bc87a88d58f,1.0563959886229453,0.24892886899556196,0.03150550126007815,0.07178950579537215,-0.9369889957066172,0.04467128460605228
sample_4693,L15-1748E-1247N_6993_3202_13,50176,0.01696029974489796,34131338d38bb4341322b8aa7501d27978bb37064a29c9d5adee78a878a24e2a,64990ea6addff6af93b8eace95fbcf586b8f19e678352f7776dc1bc87a88d58f,0.09036639911537361,0.02987940848115539,0.00685044882785795,0.017748232576313812,-0.9862991007810227,0.010413221883570033
sample_4694,L15-1276E-1107N_5105_3761_13,50176,0.009705835459183673,1b298c11c3dda2ea10eb5fdcd63324983a4cc8a77f9492c54479e7f0cf08fb59,64990ea6addff6af93b8eace95fbcf586b8f19e678352f7776dc1bc87a88d58f,0.12806506947360702,0.019300532886963026,9.158228486016088e-05,0.0003440247025696309,-0.9998168344471617,0.00014488160159126446
sample_4695,L15-1014E-1375N_4056_2688_13,50176,0.08159279336734694,56e05622d63097efbc95382ff4f68145764f8f0a2d3777e720b62b18a85c4c71,64990ea6addff6af93b8eace95fbcf586b8f19e678352f7776dc1bc87a88d58f,0.4800614837632468,0.142843059499063,0.026568651177958414,0.06415932749131163,-0.9468626955849503,0.038942803454733596
sample_4696,L15-1848E-0793N_7394_5018_13,50176,0.0006178252551020409,daede069d703460dc1275e43c772caa2a215db963efcbfa2dc4eef610aab241d,64990ea6addff6af93b8eace95fbcf586b8f19e678352f7776dc1bc87a88d58f,0.0016191791694974795,0.0008933507263819031,0.0007401813731566832,0.002098190188884605,-0.9985196362663377,0.0011374649795394133
sample_4697,L15-1185E-0935N_4742_4450_13,50176,0.14423230229591838,5e5a7d4b6f1c1f295379952a4cc76890f6b5b9c90bdfe822b78530fb14f131ef,64990ea6addff6af93b8eace95fbcf586b8f19e678352f7776dc1bc87a88d58f,0.9639197020225728,0.2487009699635043,0.03853408122382944,0.08708078892051128,-0.9229318360492403,0.05451639978128217
sample_4698,L15-1210E-1025N_4840_4088_13,50176,0.023417570153061226,437ffb1d929e10fcfb2447143b852680040c5fb301edd378e3d170c5b424381c,64990ea6addff6af93b8eace95fbcf586b8f19e678352f7776dc1bc87a88d58f,0.15184227567678496,0.04094918728912268,0.00652989486888127,0.015840237433743826,-0.9869402095730714,0.00935629437706079
sample_4699,L15-1138E-1216N_4553_3325_13,50176,0.07051179846938775,dbcd36a016d22b64b698ea94c6d9c55b6d61c0901be11c9e27a0424f201c0b84,64990ea6addff6af93b8eace95fbcf586b8f19e678352f7776dc1bc87a88d58f,0.5961242315999621,0.13016899744478527,0.014045444083143482,0.03469461906964967,-0.9719091100320635,0.020619238984654616
sample_4700,L15-0368E-1245N_1474_3210_13,50176,0.2652064732142857,2961613da352996746894c35571b5d34ce6added360b9fd1436cd7467de11124,64990ea6addff6af93b8eace95fbcf586b8f19e678352f7776dc1bc87a88d58f,2.068579692922429,0.4766835313340552,0.04967075544148113,0.11524801839556971,-0.9006584887571225,0.07098613292164599
sample_4701,L15-1389E-1284N_5557_3054_13,50176,0.014668367346938776,2d10ebdeb45b176f66722c57e5b059a508622d53d51ed3fc497d376fb0436d70,64990ea6addff6af93b8eace95fbcf586b8f19e678352f7776dc1bc87a88d58f,0.08289680017225566,0.027212096528244547,0.004170615716637778,0.011534293139727567,-0.99165876758649,0.0064932065506094205
sample_4702,L15-1138E-1216N_4553_3325_13,50176,0.16719148596938777,5ae2c7f4994f9f2950d26e034478ee5ef1cabf86a25ee597c2c7f8923ac46b7d,64990ea6addff6af93b8eace95fbcf586b8f19e678352f7776dc1bc87a88d58f,1.1718790149155838,0.29441643632707115,0.04665685387812935,0.10940110137451434,-0.9066862917553193,0.06723386142089381
sample_4703,L15-0566E-1185N_2265_3451_13,50176,0.0,daede069d703460dc1275e43c772caa2a215db963efcbfa2dc4eef610aab241d,64990ea6addff6af93b8eace95fbcf586b8f19e678352f7776dc1bc87a88d58f,9.166776390498216e-06,6.335817664219605e-08,9.150766976633851e-06,8.483377017960583e-05,-0.9999816977901766,1.823817577662593e-05
sample_4704,L15-1210E-1025N_4840_4088_13,50176,0.0012157206632653062,421d6f4f24f6c2466516781ffd936d3a6200309df6c68df5dce6f3bce71a7133,64990ea6addff6af93b8eace95fbcf586b8f19e678352f7776dc1bc87a88d58f,0.013603316379193963,0.002537432013597399,0.0004298533859415626,0.0015224626562068383,-0.9991402921085941,0.0007170702638839028
sample_4705,L15-1138E-1216N_4553_3325_13,50176,0.07419882015306123,312c398b0edfc48335c539d59d4316d74d85c071572a7cd44a6e63574a1e66db,64990ea6addff6af93b8eace95fbcf586b8f19e678352f7776dc1bc87a88d58f,0.7995820472182059,0.13509187631650138,0.018610107973788162,0.045493025314267105,-0.9627797822721291,0.02712506871533047
sample_4706,L15-0358E-1220N_1433_3310_13,50176,0.05293367346938776,de0ae29256f3cf2639211f87e372ddabbedc6829a9b36f9e5faffa601a72c728,64990ea6addff6af93b8eace95fbcf586b8f19e678352f7776dc1bc87a88d58f,0.3428218252667375,0.09406891157166763,0.014655204356781073,0.03576672202130464,-0.9706895891639913,0.02154764748636958
sample_4707,L15-1138E-1216N_4553_3325_13,50176,0.05406967474489796,a6dbced23f2054c36e7394dfc55a98508f480c3ada0d0f30a6ca56d49dd27e87,64990ea6addff6af93b8eace95fbcf586b8f19e678352f7776dc1bc87a88d58f,0.5868502701293667,0.10124858175372473,0.009660489930847317,0.023771885185990847,-0.9806790180282936,0.014104529047656925
sample_4708,L15-1748E-1247N_6993_3202_13,50176,0.016322544642857144,20a669c9cf2fbab8ac731842cb271dddd1d2cbfc55f2f14828e26e96eb3d5668,64990ea6addff6af93b8eace95fbcf586b8f19e678352f7776dc1bc87a88d58f,0.091773551058684,0.02897779353145251,0.006417245397401251,0.016662678224134073,-0.9871655080569104,0.009659751481819325
sample_4709,L15-1138E-1216N_4553_3325_13,50176,0.1714764030612245,52761540e13e6be33a3f889f483a0231498668fd5e239186e2cc8b8c6ea60aa6,64990ea6addff6af93b8eace95fbcf586b8f19e678352f7776dc1bc87a88d58f,1.190862959921657,0.3057285268605928,0.04776750185659954,0.11276673857551618,-0.9044649958530117,0.06901990071133149
sample_4710,L15-0368E-1245N_1474_3210_13,50176,0.15507413903061223,ac2be6f8231b32d74e003ee9f44d86f50074dc5511a8112466015f30283483ec,64990ea6addff6af93b8eace95fbcf586b8f19e678352f7776dc1bc87a88d58f,1.0986937027066848,0.276862987194672,0.027853308898890962,0.06497713414057708,-0.9442933793851811,0.040017473193711926
sample_4711,L15-0358E-1220N_1433_3310_13,50176,0.057138871173469385,4dd29411249fa562ff9bf79a068f0b3ea9a38d19cd7c75896da5dd6602d80b6d,64990ea6addff6af93b8eace95fbcf586b8f19e678352f7776dc1bc87a88d58f,0.3204240546907878,0.09729490726011876,0.02056175810332429,0.0477287426241985,-0.95887648200668,0.029390905978154924
sample_4712,L15-1748E-1247N_6993_3202_13,50176,0.016063456632653062,770396b9872e54e95067caafc334735f25b92d0f5b8410ff8b606fae255eac30,64990ea6addff6af93b8eace95fbcf586b8f19e678352f7776dc1bc87a88d58f,0.0723103554061397,0.027278588225401513,0.00985338673000319,0.023987755101723306,-0.9802932246391065,0.014508824850135901
sample_4713,L15-0566E-1185N_2265_3451_13,50176,0.0,daede069d703460dc1275e43c772caa2a215db963efcbfa2dc4eef610aab241d,64990ea6addff6af93b8eace95fbcf586b8f19e678352f7776dc1bc87a88d58f,5.680115521037062e-06,4.560744320535661e-09,5.6789734172729816e-06,6.234576944906657e-05,-0.9999886408895713,1.1353386090226158e-05
sample_4714,L15-1276E-1107N_5105_3761_13,50176,0.009865274234693877,8b8e2f4d33eeef99d76350bb42f2c2c6be1a8cd1c4f366a350d48774706a0a2b,64990ea6addff6af93b8eace95fbcf586b8f19e678352f7776dc1bc87a88d58f,0.12606321697738188,0.01965508963259626,3.9149489139719885e-05,0.00016075079907491318,-0.9999217004269705,6.21287890173101e-05
sample_4715,L15-1014E-1375N_4056_2688_13,50176,0.08129384566326531,221444d8b1d8a49791799e4ac4a95a7c467f49d03e243c0090f54cf48df068c9,64990ea6addff6af93b8eace95fbcf586b8f19e678352f7776dc1bc87a88d58f,0.4920198471552662,0.14333206541128007,0.025446703604051883,0.06073870290366364,-0.9491065908054849,0.036928632339247695
sample_4716,L15-0566E-1185N_2265_3451_13,50176,1.992984693877551e-05,daede069d703460dc1275e43c772caa2a215db963efcbfa2dc4eef610aab241d,64990ea6addff6af93b8eace95fbcf586b8f19e678352f7776dc1bc87a88d58f,3.650322064193303e-05,2.20067034374655e-05,1.4963081078033666e-05,9.346918214446282e-05,-0.9999700733130841,2.6883048982922956e-05
sample_4717,L15-1276E-1107N_5105_3761_13,50176,0.015126753826530613,b7670ba88ab2e4aa2e5b012aae534d3ca1dd182010b2d77d9c2cd5561965c99a,64990ea6addff6af93b8eace95fbcf586b8f19e678352f7776dc1bc87a88d58f,0.15699935916566576,0.030111600662392303,0.0003956209236223783,0.0017096327141787476,-0.9992087565836784,0.0007080220968978732
sample_4718,L15-1276E-1107N_5105_3761_13,50176,0.00821109693877551,bc00d5ebcd5318b4249b90b8effd90d66fd7efbbc3509e6eb6a9e26f00fdbb69,64990ea6addff6af93b8eace95fbcf586b8f19e678352f7776dc1bc87a88d58f,0.09809805377269612,0.01606046166092488,0.0002335236700042626,0.0006510256774780953,-0.9995329522680839,0.0003479918636253259
sample_4719,L15-0544E-1228N_2176_3279_13,50176,0.15525350765306123,00af1348626291b025b5077167797d28eff7493a29a15833c120e5197f584bc9,64990ea6addff6af93b8eace95fbcf586b8f19e678352f7776dc1bc87a88d58f,1.8036072025178167,0.30386618222385015,0.008750235564455542,0.024292226377322545,-0.9824995278057503,0.013552322915559299
sample_4720,L15-1276E-1107N_5105_3761_13,50176,0.016661352040816327,7747d6fe4405898fce1f713d1d2354fb15862f83bff9edd0789acc0622aa37aa,64990ea6addff6af93b8eace95fbcf586b8f19e678352f7776dc1bc87a88d58f,0.1540404272622507,0.03305242046142405,0.0007418584665378593,0.0028984139605697013,-0.9985162818606375,0.001295688502732233
sample_4721,L15-0544E-1228N_2176_3279_13,50176,0.14275749362244897,a47866669158949983742ab8c3e22c384a3af049d11e62a976e002b6bfd08945,64990ea6addff6af93b8eace95fbcf586b8f19e678352f7776dc1bc87a88d58f,1.606827398111148,0.27103056304615647,0.013495512066732104,0.031002475837320916,-0.9730089742349511,0.019073976956489967
sample_4722,L15-0368E-1245N_1474_3210_13,50176,0.2575534119897959,ba0bfc8b599e0b625873e9106efae50f6409df32c8ac14fd08cb0049dc27d52d,64990ea6addff6af93b8eace95fbcf586b8f19e678352f7776dc1bc87a88d58f,2.020968369980534,0.46048888582811104,0.04693907989445618,0.10950870714225804,-0.906121839751515,0.0673889586666764
sample_4723,L15-1185E-0935N_4742_4450_13,50176,0.1417610012755102,f59bb869cdecab1205d979985a4ddeb8d0bd5950330c01296155f799c97c3790,64990ea6addff6af93b8eace95fbcf586b8f19e678352f7776dc1bc87a88d58f,0.9197573796078161,0.24007907255799768,0.04068522082584701,0.0893770149402388,-0.9186295568062781,0.05661233937045557
sample_4724,L15-0368E-1245N_1474_3210_13,50176,0.2674984056122449,a5bfac1e328edf816ca0552ba61c49110c085286b786bb1f2b95dfbdf7f1e3c2,64990ea6addff6af93b8eace95fbcf586b8f19e678352f7776dc1bc87a88d58f,1.8781809252244803,0.47304238490416417,0.05766703644696129,0.1336385647675423,-0.8846659268288638,0.08251902697119717
sample_4725,L15-0368E-1245N_1474_3210_13,50176,0.15850207270408162,5c834618481e2d8f7895fb7921395a3e58c27c21d7c729105bd827e62d2f2b2b,64990ea6addff6af93b8eace95fbcf586b8f19e678352f7776dc1bc87a88d58f,1.0494404559014792,0.2801982552195148,0.031022339108951236,0.07153309670676425,-0.9379553194478983,0.044196219610475894
sample_4726,L15-1185E-0935N_4742_4450_13,50176,0.1702606823979592,536c51160791dbe69e40ad5650d1cd15c14e217c8c2305f24065e3f2b0f4517e,64990ea6addff6af93b8eace95fbcf586b8f19e678352f7776dc1bc87a88d58f,0.7338729582361098,0.2861660939970769,0.08262735620207552,0.1937980703947647,-0.8347452875202578,0.11990491693892186
sample_4727,L15-1014E-1375N_4056_2688_13,50176,0.1466438137755102,983497b843d64f32a0e51424fda3fd096e8033141941e9d0146d8a199163cf53,64990ea6addff6af93b8eace95fbcf586b8f19e678352f7776dc1bc87a88d58f,0.866283225301868,0.2616632196242415,0.03882568785968256,0.09424302617683664,-0.9223486231371988,0.0570731413157005
sample_4728,L15-1138E-1216N_4553_3325_13,50176,0.0597297512755102,86a300a922f8fddc7fe0f2a130ac373014e100d9ea47745b00f24adedd6008f2,64990ea6addff6af93b8eace95fbcf586b8f19e678352f7776dc1bc87a88d58f,0.6940313339076152,0.11261070237351674,0.010173397505779428,0.025388482337686324,-0.9796532029679395,0.014940809941853926
sample_4729,L15-0544E-1228N_2176_3279_13,50176,0.14245854591836735,1f81811a6ee070c4a15adef19731a1748fd250e2aa4ceac4a7c2f4fc983f8672,64990ea6addff6af93b8eace95fbcf586b8f19e678352f7776dc1bc87a88d58f,1.6289941999049822,0.27212173279251384,0.01194651259765105,0.02791743750082279,-0.9761069735495176,0.01700049233283327
sample_4730,L15-1848E-0793N_7394_5018_13,50176,0.0003587372448979592,daede069d703460dc1275e43c772caa2a215db963efcbfa2dc4eef610aab241d,64990ea6addff6af93b8eace95fbcf586b8f19e678352f7776dc1bc87a88d58f,0.0006967403454247683,0.00042876443746166936,0.0003655496497676537,0.0009499804360672211,-0.9992689001971443,0.0005319714224032544
sample_4731,L15-1138E-1216N_4553_3325_13,50176,0.049127072704081634,82a08a8b1e0bb8527cbdd642216d12a93ba5d3c6675210813e6d6948ac8304d2,64990ea6addff6af93b8eace95fbcf586b8f19e678352f7776dc1bc87a88d58f,0.5505370251910109,0.0934786943352155,0.007360510955735737,0.018342803126673184,-0.9852789760886737,0.010826738406151634
sample_4732,L15-1014E-1375N_4056_2688_13,50176,0.1510283801020408,6069c19b6a6a7a41b0962e4113879af6d706079aae9550b606023a12ee0e4692,64990ea6addff6af93b8eace95fbcf586b8f19e678352f7776dc1bc87a88d58f,0.7220658973655901,0.25541648709257614,0.06200571102565344,0.14029787710226432,-0.8759885769241802,0.088248043098575
sample_4733,L15-0358E-1220N_1433_3310_13,50176,0.05275430484693878,4dd72013ba9494f034d785ffe401e3a54865039bccce114a34a0de4b18adfe8f,64990ea6addff6af93b8eace95fbcf586b8f19e678352f7776dc1bc87a88d58f,0.3378082414220853,0.09227226774164876,0.017455029701671506,0.04095493289221317,-0.9650899385127264,0.025055073660512767
sample_4734,L15-1276E-1107N_5105_3761_13,50176,0.07138871173469388,d5f6d2aac312b6dbeaa7e65edc97cf11d891475d7821937b3b653bfa70811f7b,64990ea6addff6af93b8eace95fbcf586b8f19e678352f7776dc1bc87a88d58f,0.4421139359859283,0.1274860730756867,0.039274390204809606,0.09148926682456598,-0.9214512174916474,0.057250509334121534
sample_4735,L15-0358E-1220N_1433_3310_13,50176,0.10088488520408163,993f918f7122021abbee972c619e11e7c397daf72c1233461c92b28e5f94d550,64990ea6addff6af93b8eace95fbcf586b8f19e678352f7776dc1bc87a88d58f,0.4455094378759365,0.16824241119087782,0.04641769026829006,0.10739433191066688,-0.9071646171596185,0.06672141627285609
sample_4736,L15-0544E-1228N_2176_3279_13,50176,0.18054448341836735,6020c30bf0f36241c085789653b2099ba16c7fa9f6a8de37497274e7468e135e,64990ea6addff6af93b8eace95fbcf586b8f19e678352f7776dc1bc87a88d58f,2.091630821720124,0.3480601736038833,0.01084610883488643,0.02536583505832859,-0.9783077808123616,0.01546847423028501
sample_4737,L15-0358E-1220N_1433_3310_13,50176,0.10122369260204081,993f918f7122021abbee972c619e11e7c397daf72c1233461c92b28e5f94d550,64990ea6addff6af93b8eace95fbcf586b8f19e678352f7776dc1bc87a88d58f,0.4382588037802437,0.16858494221657286,0.04627638669180855,0.10646259405684355,-0.9074472247315224,0.06619574378779386
sample_4738,L15-1185E-0935N_4742_4450_13,50176,0.07762675382653061,24d255f54c78476864229d2f1e2a80795755812217e8d91cc590d02ad62fb136,64990ea6addff6af93b8eace95fbcf586b8f19e678352f7776dc1bc87a88d58f,0.6040029990717534,0.14649231064903906,0.011434065377605813,0.030241215948147094,-0.9771318676367297,0.017289764890825704
sample_4739,L15-1210E-1025N_4840_4088_13,50176,0.006098533163265306,50c152268d904c5123cb34a4189a823fe0dbc5dfcfc603a346882afb13a092a1,64990ea6addff6af93b8eace95fbcf586b8f19e678352f7776dc1bc87a88d58f,0.04771154799772507,0.011944890796320853,0.0043984309779670164,0.012161352407036698,-0.9912031366781222,0.006871920141194311
sample_4740,L15-1185E-0935N_4742_4450_13,50176,0.1484375,3aeed8b3fd4d1ed6b22531fc5bf4099a7d27e6ca518f0f72639d4cc0fe5aa421,64990ea6addff6af93b8eace95fbcf586b8f19e678352f7776dc1bc87a88d58f,1.0708923371811787,0.2601294576687964,0.03493392921399743,0.07845872683965631,-0.9301321398011397,0.04915860220652303
sample_4741,L15-1210E-1025N_4840_4088_13,50176,0.0055404974489795915,a75ce6c0c49c63948d0919855ff86985379187dd0e7345ffa67c9caaae0ba601,64990ea6addff6af93b8eace95fbcf586b8f19e678352f7776dc1bc87a88d58f,0.04421246373555558,0.0111139368935771,0.0034591805674515815,0.009895747276524923,-0.9930816373982354,0.0054364257078414625
sample_4742,L15-1014E-1375N_4056_2688_13,50176,0.15035076530612246,983497b843d64f32a0e51424fda3fd096e8033141941e9d0146d8a199163cf53,64990ea6addff6af93b8eace95fbcf586b8f19e678352f7776dc1bc87a88d58f,0.7817479386412907,0.2584593405925508,0.05137745571460537,0.11938854765659657,-0.8972450872528541,0.07403510760864163
sample_4743,L15-1185E-0935N_4742_4450_13,50176,0.062181122448979595,4dc016c4cadd6c806e8d1b197c679928153c81f0337913cc71b7792d5e421380,64990ea6addff6af93b8eace95fbcf586b8f19e678352f7776dc1bc87a88d58f,0.5120522476134916,0.11591276522988439,0.009861341264212922,0.02481394268148174,-0.9802773160823365,0.01455127584299823
sample_4744,L15-1185E-0935N_4742_4450_13,50176,0.08125398596938775,717a6658ccb11401924668955bea6c295909646e7b56e1c077b6904abc2a5ba6,64990ea6addff6af93b8eace95fbcf586b8f19e678352f7776dc1bc87a88d58f,0.6581416717968022,0.14712200109704907,0.021186301251873374,0.04856064837982516,-0.9576273956802888,0.030071783446070643
sample_4745,L15-0544E-1228N_2176_3279_13,50176,0.1826171875,0e2f03d2bd511920b041e2ab2b204f349539d5fadeea9526b5ff112fd3ea1c24,64990ea6addff6af93b8eace95fbcf586b8f19e678352f7776dc1bc87a88d58f,2.0555573144632278,0.34841593337131377,0.014228244642346946,0.03357957116303407,-0.9715435091320966,0.02048247858184415
sample_4746,L15-0358E-1220N_1433_3310_13,50176,0.012137276785714286,9f00bb904973999b438b360d2c5d50e40d655ea1be907f193da78cd8b39fa9da,64990ea6addff6af93b8eace95fbcf586b8f19e678352f7776dc1bc87a88d58f,0.1127434540451736,0.02391474353529799,0.004452659611884809,0.012182666806836563,-0.991094679287237,0.006902645133786244
sample_4747,L15-1210E-1025N_4840_4088_13,50176,0.08151307397959184,40d79589901c445ff24078f9e066922cc257cb8e36b116bd450dfde4f190984d,64990ea6addff6af93b8eace95fbcf586b8f19e678352f7776dc1bc87a88d58f,0.7229218990761639,0.15626546842377037,0.009117570308949418,0.024261471438436905,-0.9817648579810567,0.013777942422214447
sample_4748,L15-1210E-1025N_4840_4088_13,50176,0.07916135204081633,e18b77f33a6a4f8503bbe85c79e04ed17089774195a0fcbec175495a8e6a5d4d,64990ea6addff6af93b8eace95fbcf586b8f19e678352f7776dc1bc87a88d58f,0.735568573448242,0.15285867354777627,0.007011462813148237,0.01871489624725594,-0.9859770734807626,0.010564596965683267
sample_4749,L15-1389E-1284N_5557_3054_13,50176,0.027323820153061226,ba32a5811709eaf4bf3715d0b9bc59ea09d3155170491969b56679cb499db57e,64990ea6addff6af93b8eace95fbcf586b8f19e678352f7776dc1bc87a88d58f,0.10523063997408326,0.046635425023091495,0.013936584019482287,0.034561315384531374,-0.9721268302319972,0.020937402664971818
sample_4750,L15-0544E-1228N_2176_3279_13,50176,0.18949298469387754,8c24825926c9bcc2597eea9c63e5d315dd6bec9d3d27ae4f5a0398c9dc6250f1,64990ea6addff6af93b8eace95fbcf586b8f19e678352f7776dc1bc87a88d58f,2.0996319717226903,0.35936701351263917,0.015797198118109788,0.03579310232787519,-0.9684056017317308,0.022267862983189952
sample_4751,L15-1210E-1025N_4840_4088_13,50176,0.005978954081632653,538ef49b0b6bbc343d3dba62640c3f92356c8fd6da57ff8b94a54f397b510a08,64990ea6addff6af93b8eace95fbcf586b8f19e678352f7776dc1bc87a88d58f,0.04875007815432403,0.011507931470633361,0.0015308293834689778,0.004946547515769631,-0.9969383397779481,0.0025097402495976107
sample_4752,L15-1389E-1284N_5557_3054_13,50176,0.021045918367346938,1dc47682000360489a50c084a31fe3435d718b4f16a48aae90bf66838ae9fa93,64990ea6addff6af93b8eace95fbcf586b8f19e678352f7776dc1bc87a88d58f,0.11647845328082022,0.039043505408761184,0.005865207543045434,0.016178651358721007,-0.9882695838026946,0.009223651277573222
sample_4753,L15-1389E-1284N_5557_3054_13,50176,0.08336654974489796,ef925e41841161a58022545ac617926b1dbf4644372aaaeba65f196f738a4a78,64990ea6addff6af93b8eace95fbcf586b8f19e678352f7776dc1bc87a88d58f,0.39724244915233936,0.14473215264182862,0.034394173667889695,0.08286535421899623,-0.9312116505075441,0.050453309143350736
sample_4754,L15-1848E-0793N_7394_5018_13,50176,0.0038863201530612247,41120604b05acee5707f515a230e3fc2b12189a36d8d2d512a69a4e857d0c01e,64990ea6addff6af93b8eace95fbcf586b8f19e678352f7776dc1bc87a88d58f,0.03036771505434376,0.007455686048420584,0.001052353792462726,0.0027654122490700945,-0.9978952916273134,0.0015697460752764753
sample_4755,L15-0368E-1245N_1474_3210_13,50176,0.15945870535714285,0200596d4cb79e27b56824d33fbc23adaddf8a7fdc75841f8ea16b64367a0e00,64990ea6addff6af93b8eace95fbcf586b8f19e678352f7776dc1bc87a88d58f,1.2891665091568292,0.29382755067362726,0.022985653107159068,0.05419080361296897,-0.9540286914105267,0.033058052004971666
sample_4756,L15-1276E-1107N_5105_3761_13,50176,0.010682397959183673,f3e70949d215ce724c27133ab161c82dd231c45e0292bd1e75f6e92a52e5823f,64990ea6addff6af93b8eace95fbcf586b8f19e678352f7776dc1bc87a88d58f,0.1330612132058015,0.02116205189021552,0.00019197971369995146,0.0005291434143422513,-0.9996160404496892,0.0002751614855461162
sample_4757,L15-1748E-1247N_6993_3202_13,50176,0.007892219387755101,29e660724af1a70a40cec02b69a76726c32fe2fd68516a95466311a8cab42a3f,64990ea6addff6af93b8eace95fbcf586b8f19e678352f7776dc1bc87a88d58f,0.06861594692012374,0.015258417633907615,0.0016141660839357243,0.004783183015401892,-0.9967716665683138,0.002548691516471694
sample_4758,L15-1185E-0935N_4742_4450_13,50176,0.07232541454081633,ae3bb86326b32f1bbaeba09a55e8e34a4d6b171d8053fe60d7a89ac9c8cb7319,64990ea6addff6af93b8eace95fbcf586b8f19e678352f7776dc1bc87a88d58f,0.5308119348496636,0.13639349100710743,0.011663154774934662,0.031472689129156114,-0.9766736888087298,0.017859988767971145
sample_4759,L15-1210E-1025N_4840_4088_13,50176,0.023995535714285716,1bf0da714ce7bda24bfed44cd7e5bbd69eb197566e93c24b8641892bef20229d,64990ea6addff6af93b8eace95fbcf586b8f19e678352f7776dc1bc87a88d58f,0.17978150693044367,0.04381389936786881,0.004007135203098688,0.010443849414310629,-0.9919857287410646,0.00593685621251424
sample_4760,L15-1138E-1216N_4553_3325_13,50176,0.13358976403061223,0b7af1fc7760c5c643a43b9ebd4d3b3b696d471607ab22ae388e5785b4dfe599,64990ea6addff6af93b8eace95fbcf586b8f19e678352f7776dc1bc87a88d58f,0.6715690069744146,0.22851788055484237,0.051931888084830145,0.12184221413542946,-0.8961362235652468,0.07476638717779074
sample_4761,L15-0544E-1228N_2176_3279_13,50176,0.19031010841836735,47c408863bbbf9cda7282da39a54f318b14698cd8840050bdfc70bb14bdfb6c1,64990ea6addff6af93b8eace95fbcf586b8f19e678352f7776dc1bc87a88d58f,2.1580461201889984,0.3636200120616563,0.013332008980499695,0.03072671249958419,-0.9733359799684804,0.018924694215023137
sample_4762,L15-1185E-0935N_4742_4450_13,50176,0.14385363520408162,03a389566fabe682145e8e59e623bc0060a06c0a6da45e7655b38660a88427ec,64990ea6addff6af93b8eace95fbcf586b8f19e678352f7776dc1bc87a88d58f,0.9604545739725585,0.24528938690233362,0.03855874555361248,0.0859859693685144,-0.922882507280624,0.05413677227125653
sample_4763,L15-1276E-1107N_5105_3761_13,50176,0.016003667091836735,c19169d016a87c9f65d2be95ee89cc03bad1c02001756ef9727c68b94fb9d67f,64990ea6addff6af93b8eace95fbcf586b8f19e678352f7776dc1bc87a88d58f,0.15527633081404854,0.031545448773321966,0.0012589085892279993,0.003771744708787702,-0.9974821823549082,0.002002783434158375
sample_4764,L15-1748E-1247N_6993_3202_13,50176,0.008191167091836735,17864e066f30710b90b5b19234162834acffbb19531caab55e1ec16872ed5272,64990ea6addff6af93b8eace95fbcf586b8f19e678352f7776dc1bc87a88d58f,0.052090804918059855,0.015216544759510937,0.0027262558721062938,0.0072301981158924234,-0.9945474869731803,0.0041146033826247215
sample_4765,L15-0368E-1245N_1474_3210_13,50176,0.26552535076530615,5d6d991d9219c8eef1c7349116d1c6b6452d284aa18a4a46c98fe0e20a87d8f3,64990ea6addff6af93b8eace95fbcf586b8f19e678352f7776dc1bc87a88d58f,1.8747379472410084,0.470898910270316,0.05394545500285505,0.12615378613765513,-0.8921090898562425,0.07745555099898319
sample_4766,L15-1276E-1107N_5105_3761_13,50176,0.015206473214285714,e2e54cbce6ffed9b76d368d19a79c984d2188f104fe47fd759473176aacc73ff,64990ea6addff6af93b8eace95fbcf586b8f19e678352f7776dc1bc87a88d58f,0.16072395318568364,0.030177817754383128,0.0008276226664228099,0.002494076193057635,-0.9983447534663596,0.001316250544860299
sample_4767,L15-1276E-1107N_5105_3761_13,50176,0.07653061224489796,f40cd8180f91eeb6cb95d86f92d477da564d6defd0a018bbe4a96875a2836dbe,64990ea6addff6af93b8eace95fbcf586b8f19e678352f7776dc1bc87a88d58f,0.42085080085617893,0.13272803432258962,0.052390715559916,0.11630873189506687,-0.8952185668949973,0.0741849218456419
sample_4768,L15-1185E-0935N_4742_4450_13,50176,0.06385522959183673,34a2e823e5ca71063ed8cd3cc22e3b4a250d7a31c9f9c1aa78648220fcb4ed3d,64990ea6addff6af93b8eace95fbcf586b8f19e678352f7776dc1bc87a88d58f,0.5007882011015193,0.11778599797552723,0.012822068410412389,0.03205775408299596,-0.974355861148092,0.01900475341366076
sample_4769,L15-1389E-1284N_5557_3054_13,50176,0.001753826530612245,df2a9f03cbf805212a61e7510669ab398999bbc55db49a438a2dc9ae6474b258,64990ea6addff6af93b8eace95fbcf586b8f19e678352f7776dc1bc87a88d58f,0.01591861857242426,0.0032409626399765405,0.0002458920626311886,0.0006632071691049282,-0.9995082150480205,0.00034793462483814904
sample_4770,L15-1389E-1284N_5557_3054_13,50176,0.0,daede069d703460dc1275e43c772caa2a215db963efcbfa2dc4eef610aab241d,64990ea6addff6af93b8eace95fbcf586b8f19e678352f7776dc1bc87a88d58f,8.74389305633384e-06,1.2000399063473223e-08,8.740886447152921e-06,8.866226506507026e-05,-0.9999825176518988,1.7469772495242502e-05
sample_4771,L15-0368E-1245N_1474_3210_13,50176,0.22269610969387754,f54e30b4fac7bf945d3ac2e08745dc0230c3583c774d776a7007583093baeadf,64990ea6addff6af93b8eace95fbcf586b8f19e678352f7776dc1bc87a88d58f,1.1402676094951116,0.37052107871792656,0.07753410804256493,0.17743459633603917,-0.8449317837739172,0.11035918013398102
sample_4772,L15-1210E-1025N_4840_4088_13,50176,0.005500637755102041,9cb645f4e8c6c58694d74d83fbe9cb2aa501617c222be9cc884ff37a4155a6a4,64990ea6addff6af93b8eace95fbcf586b8f19e678352f7776dc1bc87a88d58f,0.044407426351050557,0.010630526538314538,0.001622602582329466,0.005192282908440109,-0.9967547937686273,0.002646603607671076
sample_4773,L15-0358E-1220N_1433_3310_13,50176,0.0235172193877551,261aaf36b86ccadde708cc1b1b546a1b5ed8dadde80a76b056bb9b8c47f3296f,64990ea6addff6af93b8eace95fbcf586b8f19e678352f7776dc1bc87a88d58f,0.12916579873139175,0.044665580977601385,0.01435828965860514,0.03716411260234888,-0.9712834186402252,0.022016876587155353
sample_4774,L15-1276E-1107N_5105_3761_13,50176,0.07663026147959184,5c035ab5bce48123a6de4ed8775b3d8346129353a1c20211a992e76d79b268ee,64990ea6addff6af93b8eace95fbcf586b8f19e678352f7776dc1bc87a88d58f,0.40105627995989007,0.13270696135587545,0.04988441845207304,0.1121587417423715,-0.9002311608398719,0.07112345251207296
sample_4775,L15-1389E-1284N_5557_3054_13,50176,0.02857940051020408,55ace14d641df6d19712977860c1aeb0fe3ea6a7c26a5fe4b4b6206af1e22d5f,64990ea6addff6af93b8eace95fbcf586b8f19e678352f7776dc1bc87a88d58f,0.10878820050825767,0.04818477617977411,0.015197069388909303,0.03672927382054488,-0.96960585848986,0.022551289890006074
sample_4776,L15-1014E-1375N_4056_2688_13,50176,0.20585538903061223,1a10179c5729a4e227de13c8d12e0f8c8e37481143700319d7de1b1fa31be60b,64990ea6addff6af93b8eace95fbcf586b8f19e678352f7776dc1bc87a88d58f,1.277866165316599,0.35837820698715506,0.05186118834713778,0.12064139685011178,-0.8962776229370724,0.07445151502840114
sample_4777,L15-1276E-1107N_5105_3761_13,50176,0.019491390306122448,baec265b393217c181c24fe8ac61a69433a35604269985542e8739c5a15bceb9,64990ea6addff6af93b8eace95fbcf586b8f19e678352f7776dc1bc87a88d58f,0.16817192880457865,0.03816216611911327,0.0023291845383046537,0.007323569706314992,-0.9953416289682389,0.003818177129322372
sample_4778,L15-0544E-1228N_2176_3279_13,50176,0.1792889030612245,d12e760ba91b1f5cf395a6f45960173fae600d250097f180e6689933d65e422f,64990ea6addff6af93b8eace95fbcf586b8f19e678352f7776dc1bc87a88d58f,1.9758194211702667,0.3401202700765903,0.0157110263564985,0.03563824902592895,-0.9685779453378744,0.022064198649030104
sample_4779,L15-1185E-0935N_4742_4450_13,50176,0.06421396683673469,76e80d271ff0529345b7691dc76560320a1095abb1fb53ac751a0a717b29c75d,64990ea6addff6af93b8eace95fbcf586b8f19e678352f7776dc1bc87a88d58f,0.6005230814152858,0.12302766347957049,0.0066700938148233965,0.018184728882329495,-0.9866598107555712,0.01025918052843348
sample_4780,L15-1210E-1025N_4840_4088_13,50176,0.08223054846938775,9072b70d86991664b04effe7103d682e59d4151e112373c94dafe6000fa64b45,64990ea6addff6af93b8eace95fbcf586b8f19e678352f7776dc1bc87a88d58f,0.679587588504701,0.15338201784198385,0.013641498418648404,0.034343929005237764,-0.972717001901888,0.02019889421443558
sample_4781,L15-0566E-1185N_2265_3451_13,50176,0.0024314413265306123,e4172248a15468bc39191bb30fadc2a53c724c453122b09a9b63a3b4ae8ddd4b,64990ea6addff6af93b8eace95fbcf586b8f19e678352f7776dc1bc87a88d58f,0.021390144518433,0.004661279005255828,0.0005301589809111034,0.0015543175041115565,-0.9989396808703477,0.000812640974034585
sample_4782,L15-1014E-1375N_4056_2688_13,50176,0.07828443877551021,948daee06773480dc8db178a55af017aa4bcd7d88ae17859b59e4bff47a504c1,64990ea6addff6af93b8eace95fbcf586b8f19e678352f7776dc1bc87a88d58f,0.4578801691720964,0.13801602419435594,0.024921098370009994,0.05951416603227276,-0.9501578012980691,0.03616652351144844
sample_4783,L15-1185E-0935N_4742_4450_13,50176,0.17725605867346939,452d517acc8d947532aa07696abe0fd70075ee409990a8310514ffbb00b5c981,64990ea6addff6af93b8eace95fbcf586b8f19e678352f7776dc1bc87a88d58f,0.7211626209734163,0.28733716636214934,0.10049393130418825,0.22105210003857528,-0.799012137103398,0.14090171278057245
sample_4784,L15-0368E-1245N_1474_3210_13,50176,0.15740593112244897,118b3a67711aaf4ab621d0c63809f2577387c47158fe48e0fd64feba7ec2a7df,64990ea6addff6af93b8eace95fbcf586b8f19e678352f7776dc1bc87a88d58f,1.3239395611827196,0.29393554644083997,0.018098816420521815,0.04372366248677326,-0.963802364485879,0.026329003792349003
sample_4785,L15-1210E-1025N_4840_4088_13,50176,0.024433992346938774,f6eaf45c9f48728e709ca0064ac92c8342fb494eae3fb2a195e267bd1bb0bd41,64990ea6addff6af93b8eace95fbcf586b8f19e678352f7776dc1bc87a88d58f,0.15198413725745238,0.04215925881300822,0.007693796647874144,0.018290968188890054,-0.9846124051784801,0.010960042465895435
sample_4786,L15-0544E-1228N_2176_3279_13,50176,0.15056999362244897,f8d436f9e160279f9938e1006d741f163a29dd6ef425fbd8b08047aac5fee065,64990ea6addff6af93b8eace95fbcf586b8f19e678352f7776dc1bc87a88d58f,1.566619753174815,0.2828207497428257,0.017717515161184937,0.04073932290876294,-0.9645649682198104,0.025078427449024467
sample_4787,L15-1276E-1107N_5105_3761_13,50176,0.07220583545918367,c6d06f6af9704d3d59eef1f2752e84fd9721137a52aa8056bbac0a2ea9861d43,64990ea6addff6af93b8eace95fbcf586b8f19e678352f7776dc1bc87a88d58f,0.437682756305479,0.12906493512535708,0.032167099423383416,0.07676747418813111,-0.9356657996419566,0.04712167983611488
sample_4788,L15-0368E-1245N_1474_3210_13,50176,0.26662149234693877,ec13645ec3f13e16a5b8375a2434c4d31ec217adffbde612bde0de81d75cd94b,64990ea6addff6af93b8eace95fbcf586b8f19e678352f7776dc1bc87a88d58f,1.8485918373847927,0.46878644152193305,0.05929886000658557,0.13720412729947976,-0.8814022796522518,0.08476417177861835
sample_4789,L15-1014E-1375N_4056_2688_13,50176,0.0760921556122449,05b2e11d7966a26e3220137f3c95a2d08ed0251d51baa5c760c860565c161039,64990ea6addff6af93b8eace95fbcf586b8f19e678352f7776dc1bc87a88d58f,0.5071262324518994,0.1367993490676789,0.018551658941147735,0.045187517511791855,-0.9628966800270012,0.027131581710809153
sample_4790,L15-1210E-1025N_4840_4088_13,50176,0.06449298469387756,feb33baecf316eab326686d213b592800177e2bb12bcb46f064d72eac57327c1,64990ea6addff6af93b8eace95fbcf586b8f19e678352f7776dc1bc87a88d58f,0.4552225132214827,0.11516826224786689,0.011299291715900205,0.027394454749996293,-0.9774014145575699,0.0164869663485929
sample_4791,L15-0566E-1185N_2265_3451_13,50176,0.0013950892857142857,1706b9164e7060a4a2cd1520b965b41282ef99addb275a90aaabf6475522d5d2,64990ea6addff6af93b8eace95fbcf586b8f19e678352f7776dc1bc87a88d58f,0.004729193141066567,0.002154167259439222,0.0005484992443412847,0.0014129769033521717,-0.9989030008339743,0.0008123586036331317
sample_4792,L15-1210E-1025N_4840_4088_13,50176,0.024374202806122448,19ccd8c1f2fdcc8d3fa78317ddae1c95429e93a6353b1dfaaf041850dc679801,64990ea6addff6af93b8eace95fbcf586b8f19e678352f7776dc1bc87a88d58f,0.16880806889235525,0.04287508374023259,0.0051365899342606415,0.012739253321482152,-0.9897268190388768,0.007459365097702057
sample_4793,L15-1210E-1025N_4840_4088_13,50176,0.00607860331632653,9e68a238cae104086c438099c344ad96b812cf9998643529d87623b5f76d6e3d,64990ea6addff6af93b8eace95fbcf586b8f19e678352f7776dc1bc87a88d58f,0.04967913448439282,0.011738914904169638,0.0020929401436326454,0.0062702592728385515,-0.9958141184269343,0.0033233082037604205
sample_4794,L15-0544E-1228N_2176_3279_13,50176,0.11937978316326531,8d5deb747e4e69660d57c7398e9e69c9535617631ff362bc63d6cbdfdab3ee17,64990ea6addff6af93b8eace95fbcf586b8f19e678352f7776dc1bc87a88d58f,1.4266387482630487,0.2361621388557515,0.0037547755209558016,0.010075682152126156,-0.9924904477873733,0.005643041299454456
sample_4795,L15-0544E-1228N_2176_3279_13,50176,0.18995137117346939,723f614deaafbf767a3e61c97d56eecfb02191cf39f2b49bae77cc3c3e2b23b4,64990ea6addff6af93b8eace95fbcf586b8f19e678352f7776dc1bc87a88d58f,2.1469015420068027,0.3635344073091496,0.013199253112305792,0.03013075604571339,-0.9736014920078429,0.018648537324390663
sample_4796,L15-1389E-1284N_5557_3054_13,50176,0.0907405931122449,ec5e91c6d27a0b736d91c511ae8f281c94342a10b9b4efd87ce8314cad30d979,64990ea6addff6af93b8eace95fbcf586b8f19e678352f7776dc1bc87a88d58f,0.3434874601160437,0.1487175351963787,0.04829326243025764,0.11207903721448773,-0.9034134730811205,0.06959504524983763
sample_4797,L15-1185E-0935N_4742_4450_13,50176,0.13464604591836735,b4a4c0e6a91891aeff8a3047f1bfea7996b75f9cc3853b91cffbbf102170ebad,64990ea6addff6af93b8eace95fbcf586b8f19e678352f7776dc1bc87a88d58f,1.0277987219341294,0.23907067084536365,0.0305096967126794,0.06883619604015404,-0.9389806050829695,0.043081382294848265
sample_4798,L15-1138E-1216N_4553_3325_13,50176,0.16731106505102042,5baffea9b6b16b76393aab364e4a4059cc84b8b935fbd5979dbe055144940bdd,64990ea6addff6af93b8eace95fbcf586b8f19e678352f7776dc1bc87a88d58f,1.3082446178223888,0.30681084387355606,0.03449421154325638,0.08466279218081696,-0.9310115763338613,0.05074173143894179
sample_4799,L15-0368E-1245N_1474_3210_13,50176,0.15959821428571427,ab3632cbd6e8454cdb93d07eaa1211433940baaea08754156bee6a26b92ee15a,64990ea6addff6af93b8eace95fbcf586b8f19e678352f7776dc1bc87a88d58f,1.1863666105716326,0.28800812105589396,0.02585226681667893,0.06072577508663551,-0.9482954637842443,0.03720445083501141
sample_4800,L15-0368E-1245N_1474_3210_13,50176,0.22464923469387754,09a26ff9a24b9bfa35281f5ab86bd161d503bc3879238319c4be19dc1952a12c,64990ea6addff6af93b8eace95fbcf586b8f19e678352f7776dc1bc87a88d58f,1.4322964319565001,0.3948246109726383,0.053976412962323854,0.12491656186705191,-0.8920471737103136,0.07721816590288796
sample_4801,L15-1138E-1216N_4553_3325_13,50176,0.04665577168367347,8823d0a009770914158cfbd230a564e3c15662901f51073c2e9794172f801fa1,64990ea6addff6af93b8eace95fbcf586b8f19e678352f7776dc1bc87a88d58f,0.5562196671452354,0.09046489971136261,0.00457938862560621,0.011868675781824111,-0.9908412209805615,0.006828039843775107
sample_4802,L15-1748E-1247N_6993_3202_13,50176,0.01012436224489796,8511f6df4fcc944547659a882781ada429b6bbfa092d4f266bca901adb6d2dc6,64990ea6addff6af93b8eace95fbcf586b8f19e678352f7776dc1bc87a88d58f,0.07398092862482565,0.018866185754480735,0.0023494306797332758,0.006158450465562896,-0.995301137383762,0.003518605680872853
sample_4803,L15-1210E-1025N_4840_4088_13,50176,0.021763392857142856,f7d277bc847026929a4758c54ff1c8b302d61be58157eac361bc401b6c606079,64990ea6addff6af93b8eace95fbcf586b8f19e678352f7776dc1bc87a88d58f,0.16405724196616178,0.039058244992682595,0.003305451167576319,0.007663058302157171,-0.9933890963883845,0.004602988760455272
sample_4804,L15-1848E-0793N_7394_5018_13,50176,0.025769292091836735,f83c23740d92b8551909b7239199cfdff3469ffed6cceac7b3d81a00805018f6,64990ea6addff6af93b8eace95fbcf586b8f19e678352f7776dc1bc87a88d58f,0.12336570512188529,0.04276699305840579,0.008759093665688927,0.01949763818503202,-0.9824818109377053,0.01217386997412347
sample_4805,L15-1138E-1216N_4553_3325_13,50176,0.06590800382653061,05fdae31d5f57b4f0dbdd69fbffb6b054a2b69fb5b7d90a682a77958a2037f25,64990ea6addff6af93b8eace95fbcf586b8f19e678352f7776dc1bc87a88d58f,0.62182802146162,0.12410927161173825,0.00841207744206815,0.02112360414674548,-0.983175843042003,0.012368903987989023
sample_4806,L15-1848E-0793N_7394_5018_13,50176,0.00025908801020408165,daede069d703460dc1275e43c772caa2a215db963efcbfa2dc4eef610aab241d,64990ea6addff6af93b8eace95fbcf586b8f19e678352f7776dc1bc87a88d58f,0.0005996517874010448,0.0003228409550185611,0.0003625230402780735,0.00115138272574013,-0.9992749528483255,0.0005697374853410431
sample_4807,L15-1185E-0935N_4742_4450_13,50176,0.14030612244897958,a7824500bfd9a8ff2870c0a2e81f06b26a6d2456c4d80dc6262c1f6ed7ccf0b9,64990ea6addff6af93b8eace95fbcf586b8f19e678352f7776dc1bc87a88d58f,1.1339967470781263,0.25548163106964444,0.026397290081260915,0.06290758782870086,-0.9472054182343367,0.038391518472999674
sample_4808,L15-0368E-1245N_1474_3210_13,50176,0.15684789540816327,1a709d7f7e0a269f0d461b7bd1e18cdf02236f39df3b7492eee0af8d61565db9,64990ea6addff6af93b8eace95fbcf586b8f19e678352f7776dc1bc87a88d58f,1.3360833212986039,0.2928545218642569,0.018372328812969203,0.04410217840112096,-0.9632553399748077,0.026619952088305324
sample_4809,L15-1014E-1375N_4056_2688_13,50176,0.18510841836734693,2685f01922a1250438bf254a8e277ab24c983cc85e9e98a920dedae82984bdc1,64990ea6addff6af93b8eace95fbcf586b8f19e678352f7776dc1bc87a88d58f,1.6291038995938227,0.3498455678651237,0.023616306154694105,0.05846976848679171,-0.9527673871409069,0.03480738408208514
sample_4810,L15-1185E-0935N_4742_4450_13,50176,0.14325573979591838,393a06d1128867741bab508aadc71d39cecca120f67d9f143293fe422f8ba005,64990ea6addff6af93b8eace95fbcf586b8f19e678352f7776dc1bc87a88d58f,1.085725722189221,0.25573335751513426,0.029699231458742325,0.0680726801910541,-0.9406015355777403,0.04210545905002826
sample_4811,L15-0358E-1220N_1433_3310_13,50176,0.07358099489795919,9402d6e659534fe942f652fcb540872625dd7f4c25357b4c4789775756b91800,64990ea6addff6af93b8eace95fbcf586b8f19e678352f7776dc1bc87a88d58f,0.3276027836614292,0.11945317384294628,0.029119927227040942,0.06444864979140016,-0.9417601436895366,0.04072063522437376
sample_4812,L15-1389E-1284N_5557_3054_13,50176,0.0,daede069d703460dc1275e43c772caa2a215db963efcbfa2dc4eef610aab241d,64990ea6addff6af93b8eace95fbcf586b8f19e678352f7776dc1bc87a88d58f,1.0232938180905864e-05,5.370296064896326e-08,1.021938360467249e-05,9.594917893315033e-05,-0.9999795607212019,2.038506424869605e-05
sample_4813,L15-1210E-1025N_4840_4088_13,50176,0.08013791454081633,e893c6d198c9dd053108ff6b64b0b09846f9e3b265b79fb9c9199e64f33704db,64990ea6addff6af93b8eace95fbcf586b8f19e678352f7776dc1bc87a88d58f,0.654589635737518,0.15029372269728394,0.012629971140995622,0.03249062751000199,-0.9747400565254656,0.01885981024405777
sample_4814,L15-1185E-0935N_4742_4450_13,50176,0.06409438775510204,e7060421dff88d9d9093644fca4da24edcac865d32ff459911c3c31db3c9b380,64990ea6addff6af93b8eace95fbcf586b8f19e678352f7776dc1bc87a88d58f,0.5739766589123472,0.12165555269831654,0.007845712977708603,0.020866368948861944,-0.9843085724514457,0.011939546124874613
sample_4815,L15-1014E-1375N_4056_2688_13,50176,0.08047672193877552,7489b779dc839f08904ea4b663401e3493460013cefdc6b9ce10a625911138b2,64990ea6addff6af93b8eace95fbcf586b8f19e678352f7776dc1bc87a88d58f,0.5199243546056409,0.1404225068455787,0.01912529194580239,0.043938657466764994,-0.9617494131996589,0.027167797786613365
sample_4816,L15-1748E-1247N_6993_3202_13,50176,0.006576849489795918,74e138107eed729fdb31d5e5f183be2b4723588f5e81ca59bb797ba578bad739,64990ea6addff6af93b8eace95fbcf586b8f19e678352f7776dc1bc87a88d58f,0.047725411391480066,0.012470369495147317,0.0029652154035105997,0.00871447990467027,-0.9940695679139674,0.004717888113435323
sample_4817,L15-1748E-1247N_6993_3202_13,50176,0.007374043367346939,70d5fe22e06153a8687404b06bec41fe10d05a0699bcd7d52603a50772f46ae9,64990ea6addff6af93b8eace95fbcf586b8f19e678352f7776dc1bc87a88d58f,0.0577145525764976,0.013923139740996729,0.0022943164150667737,0.00626985008213891,-0.9954113662601596,0.0034864864448131494
sample_4818,L15-0358E-1220N_1433_3310_13,50176,0.09917091836734694,993f918f7122021abbee972c619e11e7c397daf72c1233461c92b28e5f94d550,64990ea6addff6af93b8eace95fbcf586b8f19e678352f7776dc1bc87a88d58f,0.4771722040581535,0.16791132119594077,0.03807662705634245,0.08899242447792108,-0.9238467439423446,0.054855267386532375
sample_4819,L15-1389E-1284N_5557_3054_13,50176,0.0,daede069d703460dc1275e43c772caa2a215db963efcbfa2dc4eef610aab241d,64990ea6addff6af93b8eace95fbcf586b8f19e678352f7776dc1bc87a88d58f,8.295765625262536e-06,1.0864164751647909e-08,8.293043831553386e-06,8.474491116015441e-05,-0.9999834131115427,1.6575223498355544e-05
sample_4820,L15-1848E-0793N_7394_5018_13,50176,0.02774234693877551,f83c23740d92b8551909b7239199cfdff3469ffed6cceac7b3d81a00805018f6,64990ea6addff6af93b8eace95fbcf586b8f19e678352f7776dc1bc87a88d58f,0.14320931346732843,0.047778465511926604,0.007157237116931652,0.016497820947389212,-0.9856855242119646,0.010138776025296982
sample_4821,L15-1389E-1284N_5557_3054_13,50176,0.0,daede069d703460dc1275e43c772caa2a215db963efcbfa2dc4eef610aab241d,64990ea6addff6af93b8eace95fbcf586b8f19e678352f7776dc1bc87a88d58f,8.217659633293204e-06,1.4825234002273859e-08,8.213941996194878e-06,8.304848738800618e-05,-0.9999835716206799,1.641305875838771e-05
sample_4822,L15-0368E-1245N_1474_3210_13,50176,0.2237125318877551,c7f42283b42b625eaab87377ccc79f884654a59572b85ecbf1820b96b40095aa,64990ea6addff6af93b8eace95fbcf586b8f19e678352f7776dc1bc87a88d58f,1.2750157306873837,0.37904174986512235,0.07090136221472212,0.16226566424473426,-0.8581972756574601,0.10093290324206088
sample_4823,L15-0544E-1228N_2176_3279_13,50176,0.14977279974489796,8285c49c304eb7befd010bc9dc771f77bdbcc34c1994d014db8986b7ca911572,64990ea6addff6af93b8eace95fbcf586b8f19e678352f7776dc1bc87a88d58f,1.4893267687260157,0.2806894083173235,0.018692775960888107,0.0443580608418746,-0.9626144467910321,0.026905883192288826
sample_4824,L15-1389E-1284N_5557_3054_13,50176,0.0,daede069d703460dc1275e43c772caa2a215db963efcbfa2dc4eef610aab241d,64990ea6addff6af93b8eace95fbcf586b8f19e678352f7776dc1bc87a88d58f,8.347734721900126e-06,4.1813698324631415e-08,8.337155735234216e-06,8.292733159781327e-05,-0.9999833254081382,1.6632497772144015e-05
sample_4825,L15-0368E-1245N_1474_3210_13,50176,0.15208466198979592,7c6bc4858bf31f7e7bbdba70a6d340b44cea751611ca18e6e5193136d96471ce,64990ea6addff6af93b8eace95fbcf586b8f19e678352f7776dc1bc87a88d58f,1.1582432012371084,0.2761628170586084,0.024733374283734556,0.05735590864986872,-0.9505332488475324,0.03527343671852523
sample_4826,L15-0368E-1245N_1474_3210_13,50176,0.24485809948979592,09a26ff9a24b9bfa35281f5ab86bd161d503bc3879238319c4be19dc1952a12c,64990ea6addff6af93b8eace95fbcf586b8f19e678352f7776dc1bc87a88d58f,1.380311581813626,0.41209224937526434,0.07249272650354827,0.1605405950268947,-0.8550145469475678,0.10132256474947951
sample_4827,L15-1276E-1107N_5105_3761_13,50176,0.01979033801020408,785a7b78436d373345df8b700f6ae2fb858c748a644fac1472c3b6c712aa91a3,64990ea6addff6af93b8eace95fbcf586b8f19e678352f7776dc1bc87a88d58f,0.20611803161724973,0.03944022945505846,0.0005856105720396248,0.002375314751480223,-0.9988287771599687,0.0010465492752337886
sample_4828,L15-0566E-1185N_2265_3451_13,50176,0.0013552295918367347,68302ee4f5e2d707417736a123105f11a851451f44ed2b81bab099c3041b9155,64990ea6addff6af93b8eace95fbcf586b8f19e678352f7776dc1bc87a88d58f,0.009609396032911189,0.0026386499090990576,0.00010944941979167717,0.00048642996210587286,-0.9997811008186805,0.00019242823509855967
sample_4829,L15-1014E-1375N_4056_2688_13,50176,0.15029097576530612,6069c19b6a6a7a41b0962e4113879af6d706079aae9550b606023a12ee0e4692,64990ea6addff6af93b8eace95fbcf586b8f19e678352f7776dc1bc87a88d58f,0.8213116084235285,0.2600037269790096,0.04757546352659713,0.11003528714310763,-0.9048490719226427,0.06818627033629583
sample_4830,L15-0544E-1228N_2176_3279_13,50176,0.17321029974489796,f3f0d8a4407f4416ac664e42b7b4c534c660221ad60bef6a735be684f185a236,64990ea6addff6af93b8eace95fbcf586b8f19e678352f7776dc1bc87a88d58f,2.0166913956313226,0.3354561409069847,0.010895999311231913,0.02627434863276504,-0.9782079996824191,0.015759573755319608
sample_4831,L15-0358E-1220N_1433_3310_13,50176,0.09779575892857142,f7466f027675949f8d57debcc01689d0558ea9193e4c1f7fa890da96d965ce60,64990ea6addff6af93b8eace95fbcf586b8f19e678352f7776dc1bc87a88d58f,0.4631071809975294,0.16677408939950517,0.04153722441489143,0.0967979707502104,-0.9169255495049766,0.05985507977276435
sample_4832,L15-1185E-0935N_4742_4450_13,50176,0.17281170280612246,ebebcfd41c84002e4bd37a265546531d1948996d71c50c12de68d801f99cbb70,64990ea6addff6af93b8eace95fbcf586b8f19e678352f7776dc1bc87a88d58f,0.7611334591710129,0.2881183891287613,0.09310112629271093,0.2113753734400804,-0.813797747202586,0.13286149002027914
sample_4833,L15-0358E-1220N_1433_3310_13,50176,0.09727758290816327,993f918f7122021abbee972c619e11e7c397daf72c1233461c92b28e5f94d550,64990ea6addff6af93b8eace95fbcf586b8f19e678352f7776dc1bc87a88d58f,0.4713017034322191,0.16382501326287743,0.03954912156902482,0.09144218806819215,-0.9209017548662732,0.056641466846564875
sample_4834,L15-0566E-1185N_2265_3451_13,50176,0.0002192283163265306,daede069d703460dc1275e43c772caa2a215db963efcbfa2dc4eef610aab241d,64990ea6addff6af93b8eace95fbcf586b8f19e678352f7776dc1bc87a88d58f,0.0008873725815402285,0.00038128894156137837,0.0007017908857812231,0.0021062663134418813,-0.9985964179754676,0.0011066852315286433
sample_4835,L15-0358E-1220N_1433_3310_13,50176,0.05006377551020408,4dd72013ba9494f034d785ffe401e3a54865039bccce114a34a0de4b18adfe8f,64990ea6addff6af93b8eace95fbcf586b8f19e678352f7776dc1bc87a88d58f,0.3040236983896257,0.08698240341001111,0.01629590209364435,0.03882232285187512,-0.967408193837806,0.023592419170470183
sample_4836,L15-1276E-1107N_5105_3761_13,50176,0.01128029336734694,f80e8e3e15888691a2052122d863e82eb586ddb4aabeac93e93cb6452478a130,64990ea6addff6af93b8eace95fbcf586b8f19e678352f7776dc1bc87a88d58f,0.1268906865386222,0.022300386225354733,0.0002936308785360687,0.0012194382025586727,-0.9994127371731453,0.0005042624425944494
sample_4837,L15-1748E-1247N_6993_3202_13,50176,0.004723373724489796,cbcfd85246bf7c05a4e34ac32dd9314e26d137b887573ac7018448828dfe661c,64990ea6addff6af93b8eace95fbcf586b8f19e678352f7776dc1bc87a88d58f,0.056257965736703046,0.009515925529131112,0.0007506234830302396,0.0026635851400539944,-0.9984987519084471,0.001268744983273261
sample_4838,L15-0544E-1228N_2176_3279_13,50176,0.14496970663265307,abcd9abee4623f05d21f94efe2395e529100e38fd153fb0ac45c3e7688341116,64990ea6addff6af93b8eace95fbcf586b8f19e678352f7776dc1bc87a88d58f,1.7265019710467677,0.27862778558533086,0.010398335356921034,0.023583290874480328,-0.9792033280065834,0.01454425287689245
sample_4839,L15-0566E-1185N_2265_3451_13,50176,0.0010562818877551021,8b7681aacbebc1e830daa58af45ee7fe5d97ffd9600f8a013a8fbfae643db64e,64990ea6addff6af93b8eace95fbcf586b8f19e678352f7776dc1bc87a88d58f,0.00871107985077965,0.0027452540691284763,0.004267314528542742,0.012732337815575964,-0.991465369244904,0.006935567317576859
sample_4840,L15-1848E-0793N_7394_5018_13,50176,0.0003985969387755102,a3f4aec7b0054265f83404a6d96b49ed44efc2220960fd6c82087a67e2399fd2,64990ea6addff6af93b8eace95fbcf586b8f19e678352f7776dc1bc87a88d58f,0.0019281646568974954,0.0006437488270917307,0.0007881612804414211,0.0026631799349085376,-0.9984236766455039,0.0013115069899160307
sample_4841,L15-1185E-0935N_4742_4450_13,50176,0.1639030612244898,735f7528abfa30d7d719db583697d15d00efac3803a239de9a6a2586f2cdd636,64990ea6addff6af93b8eace95fbcf586b8f19e678352f7776dc1bc87a88d58f,0.8716197127089733,0.2892664973109548,0.061703537929356476,0.1509793274911356,-0.8765929241930804,0.0914526033732711
sample_4842,L15-1748E-1247N_6993_3202_13,50176,0.001175860969387755,6151bfd2392578824ed2981d3e73d02e4cb94ebbedff03525b250b192f386c40,64990ea6addff6af93b8eace95fbcf586b8f19e678352f7776dc1bc87a88d58f,0.0074508306163495455,0.002221086101343352,0.0006486822005209266,0.0022165617149882176,-0.9987026344973998,0.001094519541380188
sample_4843,L15-1210E-1025N_4840_4088_13,50176,0.06150350765306122,9fa40dc40982be14fe19f38fbbefad655871e8e93c514c360b1d4e6f1e9504c6,64990ea6addff6af93b8eace95fbcf586b8f19e678352f7776dc1bc87a88d58f,0.42120125538242037,0.10999008444840042,0.01428301655093436,0.03389866374615664,-0.9714339648603784,0.020699756899776628
sample_4844,L15-1276E-1107N_5105_3761_13,50176,0.009267378826530613,6c93f639417c22ee6b3af080cbf4ddd597a8d1238a2a0bfc699cee6079b7c97e,64990ea6addff6af93b8eace95fbcf586b8f19e678352f7776dc1bc87a88d58f,0.11500306646012164,0.01845910905888639,0.00013273801744858525,0.000559052606214692,-0.9997345227300717,0.00022190773904394502
sample_4845,L15-1138E-1216N_4553_3325_13,50176,0.14652423469387754,86acbefd6fd4037fd93482cc02020943164cc8d23b51d74f252c0d168094a867,64990ea6addff6af93b8eace95fbcf586b8f19e678352f7776dc1bc87a88d58f,0.5875451181518672,0.2392107905739389,0.07280566196826914,0.16676137088467557,-0.8543886758738878,0.10387059669351495
sample_4846,L15-1748E-1247N_6993_3202_13,50176,0.009347098214285714,bf0201006ef2b59fcf5da0235e8b754c0a86fa08cd7c3efd65a7bbf5bc002c8f,64990ea6addff6af93b8eace95fbcf586b8f19e678352f7776dc1bc87a88d58f,0.05192098850195856,0.016081125843786518,0.00378596079915914,0.00950439284071717,-0.9924280769727278,0.005553922154750209
sample_4847,L15-1014E-1375N_4056_2688_13,50176,0.14875637755102042,8f81cdf083f2c90e40d48f82014d1282401e802f6f3e03ee8c5be22c58e3dc9d,64990ea6addff6af93b8eace95fbcf586b8f19e678352f7776dc1bc87a88d58f,0.7710111657724382,0.25835057385630805,0.052696314917126556,0.123208432197351,-0.8946073689632063,0.07616494858908447
sample_4848,L15-1210E-1025N_4840_4088_13,50176,0.062021683673469385,4207c7aae3d050f5517526b2ba2be0419a167a7abfe30dbca1b5aac1aab2343e,64990ea6addff6af93b8eace95fbcf586b8f19e678352f7776dc1bc87a88d58f,0.42755871436829723,0.11120278246332417,0.012357258462413614,0.02998013596802962,-0.9752854809616422,0.01803773538603677
sample_4849,L15-0544E-1228N_2176_3279_13,50176,0.17588089923469388,d85fa2abeccd87dea4b781a1834e92a0e9e9a171e3ea6e1b9ae04e62510341d7,64990ea6addff6af93b8eace95fbcf586b8f19e678352f7776dc1bc87a88d58f,1.9604791843254592,0.33567272954604,0.013152951784479451,0.03024384732485355,-0.9736940947280279,0.018654389879574847
sample_4850,L15-1276E-1107N_5105_3761_13,50176,0.010443239795918368,efcbe63768980c559947f43f03c9addbded5220f206725c282939b6f01e67f5c,64990ea6addff6af93b8eace95fbcf586b8f19e678352f7776dc1bc87a88d58f,0.13792006441977991,0.020885598882337944,1.3179494999349117e-05,0.00012455101111312258,-0.999973640443476,2.632339169455466e-05
sample_4851,L15-1748E-1247N_6993_3202_13,50176,0.0012157206632653062,b15c44d77dcdd305c471ca75001b82cd1f9aa64345316764e3127499ddc6c725,64990ea6addff6af93b8eace95fbcf586b8f19e678352f7776dc1bc87a88d58f,0.00836988970419462,0.002133099694409761,0.00045252345355075536,0.001447729045426746,-0.9990949517651287,0.0007193059363926392
sample_4852,L15-1848E-0793N_7394_5018_13,50176,0.061045121173469385,73ae72b222b06667507b2673c0166cc9e64da8652b6c07bfe9be97c61f4b9466,64990ea6addff6af93b8eace95fbcf586b8f19e678352f7776dc1bc87a88d58f,0.35024997562792826,0.10971731897957704,0.015507413790684802,0.03869717122563871,-0.9689851700013916,0.022970499170182238
sample_4853,L15-1848E-0793N_7394_5018_13,50176,0.03415975765306122,dd5ad34111301a635ef6d83dd6cce11ddde09ee7771b8920749c946793adbe1b,64990ea6addff6af93b8eace95fbcf586b8f19e678352f7776dc1bc87a88d58f,0.13881453452172107,0.05822665249230391,0.021279804912224715,0.05138993143242153,-0.9574403875500463,0.031149880726433776
sample_4854,L15-1848E-0793N_7394_5018_13,50176,0.02174346301020408,daede069d703460dc1275e43c772caa2a215db963efcbfa2dc4eef610aab241d,64990ea6addff6af93b8eace95fbcf586b8f19e678352f7776dc1bc87a88d58f,0.10046802753699713,0.036184286947087696,0.006603879972874206,0.014885175244475874,-0.9867922384349888,0.009229978465598688
sample_4855,L15-1210E-1025N_4840_4088_13,50176,0.08374521683673469,7781227562e3deaf8e19815a12ce39428ad62a2605248309b3fd54293f1a341b,64990ea6addff6af93b8eace95fbcf586b8f19e678352f7776dc1bc87a88d58f,0.6970581975771678,0.15744105235168265,0.012303264762930649,0.031563439396153144,-0.9753934687533986,0.018301203461849967
sample_4856,L15-1389E-1284N_5557_3054_13,50176,0.0015943877551020409,94f0320abd99652f336e8f6660cee5313dc3b055a20f3af7666d5b86c564586d,64990ea6addff6af93b8eace95fbcf586b8f19e678352f7776dc1bc87a88d58f,0.015082905187539786,0.0031834834052177274,0.000423883628432772,0.0012095836176482949,-0.999152231599526,0.0006360640856843797
sample_4857,L15-1014E-1375N_4056_2688_13,50176,0.08145328443877552,85aff6846e41a704451da4f570eb6fa5cdf456ec82452c61fe3a36e89d0081d0,64990ea6addff6af93b8eace95fbcf586b8f19e678352f7776dc1bc87a88d58f,0.5423215126642936,0.14702099487528184,0.018963206882531544,0.047096752419815466,-0.9620735839557572,0.02808280310437486
sample_4858,L15-1185E-0935N_4742_4450_13,50176,0.17809311224489796,454df8ea0781f5e14a3b6315412b0d4a7d2d28cc677cf64fa7d7ea7e551b14b9,64990ea6addff6af93b8eace95fbcf586b8f19e678352f7776dc1bc87a88d58f,0.7428515269019635,0.293151731458047,0.09175793298909783,0.2082345257439194,-0.8164841336969124,0.1307979380386101
sample_4859,L15-1276E-1107N_5105_3761_13,50176,0.06485172193877552,b103428b2d1b5f79d09d8763c85c3a4ef221fdaa4d471b8dbfb3f7968a6291bb,64990ea6addff6af93b8eace95fbcf586b8f19e678352f7776dc1bc87a88d58f,0.4438456733948284,0.11553530882403458,0.03042364103733847,0.07255928104448481,-0.9391527158568632,0.044895335973542436
sample_4860,L15-1389E-1284N_5557_3054_13,50176,0.0017139668367346938,94f0320abd99652f336e8f6660cee5313dc3b055a20f3af7666d5b86c564586d,64990ea6addff6af93b8eace95fbcf586b8f19e678352f7776dc1bc87a88d58f,0.015619794666625176,0.0033664337422395,0.00046745783231240146,0.0012998868193940451,-0.9990650832700336,0.000703189152743502
sample_4861,L15-1138E-1216N_4553_3325_13,50176,0.07401945153061225,8130478d594197ed736613b1e9d79c6b066697462848ac30d63e2c86510b121d,64990ea6addff6af93b8eace95fbcf586b8f19e678352f7776dc1bc87a88d58f,0.6319900495412193,0.13791721994625866,0.01248764005318588,0.03115560796567474,-0.9750247179851588,0.01838377036287037
sample_4862,L15-1185E-0935N_4742_4450_13,50176,0.06818000637755102,a986f63b56a44f116d0964bd5849b17681a939c5bf163e44289326d3046f5eb0,64990ea6addff6af93b8eace95fbcf586b8f19e678352f7776dc1bc87a88d58f,0.5681454823987295,0.12610985986633802,0.010948864866656308,0.026896878867265585,-0.9781022687277536,0.016002228163917
sample_4863,L15-1014E-1375N_4056_2688_13,50176,0.21000079719387754,7073c76ea59b48ea9b1a3c9cbae91abe9fbdce784216516394e9c47cfe25e139,64990ea6addff6af93b8eace95fbcf586b8f19e678352f7776dc1bc87a88d58f,1.1734856115126067,0.35946055651590714,0.06003401959695074,0.13648296656754422,-0.8799319605219964,0.08502990152817659
sample_4864,L15-1210E-1025N_4840_4088_13,50176,0.08306760204081633,e903cef06d602f97caa51f4e3f069d2bc798d3f0cf0b18effa45494dfbacb6b7,64990ea6addff6af93b8eace95fbcf586b8f19e678352f7776dc1bc87a88d58f,0.6814134844237438,0.15534499184431594,0.013646334001072208,0.03420305739589212,-0.972707330776092,0.020091201443304427
sample_4865,L15-1014E-1375N_4056_2688_13,50176,0.14658402423469388,908659b4f6bf6ed855a02e796a123a3caef814173d290d9b5e39bafb34bebb0b,64990ea6addff6af93b8eace95fbcf586b8f19e678352f7776dc1bc87a88d58f,0.9385200252637895,0.26180089068332163,0.03609102150444322,0.08638151926730421,-0.9278179555367178,0.05260786602505627
sample_4866,L15-1748E-1247N_6993_3202_13,50176,0.00972576530612245,ab5c7162f7c5d091b26b3c51024abafbbf51d3256417b7d17326f86537ccff88,64990ea6addff6af93b8eace95fbcf586b8f19e678352f7776dc1bc87a88d58f,0.07793386508117457,0.018474253262290075,0.001690162191338533,0.004568403296292843,-0.9966196747153969,0.002562608483376703
sample_4867,L15-0544E-1228N_2176_3279_13,50176,0.14768016581632654,98f0e3f8f3182ce994ba5313c0a87fd5861e3fc8963db13529df28f1aa84efab,64990ea6addff6af93b8eace95fbcf586b8f19e678352f7776dc1bc87a88d58f,1.6799617453547344,0.2810917406296991,0.013117253014162106,0.03006085618428009,-0.9737654922077694,0.01847311836114455
sample_4868,L15-0544E-1228N_2176_3279_13,50176,0.1813018176020408,b8bd396b35685228f88467a500b937b41d49c12d720fb486f4b260161c72453d,64990ea6addff6af93b8eace95fbcf586b8f19e678352f7776dc1bc87a88d58f,1.9781156432093705,0.3439622855585853,0.01658799053331343,0.03820278751365773,-0.966824017226511,0.02352487868883877
sample_4869,L15-1848E-0793N_7394_5018_13,50176,0.0045041454081632655,536fbe64aa14edb7229a7bbd5fbf546ba5159c7510eec605015c8a4e05a4d834,64990ea6addff6af93b8eace95fbcf586b8f19e678352f7776dc1bc87a88d58f,0.03740224865789074,0.008863928725946256,0.0018055087183507122,0.004948364158362521,-0.9963889820914108,0.0028062662152946284
sample_4870,L15-1848E-0793N_7394_5018_13,50176,0.00029894770408163266,daede069d703460dc1275e43c772caa2a215db963efcbfa2dc4eef610aab241d,64990ea6addff6af93b8eace95fbcf586b8f19e678352f7776dc1bc87a88d58f,0.0006175304767565901,0.0003757401962910118,0.0003204437885053304,0.000876080174039033,-0.9993591119651465,0.00047974440212977695
sample_4871,L15-1748E-1247N_6993_3202_13,50176,0.001096141581632653,8daf05172d2a1e9d9040274604059e0f5864e4bd4a436cfba6947e7340d3e376,64990ea6addff6af93b8eace95fbcf586b8f19e678352f7776dc1bc87a88d58f,0.00565971421865191,0.0019259403950993117,0.0007006141799026911,0.0021352506198844354,-0.9985987702580179,0.0011117123368396395
sample_4872,L15-1276E-1107N_5105_3761_13,50176,0.07509566326530612,c38a29855269b16fe2cf13d42d548e6c709814a53f7498b822b5d0343e62db80,64990ea6addff6af93b8eace95fbcf586b8f19e678352f7776dc1bc87a88d58f,0.45609993197810933,0.13191744832994984,0.03572662425944962,0.08318222672702019,-0.9285467496427218,0.05179336241702786
sample_4873,L15-1389E-1284N_5557_3054_13,50176,0.0865951849489796,2cf1de0ed397a568467dee32640f3bb63dc78aba4e3ce5ca615020e1964e5cea,64990ea6addff6af93b8eace95fbcf586b8f19e678352f7776dc1bc87a88d58f,0.3433241730517018,0.14361333763934622,0.043737764223193636,0.1012308256802738,-0.9125244697677312,0.06277106078389008
sample_4874,L15-1748E-1247N_6993_3202_13,50176,0.028659119897959183,d802168cb3ece9a5c46fc1cafb9b27a9cfeae6ce59cb9f30a5fe23c81cba116e,64990ea6addff6af93b8eace95fbcf586b8f19e678352f7776dc1bc87a88d58f,0.1558804888691544,0.04996011650367854,0.009559197604361618,0.02360023814440876,-0.9808816033079524,0.014015382814307788
sample_4875,L15-0368E-1245N_1474_3210_13,50176,0.2359295280612245,09a26ff9a24b9bfa35281f5ab86bd161d503bc3879238319c4be19dc1952a12c,64990ea6addff6af93b8eace95fbcf586b8f19e678352f7776dc1bc87a88d58f,1.3875614455949412,0.4047107837080508,0.06382940553974513,0.14477909526920402,-0.8723411889060437,0.09050020575695968
sample_4876,L15-1210E-1025N_4840_4088_13,50176,0.054209183673469385,75da8fa0cccfe71e072ced9b4d22339af2c69f47cb7cba0912320e38a46eacca,64990ea6addff6af93b8eace95fbcf586b8f19e678352f7776dc1bc87a88d58f,0.4265571068770693,0.10363284765187242,0.008935133071274174,0.025244495026076407,-0.9821297327200171,0.013934607277328849
sample_4877,L15-1138E-1216N_4553_3325_13,50176,0.06692442602040816,1317bf7abd1f4ea3fdf2d2ef31c92533ab70012b21fd36056783598d251cfec6,64990ea6addff6af93b8eace95fbcf586b8f19e678352f7776dc1bc87a88d58f,0.5566615937150299,0.12271988220903889,0.013239987088813998,0.031840225775090054,-0.9735200238081172,0.01911698788447886
sample_4878,L15-0358E-1220N_1433_3310_13,50176,0.056959502551020405,32cde13a9cc0b45944f8f0a14a39a681f5f0ca2a7db91208ae3d61e25a7823ce,64990ea6addff6af93b8eace95fbcf586b8f19e678352f7776dc1bc87a88d58f,0.3200024680629484,0.09665647789600247,0.022484205723787676,0.05143236117237774,-0.9550315865057789,0.0319808673083794
sample_4879,L15-0566E-1185N_2265_3451_13,50176,0.0,daede069d703460dc1275e43c772caa2a215db963efcbfa2dc4eef610aab241d,64990ea6addff6af93b8eace95fbcf586b8f19e678352f7776dc1bc87a88d58f,6.61611171053506e-06,9.68364733138183e-09,6.613683915335913e-06,7.011466093261228e-05,-0.9999867720338915,1.3217684183341078e-05
sample_4880,L15-0544E-1228N_2176_3279_13,50176,0.15266262755102042,83b1be9bf54882e0e46172fa609d75357d9f7e5afa684feacf736eb4ac6a0072,64990ea6addff6af93b8eace95fbcf586b8f19e678352f7776dc1bc87a88d58f,1.8787960924134923,0.3024414776463061,0.003707862200158439,0.011021174249691004,-0.9925842747206819,0.00592093349452272
sample_4881,L15-1276E-1107N_5105_3761_13,50176,0.008330676020408163,5b128f504edccfd6e334fa81ca77b1c678fa5a7bccb69e981650c15d575cfa5c,64990ea6addff6af93b8eace95fbcf586b8f19e678352f7776dc1bc87a88d58f,0.08945919831357117,0.016101834066425035,0.0005942276816777124,0.0015336035618581738,-0.9988115436940096,0.000866535021506047
sample_4882,L15-0358E-1220N_1433_3310_13,50176,0.09996811224489796,993f918f7122021abbee972c619e11e7c397daf72c1233461c92b28e5f94d550,64990ea6addff6af93b8eace95fbcf586b8f19e678352f7776dc1bc87a88d58f,0.48501711787647156,0.17075757799031346,0.03880475017560494,0.09093975117253243,-0.9223904977895345,0.055925062187990246
sample_4883,L15-1748E-1247N_6993_3202_13,50176,0.001016422193877551,2471987e46c3349a2b70d56796ca6746b3f5bd2aa0b189cd36f55149f0d09713,64990ea6addff6af93b8eace95fbcf586b8f19e678352f7776dc1bc87a88d58f,0.008149173868565012,0.001977429818605724,0.0005422760257307364,0.0017488871171971677,-0.9989154465091982,0.0008809647584258674
sample_4884,L15-0566E-1185N_2265_3451_13,50176,0.0014748086734693877,f595ecadd196b1ed455481966949971929d4bdeb2f267389cc623a67c7549054,64990ea6addff6af93b8eace95fbcf586b8f19e678352f7776dc1bc87a88d58f,0.004372973690872746,0.0023430920532041353,0.0014905679771410568,0.004285154123535498,-0.997018863672022,0.0023243058758791496
sample_4885,L15-0368E-1245N_1474_3210_13,50176,0.22712053571428573,fbe4f9938e77b50296961aa9b7dd6e9bce6acbadddcad2eb51bbc6955e937af3,64990ea6addff6af93b8eace95fbcf586b8f19e678352f7776dc1bc87a88d58f,1.157924316572487,0.3754562744229572,0.0808927516871113,0.18210155826659494,-0.8382144966120857,0.11416865873956727
sample_4886,L15-1014E-1375N_4056_2688_13,50176,0.15357940051020408,84604034eec1bc9faf62fd3fd90a829e0cfbf02941b3a398564d2919bdfca058,64990ea6addff6af93b8eace95fbcf586b8f19e678352f7776dc1bc87a88d58f,0.683669776258402,0.2557731009666642,0.0655265080110569,0.14878356176587076,-0.8689469827283688,0.09337601677594864
sample_4887,L15-1848E-0793N_7394_5018_13,50176,0.054767219387755105,ebf2f93a6930b1819f2467db04dd08c7281048ae6b2fdff0ba37dc38b5982d34,64990ea6addff6af93b8eace95fbcf586b8f19e678352f7776dc1bc87a88d58f,0.2963479305518495,0.09675388891351502,0.01571930517271465,0.038523532657620756,-0.9685613873901047,0.02304166782964761
sample_4888,L15-1389E-1284N_5557_3054_13,50176,0.0013950892857142857,4ff57b2a16acfee17c55aa777de6b42e06085f60bac04e59609e698d2d196ed2,64990ea6addff6af93b8eace95fbcf586b8f19e678352f7776dc1bc87a88d58f,0.014424395468037301,0.0027332864464796867,0.00014125494813850643,0.0005133119115472625,-0.9997174886989124,0.000233631043900828
sample_4889,L15-1014E-1375N_4056_2688_13,50176,0.08543925382653061,4105f363a6cd55f6744580709fe9f48cf597a568824ee00c932896573f700e46,64990ea6addff6af93b8eace95fbcf586b8f19e678352f7776dc1bc87a88d58f,0.6333431807140164,0.1533077670044153,0.015775940332286135,0.03604927993627841,-0.9684481164357037,0.022353579527268193
sample_4890,L15-1848E-0793N_7394_5018_13,50176,0.0007374043367346938,6c0881a80bc43ce57aea543a75bed66e0aeb7f61c25b25f5d478a2e18c261e5e,64990ea6addff6af93b8eace95fbcf586b8f19e678352f7776dc1bc87a88d58f,0.005012805865857014,0.001416847436225922,0.0005468022807653309,0.0017151708588723522,-0.9989063946349859,0.000846768625028378
sample_4891,L15-1210E-1025N_4840_4088_13,50176,0.055385044642857144,fb7c1cbbe3f9db4f08997fa0c8a34086b9f7a92565685fc9e4f2613324714270,64990ea6addff6af93b8eace95fbcf586b8f19e678352f7776dc1bc87a88d58f,0.3849599400654917,0.10013001407153695,0.012019807420556947,0.02917633285362102,-0.9759603831793026,0.017516375803756656
sample_4892,L15-0358E-1220N_1433_3310_13,50176,0.06515066964285714,4dd29411249fa562ff9bf79a068f0b3ea9a38d19cd7c75896da5dd6602d80b6d,64990ea6addff6af93b8eace95fbcf586b8f19e678352f7776dc1bc87a88d58f,0.298290261750992,0.10602800068374657,0.027964091988052338,0.06396063372567466,-0.9440718141877609,0.03973620712163954
sample_4893,L15-1748E-1247N_6993_3202_13,50176,0.005879304846938775,6073e7f5898dd8d03011aaa7c13f794d5a2b81a2ff6791085ed4c58154b4165d,64990ea6addff6af93b8eace95fbcf586b8f19e678352f7776dc1bc87a88d58f,0.05160988751085073,0.011381761537452318,0.001075093900518758,0.003404096657527733,-0.9978498111571612,0.001720331934540996
sample_4894,L15-1389E-1284N_5557_3054_13,50176,0.0015146683673469387,20b85f93cecbb7ff683f7dd266e032daa5c614fe6af004fd5db1480b48a1860b,64990ea6addff6af93b8eace95fbcf586b8f19e678352f7776dc1bc87a88d58f,0.015378237830874235,0.002963129085668528,0.0002415528371264892,0.0008464792544865685,-0.9995168928878179,0.0003982358181604981
sample_4895,L15-1748E-1247N_6993_3202_13,50176,0.012635522959183673,3e41606bbd320094a845219c2f3d7c06123c829c9ff4789306522470d59a6290,64990ea6addff6af93b8eace95fbcf586b8f19e678352f7776dc1bc87a88d58f,0.06476185825107231,0.02235980368237304,0.005445060902275145,0.013911550717049156,-0.9891098772446038,0.008138888723642908
sample_4896,L15-0358E-1220N_1433_3310_13,50176,0.06088568239795918,f95cd8386f05e10546ecb185a508e35c5d8a7832f4cd7eaacb56695883cdcfd7,64990ea6addff6af93b8eace95fbcf586b8f19e678352f7776dc1bc87a88d58f,0.3000743065122816,0.10089039923844917,0.026724972992622276,0.060204673545939794,-0.9465500519503386,0.03765412824006999
sample_4897,L15-1210E-1025N_4840_4088_13,50176,0.02295918367346939,033557a28252fc2255eef9966338d55073d230f867f6c7ad0d399c48c6318a74,64990ea6addff6af93b8eace95fbcf586b8f19e678352f7776dc1bc87a88d58f,0.14237744030684737,0.04013545943340124,0.0074469234179040155,0.01824072635802306,-0.985106151643881,0.010769064366910233
sample_4898,L15-0358E-1220N_1433_3310_13,50176,0.09576291454081633,993f918f7122021abbee972c619e11e7c397daf72c1233461c92b28e5f94d550,64990ea6addff6af93b8eace95fbcf586b8f19e678352f7776dc1bc87a88d58f,0.5340659814126145,0.16737395402899347,0.03248644212013757,0.07648822898878163,-0.9350271139565148,0.04686232531196275
sample_4899,L15-1138E-1216N_4553_3325_13,50176,0.056740274234693876,cfc98c62ad0c9e2b4d12505671aa2fa55d8b1f58345fa97f52ce4720ed0fbb7c,64990ea6addff6af93b8eace95fbcf586b8f19e678352f7776dc1bc87a88d58f,0.6510691653001083,0.10653535604041811,0.01135718335673137,0.028150914695161646,-0.97728563140979,0.01667091613861852
sample_4900,L15-1210E-1025N_4840_4088_13,50176,0.02303890306122449,f5758834671c119d559bb9c5be7cf15d7d63abc9d000e772b14700cc59d5d7ee,64990ea6addff6af93b8eace95fbcf586b8f19e678352f7776dc1bc87a88d58f,0.160016317705798,0.04020912204956061,0.0054655501782913144,0.012865097726476229,-0.9890688982005326,0.007633765335608589
sample_4901,L15-1748E-1247N_6993_3202_13,50176,0.001096141581632653,8daf05172d2a1e9d9040274604059e0f5864e4bd4a436cfba6947e7340d3e376,64990ea6addff6af93b8eace95fbcf586b8f19e678352f7776dc1bc87a88d58f,0.00710140330437889,0.0021253338599763675,0.0009953347307972002,0.0030756419249238385,-0.9980093294149092,0.0016063049191536911
sample_4902,L15-1210E-1025N_4840_4088_13,50176,0.02361686862244898,1bf0da714ce7bda24bfed44cd7e5bbd69eb197566e93c24b8641892bef20229d,64990ea6addff6af93b8eace95fbcf586b8f19e678352f7776dc1bc87a88d58f,0.15660212695189052,0.04203670421337569,0.006352410086297563,0.016161447972090258,-0.9872951788254122,0.00938832467200525
sample_4903,L15-1138E-1216N_4553_3325_13,50176,0.13546316964285715,87199ec40e714034971b15a27c65d43cf7f6b2336c53fe67ed3769362c4929b3,64990ea6addff6af93b8eace95fbcf586b8f19e678352f7776dc1bc87a88d58f,0.6702442563829819,0.232636328757244,0.05105332657932399,0.12023170409999297,-0.8978933469781382,0.07358099912894375
sample_4904,L15-1848E-0793N_7394_5018_13,50176,0.00253109056122449,20d1f192a4a80c483bf22f85013f1f0bf204580dc0a7023941d1fb339d4859ef,64990ea6addff6af93b8eace95fbcf586b8f19e678352f7776dc1bc87a88d58f,0.02447800502267869,0.004868185950202075,0.00047846346599410993,0.0013295882982176375,-0.9990430722893615,0.000716349517317626
sample_4905,L15-1276E-1107N_5105_3761_13,50176,0.06371572066326531,98660ecfa9b67f05b5a179c5f843b4cf0088cb3c5119c014984f5e8e94443b02,64990ea6addff6af93b8eace95fbcf586b8f19e678352f7776dc1bc87a88d58f,0.43781996826665837,0.1163734482488567,0.028479750667299544,0.07003393437573825,-0.9430404967432343,0.042670271955680426
sample_4906,L15-1138E-1216N_4553_3325_13,50176,0.07073102678571429,93e9a96421c86f5c775bbe8125e1daef8c93fadac942bfaed2fe97fdc680ebe3,64990ea6addff6af93b8eace95fbcf586b8f19e678352f7776dc1bc87a88d58f,0.6234610261789884,0.13210942605845566,0.011604005506509269,0.02895373286614733,-0.9767919871433135,0.017048683881615175
sample_4907,L15-1848E-0793N_7394_5018_13,50176,0.000896843112244898,a3f4aec7b0054265f83404a6d96b49ed44efc2220960fd6c82087a67e2399fd2,64990ea6addff6af93b8eace95fbcf586b8f19e678352f7776dc1bc87a88d58f,0.003753848163128663,0.0016060428909096655,0.0020054625988728844,0.005700500637610622,-0.9959890736735196,0.0031536005063380348
sample_4908,L15-1748E-1247N_6993_3202_13,50176,0.0007971938775510204,8daf05172d2a1e9d9040274604059e0f5864e4bd4a436cfba6947e7340d3e376,64990ea6addff6af93b8eace95fbcf586b8f19e678352f7776dc1bc87a88d58f,0.006353157094159642,0.001595588337225744,0.00019688079637304252,0.0007642609139548017,-0.999606236984261,0.0003338187646816116
sample_4909,L15-1276E-1107N_5105_3761_13,50176,0.06640625,e976cb82b5a9c9a2c7f0ffcb71368c28d87ca0d6b1f71ecf2412e41fa0c9ab29,64990ea6addff6af93b8eace95fbcf586b8f19e678352f7776dc1bc87a88d58f,0.41957409912246585,0.11857564806331002,0.03536161643628753,0.08371505377450615,-0.9292767652619675,0.05195523019635248
sample_4910,L15-0358E-1220N_1433_3310_13,50176,0.031568877551020405,becdbd538e81f8725614d8a4923ca27c9c5821c8dede712314f00cbeff832354,64990ea6addff6af93b8eace95fbcf586b8f19e678352f7776dc1bc87a88d58f,0.12935013883226287,0.05404997040887674,0.023060248034996723,0.054099157824326345,-0.9538795015305069,0.03403451166362758
sample_4911,L15-1185E-0935N_4742_4450_13,50176,0.1766980229591837,637b60c28b82a46d1eb1355d07c75a5445a43c7c2389535129161c0cd48a63bd,64990ea6addff6af93b8eace95fbcf586b8f19e678352f7776dc1bc87a88d58f,0.7608812303741784,0.29293359962139925,0.09620167089659455,0.2196438103421406,-0.8075966581495466,0.13789748925689455
sample_4912,L15-1748E-1247N_6993_3202_13,50176,0.009107940051020409,3fbbf7db4245942e99bc09c9db8d063644c551f6adf7a783bbd411c90092b78f,64990ea6addff6af93b8eace95fbcf586b8f19e678352f7776dc1bc87a88d58f,0.06871508884009792,0.017156513328201634,0.002551413142378917,0.007202024867961914,-0.9948971727598107,0.003957388274493942
sample_4913,L15-1014E-1375N_4056_2688_13,50176,0.19435586734693877,c85058d15c595baa1090c135ea2db1470577e5e49977bb7b338d3a72846d0b91,64990ea6addff6af93b8eace95fbcf586b8f19e678352f7776dc1bc87a88d58f,1.4448300825903582,0.3541859949236437,0.04199541124814589,0.09978477242966807,-0.916009176907467,0.06088396468338138
sample_4914,L15-1276E-1107N_5105_3761_13,50176,0.009088010204081632,5ff5d4f53b76d08ae2500f0e7126895340a1e59a58194d01d307e95291562753,64990ea6addff6af93b8eace95fbcf586b8f19e678352f7776dc1bc87a88d58f,0.09834632151973798,0.018008141363854372,0.0009856502708446766,0.003419437968203026,-0.9980286985539114,0.001673349260108625
sample_4915,L15-1848E-0793N_7394_5018_13,50176,0.0205875318877551,af6292997285d9d2bae50dbec22809fc75ddb9cb38f24923569403fccbee2389,64990ea6addff6af93b8eace95fbcf586b8f19e678352f7776dc1bc87a88d58f,0.12514590316521704,0.03613003630861312,0.005090156758954863,0.011948961052716547,-0.9898196850970177,0.0072843075802287586
sample_4916,L15-0566E-1185N_2265_3451_13,50176,0.0015744579081632653,04989442a0e24ab0b326c0b8d351a5ca7b350ecaae7b4778b67bc7f4740a9f1e,64990ea6addff6af93b8eace95fbcf586b8f19e678352f7776dc1bc87a88d58f,0.012618805850977462,0.002864704418832283,0.0005420266023399878,0.001586459814857542,-0.9989159456082571,0.0008291024205085499
sample_4917,L15-0544E-1228N_2176_3279_13,50176,0.17753507653061223,9e19ef7f3d94159f28fe8da22fd114dd3d44cd6e37a93dfb1eb5edf62eeb3f1b,64990ea6addff6af93b8eace95fbcf586b8f19e678352f7776dc1bc87a88d58f,2.275130410649739,0.34954479872503885,0.004463722707219042,0.010621860730543956,-0.9910725532860415,0.0063637756075333755
sample_4918,L15-0368E-1245N_1474_3210_13,50176,0.16083386479591838,0910e890f4e923321226b2f56a662953d8f8782fdb80cab07e44aa88a058eefc,64990ea6addff6af93b8eace95fbcf586b8f19e678352f7776dc1bc87a88d58f,1.1407304959424713,0.2901372342007931,0.027112615673698257,0.06396474653327965,-0.9457747659677955,0.03905245384684469
sample_4919,L15-0368E-1245N_1474_3210_13,50176,0.26211734693877553,8425229fa8962ce13210a7f7b78f67f92b2e0ca5cc8d39ce2a1352bb4217bc73,64990ea6addff6af93b8eace95fbcf586b8f19e678352f7776dc1bc87a88d58f,1.9905949442538802,0.46670621042559446,0.05256659251267128,0.1223748515792651,-0.8948668145486819,0.0754187726534923
sample_4920,L15-1848E-0793N_7394_5018_13,50176,0.004364636479591837,41120604b05acee5707f515a230e3fc2b12189a36d8d2d512a69a4e857d0c01e,64990ea6addff6af93b8eace95fbcf586b8f19e678352f7776dc1bc87a88d58f,0.029970588434170137,0.00789582954504316,0.0014686743545878147,0.0035762349577601457,-0.99706265054669,0.0021211391431670665
sample_4921,L15-1748E-1247N_6993_3202_13,50176,0.0011957908163265306,b15c44d77dcdd305c471ca75001b82cd1f9aa64345316764e3127499ddc6c725,64990ea6addff6af93b8eace95fbcf586b8f19e678352f7776dc1bc87a88d58f,0.009590703196305618,0.0026613692698697227,0.001958038224315993,0.006436350853014874,-0.9960839225326893,0.003264749847906784
sample_4922,L15-0566E-1185N_2265_3451_13,50176,0.0,daede069d703460dc1275e43c772caa2a215db963efcbfa2dc4eef610aab241d,64990ea6addff6af93b8eace95fbcf586b8f19e678352f7776dc1bc87a88d58f,6.117320237424927e-06,5.572363675837969e-09,6.115924072813015e-06,6.653736579048405e-05,-0.9999877673407259,1.222627578195061e-05
sample_4923,L15-1748E-1247N_6993_3202_13,50176,0.001175860969387755,6151bfd2392578824ed2981d3e73d02e4cb94ebbedff03525b250b192f386c40,64990ea6addff6af93b8eace95fbcf586b8f19e678352f7776dc1bc87a88d58f,0.0075670248506294,0.00214471144399617,0.0005824568120724692,0.0018668590048736085,-0.9988350854314889,0.0009308955397743389
sample_4924,L15-1276E-1107N_5105_3761_13,50176,0.016083386479591837,c19169d016a87c9f65d2be95ee89cc03bad1c02001756ef9727c68b94fb9d67f,64990ea6addff6af93b8eace95fbcf586b8f19e678352f7776dc1bc87a88d58f,0.1531728458264671,0.03131160754653263,0.0017519311941399866,0.005265118349742586,-0.9964961367915736,0.002807879514724232
sample_4925,L15-1276E-1107N_5105_3761_13,50176,0.01992984693877551,78519dca192439ece7bcbdfd4876d4eb9219063996fd7d051f6c7bc6b266a1ad,64990ea6addff6af93b8eace95fbcf586b8f19e678352f7776dc1bc87a88d58f,0.19959251293068137,0.03971606295610767,0.0009236467683839859,0.003558413053335448,-0.9981527051184091,0.0016069372928047092
sample_4926,L15-1848E-0793N_7394_5018_13,50176,0.0017139668367346938,ff487cbfb360c65cd8f93ea8befb1c90d33ad3ff3e65d677b51f5a237d9964da,64990ea6addff6af93b8eace95fbcf586b8f19e678352f7776dc1bc87a88d58f,0.018006115670237056,0.0035351577844839393,0.001110385672179792,0.003163788852391702,-0.9977792278582328,0.0017416851186971632
sample_4927,L15-1276E-1107N_5105_3761_13,50176,0.018255739795918366,1d8e0b64da679f83aba4cfc9b73785876eab9b776d8541ecbba957b504d17605,64990ea6addff6af93b8eace95fbcf586b8f19e678352f7776dc1bc87a88d58f,0.1931551581098789,0.036284287149508425,0.0007701231860460676,0.0025808764764814673,-0.9984597525933726,0.0012724484942076477
sample_4928,L15-0368E-1245N_1474_3210_13,50176,0.22877471301020408,09a26ff9a24b9bfa35281f5ab86bd161d503bc3879238319c4be19dc1952a12c,64990ea6addff6af93b8eace95fbcf586b8f19e678352f7776dc1bc87a88d58f,1.3562064513680174,0.3968845914206076,0.06115982952000269,0.1403744681415824,-0.8776803408125687,0.08722181546325813
sample_4929,L15-1848E-0793N_7394_5018_13,50176,0.019949776785714284,66deceb80dd0c179817451d48c35829c7a8ea911d35fe3c27ef133cc3360a75d,64990ea6addff6af93b8eace95fbcf586b8f19e678352f7776dc1bc87a88d58f,0.11796040085570254,0.03499078914623496,0.0054758691540158985,0.012748046004007883,-0.9890482598377632,0.007792207714090997
sample_4930,L15-0544E-1228N_2176_3279_13,50176,0.18728077168367346,ec51b1b7ceaa8551e8243de903463ad69edefad65d349c458503ecfc9570eaa1,64990ea6addff6af93b8eace95fbcf586b8f19e678352f7776dc1bc87a88d58f,2.120875334956427,0.35739935424739877,0.013647335574353988,0.03135416966280529,-0.9727053271009807,0.019329900999918666
sample_4931,L15-0566E-1185N_2265_3451_13,50176,0.0,daede069d703460dc1275e43c772caa2a215db963efcbfa2dc4eef610aab241d,64990ea6addff6af93b8eace95fbcf586b8f19e678352f7776dc1bc87a88d58f,5.617739244284641e-06,5.8042397434396725e-09,5.616283766469177e-06,6.147342926056316e-05,-0.9999887667563628,1.1226763293195057e-05
sample_4932,L15-1276E-1107N_5105_3761_13,50176,0.06849888392857142,9309949dcc46faa8499d6ddde348705029a31622c934e685514b1626a336d9a7,64990ea6addff6af93b8eace95fbcf586b8f19e678352f7776dc1bc87a88d58f,0.39652190842399754,0.12244468747298,0.04269177960564515,0.09856060492454716,-0.9146164385060866,0.06183751417528161
sample_4933,L15-0544E-1228N_2176_3279_13,50176,0.18054448341836735,92d02a75d3bcf6b16432f0be874b198905775b9c92f4546cbd2e4145468f2154,64990ea6addff6af93b8eace95fbcf586b8f19e678352f7776dc1bc87a88d58f,2.2443434657192327,0.3544434255427769,0.0054616441460782475,0.013189267064704422,-0.9890767107786408,0.007872646369502665
sample_4934,L15-1389E-1284N_5557_3054_13,50176,0.01881377551020408,62098a7d030839fd89a3783e8dfae4a092cc28fb233cc85cc60c2b87a4058681,64990ea6addff6af93b8eace95fbcf586b8f19e678352f7776dc1bc87a88d58f,0.09046141927532149,0.033838837792907014,0.008045849466354263,0.02108376584159476,-0.9839082996531986,0.012403327704150296
sample_4935,L15-0368E-1245N_1474_3210_13,50176,0.26534598214285715,eddfa3f048cbed6bd4883b9ff6b97d07061d52e9074e65c2e3a3558b49d05913,64990ea6addff6af93b8eace95fbcf586b8f19e678352f7776dc1bc87a88d58f,1.898396821506619,0.46883655656462586,0.05779137796299456,0.13379109665146036,-0.8844172439719745,0.08266431978881467
sample_4936,L15-1748E-1247N_6993_3202_13,50176,0.005739795918367347,bac2dbb15538fc457fe1c744ef89bab97a66d62ff7d9700709ebe8797be556c3,64990ea6addff6af93b8eace95fbcf586b8f19e678352f7776dc1bc87a88d58f,0.0460742117360439,0.011337484295694708,0.0028346424592107684,0.00821819440394174,-0.9943307138723141,0.004490929629180621
sample_4937,L15-1389E-1284N_5557_3054_13,50176,0.0,daede069d703460dc1275e43c772caa2a215db963efcbfa2dc4eef610aab241d,64990ea6addff6af93b8eace95fbcf586b8f19e678352f7776dc1bc87a88d58f,6.425211515179139e-06,3.3533296640828743e-09,6.424372407550715e-06,6.977412096113546e-05,-0.9999871513522515,1.2845391485437548e-05
sample_4938,L15-1276E-1107N_5105_3761_13,50176,0.01012436224489796,8dc6e9feab961851134cedd58326a59db86c45efe8ecf57bf865d4a44fbde58f,64990ea6addff6af93b8eace95fbcf586b8f19e678352f7776dc1bc87a88d58f,0.10758390427630238,0.02008897866946876,0.0010826234712873642,0.004094269004506417,-0.9978347518406167,0.0019183673834025094
sample_4939,L15-0566E-1185N_2265_3451_13,50176,0.0,daede069d703460dc1275e43c772caa2a215db963efcbfa2dc4eef610aab241d,64990ea6addff6af93b8eace95fbcf586b8f19e678352f7776dc1bc87a88d58f,0.0003571360824099566,9.272940197220803e-05,0.0003285940430051058,0.0011910196191197821,-0.9993428112523433,0.0005644586840380039
sample_4940,L15-1014E-1375N_4056_2688_13,50176,0.13857222576530612,34b121608aa4fff18a34db43d2cd8d9779dba76563e6459edbaaf5f234a38461,64990ea6addff6af93b8eace95fbcf586b8f19e678352f7776dc1bc87a88d58f,1.1173947775493966,0.258729382203054,0.022489858023841316,0.055430247141420586,-0.9550202824601315,0.03318145992826669
sample_4941,L15-1276E-1107N_5105_3761_13,50176,0.010064572704081632,54b327c0cdce54b59c0272a9e6ce36619983f15d23675877bfd9dbc544d3051a,64990ea6addff6af93b8eace95fbcf586b8f19e678352f7776dc1bc87a88d58f,0.09464442489194391,0.018810352875371816,0.0012814315601385065,0.003151877285978643,-0.9974371358062597,0.0018555387915642455
sample_4942,L15-1276E-1107N_5105_3761_13,50176,0.018016581632653062,0ab9522e017a37a78e436dc7ec7dbf200451fe10b21286fbb1be81d068361ec9,64990ea6addff6af93b8eace95fbcf586b8f19e678352f7776dc1bc87a88d58f,0.19411923283223279,0.03583305331426622,0.0005298525603412061,0.0019131832440181752,-0.9989402939059209,0.0008918634859110591
sample_4943,L15-1185E-0935N_4742_4450_13,50176,0.07670998086734694,e605a81418f9a8fc60d0c30b41557a8fa74b30428f722d1d1701c9b5f6f1f1f4,64990ea6addff6af93b8eace95fbcf586b8f19e678352f7776dc1bc87a88d58f,0.6039957524005545,0.14367028658291245,0.0118419597916096,0.030722403881060515,-0.9763160783517091,0.017806261034544118
sample_4944,L15-1276E-1107N_5105_3761_13,50176,0.0087890625,724298bd6a5869fc9ecfa577767b325ead7ea966438a991c52103b40e1ece7f9,64990ea6addff6af93b8eace95fbcf586b8f19e678352f7776dc1bc87a88d58f,0.10474688446439158,0.01746588620716336,5.149143054245078e-05,0.0002326514579308196,-0.9998970166144504,9.107653938091903e-05
sample_4945,L15-1138E-1216N_4553_3325_13,50176,0.05857382015306122,cfab8afb76aefaf832a8be2068961cccb27d44e8d8343b5702fab876c9244784,64990ea6addff6af93b8eace95fbcf586b8f19e678352f7776dc1bc87a88d58f,0.7109790694924026,0.111193081015641,0.010762068969245088,0.026328977032453574,-0.9784758598354182,0.0156520746901177
sample_4946,L15-0368E-1245N_1474_3210_13,50176,0.22195870535714285,f54e30b4fac7bf945d3ac2e08745dc0230c3583c774d776a7007583093baeadf,64990ea6addff6af93b8eace95fbcf586b8f19e678352f7776dc1bc87a88d58f,1.180100492120027,0.3723417368832889,0.07479463146205953,0.16929840668802573,-0.8504107369892898,0.10589095707898998
sample_4947,L15-1014E-1375N_4056_2688_13,50176,0.2082469706632653,af67c0146b88614d6519a22f64ec21f3eba9aba7ceb0aa0be67612ff551e05d4,64990ea6addff6af93b8eace95fbcf586b8f19e678352f7776dc1bc87a88d58f,1.218797051317198,0.3593013761552953,0.05660923116374761,0.13069701799769837,-0.8867815372074231,0.08086573696268196
sample_4948,L15-1848E-0793N_7394_5018_13,50176,0.010263871173469387,daede069d703460dc1275e43c772caa2a215db963efcbfa2dc4eef610aab241d,64990ea6addff6af93b8eace95fbcf586b8f19e678352f7776dc1bc87a88d58f,0.028986806235470553,0.016480455250924578,0.01570538848244148,0.03898534195503091,-0.9685892209806143,0.023232013106183263
sample_4949,L15-1748E-1247N_6993_3202_13,50176,0.009127869897959183,c442d5ff83ce79e4151e4c61222613c2501cf060699810b7dda105eacfa3aaa7,64990ea6addff6af93b8eace95fbcf586b8f19e678352f7776dc1bc87a88d58f,0.039158106456089574,0.015354795616809828,0.0051553321180256954,0.013424619715265195,-0.9896893345204087,0.007788467039385898
sample_4950,L15-0544E-1228N_2176_3279_13,50176,0.15381855867346939,6e2ab5b63375d4fd6fe16ff11ec0ae4d196374f6cdcbceaf302f6ea1ce3285f7,64990ea6addff6af93b8eace95fbcf586b8f19e678352f7776dc1bc87a88d58f,1.8180645797777106,0.30234597594609136,0.007377483937841821,0.020730628121570477,-0.985245031259438,0.011498059981581562
sample_4951,L15-0358E-1220N_1433_3310_13,50176,0.10305723852040816,993f918f7122021abbee972c619e11e7c397daf72c1233461c92b28e5f94d550,64990ea6addff6af93b8eace95fbcf586b8f19e678352f7776dc1bc87a88d58f,0.40532710824712076,0.16482603174536456,0.05044725936081983,0.11403672908109246,-0.8991054795067438,0.07159196793151665
sample_4952,L15-1210E-1025N_4840_4088_13,50176,0.024573501275510203,b12ffc4f7721d1b9b413442d3488e1436951c77f841967ac1c9b5679a8367d56,64990ea6addff6af93b8eace95fbcf586b8f19e678352f7776dc1bc87a88d58f,0.17142423146546065,0.043423059211061765,0.005813292149283296,0.013904377814476331,-0.9883734149008654,0.008290464666051286
sample_4953,L15-1276E-1107N_5105_3761_13,50176,0.009865274234693877,59a0eda78979febb3d702156e202ac25e31775f8bcdc07166c330509b70069a7,64990ea6addff6af93b8eace95fbcf586b8f19e678352f7776dc1bc87a88d58f,0.11316122167939997,0.019380613344093786,0.00020263110862436646,0.0006326941758492183,-0.9995947369923753,0.0003176529845665414
sample_4954,L15-0358E-1220N_1433_3310_13,50176,0.08378507653061225,78e291bd2241c13bf692e928334896b6c6843cf1db80d1e1ece6a4c4de127a2f,64990ea6addff6af93b8eace95fbcf586b8f19e678352f7776dc1bc87a88d58f,0.4268514442429601,0.14154331753972607,0.02704183950103173,0.0633396744555391,-0.9459163191945426,0.03893317732637614
sample_4955,L15-1748E-1247N_6993_3202_13,50176,0.014927455357142858,05aa16a849d77d7082a1124599e372bd0fa7374483fc5c7ce6bf55b6559ca69b,64990ea6addff6af93b8eace95fbcf586b8f19e678352f7776dc1bc87a88d58f,0.06933200802534004,0.026484444814879878,0.009881340697816364,0.02494206163626475,-0.98023731699267,0.014781368941206494
sample_4956,L15-1748E-1247N_6993_3202_13,50176,0.0012555803571428572,b15c44d77dcdd305c471ca75001b82cd1f9aa64345316764e3127499ddc6c725,64990ea6addff6af93b8eace95fbcf586b8f19e678352f7776dc1bc87a88d58f,0.009935124631728676,0.0023174686264177805,0.0004455376694416057,0.0012670230048704974,-0.9991089236092924,0.0006799469093192794
sample_4957,L15-1748E-1247N_6993_3202_13,50176,0.01030373086734694,904ca584eaf4ca54f92a64cd38a1211a60a98120a037882cf6c5f2487a8cc3ed,64990ea6addff6af93b8eace95fbcf586b8f19e678352f7776dc1bc87a88d58f,0.08128103256409819,0.019280681638725036,0.002324622609101388,0.006069480040226204,-0.995350753962048,0.0034968494209978813
sample_4958,L15-0566E-1185N_2265_3451_13,50176,0.0001992984693877551,1706b9164e7060a4a2cd1520b965b41282ef99addb275a90aaabf6475522d5d2,64990ea6addff6af93b8eace95fbcf586b8f19e678352f7776dc1bc87a88d58f,0.0017546049055386169,0.0003502444876001796,2.6490412205837818e-05,0.00010595032844064872,-0.9999470185984839,4.2385705020417265e-05
sample_4959,L15-1138E-1216N_4553_3325_13,50176,0.06572863520408163,402f77d8db7db8ec0faca3574f956b636ac6b55ec5f133591b6cbcbe801c9267,64990ea6addff6af93b8eace95fbcf586b8f19e678352f7776dc1bc87a88d58f,0.6030112588144576,0.12295329894910167,0.009341604786696938,0.023288684290029175,-0.9813167883930972,0.013734197040191297
sample_4960,L15-0368E-1245N_1474_3210_13,50176,0.22431042729591838,dd9c75c9b969e1f55ab33b29a3a2dbd7ef229a1177f39e3f97e2d4fccf712e3b,64990ea6addff6af93b8eace95fbcf586b8f19e678352f7776dc1bc87a88d58f,1.2073622482398272,0.3751406552550665,0.0730967076319479,0.16557644664617197,-0.8538065848832534,0.10354325746967519
sample_4961,L15-1748E-1247N_6993_3202_13,50176,0.006277901785714286,0805f537414a655f68d34d0a4f416425e2e042c6250f17b35db9b4fa7e429343,64990ea6addff6af93b8eace95fbcf586b8f19e678352f7776dc1bc87a88d58f,0.048696356229287835,0.011745501962600009,0.00311510569691582,0.008529263689952387,-0.9937697875095541,0.004773322326023514
sample_4962,L15-1848E-0793N_7394_5018_13,50176,0.05271444515306122,fd57df05f4c1f9a76a932f68775f87236e3ebc61aeaa4ae7cc1b7c9f5943a91d,64990ea6addff6af93b8eace95fbcf586b8f19e678352f7776dc1bc87a88d58f,0.28169869065411846,0.09264008460368693,0.01655366716844657,0.041553833355197106,-0.9668926631643183,0.024669866147125907
sample_4963,L15-1210E-1025N_4840_4088_13,50176,0.0059590242346938774,5d22989ec7f3a614e48a12891579fb17234e0bdffb6dd4c711fca345329f38da,64990ea6addff6af93b8eace95fbcf586b8f19e678352f7776dc1bc87a88d58f,0.04592705676698906,0.011727468664992545,0.0028743517314254933,0.008152756213425595,-0.9942512953298196,0.004492774275580481
sample_4964,L15-1276E-1107N_5105_3761_13,50176,0.07280373086734694,9597c1dec98353bb25b108438f21bda9d9cb47b36488dd3f7400a60e0fc7f317,64990ea6addff6af93b8eace95fbcf586b8f19e678352f7776dc1bc87a88d58f,0.43142055741430635,0.12850024616043715,0.047956728432279994,0.10960044891821803,-0.9040865410616064,0.06941743275533031
sample_4965,L15-1389E-1284N_5557_3054_13,50176,0.0,daede069d703460dc1275e43c772caa2a215db963efcbfa2dc4eef610aab241d,64990ea6addff6af93b8eace95fbcf586b8f19e678352f7776dc1bc87a88d58f,7.787288601505241e-06,1.4813315129805445e-08,7.78356761842662e-06,8.036625961542118e-05,-0.9999844323057677,1.5552321921723592e-05
sample_4966,L15-1276E-1107N_5105_3761_13,50176,0.017617984693877552,2eeec79626ba58067e092e51e3540a5c898ec973d9523358af10167519be38af,64990ea6addff6af93b8eace95fbcf586b8f19e678352f7776dc1bc87a88d58f,0.18322933151454324,0.0351223046851732,0.0005841529583653473,0.002056833384744267,-0.9988316930284143,0.000988807535505603
sample_4967,L15-0368E-1245N_1474_3210_13,50176,0.22393176020408162,09a26ff9a24b9bfa35281f5ab86bd161d503bc3879238319c4be19dc1952a12c,64990ea6addff6af93b8eace95fbcf586b8f19e678352f7776dc1bc87a88d58f,1.3622948989065926,0.38899392391308957,0.06045426321762367,0.13810541724190978,-0.879091473282946,0.08594615416638995
sample_4968,L15-1276E-1107N_5105_3761_13,50176,0.0087890625,0c89eeff13ad47ab2daa80d21e8bc00766726ab0d351b526ca69b532460e5f0e,64990ea6addff6af93b8eace95fbcf586b8f19e678352f7776dc1bc87a88d58f,0.09791027416952987,0.017316901013807454,0.00010604147884842693,0.0003974503190980444,-0.9997879164570213,0.0001768740434693476
sample_4969,L15-1748E-1247N_6993_3202_13,50176,0.008888711734693877,80d19f5679f929b844dac7439d7fa30c1146336ba0dab61bd7fc0c57b67dd90b,64990ea6addff6af93b8eace95fbcf586b8f19e678352f7776dc1bc87a88d58f,0.055070898598981115,0.01586522923882902,0.003102501267472244,0.007732699049010456,-0.9937949966081193,0.004529062954541647
sample_4970,L15-1276E-1107N_5105_3761_13,50176,0.01171875,a9af190ced3656f1cbb1029f64fc4dea70d1710a1387d8a8879105707a22458e,64990ea6addff6af93b8eace95fbcf586b8f19e678352f7776dc1bc87a88d58f,0.14027519450138043,0.022969301596134074,0.00033055059730588475,0.000910303758600911,-0.9993388982327346,0.0004918124209918466
sample_4971,L15-1848E-0793N_7394_5018_13,50176,0.02224170918367347,daede069d703460dc1275e43c772caa2a215db963efcbfa2dc4eef610aab241d,64990ea6addff6af93b8eace95fbcf586b8f19e678352f7776dc1bc87a88d58f,0.10965797481548052,0.03770752628464554,0.006732197190939012,0.015241310206059953,-0.9865356042218782,0.009471748231780184
sample_4972,L15-1210E-1025N_4840_4088_13,50176,0.07997847576530612,cd8ce1f7bff06663de9207f9b7adfc2e0ae8f3f8a0dcda7a875dbbf718a589ea,64990ea6addff6af93b8eace95fbcf586b8f19e678352f7776dc1bc87a88d58f,0.6409365124051387,0.15010423356503724,0.012499674033297568,0.032146456455078756,-0.9750006510999764,0.01862527788641218
sample_4973,L15-0566E-1185N_2265_3451_13,50176,0.0034478635204081634,9b8c72e76203436b129ee280ad1f4016bfc3411a708b063d5f7600e61e662d37,64990ea6addff6af93b8eace95fbcf586b8f19e678352f7776dc1bc87a88d58f,0.02188680313440847,0.006572864241798688,0.0012086395944031526,0.0036973859357366844,-0.9975827200579072,0.0019437747591278716
sample_4974,L15-1014E-1375N_4056_2688_13,50176,0.0859375,d98e196100229314e6090d407b7e7ee710a92878f825012e94907122f7123145,64990ea6addff6af93b8eace95fbcf586b8f19e678352f7776dc1bc87a88d58f,0.5380372862852726,0.1477971577875322,0.024156700307740926,0.05498874508443209,-0.9516865961527549,0.034302879176752656
sample_4975,L15-0368E-1245N_1474_3210_13,50176,0.22263632015306123,e8d16cc4a8a0ba8eae6494ae9fdef4578e59c47a2977cc9ffee5d71a5cc441ce,64990ea6addff6af93b8eace95fbcf586b8f19e678352f7776dc1bc87a88d58f,1.20478820730334,0.3741154534304833,0.07264501185926171,0.16610950290968338,-0.8547099762493056,0.10332676471767074
sample_4976,L15-0358E-1220N_1433_3310_13,50176,0.10564811862244898,993f918f7122021abbee972c619e11e7c397daf72c1233461c92b28e5f94d550,64990ea6addff6af93b8eace95fbcf586b8f19e678352f7776dc1bc87a88d58f,0.4397936493996926,0.17202709359955412,0.04526360633982612,0.10284842938072192,-0.9094727857479428,0.06429536814722732
sample_4977,L15-1138E-1216N_4553_3325_13,50176,0.11888153698979592,927db7f45983666df4c0180796567eadc7a197c7fbd1c63def98143e4addb85b,64990ea6addff6af93b8eace95fbcf586b8f19e678352f7776dc1bc87a88d58f,0.6193306790032602,0.20681680485013473,0.04125630984567486,0.09801316956838389,-0.9174873796501392,0.059755365609054374
sample_4978,L15-0544E-1228N_2176_3279_13,50176,0.15666852678571427,515f3ec72a04a910fe91c4453ea6534729020ef46a9470c74364a471e565304c,64990ea6addff6af93b8eace95fbcf586b8f19e678352f7776dc1bc87a88d58f,1.6686679184058426,0.3017680966300169,0.01477547653841463,0.03758251618771465,-0.9704490462896486,0.02192674893027116
sample_4979,L15-1748E-1247N_6993_3202_13,50176,0.009048150510204082,75205dab67e45881279bcaf9bc177c9256fa9a0560946274005043959fea2a15,64990ea6addff6af93b8eace95fbcf586b8f19e678352f7776dc1bc87a88d58f,0.07775333478108351,0.017498993866836392,0.0016656179997917948,0.004642093623721983,-0.9966687629926517,0.002581584012928035
sample_4980,L15-0358E-1220N_1433_3310_13,50176,0.0107421875,30e62081edeae72dd7382278f017fe5e1ede4b46049f70ddec9126898b7e76ed,64990ea6addff6af93b8eace95fbcf586b8f19e678352f7776dc1bc87a88d58f,0.08970263303432689,0.021783434455856333,0.005249879888391921,0.013616129903949996,-0.9895002389599191,0.007986203821301649
sample_4981,L15-1014E-1375N_4056_2688_13,50176,0.0791812818877551,00d01b904a2568fb4fff7e82e5bdffdacf38cb3a847dc31f665dd718a59a8b3f,64990ea6addff6af93b8eace95fbcf586b8f19e678352f7776dc1bc87a88d58f,0.4681022673372711,0.13839594220711654,0.02526484160417957,0.059951405626528786,-0.9494703146799633,0.03657966556876587
sample_4982,L15-0368E-1245N_1474_3210_13,50176,0.2660435267857143,91a371a3fd630aadab1e5502bfad1416c3dee4aeb8ad17c61e6bef56d2b2f88f,64990ea6addff6af93b8eace95fbcf586b8f19e678352f7776dc1bc87a88d58f,1.794032583290011,0.46417557557212674,0.061217098211755555,0.14193894442485286,-0.8775658030935612,0.08766245534407127
sample_4983,L15-1185E-0935N_4742_4450_13,50176,0.07543447066326531,3de67333e2d8e3388ae871be7579c3ac4dbbeaae3aa1bd501743cd6f64ba74b1,64990ea6addff6af93b8eace95fbcf586b8f19e678352f7776dc1bc87a88d58f,0.5605270877006877,0.14160780419249552,0.012415843306593977,0.032978517708404265,-0.9751683116051889,0.01880746258402685
sample_4984,L15-1210E-1025N_4840_4088_13,50176,0.04193239795918367,e675dce1fb7b17fc5dfa34b1d104307db29b4bd9ee1818dd62fb5ef97ff150ce,64990ea6addff6af93b8eace95fbcf586b8f19e678352f7776dc1bc87a88d58f,0.3503494041584212,0.07964445086622875,0.006796456178488704,0.018296128083803917,-0.9864070861758834,0.010443987826483715
sample_4985,L15-1848E-0793N_7394_5018_13,50176,0.0003587372448979592,daede069d703460dc1275e43c772caa2a215db963efcbfa2dc4eef610aab241d,64990ea6addff6af93b8eace95fbcf586b8f19e678352f7776dc1bc87a88d58f,0.0013139826738551668,0.0006029154538709185,0.0009857612942364446,0.002833223552770031,-0.9980284764899696,0.0015416801791904187
sample_4986,L15-1389E-1284N_5557_3054_13,50176,0.0014150191326530613,20b85f93cecbb7ff683f7dd266e032daa5c614fe6af004fd5db1480b48a1860b,64990ea6addff6af93b8eace95fbcf586b8f19e678352f7776dc1bc87a88d58f,0.013902840050383707,0.0028543188825978696,0.00023692732377509986,0.0008699528917766039,-0.9995261440538861,0.0004034600865995453
sample_4987,L15-1748E-1247N_6993_3202_13,50176,0.014987244897959183,0a5c686a4fadee905c2782d34cd6c676baed5a11e6b99a8cc51bc7a9d7e924fa,64990ea6addff6af93b8eace95fbcf586b8f19e678352f7776dc1bc87a88d58f,0.08260122292308403,0.026423928695732388,0.005938941615215521,0.01568669363708115,-0.9881221151917073,0.008987493471741307
sample_4988,L15-1848E-0793N_7394_5018_13,50176,0.0055404974489795915,daede069d703460dc1275e43c772caa2a215db963efcbfa2dc4eef610aab241d,64990ea6addff6af93b8eace95fbcf586b8f19e678352f7776dc1bc87a88d58f,0.018706058533131325,0.00986036471623486,0.011045445836557798,0.028836274152063576,-0.977909106113439,0.01676461267414712
sample_4989,L15-1389E-1284N_5557_3054_13,50176,0.08824936224489796,2cf1de0ed397a568467dee32640f3bb63dc78aba4e3ce5ca615020e1964e5cea,64990ea6addff6af93b8eace95fbcf586b8f19e678352f7776dc1bc87a88d58f,0.34332075475324253,0.14599630278596354,0.04655706798372676,0.10699583411497955,-0.9068858620366474,0.06668670011548239
sample_4990,L15-0368E-1245N_1474_3210_13,50176,0.15670838647959184,8a71cc68dc15a0141f27b182e59de024ebeae58be73b9bbfbe94aa2400e89883,64990ea6addff6af93b8eace95fbcf586b8f19e678352f7776dc1bc87a88d58f,1.1615618029549348,0.28306597067281636,0.02712719561888513,0.06299727093827673,-0.9457456061463947,0.038802235533040935
sample_4991,L15-0368E-1245N_1474_3210_13,50176,0.2612205038265306,91a371a3fd630aadab1e5502bfad1416c3dee4aeb8ad17c61e6bef56d2b2f88f,64990ea6addff6af93b8eace95fbcf586b8f19e678352f7776dc1bc87a88d58f,1.798853126795519,0.4613545680064483,0.055414578561404984,0.13021027716415168,-0.8891708427968722,0.07986936502834963
sample_4992,L15-1848E-0793N_7394_5018_13,50176,0.052814094387755105,daeae34d19a34358b371d036075eb570563a16b4b6451c09d83b1693f2454641,64990ea6addff6af93b8eace95fbcf586b8f19e678352f7776dc1bc87a88d58f,0.27152638641089083,0.09116910373489436,0.020116341275362565,0.0476412008588068,-0.9597673151403996,0.02905458285669718
sample_4993,L15-1748E-1247N_6993_3202_13,50176,0.00665656887755102,e0b28b48d0fa95bae0437d4cfd114b66a5c641426a55cb63ad6e50d641cd7ec4,64990ea6addff6af93b8eace95fbcf586b8f19e678352f7776dc1bc87a88d58f,0.055908838054899115,0.01269291639647742,0.001590296837539241,0.00456346277049511,-0.9968194055629117,0.0024403164230930403
sample_4994,L15-0368E-1245N_1474_3210_13,50176,0.26528619260204084,f934ed4c0494635142905ca5e56cd1188b4ae5ac69da8e0c0740c2cb86120855,64990ea6addff6af93b8eace95fbcf586b8f19e678352f7776dc1bc87a88d58f,1.9108005227914806,0.46776494593473883,0.055624294769475044,0.1281350187785952,-0.888751409794932,0.07944994026365389
sample_4995,L15-1210E-1025N_4840_4088_13,50176,0.004185267857142857,28f4b5265fc72703783860b70bb90f1970fc9af9fb89f3ca483772997e36f8fe,64990ea6addff6af93b8eace95fbcf586b8f19e678352f7776dc1bc87a88d58f,0.03585632743837881,0.008692903311970862,0.0036467417174170973,0.010546444768695267,-0.9927065154917776,0.005806989683935701
sample_4996,L15-1138E-1216N_4553_3325_13,50176,0.1560905612244898,d9d70f2f23110c7b839546b3551bd9d1327b4aba8e6123577bc13f4b7fc5973f,64990ea6addff6af93b8eace95fbcf586b8f19e678352f7776dc1bc87a88d58f,0.619661038465399,0.25361053062279837,0.08124768521936078,0.18338668366141492,-0.8375046294980683,0.11506963379433036
sample_4997,L15-1138E-1216N_4553_3325_13,50176,0.06461256377551021,8bfecfa83098cf7483fbe0c91d7df588827833bdba45e96a0285578e26ec962e,64990ea6addff6af93b8eace95fbcf586b8f19e678352f7776dc1bc87a88d58f,0.6921407188519947,0.12421621417437734,0.005886038429132301,0.015012651350902535,-0.9882279210293087,0.008768571255315825
sample_4998,L15-1014E-1375N_4056_2688_13,50176,0.1986407844387755,c0dd63260e5724a81102c7f02628c98f235c09e83cce794924e581c0b94278db,64990ea6addff6af93b8eace95fbcf586b8f19e678352f7776dc1bc87a88d58f,1.3173605755284628,0.35333829725873894,0.04453894315876675,0.10425633785580253,-0.9109221132980315,0.06383408736826406
sample_4999,L15-1014E-1375N_4056_2688_13,50176,0.19748485331632654,1a10179c5729a4e227de13c8d12e0f8c8e37481143700319d7de1b1fa31be60b,64990ea6addff6af93b8eace95fbcf586b8f19e678352f7776dc1bc87a88d58f,1.2579409231511662,0.3506115950056796,0.04860992512276054,0.11457032119166077,-0.9027801493306535,0.07009512351170528
sample_5000,L15-1748E-1247N_6993_3202_13,50176,0.0010562818877551021,6151bfd2392578824ed2981d3e73d02e4cb94ebbedff03525b250b192f386c40,64990ea6addff6af93b8eace95fbcf586b8f19e678352f7776dc1bc87a88d58f,0.007503578522414832,0.0021039042559062465,0.0003628997840177344,0.001231729993364457,-0.9992741992449434,0.0005908499257956275
sample_5001,L15-1276E-1107N_5105_3761_13,50176,0.009606186224489796,f237d99cfc272602a1c3e148b679b755ccd3b4db2558d4aca7859ed0f33b1c3b,64990ea6addff6af93b8eace95fbcf586b8f19e678352f7776dc1bc87a88d58f,0.12059083841405832,0.01907199321566106,8.101219772266185e-05,0.00027126281652112223,-0.9998379752321565,0.00012496082447491062
sample_5002,L15-0368E-1245N_1474_3210_13,50176,0.23473373724489796,09a26ff9a24b9bfa35281f5ab86bd161d503bc3879238319c4be19dc1952a12c,64990ea6addff6af93b8eace95fbcf586b8f19e678352f7776dc1bc87a88d58f,1.273354587345123,0.4001405243045579,0.06374324982444167,0.14625511961576684,-0.8725135001453345,0.09076293168125206
sample_5003,L15-0566E-1185N_2265_3451_13,50176,3.985969387755102e-05,daede069d703460dc1275e43c772caa2a215db963efcbfa2dc4eef610aab241d,64990ea6addff6af93b8eace95fbcf586b8f19e678352f7776dc1bc87a88d58f,4.642163842099944e-05,2.630761615699043e-05,3.1001587892521404e-05,0.0001205486135370652,-0.9999379958811758,4.504564507850292e-05
sample_5004,L15-1138E-1216N_4553_3325_13,50176,0.14084422831632654,f5fe16fc10595648e34cce85ad25379382be5d44095d25e2e59db9e7c80ce33f,64990ea6addff6af93b8eace95fbcf586b8f19e678352f7776dc1bc87a88d58f,0.6521792387620086,0.23829533243501816,0.05493344453505564,0.12852771784071107,-0.8901331108399884,0.07891744399504677
sample_5005,L15-1276E-1107N_5105_3761_13,50176,0.015385841836734694,1b8a9d246a3a9ab2d99186a6a210b6be758f6bc856ec79e326700ef2ffce5f5b,64990ea6addff6af93b8eace95fbcf586b8f19e678352f7776dc1bc87a88d58f,0.1522984113736106,0.030342020775951564,0.0006434258123460625,0.0020938263849723596,-0.9987131472037599,0.0010407076721924732
sample_5006,L15-1014E-1375N_4056_2688_13,50176,0.08984375,8cc510d97eb2488d72a560b3afb87b33272ca3538772a8b2701623f19db080c3,64990ea6addff6af93b8eace95fbcf586b8f19e678352f7776dc1bc87a88d58f,0.5498537546528743,0.15378726278584115,0.025994682134537747,0.05859754694917075,-0.948010632669522,0.03669264735518648
sample_5007,L15-0368E-1245N_1474_3210_13,50176,0.22385204081632654,42ef280738a3e8eeb4854f9fc802298185f5e8d303daa7cd0eedaf4726d340a6,64990ea6addff6af93b8eace95fbcf586b8f19e678352f7776dc1bc87a88d58f,1.2951630076064635,0.3826384498255038,0.0686384620779308,0.1587990734826896,-0.8627230758188811,0.09826522760875295
sample_5008,L15-1389E-1284N_5557_3054_13,50176,0.020308514030612245,bade1c8aca4f3a46ad1d3b9f9f528ecfc84b98ff2d9ea93d345580da9832da1a,64990ea6addff6af93b8eace95fbcf586b8f19e678352f7776dc1bc87a88d58f,0.10055162176172781,0.037103522096641896,0.0080849931252246,0.02169043214846217,-0.9838300120752707,0.012706470260269904
sample_5009,L15-0544E-1228N_2176_3279_13,50176,0.18112244897959184,8a22ec6591ad77ef5cd0277e022618139976df413a206362e9f185b01c762533,64990ea6addff6af93b8eace95fbcf586b8f19e678352f7776dc1bc87a88d58f,2.178550760474537,0.35567168044141834,0.0057613955672868354,0.014392494811371814,-0.9884772077511959,0.008424210381872129
sample_5010,L15-0368E-1245N_1474_3210_13,50176,0.21853077168367346,6a214b8e273aa9464c1437e8c8655aebda376266790f9ae8334b06a855a992ee,64990ea6addff6af93b8eace95fbcf586b8f19e678352f7776dc1bc87a88d58f,1.2435052523641492,0.3703457477772038,0.07032808803059921,0.16054694983058052,-0.8593438238128417,0.09997616329666591
sample_5011,L15-1185E-0935N_4742_4450_13,50176,0.17588089923469388,7040510f093de346fc8f9ccded724835cb6f36df710d0fe84918a86d0d3bb163,64990ea6addff6af93b8eace95fbcf586b8f19e678352f7776dc1bc87a88d58f,0.7202277692343811,0.28546023202217446,0.10198785408936935,0.2259322302242506,-0.7960242916176428,0.14376301080580176
sample_5012,L15-0368E-1245N_1474_3210_13,50176,0.26171875,1c0fd0c42b6366554b6aa282b80fde871d289b3657b5a0768249ce5b0cbe6180,64990ea6addff6af93b8eace95fbcf586b8f19e678352f7776dc1bc87a88d58f,1.8025763035150533,0.46339293409801385,0.05625267177036184,0.13201117802831103,-0.8874946562074589,0.08100469775258859
sample_5013,L15-1138E-1216N_4553_3325_13,50176,0.13044084821428573,c8c346e141fcbbb9a39558827860677e0b4795e50ac643e315adbb0663d30e3c,64990ea6addff6af93b8eace95fbcf586b8f19e678352f7776dc1bc87a88d58f,0.6405350306731171,0.22109631427723014,0.050118656646061154,0.11689490962946046,-0.8997626864488674,0.07186152853736136
sample_5014,L15-0544E-1228N_2176_3279_13,50176,0.18215880102040816,3864b6554db14b1d24bcdad6e689dc05808f8dc10ef8eeeb7100a3f7dde3948d,64990ea6addff6af93b8eace95fbcf586b8f19e678352f7776dc1bc87a88d58f,2.0617716770343284,0.3460382463511301,0.01584302810286837,0.03614280163290786,-0.9683139420904479,0.022369504134322173
sample_5015,L15-1276E-1107N_5105_3761_13,50176,0.008848852040816327,b7c2cf9c5438485a2d17190cc28fcf04188388b4ba3c8b1ab60b1886acad62d9,64990ea6addff6af93b8eace95fbcf586b8f19e678352f7776dc1bc87a88d58f,0.09651843345300654,0.017053450285602997,0.00035349628888070583,0.0009419366280979169,-0.9992930069422834,0.0005287478149515168
sample_5016,L15-1848E-0793N_7394_5018_13,50176,0.022341358418367346,daede069d703460dc1275e43c772caa2a215db963efcbfa2dc4eef610aab241d,64990ea6addff6af93b8eace95fbcf586b8f19e678352f7776dc1bc87a88d58f,0.1237771446279519,0.038785203964066366,0.00601534541857866,0.01372293386509033,-0.9879693075315165,0.008498255153875872
sample_5017,L15-0358E-1220N_1433_3310_13,50176,0.05442841198979592,70f285bda9245120d69c0c8fe06f55c2393768d6eae4992c015d29615f1cecc3,64990ea6addff6af93b8eace95fbcf586b8f19e678352f7776dc1bc87a88d58f,0.31012656166239855,0.09228284126442071,0.022275296068389197,0.05171606402105483,-0.9554494057486612,0.03187654129646712
sample_5018,L15-1389E-1284N_5557_3054_13,50176,0.08518016581632654,ae78978381e80b4a163b1ffe42246f4fb9d38dafcdee51fc73c0ae6eaa7fb827,64990ea6addff6af93b8eace95fbcf586b8f19e678352f7776dc1bc87a88d58f,0.376304875995556,0.14353170316267816,0.03965787618891431,0.09304284281918682,-0.9206842457284337,0.057400183388280165
sample_5019,L15-0544E-1228N_2176_3279_13,50176,0.1543765943877551,437b8fc23e774251feadae59d239a452e38ddc1b20234eb894adce167fba9a7d,64990ea6addff6af93b8eace95fbcf586b8f19e678352f7776dc1bc87a88d58f,1.8377463762378297,0.30396711239969704,0.006033870062496209,0.017114800038387144,-0.9879322590940266,0.00940638884707363
sample_5020,L15-1138E-1216N_4553_3325_13,50176,0.043666294642857144,16bac2c1b072b2f9c12ef37174054657ec4d1e632292862af6f76000b84f43fa,64990ea6addff6af93b8eace95fbcf586b8f19e678352f7776dc1bc87a88d58f,0.4953590862791679,0.08283223835089049,0.005122939814879958,0.013112513381163076,-0.9897541179004207,0.007610771948356164
sample_5021,L15-1748E-1247N_6993_3202_13,50176,0.016980229591836735,361d3c5476024eea0fcff57b850d6066296a954686bd470b405003be40eac3a4,64990ea6addff6af93b8eace95fbcf586b8f19e678352f7776dc1bc87a88d58f,0.10577109904082546,0.031668263649974215,0.005989774251451754,0.015463797357244983,-0.9880204500572594,0.009057495234293268
sample_5022,L15-1185E-0935N_4742_4450_13,50176,0.06431361607142858,7354c12098c8851f8f4d707e037862aec5a5d67bc31417324af5c515832f7541,64990ea6addff6af93b8eace95fbcf586b8f19e678352f7776dc1bc87a88d58f,0.5078092595565584,0.11878252226090272,0.012217093982534217,0.030767298742009612,-0.9755658099466034,0.018117541345934327
sample_5023,L15-1014E-1375N_4056_2688_13,50176,0.07963966836734694,2b7947f6a6d3d44debe81478ffa745a80879c6a591d0aff0e61ea1cbc0fb5cbb,64990ea6addff6af93b8eace95fbcf586b8f19e678352f7776dc1bc87a88d58f,0.4968385945894177,0.14095423623726314,0.02146237953661048,0.05208837229298356,-0.9570752389800289,0.03138932698016877
sample_5024,L15-0358E-1220N_1433_3310_13,50176,0.07587292729591837,39eeab068c80b551b5323a175c2907f5eafba6205336249ceabc38f8c14085be,64990ea6addff6af93b8eace95fbcf586b8f19e678352f7776dc1bc87a88d58f,0.48034095220887796,0.13243577182813018,0.01930107231779328,0.04485333204411728,-0.9613978535354301,0.027640398835808266
sample_5025,L15-1185E-0935N_4742_4450_13,50176,0.06381536989795919,78e69a7f9bf9c732ccaf681795f58ce17f4a459e284116f6d4f8d7131b73f96e,64990ea6addff6af93b8eace95fbcf586b8f19e678352f7776dc1bc87a88d58f,0.5250857361179176,0.1179133174927657,0.010950478460231073,0.027000103847206587,-0.9780990412689424,0.01597806420963937
sample_5026,L15-1389E-1284N_5557_3054_13,50176,0.0014748086734693877,20b85f93cecbb7ff683f7dd266e032daa5c614fe6af004fd5db1480b48a1860b,64990ea6addff6af93b8eace95fbcf586b8f19e678352f7776dc1bc87a88d58f,0.014710080212639464,0.002866948007126388,0.00020820236698325192,0.0007831516116076493,-0.999583594119316,0.0003431530557129786
sample_5027,L15-0544E-1228N_2176_3279_13,50176,0.17883051658163265,6056fdac024de969a85dc8f2425cf2700003802ae9ad2783ad5f8c93e9b4e628,64990ea6addff6af93b8eace95fbcf586b8f19e678352f7776dc1bc87a88d58f,2.270854164072668,0.35258312240514744,0.0052443275772206185,0.012649866319774104,-0.9895113435601205,0.007554509433727936
sample_5028,L15-1014E-1375N_4056_2688_13,50176,0.08135363520408163,f32e732beb708ce26593e2fcf25e0525643b72f959ef1d8a11bdf69bbb519603,64990ea6addff6af93b8eace95fbcf586b8f19e678352f7776dc1bc87a88d58f,0.5059732029830597,0.13978818455011982,0.02289538547677007,0.05188900143408548,-0.954209226806447,0.03236136344066817
sample_5029,L15-1276E-1107N_5105_3761_13,50176,0.07591278698979592,9c35a5afb4b204c8c7c6236f786923f731fbe44faa6a70a1c63af48995e7dc2e,64990ea6addff6af93b8eace95fbcf586b8f19e678352f7776dc1bc87a88d58f,0.4779444297012418,0.13603998857562072,0.030279470121782576,0.072908199828922,-0.9394410584435791,0.04442694276360943
sample_5030,L15-0358E-1220N_1433_3310_13,50176,0.10138313137755102,993f918f7122021abbee972c619e11e7c397daf72c1233461c92b28e5f94d550,64990ea6addff6af93b8eace95fbcf586b8f19e678352f7776dc1bc87a88d58f,0.4550967167112125,0.16862568561976182,0.040427381125259766,0.0938715476150482,-0.9191452358728535,0.05810157427423614
sample_5031,L15-1185E-0935N_4742_4450_13,50176,0.17175542091836735,c335a267331ff8a4178de662e6329295619d064b5fc2bdcfaa57d0885eb3cf61,64990ea6addff6af93b8eace95fbcf586b8f19e678352f7776dc1bc87a88d58f,0.7465923712214849,0.28917187900689517,0.08582500968845941,0.1959467946363216,-0.828349980637679,0.12256747413684004
sample_5032,L15-0358E-1220N_1433_3310_13,50176,0.05444834183673469,a78c190d22c26a8f3fc9e4c93749a36de1739994cc2db5faecb2782883418dd8,64990ea6addff6af93b8eace95fbcf586b8f19e678352f7776dc1bc87a88d58f,0.31709475173435314,0.09291931514274199,0.021760411869392406,0.04896299172608031,-0.956479174005554,0.03054817051722227
sample_5033,L15-0358E-1220N_1433_3310_13,50176,0.02361686862244898,c6d004a6f31fcfaa197ec31b2a3c3fe6c028f2c79bcd12d24c18c4a4123efe27,64990ea6addff6af93b8eace95fbcf586b8f19e678352f7776dc1bc87a88d58f,0.10987820101303085,0.042954509521205546,0.01737848064643616,0.044310189004678695,-0.9652430361248348,0.02652518143925068
sample_5034,L15-1185E-0935N_4742_4450_13,50176,0.06279894770408163,15b1038407c3b38ddee09dd61d374eb9d4457d7701152361d2d6a8a65b8253d7,64990ea6addff6af93b8eace95fbcf586b8f19e678352f7776dc1bc87a88d58f,0.5062964361408067,0.11588836824817152,0.011864619975795552,0.02933410039966412,-0.9762707583180775,0.017339614978402827
sample_5035,L15-1210E-1025N_4840_4088_13,50176,0.06363600127551021,1e59025b0e3d5e1a658d290ff8c8267b7ef67793effae7d7a846e3844d10ab87,64990ea6addff6af93b8eace95fbcf586b8f19e678352f7776dc1bc87a88d58f,0.4353353834386795,0.11377638074865308,0.01290922465007182,0.03094201335421478,-0.9741815488232713,0.018718099258115656
sample_5036,L15-1389E-1284N_5557_3054_13,50176,0.09189652423469388,5003c41e614752912b7d0ebe32fc0373dcce0cef03627020e720c08791df07b7,64990ea6addff6af93b8eace95fbcf586b8f19e678352f7776dc1bc87a88d58f,0.37345901783521845,0.15012647413078545,0.04909003794559145,0.11106540280944432,-0.9018199218928749,0.06986279215081488
sample_5037,L15-1748E-1247N_6993_3202_13,50176,0.0009167729591836735,8daf05172d2a1e9d9040274604059e0f5864e4bd4a436cfba6947e7340d3e376,64990ea6addff6af93b8eace95fbcf586b8f19e678352f7776dc1bc87a88d58f,0.005700637148640555,0.0017451863010597823,0.000594918772920358,0.0021072617499399166,-0.998810161082307,0.0009911906326401088
sample_5038,L15-1848E-0793N_7394_5018_13,50176,0.01215720663265306,daede069d703460dc1275e43c772caa2a215db963efcbfa2dc4eef610aab241d,64990ea6addff6af93b8eace95fbcf586b8f19e678352f7776dc1bc87a88d58f,0.033056839947741126,0.018909364185015733,0.01898986662082298,0.04599274719180358,-0.9620202642619973,0.02782024488448869
sample_5039,L15-0566E-1185N_2265_3451_13,50176,0.0,daede069d703460dc1275e43c772caa2a215db963efcbfa2dc4eef610aab241d,64990ea6addff6af93b8eace95fbcf586b8f19e678352f7776dc1bc87a88d58f,7.406466445539237e-05,4.254040471239586e-06,7.294744552512254e-05,0.0004093535219356578,-0.9998541047682147,0.00014164085057900602
sample_5040,L15-1389E-1284N_5557_3054_13,50176,0.014309630102040817,d4669ea5fcf6e12bda6c602c16c67017969c4f5d442bbe732584fa9d05b79cc6,64990ea6addff6af93b8eace95fbcf586b8f19e678352f7776dc1bc87a88d58f,0.07622185664890216,0.026633010673680818,0.004915385451215338,0.013348827580247085,-0.9901692275661388,0.007622664393013896
sample_5041,L15-0544E-1228N_2176_3279_13,50176,0.14724170918367346,dec7ad43d0d7a130932675b62bd83fa139e813f65b769b29674eccb766022776,64990ea6addff6af93b8eace95fbcf586b8f19e678352f7776dc1bc87a88d58f,1.4853111261784773,0.27570227929392865,0.01830998713112607,0.04307410138293059,-0.9633800246446307,0.026322390199136087
sample_5042,L15-1389E-1284N_5557_3054_13,50176,0.08476163903061225,0b9c8cb40160b27bd09b3a4a2afe1e72fb01e4bb6ce2aef02b452ad00ebe8683,64990ea6addff6af93b8eace95fbcf586b8f19e678352f7776dc1bc87a88d58f,0.3998833296533143,0.1470334164747278,0.0312217006730676,0.0752641968524298,-0.9375565964311234,0.045598882745162626
sample_5043,L15-1748E-1247N_6993_3202_13,50176,0.011120854591836735,b3595293d496d1104982a7f663c0833584fd2d1d317f871428ac2baad6e5d973,64990ea6addff6af93b8eace95fbcf586b8f19e678352f7776dc1bc87a88d58f,0.07052782167043034,0.019982165866727096,0.0046387420568083015,0.011581083700109261,-0.9907225146412063,0.00686048337430709
sample_5044,L15-1138E-1216N_4553_3325_13,50176,0.04651626275510204,1de2016ef3846322c8766eabadca2104a2fddd38c4a04620aa65d0f3e9a781b8,64990ea6addff6af93b8eace95fbcf586b8f19e678352f7776dc1bc87a88d58f,0.4952652761280862,0.08854903521220224,0.006764978183461923,0.01687285430174768,-0.9864700418254663,0.009956950954479769
sample_5045,L15-0544E-1228N_2176_3279_13,50176,0.18162069515306123,d3894b511f981f96eb46052499a3ec3c7b633692b50bf8d05b7a897a09234ae2,64990ea6addff6af93b8eace95fbcf586b8f19e678352f7776dc1bc87a88d58f,2.2036110517598506,0.3582495254870677,0.004771660219839945,0.012023868207801896,-0.9904566784940565,0.0069576844621896975
sample_5046,L15-1389E-1284N_5557_3054_13,50176,0.09157764668367346,ec5e91c6d27a0b736d91c511ae8f281c94342a10b9b4efd87ce8314cad30d979,64990ea6addff6af93b8eace95fbcf586b8f19e678352f7776dc1bc87a88d58f,0.3389232155744223,0.14952179349344025,0.05245177747862299,0.11882903407588502,-0.8950964432230103,0.07459219516533833
sample_5047,L15-1014E-1375N_4056_2688_13,50176,0.14973294005102042,6069c19b6a6a7a41b0962e4113879af6d706079aae9550b606023a12ee0e4692,64990ea6addff6af93b8eace95fbcf586b8f19e678352f7776dc1bc87a88d58f,0.7636271532413014,0.2580240147846021,0.04948849202138467,0.11638242270452051,-0.9010230147818008,0.07154146383359543
sample_5048,L15-0544E-1228N_2176_3279_13,50176,0.15778459821428573,6e2ab5b63375d4fd6fe16ff11ec0ae4d196374f6cdcbceaf302f6ea1ce3285f7,64990ea6addff6af93b8eace95fbcf586b8f19e678352f7776dc1bc87a88d58f,1.6584571108398807,0.30386665926142464,0.015736421964568446,0.04117513382493438,-0.9685271552959329,0.023733758921077278
sample_5049,L15-1210E-1025N_4840_4088_13,50176,0.03571428571428571,1345a9bd62c284c85a03e81fbff101c84d8f8ea290df233979d8e2576176f485,64990ea6addff6af93b8eace95fbcf586b8f19e678352f7776dc1bc87a88d58f,0.2634763050495751,0.06929328221723245,0.002977107886738163,0.010133211530127839,-0.9940457831673291,0.005010831749369122
sample_5050,L15-1138E-1216N_4553_3325_13,50176,0.06487165178571429,54fe3dba974ef46ff8441700ca15fb88f3ed61fcd54923d1fae237262c2a007e,64990ea6addff6af93b8eace95fbcf586b8f19e678352f7776dc1bc87a88d58f,0.6168706218622835,0.12205911989246808,0.008426154728465694,0.0210767507022995,-0.9831476886135267,0.0124247668936479
sample_5051,L15-1185E-0935N_4742_4450_13,50176,0.1786511479591837,42c0b90cd0ceba6eab98e6e2d36fd4899c03b1b4c425ba274e46a593159f2ae3,64990ea6addff6af93b8eace95fbcf586b8f19e678352f7776dc1bc87a88d58f,0.7047643860098097,0.29219631870355245,0.09710130604620719,0.2181134306072417,-0.805797388030562,0.1375404875127179
sample_5052,L15-1185E-0935N_4742_4450_13,50176,0.06060666454081633,ed4aa420a151a0ebe9e4bb2a949ec7bcb1d6aadb6bc5276ce60e39b68f5cb732,64990ea6addff6af93b8eace95fbcf586b8f19e678352f7776dc1bc87a88d58f,0.48725038043066293,0.1126609439006473,0.013103617956310662,0.03318847057306789,-0.9737927620987703,0.01957968704667756
sample_5053,L15-0566E-1185N_2265_3451_13,50176,0.0272640306122449,7298d84a4a6bafec693fa1278970a83ad19954a8c8d9b7437c9c22142dede722,64990ea6addff6af93b8eace95fbcf586b8f19e678352f7776dc1bc87a88d58f,0.18103785133870007,0.0506262993064961,0.005636265690257887,0.014698495433397083,-0.9887274668801829,0.008525522012316563
sample_5054,L15-0544E-1228N_2176_3279_13,50176,0.14391342474489796,705aecdcea36f274a9497b124bdf5b472bba56a89253f8715faebe656d4662c2,64990ea6addff6af93b8eace95fbcf586b8f19e678352f7776dc1bc87a88d58f,1.7077520998891234,0.27538552519663617,0.011850015078528727,0.026408774189321034,-0.9762999680996506,0.016439713569563343
sample_5055,L15-0566E-1185N_2265_3451_13,50176,0.0042849170918367345,fb12bfb84b93437228f47f8f1d2fbf59d4792b6885a04542542f658d39d77b93,64990ea6addff6af93b8eace95fbcf586b8f19e678352f7776dc1bc87a88d58f,0.031845153582890404,0.00831412251772323,0.0005774433981171067,0.0017259741601589977,-0.9988451128541344,0.0008932803605001752
sample_5056,L15-1014E-1375N_4056_2688_13,50176,0.09125876913265306,23f27b46ae1ac7647578e8545878580fc39ae0a7267f05d116f2a871cb577187,64990ea6addff6af93b8eace95fbcf586b8f19e678352f7776dc1bc87a88d58f,0.4968349886537029,0.1559758908915401,0.032242361242331714,0.07452866017013406,-0.9355152752630674,0.046154055842737816
sample_5057,L15-0358E-1220N_1433_3310_13,50176,0.08541932397959184,95556ca5947d74cfc4859bf0bb8912fc26808447c6159e841c433bb4f780b538,64990ea6addff6af93b8eace95fbcf586b8f19e678352f7776dc1bc87a88d58f,0.435884998621183,0.14366651290359356,0.028135969509057016,0.06460430138101111,-0.943728058936684,0.040024597609495456
sample_5058,L15-1748E-1247N_6993_3202_13,50176,0.001016422193877551,6151bfd2392578824ed2981d3e73d02e4cb94ebbedff03525b250b192f386c40,64990ea6addff6af93b8eace95fbcf586b8f19e678352f7776dc1bc87a88d58f,0.00781338009621692,0.0020442323199308847,0.0004710750369241043,0.0014696665860069154,-0.9990578489041861,0.0007398534783414271
sample_5059,L15-0358E-1220N_1433_3310_13,50176,0.08910634566326531,8e50cccfb0fb3791d071da4d60a6b768bc7c5e400c838d2ac271d92af4dbb655,64990ea6addff6af93b8eace95fbcf586b8f19e678352f7776dc1bc87a88d58f,0.42825760962157067,0.14706355587463113,0.030692629375951175,0.06947759474347981,-0.938614739208581,0.043400307771764915
sample_5060,L15-0544E-1228N_2176_3279_13,50176,0.17827248086734693,b648d2ed014f4ae3ae82c276e4e17870f400b6469f130ce08bcad01355b3d007,64990ea6addff6af93b8eace95fbcf586b8f19e678352f7776dc1bc87a88d58f,2.1737647590647335,0.3500437897863677,0.005356281713050391,0.013638588888866406,-0.9892874354889452,0.007932733484899656
sample_5061,L15-0544E-1228N_2176_3279_13,50176,0.18068399234693877,29d7254c70d66bdcb5eacc699e26fc5eb9124ed9ec61edef01369b8dd80f5329,64990ea6addff6af93b8eace95fbcf586b8f19e678352f7776dc1bc87a88d58f,2.2177310015761185,0.3560019103125424,0.005178166277782649,0.012891970858510134,-0.989643666403828,0.007555927852981591
sample_5062,L15-1748E-1247N_6993_3202_13,50176,0.005919164540816327,7b5fd6929a745588e13560101fa9e2883831ecf7a2795f66ff35d6e7bc1c37ae,64990ea6addff6af93b8eace95fbcf586b8f19e678352f7776dc1bc87a88d58f,0.04521137135246752,0.011036782831065316,0.0018786419045218096,0.005426325822929835,-0.9962427149711947,0.0029113983310102586
sample_5063,L15-1848E-0793N_7394_5018_13,50176,0.028559470663265307,54d9665689257df1e37d9116171c490c0e46b1e708238838ac139b6063a12ac6,64990ea6addff6af93b8eace95fbcf586b8f19e678352f7776dc1bc87a88d58f,0.16486489534053242,0.051462045063911874,0.012922565785369702,0.03281144387759648,-0.9741548666861258,0.019348564501167367
sample_5064,L15-1185E-0935N_4742_4450_13,50176,0.06881776147959184,4ebc59fd50213163223330ff016dce6de65cf134cc37cced807535ace23197cb,64990ea6addff6af93b8eace95fbcf586b8f19e678352f7776dc1bc87a88d58f,0.5130916957936449,0.12869073363690245,0.012051049604470253,0.031221113795420523,-0.9758978993851839,0.018097565845344943
sample_5065,L15-1848E-0793N_7394_5018_13,50176,0.04946588010204082,fe71589edc6f6ffb1be508a9a991368bf6c1a8f3b16e4f3258be7bb9fecf6dec,64990ea6addff6af93b8eace95fbcf586b8f19e678352f7776dc1bc87a88d58f,0.2516863984858919,0.08597413050056253,0.018387628082490087,0.044463416697340385,-0.9632247413703385,0.026878261102155528
sample_5066,L15-1848E-0793N_7394_5018_13,50176,0.0006178252551020409,a3f4aec7b0054265f83404a6d96b49ed44efc2220960fd6c82087a67e2399fd2,64990ea6addff6af93b8eace95fbcf586b8f19e678352f7776dc1bc87a88d58f,0.003723545259033047,0.001332476264754634,0.002199427802020646,0.006279042533614124,-0.9956011434451909,0.0034815399710847648
sample_5067,L15-1185E-0935N_4742_4450_13,50176,0.16563695790816327,19cf76a9c76dab7fcc69990cfbdcf2764e55168beadc350708959ad0fffbddc3,64990ea6addff6af93b8eace95fbcf586b8f19e678352f7776dc1bc87a88d58f,0.8389692577277308,0.2873951574277127,0.07047959079143915,0.16792801482028755,-0.8590408181554083,0.1031465355501932
sample_5068,L15-0544E-1228N_2176_3279_13,50176,0.17849170918367346,6056fdac024de969a85dc8f2425cf2700003802ae9ad2783ad5f8c93e9b4e628,64990ea6addff6af93b8eace95fbcf586b8f19e678352f7776dc1bc87a88d58f,2.2564383079444945,0.35183538804962905,0.004451391410690789,0.010877037593369849,-0.9910972160638002,0.006451575788243992
sample_5069,L15-1848E-0793N_7394_5018_13,50176,0.0005580357142857143,daede069d703460dc1275e43c772caa2a215db963efcbfa2dc4eef610aab241d,64990ea6addff6af93b8eace95fbcf586b8f19e678352f7776dc1bc87a88d58f,0.0015456433557734905,0.0008867977880483658,0.0003562138964688139,0.0009796753756547258,-0.9992875716289424,0.0005377985308172149
sample_5070,L15-0368E-1245N_1474_3210_13,50176,0.24001514668367346,f21990bf33932a74d1d2c8cd6aaf883ec192b2328346eb65a5563937aa8798e8,64990ea6addff6af93b8eace95fbcf586b8f19e678352f7776dc1bc87a88d58f,1.3548089288284362,0.40727299916668325,0.06779915778493813,0.15291263772430772,-0.86440168425415,0.09576492745906516
sample_5071,L15-1185E-0935N_4742_4450_13,50176,0.06431361607142858,fd0d506a27d77e3f12ad89b49aa1985da09e407e2b455a7ed38948452343c78a,64990ea6addff6af93b8eace95fbcf586b8f19e678352f7776dc1bc87a88d58f,0.5014254790987163,0.11693824659746344,0.014009002275403817,0.0337094462489347,-0.97198199374471,0.02032658625210286
sample_5072,L15-1389E-1284N_5557_3054_13,50176,0.014947385204081632,7049d148f28975f0dff07bf5d12adedf3f532eddb517e1ee0af999cc239c5997,64990ea6addff6af93b8eace95fbcf586b8f19e678352f7776dc1bc87a88d58f,0.08454669169446317,0.028119765551768074,0.0045331242299467625,0.012694396188500472,-0.9909337503264009,0.007141436311484786
sample_5073,L15-1848E-0793N_7394_5018_13,50176,0.0042849170918367345,536fbe64aa14edb7229a7bbd5fbf546ba5159c7510eec605015c8a4e05a4d834,64990ea6addff6af93b8eace95fbcf586b8f19e678352f7776dc1bc87a88d58f,0.03822373178295803,0.008074332796491005,0.0006202511971683375,0.0016228236451247483,-0.9987594969238881,0.0009234589514886126
sample_5074,L15-1210E-1025N_4840_4088_13,50176,0.020527742346938774,6d636f95515e25bc17ed95ea70498e85e1a2bb4291604e035a7c1f7b9c99690e,64990ea6addff6af93b8eace95fbcf586b8f19e678352f7776dc1bc87a88d58f,0.1416951415123539,0.03581291170598208,0.0040386772871359574,0.008915507951032126,-0.9919226444015303,0.005463650804504351
sample_5075,L15-1210E-1025N_4840_4088_13,50176,0.06993383290816327,82d532b492581f72d4132a9688dd7e4c955d132521f859a9f9bd05efcaae7cd5,64990ea6addff6af93b8eace95fbcf586b8f19e678352f7776dc1bc87a88d58f,0.5315512222847391,0.12809630475482134,0.009123210481615091,0.022848395443288275,-0.9817535772509877,0.01351882087832698
sample_5076,L15-1138E-1216N_4553_3325_13,50176,0.12177136479591837,2836b4daa2df87fc03c1e6b622cdf36a2ae255c9fbd22cd2bfbb1621308a9f53,64990ea6addff6af93b8eace95fbcf586b8f19e678352f7776dc1bc87a88d58f,0.5715030002893545,0.20639915058085792,0.04892767084600898,0.11451320697830832,-0.9021446575531646,0.07047327931213132
sample_5077,L15-1276E-1107N_5105_3761_13,50176,0.06295838647959184,401962528acc0eb380e7c4ef5d0b42f48d33272219b7f503d9dddff90371c6e3,64990ea6addff6af93b8eace95fbcf586b8f19e678352f7776dc1bc87a88d58f,0.3952667799006236,0.11254162554093211,0.03512031404890728,0.08245317611030635,-0.9297593697969821,0.05137758826035316
sample_5078,L15-1848E-0793N_7394_5018_13,50176,0.0037468112244897957,ab8acae8747c3a0871a0a7485dd1b93f80b3595fce549e12fa0c7b8cf345efe4,64990ea6addff6af93b8eace95fbcf586b8f19e678352f7776dc1bc87a88d58f,0.023894189979718844,0.00722986250215798,0.001435647412127226,0.004429400847624548,-0.9971287040216908,0.002330517923519301
sample_5079,L15-0544E-1228N_2176_3279_13,50176,0.15495455994897958,c2d135c69e88595b0e4919c5efd803df609085f6832f6725a94b6131266049fe,64990ea6addff6af93b8eace95fbcf586b8f19e678352f7776dc1bc87a88d58f,1.8166258707989111,0.30377279937441315,0.00764401386401673,0.021160504575558504,-0.9847119714002622,0.011840303788950691
sample_5080,L15-1748E-1247N_6993_3202_13,50176,0.009386957908163265,c7f713957f1fe3010d19510a57493ef70963fb3628ce5ad729bc10daeb325d65,64990ea6addff6af93b8eace95fbcf586b8f19e678352f7776dc1bc87a88d58f,0.05727161848360278,0.01653404954828052,0.0030686909674989935,0.007800899346148413,-0.9938626169138242,0.004492516035111613
sample_5081,L15-0544E-1228N_2176_3279_13,50176,0.1490154655612245,d89af1a13b668857cddcbf42527b7f1d0e3dd329b5507695004207a08a857e9e,64990ea6addff6af93b8eace95fbcf586b8f19e678352f7776dc1bc87a88d58f,1.5295098575751258,0.2790908862182979,0.018954362917444383,0.04372554327199518,-0.9620912728863997,0.026847816099251222
sample_5082,L15-0544E-1228N_2176_3279_13,50176,0.1582629145408163,83de72ac86eeec43772212a801816c3328915ea4dd1e4aa32cc404d472291a15,64990ea6addff6af93b8eace95fbcf586b8f19e678352f7776dc1bc87a88d58f,1.6433490175163834,0.30474106626152236,0.015427179601309555,0.03991678737139593,-0.9691456402178149,0.02310050239408581
sample_5083,L15-1210E-1025N_4840_4088_13,50176,0.005042251275510204,a75ce6c0c49c63948d0919855ff86985379187dd0e7345ffa67c9caaae0ba601,64990ea6addff6af93b8eace95fbcf586b8f19e678352f7776dc1bc87a88d58f,0.05019022738918668,0.010168486375518728,0.0013868220456951887,0.004216134908594381,-0.9972263545694627,0.002256297912963401
sample_5084,L15-1389E-1284N_5557_3054_13,50176,0.0,daede069d703460dc1275e43c772caa2a215db963efcbfa2dc4eef610aab241d,64990ea6addff6af93b8eace95fbcf586b8f19e678352f7776dc1bc87a88d58f,6.067997131792216e-06,2.461690673542776e-09,6.067381259434077e-06,6.697389381614325e-05,-0.9999878647490257,1.2132300828194759e-05
sample_5085,L15-0368E-1245N_1474_3210_13,50176,0.2579320790816326,319322ac69dc633f99398e0708452fd4ba780a780f86598fec8b3b79615aff70,64990ea6addff6af93b8eace95fbcf586b8f19e678352f7776dc1bc87a88d58f,1.714459198897912,0.45366428754587973,0.061484134608727634,0.14319995349429768,-0.8770317306254682,0.08829740358030905
sample_5086,L15-0358E-1220N_1433_3310_13,50176,0.04571906887755102,f95cd8386f05e10546ecb185a508e35c5d8a7832f4cd7eaacb56695883cdcfd7,64990ea6addff6af93b8eace95fbcf586b8f19e678352f7776dc1bc87a88d58f,0.32928011709503346,0.08367504449400086,0.010737431931727546,0.02701180610509969,-0.9785251345208578,0.01598080743062727
sample_5087,L15-1389E-1284N_5557_3054_13,50176,0.0013153698979591836,2908a4eea388941c9255ae526e97397aa34da0f2fa5b39786ddfdc96285078ba,64990ea6addff6af93b8eace95fbcf586b8f19e678352f7776dc1bc87a88d58f,0.014473832723947635,0.002647041057894045,0.00012579751177215759,0.0005573429944666834,-0.999748403777473,0.00022891557795108578
sample_5088,L15-0368E-1245N_1474_3210_13,50176,0.16294642857142858,d4d2eaf38d2a341a0df63add15a1176efd0d881cb4393a5aac7dcc8c7ec195ef,64990ea6addff6af93b8eace95fbcf586b8f19e678352f7776dc1bc87a88d58f,1.223739035881406,0.2953499822223633,0.027703164306906412,0.06434319430218365,-0.9445936688825948,0.03958678916487865
sample_5089,L15-1389E-1284N_5557_3054_13,50176,0.0,daede069d703460dc1275e43c772caa2a215db963efcbfa2dc4eef610aab241d,64990ea6addff6af93b8eace95fbcf586b8f19e678352f7776dc1bc87a88d58f,8.879771135957899e-06,8.140296297413784e-08,8.859083636150676e-06,8.280915625150498e-05,-0.9999822815932516,1.763676430932754e-05
sample_5090,L15-1389E-1284N_5557_3054_13,50176,0.019391741071428572,f4289c593adaf47c65e8725003671b4d63cae138554e837e3a1f096ceff91516,64990ea6addff6af93b8eace95fbcf586b8f19e678352f7776dc1bc87a88d58f,0.09205852377548734,0.03493084368018888,0.008316848727598863,0.021788514123807102,-0.9833663006354485,0.012806438703727116
sample_5091,L15-1210E-1025N_4840_4088_13,50176,0.004464285714285714,7625a11805f0808568ff5f9641c678505945fc1d09b269312bd4d5b3103ca240,64990ea6addff6af93b8eace95fbcf586b8f19e678352f7776dc1bc87a88d58f,0.03783872601827535,0.009181103039749054,0.003593914539847827,0.009819285836642993,-0.9928121697809454,0.005604901545770435
sample_5092,L15-1848E-0793N_7394_5018_13,50176,0.004145408163265306,41120604b05acee5707f515a230e3fc2b12189a36d8d2d512a69a4e857d0c01e,64990ea6addff6af93b8eace95fbcf586b8f19e678352f7776dc1bc87a88d58f,0.036854225209525256,0.007851111222071468,0.0006333315419508334,0.001553247855695723,-0.998733336466745,0.0009006579908364745
sample_5093,L15-0544E-1228N_2176_3279_13,50176,0.15459582270408162,0f2a78df9faed58c0e9e1aab9e70041c54f6a059a43f78e9790d41bbfc74e51b,64990ea6addff6af93b8eace95fbcf586b8f19e678352f7776dc1bc87a88d58f,1.7765306109226793,0.30377473530524657,0.00736589394794891,0.020760090506903413,-0.9852682110684057,0.011416609175715024
sample_5094,L15-1389E-1284N_5557_3054_13,50176,0.0013352997448979591,2908a4eea388941c9255ae526e97397aa34da0f2fa5b39786ddfdc96285078ba,64990ea6addff6af93b8eace95fbcf586b8f19e678352f7776dc1bc87a88d58f,0.012923121576408111,0.0027036648900647074,0.00028602034685068896,0.0010992635489674937,-0.9994279585690412,0.0005029394463714389
sample_5095,L15-1848E-0793N_7394_5018_13,50176,0.017956792091836735,daede069d703460dc1275e43c772caa2a215db963efcbfa2dc4eef610aab241d,64990ea6addff6af93b8eace95fbcf586b8f19e678352f7776dc1bc87a88d58f,0.08570296831062006,0.030152077570668893,0.005222852192153888,0.012165017566402144,-0.9895542938672964,0.007456558307664977
sample_5096,L15-1389E-1284N_5557_3054_13,50176,0.019112723214285716,bfa88037e1364606a139e3f8954cf8597aa8d04cd1702d702955ed99420296c1,64990ea6addff6af93b8eace95fbcf586b8f19e678352f7776dc1bc87a88d58f,0.0865743159054915,0.03407861503485068,0.009306770419150743,0.024390057114982596,-0.9813864574337363,0.014412506707811313
sample_5097,L15-1748E-1247N_6993_3202_13,50176,0.006018813775510204,0024b1cdef0b77fb042fa0315fc670dcadcaa2c5cf3036803c5cca8d42af46c0,64990ea6addff6af93b8eace95fbcf586b8f19e678352f7776dc1bc87a88d58f,0.04739359959959222,0.011213439500552699,0.0023534040641495766,0.006418677975068922,-0.995293190458096,0.0035651571187311905
sample_5098,L15-1014E-1375N_4056_2688_13,50176,0.1500518176020408,6069c19b6a6a7a41b0962e4113879af6d706079aae9550b606023a12ee0e4692,64990ea6addff6af93b8eace95fbcf586b8f19e678352f7776dc1bc87a88d58f,0.7878634827872502,0.2578986928373068,0.055893728170990566,0.12768626780009998,-0.8882125424388089,0.07985548209789761
sample_5099,L15-1185E-0935N_4742_4450_13,50176,0.06357621173469388,2148f6c0f21353b9294d71828cc093e2b3e27e0794d21d7e7075012248047486,64990ea6addff6af93b8eace95fbcf586b8f19e678352f7776dc1bc87a88d58f,0.4471406151423608,0.11398922279284124,0.019831203005029534,0.04740080420139587,-0.9603375920744999,0.028822995376578498
sample_5100,L15-0358E-1220N_1433_3310_13,50176,0.03459821428571429,d02a41e106ce652ff7b2007845404fcb99c860f7eacee7d7d1e0226fb5cffbdc,64990ea6addff6af93b8eace95fbcf586b8f19e678352f7776dc1bc87a88d58f,0.13759336646290024,0.056451161901968,0.021276573484231318,0.04917183649581005,-0.9574468500997818,0.030753667838695462
sample_5101,L15-1276E-1107N_5105_3761_13,50176,0.009964923469387755,51b1a198401ca15b3108f75417e60246e7286b723b041d91e648ecb3df808a53,64990ea6addff6af93b8eace95fbcf586b8f19e678352f7776dc1bc87a88d58f,0.12031940788437667,0.019579333206294187,0.00016143273476663294,0.00048779459593674,-0.9996771343687655,0.0002475997457780697
sample_5102,L15-1185E-0935N_4742_4450_13,50176,0.17727598852040816,f1f33bcee3dffde27764c208de41e580afe580d87e1a2cf068fd552e02d9da70,64990ea6addff6af93b8eace95fbcf586b8f19e678352f7776dc1bc87a88d58f,0.7808363194136981,0.2924416821274388,0.09746077224346143,0.21737272321153991,-0.805078455433906,0.13780596128805672
sample_5103,L15-0358E-1220N_1433_3310_13,50176,0.06891741071428571,276cdf731a1a608b4c77d0a84b2923c526e495f10a6c28fb637898ff9564f0ab,64990ea6addff6af93b8eace95fbcf586b8f19e678352f7776dc1bc87a88d58f,0.41911860500225984,0.12038319946065307,0.018918354101051405,0.04362073870822807,-0.9621632900590531,0.02696017802078834
sample_5104,L15-1389E-1284N_5557_3054_13,50176,0.09014269770408163,71592e090bf309a59c3982c6b4d9d7de5245d3ddbdcc1befbb61eeb112d59c16,64990ea6addff6af93b8eace95fbcf586b8f19e678352f7776dc1bc87a88d58f,0.3513991293537139,0.1467174045442774,0.048871714551695526,0.11092992859378692,-0.9022565691111442,0.06957240548391573
sample_5105,L15-1210E-1025N_4840_4088_13,50176,0.06529017857142858,b639d383fdd48c9e17d96a8347167de53e6cf2d101fc77eb60abb3affebb8378,64990ea6addff6af93b8eace95fbcf586b8f19e678352f7776dc1bc87a88d58f,0.46870834241571735,0.11657871263466842,0.014025847054542783,0.03275584077393576,-0.9719483039272796,0.020090966677671997
sample_5106,L15-0566E-1185N_2265_3451_13,50176,1.992984693877551e-05,daede069d703460dc1275e43c772caa2a215db963efcbfa2dc4eef610aab241d,64990ea6addff6af93b8eace95fbcf586b8f19e678352f7776dc1bc87a88d58f,3.2478069728579894e-05,1.2450035632722768e-05,2.7053960960130304e-05,0.00012660980254049128,-0.9999458913506041,4.3095458707790034e-05
sample_5107,L15-1276E-1107N_5105_3761_13,50176,0.010323660714285714,c0ad605a83b14a37a63c301434ce7ac0ffaf43a5d9930eb38907b01717482388,64990ea6addff6af93b8eace95fbcf586b8f19e678352f7776dc1bc87a88d58f,0.12975099794727132,0.020414171518281513,8.340981760423402e-05,0.0002824521596117529,-0.9998331797935427,0.00013189514492568496
sample_5108,L15-1748E-1247N_6993_3202_13,50176,0.005879304846938775,dd8cd9fb8ac7524ecc2d4d7c7bde69ba475de28d5f0f0246e4a4e268599a4289,64990ea6addff6af93b8eace95fbcf586b8f19e678352f7776dc1bc87a88d58f,0.04842484131517537,0.01126497837579814,0.0019324897439219058,0.0058317816331452344,-0.9961350194321682,0.0030813895756303883
sample_5109,L15-1210E-1025N_4840_4088_13,50176,0.0537109375,3d13ccecda525ba8c7e9bbfef9af4097449ca610c6161d16f659612b1e933e21,64990ea6addff6af93b8eace95fbcf586b8f19e678352f7776dc1bc87a88d58f,0.3588409485379186,0.09700787368884539,0.011579690800447549,0.028170398941098778,-0.976840616701207,0.016970087135979285
sample_5110,L15-1748E-1247N_6993_3202_13,50176,0.0009167729591836735,2471987e46c3349a2b70d56796ca6746b3f5bd2aa0b189cd36f55149f0d09713,64990ea6addff6af93b8eace95fbcf586b8f19e678352f7776dc1bc87a88d58f,0.007496877720179406,0.0017592666813322979,0.0002982363138081772,0.0010731370724761122,-0.9994035263816485,0.0004963235556382062
sample_5111,L15-1276E-1107N_5105_3761_13,50176,0.06499123086734694,62b6b773c369ae01e3211b44fc553dc7c1b9a39799c67d6da1b3633817146d38,64990ea6addff6af93b8eace95fbcf586b8f19e678352f7776dc1bc87a88d58f,0.4088817648256212,0.11525649079434731,0.03389634005012637,0.07969247490167995,-0.932207318304394,0.04944951001928957
sample_5112,L15-1748E-1247N_6993_3202_13,50176,0.009646045918367346,f97b316140691b19c03db89ed9d62180bbd69f2f9e825881f490a2f1d7b9baa6,64990ea6addff6af93b8eace95fbcf586b8f19e678352f7776dc1bc87a88d58f,0.059531659116873574,0.017899714216428636,0.0028663512689954774,0.008145121089846741,-0.994267296314321,0.004500714489211405
sample_5113,L15-1210E-1025N_4840_4088_13,50176,0.023158482142857144,f5758834671c119d559bb9c5be7cf15d7d63abc9d000e772b14700cc59d5d7ee,64990ea6addff6af93b8eace95fbcf586b8f19e678352f7776dc1bc87a88d58f,0.16556792767248338,0.041213008567808726,0.004090337035227187,0.010203818190076182,-0.9918193245999657,0.005910422881752341
sample_5114,L15-0544E-1228N_2176_3279_13,50176,0.17598054846938777,730cfec4ec7a78111a9a7402f2fde44f9e4e1cadd42f1000642fb603148315f1,64990ea6addff6af93b8eace95fbcf586b8f19e678352f7776dc1bc87a88d58f,1.9876235242989908,0.3362059996587558,0.015117786929239424,0.03597656335589916,-0.9697644247085142,0.021775905926094328
sample_5115,L15-0368E-1245N_1474_3210_13,50176,0.21538185586734693,8c3bcdd6f92c8b4cc89a2470184365ac13b16ada2d5ef1a381faa78d6301c7ea,64990ea6addff6af93b8eace95fbcf586b8f19e678352f7776dc1bc87a88d58f,1.3506768416126649,0.3689804328827425,0.06489027555371464,0.14768974540405605,-0.8702194487189416,0.09211450314948466
sample_5116,L15-1138E-1216N_4553_3325_13,50176,0.1734295280612245,ebd446e3cca6535eaec0b594787e3ae44ed4a9a532a663922383bfdf619d7104,64990ea6addff6af93b8eace95fbcf586b8f19e678352f7776dc1bc87a88d58f,1.2498317826027794,0.30882456598359914,0.04528832784378711,0.10832736803589736,-0.909423343570512,0.06600617940969289
sample_5117,L15-1848E-0793N_7394_5018_13,50176,0.006058673469387755,daede069d703460dc1275e43c772caa2a215db963efcbfa2dc4eef610aab241d,64990ea6addff6af93b8eace95fbcf586b8f19e678352f7776dc1bc87a88d58f,0.017820349259338647,0.009742341269944763,0.010370133970911634,0.026651103308655374,-0.9792597300200023,0.015524574437663209
sample_5118,L15-0358E-1220N_1433_3310_13,50176,0.018893494897959183,b6f591786aac712b1eafc1086cfc8bb169d741d9305ceb9b6bc660acdf70a0ac,64990ea6addff6af93b8eace95fbcf586b8f19e678352f7776dc1bc87a88d58f,0.11796579341078635,0.03687840267460951,0.007757460172240604,0.022843666223121877,-0.9844850774682993,0.01251337993871365
sample_5119,L15-1138E-1216N_4553_3325_13,50176,0.11943957270408163,af7a0cc8435e2f3f5bc209dd7a64763db940f6151d30ae5e99f0e397131ce845,64990ea6addff6af93b8eace95fbcf586b8f19e678352f7776dc1bc87a88d58f,0.5670017516413403,0.20332159226414437,0.04781334819295919,0.11334619292030959,-0.9043733034381003,0.06924984997293075
sample_5120,L15-0544E-1228N_2176_3279_13,50176,0.15692761479591838,83de72ac86eeec43772212a801816c3328915ea4dd1e4aa32cc404d472291a15,64990ea6addff6af93b8eace95fbcf586b8f19e678352f7776dc1bc87a88d58f,1.704382432398217,0.3047003724734104,0.01361559537638511,0.03588959050747815,-0.9727688082023664,0.020506408844252835
sample_5121,L15-1276E-1107N_5105_3761_13,50176,0.06917649872448979,bc45b755b94f4ba24646106ce9e50ea717eca9b5576cdddf063d48a46cc78c1d,64990ea6addff6af93b8eace95fbcf586b8f19e678352f7776dc1bc87a88d58f,0.4518105463663684,0.12484347284312336,0.02809464616216339,0.0684515549919903,-0.9438107059334903,0.04154936965240232
sample_5122,L15-0566E-1185N_2265_3451_13,50176,9.964923469387755e-05,daede069d703460dc1275e43c772caa2a215db963efcbfa2dc4eef610aab241d,64990ea6addff6af93b8eace95fbcf586b8f19e678352f7776dc1bc87a88d58f,0.0002503870784192024,0.00015513146497820275,3.428628064730034e-05,0.00015287492417475783,-0.99993142670122,5.793205793497734e-05
sample_5123,L15-1848E-0793N_7394_5018_13,50176,0.00013950892857142856,a3f4aec7b0054265f83404a6d96b49ed44efc2220960fd6c82087a67e2399fd2,64990ea6addff6af93b8eace95fbcf586b8f19e678352f7776dc1bc87a88d58f,0.0008623556372497058,0.0002057834690228755,9.155798613150813e-05,0.00037237117491816006,-0.9998168833515105,0.00014713225314584932
sample_5124,L15-0358E-1220N_1433_3310_13,50176,0.0859375,b3826f151eba20a85d3a6b626dedd982694dd0b923a97211baa7dfb96e1194b9,64990ea6addff6af93b8eace95fbcf586b8f19e678352f7776dc1bc87a88d58f,0.38626024831414707,0.1398482989681712,0.030622604583409065,0.06870295902763081,-0.9387547888052249,0.0430517239293956
sample_5125,L15-0544E-1228N_2176_3279_13,50176,0.1582828443877551,437b8fc23e774251feadae59d239a452e38ddc1b20234eb894adce167fba9a7d,64990ea6addff6af93b8eace95fbcf586b8f19e678352f7776dc1bc87a88d58f,1.6280914388796552,0.30447225630042096,0.016284515919657995,0.04203503239894882,-0.9674309676427465,0.02435955982872116
sample_5126,L15-0368E-1245N_1474_3210_13,50176,0.2225765306122449,120c703837e34ac549ee0d9012e7d4e69f169cee974bae409029ebd843839f72,64990ea6addff6af93b8eace95fbcf586b8f19e678352f7776dc1bc87a88d58f,1.170542484296852,0.3775642745842134,0.07515338811624263,0.1742393066077831,-0.8496932239605728,0.10762116702067857
sample_5127,L15-0358E-1220N_1433_3310_13,50176,0.09111926020408163,5f8614d328da2d2a41f379106e37f0d4683d38044da30e851d4a1723514cc9dd,64990ea6addff6af93b8eace95fbcf586b8f19e678352f7776dc1bc87a88d58f,0.40655237795934296,0.14942862919868966,0.03178256840982037,0.0721361681252436,-0.9364348613141806,0.045085106867269395
sample_5128,L15-0566E-1185N_2265_3451_13,50176,0.00665656887755102,7563c03058f73a4bf2897f01317273497383329eee5fecc88b92f95ac845de4e,64990ea6addff6af93b8eace95fbcf586b8f19e678352f7776dc1bc87a88d58f,0.05385967542559151,0.012319432600474389,0.0012051181710914386,0.003339713127889761,-0.997589762495481,0.0018231755369830004
sample_5129,L15-1210E-1025N_4840_4088_13,50176,0.021643813775510203,08a5f7efd6be5dbe374e77fee6f91d62b179aea7122807df458079559b613dd3,64990ea6addff6af93b8eace95fbcf586b8f19e678352f7776dc1bc87a88d58f,0.1380634391718434,0.037422511310891256,0.005398307324681735,0.012915116283567715,-0.98920338402327,0.0076527741955206875
sample_5130,L15-1185E-0935N_4742_4450_13,50176,0.14245854591836735,3b68eece7f7fd5fece8fedacf9685218ac8cc93adc1cd534d27641af33fccbeb,64990ea6addff6af93b8eace95fbcf586b8f19e678352f7776dc1bc87a88d58f,1.1004575121186977,0.25386081839154456,0.030023343014122197,0.06954777004184423,-0.9399533123568792,0.0430067071223989
sample_5131,L15-1848E-0793N_7394_5018_13,50176,0.01544563137755102,daede069d703460dc1275e43c772caa2a215db963efcbfa2dc4eef610aab241d,64990ea6addff6af93b8eace95fbcf586b8f19e678352f7776dc1bc87a88d58f,0.07214029265738899,0.026398397823980405,0.005336921266517697,0.012354295675009336,-0.9893261557904804,0.007590676241309919
sample_5132,L15-1014E-1375N_4056_2688_13,50176,0.08695392219387756,000ffa13fd4d2e096e812104008cbfa2db49e989b1418b9424e32f30b0892711,64990ea6addff6af93b8eace95fbcf586b8f19e678352f7776dc1bc87a88d58f,0.48358335858138274,0.15007828736173737,0.029558321781817595,0.06943124888506293,-0.9408833542823283,0.0426913542207962
sample_5133,L15-1138E-1216N_4553_3325_13,50176,0.06094547193877551,1fceaf517ddd2b5719833fc4fc9b98ba4e4b77ab6a2a788651b5068d946b70dc,64990ea6addff6af93b8eace95fbcf586b8f19e678352f7776dc1bc87a88d58f,0.5533527917642067,0.11395283814488406,0.009294880853433694,0.023024673030476527,-0.9814102364668152,0.013656748299852767
sample_5134,L15-0368E-1245N_1474_3210_13,50176,0.26369180484693877,9dad9482c9df2e2fc14146493faf812cb452b84182999ef0b308912208d2f64c,64990ea6addff6af93b8eace95fbcf586b8f19e678352f7776dc1bc87a88d58f,1.8861598873555723,0.46580232741512717,0.05590197116454911,0.12982709605700415,-0.8881960572554769,0.0800831745615324
sample_5135,L15-0544E-1228N_2176_3279_13,50176,0.1776745854591837,1998844aea8abd8ab41ee109baefc2cff9f6236a3580d4880f6a5bf9159b90d7,64990ea6addff6af93b8eace95fbcf586b8f19e678352f7776dc1bc87a88d58f,2.291134799397516,0.34997954324977437,0.004362305459965553,0.010381543380327507,-0.9912753876206837,0.006245726868870249
sample_5136,L15-1014E-1375N_4056_2688_13,50176,0.07896205357142858,0f759872153dfabf2f31893ce10391b848a1fc38668c513f041df972a806cee0,64990ea6addff6af93b8eace95fbcf586b8f19e678352f7776dc1bc87a88d58f,0.538704112906356,0.14228840334783777,0.02049157974115402,0.050171519059669836,-0.9590168388288024,0.0300447725113262
sample_5137,L15-0566E-1185N_2265_3451_13,50176,0.00023915816326530612,f595ecadd196b1ed455481966949971929d4bdeb2f267389cc623a67c7549054,64990ea6addff6af93b8eace95fbcf586b8f19e678352f7776dc1bc87a88d58f,0.00100260549270605,0.00047758197591003614,0.00020974420714287126,0.0008505417065031159,-0.9995805108953366,0.0003660254517216001
sample_5138,L15-1138E-1216N_4553_3325_13,50176,0.07067123724489796,aa65e134e8b6a8ebea4461fe1226017bbaf870d9daa6ee7661597d1be2c3c038,64990ea6addff6af93b8eace95fbcf586b8f19e678352f7776dc1bc87a88d58f,0.6319133544141601,0.13211682800295432,0.011683342441422294,0.028568710726242542,-0.9766333131852156,0.016992403164339205
sample_5139,L15-1276E-1107N_5105_3761_13,50176,0.008888711734693877,b7c2cf9c5438485a2d17190cc28fcf04188388b4ba3c8b1ab60b1886acad62d9,64990ea6addff6af93b8eace95fbcf586b8f19e678352f7776dc1bc87a88d58f,0.10614892880582333,0.01756117745824216,0.00014845017529073722,0.0004562095191794065,-0.9997030989945345,0.00022794045971816316
sample_5140,L15-1138E-1216N_4553_3325_13,50176,0.03115035076530612,daede069d703460dc1275e43c772caa2a215db963efcbfa2dc4eef610aab241d,64990ea6addff6af93b8eace95fbcf586b8f19e678352f7776dc1bc87a88d58f,0.08780937203720234,0.049713802386551986,0.04776079754454407,0.11350984927486436,-0.9044784040963247,0.06935849712996804
sample_5141,L15-1138E-1216N_4553_3325_13,50176,0.17002152423469388,bcb39fca493f7ae81d4943540173c556d96797d8157b87ee04a14985ea27bafd,64990ea6addff6af93b8eace95fbcf586b8f19e678352f7776dc1bc87a88d58f,1.131567502521076,0.29665354463781446,0.052754022459005366,0.1239309196035356,-0.8944919542543665,0.07625578545906248
sample_5142,L15-1748E-1247N_6993_3202_13,50176,0.012834821428571428,579a6f723138b497cb6092ab185e89d68026df5425355ac8544dd432b6891dce,64990ea6addff6af93b8eace95fbcf586b8f19e678352f7776dc1bc87a88d58f,0.07944216628200344,0.023859835462001294,0.0035047584465153665,0.0095636025403268,-0.9929904818951645,0.005393373467093413
sample_5143,L15-1276E-1107N_5105_3761_13,50176,0.009347098214285714,5d7139ea6d9f10432796bab81b511d9feecf55294d36f6be31e73e9ed6b672a8,64990ea6addff6af93b8eace95fbcf586b8f19e678352f7776dc1bc87a88d58f,0.12169032812660138,0.018605528118391598,5.4675308816439035e-05,0.00023606001963324776,-0.999890648716662,8.729239349332667e-05
sample_5144,L15-1014E-1375N_4056_2688_13,50176,0.08916613520408163,35e74c0fed0368d4b0a787f76f7fcf91f6b1802c25dc1f1dade78605b2e35ea9,64990ea6addff6af93b8eace95fbcf586b8f19e678352f7776dc1bc87a88d58f,0.433941246625969,0.14886880966588287,0.035996583992453784,0.08308309615516354,-0.9280068299457279,0.051538472129067814
sample_5145,L15-1748E-1247N_6993_3202_13,50176,0.008948501275510204,d72dd46b36d18f0e5488848842a86d323b0cc1a9389e258e5b0d36c2355ddfc6,64990ea6addff6af93b8eace95fbcf586b8f19e678352f7776dc1bc87a88d58f,0.055436337175410855,0.016423414357789008,0.002863270263852818,0.007945408226567547,-0.9942734582665689,0.004401984103500897
sample_5146,L15-1748E-1247N_6993_3202_13,50176,0.005002391581632653,bac2dbb15538fc457fe1c744ef89bab97a66d62ff7d9700709ebe8797be556c3,64990ea6addff6af93b8eace95fbcf586b8f19e678352f7776dc1bc87a88d58f,0.04591130028571542,0.00996912709151217,0.0008719757565164141,0.002962012476253554,-0.9982560473361792,0.001453473357542105
sample_5147,L15-1210E-1025N_4840_4088_13,50176,0.022042410714285716,a9660773a8e42561023e9e9e3f18c466940886cf3c24541bd8d2500d2f3944c6,64990ea6addff6af93b8eace95fbcf586b8f19e678352f7776dc1bc87a88d58f,0.16032748940402694,0.03948547629743592,0.0052409177617531045,0.01281615725394345,-0.9895181632677568,0.0075244666224157635
sample_5148,L15-1185E-0935N_4742_4450_13,50176,0.07134885204081633,285da58326d2cc8907790d74b906992e1433d432f52fda426dc5841838a926c6,64990ea6addff6af93b8eace95fbcf586b8f19e678352f7776dc1bc87a88d58f,0.4885770342861533,0.131122797863128,0.014694529052168054,0.037062269360662876,-0.9706109402136132,0.02181037865587011
sample_5149,L15-0566E-1185N_2265_3451_13,50176,0.0005580357142857143,1706b9164e7060a4a2cd1520b965b41282ef99addb275a90aaabf6475522d5d2,64990ea6addff6af93b8eace95fbcf586b8f19e678352f7776dc1bc87a88d58f,0.004481899233065338,0.0012881149213407911,0.001988229696990504,0.005936911559611231,-0.9960235396054835,0.003195136723286592
sample_5150,L15-0566E-1185N_2265_3451_13,50176,0.02911750637755102,664cc2dc6a312a20092c6a1916e12a7bb5bbe3e18a12a7ccd746ba4dde87fec1,64990ea6addff6af93b8eace95fbcf586b8f19e678352f7776dc1bc87a88d58f,0.20424565119526153,0.05363270669143486,0.005167733149707546,0.013436225003733248,-0.9896645321119402,0.007739103944736419
sample_5151,L15-1185E-0935N_4742_4450_13,50176,0.13823341836734693,a08e1b9eafa125fc15c1e4306ed36f54b1013270507d47c17097ea7a3e890d7b,64990ea6addff6af93b8eace95fbcf586b8f19e678352f7776dc1bc87a88d58f,1.0392901613789696,0.24494385818212575,0.029394273517881424,0.06682588098841019,-0.9412114516998539,0.04155604109678742
sample_5152,L15-1014E-1375N_4056_2688_13,50176,0.14638472576530612,84604034eec1bc9faf62fd3fd90a829e0cfbf02941b3a398564d2919bdfca058,64990ea6addff6af93b8eace95fbcf586b8f19e678352f7776dc1bc87a88d58f,0.8228463425942366,0.25812284040975075,0.04507571582359319,0.10705093620367584,-0.9098485666581082,0.06560525311811735
sample_5153,L15-1389E-1284N_5557_3054_13,50176,0.014309630102040817,c71f4457c7989093a9240b6faae229927f0a0c2ed634ecebcf35fab5790efe1b,64990ea6addff6af93b8eace95fbcf586b8f19e678352f7776dc1bc87a88d58f,0.07422722588575968,0.026680901310999056,0.004798843159473368,0.013066352733408757,-0.9904023125871306,0.007442751569214553
sample_5154,L15-1389E-1284N_5557_3054_13,50176,0.0,daede069d703460dc1275e43c772caa2a215db963efcbfa2dc4eef610aab241d,64990ea6addff6af93b8eace95fbcf586b8f19e678352f7776dc1bc87a88d58f,7.062240658923464e-06,1.7829353331275043e-08,7.057756100001992e-06,7.269500737858904e-05,-0.9999858845736451,1.4097682846673043e-05
sample_5155,L15-1748E-1247N_6993_3202_13,50176,0.008669483418367346,171a98066de212c478fe941692fb1577cfa66448a310f4bde20dc84a81bf6a9a,64990ea6addff6af93b8eace95fbcf586b8f19e678352f7776dc1bc87a88d58f,0.0616172818070519,0.016570274054463204,0.0024937164900843433,0.007298445010998063,-0.9950125657156333,0.003899673444476855
sample_5156,L15-1014E-1375N_4056_2688_13,50176,0.08250956632653061,afa7e288545621b8211e286a2c67bc37431d3f511f76cee9fbfe788537b09a87,64990ea6addff6af93b8eace95fbcf586b8f19e678352f7776dc1bc87a88d58f,0.46345387131368415,0.1423452516227655,0.02632478218672949,0.06254437459185076,-0.9473504336488157,0.03819801377963478
sample_5157,L15-0368E-1245N_1474_3210_13,50176,0.1620495854591837,2b89745bb3a174b95851b224ed5895c1631f2bb3b565ad8f5f6f733080076575,64990ea6addff6af93b8eace95fbcf586b8f19e678352f7776dc1bc87a88d58f,1.2000897399117862,0.29190604030118805,0.02782017063487283,0.06457609259912606,-0.944359656269341,0.03974919828874703
sample_5158,L15-0566E-1185N_2265_3451_13,50176,0.028698979591836735,21634ac5474ae3cd1b04e1cd5301fd1f48c1f6feacb11199bec1068c35657f64,64990ea6addff6af93b8eace95fbcf586b8f19e678352f7776dc1bc87a88d58f,0.20475645374877152,0.054087047214110756,0.004443173109059583,0.01179133709032379,-0.9911136522558497,0.0067029366984940305
sample_5159,L15-1138E-1216N_4553_3325_13,50176,0.10801977040816327,7f0ac5f0bfe592665d84f6f2e0fcb5249489db2916ff7d18f0f80e173fc957fb,64990ea6addff6af93b8eace95fbcf586b8f19e678352f7776dc1bc87a88d58f,0.5144819356456806,0.18524963099507458,0.045310672202708235,0.10689066070124305,-0.9093786548982509,0.06548708971823887
sample_5160,L15-1848E-0793N_7394_5018_13,50176,9.964923469387755e-05,daede069d703460dc1275e43c772caa2a215db963efcbfa2dc4eef610aab241d,64990ea6addff6af93b8eace95fbcf586b8f19e678352f7776dc1bc87a88d58f,0.00032190830810997886,0.0001561003209839725,0.00019994500444783848,0.0006982860258870554,-0.9996001092435864,0.00032157568326342554
sample_5161,L15-1276E-1107N_5105_3761_13,50176,0.00932716836734694,70f1b8c102b3d2b9c5a9d20d2210a6564382a0cbef1ffdadc8ca8a21bee009af,64990ea6addff6af93b8eace95fbcf586b8f19e678352f7776dc1bc87a88d58f,0.10524258252495992,0.018592266623857892,0.000579902002996556,0.0021563088138921212,-0.9988401955642274,0.0010028262850235014
sample_5162,L15-1848E-0793N_7394_5018_13,50176,0.0006178252551020409,daede069d703460dc1275e43c772caa2a215db963efcbfa2dc4eef610aab241d,64990ea6addff6af93b8eace95fbcf586b8f19e678352f7776dc1bc87a88d58f,0.0026683219445462277,0.001139435942291959,0.001967443740090393,0.005842651116532701,-0.9960651114410268,0.0031774376666336593
sample_5163,L15-1848E-0793N_7394_5018_13,50176,0.003926179846938775,41120604b05acee5707f515a230e3fc2b12189a36d8d2d512a69a4e857d0c01e,64990ea6addff6af93b8eace95fbcf586b8f19e678352f7776dc1bc87a88d58f,0.0381875778073904,0.007456731711580829,0.000504413424820012,0.0012253186178155353,-0.9989911726938405,0.000707402028049136
sample_5164,L15-1014E-1375N_4056_2688_13,50176,0.07860331632653061,3fdf1dc6ba2451845dc80a5e4aae327f1365f04c19a550b3f7efb933764e4415,64990ea6addff6af93b8eace95fbcf586b8f19e678352f7776dc1bc87a88d58f,0.5912556330782222,0.1400911893331121,0.015312361416920108,0.03502450465188802,-0.9693752738823884,0.021596843464407673
sample_5165,L15-1210E-1025N_4840_4088_13,50176,0.00546077806122449,196ae1c85e3261d8c6ef8de02bb14039b39959d176ffd3e22148bb68312f0492,64990ea6addff6af93b8eace95fbcf586b8f19e678352f7776dc1bc87a88d58f,0.04279206278418939,0.011051963960993023,0.0044140879311883935,0.012153941360154123,-0.9911718227272189,0.006916878891655672
sample_5166,L15-1014E-1375N_4056_2688_13,50176,0.14684311224489796,908659b4f6bf6ed855a02e796a123a3caef814173d290d9b5e39bafb34bebb0b,64990ea6addff6af93b8eace95fbcf586b8f19e678352f7776dc1bc87a88d58f,0.867737556948911,0.25717690023570006,0.046384407569682796,0.1065585647148459,-0.9072311837304593,0.06637971423134727
sample_5167,L15-1848E-0793N_7394_5018_13,50176,0.017159598214285716,d339fb3867e7608d47f840d2a446b3f8b1a653bf0931fe5de008db345b474052,64990ea6addff6af93b8eace95fbcf586b8f19e678352f7776dc1bc87a88d58f,0.0831520858630668,0.02880441718524399,0.005802267191846075,0.013293678263066756,-0.9883954643259861,0.00818556404823058
sample_5168,L15-1389E-1284N_5557_3054_13,50176,0.09221540178571429,2cf1de0ed397a568467dee32640f3bb63dc78aba4e3ce5ca615020e1964e5cea,64990ea6addff6af93b8eace95fbcf586b8f19e678352f7776dc1bc87a88d58f,0.3434281517602107,0.1484593128352561,0.0482469333742023,0.10926707506274813,-0.9035061314142245,0.06845278201988415
sample_5169,L15-1014E-1375N_4056_2688_13,50176,0.20477917729591838,1a10179c5729a4e227de13c8d12e0f8c8e37481143700319d7de1b1fa31be60b,64990ea6addff6af93b8eace95fbcf586b8f19e678352f7776dc1bc87a88d58f,1.204164700366392,0.35466612309901674,0.055420201048445035,0.1276125603504964,-0.8891595977460426,0.078982613926765
sample_5170,L15-0544E-1228N_2176_3279_13,50176,0.15790417729591838,46f614c077b01619815ce31346510580ead91d0ff7bdef3ddc902aef7e46c999,64990ea6addff6af93b8eace95fbcf586b8f19e678352f7776dc1bc87a88d58f,1.6859859788054528,0.3046020345095572,0.014487412983874733,0.03776562864665179,-0.9710251732018902,0.021749891484616528
sample_5171,L15-1276E-1107N_5105_3761_13,50176,0.017040019132653062,0a55663a13f3d1055163ee2319e2fa8b18d6906fdd7f963bb2d9ccfd967db3c7,64990ea6addff6af93b8eace95fbcf586b8f19e678352f7776dc1bc87a88d58f,0.18182387573184142,0.03397960195685346,0.0004459452216646501,0.0016084292639748168,-0.9991081087468079,0.0007330850943299526
sample_5172,L15-0368E-1245N_1474_3210_13,50176,0.2297313456632653,f21990bf33932a74d1d2c8cd6aaf883ec192b2328346eb65a5563937aa8798e8,64990ea6addff6af93b8eace95fbcf586b8f19e678352f7776dc1bc87a88d58f,1.4120009913974993,0.39904127320510085,0.05700709952317102,0.1311173666865043,-0.8859858007069226,0.08128465940128243
sample_5173,L15-1185E-0935N_4742_4450_13,50176,0.14977279974489796,8cbc685332bd31698e6de634c5593285ed4050fa13a72c058f5103beb9acf5e3,64990ea6addff6af93b8eace95fbcf586b8f19e678352f7776dc1bc87a88d58f,1.0678844023203928,0.2621416872630091,0.035466823132936746,0.08040566763019033,-0.929066352352362,0.05018155698540967
sample_5174,L15-0358E-1220N_1433_3310_13,50176,0.022341358418367346,c6d004a6f31fcfaa197ec31b2a3c3fe6c028f2c79bcd12d24c18c4a4123efe27,64990ea6addff6af93b8eace95fbcf586b8f19e678352f7776dc1bc87a88d58f,0.16932690250076673,0.043139384815473275,0.0037218397400075836,0.011465342754019184,-0.9925563187657569,0.0060894824703013805
sample_5175,L15-1276E-1107N_5105_3761_13,50176,0.010243941326530613,b237bde89685a30086c6a808ac352918d2627df2f61b32d1dd162aae63fcc5af,64990ea6addff6af93b8eace95fbcf586b8f19e678352f7776dc1bc87a88d58f,0.10892354875244732,0.020241984873311834,0.0009337737669274971,0.0036956641853339166,-0.9981324511207688,0.0016781926885301175
sample_5176,L15-1848E-0793N_7394_5018_13,50176,0.0004384566326530612,a3f4aec7b0054265f83404a6d96b49ed44efc2220960fd6c82087a67e2399fd2,64990ea6addff6af93b8eace95fbcf586b8f19e678352f7776dc1bc87a88d58f,0.0025172808051369465,0.0008508478870794876,0.0010744930180835025,0.003486996908424415,-0.9978510129188586,0.0017845445856712288
sample_5177,L15-0544E-1228N_2176_3279_13,50176,0.15876116071428573,83de72ac86eeec43772212a801816c3328915ea4dd1e4aa32cc404d472291a15,64990ea6addff6af93b8eace95fbcf586b8f19e678352f7776dc1bc87a88d58f,1.6264756971176468,0.3031632815865617,0.01955178882380263,0.05026097033926134,-0.9608964215672928,0.029320903524240417
sample_5178,L15-1748E-1247N_6993_3202_13,50176,0.009247448979591837,80d19f5679f929b844dac7439d7fa30c1146336ba0dab61bd7fc0c57b67dd90b,64990ea6addff6af93b8eace95fbcf586b8f19e678352f7776dc1bc87a88d58f,0.04998390230408973,0.01612879894371998,0.0034900053145306906,0.008591770415040995,-0.9930199883441423,0.005073761949112057
sample_5179,L15-1014E-1375N_4056_2688_13,50176,0.21643813775510204,8fdd5ffdb6caecc345db34e53c57a1308d2dccb31a6c98809c43e3af96304eff,64990ea6addff6af93b8eace95fbcf586b8f19e678352f7776dc1bc87a88d58f,1.0929185176304066,0.3615463272464477,0.0702399809426647,0.15803387832837154,-0.8595200378821594,0.09908474683457245
sample_5180,L15-0368E-1245N_1474_3210_13,50176,0.15178571428571427,bb9b7c09b774cd06e84e589efa96c4860da1715dea915a1cbb95719112256667,64990ea6addff6af93b8eace95fbcf586b8f19e678352f7776dc1bc87a88d58f,1.3207955263730842,0.2849374333026414,0.015693897348163382,0.03813229742269125,-0.96861220288656,0.022884527963219343
sample_5181,L15-0544E-1228N_2176_3279_13,50176,0.17942841198979592,4649cf81e6184c52140f0b2101d39ef0a6b53a72e7542540387d0e712a7ef2f9,64990ea6addff6af93b8eace95fbcf586b8f19e678352f7776dc1bc87a88d58f,2.2913558051973664,0.35407908234383434,0.0040833974074173185,0.009588835853090645,-0.9918332039794612,0.005792619417310854
sample_5182,L15-1848E-0793N_7394_5018_13,50176,0.018036511479591837,ce9e77dde88364c5e4242a7e9d26f7cc7b50284f6d12ce5ba44b2603c8ad95c4,64990ea6addff6af93b8eace95fbcf586b8f19e678352f7776dc1bc87a88d58f,0.10803816641344406,0.03164414665603425,0.004508867739861337,0.010614129292739853,-0.9909822630868197,0.0064635314666288
sample_5183,L15-1185E-0935N_4742_4450_13,50176,0.15896045918367346,cd50ed3f2255ba2e1859a8f6f699d46588455a80fbbe34223956c7f9d1b74ba8,64990ea6addff6af93b8eace95fbcf586b8f19e678352f7776dc1bc87a88d58f,1.000503315531225,0.26740032947908293,0.045776773760884015,0.10082017206718033,-0.9084464515157725,0.06385818783604978
sample_5184,L15-1276E-1107N_5105_3761_13,50176,0.010283801020408163,37660f1e09e89a1ebc2efb06cc4723da12817ebb01e41d5e7a5a257fa692753e,64990ea6addff6af93b8eace95fbcf586b8f19e678352f7776dc1bc87a88d58f,0.11088263533151636,0.019845449569801245,0.00043196722922124426,0.0011927434793933224,-0.9991360649080969,0.0006574034456970652
sample_5185,L15-1389E-1284N_5557_3054_13,50176,0.0,daede069d703460dc1275e43c772caa2a215db963efcbfa2dc4eef610aab241d,64990ea6addff6af93b8eace95fbcf586b8f19e678352f7776dc1bc87a88d58f,2.0941544175068794e-05,2.6523519716494046e-07,2.0874339887606247e-05,0.00016509566716283038,-0.9999582504674179,4.1483444578047955e-05
sample_5186,L15-0358E-1220N_1433_3310_13,50176,0.09821428571428571,993f918f7122021abbee972c619e11e7c397daf72c1233461c92b28e5f94d550,64990ea6addff6af93b8eace95fbcf586b8f19e678352f7776dc1bc87a88d58f,0.42978199812365525,0.16416024658650374,0.04552337848723923,0.10518526371206491,-0.9089532410809558,0.06543921863773851
sample_5187,L15-1389E-1284N_5557_3054_13,50176,0.015286192602040817,d2d5648e2394862bdad5ddb0bc5dca8264ebbc07463aef8b07b4e31563494720,64990ea6addff6af93b8eace95fbcf586b8f19e678352f7776dc1bc87a88d58f,0.08073414103605353,0.027511523429376628,0.005744075780373295,0.014645643738893056,-0.9885118470131049,0.008650096638197468
sample_5188,L15-1210E-1025N_4840_4088_13,50176,0.08290816326530612,2e858d0d8bdae34d6968c65ae7a433cb7ad9788cda4a19e5a24c1ec7ccc87ef0,64990ea6addff6af93b8eace95fbcf586b8f19e678352f7776dc1bc87a88d58f,0.6929287827943761,0.15650937884030014,0.011686944439579561,0.030695284809625765,-0.9766261094813168,0.01759252183936682
sample_5189,L15-0368E-1245N_1474_3210_13,50176,0.2246890943877551,120c703837e34ac549ee0d9012e7d4e69f169cee974bae409029ebd843839f72,64990ea6addff6af93b8eace95fbcf586b8f19e678352f7776dc1bc87a88d58f,1.2567587261222406,0.38009064786792995,0.07400556253887029,0.16981191356138722,-0.8519888745636637,0.10550053588721284
sample_5190,L15-1748E-1247N_6993_3202_13,50176,0.014488998724489796,770396b9872e54e95067caafc334735f25b92d0f5b8410ff8b606fae255eac30,64990ea6addff6af93b8eace95fbcf586b8f19e678352f7776dc1bc87a88d58f,0.07399167405986237,0.025738900860393477,0.0080604590451801,0.02028063092495867,-0.9838790799788791,0.01209438729121218
sample_5191,L15-0358E-1220N_1433_3310_13,50176,0.022520727040816327,5d641a2e2763f2733ba6ba12934026eff4766c35101a58f6b0aab08aa27c3f7c,64990ea6addff6af93b8eace95fbcf586b8f19e678352f7776dc1bc87a88d58f,0.11117865005169054,0.04274792632499808,0.01960169850273666,0.049159343521920106,-0.9607966004878573,0.029551345952197383
sample_5192,L15-1276E-1107N_5105_3761_13,50176,0.07533482142857142,c349826ed6fc884d2bbda4d9b0d737d8c8c375acd2862313d2883e7c0822cef8,64990ea6addff6af93b8eace95fbcf586b8f19e678352f7776dc1bc87a88d58f,0.42293031298417655,0.1317522681468529,0.04371030699361914,0.10129375250418111,-0.912579384315812,0.0633334932225029
sample_5193,L15-1389E-1284N_5557_3054_13,50176,0.07944036989795919,324eb182adfda9f2c340c39bef9354ba53940ad1be2d969928d2fe123b7bd72b,64990ea6addff6af93b8eace95fbcf586b8f19e678352f7776dc1bc87a88d58f,0.429004759967049,0.14075951213792487,0.030240878642166073,0.07458511069682282,-0.9395182404179516,0.044957872490444827
sample_5194,L15-0544E-1228N_2176_3279_13,50176,0.14680325255102042,a47866669158949983742ab8c3e22c384a3af049d11e62a976e002b6bfd08945,64990ea6addff6af93b8eace95fbcf586b8f19e678352f7776dc1bc87a88d58f,1.557057903997139,0.27547102652620675,0.016835538545689945,0.03857758706025105,-0.9663289216528075,0.023785798084636336
sample_5195,L15-1138E-1216N_4553_3325_13,50176,0.055783641581632654,de2d450e042426e447c5d4ed2147f6614598615cfa8100804a55daa234974738,64990ea6addff6af93b8eace95fbcf586b8f19e678352f7776dc1bc87a88d58f,0.6429427801682623,0.10590451098583974,0.0083603245866656,0.0211449817235464,-0.9832793488452096,0.01235747012659767
sample_5196,L15-0368E-1245N_1474_3210_13,50176,0.22383211096938777,7c35147b2b21fd4a4e74fae8918a9b1f2f0cf8aa58682c6a420528af0a2e6af2,64990ea6addff6af93b8eace95fbcf586b8f19e678352f7776dc1bc87a88d58f,1.271195159616037,0.3771599363504644,0.07173448652789301,0.1660217660234494,-0.8565310271537602,0.10273434228699245
sample_5197,L15-1848E-0793N_7394_5018_13,50176,0.06116470025510204,02d2684ebf51b5444743035bf9a3887af892a3767f2da218077d66af03729a1a,64990ea6addff6af93b8eace95fbcf586b8f19e678352f7776dc1bc87a88d58f,0.3305763674493024,0.10856269831192039,0.01780515117095593,0.044104990041786814,-0.9643896949930275,0.02633367482603465
sample_5198,L15-1138E-1216N_4553_3325_13,50176,0.18459024234693877,dd0909d65dc6d54ec16924e1df45dbe1e2df683f7bfc39356384dfbe2bc0e73e,64990ea6addff6af93b8eace95fbcf586b8f19e678352f7776dc1bc87a88d58f,1.2291210409642594,0.319468577758148,0.056616753544088225,0.1307931847622543,-0.8867664921729238,0.0811311639263544
sample_5199,L15-1389E-1284N_5557_3054_13,50176,0.08779097576530612,2cf1de0ed397a568467dee32640f3bb63dc78aba4e3ce5ca615020e1964e5cea,64990ea6addff6af93b8eace95fbcf586b8f19e678352f7776dc1bc87a88d58f,0.373042386571561,0.14574532656427844,0.03884465807730484,0.09054896982619617,-0.9223106815813149,0.055913011083343955
sample_5200,L15-0368E-1245N_1474_3210_13,50176,0.2268016581632653,2542a2f43ddb02982ba7c7aef903ed38dd688bd74aec18f88441e19c47aab972,64990ea6addff6af93b8eace95fbcf586b8f19e678352f7776dc1bc87a88d58f,1.1900193326221866,0.3793634212654386,0.08008077257189292,0.18394252564233823,-0.8398384549416658,0.11437048014916094
sample_5201,L15-0358E-1220N_1433_3310_13,50176,0.05193718112244898,464ed12907d38c8e30b5471e8cfcd92b1d965e76233e0cd14ec6f23062909cc6,64990ea6addff6af93b8eace95fbcf586b8f19e678352f7776dc1bc87a88d58f,0.3244402331079298,0.0920114115574076,0.01553508052982542,0.03669267029160714,-0.9689298369729593,0.022401365714794626
sample_5202,L15-1848E-0793N_7394_5018_13,50176,0.020228794642857144,f5783ce4d513e765f3fcd8f7676740b20e1cf2eb5400d163fc7ae802f136f040,64990ea6addff6af93b8eace95fbcf586b8f19e678352f7776dc1bc87a88d58f,0.12292080846150602,0.0355523547434922,0.0051096700647446725,0.012143066217033606,-0.9897806582419592,0.007376646435023811
sample_5203,L15-1138E-1216N_4553_3325_13,50176,0.17047991071428573,2dec4cc9632b6aa34d7acc77776437668263ef36ad6ab0b6c287e141fcaba766,64990ea6addff6af93b8eace95fbcf586b8f19e678352f7776dc1bc87a88d58f,1.1265407924573763,0.29522854117435793,0.05323733249797999,0.1236034010243048,-0.8935253341955104,0.07643017234235072
sample_5204,L15-0566E-1185N_2265_3451_13,50176,0.0017737563775510204,89f1ce3e1b16ef0ab13ca295735b3f3ef8cf4dc4bebaea4694f69045f0809751,64990ea6addff6af93b8eace95fbcf586b8f19e678352f7776dc1bc87a88d58f,0.013485766353516488,0.00334918726665493,0.0017982374422955423,0.0052779539155757395,-0.9964035237467854,0.0028188280951517916
sample_5205,L15-1138E-1216N_4553_3325_13,50176,0.16368383290816327,8710f1073ec84f02654a7d2b08bb99cde0596923f1ea070a8cb10f2272e71567,64990ea6addff6af93b8eace95fbcf586b8f19e678352f7776dc1bc87a88d58f,1.1805341454390077,0.28916140985813216,0.04433039468903171,0.10304961398089675,-0.9113392099944414,0.06366340328743202
sample_5206,L15-0566E-1185N_2265_3451_13,50176,0.00025908801020408165,6d8c2ec688ced2db53863555419d2253f2fff5d30c5f5b29c6e127f276690a83,64990ea6addff6af93b8eace95fbcf586b8f19e678352f7776dc1bc87a88d58f,0.0017581746106801399,0.00047588726935704966,0.00010613163182397886,0.0003186292525410547,-0.9997877358473881,0.0001616797847959717
sample_5207,L15-1185E-0935N_4742_4450_13,50176,0.18016581632653061,f1f33bcee3dffde27764c208de41e580afe580d87e1a2cf068fd552e02d9da70,64990ea6addff6af93b8eace95fbcf586b8f19e678352f7776dc1bc87a88d58f,0.732280842533613,0.29350813397782854,0.10186173938385838,0.22814931430963484,-0.79627652090215,0.14456702847755576
sample_5208,L15-0566E-1185N_2265_3451_13,50176,0.0014748086734693877,68302ee4f5e2d707417736a123105f11a851451f44ed2b81bab099c3041b9155,64990ea6addff6af93b8eace95fbcf586b8f19e678352f7776dc1bc87a88d58f,0.007547534202158922,0.002745290045916213,0.00038875026595113534,0.001418568936488329,-0.9992224990875394,0.0006632220888771097
sample_5209,L15-0544E-1228N_2176_3279_13,50176,0.15983737244897958,6e2ab5b63375d4fd6fe16ff11ec0ae4d196374f6cdcbceaf302f6ea1ce3285f7,64990ea6addff6af93b8eace95fbcf586b8f19e678352f7776dc1bc87a88d58f,1.4875314526537777,0.3025756935406804,0.026345273634247785,0.06658055302021407,-0.9473094519892029,0.039238664692604085
sample_5210,L15-1185E-0935N_4742_4450_13,50176,0.1507892219387755,118ca360f33e81136668450f1b7a72d249c5c98d62a96461933349de99cd472a,64990ea6addff6af93b8eace95fbcf586b8f19e678352f7776dc1bc87a88d58f,0.9033068193538084,0.2605839992628565,0.0604170188913597,0.1395723073683167,-0.8791659614020525,0.08688282892334781
sample_5211,L15-1389E-1284N_5557_3054_13,50176,0.0843032525510204,3bf6f0d45366d91024cae0ab6cf667aa507b101d5c645bb01044b2ffef2f972c,64990ea6addff6af93b8eace95fbcf586b8f19e678352f7776dc1bc87a88d58f,0.4268177921278983,0.14630146629932736,0.028846990141295353,0.06962142438041548,-0.9423060172668102,0.04216007103694078
sample_5212,L15-1138E-1216N_4553_3325_13,50176,0.11894132653061225,064589b61ab6c31f9cb9a4c07ea9a61fd1aba8d6997c6e292eb2ad3b455946fe,64990ea6addff6af93b8eace95fbcf586b8f19e678352f7776dc1bc87a88d58f,0.5939458633062095,0.2055300361466982,0.04291226883889271,0.10280070013764736,-0.9141754618716424,0.06240661687317705
sample_5213,L15-1138E-1216N_4553_3325_13,50176,0.11712771045918367,3d558d1bd739094eff6b85d6f78d112f486f009ef3bb33c94f7df58255173fc8,64990ea6addff6af93b8eace95fbcf586b8f19e678352f7776dc1bc87a88d58f,0.6254381552856139,0.20542186592762662,0.03745019160524695,0.09109006507244959,-0.9250996165285618,0.05480270698732182
sample_5214,L15-0358E-1220N_1433_3310_13,50176,0.03443877551020408,7aafaf4e9c8f6c594c308a32279e2c721a85bc1f0ed5ac80a6e3d0a43e45c450,64990ea6addff6af93b8eace95fbcf586b8f19e678352f7776dc1bc87a88d58f,0.12872088023290967,0.05863092320717558,0.030423387128394097,0.06853435258823339,-0.9391532229100336,0.043554025446731426
sample_5215,L15-1185E-0935N_4742_4450_13,50176,0.17460538903061223,7f46fc5a2b70fdc8aefe462fb8da56d8040b85e76d3524ce19b10b59c114a85b,64990ea6addff6af93b8eace95fbcf586b8f19e678352f7776dc1bc87a88d58f,0.7586350446911099,0.2883888138768834,0.10119947751898471,0.22966785923512925,-0.7976010446875107,0.144834105911883
sample_5216,L15-1748E-1247N_6993_3202_13,50176,0.0011160714285714285,8daf05172d2a1e9d9040274604059e0f5864e4bd4a436cfba6947e7340d3e376,64990ea6addff6af93b8eace95fbcf586b8f19e678352f7776dc1bc87a88d58f,0.007120108881734983,0.002137553668687936,0.0013880321116908928,0.004786882644157761,-0.9972239346352604,0.0023336822304278644
sample_5217,L15-1276E-1107N_5105_3761_13,50176,0.07069116709183673,806b604cda614d23fdaad58f88e205c1fbaeff63368742a2280d81d152bd5604,64990ea6addff6af93b8eace95fbcf586b8f19e678352f7776dc1bc87a88d58f,0.4144068047160715,0.12537677165438002,0.038110912557719846,0.08826664548680471,-0.9237781729000948,0.05510681056295472
sample_5218,L15-1276E-1107N_5105_3761_13,50176,0.012356505102040817,88cd48a93026d63459b39e2d15dc23ebb2cc3f198a93ae3dcfa57a8fa3c140b1,64990ea6addff6af93b8eace95fbcf586b8f19e678352f7776dc1bc87a88d58f,0.13890628284058357,0.024421960252419786,0.0003612942801199245,0.0012357424129992405,-0.9992774105909557,0.0005855536266757998
sample_5219,L15-1014E-1375N_4056_2688_13,50176,0.21123644770408162,8fdd5ffdb6caecc345db34e53c57a1308d2dccb31a6c98809c43e3af96304eff,64990ea6addff6af93b8eace95fbcf586b8f19e678352f7776dc1bc87a88d58f,1.1512871644762463,0.35865064074512526,0.06317072050950052,0.14341108095865562,-0.8736585585801591,0.08949048826868554
sample_5220,L15-0358E-1220N_1433_3310_13,50176,0.07794563137755102,2042d12f13de537b67ab58bbf589512f2a1874f93c5b0356afb5e87b502abe34,64990ea6addff6af93b8eace95fbcf586b8f19e678352f7776dc1bc87a88d58f,0.33004015610357434,0.12432244312458413,0.03019176297155874,0.06711869113943555,-0.9396164722939866,0.04228548287304373
sample_5221,L15-1014E-1375N_4056_2688_13,50176,0.0758529974489796,ca9d14b0edf4e616c1a03a46beac6ba6ef041900998fac9336cd1062606d2a0e,64990ea6addff6af93b8eace95fbcf586b8f19e678352f7776dc1bc87a88d58f,0.5022942463193288,0.13513636856729389,0.02008443335380063,0.04892079967348366,-0.9598311317286919,0.029405180917850503
sample_5222,L15-1185E-0935N_4742_4450_13,50176,0.06483179209183673,f2190af2dfc9bb60e3b92f43a756def7510aa6a58c3e218edb90ee4f289b0dc1,64990ea6addff6af93b8eace95fbcf586b8f19e678352f7776dc1bc87a88d58f,0.534123925261441,0.12123478818885902,0.010977316717854796,0.0279190870815029,-0.9780453648612414,0.016394337058368423
sample_5223,L15-1014E-1375N_4056_2688_13,50176,0.09478635204081633,015834ce856a308bd9dd02ad6b186b55e7b6553ac5ed66ac9de42b1c74d0167a,64990ea6addff6af93b8eace95fbcf586b8f19e678352f7776dc1bc87a88d58f,0.6169702052074781,0.16586915598969898,0.020414890046706612,0.04645275962158854,-0.9591702172065751,0.028796080022784873
sample_5224,L15-0544E-1228N_2176_3279_13,50176,0.14204001913265307,24d821eb5645d7c1c8030f8136527f78f2a40c68ce4feff6586021415dd8a676,64990ea6addff6af93b8eace95fbcf586b8f19e678352f7776dc1bc87a88d58f,1.628324523678266,0.2721753520033914,0.011815243663161765,0.02708815530444517,-0.9763695114588185,0.01667008492508925
sample_5225,L15-1014E-1375N_4056_2688_13,50176,0.08093510841836735,d98e196100229314e6090d407b7e7ee710a92878f825012e94907122f7123145,64990ea6addff6af93b8eace95fbcf586b8f19e678352f7776dc1bc87a88d58f,0.5853171197443524,0.14371961461334135,0.016305834976766184,0.03728351162512518,-0.9673883275678301,0.02310411092668086
sample_5226,L15-0544E-1228N_2176_3279_13,50176,0.14435188137755103,8d5eb4801c3896b58674b838412098a1561f6b794b4738a3134dc1e7180cbf6b,64990ea6addff6af93b8eace95fbcf586b8f19e678352f7776dc1bc87a88d58f,1.5811683242699008,0.2837882033343289,0.008403084389342718,0.02349877277583215,-0.9831938307416577,0.013009959409960052
sample_5227,L15-0566E-1185N_2265_3451_13,50176,0.0,daede069d703460dc1275e43c772caa2a215db963efcbfa2dc4eef610aab241d,64990ea6addff6af93b8eace95fbcf586b8f19e678352f7776dc1bc87a88d58f,6.718328984677314e-06,1.7939388559756896e-08,6.71382128660168e-06,6.890310521504852e-05,-0.99998657143462,1.3409703184643999e-05
sample_5228,L15-0544E-1228N_2176_3279_13,50176,0.14909518494897958,1a650c539e83fc8624a12a3f3b2619e59f46f2950f96521cc218a6ff449eac6d,64990ea6addff6af93b8eace95fbcf586b8f19e678352f7776dc1bc87a88d58f,1.4857029600012115,0.2792223059322656,0.019363790688732146,0.045912193123210945,-0.9612724174515866,0.02787654567771615
sample_5229,L15-1848E-0793N_7394_5018_13,50176,0.012994260204081632,daede069d703460dc1275e43c772caa2a215db963efcbfa2dc4eef610aab241d,64990ea6addff6af93b8eace95fbcf586b8f19e678352f7776dc1bc87a88d58f,0.03426008169210985,0.019690438458925673,0.01930744235037959,0.046474099386622385,-0.9613851126902078,0.02813772954445291
sample_5230,L15-0358E-1220N_1433_3310_13,50176,0.06654575892857142,b235c2315769cef11ddffe1b2aefb31306d688bf44db3f655c90214b3f175e2e,64990ea6addff6af93b8eace95fbcf586b8f19e678352f7776dc1bc87a88d58f,0.46086692259090417,0.11977023342381095,0.014989339015969284,0.03500613963946195,-0.9700213198468423,0.021482569865326036
sample_5231,L15-1848E-0793N_7394_5018_13,50176,0.003985969387755102,41120604b05acee5707f515a230e3fc2b12189a36d8d2d512a69a4e857d0c01e,64990ea6addff6af93b8eace95fbcf586b8f19e678352f7776dc1bc87a88d58f,0.033858571631634984,0.007414903975961362,0.000704941847029009,0.001799327931470775,-0.998590116061123,0.0010320461288213837
sample_5232,L15-1848E-0793N_7394_5018_13,50176,0.01030373086734694,daede069d703460dc1275e43c772caa2a215db963efcbfa2dc4eef610aab241d,64990ea6addff6af93b8eace95fbcf586b8f19e678352f7776dc1bc87a88d58f,0.03174449574136213,0.01740583346078243,0.01919619104948503,0.046859244968213525,-0.9616076157611804,0.02822028532535013
sample_5233,L15-0368E-1245N_1474_3210_13,50176,0.26094148596938777,a016cf682c30051964c097ced8c516264a0f4b91644305bbe4aed7b074addfc3,64990ea6addff6af93b8eace95fbcf586b8f19e678352f7776dc1bc87a88d58f,1.9095781048849552,0.4623550284655855,0.055768556884556474,0.12942337785986924,-0.8884628859575588,0.07992864392833209
sample_5234,L15-1014E-1375N_4056_2688_13,50176,0.21233258928571427,8fdd5ffdb6caecc345db34e53c57a1308d2dccb31a6c98809c43e3af96304eff,64990ea6addff6af93b8eace95fbcf586b8f19e678352f7776dc1bc87a88d58f,1.165730023713873,0.3609174244570604,0.061829310781274904,0.1412791254021953,-0.8763413781272503,0.08781484128671574
sample_5235,L15-0368E-1245N_1474_3210_13,50176,0.23863998724489796,09a26ff9a24b9bfa35281f5ab86bd161d503bc3879238319c4be19dc1952a12c,64990ea6addff6af93b8eace95fbcf586b8f19e678352f7776dc1bc87a88d58f,1.376871558804285,0.40857512282892305,0.063119258646074,0.14318694529777068,-0.8737614823796056,0.08934048084942142
sample_5236,L15-1389E-1284N_5557_3054_13,50176,0.0,daede069d703460dc1275e43c772caa2a215db963efcbfa2dc4eef610aab241d,64990ea6addff6af93b8eace95fbcf586b8f19e678352f7776dc1bc87a88d58f,7.4064140841649205e-06,5.391706327772176e-09,7.405064581912391e-06,7.82595628541128e-05,-0.9999851896137751,1.4804737457497233e-05
sample_5237,L15-1848E-0793N_7394_5018_13,50176,0.0008370535714285714,daede069d703460dc1275e43c772caa2a215db963efcbfa2dc4eef610aab241d,64990ea6addff6af93b8eace95fbcf586b8f19e678352f7776dc1bc87a88d58f,0.0018694757353386114,0.0011150241029711208,0.0007172992395959338,0.0018551535846982983,-0.998565400916045,0.0010631353360252248
sample_5238,L15-1014E-1375N_4056_2688_13,50176,0.08673469387755102,23f27b46ae1ac7647578e8545878580fc39ae0a7267f05d116f2a871cb577187,64990ea6addff6af93b8eace95fbcf586b8f19e678352f7776dc1bc87a88d58f,0.46459186623386484,0.1479430523214214,0.03219857233771294,0.07420798561459503,-0.9356028533218761,0.045960807968466334
sample_5239,L15-0358E-1220N_1433_3310_13,50176,0.10664461096938775,56b68e9f1d8ee921b343eea83cb8474ff2a032848ea550462339adbbf66dd40a,64990ea6addff6af93b8eace95fbcf586b8f19e678352f7776dc1bc87a88d58f,0.4058070345821571,0.1697421493992945,0.05486482308764125,0.12344370268564156,-0.8902703517757405,0.07768203852064046
sample_5240,L15-1389E-1284N_5557_3054_13,50176,0.09375,e9abbce9a4944d042e0459a5d045a946be9f40af813a80b7da39ce1b9b850716,64990ea6addff6af93b8eace95fbcf586b8f19e678352f7776dc1bc87a88d58f,0.3912000339922852,0.15475352528189848,0.04662055634104704,0.10750947476646332,-0.9067588853943449,0.06700787023314903
sample_5241,L15-1748E-1247N_6993_3202_13,50176,0.015306122448979591,c506f0a2ed7fac7a82073409b71b4f8e105d21b315de56fd4688b20665fc1049,64990ea6addff6af93b8eace95fbcf586b8f19e678352f7776dc1bc87a88d58f,0.07801477839759821,0.027518758184288544,0.006725916655601135,0.01765209752167771,-0.9865481651096389,0.010231045563565357
sample_5242,L15-1276E-1107N_5105_3761_13,50176,0.01038345025510204,77cf69d618be999ccd9c8822095f60fc8cc8dcc3ba54ba304c670c62472d4f43,64990ea6addff6af93b8eace95fbcf586b8f19e678352f7776dc1bc87a88d58f,0.12093646763625222,0.020690941388433127,0.00020483060150730366,0.0010492702536713367,-0.9995903380061876,0.0003856976859317604
sample_5243,L15-1748E-1247N_6993_3202_13,50176,0.029017857142857144,3b327bfa5bbf59bfd601c9c3f628b97f2a1f0c80027b24548b4311dcd6bee8f6,64990ea6addff6af93b8eace95fbcf586b8f19e678352f7776dc1bc87a88d58f,0.1666944705614661,0.05143020222697897,0.009733618971207465,0.023737912441985535,-0.9805327609313058,0.014258150090790353
sample_5244,L15-1138E-1216N_4553_3325_13,50176,0.06190210459183673,4d0107bbaf9578b51a282fb5d96b8d3746de4ec8bd75f8d1935bb213d1b40195,64990ea6addff6af93b8eace95fbcf586b8f19e678352f7776dc1bc87a88d58f,0.7364709465420414,0.1164256180995991,0.011098533533798645,0.027424045077604747,-0.9778029310670427,0.016238907240292522
sample_5245,L15-1389E-1284N_5557_3054_13,50176,0.09117904974489796,3620d3add6eed213e8488b2b485acc5f48353094ca56f139a3e338cb090b344b,64990ea6addff6af93b8eace95fbcf586b8f19e678352f7776dc1bc87a88d58f,0.42544590575856056,0.15465614932664515,0.034722484427276164,0.08249035123999693,-0.9305550290440526,0.050494614086927896
sample_5246,L15-1210E-1025N_4840_4088_13,50176,0.08179209183673469,1e353258580b80a277ba460ca58acd08b1c1422d7108f7b1b831093be12ec33e,64990ea6addff6af93b8eace95fbcf586b8f19e678352f7776dc1bc87a88d58f,0.6755001300289005,0.15295122809302586,0.013499722454924973,0.03418328269447336,-0.9730005535451666,0.020034846448624893
sample_5247,L15-1748E-1247N_6993_3202_13,50176,0.03176817602040816,3b327bfa5bbf59bfd601c9c3f628b97f2a1f0c80027b24548b4311dcd6bee8f6,64990ea6addff6af93b8eace95fbcf586b8f19e678352f7776dc1bc87a88d58f,0.16712194608035658,0.054304310844497876,0.012127272491295802,0.02886529442746519,-0.9757454532568245,0.017449373206233
sample_5248,L15-1276E-1107N_5105_3761_13,50176,0.01692044005102041,8775a78d9b7b9d97c4db719ee2923749575cac5ef104b4935f419763c27a6836,64990ea6addff6af93b8eace95fbcf586b8f19e678352f7776dc1bc87a88d58f,0.159057670567156,0.03354106144304517,0.0009592776044214866,0.003349858726825539,-0.9980814436535932,0.001609275059582336
sample_5249,L15-1185E-0935N_4742_4450_13,50176,0.06654575892857142,a3e9899b72874df9771c90d831db65e693a99b24b49d0122f67df4d0cf06ef7e,64990ea6addff6af93b8eace95fbcf586b8f19e678352f7776dc1bc87a88d58f,0.5156251143963043,0.12209529450048341,0.013034486432787868,0.0322630626345444,-0.9739310251118903,0.019182560805268555
sample_5250,L15-1138E-1216N_4553_3325_13,50176,0.06680484693877552,af078f97252cb783e11079c3c570f850d1e55c21d8a2ddccf1a3ecc2a8a0bf7d,64990ea6addff6af93b8eace95fbcf586b8f19e678352f7776dc1bc87a88d58f,0.7280071161987456,0.12387181912802661,0.013315645518133,0.032342727658361645,-0.9733687075443994,0.019272555656805336
sample_5251,L15-1014E-1375N_4056_2688_13,50176,0.0752750318877551,e3f8d9fe0544f8500e7896dbcfdf241a0271d07d7b4a865284bd45cffbf2e0de,64990ea6addff6af93b8eace95fbcf586b8f19e678352f7776dc1bc87a88d58f,0.5216068344941498,0.13290339193746564,0.016998949710146656,0.0384264348298762,-0.9660020978749689,0.023909112483369393
sample_5252,L15-0566E-1185N_2265_3451_13,50176,0.0004384566326530612,1706b9164e7060a4a2cd1520b965b41282ef99addb275a90aaabf6475522d5d2,64990ea6addff6af93b8eace95fbcf586b8f19e678352f7776dc1bc87a88d58f,0.0021840878844752633,0.0007590117619195165,0.00016950665288889894,0.0004810869095873148,-0.9996609857321399,0.0002530766796220159
sample_5253,L15-1138E-1216N_4553_3325_13,50176,0.0752750318877551,7e253e9c7e0eb06227b51c50fccb58d3f7a2f31a50e7eb48a47a0dd5f5cd83c2,64990ea6addff6af93b8eace95fbcf586b8f19e678352f7776dc1bc87a88d58f,0.5905793196852958,0.13715290491496826,0.017100050091524894,0.04166801331739211,-0.9657998976831476,0.024958515493921776
sample_5254,L15-1748E-1247N_6993_3202_13,50176,0.00799186862244898,c442d5ff83ce79e4151e4c61222613c2501cf060699810b7dda105eacfa3aaa7,64990ea6addff6af93b8eace95fbcf586b8f19e678352f7776dc1bc87a88d58f,0.054213179135461656,0.015103292115596932,0.0012736724611200696,0.004019395163808262,-0.9974526542945106,0.0020706630215691353
sample_5255,L15-1014E-1375N_4056_2688_13,50176,0.09755660076530612,f32e732beb708ce26593e2fcf25e0525643b72f959ef1d8a11bdf69bbb519603,64990ea6addff6af93b8eace95fbcf586b8f19e678352f7776dc1bc87a88d58f,0.5781678828722194,0.1671743855292868,0.025807578598947396,0.05809830447136371,-0.9483848401184127,0.036378565140860436
sample_5256,L15-0368E-1245N_1474_3210_13,50176,0.22193877551020408,7f41dde41901d3cc228c6ccae1fd6d184685b7636d59b53a0cc21fb612b1cb25,64990ea6addff6af93b8eace95fbcf586b8f19e678352f7776dc1bc87a88d58f,1.3132548617019264,0.37785952363462244,0.06344145857871566,0.1446779159009277,-0.8731170824590562,0.09001819456544155
sample_5257,L15-1748E-1247N_6993_3202_13,50176,0.00643734056122449,6073e7f5898dd8d03011aaa7c13f794d5a2b81a2ff6791085ed4c58154b4165d,64990ea6addff6af93b8eace95fbcf586b8f19e678352f7776dc1bc87a88d58f,0.051239698343314,0.012200003545170805,0.0018504747861939274,0.005499337659737795,-0.9962990493640936,0.0029305858441706933
sample_5258,L15-1276E-1107N_5105_3761_13,50176,0.008729272959183673,0c89eeff13ad47ab2daa80d21e8bc00766726ab0d351b526ca69b532460e5f0e,64990ea6addff6af93b8eace95fbcf586b8f19e678352f7776dc1bc87a88d58f,0.10111143025171067,0.017189216949321587,0.00016156993972669755,0.0005064412153948658,-0.9996768596508483,0.00025647386502921596
sample_5259,L15-0544E-1228N_2176_3279_13,50176,0.15322066326530612,7edcd72cc0d75ccb9d75e8c69d58908b319b8cfc6b3dc3c584f56cd25a87365e,64990ea6addff6af93b8eace95fbcf586b8f19e678352f7776dc1bc87a88d58f,1.5024585751343085,0.29654791331023655,0.013836066154240422,0.038083725184483434,-0.9723278675593283,0.021341823437697607
sample_5260,L15-1138E-1216N_4553_3325_13,50176,0.04213169642857143,a2ee3a5eb0e9b0b39430632b4b38e2b3f50114369b1b0c3379a021b556dba117,64990ea6addff6af93b8eace95fbcf586b8f19e678352f7776dc1bc87a88d58f,0.493804310711595,0.08115205441463189,0.0037635674685886017,0.009658115407249689,-0.9924728631332742,0.005569054169728206
sample_5261,L15-0566E-1185N_2265_3451_13,50176,0.0037667410714285715,2d7f472031c2633d0d74dcef7c27f0c6a9ce326778397355c10b26e0c0ac0192,64990ea6addff6af93b8eace95fbcf586b8f19e678352f7776dc1bc87a88d58f,0.031111961230781478,0.007373061479093701,0.0011406735022913438,0.003537109561806253,-0.9977186518743119,0.0018559117605948991
sample_5262,L15-1210E-1025N_4840_4088_13,50176,0.05424904336734694,eaf039695df001d71df73ffaff8d086712aeb9340b7ae488d197174969f427da,64990ea6addff6af93b8eace95fbcf586b8f19e678352f7776dc1bc87a88d58f,0.3758434517810641,0.09822311774669334,0.01262515610468821,0.03062666554349782,-0.9747496858467627,0.018447395656690395
sample_5263,L15-1014E-1375N_4056_2688_13,50176,0.09462691326530612,557c3a4793c9cfa0eeae7eb056b77ee2f518b304e9e39562c394654aefd7b23a,64990ea6addff6af93b8eace95fbcf586b8f19e678352f7776dc1bc87a88d58f,0.5803570700437418,0.16319169307440848,0.024679456483477687,0.0564926754108348,-0.9506410840250594,0.03505470167251562
sample_5264,L15-0358E-1220N_1433_3310_13,50176,0.08579799107142858,67d80bf8e557fe2886b492aba5793f792f02ce1fccf098d75e463d0c5e84e432,64990ea6addff6af93b8eace95fbcf586b8f19e678352f7776dc1bc87a88d58f,0.44152140733610323,0.1440398439758367,0.0272423142593411,0.06257267809314282,-0.9455153699926772,0.03879497002915567
sample_5265,L15-1276E-1107N_5105_3761_13,50176,0.018694196428571428,a2f0eedc5a1060eb3adcaee0650acb80883c0e18b0bf160d7286bab238e2b636,64990ea6addff6af93b8eace95fbcf586b8f19e678352f7776dc1bc87a88d58f,0.1898319250710999,0.03664317647984148,0.0012464972345956735,0.0035231538385567347,-0.9975070041896817,0.0018965784190497928
sample_5266,L15-1014E-1375N_4056_2688_13,50176,0.0843032525510204,425be0067e8d82844efee7b7187676d9637a3175cc3588f1d8ef16ee42bd41ef,64990ea6addff6af93b8eace95fbcf586b8f19e678352f7776dc1bc87a88d58f,0.4878949682049601,0.14627529212204762,0.02787443406865647,0.065687086015382,-0.9442511299240471,0.040223272930795057
sample_5267,L15-1014E-1375N_4056_2688_13,50176,0.21245216836734693,00392ddbaf1429754cfc4818857e5dfa3101a08403a34f492c86a12600c26b73,64990ea6addff6af93b8eace95fbcf586b8f19e678352f7776dc1bc87a88d58f,1.1665392711054199,0.3623623639840751,0.05947940788892269,0.13621908019661644,-0.8810411838807667,0.08457061564409274
sample_5268,L15-1276E-1107N_5105_3761_13,50176,0.015166613520408163,3e40741833350486b9f101f411c4c42fd613e573943c995b304530c465f964c8,64990ea6addff6af93b8eace95fbcf586b8f19e678352f7776dc1bc87a88d58f,0.16604525332737952,0.03030368012451386,0.00015254889861965665,0.0008132034196117538,-0.9996949009042876,0.0002882142032689166
sample_5269,L15-1276E-1107N_5105_3761_13,50176,0.06455277423469388,baef8f3ba1e9dbdb7fab4f86813bcd7209acd03fac257cd25fda873b3f999ea7,64990ea6addff6af93b8eace95fbcf586b8f19e678352f7776dc1bc87a88d58f,0.3786642367330749,0.11338764141711362,0.03917797441161903,0.09042847456339712,-0.921644049074324,0.056636350138659766
sample_5270,L15-1389E-1284N_5557_3054_13,50176,0.0016143176020408164,df2a9f03cbf805212a61e7510669ab398999bbc55db49a438a2dc9ae6474b258,64990ea6addff6af93b8eace95fbcf586b8f19e678352f7776dc1bc87a88d58f,0.016605361421330657,0.003174552259881271,0.0002695893077654954,0.0007326455132313164,-0.9994608207356858,0.0003866612935802504
sample_5271,L15-1389E-1284N_5557_3054_13,50176,0.0017338966836734694,94f0320abd99652f336e8f6660cee5313dc3b055a20f3af7666d5b86c564586d,64990ea6addff6af93b8eace95fbcf586b8f19e678352f7776dc1bc87a88d58f,0.016510726318651872,0.003266225390145784,0.00025420365926372455,0.000792146178037006,-0.9994915913341623,0.00039514714186232575
sample_5272,L15-1185E-0935N_4742_4450_13,50176,0.16569674744897958,9cad89a9cb01fd36c43672af2fa2af3c4b5fc0c3797251bc828b72d1cd261ca8,64990ea6addff6af93b8eace95fbcf586b8f19e678352f7776dc1bc87a88d58f,0.7777552709284843,0.28324854864778837,0.0804128262584991,0.19064966443947085,-0.8391743471666894,0.11767083819770291
sample_5273,L15-0566E-1185N_2265_3451_13,50176,0.034877232142857144,239fc8712da8324f47d1ea0d2e86f4ea32aabe7c6343cecf5099eb568e1f7bf5,64990ea6addff6af93b8eace95fbcf586b8f19e678352f7776dc1bc87a88d58f,0.18393209986611908,0.06039773425354112,0.011803935372213624,0.02838238252671532,-0.9763921264861892,0.01712320076142915
sample_5274,L15-1389E-1284N_5557_3054_13,50176,0.01468829719387755,24b3458779a2ee6e464f2d4b2e34907061751af37d2dea2ae2ffb66fdae29e15,64990ea6addff6af93b8eace95fbcf586b8f19e678352f7776dc1bc87a88d58f,0.08522672712864197,0.027523474199731328,0.0038204396426278564,0.010820961612392835,-0.9923591203577038,0.006063823569841882
sample_5275,L15-1138E-1216N_4553_3325_13,50176,0.06208147321428571,93102efd7190fd697c0c6adc6f0d2689170b8bd2141073d6633e22d6870694cf,64990ea6addff6af93b8eace95fbcf586b8f19e678352f7776dc1bc87a88d58f,0.5611439719181047,0.11623641708535667,0.009635323001670517,0.023889795084130513,-0.9807293520399661,0.014139947789746934
sample_5276,L15-0544E-1228N_2176_3279_13,50176,0.1788703762755102,1998844aea8abd8ab41ee109baefc2cff9f6236a3580d4880f6a5bf9159b90d7,64990ea6addff6af93b8eace95fbcf586b8f19e678352f7776dc1bc87a88d58f,2.2578942781932363,0.35230329339781385,0.0047319124355361016,0.011478267957458712,-0.9905361738974212,0.006810571681711777
sample_5277,L15-0358E-1220N_1433_3310_13,50176,0.055584343112244895,4dd72013ba9494f034d785ffe401e3a54865039bccce114a34a0de4b18adfe8f,64990ea6addff6af93b8eace95fbcf586b8f19e678352f7776dc1bc87a88d58f,0.3324496485848669,0.09612755195610714,0.01977243558361138,0.045733850582634204,-0.9604551264610924,0.028190519253789625
sample_5278,L15-1138E-1216N_4553_3325_13,50176,0.1682079081632653,1cba8fdcf5b4ad622e87ffd06670bfb3c7d41e22382c230a4b52b027da27a73f,64990ea6addff6af93b8eace95fbcf586b8f19e678352f7776dc1bc87a88d58f,1.2077947801584452,0.2975585065620853,0.0476582457396981,0.11259913774685196,-0.9046835078077704,0.0691306211919245
sample_5279,L15-1185E-0935N_4742_4450_13,50176,0.058673469387755105,0efd6337e2a562edf91beebfbb34b3bceb9f144ba780400486b5b2573d60c629,64990ea6addff6af93b8eace95fbcf586b8f19e678352f7776dc1bc87a88d58f,0.5006114685534009,0.1102656754670687,0.009769044865198357,0.025112851556037697,-0.9804619084914155,0.014673001767870075
sample_5280,L15-0544E-1228N_2176_3279_13,50176,0.15525350765306123,83de72ac86eeec43772212a801816c3328915ea4dd1e4aa32cc404d472291a15,64990ea6addff6af93b8eace95fbcf586b8f19e678352f7776dc1bc87a88d58f,1.7792361873903881,0.3033207144203653,0.008849030354639933,0.024275780072570276,-0.9823019383480297,0.013642843262232357
sample_5281,L15-1848E-0793N_7394_5018_13,50176,0.0040058992346938774,41120604b05acee5707f515a230e3fc2b12189a36d8d2d512a69a4e857d0c01e,64990ea6addff6af93b8eace95fbcf586b8f19e678352f7776dc1bc87a88d58f,0.03417777744296574,0.007511139178588795,0.0005864080740138888,0.0015254876768797082,-0.998827183406884,0.0008711167870435835
sample_5282,L15-0358E-1220N_1433_3310_13,50176,0.05490672831632653,25c2a34d876d325c4fb4c24de9bbf2ccbdf6a68efd90f3a19d2bf53b4e6f9aa8,64990ea6addff6af93b8eace95fbcf586b8f19e678352f7776dc1bc87a88d58f,0.28799626168169673,0.09206447022620205,0.01998654328885355,0.04516013242814533,-0.9600269113512225,0.028199777266105088
sample_5283,L15-1138E-1216N_4553_3325_13,50176,0.16920440051020408,b43a4a1f5e88a1c0fd66a6faa9106a033469ab17bacfbac941188dfbbe7f8b2f,64990ea6addff6af93b8eace95fbcf586b8f19e678352f7776dc1bc87a88d58f,1.1247152789902926,0.29440500793705665,0.051235664564621995,0.11818731744256854,-0.8975286703571007,0.07326952623040218
sample_5284,L15-1389E-1284N_5557_3054_13,50176,0.0,daede069d703460dc1275e43c772caa2a215db963efcbfa2dc4eef610aab241d,64990ea6addff6af93b8eace95fbcf586b8f19e678352f7776dc1bc87a88d58f,7.5247308793430865e-06,1.4072778339247179e-08,7.521193617080547e-06,7.728829620332002e-05,-0.9999849571812776,1.5028314455822135e-05
sample_5285,L15-0566E-1185N_2265_3451_13,50176,0.000896843112244898,1706b9164e7060a4a2cd1520b965b41282ef99addb275a90aaabf6475522d5d2,64990ea6addff6af93b8eace95fbcf586b8f19e678352f7776dc1bc87a88d58f,0.003422236396434391,0.0014641018395544628,0.00048542340827763687,0.0011654798304099824,-0.9990291523867408,0.0006809933195156628
sample_5286,L15-1748E-1247N_6993_3202_13,50176,0.0008370535714285714,82f9c97fae022c82982214834d9a3b918207f1da14ec6c1221831718cb532878,64990ea6addff6af93b8eace95fbcf586b8f19e678352f7776dc1bc87a88d58f,0.004863334286484677,0.0015887499635818601,0.00021145287996196017,0.0008422692904912965,-0.9995770935513592,0.000363058142915596
sample_5287,L15-0566E-1185N_2265_3451_13,50176,0.004025829081632653,cc207b4947e99ce329926253050cd90f9bd4ccfd950f75c1d9f7b925ea74a0cf,64990ea6addff6af93b8eace95fbcf586b8f19e678352f7776dc1bc87a88d58f,0.022038192819662298,0.006660322040377286,0.002245152787286408,0.005455754554934351,-0.995509693052333,0.003239408478390005
sample_5288,L15-1389E-1284N_5557_3054_13,50176,0.016262755102040817,c6ab6451c099df68f17ddeef4a14323fade653481038b38ef86de536a507a900,64990ea6addff6af93b8eace95fbcf586b8f19e678352f7776dc1bc87a88d58f,0.08125667985649475,0.030078481446926587,0.00647629853528069,0.01746916879933139,-0.9870474015792168,0.010099977444449102
sample_5289,L15-0368E-1245N_1474_3210_13,50176,0.2636120854591837,91a371a3fd630aadab1e5502bfad1416c3dee4aeb8ad17c61e6bef56d2b2f88f,64990ea6addff6af93b8eace95fbcf586b8f19e678352f7776dc1bc87a88d58f,1.8158303182469853,0.46381421441043863,0.0590099552408697,0.13644551252465978,-0.8819800892016307,0.08442296028834648
sample_5290,L15-1748E-1247N_6993_3202_13,50176,0.009925063775510204,dbd4e68c78b84bb5e16e98cef0fea865be63307bb485bb6fc6cec59dd8f62db9,64990ea6addff6af93b8eace95fbcf586b8f19e678352f7776dc1bc87a88d58f,0.07740955767565329,0.019008504334995867,0.001776514536872202,0.005422005972711472,-0.9964469697720313,0.0029130809153276186
sample_5291,L15-1185E-0935N_4742_4450_13,50176,0.07774633290816327,cf1b4f0172e6ab14c8fb83b09016ab3281680085af306e0d56182ccce844885b,64990ea6addff6af93b8eace95fbcf586b8f19e678352f7776dc1bc87a88d58f,0.5013823977523323,0.13981318082934088,0.019091516114267692,0.04657894071234448,-0.9618169662017743,0.027938276293434473
sample_5292,L15-1138E-1216N_4553_3325_13,50176,0.05955038265306122,d4e683574ac7f065e6d90ed7c924415a88d16212a299df131817b6b66894ea35,64990ea6addff6af93b8eace95fbcf586b8f19e678352f7776dc1bc87a88d58f,0.5456108276918018,0.1119841800538905,0.009793987722202604,0.023811119870793655,-0.9804120226256569,0.014216025073128526
sample_5293,L15-1185E-0935N_4742_4450_13,50176,0.07565369897959184,ae9a70ecd9c60fe2a61bb9fb1d2a1b17bcecb95a78c303e237bbeb8e211293c2,64990ea6addff6af93b8eace95fbcf586b8f19e678352f7776dc1bc87a88d58f,0.5994825227798666,0.14274267147780395,0.010585481679893802,0.02826019426671992,-0.978829034794809,0.01610266895808834
sample_5294,L15-1276E-1107N_5105_3761_13,50176,0.010881696428571428,88535bbe5962d53ac241a166157e5db6bfdc81e1574c600b6e9b6e9af0c8488e,64990ea6addff6af93b8eace95fbcf586b8f19e678352f7776dc1bc87a88d58f,0.12370398999200317,0.021116140299493175,0.00041348413844611876,0.001088460937477678,-0.9991730311263476,0.0006101623838128171
sample_5295,L15-1138E-1216N_4553_3325_13,50176,0.06353635204081633,db94d5a01f1b17af0ed552f272a8d3122fb5079161896e58b1a21e3a53657197,64990ea6addff6af93b8eace95fbcf586b8f19e678352f7776dc1bc87a88d58f,0.5687644495673643,0.11817057622092289,0.01031576476905647,0.025032206572184683,-0.9793684689103003,0.014925650867368743
sample_5296,L15-1848E-0793N_7394_5018_13,50176,0.0006377551020408163,daede069d703460dc1275e43c772caa2a215db963efcbfa2dc4eef610aab241d,64990ea6addff6af93b8eace95fbcf586b8f19e678352f7776dc1bc87a88d58f,0.0014140390041484329,0.0009040581664437136,0.0005287964084679831,0.0013986513181010797,-0.9989424065175271,0.0007936921400972347
sample_5297,L15-1014E-1375N_4056_2688_13,50176,0.09273357780612244,8cc510d97eb2488d72a560b3afb87b33272ca3538772a8b2701623f19db080c3,64990ea6addff6af93b8eace95fbcf586b8f19e678352f7776dc1bc87a88d58f,0.565878307605563,0.15942307043061932,0.024765087777454103,0.056036704276719446,-0.9504698216672959,0.035029023692356324
sample_5298,L15-1748E-1247N_6993_3202_13,50176,0.0009765625,6151bfd2392578824ed2981d3e73d02e4cb94ebbedff03525b250b192f386c40,64990ea6addff6af93b8eace95fbcf586b8f19e678352f7776dc1bc87a88d58f,0.007571833846811109,0.001978430740939329,0.00037344550946727395,0.0011729439804364786,-0.9992531079984014,0.0005814407162819101
sample_5299,L15-1014E-1375N_4056_2688_13,50176,0.15407764668367346,6069c19b6a6a7a41b0962e4113879af6d706079aae9550b606023a12ee0e4692,64990ea6addff6af93b8eace95fbcf586b8f19e678352f7776dc1bc87a88d58f,0.6773607926575995,0.2559698380660419,0.0682615337689046,0.1530177295560461,-0.8634769317488652,0.09666238506081941
sample_5300,L15-1748E-1247N_6993_3202_13,50176,0.009745695153061224,7c0b4848d269ff6014ae88657df98d701aeff666817a98c22b6a973a54c0f3c5,64990ea6addff6af93b8eace95fbcf586b8f19e678352f7776dc1bc87a88d58f,0.06448193679326283,0.01829887125579346,0.0032258938240096427,0.008724744255337629,-0.9935482111056483,0.004955399334370106
sample_5301,L15-1014E-1375N_4056_2688_13,50176,0.18385283801020408,b0b4a48e91bab87a545f2fc870b4913022c50113be2300f193180b10a78db00f,64990ea6addff6af93b8eace95fbcf586b8f19e678352f7776dc1bc87a88d58f,1.5393834488155014,0.3452909158639076,0.0246173810458514,0.06065131540982924,-0.9507652373415006,0.036097869016379375
sample_5302,L15-1185E-0935N_4742_4450_13,50176,0.07643096301020408,deb9d96f221035362a7f08482d6c17df7f14da4e060c487f6f7f0402173f8438,64990ea6addff6af93b8eace95fbcf586b8f19e678352f7776dc1bc87a88d58f,0.5864753321879712,0.14369266711345147,0.012290985492172137,0.03235546110573406,-0.9754180274626402,0.018583419955189945
sample_5303,L15-0368E-1245N_1474_3210_13,50176,0.23090720663265307,09a26ff9a24b9bfa35281f5ab86bd161d503bc3879238319c4be19dc1952a12c,64990ea6addff6af93b8eace95fbcf586b8f19e678352f7776dc1bc87a88d58f,1.2234795569935901,0.3914654449976086,0.06891895864605524,0.15627825937805098,-0.8621620828456399,0.09759429011633203
