sample_id,score,stratum,support,error_rate,mean_uncertainty,na_reason,accepted_mass_at_1,within_stratum_coverage_at_1,accepted_mass_at_0.9,within_stratum_coverage_at_0.9,accepted_mass_at_0.8,within_stratum_coverage_at_0.8,accepted_mass_at_0.5,within_stratum_coverage_at_0.5
ROI_00044__20200321T100029_20200321T100458_T32QMM,msp,boundary,9720,0.35761316872427984,0.22680359817274803,,9720.0,1.0,6492.0,0.6679012345679012,4059.800000000003,0.41767489711934186,1101.0,0.11327160493827161
ROI_00044__20200321T100029_20200321T100458_T32QMM,msp,nonboundary,40456,0.02412497528178762,0.05688022858090662,,40456.0,1.0,38666.4,0.955764287126755,36081.0,0.8918578208423967,23987.0,0.5929157603322128
ROI_00044__20200321T100029_20200321T100458_T32QMM,msp,clear,37166,0.04840445568530377,0.07013140302222608,,37166.0,1.0,34553.4,0.9297045686918152,31791.0,0.8553785718129473,21039.0,0.5660819028144003
ROI_00044__20200321T100029_20200321T100458_T32QMM,msp,thick_cloud,5195,0.29470644850818095,0.16005454797717214,,5195.0,1.0,4063.0,0.7820981713185755,3029.0,0.583060635226179,1808.0,0.3480269489894129
ROI_00044__20200321T100029_20200321T100458_T32QMM,msp,thin_cloud,0,,,no_pixels_in_stratum,0.0,,0.0,,0.0,,0.0,
ROI_00044__20200321T100029_20200321T100458_T32QMM,msp,cloud_shadow,7815,0.1435700575815739,0.13662065262224,,7815.0,1.0,6542.0,0.837108125399872,5320.800000000003,0.6808445297504803,2241.0,0.28675623800383876
ROI_00044__20200321T100029_20200321T100458_T32QMM,entropy,boundary,9720,0.35761316872427984,0.5364620786376068,,9720.0,1.0,6675.4000000000015,0.686769547325103,4121.0,0.4239711934156379,1097.0,0.11286008230452675
ROI_00044__20200321T100029_20200321T100458_T32QMM,entropy,nonboundary,40456,0.02412497528178762,0.1836462824100623,,40456.0,1.0,38483.0,0.9512309669764683,36019.8,0.8903450662448092,23991.0,0.5930146331817283
ROI_00044__20200321T100029_20200321T100458_T32QMM,entropy,clear,37166,0.04840445568530377,0.20779849164618078,,37166.0,1.0,34593.0,0.9307700586557607,31747.800000000003,0.8542162191250068,21010.0,0.5653016197599957
ROI_00044__20200321T100029_20200321T100458_T32QMM,entropy,thick_cloud,5195,0.29470644850818095,0.4083429134198182,,5195.0,1.0,3864.0,0.7437921077959576,2993.0,0.5761308950914341,1806.0,0.3476419634263715
ROI_00044__20200321T100029_20200321T100458_T32QMM,entropy,thin_cloud,0,,,no_pixels_in_stratum,0.0,,0.0,,0.0,,0.0,
ROI_00044__20200321T100029_20200321T100458_T32QMM,entropy,cloud_shadow,7815,0.1435700575815739,0.3582373934486382,,7815.0,1.0,6701.4000000000015,0.8575047984644916,5400.0,0.690978886756238,2272.0,0.290722968650032
ROI_00044__20200321T100029_20200321T100458_T32QMM,negative_margin,boundary,9720,0.35761316872427984,-0.5721224570855508,,9720.0,1.0,6471.4000000000015,0.6657818930041154,4032.800000000003,0.4148971193415641,1105.0,0.11368312757201646
ROI_00044__20200321T100029_20200321T100458_T32QMM,negative_margin,nonboundary,40456,0.02412497528178762,-0.8961454137460695,,40456.0,1.0,38687.0,0.9562734823017599,36108.0,0.8925252125766264,23983.0,0.5928168874826972
ROI_00044__20200321T100029_20200321T100458_T32QMM,negative_margin,clear,37166,0.04840445568530377,-0.8703293562386899,,37166.0,1.0,34519.4,0.9287897540763064,31795.800000000003,0.8555077221116074,21063.0,0.5667276543077006
ROI_00044__20200321T100029_20200321T100458_T32QMM,negative_margin,thick_cloud,5195,0.29470644850818095,-0.7041331546714357,,5195.0,1.0,4095.0,0.7882579403272377,3039.0,0.5849855630413859,1805.0,0.3474494706448508
ROI_00044__20200321T100029_20200321T100458_T32QMM,negative_margin,thin_cloud,0,,,no_pixels_in_stratum,0.0,,0.0,,0.0,,0.0,
ROI_00044__20200321T100029_20200321T100458_T32QMM,negative_margin,cloud_shadow,7815,0.1435700575815739,-0.7435517017143035,,7815.0,1.0,6544.0,0.8373640435060781,5306.0,0.6789507357645553,2220.0,0.2840690978886756
ROI_00044__20200321T100029_20200321T100458_T32QMM,gini_total,boundary,9720,0.35761316872427984,0.3142029911342957,,9720.0,1.0,6525.0,0.6712962962962963,4057.800000000003,0.4174691358024694,1100.0,0.11316872427983539
ROI_00044__20200321T100029_20200321T100458_T32QMM,gini_total,nonboundary,40456,0.02412497528178762,0.09092083247064699,,40456.0,1.0,38633.4,0.954948586118252,36083.0,0.8919072572671545,23988.0,0.5929404785445916
ROI_00044__20200321T100029_20200321T100458_T32QMM,gini_total,clear,37166,0.04840445568530377,0.10710525023356905,,37166.0,1.0,34565.4,0.9300274444384653,31785.0,0.8552171339396223,21038.0,0.5660549965021794
ROI_00044__20200321T100029_20200321T100458_T32QMM,gini_total,thick_cloud,5195,0.29470644850818095,0.22866148574020015,,5195.0,1.0,4031.0,0.7759384023099134,3027.0,0.5826756496631377,1808.0,0.3480269489894129
ROI_00044__20200321T100029_20200321T100458_T32QMM,gini_total,thin_cloud,0,,,no_pixels_in_stratum,0.0,,0.0,,0.0,,0.0,
ROI_00044__20200321T100029_20200321T100458_T32QMM,gini_total,cloud_shadow,7815,0.1435700575815739,0.20009931204819978,,7815.0,1.0,6562.0,0.8396673064619322,5328.800000000003,0.6818682021753043,2242.0,0.2868841970569418
ROI_00064__20190615T015629_20190615T020446_T51JVH,msp,boundary,7765,0.5014810045074051,0.17745258332603758,,7765.0,1.0,6526.4000000000015,0.8404893754024471,5028.0,0.6475209272376047,1868.0,0.24056664520283322
ROI_00064__20190615T015629_20190615T020446_T51JVH,msp,nonboundary,42411,0.094008629836599,0.10262740412215124,,42411.0,1.0,38632.0,0.9108957581759449,35112.8,0.8279172856098654,23220.0,0.5474994694772582
ROI_00064__20190615T015629_20190615T020446_T51JVH,msp,clear,31058,0.09443621611179084,0.13155554912533854,,31058.0,1.0,27167.0,0.8747182690450126,23867.800000000003,0.7684912099942045,14292.0,0.46017129242063237
ROI_00064__20190615T015629_20190615T020446_T51JVH,msp,thick_cloud,14319,0.010405754591801103,0.047041608308795044,,14319.0,1.0,13962.400000000001,0.9750960262588171,13398.0,0.935679865912424,10199.0,0.7122704099448286
ROI_00064__20190615T015629_20190615T020446_T51JVH,msp,thin_cloud,4589,1.0,0.20713614744671446,,4589.0,1.0,3820.0,0.8324253650032687,2682.0,0.5844410546960122,579.0,0.12617127914578338
ROI_00064__20190615T015629_20190615T020446_T51JVH,msp,cloud_shadow,210,1.0,0.0974349095707848,,210.0,1.0,209.0,0.9952380952380953,193.0,0.919047619047619,18.0,0.08571428571428572
ROI_00064__20190615T015629_20190615T020446_T51JVH,entropy,boundary,7765,0.5014810045074051,0.4879839511708623,,7765.0,1.0,6719.0,0.8652929813264649,5042.0,0.6493238892466194,1848.0,0.23799098518995493
ROI_00064__20190615T015629_20190615T020446_T51JVH,entropy,nonboundary,42411,0.094008629836599,0.2976469287710121,,42411.0,1.0,38439.4,0.9063544835066375,35098.8,0.8275871825705596,23240.0,0.5479710452476951
ROI_00064__20190615T015629_20190615T020446_T51JVH,entropy,clear,31058,0.09443621611179084,0.3713312323422183,,31058.0,1.0,27002.4,0.869418507308906,23711.800000000003,0.7634683495395712,14224.0,0.4579818404275871
ROI_00064__20190615T015629_20190615T020446_T51JVH,entropy,thick_cloud,14319,0.010405754591801103,0.15462029660983406,,14319.0,1.0,14006.0,0.9781409316293037,13526.0,0.9446190376422935,10286.0,0.7183462532299741
ROI_00064__20190615T015629_20190615T020446_T51JVH,entropy,thin_cloud,4589,1.0,0.5646479971824332,,4589.0,1.0,3943.0,0.8592285901067771,2709.0,0.5903246894748311,560.0,0.12203094356068861
ROI_00064__20190615T015629_20190615T020446_T51JVH,entropy,cloud_shadow,210,1.0,0.3557913173244017,,210.0,1.0,207.0,0.9857142857142858,194.0,0.9238095238095239,18.0,0.08571428571428572
ROI_00064__20190615T015629_20190615T020446_T51JVH,negative_margin,boundary,7765,0.5014810045074051,-0.6916117456004544,,7765.0,1.0,6424.0,0.82730199613651,5001.0,0.644043786220219,1909.0,0.24584674822923375
ROI_00064__20190615T015629_20190615T020446_T51JVH,negative_margin,nonboundary,42411,0.094008629836599,-0.8279128786547978,,42411.0,1.0,38734.4,0.913310226120582,35139.8,0.8285539128999553,23179.0,0.5465327391478626
ROI_00064__20190615T015629_20190615T020446_T51JVH,negative_margin,clear,31058,0.09443621611179084,-0.7805753406311963,,31058.0,1.0,27279.0,0.8783244252688518,23935.800000000003,0.7706806619872497,14366.0,0.46255393135424044
ROI_00064__20190615T015629_20190615T020446_T51JVH,negative_margin,thick_cloud,14319,0.010405754591801103,-0.917116595893394,,14319.0,1.0,13949.0,0.9741602067183462,13338.0,0.9314896291640478,10084.0,0.704239122843774
ROI_00064__20190615T015629_20190615T020446_T51JVH,negative_margin,thin_cloud,4589,1.0,-0.6390858846499747,,4589.0,1.0,3723.4000000000015,0.8113750272390502,2675.0,0.5829156679015036,618.0,0.1346698627151885
ROI_00064__20190615T015629_20190615T020446_T51JVH,negative_margin,cloud_shadow,210,1.0,-0.8329129077915457,,210.0,1.0,207.0,0.9857142857142858,192.0,0.9142857142857143,20.0,0.09523809523809523
ROI_00064__20190615T015629_20190615T020446_T51JVH,gini_total,boundary,7765,0.5014810045074051,0.25991493654044173,,7765.0,1.0,6583.0,0.8477784932388924,5033.0,0.6481648422408242,1868.0,0.24056664520283322
ROI_00064__20190615T015629_20190615T020446_T51JVH,gini_total,nonboundary,42411,0.094008629836599,0.15290105314029248,,42411.0,1.0,38575.4,0.9095611987456085,35107.8,0.8277993916672562,23220.0,0.5474994694772582
ROI_00064__20190615T015629_20190615T020446_T51JVH,gini_total,clear,31058,0.09443621611179084,0.19273663077353867,,31058.0,1.0,27108.0,0.8728185974628115,23834.800000000003,0.767428681821109,14289.0,0.46007469895035097
ROI_00064__20190615T015629_20190615T020446_T51JVH,gini_total,thick_cloud,14319,0.010405754591801103,0.07586617598837206,,14319.0,1.0,13974.400000000001,0.9759340736084923,13425.0,0.9375654724491934,10203.0,0.712549759061387
ROI_00064__20190615T015629_20190615T020446_T51JVH,gini_total,thin_cloud,4589,1.0,0.3040214611362917,,4589.0,1.0,3867.0,0.8426672477663979,2688.0,0.5857485290913053,578.0,0.12595336674656787
ROI_00064__20190615T015629_20190615T020446_T51JVH,gini_total,cloud_shadow,210,1.0,0.16871194891890037,,210.0,1.0,209.0,0.9952380952380953,193.0,0.919047619047619,18.0,0.08571428571428572
ROI_00197__20190609T175919_20190609T180009_T14VPM,msp,boundary,6604,0.331465778316172,0.27453600833229697,,6604.0,1.0,4213.0,0.637946698970321,2450.800000000003,0.37110841913991566,648.0,0.09812235009085403
ROI_00197__20190609T175919_20190609T180009_T14VPM,msp,nonboundary,43572,0.02721931515652254,0.06795974590556632,,43572.0,1.0,40945.4,0.9397181676305885,37690.0,0.86500504911411,24440.0,0.5609106765812908
ROI_00197__20190609T175919_20190609T180009_T14VPM,msp,clear,1661,0.22877784467188442,0.26905999877666725,,1661.0,1.0,1042.0,0.6273329319686936,605.0,0.36423841059602646,446.0,0.26851294400963277
ROI_00197__20190609T175919_20190609T180009_T14VPM,msp,thick_cloud,44467,0.027638473474711583,0.06508856211427728,,44467.0,1.0,42093.4,0.946621089796928,38824.8,0.873114894191198,24639.0,0.5540962961297141
ROI_00197__20190609T175919_20190609T180009_T14VPM,msp,thin_cloud,0,,,no_pixels_in_stratum,0.0,,0.0,,0.0,,0.0,
ROI_00197__20190609T175919_20190609T180009_T14VPM,msp,cloud_shadow,4048,0.43626482213438733,0.35399607167001296,,4048.0,1.0,2023.0,0.49975296442687744,711.0,0.1756422924901186,3.0,0.0007411067193675889
ROI_00197__20190609T175919_20190609T180009_T14VPM,entropy,boundary,6604,0.331465778316172,0.6478454781353401,,6604.0,1.0,4437.0,0.6718655360387644,2533.0,0.38355542095699574,652.0,0.09872804360993337
ROI_00197__20190609T175919_20190609T180009_T14VPM,entropy,nonboundary,43572,0.02721931515652254,0.1997823561761114,,43572.0,1.0,40721.4,0.9345772514458827,37607.8,0.8631185164784725,24436.0,0.5608188745065639
ROI_00197__20190609T175919_20190609T180009_T14VPM,entropy,clear,1661,0.22877784467188442,0.6740049747845877,,1661.0,1.0,920.4000000000015,0.5541240216736915,575.0,0.34617700180614086,446.0,0.26851294400963277
ROI_00197__20190609T175919_20190609T180009_T14VPM,entropy,thick_cloud,44467,0.027638473474711583,0.19285779705634734,,44467.0,1.0,42073.0,0.9461623226212698,38825.8,0.8731373827782402,24640.0,0.5541187847167562
ROI_00197__20190609T175919_20190609T180009_T14VPM,entropy,thin_cloud,0,,,no_pixels_in_stratum,0.0,,0.0,,0.0,,0.0,
ROI_00197__20190609T175919_20190609T180009_T14VPM,entropy,cloud_shadow,4048,0.43626482213438733,0.8122426966624298,,4048.0,1.0,2165.0,0.5348320158102767,740.0,0.18280632411067194,2.0,0.0004940711462450593
ROI_00197__20190609T175919_20190609T180009_T14VPM,negative_margin,boundary,6604,0.331465778316172,-0.5244522414615767,,6604.0,1.0,4218.0,0.6387038158691702,2424.800000000003,0.3671714112658999,647.0,0.09797092671108419
ROI_00197__20190609T175919_20190609T180009_T14VPM,negative_margin,nonboundary,43572,0.02721931515652254,-0.8827871286846519,,43572.0,1.0,40940.4,0.9396034150371799,37716.0,0.8656017625998348,24441.0,0.5609336270999724
ROI_00197__20190609T175919_20190609T180009_T14VPM,negative_margin,clear,1661,0.22877784467188442,-0.5590715509398135,,1661.0,1.0,1151.0,0.6929560505719446,622.0,0.374473208910295,446.0,0.26851294400963277
ROI_00197__20190609T175919_20190609T180009_T14VPM,negative_margin,thick_cloud,44467,0.027638473474711583,-0.8872593412297031,,44467.0,1.0,41964.0,0.9437110666336834,38819.8,0.8730024512559876,24637.0,0.55405131895563
ROI_00197__20190609T175919_20190609T180009_T14VPM,negative_margin,thin_cloud,0,,,no_pixels_in_stratum,0.0,,0.0,,0.0,,0.0,
ROI_00197__20190609T175919_20190609T180009_T14VPM,negative_margin,cloud_shadow,4048,0.43626482213438733,-0.38189337971533294,,4048.0,1.0,2043.4000000000015,0.5047924901185774,699.0,0.17267786561264822,5.0,0.0012351778656126482
ROI_00197__20190609T175919_20190609T180009_T14VPM,gini_total,boundary,6604,0.331465778316172,0.3663789268103693,,6604.0,1.0,4250.0,0.643549364021805,2465.0,0.3732586311326469,648.0,0.09812235009085403
ROI_00197__20190609T175919_20190609T180009_T14VPM,gini_total,nonboundary,43572,0.02721931515652254,0.10108270607712178,,43572.0,1.0,40908.4,0.9388689984393648,37675.8,0.8646791517488296,24440.0,0.5609106765812908
ROI_00197__20190609T175919_20190609T180009_T14VPM,gini_total,clear,1661,0.22877784467188442,0.3684005550768672,,1661.0,1.0,953.0,0.5737507525586996,598.0,0.3600240818783865,446.0,0.26851294400963277
ROI_00197__20190609T175919_20190609T180009_T14VPM,gini_total,thick_cloud,44467,0.027638473474711583,0.09737298034843542,,44467.0,1.0,42180.4,0.9485775968695888,38822.8,0.8730699170171139,24639.0,0.5540962961297141
ROI_00197__20190609T175919_20190609T180009_T14VPM,gini_total,thin_cloud,0,,,no_pixels_in_stratum,0.0,,0.0,,0.0,,0.0,
ROI_00197__20190609T175919_20190609T180009_T14VPM,gini_total,cloud_shadow,4048,0.43626482213438733,0.46495663604532494,,4048.0,1.0,2025.0,0.5002470355731226,720.0,0.17786561264822134,3.0,0.0007411067193675889
ROI_00201__20200320T161951_20200320T162706_T16TGL,msp,boundary,12578,0.48584830656702177,0.3544311055788878,,12578.0,1.0,10789.400000000001,0.8577993321672763,8748.0,0.6955000795038957,4135.0,0.3287486086818254
ROI_00201__20200320T161951_20200320T162706_T16TGL,msp,nonboundary,37598,0.25227405713069845,0.25828508929839394,,37598.0,1.0,34369.0,0.9141177722219267,31392.800000000003,0.8349593063460823,20953.0,0.5572902813979467
ROI_00201__20200320T161951_20200320T162706_T16TGL,msp,clear,447,0.0,6.313345309605268e-05,,447.0,1.0,447.0,1.0,447.0,1.0,447.0,1.0
ROI_00201__20200320T161951_20200320T162706_T16TGL,msp,thick_cloud,19580,0.3552093973442288,0.26318531329377315,,19580.0,1.0,17451.0,0.8912665985699694,15827.800000000003,0.8083656792645558,10587.0,0.5407048008171603
ROI_00201__20200320T161951_20200320T162706_T16TGL,msp,thin_cloud,24748,0.32075319217714565,0.2911999864485377,,24748.0,1.0,22389.4,0.904695328915468,19902.0,0.8041861968643931,11874.0,0.4797963471795701
ROI_00201__20200320T161951_20200320T162706_T16TGL,msp,cloud_shadow,5401,0.1301610812812442,0.33497932120685864,,5401.0,1.0,4871.0,0.9018700240696167,3964.0,0.733938159600074,2180.0,0.40362895760044437
ROI_00201__20200320T161951_20200320T162706_T16TGL,entropy,boundary,12578,0.48584830656702177,0.8416828464330939,,12578.0,1.0,10792.400000000001,0.858037843854349,8537.800000000003,0.6787883606296711,4061.0,0.32286532040069965
ROI_00201__20200320T161951_20200320T162706_T16TGL,entropy,nonboundary,37598,0.25227405713069845,0.6557401960422485,,37598.0,1.0,34366.0,0.9140379807436566,31603.0,0.8405500292568754,21027.0,0.5592584711952764
ROI_00201__20200320T161951_20200320T162706_T16TGL,entropy,clear,447,0.0,0.000346342740043626,,447.0,1.0,447.0,1.0,447.0,1.0,447.0,1.0
ROI_00201__20200320T161951_20200320T162706_T16TGL,entropy,thick_cloud,19580,0.3552093973442288,0.6439245089801566,,19580.0,1.0,17110.4,0.8738712972420838,15726.0,0.8031664964249234,11399.0,0.5821756894790603
ROI_00201__20200320T161951_20200320T162706_T16TGL,entropy,thin_cloud,24748,0.32075319217714565,0.7264920164898068,,24748.0,1.0,22606.0,0.9134475513172782,20225.800000000003,0.8172700824309036,11614.0,0.4692904477129465
ROI_00201__20200320T161951_20200320T162706_T16TGL,entropy,cloud_shadow,5401,0.1301610812812442,0.8616525843558428,,5401.0,1.0,4995.0,0.9248287354193668,3742.0,0.6928346602481023,1628.0,0.3014256619144603
ROI_00201__20200320T161951_20200320T162706_T16TGL,negative_margin,boundary,12578,0.48584830656702177,-0.41351337242285024,,12578.0,1.0,10766.0,0.8559389410081094,8944.0,0.7110828430593099,4351.0,0.3459214501510574
ROI_00201__20200320T161951_20200320T162706_T16TGL,negative_margin,nonboundary,37598,0.25227405713069845,-0.5654858435799118,,37598.0,1.0,34392.4,0.9147401457524337,31196.800000000003,0.829746263099101,20737.0,0.551545294962498
ROI_00201__20200320T161951_20200320T162706_T16TGL,negative_margin,clear,447,0.0,-0.9998953699946247,,447.0,1.0,447.0,1.0,447.0,1.0,447.0,1.0
ROI_00201__20200320T161951_20200320T162706_T16TGL,negative_margin,thick_cloud,19580,0.3552093973442288,-0.5546156793136736,,19580.0,1.0,17680.0,0.9029622063329928,15782.0,0.806026557711951,10438.0,0.5330949948927477
ROI_00201__20200320T161951_20200320T162706_T16TGL,negative_margin,thin_cloud,24748,0.32075319217714565,-0.5110337993403523,,24748.0,1.0,22137.4,0.8945126878939713,19636.800000000003,0.7934701794084371,11817.0,0.47749313075804106
ROI_00201__20200320T161951_20200320T162706_T16TGL,negative_margin,cloud_shadow,5401,0.1301610812812442,-0.46452791109568015,,5401.0,1.0,4894.0,0.9061284947231995,4275.0,0.7915200888724311,2386.0,0.44177004258470653
ROI_00201__20200320T161951_20200320T162706_T16TGL,gini_total,boundary,12578,0.48584830656702177,0.4664708057480194,,12578.0,1.0,10785.400000000001,0.8574813165845128,8618.0,0.6851645730640802,4072.0,0.3237398632532994
ROI_00201__20200320T161951_20200320T162706_T16TGL,gini_total,nonboundary,37598,0.25227405713069845,0.3565211774600726,,37598.0,1.0,34373.0,0.9142241608596202,31522.800000000003,0.8384169370711209,21016.0,0.5589659024416193
ROI_00201__20200320T161951_20200320T162706_T16TGL,gini_total,clear,447,0.0,0.00012363805312705557,,447.0,1.0,447.0,1.0,447.0,1.0,447.0,1.0
ROI_00201__20200320T161951_20200320T162706_T16TGL,gini_total,thick_cloud,19580,0.3552093973442288,0.3556258724031383,,19580.0,1.0,17163.0,0.8765577119509704,15882.800000000003,0.8111746680286007,10756.0,0.5493360572012257
ROI_00201__20200320T161951_20200320T162706_T16TGL,gini_total,thin_cloud,24748,0.32075319217714565,0.3964517667609941,,24748.0,1.0,22603.0,0.9133263294003556,20056.0,0.8104089219330854,11847.0,0.4787053499272669
ROI_00201__20200320T161951_20200320T162706_T16TGL,gini_total,cloud_shadow,5401,0.1301610812812442,0.4623504634656768,,5401.0,1.0,4945.4000000000015,0.915645250879467,3755.0,0.6952416219218663,2038.0,0.3773375300870209
ROI_00428__20190127T144729_20190127T144731_T19LDD,msp,boundary,7421,0.362754345775502,0.2667793412323253,,7421.0,1.0,4916.4000000000015,0.6624983155908909,1992.800000000003,0.26853523783856664,943.0,0.1270718232044199
ROI_00428__20190127T144729_20190127T144731_T19LDD,msp,nonboundary,42755,0.023131797450590574,0.04674368327771721,,42755.0,1.0,40242.0,0.9412232487428371,38148.0,0.8922465208747515,24145.0,0.5647292714302421
ROI_00428__20190127T144729_20190127T144731_T19LDD,msp,clear,2718,0.253495217071376,0.4326382247159549,,2718.0,1.0,538.4000000000015,0.19808682855040524,447.0,0.16445916114790288,446.0,0.16409124356144222
ROI_00428__20190127T144729_20190127T144731_T19LDD,msp,thick_cloud,43820,0.01978548607941579,0.032156952036292194,,43820.0,1.0,42733.0,0.9751939753537198,39577.8,0.903190324052944,24642.0,0.5623459607485166
ROI_00428__20190127T144729_20190127T144731_T19LDD,msp,thin_cloud,0,,,no_pixels_in_stratum,0.0,,0.0,,0.0,,0.0,
ROI_00428__20190127T144729_20190127T144731_T19LDD,msp,cloud_shadow,3638,0.5841121495327103,0.38297617834403397,,3638.0,1.0,1887.0,0.5186915887850467,116.0,0.03188565145684442,0.0,0.0
ROI_00428__20190127T144729_20190127T144731_T19LDD,entropy,boundary,7421,0.362754345775502,0.6065668156799559,,7421.0,1.0,5019.0,0.6763239455598976,1990.0,0.26815793019808654,949.0,0.12788033957687645
ROI_00428__20190127T144729_20190127T144731_T19LDD,entropy,nonboundary,42755,0.023131797450590574,0.13426837155528065,,42755.0,1.0,40139.4,0.9388235294117647,38150.8,0.8923120102911941,24139.0,0.5645889369664366
ROI_00428__20190127T144729_20190127T144731_T19LDD,entropy,clear,2718,0.253495217071376,0.935311974159373,,2718.0,1.0,453.0,0.16666666666666666,447.0,0.16445916114790288,446.0,0.16409124356144222
ROI_00428__20190127T144729_20190127T144731_T19LDD,entropy,thick_cloud,43820,0.01978548607941579,0.10654470721183229,,43820.0,1.0,42806.0,0.9768598813327248,39574.8,0.9031218621633957,24642.0,0.5623459607485166
ROI_00428__20190127T144729_20190127T144731_T19LDD,entropy,thin_cloud,0,,,no_pixels_in_stratum,0.0,,0.0,,0.0,,0.0,
ROI_00428__20190127T144729_20190127T144731_T19LDD,entropy,cloud_shadow,3638,0.5841121495327103,0.8331527073170176,,3638.0,1.0,1899.4000000000015,0.5221000549752616,119.0,0.03271028037383177,0.0,0.0
ROI_00428__20190127T144729_20190127T144731_T19LDD,negative_margin,boundary,7421,0.362754345775502,-0.5347271057266629,,7421.0,1.0,4834.0,0.6513946907424876,1991.0,0.2682926829268293,924.0,0.12451152135830751
ROI_00428__20190127T144729_20190127T144731_T19LDD,negative_margin,nonboundary,42755,0.023131797450590574,-0.9207619184479618,,42755.0,1.0,40324.4,0.9431505087124313,38149.8,0.8922886212138932,24164.0,0.5651736638989592
ROI_00428__20190127T144729_20190127T144731_T19LDD,negative_margin,clear,2718,0.253495217071376,-0.28727689823367314,,2718.0,1.0,667.0,0.24540103016924208,447.0,0.16445916114790288,446.0,0.16409124356144222
ROI_00428__20190127T144729_20190127T144731_T19LDD,negative_margin,thick_cloud,43820,0.01978548607941579,-0.9437943279757435,,43820.0,1.0,42735.0,0.9752396166134185,39578.8,0.9032131446827933,24642.0,0.5623459607485166
ROI_00428__20190127T144729_20190127T144731_T19LDD,negative_margin,thin_cloud,0,,,no_pixels_in_stratum,0.0,,0.0,,0.0,,0.0,
ROI_00428__20190127T144729_20190127T144731_T19LDD,negative_margin,cloud_shadow,3638,0.5841121495327103,-0.329164269803181,,3638.0,1.0,1756.4000000000015,0.4827927432655309,115.0,0.03161077515118197,0.0,0.0
ROI_00428__20190127T144729_20190127T144731_T19LDD,gini_total,boundary,7421,0.362754345775502,0.3460743375144373,,7421.0,1.0,4995.4000000000015,0.6731437811615687,1993.0,0.2685621883843148,944.0,0.12720657593316265
ROI_00428__20190127T144729_20190127T144731_T19LDD,gini_total,nonboundary,42755,0.023131797450590574,0.06480560215008509,,42755.0,1.0,40163.0,0.9393755116360659,38147.8,0.8922418430592913,24144.0,0.5647058823529412
ROI_00428__20190127T144729_20190127T144731_T19LDD,gini_total,clear,2718,0.253495217071376,0.5232086830226561,,2718.0,1.0,473.0,0.17402501839587933,447.0,0.16445916114790288,446.0,0.16409124356144222
ROI_00428__20190127T144729_20190127T144731_T19LDD,gini_total,thick_cloud,43820,0.01978548607941579,0.048995152220692055,,43820.0,1.0,42779.0,0.9762437243267914,39577.8,0.903190324052944,24642.0,0.5623459607485166
ROI_00428__20190127T144729_20190127T144731_T19LDD,gini_total,thin_cloud,0,,,no_pixels_in_stratum,0.0,,0.0,,0.0,,0.0,
ROI_00428__20190127T144729_20190127T144731_T19LDD,gini_total,cloud_shadow,3638,0.5841121495327103,0.4865124815434914,,3638.0,1.0,1906.4000000000015,0.5240241891148987,116.0,0.03188565145684442,0.0,0.0
ROI_00489__20190906T014659_20190906T015218_T53TPN,msp,boundary,7785,0.3565831727681439,0.22764965564912149,,7785.0,1.0,4231.4000000000015,0.5435324341682725,1989.800000000003,0.255594091201028,431.0,0.05536287732819525
ROI_00489__20190906T014659_20190906T015218_T53TPN,msp,nonboundary,42391,0.009365195442428817,0.02808281701393057,,42391.0,1.0,40927.0,0.9654643674364841,38151.0,0.8999787690783421,24657.0,0.5816564836875752
ROI_00489__20190906T014659_20190906T015218_T53TPN,msp,clear,40507,0.019107808526921274,0.02954597506267215,,40507.0,1.0,38743.4,0.956461846100674,36624.8,0.904159774853729,23794.0,0.5874046461105488
ROI_00489__20190906T014659_20190906T015218_T53TPN,msp,thick_cloud,6246,0.24479666986871598,0.17598280340690778,,6246.0,1.0,4202.0,0.6727505603586296,2411.0,0.38600704450848544,1241.0,0.19868715978226065
ROI_00489__20190906T014659_20190906T015218_T53TPN,msp,thin_cloud,0,,,no_pixels_in_stratum,0.0,,0.0,,0.0,,0.0,
ROI_00489__20190906T014659_20190906T015218_T53TPN,msp,cloud_shadow,3423,0.2541630148992112,0.19477179764029648,,3423.0,1.0,2213.0,0.6465089103125913,1105.0,0.32281624306164186,53.0,0.015483494011101374
ROI_00489__20190906T014659_20190906T015218_T53TPN,entropy,boundary,7785,0.3565831727681439,0.5147198160099135,,7785.0,1.0,4274.4000000000015,0.5490558766859347,1985.800000000003,0.2550802825947338,433.0,0.055619781631342326
ROI_00489__20190906T014659_20190906T015218_T53TPN,entropy,nonboundary,42391,0.009365195442428817,0.09078132694028392,,42391.0,1.0,40884.0,0.9644500011794956,38155.0,0.900073128730155,24655.0,0.5816093038616688
ROI_00489__20190906T014659_20190906T015218_T53TPN,entropy,clear,40507,0.019107808526921274,0.08986777623256555,,40507.0,1.0,38750.0,0.9566247809020663,36638.8,0.9045053941294098,23788.0,0.5872565235638285
ROI_00489__20190906T014659_20190906T015218_T53TPN,entropy,thick_cloud,6246,0.24479666986871598,0.4169237170483638,,6246.0,1.0,4157.4000000000015,0.6656099903938523,2407.0,0.38536663464617354,1243.0,0.1990073647134166
ROI_00489__20190906T014659_20190906T015218_T53TPN,entropy,thin_cloud,0,,,no_pixels_in_stratum,0.0,,0.0,,0.0,,0.0,
ROI_00489__20190906T014659_20190906T015218_T53TPN,entropy,cloud_shadow,3423,0.2541630148992112,0.4706472244890853,,3423.0,1.0,2251.0,0.6576102833771545,1095.0,0.31989482909728306,57.0,0.016652059596844872
ROI_00489__20190906T014659_20190906T015218_T53TPN,negative_margin,boundary,7785,0.3565831727681439,-0.5707147840287683,,7785.0,1.0,4228.4000000000015,0.5431470777135519,1989.0,0.25549132947976877,428.0,0.05497752087347463
ROI_00489__20190906T014659_20190906T015218_T53TPN,negative_margin,nonboundary,42391,0.009365195442428817,-0.9478942890564177,,42391.0,1.0,40930.0,0.9655351371753438,38151.8,0.8999976410087047,24660.0,0.5817272534264348
ROI_00489__20190906T014659_20190906T015218_T53TPN,negative_margin,clear,40507,0.019107808526921274,-0.9445285084039668,,40507.0,1.0,38738.4,0.9563384106450737,36586.8,0.903221665391167,23798.0,0.587503394475029
ROI_00489__20190906T014659_20190906T015218_T53TPN,negative_margin,thick_cloud,6246,0.24479666986871598,-0.6695016728191355,,6246.0,1.0,4208.0,0.6737111751520973,2427.0,0.388568683957733,1236.0,0.1978866474543708
ROI_00489__20190906T014659_20190906T015218_T53TPN,negative_margin,thin_cloud,0,,,no_pixels_in_stratum,0.0,,0.0,,0.0,,0.0,
ROI_00489__20190906T014659_20190906T015218_T53TPN,negative_margin,cloud_shadow,3423,0.2541630148992112,-0.6378842134696939,,3423.0,1.0,2212.0,0.6462167689161554,1127.0,0.3292433537832311,54.0,0.015775635407537247
ROI_00489__20190906T014659_20190906T015218_T53TPN,gini_total,boundary,7785,0.3565831727681439,0.309824539688064,,7785.0,1.0,4235.0,0.5439948619139371,1990.0,0.2556197816313423,431.0,0.05536287732819525
ROI_00489__20190906T014659_20190906T015218_T53TPN,gini_total,nonboundary,42391,0.009365195442428817,0.044284382897805515,,42391.0,1.0,40923.4,0.9653794437498526,38150.8,0.8999740510957516,24657.0,0.5816564836875752
ROI_00489__20190906T014659_20190906T015218_T53TPN,gini_total,clear,40507,0.019107808526921274,0.04494324362660512,,40507.0,1.0,38742.0,0.9564272841731059,36623.0,0.9041153380897129,23793.0,0.5873799590194287
ROI_00489__20190906T014659_20190906T015218_T53TPN,gini_total,thick_cloud,6246,0.24479666986871598,0.2447989165681391,,6246.0,1.0,4200.4000000000015,0.672494396413705,2412.800000000003,0.38629522894652624,1241.0,0.19868715978226065
ROI_00489__20190906T014659_20190906T015218_T53TPN,gini_total,thin_cloud,0,,,no_pixels_in_stratum,0.0,,0.0,,0.0,,0.0,
ROI_00489__20190906T014659_20190906T015218_T53TPN,gini_total,cloud_shadow,3423,0.2541630148992112,0.2745291599254927,,3423.0,1.0,2216.0,0.647385334501899,1105.0,0.32281624306164186,54.0,0.015775635407537247
ROI_00503__20190428T185929_20190428T190154_T10TDK,msp,boundary,0,,,no_pixels_in_stratum,0.0,,0.0,,0.0,,0.0,
ROI_00503__20190428T185929_20190428T190154_T10TDK,msp,nonboundary,50176,0.0,0.002811175173538148,,50176.0,1.0,45158.4,0.9,40140.8,0.8,25088.0,0.5
ROI_00503__20190428T185929_20190428T190154_T10TDK,msp,clear,50176,0.0,0.002811175173538148,,50176.0,1.0,45158.4,0.9,40140.8,0.8,25088.0,0.5
ROI_00503__20190428T185929_20190428T190154_T10TDK,msp,thick_cloud,0,,,no_pixels_in_stratum,0.0,,0.0,,0.0,,0.0,
ROI_00503__20190428T185929_20190428T190154_T10TDK,msp,thin_cloud,0,,,no_pixels_in_stratum,0.0,,0.0,,0.0,,0.0,
ROI_00503__20190428T185929_20190428T190154_T10TDK,msp,cloud_shadow,0,,,no_pixels_in_stratum,0.0,,0.0,,0.0,,0.0,
ROI_00503__20190428T185929_20190428T190154_T10TDK,entropy,boundary,0,,,no_pixels_in_stratum,0.0,,0.0,,0.0,,0.0,
ROI_00503__20190428T185929_20190428T190154_T10TDK,entropy,nonboundary,50176,0.0,0.01885466296945663,,50176.0,1.0,45158.4,0.9,40140.8,0.8,25088.0,0.5
ROI_00503__20190428T185929_20190428T190154_T10TDK,entropy,clear,50176,0.0,0.01885466296945663,,50176.0,1.0,45158.4,0.9,40140.8,0.8,25088.0,0.5
ROI_00503__20190428T185929_20190428T190154_T10TDK,entropy,thick_cloud,0,,,no_pixels_in_stratum,0.0,,0.0,,0.0,,0.0,
ROI_00503__20190428T185929_20190428T190154_T10TDK,entropy,thin_cloud,0,,,no_pixels_in_stratum,0.0,,0.0,,0.0,,0.0,
ROI_00503__20190428T185929_20190428T190154_T10TDK,entropy,cloud_shadow,0,,,no_pixels_in_stratum,0.0,,0.0,,0.0,,0.0,
ROI_00503__20190428T185929_20190428T190154_T10TDK,negative_margin,boundary,0,,,no_pixels_in_stratum,0.0,,0.0,,0.0,,0.0,
ROI_00503__20190428T185929_20190428T190154_T10TDK,negative_margin,nonboundary,50176,0.0,-0.9951646426238502,,50176.0,1.0,45158.4,0.9,40140.8,0.8,25088.0,0.5
ROI_00503__20190428T185929_20190428T190154_T10TDK,negative_margin,clear,50176,0.0,-0.9951646426238502,,50176.0,1.0,45158.4,0.9,40140.8,0.8,25088.0,0.5
ROI_00503__20190428T185929_20190428T190154_T10TDK,negative_margin,thick_cloud,0,,,no_pixels_in_stratum,0.0,,0.0,,0.0,,0.0,
ROI_00503__20190428T185929_20190428T190154_T10TDK,negative_margin,thin_cloud,0,,,no_pixels_in_stratum,0.0,,0.0,,0.0,,0.0,
ROI_00503__20190428T185929_20190428T190154_T10TDK,negative_margin,cloud_shadow,0,,,no_pixels_in_stratum,0.0,,0.0,,0.0,,0.0,
ROI_00503__20190428T185929_20190428T190154_T10TDK,gini_total,boundary,0,,,no_pixels_in_stratum,0.0,,0.0,,0.0,,0.0,
ROI_00503__20190428T185929_20190428T190154_T10TDK,gini_total,nonboundary,50176,0.0,0.005477250946586683,,50176.0,1.0,45158.4,0.9,40140.8,0.8,25088.0,0.5
ROI_00503__20190428T185929_20190428T190154_T10TDK,gini_total,clear,50176,0.0,0.005477250946586683,,50176.0,1.0,45158.4,0.9,40140.8,0.8,25088.0,0.5
ROI_00503__20190428T185929_20190428T190154_T10TDK,gini_total,thick_cloud,0,,,no_pixels_in_stratum,0.0,,0.0,,0.0,,0.0,
ROI_00503__20190428T185929_20190428T190154_T10TDK,gini_total,thin_cloud,0,,,no_pixels_in_stratum,0.0,,0.0,,0.0,,0.0,
ROI_00503__20190428T185929_20190428T190154_T10TDK,gini_total,cloud_shadow,0,,,no_pixels_in_stratum,0.0,,0.0,,0.0,,0.0,
ROI_00535__20190429T182929_20190429T183604_T11TPN,msp,boundary,0,,,no_pixels_in_stratum,0.0,,0.0,,0.0,,0.0,
ROI_00535__20190429T182929_20190429T183604_T11TPN,msp,nonboundary,50176,0.0,0.002062198209424256,,50176.0,1.0,45158.4,0.9,40140.8,0.8,25088.0,0.5
ROI_00535__20190429T182929_20190429T183604_T11TPN,msp,clear,50176,0.0,0.002062198209424256,,50176.0,1.0,45158.4,0.9,40140.8,0.8,25088.0,0.5
ROI_00535__20190429T182929_20190429T183604_T11TPN,msp,thick_cloud,0,,,no_pixels_in_stratum,0.0,,0.0,,0.0,,0.0,
ROI_00535__20190429T182929_20190429T183604_T11TPN,msp,thin_cloud,0,,,no_pixels_in_stratum,0.0,,0.0,,0.0,,0.0,
ROI_00535__20190429T182929_20190429T183604_T11TPN,msp,cloud_shadow,0,,,no_pixels_in_stratum,0.0,,0.0,,0.0,,0.0,
ROI_00535__20190429T182929_20190429T183604_T11TPN,entropy,boundary,0,,,no_pixels_in_stratum,0.0,,0.0,,0.0,,0.0,
ROI_00535__20190429T182929_20190429T183604_T11TPN,entropy,nonboundary,50176,0.0,0.015973194717281064,,50176.0,1.0,45158.4,0.9,40140.8,0.8,25088.0,0.5
ROI_00535__20190429T182929_20190429T183604_T11TPN,entropy,clear,50176,0.0,0.015973194717281064,,50176.0,1.0,45158.4,0.9,40140.8,0.8,25088.0,0.5
ROI_00535__20190429T182929_20190429T183604_T11TPN,entropy,thick_cloud,0,,,no_pixels_in_stratum,0.0,,0.0,,0.0,,0.0,
ROI_00535__20190429T182929_20190429T183604_T11TPN,entropy,thin_cloud,0,,,no_pixels_in_stratum,0.0,,0.0,,0.0,,0.0,
ROI_00535__20190429T182929_20190429T183604_T11TPN,entropy,cloud_shadow,0,,,no_pixels_in_stratum,0.0,,0.0,,0.0,,0.0,
ROI_00535__20190429T182929_20190429T183604_T11TPN,negative_margin,boundary,0,,,no_pixels_in_stratum,0.0,,0.0,,0.0,,0.0,
ROI_00535__20190429T182929_20190429T183604_T11TPN,negative_margin,nonboundary,50176,0.0,-0.9966448075655014,,50176.0,1.0,45158.4,0.9,40140.8,0.8,25088.0,0.5
ROI_00535__20190429T182929_20190429T183604_T11TPN,negative_margin,clear,50176,0.0,-0.9966448075655014,,50176.0,1.0,45158.4,0.9,40140.8,0.8,25088.0,0.5
ROI_00535__20190429T182929_20190429T183604_T11TPN,negative_margin,thick_cloud,0,,,no_pixels_in_stratum,0.0,,0.0,,0.0,,0.0,
ROI_00535__20190429T182929_20190429T183604_T11TPN,negative_margin,thin_cloud,0,,,no_pixels_in_stratum,0.0,,0.0,,0.0,,0.0,
ROI_00535__20190429T182929_20190429T183604_T11TPN,negative_margin,cloud_shadow,0,,,no_pixels_in_stratum,0.0,,0.0,,0.0,,0.0,
ROI_00535__20190429T182929_20190429T183604_T11TPN,gini_total,boundary,0,,,no_pixels_in_stratum,0.0,,0.0,,0.0,,0.0,
ROI_00535__20190429T182929_20190429T183604_T11TPN,gini_total,nonboundary,50176,0.0,0.004113679146027636,,50176.0,1.0,45158.4,0.9,40140.8,0.8,25088.0,0.5
ROI_00535__20190429T182929_20190429T183604_T11TPN,gini_total,clear,50176,0.0,0.004113679146027636,,50176.0,1.0,45158.4,0.9,40140.8,0.8,25088.0,0.5
ROI_00535__20190429T182929_20190429T183604_T11TPN,gini_total,thick_cloud,0,,,no_pixels_in_stratum,0.0,,0.0,,0.0,,0.0,
ROI_00535__20190429T182929_20190429T183604_T11TPN,gini_total,thin_cloud,0,,,no_pixels_in_stratum,0.0,,0.0,,0.0,,0.0,
ROI_00535__20190429T182929_20190429T183604_T11TPN,gini_total,cloud_shadow,0,,,no_pixels_in_stratum,0.0,,0.0,,0.0,,0.0,
ROI_00539__20190403T162839_20190403T163509_T16SBB,msp,boundary,2708,0.39918759231905465,0.1713634376996025,,2708.0,1.0,2495.0,0.9213441654357459,2150.0,0.7939438700147711,1389.0,0.5129246676514032
ROI_00539__20190403T162839_20190403T163509_T16SBB,msp,nonboundary,47468,0.20653914215892813,0.17824487892540883,,47468.0,1.0,42663.4,0.8987823375747872,37990.8,0.8003454959130362,23699.0,0.4992626611612033
ROI_00539__20190403T162839_20190403T163509_T16SBB,msp,clear,33675,0.24106904231625836,0.19925355563273497,,33675.0,1.0,29579.4,0.8783786191536749,25704.800000000003,0.7633199703043801,14540.0,0.4317743132887899
ROI_00539__20190403T162839_20190403T163509_T16SBB,msp,thick_cloud,0,,,no_pixels_in_stratum,0.0,,0.0,,0.0,,0.0,
ROI_00539__20190403T162839_20190403T163509_T16SBB,msp,thin_cloud,16501,0.1676868068601903,0.13424135605051088,,16501.0,1.0,15579.0,0.9441245985091813,14436.0,0.8748560693291315,10548.0,0.6392339858190412
ROI_00539__20190403T162839_20190403T163509_T16SBB,msp,cloud_shadow,0,,,no_pixels_in_stratum,0.0,,0.0,,0.0,,0.0,
ROI_00539__20190403T162839_20190403T163509_T16SBB,entropy,boundary,2708,0.39918759231905465,0.41731383859929366,,2708.0,1.0,2579.0,0.9523633677991138,2227.0,0.8223781388478582,1382.0,0.5103397341211225
ROI_00539__20190403T162839_20190403T163509_T16SBB,entropy,nonboundary,47468,0.20653914215892813,0.4382006699999949,,47468.0,1.0,42579.4,0.8970127243616752,37913.8,0.7987233504676835,23706.0,0.4994101289289627
ROI_00539__20190403T162839_20190403T163509_T16SBB,entropy,clear,33675,0.24106904231625836,0.47817784393371654,,33675.0,1.0,28976.4,0.8604721603563474,25395.0,0.754120267260579,14296.0,0.42452858203414995
ROI_00539__20190403T162839_20190403T163509_T16SBB,entropy,thick_cloud,0,,,no_pixels_in_stratum,0.0,,0.0,,0.0,,0.0,
ROI_00539__20190403T162839_20190403T163509_T16SBB,entropy,thin_cloud,16501,0.1676868068601903,0.3531880724815915,,16501.0,1.0,16182.0,0.9806678383128296,14745.800000000003,0.8936306890491487,10792.0,0.654020968426156
ROI_00539__20190403T162839_20190403T163509_T16SBB,entropy,cloud_shadow,0,,,no_pixels_in_stratum,0.0,,0.0,,0.0,,0.0,
ROI_00539__20190403T162839_20190403T163509_T16SBB,negative_margin,boundary,2708,0.39918759231905465,-0.6712434258376999,,2708.0,1.0,2482.0,0.9165435745937962,2148.0,0.793205317577548,1403.0,0.5180945347119645
ROI_00539__20190403T162839_20190403T163509_T16SBB,negative_margin,nonboundary,47468,0.20653914215892813,-0.6572645842142747,,47468.0,1.0,42676.4,0.8990562062863403,37992.8,0.8003876295609674,23685.0,0.4989677256256847
ROI_00539__20190403T162839_20190403T163509_T16SBB,negative_margin,clear,33675,0.24106904231625836,-0.6177619799908997,,33675.0,1.0,29637.0,0.8800890868596882,25726.800000000003,0.7639732739420936,14669.0,0.4356050482553823
ROI_00539__20190403T162839_20190403T163509_T16SBB,negative_margin,thick_cloud,0,,,no_pixels_in_stratum,0.0,,0.0,,0.0,,0.0,
ROI_00539__20190403T162839_20190403T163509_T16SBB,negative_margin,thin_cloud,16501,0.1676868068601903,-0.7401750078454725,,16501.0,1.0,15521.400000000001,0.9406339009756985,14414.0,0.8735228167989819,10419.0,0.6314162778013453
ROI_00539__20190403T162839_20190403T163509_T16SBB,negative_margin,cloud_shadow,0,,,no_pixels_in_stratum,0.0,,0.0,,0.0,,0.0,
ROI_00539__20190403T162839_20190403T163509_T16SBB,gini_total,boundary,2708,0.39918759231905465,0.24219386313918312,,2708.0,1.0,2528.0,0.9335302806499262,2154.0,0.7954209748892171,1390.0,0.5132939438700148
ROI_00539__20190403T162839_20190403T163509_T16SBB,gini_total,nonboundary,47468,0.20653914215892813,0.25263399692797633,,47468.0,1.0,42630.4,0.8980871323839218,37986.8,0.8002612286171737,23698.0,0.4992415943372377
ROI_00539__20190403T162839_20190403T163509_T16SBB,gini_total,clear,33675,0.24106904231625836,0.278520732648423,,33675.0,1.0,29385.4,0.8726176688938382,25657.800000000003,0.7619242761692652,14509.0,0.4308537490720119
ROI_00539__20190403T162839_20190403T163509_T16SBB,gini_total,thick_cloud,0,,,no_pixels_in_stratum,0.0,,0.0,,0.0,,0.0,
ROI_00539__20190403T162839_20190403T163509_T16SBB,gini_total,thin_cloud,16501,0.1676868068601903,0.19809138086312617,,16501.0,1.0,15773.0,0.9558814617295921,14483.0,0.8777043815526332,10579.0,0.6411126598387976
ROI_00539__20190403T162839_20190403T163509_T16SBB,gini_total,cloud_shadow,0,,,no_pixels_in_stratum,0.0,,0.0,,0.0,,0.0,
ROI_00539__20191219T163709_20191219T164030_T16SBB,msp,boundary,0,,,no_pixels_in_stratum,0.0,,0.0,,0.0,,0.0,
ROI_00539__20191219T163709_20191219T164030_T16SBB,msp,nonboundary,50176,0.0,0.002409791558439254,,50176.0,1.0,45158.4,0.9,40140.8,0.8,25088.0,0.5
ROI_00539__20191219T163709_20191219T164030_T16SBB,msp,clear,50176,0.0,0.002409791558439254,,50176.0,1.0,45158.4,0.9,40140.8,0.8,25088.0,0.5
ROI_00539__20191219T163709_20191219T164030_T16SBB,msp,thick_cloud,0,,,no_pixels_in_stratum,0.0,,0.0,,0.0,,0.0,
ROI_00539__20191219T163709_20191219T164030_T16SBB,msp,thin_cloud,0,,,no_pixels_in_stratum,0.0,,0.0,,0.0,,0.0,
ROI_00539__20191219T163709_20191219T164030_T16SBB,msp,cloud_shadow,0,,,no_pixels_in_stratum,0.0,,0.0,,0.0,,0.0,
ROI_00539__20191219T163709_20191219T164030_T16SBB,entropy,boundary,0,,,no_pixels_in_stratum,0.0,,0.0,,0.0,,0.0,
ROI_00539__20191219T163709_20191219T164030_T16SBB,entropy,nonboundary,50176,0.0,0.01652161793993291,,50176.0,1.0,45158.4,0.9,40140.8,0.8,25088.0,0.5
ROI_00539__20191219T163709_20191219T164030_T16SBB,entropy,clear,50176,0.0,0.01652161793993291,,50176.0,1.0,45158.4,0.9,40140.8,0.8,25088.0,0.5
ROI_00539__20191219T163709_20191219T164030_T16SBB,entropy,thick_cloud,0,,,no_pixels_in_stratum,0.0,,0.0,,0.0,,0.0,
ROI_00539__20191219T163709_20191219T164030_T16SBB,entropy,thin_cloud,0,,,no_pixels_in_stratum,0.0,,0.0,,0.0,,0.0,
ROI_00539__20191219T163709_20191219T164030_T16SBB,entropy,cloud_shadow,0,,,no_pixels_in_stratum,0.0,,0.0,,0.0,,0.0,
ROI_00539__20191219T163709_20191219T164030_T16SBB,negative_margin,boundary,0,,,no_pixels_in_stratum,0.0,,0.0,,0.0,,0.0,
ROI_00539__20191219T163709_20191219T164030_T16SBB,negative_margin,nonboundary,50176,0.0,-0.996015083411332,,50176.0,1.0,45158.4,0.9,40140.8,0.8,25088.0,0.5
ROI_00539__20191219T163709_20191219T164030_T16SBB,negative_margin,clear,50176,0.0,-0.996015083411332,,50176.0,1.0,45158.4,0.9,40140.8,0.8,25088.0,0.5
ROI_00539__20191219T163709_20191219T164030_T16SBB,negative_margin,thick_cloud,0,,,no_pixels_in_stratum,0.0,,0.0,,0.0,,0.0,
ROI_00539__20191219T163709_20191219T164030_T16SBB,negative_margin,thin_cloud,0,,,no_pixels_in_stratum,0.0,,0.0,,0.0,,0.0,
ROI_00539__20191219T163709_20191219T164030_T16SBB,negative_margin,cloud_shadow,0,,,no_pixels_in_stratum,0.0,,0.0,,0.0,,0.0,
ROI_00539__20191219T163709_20191219T164030_T16SBB,gini_total,boundary,0,,,no_pixels_in_stratum,0.0,,0.0,,0.0,,0.0,
ROI_00539__20191219T163709_20191219T164030_T16SBB,gini_total,nonboundary,50176,0.0,0.0047573858711151915,,50176.0,1.0,45158.4,0.9,40140.8,0.8,25088.0,0.5
ROI_00539__20191219T163709_20191219T164030_T16SBB,gini_total,clear,50176,0.0,0.0047573858711151915,,50176.0,1.0,45158.4,0.9,40140.8,0.8,25088.0,0.5
ROI_00539__20191219T163709_20191219T164030_T16SBB,gini_total,thick_cloud,0,,,no_pixels_in_stratum,0.0,,0.0,,0.0,,0.0,
ROI_00539__20191219T163709_20191219T164030_T16SBB,gini_total,thin_cloud,0,,,no_pixels_in_stratum,0.0,,0.0,,0.0,,0.0,
ROI_00539__20191219T163709_20191219T164030_T16SBB,gini_total,cloud_shadow,0,,,no_pixels_in_stratum,0.0,,0.0,,0.0,,0.0,
ROI_00591__20200710T144729_20200710T144727_T20NKJ,msp,boundary,3860,0.7813471502590673,0.31472796464985514,,3860.0,1.0,3204.0,0.8300518134715026,2795.0,0.7240932642487047,1579.0,0.40906735751295337
ROI_00591__20200710T144729_20200710T144727_T20NKJ,msp,nonboundary,46316,0.6592106399516365,0.2909741061779437,,46316.0,1.0,41954.4,0.905829518956732,37345.8,0.8063261076086018,23509.0,0.5075783746437517
ROI_00591__20200710T144729_20200710T144727_T20NKJ,msp,clear,447,0.0,0.00018973331856780937,,447.0,1.0,447.0,1.0,447.0,1.0,447.0,1.0
ROI_00591__20200710T144729_20200710T144727_T20NKJ,msp,thick_cloud,29924,0.5174441919529474,0.28753123662159763,,29924.0,1.0,27941.4,0.9337454885710467,24510.800000000003,0.8191017243684,14511.0,0.48492848549659134
ROI_00591__20200710T144729_20200710T144727_T20NKJ,msp,thin_cloud,0,,,no_pixels_in_stratum,0.0,,0.0,,0.0,,0.0,
ROI_00591__20200710T144729_20200710T144727_T20NKJ,msp,cloud_shadow,19805,0.9120929058318606,0.307368700319515,,19805.0,1.0,16770.0,0.8467558697298662,15183.0,0.7666245897500631,10130.0,0.5114869982327696
ROI_00591__20200710T144729_20200710T144727_T20NKJ,entropy,boundary,3860,0.7813471502590673,0.7703497194326553,,3860.0,1.0,3234.0,0.8378238341968912,2432.0,0.6300518134715026,1302.0,0.3373056994818653
ROI_00591__20200710T144729_20200710T144727_T20NKJ,entropy,nonboundary,46316,0.6592106399516365,0.7012019048823813,,46316.0,1.0,41924.4,0.9051817946282062,37708.8,0.8141635719837638,23786.0,0.5135590292771397
ROI_00591__20200710T144729_20200710T144727_T20NKJ,entropy,clear,447,0.0,0.0008073147921370976,,447.0,1.0,447.0,1.0,447.0,1.0,447.0,1.0
ROI_00591__20200710T144729_20200710T144727_T20NKJ,entropy,thick_cloud,29924,0.5174441919529474,0.6493955883862902,,29924.0,1.0,28993.0,0.968887849218019,27408.800000000003,0.9159470659002809,17071.0,0.5704785456489774
ROI_00591__20200710T144729_20200710T144727_T20NKJ,entropy,thin_cloud,0,,,no_pixels_in_stratum,0.0,,0.0,,0.0,,0.0,
ROI_00591__20200710T144729_20200710T144727_T20NKJ,entropy,cloud_shadow,19805,0.9120929058318606,0.8087625794980553,,19805.0,1.0,15718.400000000001,0.7936581671295129,12285.0,0.6202979045695531,7570.0,0.38222671042665995
ROI_00591__20200710T144729_20200710T144727_T20NKJ,negative_margin,boundary,3860,0.7813471502590673,-0.4645572759458991,,3860.0,1.0,3388.0,0.877720207253886,2988.0,0.7740932642487046,1648.0,0.42694300518134715
ROI_00591__20200710T144729_20200710T144727_T20NKJ,negative_margin,nonboundary,46316,0.6592106399516365,-0.4804448792546216,,46316.0,1.0,41770.4,0.901856809741774,37152.8,0.802159081095086,23440.0,0.5060886086881423
ROI_00591__20200710T144729_20200710T144727_T20NKJ,negative_margin,clear,447,0.0,-0.9996626591096497,,447.0,1.0,447.0,1.0,447.0,1.0,447.0,1.0
ROI_00591__20200710T144729_20200710T144727_T20NKJ,negative_margin,thick_cloud,29924,0.5174441919529474,-0.4576987243967875,,29924.0,1.0,26427.0,0.8831372811121507,23003.800000000003,0.7687408100521321,13566.0,0.453348482823152
ROI_00591__20200710T144729_20200710T144727_T20NKJ,negative_margin,thin_cloud,0,,,no_pixels_in_stratum,0.0,,0.0,,0.0,,0.0,
ROI_00591__20200710T144729_20200710T144727_T20NKJ,negative_margin,cloud_shadow,19805,0.9120929058318606,-0.49999748928233984,,19805.0,1.0,18284.4,0.923221408735168,16690.0,0.8427164857359253,11075.0,0.5592022216611967
ROI_00591__20200710T144729_20200710T144727_T20NKJ,gini_total,boundary,3860,0.7813471502590673,0.42585829972996725,,3860.0,1.0,3241.0,0.8396373056994819,2386.0,0.6181347150259068,1528.0,0.39585492227979274
ROI_00591__20200710T144729_20200710T144727_T20NKJ,gini_total,nonboundary,46316,0.6592106399516365,0.4012216899044653,,46316.0,1.0,41917.4,0.9050306589515502,37754.8,0.8151567492875033,23560.0,0.5086795060022454
ROI_00591__20200710T144729_20200710T144727_T20NKJ,gini_total,clear,447,0.0,0.0003542563680541299,,447.0,1.0,447.0,1.0,447.0,1.0,447.0,1.0
ROI_00591__20200710T144729_20200710T144727_T20NKJ,gini_total,thick_cloud,29924,0.5174441919529474,0.38648391718155434,,29924.0,1.0,28966.0,0.9679855634273493,26908.800000000003,0.8992380697767679,15068.0,0.5035423071781847
ROI_00591__20200710T144729_20200710T144727_T20NKJ,gini_total,thin_cloud,0,,,no_pixels_in_stratum,0.0,,0.0,,0.0,,0.0,
ROI_00591__20200710T144729_20200710T144727_T20NKJ,gini_total,cloud_shadow,19805,0.9120929058318606,0.43733873952211755,,19805.0,1.0,15745.400000000001,0.7950214592274679,12785.0,0.645544054531684,9573.0,0.48336278717495584
ROI_00679__20181215T183751_20181215T183748_T11TNJ,msp,boundary,14184,0.4647490129723632,0.2563482096961879,,14184.0,1.0,12580.400000000001,0.8869430344049635,11039.800000000003,0.7783276931754091,6147.0,0.4333756345177665
ROI_00679__20181215T183751_20181215T183748_T11TNJ,msp,nonboundary,35992,0.2537230495665703,0.2325859526033586,,35992.0,1.0,32578.0,0.9051455879084241,29101.0,0.8085407868415203,18941.0,0.5262558346299178
ROI_00679__20181215T183751_20181215T183748_T11TNJ,msp,clear,1575,0.7161904761904762,0.2829500455894167,,1575.0,1.0,1083.0,0.6876190476190476,916.0,0.5815873015873015,676.0,0.4292063492063492
ROI_00679__20181215T183751_20181215T183748_T11TNJ,msp,thick_cloud,18931,0.28249960382441497,0.18019771916125393,,18931.0,1.0,18155.4,0.9590301621678728,16469.800000000003,0.869991020020073,11857.0,0.6263271882098146
ROI_00679__20181215T183751_20181215T183748_T11TNJ,msp,thin_cloud,28519,0.3056909428801851,0.271161235910992,,28519.0,1.0,25138.0,0.8814474560819103,22159.0,0.7769907780777727,12224.0,0.4286265296819664
ROI_00679__20181215T183751_20181215T183748_T11TNJ,msp,cloud_shadow,1151,0.4604691572545613,0.36234577084291925,,1151.0,1.0,782.0,0.6794092093831451,596.0,0.5178105994787141,331.0,0.2875760208514335
ROI_00679__20181215T183751_20181215T183748_T11TNJ,entropy,boundary,14184,0.4647490129723632,0.6565062765762892,,14184.0,1.0,12567.0,0.8859983079526227,11014.0,0.7765087422447828,6264.0,0.4416243654822335
ROI_00679__20181215T183751_20181215T183748_T11TNJ,entropy,nonboundary,35992,0.2537230495665703,0.6121083650809303,,35992.0,1.0,32591.4,0.9055178928650812,29126.800000000003,0.8092576128028451,18824.0,0.5230051122471661
ROI_00679__20181215T183751_20181215T183748_T11TNJ,entropy,clear,1575,0.7161904761904762,0.6531269266021904,,1575.0,1.0,1114.0,0.7073015873015873,830.0,0.526984126984127,663.0,0.42095238095238097
ROI_00679__20181215T183751_20181215T183748_T11TNJ,entropy,thick_cloud,18931,0.28249960382441497,0.48420064512703315,,18931.0,1.0,18256.4,0.9643653267127992,16927.0,0.8941418836828482,12191.0,0.6439702075960065
ROI_00679__20181215T183751_20181215T183748_T11TNJ,entropy,thin_cloud,28519,0.3056909428801851,0.7060614451190353,,28519.0,1.0,25075.0,0.8792384024685298,21974.800000000003,0.7705319260843649,11925.0,0.41814229110417617
ROI_00679__20181215T183751_20181215T183748_T11TNJ,entropy,cloud_shadow,1151,0.4604691572545613,0.8789275649894369,,1151.0,1.0,713.0,0.6194613379669852,409.0,0.35534317984361424,309.0,0.2684622067767159
ROI_00679__20181215T183751_20181215T183748_T11TNJ,negative_margin,boundary,14184,0.4647490129723632,-0.5620003296505723,,14184.0,1.0,12586.0,0.8873378454596729,11102.0,0.7827129159616469,6142.0,0.43302312464749015
ROI_00679__20181215T183751_20181215T183748_T11TNJ,negative_margin,nonboundary,35992,0.2537230495665703,-0.6023838669566176,,35992.0,1.0,32572.4,0.9049899977772838,29038.800000000003,0.8068126250277841,18946.0,0.5263947543898644
ROI_00679__20181215T183751_20181215T183748_T11TNJ,negative_margin,clear,1575,0.7161904761904762,-0.5372374938269707,,1575.0,1.0,1194.0,0.758095238095238,960.0,0.6095238095238096,689.0,0.43746031746031744
ROI_00679__20181215T183751_20181215T183748_T11TNJ,negative_margin,thick_cloud,18931,0.28249960382441497,-0.6804289910765384,,18931.0,1.0,17755.0,0.9378796682689768,16282.0,0.8600707833711901,11649.0,0.6153399186519466
ROI_00679__20181215T183751_20181215T183748_T11TNJ,negative_margin,thin_cloud,28519,0.3056909428801851,-0.5407515170884957,,28519.0,1.0,25320.4,0.8878431922577931,22185.800000000003,0.7779305024720363,12408.0,0.43507836880676043
ROI_00679__20181215T183751_20181215T183748_T11TNJ,negative_margin,cloud_shadow,1151,0.4604691572545613,-0.4373327685248181,,1151.0,1.0,889.0,0.7723718505647263,713.0,0.6194613379669852,342.0,0.29713292788879236
ROI_00679__20181215T183751_20181215T183748_T11TNJ,gini_total,boundary,14184,0.4647490129723632,0.35998118544492114,,14184.0,1.0,12572.0,0.886350817822899,11019.800000000003,0.7769176536943037,6179.0,0.43563169768753524
ROI_00679__20181215T183751_20181215T183748_T11TNJ,gini_total,nonboundary,35992,0.2537230495665703,0.3316391330489776,,35992.0,1.0,32586.4,0.9053789731051345,29121.0,0.8090964658813069,18909.0,0.5253667481662592
ROI_00679__20181215T183751_20181215T183748_T11TNJ,gini_total,clear,1575,0.7161904761904762,0.36225363974615316,,1575.0,1.0,1064.0,0.6755555555555556,848.0,0.5384126984126985,673.0,0.4273015873015873
ROI_00679__20181215T183751_20181215T183748_T11TNJ,gini_total,thick_cloud,18931,0.28249960382441497,0.2616421017778488,,18931.0,1.0,18251.4,0.9641012096561197,16800.800000000003,0.8874755691722573,11930.0,0.6301832972373356
ROI_00679__20181215T183751_20181215T183748_T11TNJ,gini_total,thin_cloud,28519,0.3056909428801851,0.38470912017491726,,28519.0,1.0,25123.0,0.8809214909358674,22056.0,0.7733791507416109,12157.0,0.42627721869630775
ROI_00679__20181215T183751_20181215T183748_T11TNJ,gini_total,cloud_shadow,1151,0.4604691572545613,0.47533736005599364,,1151.0,1.0,720.0,0.6255430060816681,436.0,0.3788010425716768,328.0,0.2849695916594266
ROI_00687__20200514T052651_20200514T053617_T43QCA,msp,boundary,0,,,no_pixels_in_stratum,0.0,,0.0,,0.0,,0.0,
ROI_00687__20200514T052651_20200514T053617_T43QCA,msp,nonboundary,50176,0.0,0.02738865805499978,,50176.0,1.0,45158.4,0.9,40140.8,0.8,25088.0,0.5
ROI_00687__20200514T052651_20200514T053617_T43QCA,msp,clear,50176,0.0,0.02738865805499978,,50176.0,1.0,45158.4,0.9,40140.8,0.8,25088.0,0.5
ROI_00687__20200514T052651_20200514T053617_T43QCA,msp,thick_cloud,0,,,no_pixels_in_stratum,0.0,,0.0,,0.0,,0.0,
ROI_00687__20200514T052651_20200514T053617_T43QCA,msp,thin_cloud,0,,,no_pixels_in_stratum,0.0,,0.0,,0.0,,0.0,
ROI_00687__20200514T052651_20200514T053617_T43QCA,msp,cloud_shadow,0,,,no_pixels_in_stratum,0.0,,0.0,,0.0,,0.0,
ROI_00687__20200514T052651_20200514T053617_T43QCA,entropy,boundary,0,,,no_pixels_in_stratum,0.0,,0.0,,0.0,,0.0,
ROI_00687__20200514T052651_20200514T053617_T43QCA,entropy,nonboundary,50176,0.0,0.08698328579918677,,50176.0,1.0,45158.4,0.9,40140.8,0.8,25088.0,0.5
ROI_00687__20200514T052651_20200514T053617_T43QCA,entropy,clear,50176,0.0,0.08698328579918677,,50176.0,1.0,45158.4,0.9,40140.8,0.8,25088.0,0.5
ROI_00687__20200514T052651_20200514T053617_T43QCA,entropy,thick_cloud,0,,,no_pixels_in_stratum,0.0,,0.0,,0.0,,0.0,
ROI_00687__20200514T052651_20200514T053617_T43QCA,entropy,thin_cloud,0,,,no_pixels_in_stratum,0.0,,0.0,,0.0,,0.0,
ROI_00687__20200514T052651_20200514T053617_T43QCA,entropy,cloud_shadow,0,,,no_pixels_in_stratum,0.0,,0.0,,0.0,,0.0,
ROI_00687__20200514T052651_20200514T053617_T43QCA,negative_margin,boundary,0,,,no_pixels_in_stratum,0.0,,0.0,,0.0,,0.0,
ROI_00687__20200514T052651_20200514T053617_T43QCA,negative_margin,nonboundary,50176,0.0,-0.9468646113603554,,50176.0,1.0,45158.4,0.9,40140.8,0.8,25088.0,0.5
ROI_00687__20200514T052651_20200514T053617_T43QCA,negative_margin,clear,50176,0.0,-0.9468646113603554,,50176.0,1.0,45158.4,0.9,40140.8,0.8,25088.0,0.5
ROI_00687__20200514T052651_20200514T053617_T43QCA,negative_margin,thick_cloud,0,,,no_pixels_in_stratum,0.0,,0.0,,0.0,,0.0,
ROI_00687__20200514T052651_20200514T053617_T43QCA,negative_margin,thin_cloud,0,,,no_pixels_in_stratum,0.0,,0.0,,0.0,,0.0,
ROI_00687__20200514T052651_20200514T053617_T43QCA,negative_margin,cloud_shadow,0,,,no_pixels_in_stratum,0.0,,0.0,,0.0,,0.0,
ROI_00687__20200514T052651_20200514T053617_T43QCA,gini_total,boundary,0,,,no_pixels_in_stratum,0.0,,0.0,,0.0,,0.0,
ROI_00687__20200514T052651_20200514T053617_T43QCA,gini_total,nonboundary,50176,0.0,0.04410307520453648,,50176.0,1.0,45158.4,0.9,40140.8,0.8,25088.0,0.5
ROI_00687__20200514T052651_20200514T053617_T43QCA,gini_total,clear,50176,0.0,0.04410307520453648,,50176.0,1.0,45158.4,0.9,40140.8,0.8,25088.0,0.5
ROI_00687__20200514T052651_20200514T053617_T43QCA,gini_total,thick_cloud,0,,,no_pixels_in_stratum,0.0,,0.0,,0.0,,0.0,
ROI_00687__20200514T052651_20200514T053617_T43QCA,gini_total,thin_cloud,0,,,no_pixels_in_stratum,0.0,,0.0,,0.0,,0.0,
ROI_00687__20200514T052651_20200514T053617_T43QCA,gini_total,cloud_shadow,0,,,no_pixels_in_stratum,0.0,,0.0,,0.0,,0.0,
ROI_00792__20200107T075311_20200107T081135_T35JPM,msp,boundary,10458,0.4023713903231976,0.2290928188913022,,10458.0,1.0,7045.0,0.6736469688276917,4234.0,0.4048575253394531,1395.0,0.1333907056798623
ROI_00792__20200107T075311_20200107T081135_T35JPM,msp,nonboundary,39718,0.021426053678432953,0.04462518137554441,,39718.0,1.0,38113.4,0.9596001812780101,35906.8,0.904043506722393,23693.0,0.5965305403091797
ROI_00792__20200107T075311_20200107T081135_T35JPM,msp,clear,39711,0.04008964770466621,0.053607151410979,,39711.0,1.0,37433.0,0.9426355417894287,34998.0,0.8813175190753192,22749.0,0.5728639419808114
ROI_00792__20200107T075311_20200107T081135_T35JPM,msp,thick_cloud,5393,0.27609864639347304,0.1474661473968841,,5393.0,1.0,4301.0,0.7975152976080104,3361.800000000003,0.6233636195067686,1995.0,0.36992397552382716
ROI_00792__20200107T075311_20200107T081135_T35JPM,msp,thin_cloud,0,,,no_pixels_in_stratum,0.0,,0.0,,0.0,,0.0,
ROI_00792__20200107T075311_20200107T081135_T35JPM,msp,cloud_shadow,5072,0.38998422712933756,0.24530700537191016,,5072.0,1.0,3424.4000000000015,0.6751577287066249,1781.0,0.3511435331230284,344.0,0.06782334384858044
ROI_00792__20200107T075311_20200107T081135_T35JPM,entropy,boundary,10458,0.4023713903231976,0.5251327315944503,,10458.0,1.0,7107.4000000000015,0.679613692866705,4262.0,0.4075349015108051,1408.0,0.13463377318799005
ROI_00792__20200107T075311_20200107T081135_T35JPM,entropy,nonboundary,39718,0.021426053678432953,0.13813781664479569,,39718.0,1.0,38051.0,0.9580291051916008,35878.8,0.9033385366836196,23680.0,0.5962032327911778
ROI_00792__20200107T075311_20200107T081135_T35JPM,entropy,clear,39711,0.04008964770466621,0.15559551157262333,,39711.0,1.0,37434.4,0.9426707965047468,35008.0,0.881569338470449,22721.0,0.5721588476744479
ROI_00792__20200107T075311_20200107T081135_T35JPM,entropy,thick_cloud,5393,0.27609864639347304,0.34938066291131453,,5393.0,1.0,4352.0,0.8069720007417022,3370.0,0.6248841090302244,2004.0,0.37159280548859636
ROI_00792__20200107T075311_20200107T081135_T35JPM,entropy,thin_cloud,0,,,no_pixels_in_stratum,0.0,,0.0,,0.0,,0.0,
ROI_00792__20200107T075311_20200107T081135_T35JPM,entropy,cloud_shadow,5072,0.38998422712933756,0.5747895570527586,,5072.0,1.0,3372.0,0.6648264984227129,1762.800000000003,0.3475552050473192,363.0,0.07156940063091483
ROI_00792__20200107T075311_20200107T081135_T35JPM,negative_margin,boundary,10458,0.4023713903231976,-0.5839300938097779,,10458.0,1.0,7024.0,0.6716389366991776,4234.0,0.4048575253394531,1383.0,0.13224325874928283
ROI_00792__20200107T075311_20200107T081135_T35JPM,negative_margin,nonboundary,39718,0.021426053678432953,-0.9188950564153451,,39718.0,1.0,38134.4,0.96012890880709,35906.8,0.904043506722393,23705.0,0.5968326703257969
ROI_00792__20200107T075311_20200107T081135_T35JPM,negative_margin,clear,39711,0.04008964770466621,-0.902037645427897,,39711.0,1.0,37444.4,0.9429226158998767,34965.8,0.8805066606230012,22774.0,0.5734934904686358
ROI_00792__20200107T075311_20200107T081135_T35JPM,negative_margin,thick_cloud,5393,0.27609864639347304,-0.7316607652995427,,5393.0,1.0,4275.0,0.7926942332653439,3358.0,0.6226590024105322,1979.0,0.36695716669757095
ROI_00792__20200107T075311_20200107T081135_T35JPM,negative_margin,thin_cloud,0,,,no_pixels_in_stratum,0.0,,0.0,,0.0,,0.0,
ROI_00792__20200107T075311_20200107T081135_T35JPM,negative_margin,cloud_shadow,5072,0.38998422712933756,-0.5592963972633448,,5072.0,1.0,3439.0,0.6780362776025236,1817.0,0.35824132492113564,335.0,0.06604889589905363
ROI_00792__20200107T075311_20200107T081135_T35JPM,gini_total,boundary,10458,0.4023713903231976,0.3089454251399521,,10458.0,1.0,7065.4000000000015,0.675597628609677,4236.0,0.40504876649454963,1397.0,0.1335819468349589
ROI_00792__20200107T075311_20200107T081135_T35JPM,gini_total,nonboundary,39718,0.021426053678432953,0.06872058030138407,,39718.0,1.0,38093.0,0.9590865602497608,35904.8,0.9039931517196235,23691.0,0.5964801853064102
ROI_00792__20200107T075311_20200107T081135_T35JPM,gini_total,clear,39711,0.04008964770466621,0.07974611591518939,,39711.0,1.0,37427.4,0.9424945229281559,34998.8,0.8813376646269296,22747.0,0.5728135781017853
ROI_00792__20200107T075311_20200107T081135_T35JPM,gini_total,thick_cloud,5393,0.27609864639347304,0.20245303128859563,,5393.0,1.0,4327.0,0.8023363619506768,3367.0,0.6243278323753013,1995.0,0.36992397552382716
ROI_00792__20200107T075311_20200107T081135_T35JPM,gini_total,thin_cloud,0,,,no_pixels_in_stratum,0.0,,0.0,,0.0,,0.0,
ROI_00792__20200107T075311_20200107T081135_T35JPM,gini_total,cloud_shadow,5072,0.38998422712933756,0.33552209339047906,,5072.0,1.0,3404.0,0.6711356466876972,1775.0,0.34996056782334384,346.0,0.06821766561514196
ROI_01218__20190720T160519_20190720T160614_T16PGS,msp,boundary,8201,0.405194488477015,0.25446553660040877,,8201.0,1.0,5793.4000000000015,0.7064260456041948,3700.0,0.45116449213510545,731.0,0.08913547128398976
ROI_01218__20190720T160519_20190720T160614_T16PGS,msp,nonboundary,41975,0.047885646217986896,0.07465235179843754,,41975.0,1.0,39365.0,0.9378201310303752,36440.8,0.8681548540798095,24357.0,0.5802739726027397
ROI_01218__20190720T160519_20190720T160614_T16PGS,msp,clear,15748,0.04749809499618999,0.10497049953062763,,15748.0,1.0,14515.400000000001,0.921729743459487,13089.0,0.8311531623063246,5098.0,0.32372364744729487
ROI_01218__20190720T160519_20190720T160614_T16PGS,msp,thick_cloud,31893,0.11237575643558148,0.08909888477094893,,31893.0,1.0,28960.0,0.9080362461982253,26132.800000000003,0.8193898347599787,19940.0,0.6252155645439438
ROI_01218__20190720T160519_20190720T160614_T16PGS,msp,thin_cloud,0,,,no_pixels_in_stratum,0.0,,0.0,,0.0,,0.0,
ROI_01218__20190720T160519_20190720T160614_T16PGS,msp,cloud_shadow,2535,0.39487179487179486,0.2862714689511519,,2535.0,1.0,1683.0,0.663905325443787,919.0,0.36252465483234714,50.0,0.01972386587771203
ROI_01218__20190720T160519_20190720T160614_T16PGS,entropy,boundary,8201,0.405194488477015,0.6227455342551834,,8201.0,1.0,5921.0,0.7219851237653945,3684.800000000003,0.4493110596268751,734.0,0.08950128033166686
ROI_01218__20190720T160519_20190720T160614_T16PGS,entropy,nonboundary,41975,0.047885646217986896,0.22066370184532114,,41975.0,1.0,39237.4,0.9347802263251936,36456.0,0.8685169743895176,24354.0,0.5802025014889816
ROI_01218__20190720T160519_20190720T160614_T16PGS,entropy,clear,15748,0.04749809499618999,0.3306150902449395,,15748.0,1.0,14436.0,0.9166878333756667,12863.0,0.8168021336042672,4945.0,0.31400812801625605
ROI_01218__20190720T160519_20190720T160614_T16PGS,entropy,thick_cloud,31893,0.11237575643558148,0.23469008736993716,,31893.0,1.0,28789.4,0.9026871100241433,26264.800000000003,0.8235286740037,20089.0,0.6298874361145079
ROI_01218__20190720T160519_20190720T160614_T16PGS,entropy,thin_cloud,0,,,no_pixels_in_stratum,0.0,,0.0,,0.0,,0.0,
ROI_01218__20190720T160519_20190720T160614_T16PGS,entropy,cloud_shadow,2535,0.39487179487179486,0.6619319975216574,,2535.0,1.0,1933.0,0.7625246548323471,1013.0,0.39960552268244576,54.0,0.021301775147928994
ROI_01218__20190720T160519_20190720T160614_T16PGS,negative_margin,boundary,8201,0.405194488477015,-0.553442078340583,,8201.0,1.0,5736.4000000000015,0.6994756736983296,3723.0,0.4539690281672967,727.0,0.08864772588708694
ROI_01218__20190720T160519_20190720T160614_T16PGS,negative_margin,nonboundary,41975,0.047885646217986896,-0.8707890556193146,,41975.0,1.0,39422.0,0.9391780821917808,36417.8,0.86760690887433,24361.0,0.580369267421084
ROI_01218__20190720T160519_20190720T160614_T16PGS,negative_margin,clear,15748,0.04749809499618999,-0.8218347405684152,,15748.0,1.0,14530.0,0.9226568453136906,13159.0,0.8355981711963424,5316.0,0.33756667513335026
ROI_01218__20190720T160519_20190720T160614_T16PGS,negative_margin,thick_cloud,31893,0.11237575643558148,-0.8445894498014141,,31893.0,1.0,29013.4,0.9097105948013671,26116.800000000003,0.8188881572758914,19723.0,0.6184115636660082
ROI_01218__20190720T160519_20190720T160614_T16PGS,negative_margin,thin_cloud,0,,,no_pixels_in_stratum,0.0,,0.0,,0.0,,0.0,
ROI_01218__20190720T160519_20190720T160614_T16PGS,negative_margin,cloud_shadow,2535,0.39487179487179486,-0.4778715097057014,,2535.0,1.0,1615.0,0.6370808678500987,865.0,0.34122287968441817,49.0,0.01932938856015779
ROI_01218__20190720T160519_20190720T160614_T16PGS,gini_total,boundary,8201,0.405194488477015,0.35149919797109025,,8201.0,1.0,5866.0,0.7152786245579807,3692.0,0.45018900134129985,731.0,0.08913547128398976
ROI_01218__20190720T160519_20190720T160614_T16PGS,gini_total,nonboundary,41975,0.047885646217986896,0.11272321903138177,,41975.0,1.0,39292.4,0.936090530077427,36448.8,0.868345443716498,24357.0,0.5802739726027397
ROI_01218__20190720T160519_20190720T160614_T16PGS,gini_total,clear,15748,0.04749809499618999,0.16268173136291064,,15748.0,1.0,14480.400000000001,0.9195072390144782,13059.0,0.829248158496317,5094.0,0.32346964693929386
ROI_01218__20190720T160519_20190720T160614_T16PGS,gini_total,thick_cloud,31893,0.11237575643558148,0.12748911185845285,,31893.0,1.0,28860.0,0.904900761922679,26142.800000000003,0.8197033831875334,19944.0,0.6253409839149656
ROI_01218__20190720T160519_20190720T160614_T16PGS,gini_total,thin_cloud,0,,,no_pixels_in_stratum,0.0,,0.0,,0.0,,0.0,
ROI_01218__20190720T160519_20190720T160614_T16PGS,gini_total,cloud_shadow,2535,0.39487179487179486,0.3890650459165318,,2535.0,1.0,1818.0,0.7171597633136094,939.0,0.37041420118343193,50.0,0.01972386587771203
ROI_01245__20190612T012659_20190612T012702_T56WMU,msp,boundary,6917,0.404510625993928,0.22140590094909926,,6917.0,1.0,4550.0,0.6577996241145005,2846.0,0.4114500505999711,1416.0,0.20471302587827092
ROI_01245__20190612T012659_20190612T012702_T56WMU,msp,nonboundary,43259,0.03883584918745232,0.06418438049005254,,43259.0,1.0,40608.4,0.938727201276035,37294.8,0.8621281120691648,23672.0,0.5472156083127211
ROI_01245__20190612T012659_20190612T012702_T56WMU,msp,clear,20316,0.017572356763142352,0.07180209568188073,,20316.0,1.0,19426.0,0.956192163811774,17377.800000000003,0.8553750738334319,7119.0,0.3504134672179563
ROI_01245__20190612T012659_20190612T012702_T56WMU,msp,thick_cloud,25206,0.03836388161548838,0.05738488405571659,,25206.0,1.0,23595.4,0.9361025152741411,21522.0,0.8538443227802904,17593.0,0.6979687376021582
ROI_01245__20190612T012659_20190612T012702_T56WMU,msp,thin_cloud,3187,0.7590210229055538,0.3182108033159739,,3187.0,1.0,1345.0,0.42202698462503924,773.0,0.24254785064323817,267.0,0.08377784750549105
ROI_01245__20190612T012659_20190612T012702_T56WMU,msp,cloud_shadow,1467,0.5010224948875256,0.26496532988044463,,1467.0,1.0,792.0,0.5398773006134969,468.0,0.31901840490797545,109.0,0.07430129516019086
ROI_01245__20190612T012659_20190612T012702_T56WMU,entropy,boundary,6917,0.404510625993928,0.549850966960716,,6917.0,1.0,4502.0,0.6508601995084574,2874.800000000003,0.4156137053635974,1414.0,0.20442388318635246
ROI_01245__20190612T012659_20190612T012702_T56WMU,entropy,nonboundary,43259,0.03883584918745232,0.20552576404185657,,43259.0,1.0,40656.4,0.9398367969671051,37266.0,0.8614623546545228,23674.0,0.5472618414665157
ROI_01245__20190612T012659_20190612T012702_T56WMU,entropy,clear,20316,0.017572356763142352,0.2653229038135913,,20316.0,1.0,19137.4,0.9419866115377044,17082.0,0.8408151210868281,6900.0,0.3396337861783816
ROI_01245__20190612T012659_20190612T012702_T56WMU,entropy,thick_cloud,25206,0.03836388161548838,0.16319547032877307,,25206.0,1.0,23772.0,0.9431087836229469,21742.0,0.8625724033960168,17797.0,0.706062048718559
ROI_01245__20190612T012659_20190612T012702_T56WMU,entropy,thin_cloud,3187,0.7590210229055538,0.7228606033657305,,3187.0,1.0,1342.0,0.421085660495764,810.8000000000029,0.25440853467210633,272.0,0.08534672105428302
ROI_01245__20190612T012659_20190612T012702_T56WMU,entropy,cloud_shadow,1467,0.5010224948875256,0.6043601112770195,,1467.0,1.0,907.0,0.6182685753237901,506.0,0.3449216087252897,119.0,0.08111792774369461
ROI_01245__20190612T012659_20190612T012702_T56WMU,negative_margin,boundary,6917,0.404510625993928,-0.6203707983842303,,6917.0,1.0,4617.4000000000015,0.6675437328321528,2847.0,0.41159462194593033,1400.0,0.20239988434292322
ROI_01245__20190612T012659_20190612T012702_T56WMU,negative_margin,nonboundary,43259,0.03883584918745232,-0.8895732941542384,,43259.0,1.0,40541.0,0.9371691439931575,37293.8,0.8621049954922676,23688.0,0.5475854735430777
ROI_01245__20190612T012659_20190612T012702_T56WMU,negative_margin,clear,20316,0.017572356763142352,-0.8831865416146193,,20316.0,1.0,19522.0,0.9609175034455602,17574.0,0.8650324867099822,7506.0,0.3694624926166568
ROI_01245__20190612T012659_20190612T012702_T56WMU,negative_margin,thick_cloud,25206,0.03836388161548838,-0.8974318845045361,,25206.0,1.0,23501.0,0.9323573752281203,21371.800000000003,0.8478854241053718,17229.0,0.6835277314925018
ROI_01245__20190612T012659_20190612T012702_T56WMU,negative_margin,thin_cloud,3187,0.7590210229055538,-0.4572736061994041,,3187.0,1.0,1359.4000000000015,0.42654534044556053,758.0,0.23784122999686225,252.0,0.07907122685911515
ROI_01245__20190612T012659_20190612T012702_T56WMU,negative_margin,cloud_shadow,1467,0.5010224948875256,-0.5128419229860119,,1467.0,1.0,776.0,0.5289706884798909,437.0,0.29788684389911385,101.0,0.06884798909338787
ROI_01245__20190612T012659_20190612T012702_T56WMU,gini_total,boundary,6917,0.404510625993928,0.30593847879414743,,6917.0,1.0,4504.4000000000015,0.6512071707387598,2847.0,0.41159462194593033,1417.0,0.20485759722423016
ROI_01245__20190612T012659_20190612T012702_T56WMU,gini_total,nonboundary,43259,0.03883584918745232,0.10056801093681109,,43259.0,1.0,40654.0,0.9397813171825516,37293.8,0.8621049954922676,23671.0,0.5471924917358237
ROI_01245__20190612T012659_20190612T012702_T56WMU,gini_total,clear,20316,0.017572356763142352,0.1213189970537214,,20316.0,1.0,19373.0,0.9535833825556211,17338.800000000003,0.8534554046072063,7109.0,0.3499212443394369
ROI_01245__20190612T012659_20190612T012702_T56WMU,gini_total,thick_cloud,25206,0.03836388161548838,0.08575740089066791,,25206.0,1.0,23654.0,0.9384273585654209,21553.0,0.8550741886852337,17603.0,0.6983654685392366
ROI_01245__20190612T012659_20190612T012702_T56WMU,gini_total,thin_cloud,3187,0.7590210229055538,0.41553551550714174,,3187.0,1.0,1332.4000000000015,0.4180734232820839,775.0,0.24317540006275495,267.0,0.08377784750549105
ROI_01245__20190612T012659_20190612T012702_T56WMU,gini_total,cloud_shadow,1467,0.5010224948875256,0.35175089571901064,,1467.0,1.0,799.0,0.5446489434219496,474.0,0.3231083844580777,109.0,0.07430129516019086
ROI_01321__20191023T070229_20191023T070227_T39LTD,msp,boundary,17577,0.3699721226602947,0.27036658424684645,,17577.0,1.0,13738.400000000001,0.7816123343005065,10179.800000000003,0.5791545770040395,3225.0,0.1834784092848609
ROI_01321__20191023T070229_20191023T070227_T39LTD,msp,nonboundary,32599,0.03352863584772539,0.08988015224181851,,32599.0,1.0,31420.0,0.9638332464186018,29961.0,0.9190772723089665,21863.0,0.6706647443173104
ROI_01321__20191023T070229_20191023T070227_T39LTD,msp,clear,28429,0.08744591790073517,0.12232761219059479,,28429.0,1.0,26320.0,0.925815188715748,24273.800000000003,0.8538393893559395,17009.0,0.5982975131028175
ROI_01321__20191023T070229_20191023T070227_T39LTD,msp,thick_cloud,13316,0.18894562931811354,0.15458476213085362,,13316.0,1.0,11897.400000000001,0.893466506458396,10464.0,0.7858215680384499,6726.0,0.5051066386302193
ROI_01321__20191023T070229_20191023T070227_T39LTD,msp,thin_cloud,0,,,no_pixels_in_stratum,0.0,,0.0,,0.0,,0.0,
ROI_01321__20191023T070229_20191023T070227_T39LTD,msp,cloud_shadow,8431,0.3076740600166054,0.25455274045036125,,8431.0,1.0,6941.0,0.8232712608231526,5403.0,0.6408492468271854,1353.0,0.1604791839639426
ROI_01321__20191023T070229_20191023T070227_T39LTD,entropy,boundary,17577,0.3699721226602947,0.6409922403498561,,17577.0,1.0,13825.0,0.7865392273994425,10347.0,0.5886670080218467,3276.0,0.1863799283154122
ROI_01321__20191023T070229_20191023T070227_T39LTD,entropy,nonboundary,32599,0.03352863584772539,0.27505154475585225,,32599.0,1.0,31333.4,0.9611767232123685,29793.800000000003,0.9139482806221051,21812.0,0.6691002791496672
ROI_01321__20191023T070229_20191023T070227_T39LTD,entropy,clear,28429,0.08744591790073517,0.3423403673542889,,28429.0,1.0,26354.4,0.9270252207253158,24264.800000000003,0.8535228112139014,16920.0,0.5951669070315523
ROI_01321__20191023T070229_20191023T070227_T39LTD,entropy,thick_cloud,13316,0.18894562931811354,0.389128216415422,,13316.0,1.0,11897.0,0.8934364674076299,10456.0,0.78522078702313,6772.0,0.5085611294683088
ROI_01321__20191023T070229_20191023T070227_T39LTD,entropy,thin_cloud,0,,,no_pixels_in_stratum,0.0,,0.0,,0.0,,0.0,
ROI_01321__20191023T070229_20191023T070227_T39LTD,entropy,cloud_shadow,8431,0.3076740600166054,0.6308979104284913,,8431.0,1.0,6907.0,0.8192385244929428,5420.0,0.6428656149922903,1396.0,0.16557940932273751
ROI_01321__20191023T070229_20191023T070227_T39LTD,negative_margin,boundary,17577,0.3699721226602947,-0.5205541783369056,,17577.0,1.0,13747.400000000001,0.7821243670706037,10161.800000000003,0.578130511463845,3182.0,0.1810320304943961
ROI_01321__20191023T070229_20191023T070227_T39LTD,negative_margin,nonboundary,32599,0.03352863584772539,-0.8423440153858768,,32599.0,1.0,31411.0,0.9635571643301942,29979.0,0.9196294364857818,21906.0,0.6719838031841467
ROI_01321__20191023T070229_20191023T070227_T39LTD,negative_margin,clear,28429,0.08744591790073517,-0.785383404308919,,28429.0,1.0,26337.4,0.926427239790355,24270.0,0.853705723029301,17057.0,0.5999859298603538
ROI_01321__20191023T070229_20191023T070227_T39LTD,negative_margin,thick_cloud,13316,0.18894562931811354,-0.7250675714146498,,13316.0,1.0,11881.0,0.8922349053769901,10457.0,0.7852958846500451,6676.0,0.5013517572844698
ROI_01321__20191023T070229_20191023T070227_T39LTD,negative_margin,thin_cloud,0,,,no_pixels_in_stratum,0.0,,0.0,,0.0,,0.0,
ROI_01321__20191023T070229_20191023T070227_T39LTD,negative_margin,cloud_shadow,8431,0.3076740600166054,-0.5487710554069803,,8431.0,1.0,6940.0,0.8231526509310877,5413.800000000003,0.6421302336614877,1355.0,0.16071640374807258
ROI_01321__20191023T070229_20191023T070227_T39LTD,gini_total,boundary,17577,0.3699721226602947,0.3685817643280665,,17577.0,1.0,13773.400000000001,0.7836035728508848,10212.800000000003,0.5810320304943962,3226.0,0.1835353018148717
ROI_01321__20191023T070229_20191023T070227_T39LTD,gini_total,nonboundary,32599,0.03352863584772539,0.14006702637439172,,32599.0,1.0,31385.0,0.9627595938525721,29928.0,0.9180649713181386,21862.0,0.6706340685297095
ROI_01321__20191023T070229_20191023T070227_T39LTD,gini_total,clear,28429,0.08744591790073517,0.18036625201268333,,28429.0,1.0,26350.0,0.9268704491892082,24286.0,0.8542685286151465,17004.0,0.5981216363572408
ROI_01321__20191023T070229_20191023T070227_T39LTD,gini_total,thick_cloud,13316,0.18894562931811354,0.21774597923352107,,13316.0,1.0,11914.0,0.8947131270651847,10462.0,0.78567137278462,6731.0,0.5054821267647942
ROI_01321__20191023T070229_20191023T070227_T39LTD,gini_total,thin_cloud,0,,,no_pixels_in_stratum,0.0,,0.0,,0.0,,0.0,
ROI_01321__20191023T070229_20191023T070227_T39LTD,gini_total,cloud_shadow,8431,0.3076740600166054,0.35790167553446556,,8431.0,1.0,6894.4000000000015,0.8177440398529239,5392.800000000003,0.6396394259281227,1353.0,0.1604791839639426
ROI_01346__20200613T175919_20200613T180445_T14VMN,msp,boundary,11303,0.8933026630098204,0.20483967010862877,,11303.0,1.0,10305.400000000001,0.9117402459524021,9677.0,0.8561443864460763,7638.0,0.6757498009378041
ROI_01346__20200613T175919_20200613T180445_T14VMN,msp,nonboundary,38873,0.7837573637228925,0.2626995200040339,,38873.0,1.0,34853.0,0.8965863195534175,30463.800000000003,0.7836750443752734,17450.0,0.44889769248578704
ROI_01346__20200613T175919_20200613T180445_T14VMN,msp,clear,4033,0.24150756260848005,0.16898933291701268,,4033.0,1.0,3608.0,0.8946193900322341,3440.0,0.8529630547979172,2960.0,0.7339449541284404
ROI_01346__20200613T175919_20200613T180445_T14VMN,msp,thick_cloud,32129,0.8428833763889321,0.25701086419541214,,32129.0,1.0,29441.0,0.9163372653988608,25869.0,0.80516044694824,14918.0,0.4643157272246257
ROI_01346__20200613T175919_20200613T180445_T14VMN,msp,thin_cloud,0,,,no_pixels_in_stratum,0.0,,0.0,,0.0,,0.0,
ROI_01346__20200613T175919_20200613T180445_T14VMN,msp,cloud_shadow,14014,0.8926073926073926,0.2560428997406831,,14014.0,1.0,12109.400000000001,0.8640930498073356,10831.800000000003,0.7729270729270732,7210.0,0.5144855144855145
ROI_01346__20200613T175919_20200613T180445_T14VMN,entropy,boundary,11303,0.8933026630098204,0.5827140101898338,,11303.0,1.0,9567.400000000001,0.8464478457046803,8906.0,0.7879324073254889,7260.0,0.6423073520304344
ROI_01346__20200613T175919_20200613T180445_T14VMN,entropy,nonboundary,38873,0.7837573637228925,0.635584982774082,,38873.0,1.0,35591.0,0.9155712190980887,31234.800000000003,0.8035088621922672,17828.0,0.4586216654233015
ROI_01346__20200613T175919_20200613T180445_T14VMN,entropy,clear,4033,0.24150756260848005,0.465452124941021,,4033.0,1.0,3484.0,0.8638730473592859,3159.0,0.7832878750309943,2931.0,0.7267542772129928
ROI_01346__20200613T175919_20200613T180445_T14VMN,entropy,thick_cloud,32129,0.8428833763889321,0.6181814205921119,,32129.0,1.0,31093.0,0.9677549877058109,28087.800000000003,0.8742195524292696,15592.0,0.4852936599333935
ROI_01346__20200613T175919_20200613T180445_T14VMN,entropy,thin_cloud,0,,,no_pixels_in_stratum,0.0,,0.0,,0.0,,0.0,
ROI_01346__20200613T175919_20200613T180445_T14VMN,entropy,cloud_shadow,14014,0.8926073926073926,0.6818033545355705,,14014.0,1.0,10581.400000000001,0.755059226487798,8894.0,0.6346510632224918,6565.0,0.4684601113172542
ROI_01346__20200613T175919_20200613T180445_T14VMN,negative_margin,boundary,11303,0.8933026630098204,-0.6479910320124865,,11303.0,1.0,10615.0,0.9391312041051049,10101.0,0.8936565513580466,7719.0,0.6829160399893833
ROI_01346__20200613T175919_20200613T180445_T14VMN,negative_margin,nonboundary,38873,0.7837573637228925,-0.5140192859681185,,38873.0,1.0,34543.4,0.8886219226712628,30039.800000000003,0.7727677308157334,17369.0,0.4468139839991768
ROI_01346__20200613T175919_20200613T180445_T14VMN,negative_margin,clear,4033,0.24150756260848005,-0.708092581455484,,4033.0,1.0,3758.0,0.9318125464914456,3514.0,0.8713116786511282,3000.0,0.7438631291842301
ROI_01346__20200613T175919_20200613T180445_T14VMN,negative_margin,thick_cloud,32129,0.8428833763889321,-0.5169020635872285,,32129.0,1.0,28560.0,0.8889165551371035,25115.800000000003,0.7817174515235458,14587.0,0.4540135080456908
ROI_01346__20200613T175919_20200613T180445_T14VMN,negative_margin,thin_cloud,0,,,no_pixels_in_stratum,0.0,,0.0,,0.0,,0.0,
ROI_01346__20200613T175919_20200613T180445_T14VMN,negative_margin,cloud_shadow,14014,0.8926073926073926,-0.5596139971651047,,14014.0,1.0,12840.400000000001,0.9162551733980306,11511.0,0.8213928928214642,7501.0,0.5352504638218923
ROI_01346__20200613T175919_20200613T180445_T14VMN,gini_total,boundary,11303,0.8933026630098204,0.3089489498971632,,11303.0,1.0,9588.0,0.8482703706980448,9309.0,0.8235866584092719,7579.0,0.6705299478014687
ROI_01346__20200613T175919_20200613T180445_T14VMN,gini_total,nonboundary,38873,0.7837573637228925,0.36868486942739376,,38873.0,1.0,35570.4,0.9150412882977903,30831.800000000003,0.793141769351478,17509.0,0.4504154554575155
ROI_01346__20200613T175919_20200613T180445_T14VMN,gini_total,clear,4033,0.24150756260848005,0.24795386780887776,,4033.0,1.0,3456.0,0.8569303248202331,3340.0,0.8281676171584429,2957.0,0.7332010909992561
ROI_01346__20200613T175919_20200613T180445_T14VMN,gini_total,thick_cloud,32129,0.8428833763889321,0.36167462049481813,,32129.0,1.0,30990.4,0.9645616110056335,26767.800000000003,0.833135173830496,15052.0,0.4684864141429861
ROI_01346__20200613T175919_20200613T180445_T14VMN,gini_total,thin_cloud,0,,,no_pixels_in_stratum,0.0,,0.0,,0.0,,0.0,
ROI_01346__20200613T175919_20200613T180445_T14VMN,gini_total,cloud_shadow,14014,0.8926073926073926,0.37132118447177787,,14014.0,1.0,10712.0,0.764378478664193,10033.0,0.7159269302126445,7079.0,0.5051377194234337
ROI_01369__20200712T023551_20200712T023553_T53WNM,msp,boundary,10781,0.34801966422409797,0.24841039048730856,,10781.0,1.0,7776.0,0.7212688989889621,5139.0,0.476671922827196,1601.0,0.148501994249142
ROI_01369__20200712T023551_20200712T023553_T53WNM,msp,nonboundary,39395,0.031196852392435588,0.07831235196115643,,39395.0,1.0,37382.4,0.94891229851504,35001.8,0.8884833100647291,23487.0,0.5961924102043407
ROI_01369__20200712T023551_20200712T023553_T53WNM,msp,clear,15047,0.13524290556257063,0.14306612950849035,,15047.0,1.0,13140.0,0.8732637735096697,11275.800000000003,0.74937196783412,5895.0,0.39177244633481756
ROI_01369__20200712T023551_20200712T023553_T53WNM,msp,thick_cloud,19982,0.05885296767090381,0.0736937979378866,,19982.0,1.0,18565.0,0.9290861775598038,17208.0,0.8611750575517966,14242.0,0.7127414673205885
ROI_01369__20200712T023551_20200712T023553_T53WNM,msp,thin_cloud,0,,,no_pixels_in_stratum,0.0,,0.0,,0.0,,0.0,
ROI_01369__20200712T023551_20200712T023553_T53WNM,msp,cloud_shadow,15147,0.11685482273717568,0.1411475542512925,,15147.0,1.0,13453.400000000001,0.8881890803459432,11657.0,0.7695913382187892,4951.0,0.32686340529477786
ROI_01369__20200712T023551_20200712T023553_T53WNM,entropy,boundary,10781,0.34801966422409797,0.5968112070886464,,10781.0,1.0,7968.4000000000015,0.7391151099155924,5207.800000000003,0.48305352008162533,1613.0,0.14961506353770523
ROI_01369__20200712T023551_20200712T023553_T53WNM,entropy,nonboundary,39395,0.031196852392435588,0.2404331071639852,,39395.0,1.0,37190.0,0.9440284300038075,34933.0,0.8867368955451199,23475.0,0.5958878030206879
ROI_01369__20200712T023551_20200712T023553_T53WNM,entropy,clear,15047,0.13524290556257063,0.39399917398670803,,15047.0,1.0,12989.400000000001,0.8632551339137371,11248.0,0.7475244234731175,5876.0,0.3905097361600319
ROI_01369__20200712T023551_20200712T023553_T53WNM,entropy,thick_cloud,19982,0.05885296767090381,0.1916115314538609,,19982.0,1.0,18703.0,0.9359923931538384,17324.800000000003,0.867020318286458,14263.0,0.7137924131718547
ROI_01369__20200712T023551_20200712T023553_T53WNM,entropy,thin_cloud,0,,,no_pixels_in_stratum,0.0,,0.0,,0.0,,0.0,
ROI_01369__20200712T023551_20200712T023553_T53WNM,entropy,cloud_shadow,15147,0.11685482273717568,0.40594155198117476,,15147.0,1.0,13466.0,0.8890209282366145,11568.0,0.763715587244999,4949.0,0.3267313659470522
ROI_01369__20200712T023551_20200712T023553_T53WNM,negative_margin,boundary,10781,0.34801966422409797,-0.5547080158266567,,10781.0,1.0,7773.4000000000015,0.7210277339764402,5181.0,0.4805676653371672,1571.0,0.14571932102773397
ROI_01369__20200712T023551_20200712T023553_T53WNM,negative_margin,nonboundary,39395,0.031196852392435588,-0.8622416948048621,,39395.0,1.0,37385.0,0.9489782967381647,34959.8,0.8874171849219444,23517.0,0.5969539281634725
ROI_01369__20200712T023551_20200712T023553_T53WNM,negative_margin,clear,15047,0.13524290556257063,-0.7461559037734009,,15047.0,1.0,13188.400000000001,0.8764803615338607,11276.800000000003,0.7494384262643718,5864.0,0.38971223499700935
ROI_01369__20200712T023551_20200712T023553_T53WNM,negative_margin,thick_cloud,19982,0.05885296767090381,-0.8673473935834123,,19982.0,1.0,18546.0,0.9281353217896107,17142.0,0.8578720848763888,14190.0,0.7101391252126914
ROI_01369__20200712T023551_20200712T023553_T53WNM,negative_margin,thin_cloud,0,,,no_pixels_in_stratum,0.0,,0.0,,0.0,,0.0,
ROI_01369__20200712T023551_20200712T023553_T53WNM,negative_margin,cloud_shadow,15147,0.11685482273717568,-0.7519360390045967,,15147.0,1.0,13424.0,0.8862481019343764,11722.0,0.7738826170198719,5034.0,0.3323430382253912
ROI_01369__20200712T023551_20200712T023553_T53WNM,gini_total,boundary,10781,0.34801966422409797,0.34265569189422856,,10781.0,1.0,7858.0,0.7288748724608107,5131.800000000003,0.47600408125405835,1603.0,0.14868750579723589
ROI_01369__20200712T023551_20200712T023553_T53WNM,gini_total,nonboundary,39395,0.031196852392435588,0.12184063176598289,,39395.0,1.0,37300.4,0.9468308160934129,35009.0,0.8886660743749206,23485.0,0.5961416423403986
ROI_01369__20200712T023551_20200712T023553_T53WNM,gini_total,clear,15047,0.13524290556257063,0.21041971615974173,,15047.0,1.0,13082.0,0.8694091845550608,11268.0,0.7488535920781552,5899.0,0.3920382800558251
ROI_01369__20200712T023551_20200712T023553_T53WNM,gini_total,thick_cloud,19982,0.05885296767090381,0.10560946040522083,,19982.0,1.0,18608.0,0.9312381143028726,17242.800000000003,0.8629166249624663,14241.0,0.712691422280052
ROI_01369__20200712T023551_20200712T023553_T53WNM,gini_total,thin_cloud,0,,,no_pixels_in_stratum,0.0,,0.0,,0.0,,0.0,
ROI_01369__20200712T023551_20200712T023553_T53WNM,gini_total,cloud_shadow,15147,0.11685482273717568,0.21242549652471238,,15147.0,1.0,13468.400000000001,0.8891793754538854,11630.0,0.7678088070244933,4948.0,0.3266653462731894
ROI_01580__20181212T105439_20181212T105647_T31UDP,msp,boundary,15678,0.41452991452991456,0.29783696132375964,,15678.0,1.0,12639.0,0.8061615001913509,10108.0,0.6447250924862865,4485.0,0.2860696517412935
ROI_01580__20181212T105439_20181212T105647_T31UDP,msp,nonboundary,34498,0.12806539509536785,0.1741449431555051,,34498.0,1.0,32519.4,0.9426459504898835,30032.800000000003,0.8705664096469361,20603.0,0.5972230274218795
ROI_01580__20181212T105439_20181212T105647_T31UDP,msp,clear,17208,0.05108089260808926,0.15398980979688606,,17208.0,1.0,16484.0,0.9579265457926546,15408.0,0.895397489539749,10866.0,0.6314504881450488
ROI_01580__20181212T105439_20181212T105647_T31UDP,msp,thick_cloud,14824,0.3020102536427415,0.2722036478647945,,14824.0,1.0,12185.400000000001,0.8220048569886671,10170.0,0.6860496492174851,5295.0,0.35719104155423637
ROI_01580__20181212T105439_20181212T105647_T31UDP,msp,thin_cloud,0,,,no_pixels_in_stratum,0.0,,0.0,,0.0,,0.0,
ROI_01580__20181212T105439_20181212T105647_T31UDP,msp,cloud_shadow,18144,0.3064925044091711,0.22002516565696587,,18144.0,1.0,16489.0,0.9087852733686067,14562.800000000003,0.8026234567901236,8927.0,0.4920083774250441
ROI_01580__20181212T105439_20181212T105647_T31UDP,entropy,boundary,15678,0.41452991452991456,0.7107977028342944,,15678.0,1.0,12600.400000000001,0.8036994514606456,9993.0,0.6373899732108688,4406.0,0.2810307437173109
ROI_01580__20181212T105439_20181212T105647_T31UDP,entropy,nonboundary,34498,0.12806539509536785,0.48243762618809444,,34498.0,1.0,32558.0,0.9437648559336773,30147.800000000003,0.8738999362281872,20682.0,0.5995130152472607
ROI_01580__20181212T105439_20181212T105647_T31UDP,entropy,clear,17208,0.05108089260808926,0.4477067196072956,,17208.0,1.0,16302.0,0.947350069735007,14937.0,0.86802649930265,10607.0,0.6163993491399349
ROI_01580__20181212T105439_20181212T105647_T31UDP,entropy,thick_cloud,14824,0.3020102536427415,0.6569832206727904,,14824.0,1.0,11928.400000000001,0.8046681057744199,9988.0,0.6737722611980572,5398.0,0.3641392336751214
ROI_01580__20181212T105439_20181212T105647_T31UDP,entropy,thin_cloud,0,,,no_pixels_in_stratum,0.0,,0.0,,0.0,,0.0,
ROI_01580__20181212T105439_20181212T105647_T31UDP,entropy,cloud_shadow,18144,0.3064925044091711,0.5700927644960958,,18144.0,1.0,16928.0,0.9329805996472663,15215.800000000003,0.8386133156966492,9083.0,0.5006062610229277
ROI_01580__20181212T105439_20181212T105647_T31UDP,negative_margin,boundary,15678,0.41452991452991456,-0.47848803104289234,,15678.0,1.0,12764.0,0.8141344559255007,10184.0,0.6495726495726496,4587.0,0.29257558362035974
ROI_01580__20181212T105439_20181212T105647_T31UDP,negative_margin,nonboundary,34498,0.12806539509536785,-0.6915419031519939,,34498.0,1.0,32394.4,0.9390225520320019,29956.800000000003,0.8683633833845441,20501.0,0.5942663342802481
ROI_01580__20181212T105439_20181212T105647_T31UDP,negative_margin,clear,17208,0.05108089260808926,-0.7348970697424538,,17208.0,1.0,16411.4,0.9537075778707579,15481.0,0.8996397024639703,11111.0,0.6456880520688052
ROI_01580__20181212T105439_20181212T105647_T31UDP,negative_margin,thick_cloud,14824,0.3020102536427415,-0.5224295656776734,,14824.0,1.0,12477.0,0.8416756610901241,10243.0,0.6909740960604426,5206.0,0.3511872638963842
ROI_01580__20181212T105439_20181212T105647_T31UDP,negative_margin,thin_cloud,0,,,no_pixels_in_stratum,0.0,,0.0,,0.0,,0.0,
ROI_01580__20181212T105439_20181212T105647_T31UDP,negative_margin,cloud_shadow,18144,0.3064925044091711,-0.6044942277278427,,18144.0,1.0,16270.0,0.8967151675485009,14416.800000000003,0.7945767195767197,8771.0,0.4834104938271605
ROI_01580__20181212T105439_20181212T105647_T31UDP,gini_total,boundary,15678,0.41452991452991456,0.4001639144564037,,15678.0,1.0,12542.0,0.7999744865416507,9976.800000000003,0.6363566781477231,4476.0,0.28549559892843474
ROI_01580__20181212T105439_20181212T105647_T31UDP,gini_total,nonboundary,34498,0.12806539509536785,0.25727030159097264,,34498.0,1.0,32616.4,0.9454577076931997,30164.0,0.8743695286683286,20612.0,0.5974839121108471
ROI_01580__20181212T105439_20181212T105647_T31UDP,gini_total,clear,17208,0.05108089260808926,0.2320652523698794,,17208.0,1.0,16401.0,0.9531032078103208,15277.800000000003,0.8878312412831243,10812.0,0.6283124128312413
ROI_01580__20181212T105439_20181212T105647_T31UDP,gini_total,thick_cloud,14824,0.3020102536427415,0.36886211588697165,,14824.0,1.0,11850.400000000001,0.799406368051808,10095.0,0.680990286022666,5320.0,0.35887749595250945
ROI_01580__20181212T105439_20181212T105647_T31UDP,gini_total,thin_cloud,0,,,no_pixels_in_stratum,0.0,,0.0,,0.0,,0.0,
ROI_01580__20181212T105439_20181212T105647_T31UDP,gini_total,cloud_shadow,18144,0.3064925044091711,0.31347496949093473,,18144.0,1.0,16907.0,0.9318231922398589,14768.0,0.8139329805996472,8956.0,0.49360670194003525
ROI_03815__20200422T080611_20200422T082942_T35LQK,msp,boundary,0,,,no_pixels_in_stratum,0.0,,0.0,,0.0,,0.0,
ROI_03815__20200422T080611_20200422T082942_T35LQK,msp,nonboundary,50176,0.0,0.009674630407006385,,50176.0,1.0,45158.4,0.9,40140.8,0.8,25088.0,0.5
ROI_03815__20200422T080611_20200422T082942_T35LQK,msp,clear,50176,0.0,0.009674630407006385,,50176.0,1.0,45158.4,0.9,40140.8,0.8,25088.0,0.5
ROI_03815__20200422T080611_20200422T082942_T35LQK,msp,thick_cloud,0,,,no_pixels_in_stratum,0.0,,0.0,,0.0,,0.0,
ROI_03815__20200422T080611_20200422T082942_T35LQK,msp,thin_cloud,0,,,no_pixels_in_stratum,0.0,,0.0,,0.0,,0.0,
ROI_03815__20200422T080611_20200422T082942_T35LQK,msp,cloud_shadow,0,,,no_pixels_in_stratum,0.0,,0.0,,0.0,,0.0,
ROI_03815__20200422T080611_20200422T082942_T35LQK,entropy,boundary,0,,,no_pixels_in_stratum,0.0,,0.0,,0.0,,0.0,
ROI_03815__20200422T080611_20200422T082942_T35LQK,entropy,nonboundary,50176,0.0,0.0545005958699216,,50176.0,1.0,45158.4,0.9,40140.8,0.8,25088.0,0.5
ROI_03815__20200422T080611_20200422T082942_T35LQK,entropy,clear,50176,0.0,0.0545005958699216,,50176.0,1.0,45158.4,0.9,40140.8,0.8,25088.0,0.5
ROI_03815__20200422T080611_20200422T082942_T35LQK,entropy,thick_cloud,0,,,no_pixels_in_stratum,0.0,,0.0,,0.0,,0.0,
ROI_03815__20200422T080611_20200422T082942_T35LQK,entropy,thin_cloud,0,,,no_pixels_in_stratum,0.0,,0.0,,0.0,,0.0,
ROI_03815__20200422T080611_20200422T082942_T35LQK,entropy,cloud_shadow,0,,,no_pixels_in_stratum,0.0,,0.0,,0.0,,0.0,
ROI_03815__20200422T080611_20200422T082942_T35LQK,negative_margin,boundary,0,,,no_pixels_in_stratum,0.0,,0.0,,0.0,,0.0,
ROI_03815__20200422T080611_20200422T082942_T35LQK,negative_margin,nonboundary,50176,0.0,-0.982626669159151,,50176.0,1.0,45158.4,0.9,40140.8,0.8,25088.0,0.5
ROI_03815__20200422T080611_20200422T082942_T35LQK,negative_margin,clear,50176,0.0,-0.982626669159151,,50176.0,1.0,45158.4,0.9,40140.8,0.8,25088.0,0.5
ROI_03815__20200422T080611_20200422T082942_T35LQK,negative_margin,thick_cloud,0,,,no_pixels_in_stratum,0.0,,0.0,,0.0,,0.0,
ROI_03815__20200422T080611_20200422T082942_T35LQK,negative_margin,thin_cloud,0,,,no_pixels_in_stratum,0.0,,0.0,,0.0,,0.0,
ROI_03815__20200422T080611_20200422T082942_T35LQK,negative_margin,cloud_shadow,0,,,no_pixels_in_stratum,0.0,,0.0,,0.0,,0.0,
ROI_03815__20200422T080611_20200422T082942_T35LQK,gini_total,boundary,0,,,no_pixels_in_stratum,0.0,,0.0,,0.0,,0.0,
ROI_03815__20200422T080611_20200422T082942_T35LQK,gini_total,nonboundary,50176,0.0,0.018865252517772473,,50176.0,1.0,45158.4,0.9,40140.8,0.8,25088.0,0.5
ROI_03815__20200422T080611_20200422T082942_T35LQK,gini_total,clear,50176,0.0,0.018865252517772473,,50176.0,1.0,45158.4,0.9,40140.8,0.8,25088.0,0.5
ROI_03815__20200422T080611_20200422T082942_T35LQK,gini_total,thick_cloud,0,,,no_pixels_in_stratum,0.0,,0.0,,0.0,,0.0,
ROI_03815__20200422T080611_20200422T082942_T35LQK,gini_total,thin_cloud,0,,,no_pixels_in_stratum,0.0,,0.0,,0.0,,0.0,
ROI_03815__20200422T080611_20200422T082942_T35LQK,gini_total,cloud_shadow,0,,,no_pixels_in_stratum,0.0,,0.0,,0.0,,0.0,
ROI_04797__20200309T092029_20200309T092902_T34RDT,msp,boundary,2996,0.3704939919893191,0.19108096095366536,,2996.0,1.0,1003.0,0.3347797062750334,750.0,0.25033377837116155,510.0,0.17022696929238984
ROI_04797__20200309T092029_20200309T092902_T34RDT,msp,nonboundary,47180,0.007778719796523951,0.02221911714308441,,47180.0,1.0,44155.4,0.9358923272573124,39390.8,0.83490462060195,24578.0,0.5209410767274268
ROI_04797__20200309T092029_20200309T092902_T34RDT,msp,clear,47329,0.005979420651186377,0.020594625351594165,,47329.0,1.0,44555.0,0.9413890004014452,39900.8,0.843051828688542,24961.0,0.5273933529125906
ROI_04797__20200309T092029_20200309T092902_T34RDT,msp,thick_cloud,822,0.7469586374695864,0.22242850790348656,,822.0,1.0,239.0,0.29075425790754256,148.0,0.18004866180048662,63.0,0.07664233576642336
ROI_04797__20200309T092029_20200309T092902_T34RDT,msp,thin_cloud,0,,,no_pixels_in_stratum,0.0,,0.0,,0.0,,0.0,
ROI_04797__20200309T092029_20200309T092902_T34RDT,msp,cloud_shadow,2025,0.28641975308641976,0.22874925879784572,,2025.0,1.0,364.40000000000146,0.17995061728395134,92.0,0.0454320987654321,64.0,0.03160493827160494
ROI_04797__20200309T092029_20200309T092902_T34RDT,entropy,boundary,2996,0.3704939919893191,0.451118707842381,,2996.0,1.0,1007.0,0.33611481975967955,756.0,0.2523364485981308,521.0,0.1738985313751669
ROI_04797__20200309T092029_20200309T092902_T34RDT,entropy,nonboundary,47180,0.007778719796523951,0.0865313783883582,,47180.0,1.0,44151.4,0.9358075455701569,39384.8,0.8347774480712167,24567.0,0.520707927087749
ROI_04797__20200309T092029_20200309T092902_T34RDT,entropy,clear,47329,0.005979420651186377,0.08269747113399857,,47329.0,1.0,44532.4,0.9409114918971455,39892.8,0.8428827991294978,24957.0,0.5273088381330685
ROI_04797__20200309T092029_20200309T092902_T34RDT,entropy,thick_cloud,822,0.7469586374695864,0.5048348031137367,,822.0,1.0,245.0,0.2980535279805353,148.0,0.18004866180048662,63.0,0.07664233576642336
ROI_04797__20200309T092029_20200309T092902_T34RDT,entropy,thin_cloud,0,,,no_pixels_in_stratum,0.0,,0.0,,0.0,,0.0,
ROI_04797__20200309T092029_20200309T092902_T34RDT,entropy,cloud_shadow,2025,0.28641975308641976,0.5457477835051872,,2025.0,1.0,381.0,0.18814814814814815,100.0,0.04938271604938271,68.0,0.03358024691358025
ROI_04797__20200309T092029_20200309T092902_T34RDT,negative_margin,boundary,2996,0.3704939919893191,-0.6375550652887335,,2996.0,1.0,997.0,0.3327770360480641,741.0,0.2473297730307076,501.0,0.16722296395193592
ROI_04797__20200309T092029_20200309T092902_T34RDT,negative_margin,nonboundary,47180,0.007778719796523951,-0.9605049128665222,,47180.0,1.0,44161.4,0.9360194997880458,39399.8,0.8350953793980501,24587.0,0.5211318355235269
ROI_04797__20200309T092029_20200309T092902_T34RDT,negative_margin,clear,47329,0.005979420651186377,-0.9636201331750527,,47329.0,1.0,44574.4,0.9417988970821273,39901.8,0.8430729573834225,24967.0,0.5275201250818737
ROI_04797__20200309T092029_20200309T092902_T34RDT,negative_margin,thick_cloud,822,0.7469586374695864,-0.5720543214417382,,822.0,1.0,233.0,0.28345498783454987,147.0,0.17883211678832117,63.0,0.07664233576642336
ROI_04797__20200309T092029_20200309T092902_T34RDT,negative_margin,thin_cloud,0,,,no_pixels_in_stratum,0.0,,0.0,,0.0,,0.0,
ROI_04797__20200309T092029_20200309T092902_T34RDT,negative_margin,cloud_shadow,2025,0.28641975308641976,-0.5675707799409312,,2025.0,1.0,351.0,0.17333333333333334,92.0,0.0454320987654321,58.0,0.028641975308641977
ROI_04797__20200309T092029_20200309T092902_T34RDT,gini_total,boundary,2996,0.3704939919893191,0.2653290521916361,,2996.0,1.0,1004.4000000000015,0.33524699599466,750.0,0.25033377837116155,510.0,0.17022696929238984
ROI_04797__20200309T092029_20200309T092902_T34RDT,gini_total,nonboundary,47180,0.007778719796523951,0.037017143728051094,,47180.0,1.0,44154.0,0.935862653666808,39390.8,0.83490462060195,24578.0,0.5209410767274268
ROI_04797__20200309T092029_20200309T092902_T34RDT,gini_total,clear,47329,0.005979420651186377,0.03475249806385985,,47329.0,1.0,44554.4,0.9413763231845169,39900.8,0.843051828688542,24961.0,0.5273933529125906
ROI_04797__20200309T092029_20200309T092902_T34RDT,gini_total,thick_cloud,822,0.7469586374695864,0.3037218338680621,,822.0,1.0,240.0,0.291970802919708,148.0,0.18004866180048662,63.0,0.07664233576642336
ROI_04797__20200309T092029_20200309T092902_T34RDT,gini_total,thin_cloud,0,,,no_pixels_in_stratum,0.0,,0.0,,0.0,,0.0,
ROI_04797__20200309T092029_20200309T092902_T34RDT,gini_total,cloud_shadow,2025,0.28641975308641976,0.3194737546427766,,2025.0,1.0,364.0,0.1797530864197531,92.0,0.0454320987654321,64.0,0.03160493827160494
ROI_05305__20191121T011941_20191121T011942_T54TXP,msp,boundary,4449,0.26365475387727577,0.19990499159222802,,4449.0,1.0,2345.0,0.5270847381434031,1190.0,0.2674758372668015,653.0,0.146774556080018
ROI_05305__20191121T011941_20191121T011942_T54TXP,msp,nonboundary,45727,0.01163426422026374,0.0426143851438091,,45727.0,1.0,42813.4,0.9362827213681195,38950.8,0.8518118398320468,24435.0,0.5343670041769633
ROI_05305__20191121T011941_20191121T011942_T54TXP,msp,clear,447,0.0,6.53758945081058e-05,,447.0,1.0,447.0,1.0,447.0,1.0,446.0,0.9977628635346756
ROI_05305__20191121T011941_20191121T011942_T54TXP,msp,thick_cloud,48282,0.017977714262043826,0.05070789769735684,,48282.0,1.0,44268.4,0.9168717120251854,39583.8,0.8198459053063254,24632.0,0.5101694213164326
ROI_05305__20191121T011941_20191121T011942_T54TXP,msp,thin_cloud,0,,,no_pixels_in_stratum,0.0,,0.0,,0.0,,0.0,
ROI_05305__20191121T011941_20191121T011942_T54TXP,msp,cloud_shadow,1447,0.5784381478921907,0.2693139995965121,,1447.0,1.0,443.0,0.3061506565307533,110.0,0.07601935038009675,10.0,0.006910850034554251
ROI_05305__20191121T011941_20191121T011942_T54TXP,entropy,boundary,4449,0.26365475387727577,0.485299589206978,,4449.0,1.0,2333.0,0.5243875028096201,1199.0,0.26949876376713866,654.0,0.14699932569116655
ROI_05305__20191121T011941_20191121T011942_T54TXP,entropy,nonboundary,45727,0.01163426422026374,0.15073882693339288,,45727.0,1.0,42825.4,0.9365451483806067,38941.8,0.8516150195726814,24434.0,0.534345135259256
ROI_05305__20191121T011941_20191121T011942_T54TXP,entropy,clear,447,0.0,0.00041785594626855355,,447.0,1.0,447.0,1.0,447.0,1.0,446.0,0.9977628635346756
ROI_05305__20191121T011941_20191121T011942_T54TXP,entropy,thick_cloud,48282,0.017977714262043826,0.16892444288532818,,48282.0,1.0,44248.4,0.9164574789776728,39580.8,0.8197837703491985,24632.0,0.5101694213164326
ROI_05305__20191121T011941_20191121T011942_T54TXP,entropy,thin_cloud,0,,,no_pixels_in_stratum,0.0,,0.0,,0.0,,0.0,
ROI_05305__20191121T011941_20191121T011942_T54TXP,entropy,cloud_shadow,1447,0.5784381478921907,0.6190293563011089,,1447.0,1.0,463.0,0.3199723565998618,113.0,0.07809260539046303,10.0,0.006910850034554251
ROI_05305__20191121T011941_20191121T011942_T54TXP,negative_margin,boundary,4449,0.26365475387727577,-0.6227356360616714,,4449.0,1.0,2351.0,0.5284333558102945,1189.0,0.26725106765565293,648.0,0.14565070802427513
ROI_05305__20191121T011941_20191121T011942_T54TXP,negative_margin,nonboundary,45727,0.01163426422026374,-0.9235376049329924,,45727.0,1.0,42807.4,0.936151507861876,38951.8,0.8518337087497541,24440.0,0.5344763487654995
ROI_05305__20191121T011941_20191121T011942_T54TXP,negative_margin,clear,447,0.0,-0.9998998365748312,,447.0,1.0,447.0,1.0,447.0,1.0,446.0,0.9977628635346756
ROI_05305__20191121T011941_20191121T011942_T54TXP,negative_margin,thick_cloud,48282,0.017977714262043826,-0.9082433438641087,,48282.0,1.0,44278.4,0.9170788285489416,39586.8,0.8199080402634523,24632.0,0.5101694213164326
ROI_05305__20191121T011941_20191121T011942_T54TXP,negative_margin,thin_cloud,0,,,no_pixels_in_stratum,0.0,,0.0,,0.0,,0.0,
ROI_05305__20191121T011941_20191121T011942_T54TXP,negative_margin,cloud_shadow,1447,0.5784381478921907,-0.48541434016135027,,1447.0,1.0,433.0,0.299239806496199,107.0,0.07394609536973047,10.0,0.006910850034554251
ROI_05305__20191121T011941_20191121T011942_T54TXP,gini_total,boundary,4449,0.26365475387727577,0.278889711807865,,4449.0,1.0,2345.0,0.5270847381434031,1189.0,0.26725106765565293,653.0,0.146774556080018
ROI_05305__20191121T011941_20191121T011942_T54TXP,gini_total,nonboundary,45727,0.01163426422026374,0.06899882209397867,,45727.0,1.0,42813.4,0.9362827213681195,38951.8,0.8518337087497541,24435.0,0.5343670041769633
ROI_05305__20191121T011941_20191121T011942_T54TXP,gini_total,clear,447,0.0,0.00012944809713776037,,447.0,1.0,447.0,1.0,447.0,1.0,446.0,0.9977628635346756
ROI_05305__20191121T011941_20191121T011942_T54TXP,gini_total,thick_cloud,48282,0.017977714262043826,0.08000901168635832,,48282.0,1.0,44266.4,0.9168302887204342,39583.8,0.8198459053063254,24632.0,0.5101694213164326
ROI_05305__20191121T011941_20191121T011942_T54TXP,gini_total,thin_cloud,0,,,no_pixels_in_stratum,0.0,,0.0,,0.0,,0.0,
ROI_05305__20191121T011941_20191121T011942_T54TXP,gini_total,cloud_shadow,1447,0.5784381478921907,0.36823531457109954,,1447.0,1.0,445.0,0.3075328265376641,110.0,0.07601935038009675,10.0,0.006910850034554251
ROI_05622__20200606T080609_20200606T083047_T35LPK,msp,boundary,0,,,no_pixels_in_stratum,0.0,,0.0,,0.0,,0.0,
ROI_05622__20200606T080609_20200606T083047_T35LPK,msp,nonboundary,50176,0.0042251275510204085,0.13074783421280717,,50176.0,1.0,45158.4,0.9,40140.8,0.8,25088.0,0.5
ROI_05622__20200606T080609_20200606T083047_T35LPK,msp,clear,50176,0.0042251275510204085,0.13074783421280717,,50176.0,1.0,45158.4,0.9,40140.8,0.8,25088.0,0.5
ROI_05622__20200606T080609_20200606T083047_T35LPK,msp,thick_cloud,0,,,no_pixels_in_stratum,0.0,,0.0,,0.0,,0.0,
ROI_05622__20200606T080609_20200606T083047_T35LPK,msp,thin_cloud,0,,,no_pixels_in_stratum,0.0,,0.0,,0.0,,0.0,
ROI_05622__20200606T080609_20200606T083047_T35LPK,msp,cloud_shadow,0,,,no_pixels_in_stratum,0.0,,0.0,,0.0,,0.0,
ROI_05622__20200606T080609_20200606T083047_T35LPK,entropy,boundary,0,,,no_pixels_in_stratum,0.0,,0.0,,0.0,,0.0,
ROI_05622__20200606T080609_20200606T083047_T35LPK,entropy,nonboundary,50176,0.0042251275510204085,0.43586135882785115,,50176.0,1.0,45158.4,0.9,40140.8,0.8,25088.0,0.5
ROI_05622__20200606T080609_20200606T083047_T35LPK,entropy,clear,50176,0.0042251275510204085,0.43586135882785115,,50176.0,1.0,45158.4,0.9,40140.8,0.8,25088.0,0.5
ROI_05622__20200606T080609_20200606T083047_T35LPK,entropy,thick_cloud,0,,,no_pixels_in_stratum,0.0,,0.0,,0.0,,0.0,
ROI_05622__20200606T080609_20200606T083047_T35LPK,entropy,thin_cloud,0,,,no_pixels_in_stratum,0.0,,0.0,,0.0,,0.0,
ROI_05622__20200606T080609_20200606T083047_T35LPK,entropy,cloud_shadow,0,,,no_pixels_in_stratum,0.0,,0.0,,0.0,,0.0,
ROI_05622__20200606T080609_20200606T083047_T35LPK,negative_margin,boundary,0,,,no_pixels_in_stratum,0.0,,0.0,,0.0,,0.0,
ROI_05622__20200606T080609_20200606T083047_T35LPK,negative_margin,nonboundary,50176,0.0042251275510204085,-0.7751702935476961,,50176.0,1.0,45158.4,0.9,40140.8,0.8,25088.0,0.5
ROI_05622__20200606T080609_20200606T083047_T35LPK,negative_margin,clear,50176,0.0042251275510204085,-0.7751702935476961,,50176.0,1.0,45158.4,0.9,40140.8,0.8,25088.0,0.5
ROI_05622__20200606T080609_20200606T083047_T35LPK,negative_margin,thick_cloud,0,,,no_pixels_in_stratum,0.0,,0.0,,0.0,,0.0,
ROI_05622__20200606T080609_20200606T083047_T35LPK,negative_margin,thin_cloud,0,,,no_pixels_in_stratum,0.0,,0.0,,0.0,,0.0,
ROI_05622__20200606T080609_20200606T083047_T35LPK,negative_margin,cloud_shadow,0,,,no_pixels_in_stratum,0.0,,0.0,,0.0,,0.0,
ROI_05622__20200606T080609_20200606T083047_T35LPK,gini_total,boundary,0,,,no_pixels_in_stratum,0.0,,0.0,,0.0,,0.0,
ROI_05622__20200606T080609_20200606T083047_T35LPK,gini_total,nonboundary,50176,0.0042251275510204085,0.21962507440542536,,50176.0,1.0,45158.4,0.9,40140.8,0.8,25088.0,0.5
ROI_05622__20200606T080609_20200606T083047_T35LPK,gini_total,clear,50176,0.0042251275510204085,0.21962507440542536,,50176.0,1.0,45158.4,0.9,40140.8,0.8,25088.0,0.5
ROI_05622__20200606T080609_20200606T083047_T35LPK,gini_total,thick_cloud,0,,,no_pixels_in_stratum,0.0,,0.0,,0.0,,0.0,
ROI_05622__20200606T080609_20200606T083047_T35LPK,gini_total,thin_cloud,0,,,no_pixels_in_stratum,0.0,,0.0,,0.0,,0.0,
ROI_05622__20200606T080609_20200606T083047_T35LPK,gini_total,cloud_shadow,0,,,no_pixels_in_stratum,0.0,,0.0,,0.0,,0.0,
ROI_05830__20200611T085559_20200611T091323_T34NBM,msp,boundary,8248,0.28673617846750726,0.268609519943118,,8248.0,1.0,4755.4000000000015,0.5765518913676044,2506.0,0.30383123181377303,982.0,0.11905916585838991
ROI_05830__20200611T085559_20200611T091323_T34NBM,msp,nonboundary,41928,0.008633848502194237,0.041466434020460206,,41928.0,1.0,40403.0,0.9636281244037398,37634.8,0.8976054188132037,24106.0,0.5749379889334096
ROI_05830__20200611T085559_20200611T091323_T34NBM,msp,clear,899,0.1468298109010011,0.2727939609160545,,899.0,1.0,451.0,0.5016685205784205,447.0,0.4972191323692992,446.0,0.4961067853170189
ROI_05830__20200611T085559_20200611T091323_T34NBM,msp,thick_cloud,45617,0.03064646951794287,0.05792180859298053,,45617.0,1.0,42631.0,0.934541947081132,38945.8,0.8537562750728895,24642.0,0.5401933489707784
ROI_05830__20200611T085559_20200611T091323_T34NBM,msp,thin_cloud,58,1.0,0.5725349938047344,,58.0,1.0,0.0,0.0,0.0,0.0,0.0,0.0
ROI_05830__20200611T085559_20200611T091323_T34NBM,msp,cloud_shadow,3602,0.3162132148806219,0.2869039486425576,,3602.0,1.0,2076.4000000000015,0.5764575235980015,748.0,0.2076624097723487,0.0,0.0
ROI_05830__20200611T085559_20200611T091323_T34NBM,entropy,boundary,8248,0.28673617846750726,0.6390642118289575,,8248.0,1.0,4988.4000000000015,0.6048011639185259,2517.800000000003,0.30526188166828355,994.0,0.12051406401551891
ROI_05830__20200611T085559_20200611T091323_T34NBM,entropy,nonboundary,41928,0.008633848502194237,0.13901541027335573,,41928.0,1.0,40170.0,0.9580709788208357,37623.0,0.8973239839725243,24094.0,0.574651784010685
ROI_05830__20200611T085559_20200611T091323_T34NBM,entropy,clear,899,0.1468298109010011,0.6140589176524828,,899.0,1.0,447.0,0.4972191323692992,447.0,0.4972191323692992,446.0,0.4961067853170189
ROI_05830__20200611T085559_20200611T091323_T34NBM,entropy,thick_cloud,45617,0.03064646951794287,0.17306606023391494,,45617.0,1.0,42719.4,0.9364798211193196,38963.0,0.8541333274875594,24642.0,0.5401933489707784
ROI_05830__20200611T085559_20200611T091323_T34NBM,entropy,thin_cloud,58,1.0,1.1941820187255123,,58.0,1.0,0.0,0.0,0.0,0.0,0.0,0.0
ROI_05830__20200611T085559_20200611T091323_T34NBM,entropy,cloud_shadow,3602,0.3162132148806219,0.7172636722266353,,3602.0,1.0,1992.0,0.5530260966129927,730.8000000000029,0.2028872848417554,0.0,0.0
ROI_05830__20200611T085559_20200611T091323_T34NBM,negative_margin,boundary,8248,0.28673617846750726,-0.5402644568492969,,8248.0,1.0,4723.0,0.5726236663433559,2489.0,0.3017701260911736,963.0,0.11675557710960233
ROI_05830__20200611T085559_20200611T091323_T34NBM,negative_margin,nonboundary,41928,0.008633848502194237,-0.9294599117082769,,41928.0,1.0,40435.4,0.9644008776950964,37651.8,0.8980108757870636,24125.0,0.5753911467277237
ROI_05830__20200611T085559_20200611T091323_T34NBM,negative_margin,clear,899,0.1468298109010011,-0.5931746555541518,,899.0,1.0,460.0,0.5116796440489433,447.0,0.4972191323692992,446.0,0.4961067853170189
ROI_05830__20200611T085559_20200611T091323_T34NBM,negative_margin,thick_cloud,45617,0.03064646951794287,-0.8996973777273719,,45617.0,1.0,42556.4,0.9329065918407612,38931.8,0.8534493719446699,24642.0,0.5401933489707784
ROI_05830__20200611T085559_20200611T091323_T34NBM,negative_margin,thin_cloud,58,1.0,-0.11628607557765369,,58.0,1.0,0.0,0.0,0.0,0.0,0.0,0.0
ROI_05830__20200611T085559_20200611T091323_T34NBM,negative_margin,cloud_shadow,3602,0.3162132148806219,-0.5122133622102792,,3602.0,1.0,2142.0,0.5946696279844531,762.0,0.21154913936701833,0.0,0.0
ROI_05830__20200611T085559_20200611T091323_T34NBM,gini_total,boundary,8248,0.28673617846750726,0.35908823640558685,,8248.0,1.0,4805.0,0.5825654704170709,2507.800000000003,0.3040494665373427,982.0,0.11905916585838991
ROI_05830__20200611T085559_20200611T091323_T34NBM,gini_total,nonboundary,41928,0.008633848502194237,0.06499867921959865,,41928.0,1.0,40353.4,0.9624451440564779,37633.0,0.8975624880747949,24106.0,0.5749379889334096
ROI_05830__20200611T085559_20200611T091323_T34NBM,gini_total,clear,899,0.1468298109010011,0.33584160576650113,,899.0,1.0,449.0,0.4994438264738598,447.0,0.4972191323692992,446.0,0.4961067853170189
ROI_05830__20200611T085559_20200611T091323_T34NBM,gini_total,thick_cloud,45617,0.03064646951794287,0.08582309172045702,,45617.0,1.0,42664.4,0.9352741302584563,38947.0,0.8537825810553084,24642.0,0.5401933489707784
ROI_05830__20200611T085559_20200611T091323_T34NBM,gini_total,thin_cloud,58,1.0,0.6658588422174334,,58.0,1.0,0.0,0.0,0.0,0.0,0.0,0.0
ROI_05830__20200611T085559_20200611T091323_T34NBM,gini_total,cloud_shadow,3602,0.3162132148806219,0.3974156037611962,,3602.0,1.0,2045.0,0.5677401443642421,746.8000000000029,0.20732926152137782,0.0,0.0
ROI_05860__20190327T125311_20190327T125307_T24KTB,msp,boundary,15581,0.39638020666196006,0.24988875263394184,,15581.0,1.0,12137.400000000001,0.7789872280341442,8634.800000000003,0.5541877928245943,2226.0,0.14286631153327772
ROI_05860__20190327T125311_20190327T125307_T24KTB,msp,nonboundary,34595,0.04390807920219685,0.07432140728730931,,34595.0,1.0,33021.0,0.9545020956785663,31506.0,0.9107096401214049,22862.0,0.6608469431998844
ROI_05860__20190327T125311_20190327T125307_T24KTB,msp,clear,24668,0.16847737960110265,0.1273291965000282,,24668.0,1.0,22195.0,0.8997486622344738,19960.0,0.809145451597211,12188.0,0.4940814010053511
ROI_05860__20190327T125311_20190327T125307_T24KTB,msp,thick_cloud,14487,0.1477186443017878,0.11888443424916131,,14487.0,1.0,13010.0,0.8980465244702147,11547.0,0.7970594325947401,8325.0,0.5746531372955063
ROI_05860__20190327T125311_20190327T125307_T24KTB,msp,thin_cloud,0,,,no_pixels_in_stratum,0.0,,0.0,,0.0,,0.0,
ROI_05860__20190327T125311_20190327T125307_T24KTB,msp,cloud_shadow,11021,0.1269394791761183,0.1453071700992304,,11021.0,1.0,9953.400000000001,0.903130387442156,8633.800000000003,0.7833953361763908,4575.0,0.41511659559023684
ROI_05860__20190327T125311_20190327T125307_T24KTB,entropy,boundary,15581,0.39638020666196006,0.5898246115206761,,15581.0,1.0,12185.400000000001,0.7820679032154548,8674.800000000003,0.5567550221423531,2217.0,0.14228868493678198
ROI_05860__20190327T125311_20190327T125307_T24KTB,entropy,nonboundary,34595,0.04390807920219685,0.22135408906288018,,34595.0,1.0,32973.0,0.9531146119381414,31466.0,0.9095534036710508,22871.0,0.661107096401214
ROI_05860__20190327T125311_20190327T125307_T24KTB,entropy,clear,24668,0.16847737960110265,0.3363099043537574,,24668.0,1.0,22119.0,0.8966677476893141,19935.800000000003,0.8081644235446733,12216.0,0.49521647478514674
ROI_05860__20190327T125311_20190327T125307_T24KTB,entropy,thick_cloud,14487,0.1477186443017878,0.2939176185740062,,14487.0,1.0,12969.0,0.8952164009111617,11509.0,0.7944363912473252,8319.0,0.5742389728722302
ROI_05860__20190327T125311_20190327T125307_T24KTB,entropy,thin_cloud,0,,,no_pixels_in_stratum,0.0,,0.0,,0.0,,0.0,
ROI_05860__20190327T125311_20190327T125307_T24KTB,entropy,cloud_shadow,11021,0.1269394791761183,0.3895948391574157,,11021.0,1.0,10070.400000000001,0.9137464839851195,8696.0,0.78903910715906,4553.0,0.41312040649668813
ROI_05860__20190327T125311_20190327T125307_T24KTB,negative_margin,boundary,15581,0.39638020666196006,-0.545078823215747,,15581.0,1.0,12121.400000000001,0.7779603363070408,8642.800000000003,0.554701238688146,2227.0,0.14293049226622168
ROI_05860__20190327T125311_20190327T125307_T24KTB,negative_margin,nonboundary,34595,0.04390807920219685,-0.8663927894175738,,34595.0,1.0,33037.0,0.954964590258708,31498.0,0.910478392831334,22861.0,0.6608180372886255
ROI_05860__20190327T125311_20190327T125307_T24KTB,negative_margin,clear,24668,0.16847737960110265,-0.7703968527036121,,24668.0,1.0,22233.0,0.9012891195070537,19956.0,0.8089832982000973,12126.0,0.4915680233500892
ROI_05860__20190327T125311_20190327T125307_T24KTB,negative_margin,thick_cloud,14487,0.1477186443017878,-0.7853409819464405,,14487.0,1.0,13043.0,0.9003244287982329,11584.0,0.7996134465382757,8359.0,0.5770000690274039
ROI_05860__20190327T125311_20190327T125307_T24KTB,negative_margin,thin_cloud,0,,,no_pixels_in_stratum,0.0,,0.0,,0.0,,0.0,
ROI_05860__20190327T125311_20190327T125307_T24KTB,negative_margin,cloud_shadow,11021,0.1269394791761183,-0.7335402709803766,,11021.0,1.0,9882.400000000001,0.896688140822067,8600.800000000003,0.7804010525360677,4603.0,0.41765719989111694
ROI_05860__20190327T125311_20190327T125307_T24KTB,gini_total,boundary,15581,0.39638020666196006,0.3434428351092736,,15581.0,1.0,12170.400000000001,0.7811051922212953,8647.800000000003,0.5550221423528658,2224.0,0.14273795006738976
ROI_05860__20190327T125311_20190327T125307_T24KTB,gini_total,nonboundary,34595,0.04390807920219685,0.11337907859016355,,34595.0,1.0,32988.0,0.9535482006070242,31493.0,0.9103338632750397,22864.0,0.6609047550224021
ROI_05860__20190327T125311_20190327T125307_T24KTB,gini_total,clear,24668,0.16847737960110265,0.1833235116785515,,24668.0,1.0,22154.4,0.8981028052537702,19958.0,0.8090643748986541,12188.0,0.4940814010053511
ROI_05860__20190327T125311_20190327T125307_T24KTB,gini_total,thick_cloud,14487,0.1477186443017878,0.1663302981741534,,14487.0,1.0,12982.0,0.8961137571615931,11535.800000000003,0.7962863256712917,8325.0,0.5746531372955063
ROI_05860__20190327T125311_20190327T125307_T24KTB,gini_total,thin_cloud,0,,,no_pixels_in_stratum,0.0,,0.0,,0.0,,0.0,
ROI_05860__20190327T125311_20190327T125307_T24KTB,gini_total,cloud_shadow,11021,0.1269394791761183,0.2124744235485738,,11021.0,1.0,10022.0,0.9093548679793122,8647.0,0.7845930496325197,4575.0,0.41511659559023684
ROI_05860__20191227T125309_20191227T125303_T24KTB,msp,boundary,5227,0.3816720872393342,0.24157883399345234,,5227.0,1.0,2264.0,0.43313564185957526,998.0,0.19093170078438876,257.0,0.049167782666921754
ROI_05860__20191227T125309_20191227T125303_T24KTB,msp,nonboundary,44949,0.00849852054550713,0.028358974506036624,,44949.0,1.0,42894.4,0.9542904180293221,39142.8,0.8708269371954883,24831.0,0.5524260828939465
ROI_05860__20191227T125309_20191227T125303_T24KTB,msp,clear,42555,0.016660791916343554,0.028335429593743876,,42555.0,1.0,40454.4,0.95063799788509,37756.8,0.8872470919985901,24211.0,0.5689343202913876
ROI_05860__20191227T125309_20191227T125303_T24KTB,msp,thick_cloud,5830,0.188336192109777,0.13967422043990926,,5830.0,1.0,4118.0,0.7063464837049743,2335.0,0.40051457975986277,877.0,0.15042881646655232
ROI_05860__20191227T125309_20191227T125303_T24KTB,msp,thin_cloud,0,,,no_pixels_in_stratum,0.0,,0.0,,0.0,,0.0,
ROI_05860__20191227T125309_20191227T125303_T24KTB,msp,cloud_shadow,1791,0.31825795644891125,0.2888471238577186,,1791.0,1.0,586.0,0.32719151312116135,49.0,0.027359017308766054,0.0,0.0
ROI_05860__20191227T125309_20191227T125303_T24KTB,entropy,boundary,5227,0.3816720872393342,0.5687423781002375,,5227.0,1.0,2262.4000000000015,0.43282953893246634,977.0,0.18691409986607996,269.0,0.051463554620241055
ROI_05860__20191227T125309_20191227T125303_T24KTB,entropy,nonboundary,44949,0.00849852054550713,0.09521516320317479,,44949.0,1.0,42896.0,0.954326013926895,39163.8,0.8712941333511314,24819.0,0.5521591136621504
ROI_05860__20191227T125309_20191227T125303_T24KTB,entropy,clear,42555,0.016660791916343554,0.08953920523229561,,42555.0,1.0,40577.0,0.9535189754435437,37829.8,0.8889625190929387,24184.0,0.5682998472564916
ROI_05860__20191227T125309_20191227T125303_T24KTB,entropy,thick_cloud,5830,0.188336192109777,0.37721831238430065,,5830.0,1.0,4034.4000000000015,0.6920068610634651,2269.0,0.38919382504288164,904.0,0.1550600343053173
ROI_05860__20191227T125309_20191227T125303_T24KTB,entropy,thin_cloud,0,,,no_pixels_in_stratum,0.0,,0.0,,0.0,,0.0,
ROI_05860__20191227T125309_20191227T125303_T24KTB,entropy,cloud_shadow,1791,0.31825795644891125,0.6940922061913078,,1791.0,1.0,547.0,0.30541596873255167,42.0,0.023450586264656615,0.0,0.0
ROI_05860__20191227T125309_20191227T125303_T24KTB,negative_margin,boundary,5227,0.3816720872393342,-0.5653421355497982,,5227.0,1.0,2283.0,0.43677061411899754,1015.0,0.19418404438492443,244.0,0.04668069638415917
ROI_05860__20191227T125309_20191227T125303_T24KTB,negative_margin,nonboundary,44949,0.00849852054550713,-0.949041302221704,,44949.0,1.0,42875.4,0.9538677167456451,39125.8,0.8704487307837773,24844.0,0.5527152995617255
ROI_05860__20191227T125309_20191227T125303_T24KTB,negative_margin,clear,42555,0.016660791916343554,-0.9482088207900253,,42555.0,1.0,40371.0,0.9486781811773,37693.8,0.8857666549171661,24250.0,0.569850781341793
ROI_05860__20191227T125309_20191227T125303_T24KTB,negative_margin,thick_cloud,5830,0.188336192109777,-0.7513917202109812,,5830.0,1.0,4164.0,0.7142367066895369,2388.0,0.40960548885077186,838.0,0.14373927958833618
ROI_05860__20191227T125309_20191227T125303_T24KTB,negative_margin,thin_cloud,0,,,no_pixels_in_stratum,0.0,,0.0,,0.0,,0.0,
ROI_05860__20191227T125309_20191227T125303_T24KTB,negative_margin,cloud_shadow,1791,0.31825795644891125,-0.4923845552945939,,1791.0,1.0,623.4000000000015,0.3480737018425469,59.0,0.03294249022892239,0.0,0.0
ROI_05860__20191227T125309_20191227T125303_T24KTB,gini_total,boundary,5227,0.3816720872393342,0.32983731454187104,,5227.0,1.0,2261.4000000000015,0.43263822460302304,998.8000000000029,0.19108475224794394,257.0,0.049167782666921754
ROI_05860__20191227T125309_20191227T125303_T24KTB,gini_total,nonboundary,44949,0.00849852054550713,0.04542293421786147,,44949.0,1.0,42897.0,0.954348261362878,39142.0,0.8708091392467018,24831.0,0.5524260828939465
ROI_05860__20191227T125309_20191227T125303_T24KTB,gini_total,clear,42555,0.016660791916343554,0.04369243992763891,,42555.0,1.0,40469.0,0.9509810833039596,37762.8,0.8873880860063448,24211.0,0.5689343202913876
ROI_05860__20191227T125309_20191227T125303_T24KTB,gini_total,thick_cloud,5830,0.188336192109777,0.20504638299467692,,5830.0,1.0,4112.4000000000015,0.7053859348198973,2329.0,0.3994854202401372,877.0,0.15042881646655232
ROI_05860__20191227T125309_20191227T125303_T24KTB,gini_total,thin_cloud,0,,,no_pixels_in_stratum,0.0,,0.0,,0.0,,0.0,
ROI_05860__20191227T125309_20191227T125303_T24KTB,gini_total,cloud_shadow,1791,0.31825795644891125,0.39699772154627294,,1791.0,1.0,577.0,0.3221663874930207,49.0,0.027359017308766054,0.0,0.0
ROI_05940__20191115T143731_20191115T144536_T19HCV,msp,boundary,5431,0.4144724728410974,0.20605030090653903,,5431.0,1.0,3569.0,0.6571533787516112,2514.0,0.4628981771312834,634.0,0.11673724912539127
ROI_05940__20191115T143731_20191115T144536_T19HCV,msp,nonboundary,44745,0.04639624539054643,0.07111810853340357,,44745.0,1.0,41589.4,0.9294759190971058,37626.8,0.8409163034975976,24454.0,0.5465191641524193
ROI_05940__20191115T143731_20191115T144536_T19HCV,msp,clear,40888,0.02316082958325181,0.06727467740810657,,40888.0,1.0,38408.4,0.9393562903541381,34943.8,0.8546223830952847,22465.0,0.5494277049501076
ROI_05940__20191115T143731_20191115T144536_T19HCV,msp,thick_cloud,6215,0.37329042638777155,0.1585346508150799,,6215.0,1.0,4579.0,0.7367658889782783,3602.0,0.5795655671761867,2157.0,0.34706355591311344
ROI_05940__20191115T143731_20191115T144536_T19HCV,msp,thin_cloud,479,1.0,0.1830917718763889,,479.0,1.0,342.0,0.7139874739039666,270.0,0.5636743215031316,19.0,0.03966597077244259
ROI_05940__20191115T143731_20191115T144536_T19HCV,msp,cloud_shadow,2594,0.22397841171935234,0.18408563112697882,,2594.0,1.0,1829.0,0.70508866615266,1325.0,0.5107941403238242,447.0,0.1723207401696222
ROI_05940__20191115T143731_20191115T144536_T19HCV,entropy,boundary,5431,0.4144724728410974,0.5094123556792651,,5431.0,1.0,3675.0,0.6766709629902412,2621.0,0.48259988952310806,636.0,0.11710550543178051
ROI_05940__20191115T143731_20191115T144536_T19HCV,entropy,nonboundary,44745,0.04639624539054643,0.22356131311709426,,44745.0,1.0,41483.4,0.9271069393228294,37519.8,0.8385249748575261,24452.0,0.5464744664208292
ROI_05940__20191115T143731_20191115T144536_T19HCV,entropy,clear,40888,0.02316082958325181,0.21711336728442604,,40888.0,1.0,38327.4,0.9373752690275876,34833.8,0.8519321072197222,22462.0,0.549354333789865
ROI_05940__20191115T143731_20191115T144536_T19HCV,entropy,thick_cloud,6215,0.37329042638777155,0.40217738508192563,,6215.0,1.0,4463.0,0.7181013676588898,3597.0,0.5787610619469027,2149.0,0.3457763475462591
ROI_05940__20191115T143731_20191115T144536_T19HCV,entropy,thin_cloud,479,1.0,0.5041105756414795,,479.0,1.0,337.0,0.7035490605427975,260.0,0.5427974947807933,17.0,0.03549060542797495
ROI_05940__20191115T143731_20191115T144536_T19HCV,entropy,cloud_shadow,2594,0.22397841171935234,0.44392316251982267,,2594.0,1.0,2031.0,0.7829606784888203,1450.0,0.558982266769468,460.0,0.17733230531996916
ROI_05940__20191115T143731_20191115T144536_T19HCV,negative_margin,boundary,5431,0.4144724728410974,-0.622732040365066,,5431.0,1.0,3593.0,0.661572454428282,2471.0,0.45498066654391456,656.0,0.12078806849567299
ROI_05940__20191115T143731_20191115T144536_T19HCV,negative_margin,nonboundary,44745,0.04639624539054643,-0.8725677397872991,,44745.0,1.0,41565.4,0.9289395463180244,37669.8,0.8418773047267852,24432.0,0.5460274891049279
ROI_05940__20191115T143731_20191115T144536_T19HCV,negative_margin,clear,40888,0.02316082958325181,-0.8796284163062926,,40888.0,1.0,38396.4,0.9390628057131677,34972.8,0.8553316376442966,22448.0,0.5490119350420661
ROI_05940__20191115T143731_20191115T144536_T19HCV,negative_margin,thick_cloud,6215,0.37329042638777155,-0.7157458746224177,,6215.0,1.0,4621.0,0.7435237329042639,3617.0,0.5819790828640387,2169.0,0.348994368463395
ROI_05940__20191115T143731_20191115T144536_T19HCV,negative_margin,thin_cloud,479,1.0,-0.6795047109592744,,479.0,1.0,352.0,0.7348643006263048,268.0,0.5594989561586639,39.0,0.081419624217119
ROI_05940__20191115T143731_20191115T144536_T19HCV,negative_margin,cloud_shadow,2594,0.22397841171935234,-0.6495802524078095,,2594.0,1.0,1789.0,0.689668465690054,1283.0,0.4946029298380879,432.0,0.16653816499614496
ROI_05940__20191115T143731_20191115T144536_T19HCV,gini_total,boundary,5431,0.4144724728410974,0.29066297912910877,,5431.0,1.0,3589.0,0.6608359418155035,2525.0,0.4649235868164242,634.0,0.11673724912539127
ROI_05940__20191115T143731_20191115T144536_T19HCV,gini_total,nonboundary,44745,0.04639624539054643,0.11240718955737093,,44745.0,1.0,41569.4,0.9290289417812047,37615.8,0.8406704659738519,24454.0,0.5465191641524193
ROI_05940__20191115T143731_20191115T144536_T19HCV,gini_total,clear,40888,0.02316082958325181,0.10779753218832835,,40888.0,1.0,38394.0,0.9390041087849735,34926.8,0.8542066131872432,22465.0,0.5494277049501076
ROI_05940__20191115T143731_20191115T144536_T19HCV,gini_total,thick_cloud,6215,0.37329042638777155,0.22435749060974078,,6215.0,1.0,4559.0,0.7335478680611424,3599.0,0.5790828640386162,2157.0,0.34706355591311344
ROI_05940__20191115T143731_20191115T144536_T19HCV,gini_total,thin_cloud,479,1.0,0.2701796421987623,,479.0,1.0,342.0,0.7139874739039666,269.0,0.5615866388308977,19.0,0.03966597077244259
ROI_05940__20191115T143731_20191115T144536_T19HCV,gini_total,cloud_shadow,2594,0.22397841171935234,0.260920195653676,,2594.0,1.0,1863.4000000000015,0.7183500385505017,1346.0,0.5188897455666923,447.0,0.1723207401696222
ROI_06118__20190316T132231_20190316T132230_T23MMQ,msp,boundary,6521,0.3944180340438583,0.30405677807713155,,6521.0,1.0,4064.0,0.6232172979604356,2094.0,0.32111639319122837,783.0,0.12007360834227879
ROI_06118__20190316T132231_20190316T132230_T23MMQ,msp,nonboundary,43655,0.034085442675524,0.07634929100026135,,43655.0,1.0,41094.4,0.9413446340625359,38046.8,0.8715336158515634,24305.0,0.5567518039170771
ROI_06118__20190316T132231_20190316T132230_T23MMQ,msp,clear,447,0.0,5.002483158836962e-05,,447.0,1.0,447.0,1.0,447.0,1.0,446.0,0.9977628635346756
ROI_06118__20190316T132231_20190316T132230_T23MMQ,msp,thick_cloud,46278,0.050218246250918364,0.08720666671269106,,46278.0,1.0,42914.4,0.9273175158822767,39151.8,0.8460132244262933,24642.0,0.5324776351614158
ROI_06118__20190316T132231_20190316T132230_T23MMQ,msp,thin_cloud,1129,1.0,0.4051996694400946,,1129.0,1.0,481.0,0.42604074402125774,180.0,0.15943312666076173,0.0,0.0
ROI_06118__20190316T132231_20190316T132230_T23MMQ,msp,cloud_shadow,2322,0.2614125753660637,0.35423757038323866,,2322.0,1.0,1316.0,0.5667527993109388,362.0,0.15590008613264428,0.0,0.0
ROI_06118__20190316T132231_20190316T132230_T23MMQ,entropy,boundary,6521,0.3944180340438583,0.7410304667941907,,6521.0,1.0,3756.0,0.5759852783315442,2059.800000000003,0.3158717988038649,784.0,0.12022695905535961
ROI_06118__20190316T132231_20190316T132230_T23MMQ,entropy,nonboundary,43655,0.034085442675524,0.23127097806819744,,43655.0,1.0,41402.4,0.948399954186233,38081.0,0.872317031267896,24304.0,0.5567288970335585
ROI_06118__20190316T132231_20190316T132230_T23MMQ,entropy,clear,447,0.0,0.00029811996468381396,,447.0,1.0,447.0,1.0,447.0,1.0,446.0,0.9977628635346756
ROI_06118__20190316T132231_20190316T132230_T23MMQ,entropy,thick_cloud,46278,0.050218246250918364,0.25488015705976885,,46278.0,1.0,43238.4,0.9343186827434202,39196.8,0.8469856087125632,24642.0,0.5324776351614158
ROI_06118__20190316T132231_20190316T132230_T23MMQ,entropy,thin_cloud,1129,1.0,1.0058638566456752,,1129.0,1.0,283.0,0.25066430469441986,141.0,0.12488928255093003,0.0,0.0
ROI_06118__20190316T132231_20190316T132230_T23MMQ,entropy,cloud_shadow,2322,0.2614125753660637,0.8601622563922955,,2322.0,1.0,1190.0,0.512489233419466,356.0,0.1533161068044789,0.0,0.0
ROI_06118__20190316T132231_20190316T132230_T23MMQ,negative_margin,boundary,6521,0.3944180340438583,-0.4872075876970601,,6521.0,1.0,4156.0,0.6373255635638706,2149.0,0.3295506824106732,784.0,0.12022695905535961
ROI_06118__20190316T132231_20190316T132230_T23MMQ,negative_margin,nonboundary,43655,0.034085442675524,-0.8677434634545589,,43655.0,1.0,41002.4,0.9392372007788341,37991.8,0.8702737372580461,24304.0,0.5567288970335585
ROI_06118__20190316T132231_20190316T132230_T23MMQ,negative_margin,clear,447,0.0,-0.9999280248558375,,447.0,1.0,447.0,1.0,447.0,1.0,446.0,0.9977628635346756
ROI_06118__20190316T132231_20190316T132230_T23MMQ,negative_margin,thick_cloud,46278,0.050218246250918364,-0.8486111691071101,,46278.0,1.0,42721.0,0.9231384243052855,39084.8,0.8445654522667358,24641.0,0.5324560266217209
ROI_06118__20190316T132231_20190316T132230_T23MMQ,negative_margin,thin_cloud,1129,1.0,-0.38182400729081556,,1129.0,1.0,584.4000000000015,0.5176262178919411,229.0,0.20283436669619131,1.0,0.0008857395925597874
ROI_06118__20190316T132231_20190316T132230_T23MMQ,negative_margin,cloud_shadow,2322,0.2614125753660637,-0.3911915422913768,,2322.0,1.0,1406.0,0.6055124892334195,380.0,0.1636520241171404,0.0,0.0
ROI_06118__20190316T132231_20190316T132230_T23MMQ,gini_total,boundary,6521,0.3944180340438583,0.40975281902686567,,6521.0,1.0,3901.0,0.5982211317282625,2079.0,0.3188161324950161,783.0,0.12007360834227879
ROI_06118__20190316T132231_20190316T132230_T23MMQ,gini_total,nonboundary,43655,0.034085442675524,0.11543659139484318,,43655.0,1.0,41257.4,0.9450784560760509,38061.8,0.8718772191043409,24305.0,0.5567518039170771
ROI_06118__20190316T132231_20190316T132230_T23MMQ,gini_total,clear,447,0.0,9.858081129091561e-05,,447.0,1.0,447.0,1.0,447.0,1.0,446.0,0.9977628635346756
ROI_06118__20190316T132231_20190316T132230_T23MMQ,gini_total,thick_cloud,46278,0.050218246250918364,0.12928945085574572,,46278.0,1.0,43091.4,0.9311422274082718,39162.8,0.8462509183629371,24642.0,0.5324776351614158
ROI_06118__20190316T132231_20190316T132230_T23MMQ,gini_total,thin_cloud,1129,1.0,0.5391586856258773,,1129.0,1.0,375.0,0.33215234720992026,173.0,0.15323294951284322,0.0,0.0
ROI_06118__20190316T132231_20190316T132230_T23MMQ,gini_total,cloud_shadow,2322,0.2614125753660637,0.48207196460792734,,2322.0,1.0,1245.0,0.5361757105943152,358.0,0.15417743324720068,0.0,0.0
ROI_09251__20190818T084601_20190818T085006_T37VEG,msp,boundary,11849,0.4965819900413537,0.2511414749726574,,11849.0,1.0,9856.0,0.8318001519115538,8184.0,0.6906911975694151,3687.0,0.3111654991982446
ROI_09251__20190818T084601_20190818T085006_T37VEG,msp,nonboundary,38327,0.2795679286142928,0.16616829853643597,,38327.0,1.0,35302.4,0.9210843530670285,31956.800000000003,0.833793409345892,21401.0,0.5583792104782529
ROI_09251__20190818T084601_20190818T085006_T37VEG,msp,clear,5352,0.01905829596412556,0.07429618009203218,,5352.0,1.0,5266.0,0.9839312406576981,5133.0,0.9590807174887892,4482.0,0.8374439461883408
ROI_09251__20190818T084601_20190818T085006_T37VEG,msp,thick_cloud,8056,0.2814051638530288,0.19128443864881697,,8056.0,1.0,7250.0,0.8999503475670307,6319.800000000003,0.7844836146971205,3935.0,0.4884558093346574
ROI_09251__20190818T084601_20190818T085006_T37VEG,msp,thin_cloud,30063,0.3688919934803579,0.1935652527511189,,30063.0,1.0,27040.4,0.8994578052755879,23931.0,0.7960283404849815,14284.0,0.475135548681103
ROI_09251__20190818T084601_20190818T085006_T37VEG,msp,cloud_shadow,6705,0.46830723340790453,0.23664950453283892,,6705.0,1.0,5602.0,0.8354958985831469,4757.0,0.7094705443698732,2387.0,0.3560029828486204
ROI_09251__20190818T084601_20190818T085006_T37VEG,entropy,boundary,11849,0.4965819900413537,0.6387183829595161,,11849.0,1.0,9535.0,0.804709258165246,7682.0,0.6483247531437252,3587.0,0.30272596843615496
ROI_09251__20190818T084601_20190818T085006_T37VEG,entropy,nonboundary,38327,0.2795679286142928,0.45319982551558147,,38327.0,1.0,35623.4,0.9294596498551935,32458.800000000003,0.8468912255068229,21501.0,0.560988337203538
ROI_09251__20190818T084601_20190818T085006_T37VEG,entropy,clear,5352,0.01905829596412556,0.2420846410798504,,5352.0,1.0,5333.0,0.9964499252615845,5246.0,0.9801943198804185,4464.0,0.8340807174887892
ROI_09251__20190818T084601_20190818T085006_T37VEG,entropy,thick_cloud,8056,0.2814051638530288,0.5224125446014524,,8056.0,1.0,7172.4000000000015,0.8903177755710031,5967.0,0.7406901688182721,3598.0,0.44662363455809334
ROI_09251__20190818T084601_20190818T085006_T37VEG,entropy,thin_cloud,30063,0.3688919934803579,0.5128762347398329,,30063.0,1.0,27136.0,0.9026377939660047,24480.800000000003,0.8143166018028807,14557.0,0.48421647872800455
ROI_09251__20190818T084601_20190818T085006_T37VEG,entropy,cloud_shadow,6705,0.46830723340790453,0.598832681412489,,6705.0,1.0,5517.0,0.8228187919463087,4447.0,0.6632363907531693,2469.0,0.36823266219239376
ROI_09251__20190818T084601_20190818T085006_T37VEG,negative_margin,boundary,11849,0.4965819900413537,-0.5658665668469347,,11849.0,1.0,9988.400000000001,0.8429740906405605,8346.0,0.7043632374040003,3762.0,0.3174951472698118
ROI_09251__20190818T084601_20190818T085006_T37VEG,negative_margin,nonboundary,38327,0.2795679286142928,-0.702199750945202,,38327.0,1.0,35170.0,0.917629869282751,31794.800000000003,0.8295666240509302,21326.0,0.5564223654342891
ROI_09251__20190818T084601_20190818T085006_T37VEG,negative_margin,clear,5352,0.01905829596412556,-0.8644206735395266,,5352.0,1.0,5231.0,0.9773916292974589,5103.0,0.95347533632287,4485.0,0.8380044843049327
ROI_09251__20190818T084601_20190818T085006_T37VEG,negative_margin,thick_cloud,8056,0.2814051638530288,-0.6685284500679641,,8056.0,1.0,7271.0,0.9025571002979146,6353.0,0.788604766633565,4131.0,0.512785501489573
ROI_09251__20190818T084601_20190818T085006_T37VEG,negative_margin,thin_cloud,30063,0.3688919934803579,-0.6544122174362267,,30063.0,1.0,26934.4,0.8959318763929083,23865.800000000003,0.7938595615873334,14122.0,0.4697468649170076
ROI_09251__20190818T084601_20190818T085006_T37VEG,negative_margin,cloud_shadow,6705,0.46830723340790453,-0.5865061407501474,,6705.0,1.0,5722.0,0.853392990305742,4819.0,0.718717375093214,2350.0,0.3504847129008203
ROI_09251__20190818T084601_20190818T085006_T37VEG,gini_total,boundary,11849,0.4965819900413537,0.35264962095964725,,11849.0,1.0,9629.0,0.8126424170816102,8008.800000000003,0.6759051396742344,3676.0,0.3102371508144147
ROI_09251__20190818T084601_20190818T085006_T37VEG,gini_total,nonboundary,38327,0.2795679286142928,0.24503995172776744,,38327.0,1.0,35529.4,0.9270070707334256,32132.0,0.8383645993685913,21412.0,0.5586662144180343
ROI_09251__20190818T084601_20190818T085006_T37VEG,gini_total,clear,5352,0.01905829596412556,0.12037014494922434,,5352.0,1.0,5331.0,0.9960762331838565,5162.0,0.9644992526158446,4485.0,0.8380044843049327
ROI_09251__20190818T084601_20190818T085006_T37VEG,gini_total,thick_cloud,8056,0.2814051638530288,0.2782986206650048,,8056.0,1.0,7117.0,0.8834409136047666,6295.0,0.7814051638530288,3889.0,0.48274577954319764
ROI_09251__20190818T084601_20190818T085006_T37VEG,gini_total,thin_cloud,30063,0.3688919934803579,0.2811313325227141,,30063.0,1.0,27189.0,0.9044007584073446,24020.800000000003,0.7990154009912518,14319.0,0.47629977048198785
ROI_09251__20190818T084601_20190818T085006_T37VEG,gini_total,cloud_shadow,6705,0.46830723340790453,0.33293745490605825,,6705.0,1.0,5521.4000000000015,0.8234750186428041,4663.0,0.6954511558538404,2395.0,0.35719612229679343
ROI_11216__20181222T073319_20181222T074542_T37NHJ,msp,boundary,0,,,no_pixels_in_stratum,0.0,,0.0,,0.0,,0.0,
ROI_11216__20181222T073319_20181222T074542_T37NHJ,msp,nonboundary,50176,0.0,0.0014758853144392523,,50176.0,1.0,45158.4,0.9,40140.8,0.8,25088.0,0.5
ROI_11216__20181222T073319_20181222T074542_T37NHJ,msp,clear,50176,0.0,0.0014758853144392523,,50176.0,1.0,45158.4,0.9,40140.8,0.8,25088.0,0.5
ROI_11216__20181222T073319_20181222T074542_T37NHJ,msp,thick_cloud,0,,,no_pixels_in_stratum,0.0,,0.0,,0.0,,0.0,
ROI_11216__20181222T073319_20181222T074542_T37NHJ,msp,thin_cloud,0,,,no_pixels_in_stratum,0.0,,0.0,,0.0,,0.0,
ROI_11216__20181222T073319_20181222T074542_T37NHJ,msp,cloud_shadow,0,,,no_pixels_in_stratum,0.0,,0.0,,0.0,,0.0,
ROI_11216__20181222T073319_20181222T074542_T37NHJ,entropy,boundary,0,,,no_pixels_in_stratum,0.0,,0.0,,0.0,,0.0,
ROI_11216__20181222T073319_20181222T074542_T37NHJ,entropy,nonboundary,50176,0.0,0.012008099040752531,,50176.0,1.0,45158.4,0.9,40140.8,0.8,25088.0,0.5
ROI_11216__20181222T073319_20181222T074542_T37NHJ,entropy,clear,50176,0.0,0.012008099040752531,,50176.0,1.0,45158.4,0.9,40140.8,0.8,25088.0,0.5
ROI_11216__20181222T073319_20181222T074542_T37NHJ,entropy,thick_cloud,0,,,no_pixels_in_stratum,0.0,,0.0,,0.0,,0.0,
ROI_11216__20181222T073319_20181222T074542_T37NHJ,entropy,thin_cloud,0,,,no_pixels_in_stratum,0.0,,0.0,,0.0,,0.0,
ROI_11216__20181222T073319_20181222T074542_T37NHJ,entropy,cloud_shadow,0,,,no_pixels_in_stratum,0.0,,0.0,,0.0,,0.0,
ROI_11216__20181222T073319_20181222T074542_T37NHJ,negative_margin,boundary,0,,,no_pixels_in_stratum,0.0,,0.0,,0.0,,0.0,
ROI_11216__20181222T073319_20181222T074542_T37NHJ,negative_margin,nonboundary,50176,0.0,-0.9976100815383583,,50176.0,1.0,45158.4,0.9,40140.8,0.8,25088.0,0.5
ROI_11216__20181222T073319_20181222T074542_T37NHJ,negative_margin,clear,50176,0.0,-0.9976100815383583,,50176.0,1.0,45158.4,0.9,40140.8,0.8,25088.0,0.5
ROI_11216__20181222T073319_20181222T074542_T37NHJ,negative_margin,thick_cloud,0,,,no_pixels_in_stratum,0.0,,0.0,,0.0,,0.0,
ROI_11216__20181222T073319_20181222T074542_T37NHJ,negative_margin,thin_cloud,0,,,no_pixels_in_stratum,0.0,,0.0,,0.0,,0.0,
ROI_11216__20181222T073319_20181222T074542_T37NHJ,negative_margin,cloud_shadow,0,,,no_pixels_in_stratum,0.0,,0.0,,0.0,,0.0,
ROI_11216__20181222T073319_20181222T074542_T37NHJ,gini_total,boundary,0,,,no_pixels_in_stratum,0.0,,0.0,,0.0,,0.0,
ROI_11216__20181222T073319_20181222T074542_T37NHJ,gini_total,nonboundary,50176,0.0,0.002947198089830338,,50176.0,1.0,45158.4,0.9,40140.8,0.8,25088.0,0.5
ROI_11216__20181222T073319_20181222T074542_T37NHJ,gini_total,clear,50176,0.0,0.002947198089830338,,50176.0,1.0,45158.4,0.9,40140.8,0.8,25088.0,0.5
ROI_11216__20181222T073319_20181222T074542_T37NHJ,gini_total,thick_cloud,0,,,no_pixels_in_stratum,0.0,,0.0,,0.0,,0.0,
ROI_11216__20181222T073319_20181222T074542_T37NHJ,gini_total,thin_cloud,0,,,no_pixels_in_stratum,0.0,,0.0,,0.0,,0.0,
ROI_11216__20181222T073319_20181222T074542_T37NHJ,gini_total,cloud_shadow,0,,,no_pixels_in_stratum,0.0,,0.0,,0.0,,0.0,
ROI_11924__20190303T074821_20190303T081357_T35JQN,msp,boundary,1835,0.41907356948228885,0.18629854276004865,,1835.0,1.0,303.0,0.1651226158038147,133.0,0.07247956403269755,38.0,0.020708446866485014
ROI_11924__20190303T074821_20190303T081357_T35JQN,msp,nonboundary,48341,0.008915827144659813,0.01433436975589899,,48341.0,1.0,44855.4,0.927895575184626,40007.8,0.8276163091371714,25050.0,0.5181936658323163
ROI_11924__20190303T074821_20190303T081357_T35JQN,msp,clear,48297,0.0033128351657452843,0.010488826077673099,,48297.0,1.0,45050.4,0.932778433443071,40106.8,0.8304201089094562,25080.0,0.5192869122305733
ROI_11924__20190303T074821_20190303T081357_T35JQN,msp,thick_cloud,526,0.41825095057034223,0.34472448347639223,,526.0,1.0,22.0,0.04182509505703422,0.0,0.0,0.0,0.0
ROI_11924__20190303T074821_20190303T081357_T35JQN,msp,thin_cloud,0,,,no_pixels_in_stratum,0.0,,0.0,,0.0,,0.0,
ROI_11924__20190303T074821_20190303T081357_T35JQN,msp,cloud_shadow,1353,0.6060606060606061,0.2563870531800757,,1353.0,1.0,86.0,0.06356245380635625,34.0,0.025129342202512936,8.0,0.005912786400591279
ROI_11924__20190303T074821_20190303T081357_T35JQN,entropy,boundary,1835,0.41907356948228885,0.435342429721306,,1835.0,1.0,317.0,0.17275204359673024,142.0,0.07738419618528611,39.0,0.02125340599455041
ROI_11924__20190303T074821_20190303T081357_T35JQN,entropy,nonboundary,48341,0.008915827144659813,0.05210015160140788,,48341.0,1.0,44841.4,0.9276059659502286,39998.8,0.8274301317722017,25049.0,0.5181729794584308
ROI_11924__20190303T074821_20190303T081357_T35JQN,entropy,clear,48297,0.0033128351657452843,0.04597448235858496,,48297.0,1.0,45045.4,0.9326749073441415,40103.8,0.8303579932500984,25080.0,0.5192869122305733
ROI_11924__20190303T074821_20190303T081357_T35JQN,entropy,thick_cloud,526,0.41825095057034223,0.6468514924304013,,526.0,1.0,20.0,0.03802281368821293,0.0,0.0,0.0,0.0
ROI_11924__20190303T074821_20190303T081357_T35JQN,entropy,thin_cloud,0,,,no_pixels_in_stratum,0.0,,0.0,,0.0,,0.0,
ROI_11924__20190303T074821_20190303T081357_T35JQN,entropy,cloud_shadow,1353,0.6060606060606061,0.5593150980127758,,1353.0,1.0,93.0,0.06873614190687362,37.0,0.027346637102734665,8.0,0.005912786400591279
ROI_11924__20190303T074821_20190303T081357_T35JQN,negative_margin,boundary,1835,0.41907356948228885,-0.6497629245717937,,1835.0,1.0,287.0,0.1564032697547684,116.0,0.06321525885558583,37.0,0.020163487738419618
ROI_11924__20190303T074821_20190303T081357_T35JQN,negative_margin,nonboundary,48341,0.008915827144659813,-0.9739144196972626,,48341.0,1.0,44871.4,0.9282265571667943,40024.8,0.8279679774932253,25051.0,0.5182143522062018
ROI_11924__20190303T074821_20190303T081357_T35JQN,negative_margin,clear,48297,0.0033128351657452843,-0.981588412005989,,48297.0,1.0,45062.4,0.9330268960805019,40112.8,0.8305443402281716,25082.0,0.5193283226701452
ROI_11924__20190303T074821_20190303T081357_T35JQN,negative_margin,thick_cloud,526,0.41825095057034223,-0.32635626871893075,,526.0,1.0,23.0,0.043726235741444866,0.0,0.0,0.0,0.0
ROI_11924__20190303T074821_20190303T081357_T35JQN,negative_margin,thin_cloud,0,,,no_pixels_in_stratum,0.0,,0.0,,0.0,,0.0,
ROI_11924__20190303T074821_20190303T081357_T35JQN,negative_margin,cloud_shadow,1353,0.6060606060606061,-0.512101254379308,,1353.0,1.0,73.0,0.05395417590539542,28.0,0.020694752402069475,6.0,0.004434589800443459
ROI_11924__20190303T074821_20190303T081357_T35JQN,gini_total,boundary,1835,0.41907356948228885,0.2551270363744149,,1835.0,1.0,303.0,0.1651226158038147,134.0,0.07302452316076294,38.0,0.020708446866485014
ROI_11924__20190303T074821_20190303T081357_T35JQN,gini_total,nonboundary,48341,0.008915827144659813,0.02248286619727193,,48341.0,1.0,44855.4,0.927895575184626,40006.8,0.8275956227632859,25050.0,0.5181936658323163
ROI_11924__20190303T074821_20190303T081357_T35JQN,gini_total,clear,48297,0.0033128351657452843,0.017955631426938592,,48297.0,1.0,45050.4,0.932778433443071,40106.8,0.8304201089094562,25080.0,0.5192869122305733
ROI_11924__20190303T074821_20190303T081357_T35JQN,gini_total,thick_cloud,526,0.41825095057034223,0.41939492049671145,,526.0,1.0,22.0,0.04182509505703422,0.0,0.0,0.0,0.0
ROI_11924__20190303T074821_20190303T081357_T35JQN,gini_total,thin_cloud,0,,,no_pixels_in_stratum,0.0,,0.0,,0.0,,0.0,
ROI_11924__20190303T074821_20190303T081357_T35JQN,gini_total,cloud_shadow,1353,0.6060606060606061,0.3453048687222842,,1353.0,1.0,86.0,0.06356245380635625,34.0,0.025129342202512936,8.0,0.005912786400591279
