sample_id,class_index,class_name,support,iou,recall,union,na_reason
sample_4152,0,background,40045,0.7629463374821465,0.9337495317767511,49010,
sample_4152,1,building,10131,0.09120775969962452,0.11509229098805646,12784,
sample_4153,0,background,49641,0.9863871006318139,0.9969581595858262,50173,
sample_4153,1,building,535,0.004373177842565598,0.005607476635514018,686,
sample_4154,0,background,46922,0.9283559427007372,0.9903030561357146,50053,
sample_4154,1,building,3254,0.03316257751415476,0.03779963122311002,3709,
sample_4155,0,background,41969,0.8219214275552303,0.9635921751769163,49203,
sample_4155,1,building,8207,0.09994863893168977,0.11855732910929694,9735,
sample_4156,0,background,48112,0.9559081486206347,0.9967575656800798,50168,
sample_4156,1,building,2064,0.0036036036036036037,0.003875968992248062,2220,
sample_4157,0,background,38070,0.7181466382467976,0.9115576569477278,48323,
sample_4157,1,building,12106,0.1197569960576488,0.1530645960680654,15473,
sample_4158,0,background,49876,0.989749112520442,0.995027668618173,50142,
sample_4158,1,building,300,0.06204379562043796,0.11333333333333333,548,
sample_4159,0,background,49983,0.9957948022959183,0.9996398775583698,50176,
sample_4159,1,building,193,0.0,0.0,211,
sample_4160,0,background,42895,0.8423364692195053,0.9789719081478028,49853,
sample_4160,1,building,7281,0.03947207625565196,0.04436203818156847,8183,
sample_4161,0,background,49745,0.9895677497855704,0.9972861594130064,50133,
sample_4161,1,building,431,0.07597173144876325,0.09976798143851508,566,
sample_4162,0,background,47219,0.9360022554271216,0.9843495203202101,49658,
sample_4162,1,building,2957,0.14015151515151514,0.17517754480892797,3696,
sample_4163,0,background,44381,0.9028895660397184,0.9680719226696108,47585,
sample_4163,1,building,5795,0.35926234054353856,0.4471095772217429,7212,
sample_4164,0,background,49223,0.9792177745866492,0.9974402210348821,50139,
sample_4164,1,building,953,0.03429101019462465,0.03882476390346275,1079,
sample_4165,0,background,42905,0.8275086858777846,0.9437128539797226,48930,
sample_4165,1,building,7271,0.12863927317778237,0.17136569935359647,9686,
sample_4166,0,background,45961,0.8960201511335013,0.9674506646939797,49625,
sample_4166,1,building,4215,0.09648047627385747,0.13072360616844603,5711,
sample_4167,0,background,49965,0.9956752232142857,0.9998799159411588,50176,
sample_4167,1,building,211,0.0,0.0,217,
sample_4168,0,background,43376,0.8580699435164043,0.9876429361859093,49926,
sample_4168,1,building,6800,0.03407851690294438,0.03676470588235294,7336,
sample_4169,0,background,47844,0.9455810883782324,0.9882116879859544,50001,
sample_4169,1,building,2332,0.06042817679558011,0.07504288164665524,2896,
sample_4170,0,background,42888,0.8260612124058231,0.9433407946278679,48977,
sample_4170,1,building,7288,0.1233792961514715,0.16451701427003293,9718,
sample_4171,0,background,50176,0.9574697066326531,0.9574697066326531,50176,
sample_4171,1,building,0,0.0,,2134,no_true_class_for_recall
sample_4172,0,background,50169,0.9990035076530612,0.9991428970081125,50176,
sample_4172,1,building,7,0.0,0.0,50,
sample_4173,0,background,42568,0.824673363799247,0.9623191129486939,49673,
sample_4173,1,building,7608,0.05460269214068606,0.06611461619348055,9212,
sample_4174,0,background,48032,0.9494210115797684,0.9883411059293804,50001,
sample_4174,1,building,2144,0.0647189349112426,0.08162313432835822,2704,
sample_4175,0,background,45961,0.9046375705477113,0.9799830290898806,49789,
sample_4175,1,building,4215,0.075365141187926,0.09181494661921709,5135,
sample_4176,0,background,49698,0.9885497705964492,0.9971427421626625,50130,
sample_4176,1,building,478,0.07419354838709677,0.09623430962343096,620,
sample_4177,0,background,49309,0.9816844706632653,0.9989454257843395,50176,
sample_4177,1,building,867,0.0,0.0,919,
sample_4178,0,background,43482,0.8376184032476319,0.9537969734602825,49513,
sample_4178,1,building,6694,0.07618062736987245,0.09904391992829399,8703,
sample_4179,0,background,46986,0.9273254650930186,0.9866130336696037,49990,
sample_4179,1,building,3190,0.04870384917517675,0.058307210031347964,3819,
sample_4180,0,background,44381,0.8999391663694909,0.9666523962957121,47671,
sample_4180,1,building,5795,0.3443298969072165,0.43226919758412424,7275,
sample_4181,0,background,42946,0.8305548745607584,0.9466306524472593,48948,
sample_4181,1,building,7230,0.12896450325561856,0.1698478561549101,9522,
sample_4182,0,background,38243,0.7200907122977013,0.9133174698637659,48505,
sample_4182,1,building,11933,0.1095881427072403,0.1400318444649292,15248,
sample_4183,0,background,45967,0.8962188254223652,0.9693910849087389,49720,
sample_4183,1,building,4209,0.0811965811965812,0.1083392729864576,5616,
sample_4184,0,background,50173,0.9994021045918368,0.9994618619576267,50176,
sample_4184,1,building,3,0.0,0.0,30,
sample_4185,0,background,50175,0.9994818239795918,0.9995017438963627,50176,
sample_4185,1,building,1,0.0,0.0,26,
sample_4186,0,background,47064,0.9192706771426857,0.9769887812340643,50019,
sample_4186,1,building,3112,0.03742550655542312,0.05044987146529563,4195,
sample_4187,0,background,44731,0.8797336745711201,0.9836355100489593,50014,
sample_4187,1,building,5445,0.026226323457989316,0.02975206611570248,6177,
sample_4188,0,background,50176,0.9846340880102041,0.9846340880102041,50176,
sample_4188,1,building,0,0.0,,771,no_true_class_for_recall
sample_4189,0,background,46551,0.924997483137018,0.9868746106420915,49665,
sample_4189,1,building,3625,0.12063267233238904,0.14096551724137932,4236,
sample_4190,0,background,43366,0.8502135509614807,0.9777475441590185,49871,
sample_4190,1,building,6810,0.03922829581993569,0.044787077826725405,7775,
sample_4191,0,background,50176,0.9996014030612245,0.9996014030612245,50176,
sample_4191,1,building,0,0.0,,20,no_true_class_for_recall
sample_4192,0,background,47947,0.9520247356872132,0.9953698875842075,50130,
sample_4192,1,building,2229,0.018767849857201143,0.02063705697622252,2451,
sample_4193,0,background,43951,0.8536900034269357,0.9635503173989215,49607,
sample_4193,1,building,6225,0.0726970742302287,0.09140562248995984,7827,
sample_4194,0,background,49847,0.9877409452428888,0.9940818905851907,50167,
sample_4194,1,building,329,0.014423076923076924,0.02735562310030395,624,
sample_4195,0,background,43366,0.8510911424903723,0.9784623898906978,49856,
sample_4195,1,building,6810,0.04132231404958678,0.04698972099853157,7744,
sample_4196,0,background,49105,0.9793897270042787,0.992872416250891,49781,
sample_4196,1,building,1071,0.2779732582688248,0.36881419234360413,1421,
sample_4197,0,background,49013,0.9738710706877294,0.9961846856956318,50136,
sample_4197,1,building,1163,0.02962962962962963,0.034393809114359415,1350,
sample_4198,0,background,46927,0.9325210871602624,0.9965478296076885,50149,
sample_4198,1,building,3249,0.0079155672823219,0.008310249307479225,3411,
sample_4199,0,background,43716,0.8415562447138427,0.9559429041998353,49658,
sample_4199,1,building,6460,0.06176961602671119,0.08018575851393189,8386,
sample_4200,0,background,41048,0.8065701536535627,0.9731777431299942,49527,
sample_4200,1,building,9128,0.06344706227392707,0.07109991235758106,10229,
sample_4201,0,background,42520,0.8323247351173124,0.9736359360301035,49739,
sample_4201,1,building,7656,0.04978922182978238,0.057079414838035525,8777,
sample_4202,0,background,50176,0.9996611926020408,0.9996611926020408,50176,
sample_4202,1,building,0,0.0,,17,no_true_class_for_recall
sample_4203,0,background,50176,0.9863081951530612,0.9863081951530612,50176,
sample_4203,1,building,0,0.0,,687,no_true_class_for_recall
sample_4204,0,background,50176,0.9999202806122449,0.9999202806122449,50176,
sample_4204,1,building,0,0.0,,4,no_true_class_for_recall
sample_4205,0,background,42909,0.8285217391304348,0.9437181010976718,48875,
sample_4205,1,building,7267,0.13437306341664945,0.17902848493188386,9682,
sample_4206,0,background,50176,1.0,1.0,50176,
sample_4206,1,building,0,,,0,absent_true_and_predicted_class
sample_4207,0,background,48391,0.9616519174041298,0.9970449050443264,50172,
sample_4207,1,building,1785,0.002074688796680498,0.002240896358543417,1928,
sample_4208,0,background,42648,0.8274114737286602,0.9648283624085537,49731,
sample_4208,1,building,7528,0.04929109437306159,0.059112646121147715,9028,
sample_4209,0,background,47422,0.9259378005771081,0.974400067479229,49904,
sample_4209,1,building,2754,0.06854838709677419,0.09876543209876543,3968,
sample_4210,0,background,46447,0.917337702559594,0.9884384352057184,50047,
sample_4210,1,building,3729,0.030239099859353025,0.03459372485921158,4266,
sample_4211,0,background,41182,0.7884062140391255,0.9316448934000291,48664,
sample_4211,1,building,8994,0.12803793716656786,0.16811207471647766,11809,
sample_4212,0,background,49985,0.9955157844387755,0.9993197959387816,50176,
sample_4212,1,building,191,0.0,0.0,225,
sample_4213,0,background,50176,0.9998604910714286,0.9998604910714286,50176,
sample_4213,1,building,0,0.0,,7,no_true_class_for_recall
sample_4214,0,background,40885,0.7759480530054756,0.9323712853124618,49127,
sample_4214,1,building,9291,0.08701061712010617,0.11290496179098052,12056,
sample_4215,0,background,43376,0.8513993379476377,0.9783751383253412,49845,
sample_4215,1,building,6800,0.04277591108813647,0.04867647058823529,7738,
sample_4216,0,background,47146,0.9314219449776072,0.988122003987613,50016,
sample_4216,1,building,3030,0.04456824512534819,0.052805280528052806,3590,
sample_4217,0,background,37972,0.7317213586643638,0.9372168966606974,48636,
sample_4217,1,building,12204,0.10556621880998081,0.12618813503769255,14588,
sample_4218,0,background,45961,0.8963559492651499,0.9686908465873241,49670,
sample_4218,1,building,4215,0.08949416342412451,0.12004744958481613,5654,
sample_4219,0,background,49630,0.9877227249172879,0.9985492645577272,50174,
sample_4219,1,building,546,0.003236245954692557,0.003663003663003663,618,
sample_4220,0,background,50097,0.9971498046719286,0.9986426332914147,50172,
sample_4220,1,building,79,0.027210884353741496,0.05063291139240506,147,
sample_4221,0,background,50110,0.9982059562253319,0.9993214927160248,50166,
sample_4221,1,building,66,0.1,0.15151515151515152,100,
sample_4222,0,background,49991,0.9944985947497459,0.9980396471364845,50169,
sample_4222,1,building,185,0.024734982332155476,0.03783783783783784,283,
sample_4223,0,background,47029,0.9307661612130886,0.9919411426991857,50120,
sample_4223,1,building,3147,0.01588201928530913,0.017794725135049254,3526,
sample_4224,0,background,46619,0.9310666045645086,0.9862287908363543,49381,
sample_4224,1,building,3557,0.1893307930459633,0.22350295192578015,4199,
sample_4225,0,background,46304,0.9217254307594129,0.9981643054595716,50144,
sample_4225,1,building,3872,0.008086934546373515,0.008264462809917356,3957,
sample_4226,0,background,38062,0.7181643092343695,0.9110924281435553,48287,
sample_4226,1,building,12114,0.12188669505742676,0.15593528149248803,15498,
sample_4227,0,background,42849,0.8398241332714842,0.9718079768489346,49583,
sample_4227,1,building,7327,0.06947861745752783,0.08093353350620991,8535,
sample_4228,0,background,49178,0.9790910902930038,0.9988409451380699,50170,
sample_4228,1,building,998,0.005687203791469194,0.006012024048096192,1055,
sample_4229,0,background,50176,0.9994220344387755,0.9994220344387755,50176,
sample_4229,1,building,0,0.0,,29,no_true_class_for_recall
sample_4230,0,background,43075,0.8491324715012365,0.9804991294254207,49739,
sample_4230,1,building,7101,0.055030852537463794,0.06154062808055204,7941,
sample_4231,0,background,44440,0.8926940163096753,0.9631413141314131,47947,
sample_4231,1,building,5736,0.30227827502034177,0.38859832635983266,7374,
sample_4232,0,background,50129,0.9975285512128037,0.9984041173771669,50173,
sample_4232,1,building,47,0.023622047244094488,0.06382978723404255,127,
sample_4233,0,background,38088,0.7262030534667412,0.9203948750262549,48273,
sample_4233,1,building,12088,0.12585978835978837,0.15742885506287227,15120,
sample_4234,0,background,46297,0.9218485217009909,0.9987472190422706,50159,
sample_4234,1,building,3879,0.004318008636017272,0.004382572828048466,3937,
sample_4235,0,background,47345,0.9346456220368481,0.9868412715175837,49989,
sample_4235,1,building,2831,0.054140127388535034,0.06605439773931474,3454,
sample_4236,0,background,47839,0.9507667151887376,0.9966763519304334,50149,
sample_4236,1,building,2337,0.010817307692307692,0.011553273427471117,2496,
sample_4237,0,background,46389,0.9231505674452002,0.9977365323675872,50137,
sample_4237,1,building,3787,0.010020554984583761,0.010298389226300502,3892,
sample_4238,0,background,50176,0.9883011798469388,0.9883011798469388,50176,
sample_4238,1,building,0,0.0,,587,no_true_class_for_recall
sample_4239,0,background,47997,0.9412472428313615,0.977977790278559,49870,
sample_4239,1,building,2179,0.09456118665018541,0.14043139054612208,3236,
sample_4240,0,background,50176,0.9998804209183674,0.9998804209183674,50176,
sample_4240,1,building,0,0.0,,6,no_true_class_for_recall
sample_4241,0,background,42560,0.827037773359841,0.9676691729323308,49797,
sample_4241,1,building,7616,0.042148576512455516,0.04976365546218487,8992,
sample_4242,0,background,48948,0.976925237770376,0.9946882405818419,49838,
sample_4242,1,building,1228,0.2271505376344086,0.2752442996742671,1488,
sample_4243,0,background,48000,0.9406258143404094,0.9776041666666667,49887,
sample_4243,1,building,2176,0.08889572439249462,0.1328125,3251,
sample_4244,0,background,46542,0.9208430632896234,0.9912981822869666,50103,
sample_4244,1,building,3634,0.018073780638771974,0.020088057237204183,4039,
sample_4245,0,background,50129,0.9990632971938775,1.0,50176,
sample_4245,1,building,47,0.0,0.0,47,
sample_4246,0,background,49199,0.979609328283835,0.9989430679485355,50170,
sample_4246,1,building,977,0.0058309037900874635,0.006141248720573183,1029,
sample_4247,0,background,48032,0.9450976464697045,0.9823451032644903,49925,
sample_4247,1,building,2144,0.0838903743315508,0.11707089552238806,2992,
sample_4248,0,background,46752,0.9255134423088438,0.9918506160164271,50103,
sample_4248,1,building,3424,0.019185282522996058,0.021320093457943924,3805,
sample_4249,0,background,46365,0.9232471883225652,0.998576512455516,50148,
sample_4249,1,building,3811,0.007222078927005417,0.007347152978220939,3877,
sample_4250,0,background,49710,0.9895741966350371,0.9986119493059746,50164,
sample_4250,1,building,466,0.022429906542056073,0.02575107296137339,535,
sample_4251,0,background,42554,0.8229407391033499,0.9623537152794097,49763,
sample_4251,1,building,7622,0.044774501300954034,0.05418525321437943,9224,
sample_4252,0,background,47986,0.9413548024413749,0.9770974867669737,49808,
sample_4252,1,building,2190,0.11188811188811189,0.1680365296803653,3289,
sample_4253,0,background,50176,0.9540417729591837,0.9540417729591837,50176,
sample_4253,1,building,0,0.0,,2306,no_true_class_for_recall
sample_4254,0,background,43046,0.8293245402868529,0.9523765274357664,49433,
sample_4254,1,building,7130,0.08093681917211329,0.10420757363253857,9180,
sample_4255,0,background,49710,0.9898311167826451,0.9986521826594247,50153,
sample_4255,1,building,466,0.043151969981238276,0.04935622317596566,533,
sample_4256,0,background,42504,0.8334067341954599,0.97948428383211,49954,
sample_4256,1,building,7672,0.02598314606741573,0.028936392075078206,8544,
sample_4257,0,background,42690,0.8316097122302158,0.9531271960646521,48928,
sample_4257,1,building,7486,0.13154843470011596,0.1667111942292279,9487,
sample_4258,0,background,49990,0.9925453458241977,0.9961192238447689,50170,
sample_4258,1,building,186,0.015789473684210527,0.03225806451612903,380,
sample_4259,0,background,43915,0.8561757001813419,0.9675964932255493,49630,
sample_4259,1,building,6261,0.07105674128058304,0.08720651653090561,7684,
sample_4260,0,background,49534,0.9844254776053922,0.9965882020430411,50146,
sample_4260,1,building,642,0.036991368680641186,0.04672897196261682,811,
sample_4261,0,background,50110,0.9974687076456988,0.998702853721812,50172,
sample_4261,1,building,66,0.030534351145038167,0.06060606060606061,131,
sample_4262,0,background,49929,0.9942598608813505,0.9991187486230447,50173,
sample_4262,1,building,247,0.010309278350515464,0.012145748987854251,291,
sample_4263,0,background,48926,0.9717498355230367,0.9962392184114786,50159,
sample_4263,1,building,1250,0.011854951185495118,0.0136,1434,
sample_4264,0,background,47636,0.9389389189512989,0.9871315811571081,50081,
sample_4264,1,building,2540,0.030130034887408817,0.03740157480314961,3153,
sample_4265,0,background,49653,0.9883408071748879,0.9987311944897589,50175,
sample_4265,1,building,523,0.0017064846416382253,0.0019120458891013384,586,
sample_4266,0,background,48917,0.9683819713361811,0.9917615552875279,50098,
sample_4266,1,building,1259,0.04693140794223827,0.061953931691818905,1662,
sample_4267,0,background,40045,0.7763432578690286,0.9565239106005744,49339,
sample_4267,1,building,10131,0.07050202156334232,0.08261770802487414,11872,
sample_4268,0,background,41061,0.8040662072310584,0.9689486373931467,49481,
sample_4268,1,building,9115,0.06689124157844081,0.07624794295117937,10390,
sample_4269,0,background,50173,0.9979272959183674,0.9979869651007514,50176,
sample_4269,1,building,3,0.0,0.0,104,
sample_4270,0,background,49705,0.9896128234778101,0.9986319283774269,50158,
sample_4270,1,building,471,0.03339517625231911,0.03821656050955414,539,
sample_4271,0,background,46426,0.9154095474370774,0.9855253521733511,49982,
sample_4271,1,building,3750,0.0438715513342379,0.05173333333333333,4422,
sample_4272,0,background,42805,0.8389141905583533,0.9768484990071253,49843,
sample_4272,1,building,7371,0.03982300884955752,0.045177045177045176,8362,
sample_4273,0,background,50023,0.9959940209267564,0.9990204505927274,50175,
sample_4273,1,building,153,0.0049504950495049506,0.006535947712418301,202,
sample_4274,0,background,46865,0.9249150849150849,0.9877733916568868,50050,
sample_4274,1,building,3311,0.03244078269824923,0.03805496828752643,3884,
sample_4275,0,background,40457,0.7954424579634252,0.9611686481943792,48886,
sample_4275,1,building,9719,0.11426040744021258,0.13272970470212986,11290,
sample_4276,0,background,50048,0.9973493303571429,0.9999000959079284,50176,
sample_4276,1,building,128,0.0,0.0,133,
sample_4277,0,background,40045,0.7640531940931713,0.9354476214258959,49028,
sample_4277,1,building,10131,0.09027996225228059,0.11331556608429573,12716,
sample_4278,0,background,42496,0.8317318301269835,0.9756447665662651,49849,
sample_4278,1,building,7680,0.03752151462994836,0.042578125,8715,
sample_4279,0,background,40045,0.7655720295715395,0.9361218629042327,48966,
sample_4279,1,building,10131,0.09535818425407834,0.11943539630836048,12689,
sample_4280,0,background,48937,0.9771898906556655,0.9970983100721336,49934,
sample_4280,1,building,1239,0.17523533671252717,0.19531880548829703,1381,
sample_4281,0,background,42713,0.8319668836910217,0.9693067684311568,49764,
sample_4281,1,building,7463,0.04695691816731251,0.05520568136138282,8774,
sample_4282,0,background,49674,0.9894682251565804,0.998631074606434,50134,
sample_4282,1,building,502,0.07368421052631578,0.08366533864541832,570,
sample_4283,0,background,49870,0.9919073531463652,0.9978544214958893,50169,
sample_4283,1,building,306,0.01694915254237288,0.02287581699346405,413,
sample_4284,0,background,42662,0.8345852580839526,0.9740284093572734,49790,
sample_4284,1,building,7514,0.04476919508234748,0.051370774554165555,8622,
sample_4285,0,background,49180,0.979850924744898,0.9996949979666531,50176,
sample_4285,1,building,996,0.0,0.0,1011,
sample_4286,0,background,50137,0.998664700255102,0.9994415302072321,50176,
sample_4286,1,building,39,0.0,0.0,67,
sample_4287,0,background,46486,0.9226885389850127,0.9946005248892139,50109,
sample_4287,1,building,3690,0.01700076122811469,0.018157181571815718,3941,
sample_4288,0,background,48958,0.9724549226104995,0.9958535887903918,50136,
sample_4288,1,building,1218,0.028149190710767064,0.03284072249589491,1421,
sample_4289,0,background,42990,0.8378400226344933,0.9643638055361712,49482,
sample_4289,1,building,7186,0.07960541408579949,0.09657667687169497,8718,
sample_4290,0,background,49321,0.981428171604494,0.9953772226840494,50022,
sample_4290,1,building,855,0.14219759926131118,0.18011695906432748,1083,
sample_4291,0,background,48613,0.966839481555334,0.9974081007138008,50150,
sample_4291,1,building,1563,0.015393724097098875,0.016634676903390915,1689,
sample_4292,0,background,49642,0.9882012954658694,0.9988114902703356,50175,
sample_4292,1,building,534,0.0016863406408094434,0.0018726591760299626,593,
sample_4293,0,background,44869,0.9077209263439512,0.9679065724665137,47844,
sample_4293,1,building,5307,0.3456350970801838,0.43941963444507254,6747,
sample_4294,0,background,49014,0.9783872649264205,0.9956339005182193,49878,
sample_4294,1,building,1162,0.21656976744186046,0.25645438898450945,1376,
sample_4295,0,background,50106,0.9982262436224489,0.999620803895741,50176,
sample_4295,1,building,70,0.0,0.0,89,
sample_4296,0,background,50127,0.9985450921773792,0.9995012667823727,50175,
sample_4296,1,building,49,0.013513513513513514,0.02040816326530612,74,
sample_4297,0,background,46839,0.9268667745092165,0.9908623155917078,50073,
sample_4297,1,building,3337,0.027357237715803454,0.03086604734791729,3765,
sample_4298,0,background,41154,0.7773551903677188,0.9287311075472615,49168,
sample_4298,1,building,9022,0.08431618569636136,0.11172688982487253,11955,
sample_4299,0,background,47006,0.9175138077323302,0.9754073948006637,49972,
sample_4299,1,building,3170,0.047156726768377254,0.06435331230283911,4326,
sample_4300,0,background,40955,0.7606813110324073,0.9072640703210841,48847,
sample_4300,1,building,9221,0.10208157308549044,0.1441275349745147,13019,
sample_4301,0,background,42842,0.835941109124872,0.9714532468138742,49787,
sample_4301,1,building,7334,0.04545985742666823,0.053040632669757296,8557,
sample_4302,0,background,50176,1.0,1.0,50176,
sample_4302,1,building,0,,,0,absent_true_and_predicted_class
sample_4303,0,background,50106,0.9981662348016743,0.9994411846884604,50170,
sample_4303,1,building,70,0.061224489795918366,0.08571428571428572,98,
sample_4304,0,background,49770,0.9918080165832852,0.9997990757484428,50171,
sample_4304,1,building,406,0.01201923076923077,0.012315270935960592,416,
sample_4305,0,background,43953,0.8557976106816585,0.9697404045230132,49805,
sample_4305,1,building,6223,0.04911955514365153,0.05961754780652419,7553,
sample_4306,0,background,43057,0.8502680262786667,0.9799103513946629,49622,
sample_4306,1,building,7119,0.06938877755511022,0.07781991852788313,7984,
sample_4307,0,background,40045,0.7624379380095213,0.9318516668747658,48943,
sample_4307,1,building,10131,0.0958786936236392,0.1217056559076103,12860,
sample_4308,0,background,46728,0.9127019119002766,0.9746190720766992,49898,
sample_4308,1,building,3448,0.059991368148467845,0.08062645011600927,4634,
sample_4309,0,background,42675,0.8287392861454267,0.9652021089630931,49702,
sample_4309,1,building,7501,0.052748720231471175,0.0631915744567391,8986,
sample_4310,0,background,47261,0.9214710935315035,0.9760055860011426,50058,
sample_4310,1,building,2915,0.02914299827117807,0.04048027444253859,4049,
sample_4311,0,background,48941,0.9600916129555312,0.967879691873889,49338,
sample_4311,1,building,1235,0.2985393658710367,0.6785425101214575,2807,
sample_4312,0,background,44866,0.8984058757250761,0.959679935808853,47926,
sample_4312,1,building,5310,0.31605562579013907,0.423728813559322,7119,
sample_4313,0,background,48145,0.9560735364491945,0.995928964586146,50152,
sample_4313,1,building,2031,0.010776829815895825,0.011816838995568686,2227,
sample_4314,0,background,42827,0.8395431003332396,0.9765101454689799,49814,
sample_4314,1,building,7349,0.043327348892878516,0.049258402503742006,8355,
sample_4315,0,background,50176,0.9845942283163265,0.9845942283163265,50176,
sample_4315,1,building,0,0.0,,773,no_true_class_for_recall
sample_4316,0,background,49348,0.9819598931547263,0.9982370106184648,50166,
sample_4316,1,building,828,0.01092896174863388,0.012077294685990338,915,
sample_4317,0,background,50137,0.9987244897959183,0.9995013662564574,50176,
sample_4317,1,building,39,0.0,0.0,64,
sample_4318,0,background,50176,1.0,1.0,50176,
sample_4318,1,building,0,,,0,absent_true_and_predicted_class
sample_4319,0,background,49968,0.9952566964285714,0.9993996157540826,50176,
sample_4319,1,building,208,0.0,0.0,238,
sample_4320,0,background,46283,0.922132291375942,0.9994166324568416,50162,
sample_4320,1,building,3893,0.0035714285714285713,0.0035961983046493705,3920,
sample_4321,0,background,49436,0.9827720284740085,0.9969860021037301,50151,
sample_4321,1,building,740,0.0281214848143982,0.033783783783783786,889,
sample_4322,0,background,40543,0.7969204904252265,0.9587105048960363,48774,
sample_4322,1,building,9633,0.12399398602635535,0.145541368213433,11307,
sample_4323,0,background,41036,0.8060551014229488,0.9731942684472171,49545,
sample_4323,1,building,9140,0.06162109375,0.06903719912472647,10240,
sample_4324,0,background,45967,0.8994676042189854,0.9739813344355733,49775,
sample_4324,1,building,4209,0.07419056429232193,0.095272036113091,5405,
sample_4325,0,background,46776,0.9260715925652339,0.9916623909697281,50089,
sample_4325,1,building,3400,0.02295514511873351,0.025588235294117648,3790,
sample_4326,0,background,46320,0.9220414024171353,0.9981217616580311,50142,
sample_4326,1,building,3856,0.008622875982754248,0.008817427385892116,3943,
sample_4327,0,background,42226,0.8115168482748897,0.9541751527494908,49649,
sample_4327,1,building,7950,0.053313100657561965,0.06628930817610063,9885,
sample_4328,0,background,40045,0.7667344448962993,0.941640654263953,49180,
sample_4328,1,building,10131,0.07988450433108758,0.0983121113414273,12468,
sample_4329,0,background,49206,0.9788562423952287,0.9972970775921636,50133,
sample_4329,1,building,970,0.038984587488667274,0.0443298969072165,1103,
sample_4330,0,background,50176,0.9520687181122449,0.9520687181122449,50176,
sample_4330,1,building,0,0.0,,2405,no_true_class_for_recall
sample_4331,0,background,49701,0.9899553571428571,0.9994165107341905,50176,
sample_4331,1,building,475,0.0,0.0,504,
sample_4332,0,background,49995,0.9939412057797709,0.9975197519751975,50175,
sample_4332,1,building,181,0.003278688524590164,0.0055248618784530384,305,
sample_4333,0,background,46255,0.9214208826695371,0.9993298021835477,50166,
sample_4333,1,building,3921,0.0025303643724696357,0.002550369803621525,3952,
sample_4334,0,background,48988,0.972773511518899,0.9955499305952478,50135,
sample_4334,1,building,1188,0.029160739687055477,0.034511784511784514,1406,
sample_4335,0,background,50176,0.9999601403061225,0.9999601403061225,50176,
sample_4335,1,building,0,0.0,,2,no_true_class_for_recall
sample_4336,0,background,38096,0.7250036339472974,0.9164741705165896,48157,
sample_4336,1,building,12080,0.13228934608832393,0.16713576158940396,15262,
sample_4337,0,background,49845,0.9927654655612245,0.9993580098304745,50176,
sample_4337,1,building,331,0.0,0.0,363,
sample_4338,0,background,41969,0.8305871900492691,0.9801043627439301,49524,
sample_4338,1,building,8207,0.07210794072107941,0.07944437675155355,9042,
sample_4339,0,background,50176,1.0,1.0,50176,
sample_4339,1,building,0,,,0,absent_true_and_predicted_class
sample_4340,0,background,40045,0.7683495106118877,0.9429142215008116,49143,
sample_4340,1,building,10131,0.08319239751952967,0.1019642680880466,12417,
sample_4341,0,background,49003,0.9786616490181557,0.9977144256474093,49957,
sample_4341,1,building,1173,0.17042801556420234,0.1867007672634271,1285,
sample_4342,0,background,40045,0.7663270079524884,0.940891497065801,49167,
sample_4342,1,building,10131,0.08073291726676268,0.09959530154969895,12498,
sample_4343,0,background,49300,0.9825015943877551,0.9999594320486815,50176,
sample_4343,1,building,876,0.0,0.0,878,
sample_4344,0,background,46829,0.9297837947060013,0.9826176087467168,49490,
sample_4344,1,building,3347,0.16486421533285267,0.2049596653719749,4161,
sample_4345,0,background,48001,0.9496888070603774,0.9886252369742297,49969,
sample_4345,1,building,2175,0.07607497243660419,0.09517241379310344,2721,
sample_4346,0,background,46443,0.9053230719897386,0.9726331201688091,49896,
sample_4346,1,building,3733,0.055955235811350916,0.07500669702652023,5004,
sample_4347,0,background,50134,0.9987842793367347,0.999621015677983,50176,
sample_4347,1,building,42,0.0,0.0,61,
sample_4348,0,background,49424,0.9846730313116616,0.9995953382971835,50173,
sample_4348,1,building,752,0.0038860103626943004,0.003989361702127659,772,
sample_4349,0,background,49932,0.9913681398640433,0.9959544981174397,50163,
sample_4349,1,building,244,0.02914798206278027,0.05327868852459016,446,
sample_4350,0,background,46410,0.9205690456713023,0.9941391941391942,50119,
sample_4350,1,building,3766,0.01411589895988113,0.015135422198619224,4038,
sample_4351,0,background,40448,0.7991055931061241,0.967489121835443,48971,
sample_4351,1,building,9728,0.1091188988499502,0.12386924342105263,11043,
sample_4352,0,background,45961,0.8952308064126319,0.9671243010378364,49652,
sample_4352,1,building,4215,0.09151239958085924,0.12431791221826809,5726,
sample_4353,0,background,48026,0.9457570782107244,0.9834881106067547,49942,
sample_4353,1,building,2150,0.07951070336391437,0.10883720930232559,2943,
sample_4354,0,background,46420,0.9146861547702473,0.9841447651874192,49945,
sample_4354,1,building,3756,0.051424755120213717,0.06150159744408946,4492,
sample_4355,0,background,44909,0.8832634892627274,0.9808946981674052,49873,
sample_4355,1,building,5267,0.04946938775510204,0.05752800455667363,6125,
sample_4356,0,background,48600,0.9641502654796599,0.9938683127572017,50098,
sample_4356,1,building,1576,0.0416221985058698,0.04949238578680203,1874,
sample_4357,0,background,50169,0.9984255107125062,0.9985449181765632,50175,
sample_4357,1,building,7,0.0125,0.14285714285714285,80,
sample_4358,0,background,50176,0.9999202806122449,0.9999202806122449,50176,
sample_4358,1,building,0,0.0,,4,no_true_class_for_recall
sample_4359,0,background,49938,0.9929632213694807,0.9974768713204374,50165,
sample_4359,1,building,238,0.03021978021978022,0.046218487394957986,364,
sample_4360,0,background,49979,0.9922829966699236,0.9956581764341024,50149,
sample_4360,1,building,197,0.06521739130434782,0.13705583756345177,414,
sample_4361,0,background,47226,0.934571793439221,0.9917630119002244,50116,
sample_4361,1,building,2950,0.017969451931716084,0.020338983050847456,3339,
sample_4362,0,background,43376,0.8598260102629891,0.9889109184802656,49888,
sample_4362,1,building,6800,0.03955500618046971,0.042352941176470586,7281,
sample_4363,0,background,42772,0.84447934916128,0.9804545029458525,49659,
sample_4363,1,building,7404,0.06274271844660194,0.0698271204754187,8240,
sample_4364,0,background,37972,0.7331024673798776,0.9366111871905615,48513,
sample_4364,1,building,12204,0.11381835603312573,0.13626679777122255,14611,
sample_4365,0,background,49704,0.9885797424961136,0.9979277321744728,50174,
sample_4365,1,building,472,0.0034782608695652175,0.00423728813559322,575,
sample_4366,0,background,49087,0.9787000439174353,0.9987776804449243,50094,
sample_4366,1,building,1089,0.07136640557006092,0.07529843893480258,1149,
sample_4367,0,background,50094,0.996531515368975,0.9979638280033537,50166,
sample_4367,1,building,82,0.05434782608695652,0.12195121951219512,184,
sample_4368,0,background,50176,0.999641262755102,0.999641262755102,50176,
sample_4368,1,building,0,0.0,,18,no_true_class_for_recall
sample_4369,0,background,42854,0.8398997493734336,0.9775050170345826,49875,
sample_4369,1,building,7322,0.03632633357470432,0.04110898661567878,8286,
sample_4370,0,background,48416,0.9469396110542477,0.9554279576999339,48850,
sample_4370,1,building,1760,0.33843797856049007,0.7534090909090909,3918,
sample_4371,0,background,40057,0.7702785243097973,0.9444791172579075,49116,
sample_4371,1,building,10119,0.08587863566393908,0.1047534341338077,12343,
sample_4372,0,background,48946,0.977768405832028,0.994708454214849,49794,
sample_4372,1,building,1230,0.25654801880456685,0.3105691056910569,1489,
sample_4373,0,background,49293,0.9807504338632782,0.9974235692694703,50131,
sample_4373,1,building,883,0.04455445544554455,0.05096262740656852,1010,
sample_4374,0,background,44621,0.8829005193767478,0.9905201586696847,50060,
sample_4374,1,building,5555,0.019404483104717297,0.02088208820882088,5978,
sample_4375,0,background,49609,0.9867445383511402,0.9978632909351126,50168,
sample_4375,1,building,567,0.01188707280832095,0.014109347442680775,673,
sample_4376,0,background,44586,0.8989193159164831,0.9607948683443234,47655,
sample_4376,1,building,5590,0.3435541019351322,0.45098389982110915,7338,
sample_4377,0,background,46965,0.9294835980525181,0.991844990950708,50116,
sample_4377,1,building,3211,0.01669449081803005,0.018685767673621925,3594,
sample_4378,0,background,49465,0.9856092164796396,0.9996765389669463,50171,
sample_4378,1,building,711,0.0068775790921595595,0.007032348804500703,727,
sample_4379,0,background,50129,0.9962728957805991,0.9971473598116859,50173,
sample_4379,1,building,47,0.015789473684210527,0.06382978723404255,190,
sample_4380,0,background,48984,0.9785486171088839,0.994590070227013,49787,
sample_4380,1,building,1192,0.2669869595058339,0.3263422818791946,1457,
sample_4381,0,background,49972,0.9943198804185351,0.9983590810854078,50175,
sample_4381,1,building,204,0.0034965034965034965,0.004901960784313725,286,
sample_4382,0,background,49532,0.9845816296000798,0.996567875312929,50135,
sample_4382,1,building,644,0.05036855036855037,0.06366459627329192,814,
sample_4383,0,background,50127,0.9989237882653061,0.9999002533564746,50176,
sample_4383,1,building,49,0.0,0.0,54,
sample_4384,0,background,49122,0.975587378834417,0.9957656447213061,50138,
sample_4384,1,building,1054,0.030110935023771792,0.036053130929791274,1262,
sample_4385,0,background,44777,0.9000042059219381,0.955780869642897,47552,
sample_4385,1,building,5399,0.3556037403442201,0.4860159288757177,7379,
sample_4386,0,background,47016,0.931256369776783,0.9911732176280416,50041,
sample_4386,1,building,3160,0.03776223776223776,0.04272151898734177,3575,
sample_4387,0,background,50176,0.9990832270408163,0.9990832270408163,50176,
sample_4387,1,building,0,0.0,,46,no_true_class_for_recall
sample_4388,0,background,49985,0.9936017540362767,0.9972791837551266,50170,
sample_4388,1,building,191,0.01834862385321101,0.031413612565445025,327,
sample_4389,0,background,47120,0.9323970339324574,0.9820246179966045,49628,
sample_4389,1,building,3056,0.1404048168075839,0.1793193717277487,3903,
sample_4390,0,background,46586,0.9174680608593079,0.9850384235607264,50017,
sample_4390,1,building,3590,0.0370888733379986,0.04428969359331476,4287,
sample_4391,0,background,47272,0.940099398378237,0.988365205618548,49699,
sample_4391,1,building,2904,0.1381007527504343,0.16425619834710745,3454,
sample_4392,0,background,46936,0.9132363271450076,0.9694477586500767,49825,
sample_4392,1,building,3240,0.07509627727856226,0.10833333333333334,4674,
sample_4393,0,background,47273,0.936542451324609,0.9931038859391196,50128,
sample_4393,1,building,2903,0.01486528336946423,0.0165346193592835,3229,
sample_4394,0,background,47003,0.9175150091359958,0.9721719890219773,49803,
sample_4394,1,building,3173,0.08324034813657666,0.11755436495430192,4481,
sample_4395,0,background,48862,0.972850137543356,0.9988129835045638,50166,
sample_4395,1,building,1314,0.007288629737609329,0.0076103500761035,1372,
sample_4396,0,background,49299,0.9820229197807673,0.9994726059352117,50175,
sample_4396,1,building,877,0.0011074197120708748,0.0011402508551881414,903,
sample_4397,0,background,49021,0.9737876279199665,0.9957977193447706,50129,
sample_4397,1,building,1155,0.034533431300514325,0.04069264069264069,1361,
sample_4398,0,background,40471,0.7988891838359913,0.9667169084035482,48973,
sample_4398,1,building,9705,0.10884907709011944,0.12395672333848531,11052,
sample_4399,0,background,49610,0.9877589266133695,0.9986897802862326,50159,
sample_4399,1,building,566,0.02694136291600634,0.030035335689045935,631,
sample_4400,0,background,47335,0.9298006883854959,0.9815992394633992,49972,
sample_4400,1,building,2841,0.05495689655172414,0.07180570221752904,3712,
sample_4401,0,background,42852,0.8266211464551476,0.9435965649211239,48916,
sample_4401,1,building,7324,0.12935016938712657,0.1720371381758602,9741,
sample_4402,0,background,50176,0.9999601403061225,0.9999601403061225,50176,
sample_4402,1,building,0,0.0,,2,no_true_class_for_recall
sample_4403,0,background,49196,0.9786986053615209,0.9899585332140824,49762,
sample_4403,1,building,980,0.2808683853459973,0.42244897959183675,1474,
sample_4404,0,background,49249,0.9792414453218473,0.9971166927247254,50148,
sample_4404,1,building,927,0.026192703461178673,0.030204962243797196,1069,
sample_4405,0,background,46538,0.9209218073865352,0.9831965275688684,49685,
sample_4405,1,building,3638,0.11108597285067873,0.13496426608026388,4420,
sample_4406,0,background,47971,0.9416643238684285,0.9775280898876404,49798,
sample_4406,1,building,2205,0.11513859275053305,0.17142857142857143,3283,
sample_4407,0,background,50155,0.9991629464285714,0.9995812979762736,50176,
sample_4407,1,building,21,0.0,0.0,42,
sample_4408,0,background,46851,0.9298098601384649,0.994706623124373,50121,
sample_4408,1,building,3325,0.015393226980128743,0.016541353383458645,3573,
sample_4409,0,background,40045,0.773162549557792,0.9496316643775752,49185,
sample_4409,1,building,10131,0.08157721435627263,0.09781857664593821,12148,
sample_4410,0,background,49495,0.9837416214490903,0.9963228608950399,50128,
sample_4410,1,building,681,0.055619930475086905,0.07048458149779736,863,
sample_4411,0,background,49658,0.9888191330343796,0.9991139393451206,50175,
sample_4411,1,building,518,0.0017793594306049821,0.0019305019305019305,562,
sample_4412,0,background,49269,0.9762897082577223,0.9936877143842985,50147,
sample_4412,1,building,907,0.023809523809523808,0.03197353914002205,1218,
sample_4413,0,background,48489,0.9596661195404139,0.9887397141619749,49958,
sample_4413,1,building,1687,0.09762651141961487,0.12922347362181388,2233,
sample_4414,0,background,42551,0.8276852037743425,0.9688843975464736,49810,
sample_4414,1,building,7625,0.04089842440496145,0.048,8949,
sample_4415,0,background,50176,0.9623126594387755,0.9623126594387755,50176,
sample_4415,1,building,0,0.0,,1891,no_true_class_for_recall
sample_4416,0,background,43732,0.8656453741850326,0.9897557852373547,50002,
sample_4416,1,building,6444,0.025246662797446313,0.027001862197392923,6892,
sample_4417,0,background,41087,0.7962940535303379,0.960157714118821,49542,
sample_4417,1,building,9089,0.05910870781279135,0.06975464847618,10726,
sample_4418,0,background,49410,0.9842728432466911,0.9993725966403562,50168,
sample_4418,1,building,766,0.010037641154328732,0.010443864229765013,797,
sample_4419,0,background,47543,0.9439612750316347,0.9885156595082346,49787,
sample_4419,1,building,2633,0.1223655237496068,0.14774022028104825,3179,
sample_4420,0,background,41125,0.7690706076874401,0.9161337386018237,48989,
sample_4420,1,building,9051,0.09496,0.13114572975361838,12500,
sample_4421,0,background,41087,0.7966207759699625,0.9604741159004064,49538,
sample_4421,1,building,9089,0.05955381312424157,0.07019474089558807,10713,
sample_4422,0,background,40045,0.7659869777315127,0.9371457110750406,48993,
sample_4422,1,building,10131,0.0935325743200506,0.11677030895271938,12648,
sample_4423,0,background,47264,0.9373276310004397,0.9923408937034529,50038,
sample_4423,1,building,2912,0.042150274893097125,0.04739010989010989,3274,
sample_4424,0,background,50169,0.9983657525510204,0.9985050529211266,50176,
sample_4424,1,building,7,0.0,0.0,82,
sample_4425,0,background,50176,0.9992028061224489,0.9992028061224489,50176,
sample_4425,1,building,0,0.0,,40,no_true_class_for_recall
sample_4426,0,background,50160,0.9961136798469388,0.9964314194577353,50176,
sample_4426,1,building,16,0.0,0.0,195,
sample_4427,0,background,50036,0.9946774579379635,0.9972220001598849,50164,
sample_4427,1,building,140,0.043010752688172046,0.08571428571428572,279,
sample_4428,0,background,42405,0.8270006623712892,0.9716307039264238,49821,
sample_4428,1,building,7771,0.039558725206151106,0.045682666323510486,8974,
sample_4429,0,background,50011,0.9922650612017064,0.9952610425706344,50162,
sample_4429,1,building,165,0.03482587064676617,0.08484848484848485,402,
sample_4430,0,background,50129,0.9989835778061225,0.9999202058688583,50176,
sample_4430,1,building,47,0.0,0.0,51,
sample_4431,0,background,48004,0.9478370483012526,0.9868135988667611,49978,
sample_4431,1,building,2172,0.07058823529411765,0.09116022099447514,2805,
sample_4432,0,background,46647,0.925669957686883,0.9848650502711858,49630,
sample_4432,1,building,3529,0.12892561983471074,0.1547180504392179,4235,
sample_4433,0,background,49690,0.9893752740900211,0.998852887905011,50166,
sample_4433,1,building,486,0.01841620626151013,0.0205761316872428,543,
sample_4434,0,background,48675,0.9679239264782106,0.9974935798664613,50162,
sample_4434,1,building,1501,0.00862600123228589,0.009327115256495669,1623,
sample_4435,0,background,50176,0.9955755739795918,0.9955755739795918,50176,
sample_4435,1,building,0,0.0,,222,no_true_class_for_recall
sample_4436,0,background,49253,0.980903400709644,0.9990863500700465,50166,
sample_4436,1,building,923,0.010330578512396695,0.010834236186348862,968,
sample_4437,0,background,48832,0.9704433497536946,0.9964572411533421,50141,
sample_4437,1,building,1344,0.023071852340145024,0.026041666666666668,1517,
sample_4438,0,background,46669,0.9216802492809204,0.9887291349718228,50064,
sample_4438,1,building,3507,0.02777089015621126,0.031936127744510975,4033,
sample_4439,0,background,45967,0.8970153158773925,0.9696086322796789,49687,
sample_4439,1,building,4209,0.08722797003210846,0.11617961511047754,5606,
sample_4440,0,background,50094,0.9969306812293219,0.9985227771789037,50174,
sample_4440,1,building,82,0.01282051282051282,0.024390243902439025,156,
sample_4441,0,background,42751,0.836925069305328,0.9674627494093705,49419,
sample_4441,1,building,7425,0.08586660617059891,0.10195286195286195,8816,
sample_4442,0,background,46425,0.919263965475905,0.9910823909531502,50052,
sample_4442,1,building,3751,0.0297719087635054,0.03305785123966942,4165,
sample_4443,0,background,43686,0.8492662600398575,0.9657327290207389,49677,
sample_4443,1,building,6490,0.06247652435207212,0.07688751926040062,7987,
sample_4444,0,background,46733,0.9168035907506111,0.9790512057860612,49906,
sample_4444,1,building,3443,0.06105834464043419,0.07841998257333721,4422,
sample_4445,0,background,50176,0.9901347257653061,0.9901347257653061,50176,
sample_4445,1,building,0,0.0,,495,no_true_class_for_recall
sample_4446,0,background,49467,0.9844684584097615,0.9981806052519862,50156,
sample_4446,1,building,709,0.025031289111389236,0.028208744710860368,799,
sample_4447,0,background,47142,0.9351840772206932,0.9946968732764838,50142,
sample_4447,1,building,3034,0.010353227771010963,0.01120632827949901,3284,
sample_4448,0,background,49778,0.9908906075586031,0.9986540238659649,50168,
sample_4448,1,building,398,0.017204301075268817,0.020100502512562814,465,
sample_4449,0,background,49610,0.984164971480994,0.9947188066921991,50142,
sample_4449,1,building,566,0.04106280193236715,0.06007067137809187,828,
sample_4450,0,background,47021,0.9327248549323017,0.9845175559856234,49632,
sample_4450,1,building,3155,0.1400978624774659,0.17242472266244058,3883,
sample_4451,0,background,50160,0.9957150829081632,0.9960326953748007,50176,
sample_4451,1,building,16,0.0,0.0,215,
sample_4452,0,background,43361,0.8528083799891638,0.9800973224787252,49833,
sample_4452,1,building,6815,0.04467309195102891,0.05033015407190022,7678,
sample_4453,0,background,41081,0.7983965426713518,0.9623670309875612,49518,
sample_4453,1,building,9095,0.061836293581430314,0.07234744365035733,10641,
sample_4454,0,background,50176,0.9970902423469388,0.9970902423469388,50176,
sample_4454,1,building,0,0.0,,146,no_true_class_for_recall
sample_4455,0,background,41154,0.7674437577760101,0.9142975166447976,49029,
sample_4455,1,building,9022,0.09140170531516456,0.12713367324318334,12549,
sample_4456,0,background,42560,0.831431326850438,0.9723214285714286,49772,
sample_4456,1,building,7616,0.04594041391858085,0.05304621848739496,8794,
sample_4457,0,background,46551,0.9127956166149631,0.973405512233894,49642,
sample_4457,1,building,3625,0.10980876002467613,0.1473103448275862,4863,
sample_4458,0,background,50169,0.9988440688775511,0.9989834359863661,50176,
sample_4458,1,building,7,0.0,0.0,58,
sample_4459,0,background,42838,0.8304426081976601,0.9478033521639666,48892,
sample_4459,1,building,7338,0.13411322331313974,0.1749795584627964,9574,
sample_4460,0,background,48168,0.9559902688043391,0.9952873276864308,50148,
sample_4460,1,building,2008,0.012527964205816556,0.013944223107569721,2235,
sample_4461,0,background,43845,0.8673255046312041,0.98882426730528,49987,
sample_4461,1,building,6331,0.02770854713385134,0.029853103775075027,6821,
sample_4462,0,background,41069,0.8046938279604731,0.9676154763933867,49384,
sample_4462,1,building,9107,0.07588387467663121,0.08696607005600088,10437,
sample_4463,0,background,50176,0.9891780931122449,0.9891780931122449,50176,
sample_4463,1,building,0,0.0,,543,no_true_class_for_recall
sample_4464,0,background,41081,0.8052589321557607,0.9765585063654731,49820,
sample_4464,1,building,9095,0.03539471067806721,0.03914238592633315,10058,
sample_4465,0,background,50176,0.9998206313775511,0.9998206313775511,50176,
sample_4465,1,building,0,0.0,,9,no_true_class_for_recall
sample_4466,0,background,49691,0.9898540902567373,0.999356020204866,50168,
sample_4466,1,building,485,0.015473887814313346,0.016494845360824743,517,
sample_4467,0,background,50110,0.9984452240472014,0.9996008780682498,50168,
sample_4467,1,building,66,0.09302325581395349,0.12121212121212122,86,
sample_4468,0,background,40045,0.7649252970791464,0.9371457110750406,49061,
sample_4468,1,building,10131,0.08815623023402909,0.11005823709406772,12648,
sample_4469,0,background,48911,0.9733083306734759,0.997526118868966,50128,
sample_4469,1,building,1265,0.03463203463203463,0.037944664031620556,1386,
sample_4470,0,background,50106,0.9981464503527724,0.9995010577575539,50174,
sample_4470,1,building,70,0.021052631578947368,0.02857142857142857,95,
sample_4471,0,background,42730,0.8393287297253894,0.9785162649192605,49816,
sample_4471,1,building,7446,0.043041606886657105,0.048348106365834004,8364,
sample_4472,0,background,46456,0.9232841718721935,0.9958455312553814,50107,
sample_4472,1,building,3720,0.01763352926143624,0.018548387096774192,3913,
sample_4473,0,background,44942,0.8778993874887037,0.9726981442748431,49795,
sample_4473,1,building,5234,0.058969199814270234,0.07279327474207108,6461,
sample_4474,0,background,50176,0.9621532206632653,0.9621532206632653,50176,
sample_4474,1,building,0,0.0,,1899,no_true_class_for_recall
sample_4475,0,background,46513,0.9177918031477191,0.9879388558037537,50068,
sample_4475,1,building,3663,0.02556818181818182,0.029484029484029485,4224,
sample_4476,0,background,43376,0.85778668002003,0.9872971228329029,49925,
sample_4476,1,building,6800,0.03414501428377092,0.03691176470588235,7351,
sample_4477,0,background,41058,0.8045900313416237,0.9691412148667738,49455,
sample_4477,1,building,9118,0.06942705825710159,0.07907435841193244,10385,
sample_4478,0,background,47961,0.9416860511751023,0.9791288755447134,49868,
sample_4478,1,building,2215,0.09577114427860696,0.13905191873589165,3216,
sample_4479,0,background,50115,0.9977677681667796,0.9989424324054674,50174,
sample_4479,1,building,61,0.017543859649122806,0.03278688524590164,114,
sample_4480,0,background,47297,0.9378430707199744,0.9934033871070047,50099,
sample_4480,1,building,2879,0.02413036665622062,0.02674539770753734,3191,
sample_4481,0,background,49909,0.9941199920271079,0.9993187601434611,50170,
sample_4481,1,building,267,0.019933554817275746,0.02247191011235955,301,
sample_4482,0,background,49939,0.9929823162343747,0.9973567752658243,50159,
sample_4482,1,building,237,0.04607046070460705,0.07172995780590717,369,
sample_4483,0,background,49580,0.9878826530612245,0.999757966922146,50176,
sample_4483,1,building,596,0.0,0.0,608,
sample_4484,0,background,40913,0.7971544051604474,0.9544887932930853,48988,
sample_4484,1,building,9263,0.10678651685393259,0.1282521861168088,11125,
sample_4485,0,background,41086,0.804998190518316,0.9745168670593389,49738,
sample_4485,1,building,9090,0.04320804971885173,0.048184818481848184,10137,
sample_4486,0,background,42619,0.8231173022324803,0.9455641849879162,48959,
sample_4486,1,building,7557,0.12321555128075326,0.16104274182876804,9877,
sample_4487,0,background,40808,0.8068442764534943,0.9729464810821408,49209,
sample_4487,1,building,9368,0.0923414820473644,0.10322374039282664,10472,
sample_4488,0,background,42534,0.8304217542858308,0.9577749565053839,49057,
sample_4488,1,building,7642,0.11856325492689129,0.14642763674430778,9438,
sample_4489,0,background,50036,0.9904703044319065,0.9929051083220082,50159,
sample_4489,1,building,140,0.03434343434343434,0.12142857142857143,495,
sample_4490,0,background,42545,0.8280768843715407,0.9670466564813727,49685,
sample_4490,1,building,7631,0.05435624930809255,0.06434281221334032,9033,
sample_4491,0,background,40929,0.7511790034857494,0.8950866134036991,48770,
sample_4491,1,building,9247,0.10383280407650838,0.15204931329079702,13541,
sample_4492,0,background,48032,0.9407801062869748,0.9766822118587608,49865,
sample_4492,1,building,2144,0.09528186274509803,0.14505597014925373,3264,
sample_4493,0,background,46939,0.9301763566278536,0.9922026459873453,50069,
sample_4493,1,building,3237,0.029697474326949764,0.03305529811553908,3603,
sample_4494,0,background,41100,0.8127841990344745,0.9872262773722628,49921,
sample_4494,1,building,9076,0.02655973336110822,0.028096077567210224,9601,
sample_4495,0,background,50176,0.9961734693877551,0.9961734693877551,50176,
sample_4495,1,building,0,0.0,,192,no_true_class_for_recall
sample_4496,0,background,45286,0.8963353714582584,0.9905489555270944,50046,
sample_4496,1,building,4890,0.024445280180518992,0.026584867075664622,5318,
sample_4497,0,background,49774,0.991006441063274,0.998432916783863,50147,
sample_4497,1,building,402,0.06041666666666667,0.07213930348258707,480,
sample_4498,0,background,41036,0.8021876009041008,0.9686616629301101,49552,
sample_4498,1,building,9140,0.059850374064837904,0.06827133479212254,10426,
sample_4499,0,background,49641,0.9878708081473059,0.9975423541024556,50127,
sample_4499,1,building,535,0.0745814307458143,0.09158878504672897,657,
sample_4500,0,background,44586,0.8966707819791165,0.9610864396895886,47789,
sample_4500,1,building,5590,0.3258703071672355,0.42701252236135956,7325,
sample_4501,0,background,46918,0.9296359102244389,0.9931795899228442,50125,
sample_4501,1,building,3258,0.014253773057574064,0.01565377532228361,3578,
sample_4502,0,background,50176,0.9998804209183674,0.9998804209183674,50176,
sample_4502,1,building,0,0.0,,6,no_true_class_for_recall
sample_4503,0,background,49231,0.9792963140258497,0.9972984501635148,50136,
sample_4503,1,building,945,0.03710575139146568,0.042328042328042326,1078,
sample_4504,0,background,46939,0.9331911160732087,0.9971878395364197,50158,
sample_4504,1,building,3237,0.005342831700801425,0.005560704355885079,3369,
sample_4505,0,background,46535,0.9245119742402897,0.98719243580101,49690,
sample_4505,1,building,3641,0.11470379985839037,0.1334798132381214,4237,
sample_4506,0,background,43791,0.8529476705674541,0.9703592062295906,49819,
sample_4506,1,building,6385,0.046466224131198754,0.05591229444009397,7683,
sample_4507,0,background,49612,0.9873803827751196,0.9982867048294768,50160,
sample_4507,1,building,564,0.02465331278890601,0.028368794326241134,649,
sample_4508,0,background,50160,0.9983458227040817,0.9986642743221691,50176,
sample_4508,1,building,16,0.0,0.0,83,
sample_4509,0,background,44869,0.9102566780142436,0.9713610733468542,47881,
sample_4509,1,building,5307,0.3481492718446602,0.43244771057094405,6592,
sample_4510,0,background,49903,0.9936216862666932,0.9989379396028295,50170,
sample_4510,1,building,273,0.018404907975460124,0.02197802197802198,326,
sample_4511,0,background,43851,0.8548114800225098,0.9699208683952475,49756,
sample_4511,1,building,6325,0.054945054945054944,0.06640316205533597,7644,
sample_4512,0,background,43376,0.852726250702642,0.9792511988196237,49812,
sample_4512,1,building,6800,0.04727272727272727,0.05352941176470588,7700,
sample_4513,0,background,40963,0.7575763793421836,0.9013499987793863,48737,
sample_4513,1,building,9213,0.10857099743473668,0.1561923369152285,13254,
sample_4514,0,background,42179,0.8063767531026133,0.9473908817183907,49555,
sample_4514,1,building,7997,0.060787000783085354,0.07765412029511067,10216,
sample_4515,0,background,49925,0.9922656779492086,0.9970555833750626,50166,
sample_4515,1,building,251,0.02512562814070352,0.0398406374501992,398,
sample_4516,0,background,46452,0.9254016984968702,0.999311116851804,50162,
sample_4516,1,building,3724,0.003727369542066028,0.0037593984962406013,3756,
sample_4517,0,background,47057,0.9205489346334417,0.9750302824234439,49842,
sample_4517,1,building,3119,0.07778295295761528,0.10708560436037191,4294,
sample_4518,0,background,50137,0.9979272959183674,0.998703552266789,50176,
sample_4518,1,building,39,0.0,0.0,104,
sample_4519,0,background,41173,0.7976524571358339,0.9457411410390304,48817,
sample_4519,1,building,9003,0.12093975260300792,0.1509496834388537,11237,
sample_4520,0,background,46445,0.9230707812687133,0.9956723005705673,50098,
sample_4520,1,building,3731,0.019837232960325534,0.020905923344947737,3932,
sample_4521,0,background,50176,0.9572305484693877,0.9572305484693877,50176,
sample_4521,1,building,0,0.0,,2146,no_true_class_for_recall
sample_4522,0,background,45485,0.9108352610707204,0.9695284159613059,48416,
sample_4522,1,building,4691,0.28961658713180843,0.37518652739288,6077,
sample_4523,0,background,49725,0.9898451839438194,0.9977878330819507,50124,
sample_4523,1,building,451,0.09269162210338681,0.11529933481152993,561,
sample_4524,0,background,46927,0.9115889125115327,0.9685255822873825,49858,
sample_4524,1,building,3249,0.06728734659331359,0.09787626962142197,4726,
sample_4525,0,background,50169,0.9981465242346939,0.9982857940162252,50176,
sample_4525,1,building,7,0.0,0.0,93,
sample_4526,0,background,46255,0.9212430482189488,0.9991568479083343,50167,
sample_4526,1,building,3921,0.0022727272727272726,0.0022953328232593728,3960,
sample_4527,0,background,50176,0.9998405612244898,0.9998405612244898,50176,
sample_4527,1,building,0,0.0,,8,no_true_class_for_recall
sample_4528,0,background,47994,0.9339432937864468,0.9677251323082052,49730,
sample_4528,1,building,2182,0.11953899758777807,0.20439963336388633,3731,
sample_4529,0,background,43091,0.8391044051616035,0.9627764498387135,49442,
sample_4529,1,building,7085,0.0844746230866613,0.10359915314043755,8689,
sample_4530,0,background,48209,0.9606259968102073,0.9995021676450455,50160,
sample_4530,1,building,1967,0.00803616273229533,0.00813421453990849,1991,
sample_4531,0,background,49983,0.9943389080471227,0.9979993197687214,50167,
sample_4531,1,building,193,0.030716723549488054,0.046632124352331605,293,
sample_4532,0,background,49463,0.9812923813322696,0.9947233285486121,50140,
sample_4532,1,building,713,0.03696098562628337,0.05049088359046283,974,
sample_4533,0,background,49614,0.9879021006896002,0.9990526867416455,50174,
sample_4533,1,building,562,0.003284072249589491,0.0035587188612099642,609,
sample_4534,0,background,46535,0.9257702517898801,0.9892124207585689,49724,
sample_4534,1,building,3641,0.10909968621771662,0.12414171930788245,4143,
sample_4535,0,background,49621,0.9873430336854694,0.998266862820177,50170,
sample_4535,1,building,555,0.0093603744149766,0.010810810810810811,641,
sample_4536,0,background,49731,0.9913237728623572,0.9994168627214414,50137,
sample_4536,1,building,445,0.08227848101265822,0.08764044943820225,474,
sample_4537,0,background,40045,0.7671308508680449,0.9368210762891747,48903,
sample_4537,1,building,10131,0.10054498064923782,0.12565393347152304,12661,
sample_4538,0,background,46778,0.9129222498595844,0.9729146179828124,49852,
sample_4538,1,building,3398,0.06945337620578779,0.09535020600353149,4665,
sample_4539,0,background,42596,0.8313437035250613,0.9711240492064983,49758,
sample_4539,1,building,7580,0.04744608399545971,0.05514511873350923,8810,
sample_4540,0,background,47280,0.9370310016697849,0.9851311336717428,49707,
sample_4540,1,building,2896,0.13031397610447346,0.1619475138121547,3599,
sample_4541,0,background,47126,0.921571382688293,0.9741756143105716,49816,
sample_4541,1,building,3050,0.0843684087180689,0.1180327868852459,4267,
sample_4542,0,background,41047,0.7715589571481194,0.918532414061929,48866,
sample_4542,1,building,9129,0.10502685801330874,0.1434987402782342,12473,
sample_4543,0,background,48795,0.9706761821226377,0.9979096218874884,50164,
sample_4543,1,building,1381,0.008091706001348618,0.008689355539464157,1483,
sample_4544,0,background,45352,0.8989487148738857,0.9917533956606104,50034,
sample_4544,1,building,4824,0.027318199307425933,0.02943615257048093,5198,
sample_4545,0,background,47320,0.9382011137115649,0.9826923076923076,49564,
sample_4545,1,building,2856,0.16653061224489796,0.21428571428571427,3675,
sample_4546,0,background,50110,0.9985052316890882,0.999800439034125,50175,
sample_4546,1,building,66,0.013157894736842105,0.015151515151515152,76,
sample_4547,0,background,50099,0.9973884093219832,0.9986227270005389,50161,
sample_4547,1,building,77,0.10273972602739725,0.19480519480519481,146,
sample_4548,0,background,50176,1.0,1.0,50176,
sample_4548,1,building,0,,,0,absent_true_and_predicted_class
sample_4549,0,background,41108,0.809384340708941,0.9814877882650579,49849,
sample_4549,1,building,9068,0.03326889815851053,0.036060873400970445,9829,
sample_4550,0,background,49537,0.9849787548125836,0.9967499041120779,50129,
sample_4550,1,building,639,0.05875,0.07355242566510173,800,
sample_4551,0,background,42315,0.8261741065164666,0.974051754696916,49889,
sample_4551,1,building,7861,0.03203482531532537,0.0365093499554764,8959,
sample_4552,0,background,50176,0.9568518813775511,0.9568518813775511,50176,
sample_4552,1,building,0,0.0,,2165,no_true_class_for_recall
sample_4553,0,background,49912,0.9931829054377292,0.9982769674627344,50168,
sample_4553,1,building,264,0.022857142857142857,0.030303030303030304,350,
sample_4554,0,background,41075,0.7975521871288523,0.96457699330493,49677,
sample_4554,1,building,9101,0.04727169382341796,0.05482913965498297,10556,
sample_4555,0,background,46609,0.9258573125792876,0.9864832972172757,49661,
sample_4555,1,building,3567,0.12270669525851799,0.1443790299971965,4197,
sample_4556,0,background,48958,0.9779740989860456,0.994893582254177,49805,
sample_4556,1,building,1218,0.25272479564032696,0.3045977011494253,1468,
sample_4557,0,background,50123,0.9982659650801243,0.9992418650120704,50172,
sample_4557,1,building,53,0.04395604395604396,0.07547169811320754,91,
sample_4558,0,background,49175,0.9833644372203159,0.9965226232841892,49833,
sample_4558,1,building,1001,0.29266211604095566,0.34265734265734266,1172,
sample_4559,0,background,47356,0.938376413247573,0.9919967902694484,50062,
sample_4559,1,building,2820,0.035636136292591436,0.04042553191489362,3199,
sample_4560,0,background,47909,0.9515907050962401,0.9958045461186833,50135,
sample_4560,1,building,2267,0.01661264181523501,0.01808557565063961,2468,
sample_4561,0,background,49796,0.9903683171475861,0.9973491846734678,50147,
sample_4561,1,building,380,0.056640625,0.07631578947368421,512,
sample_4562,0,background,45967,0.896243867127805,0.9696521417538669,49732,
sample_4562,1,building,4209,0.07922912205567452,0.10548823948681398,5604,
sample_4563,0,background,42516,0.830411822580969,0.9727396744754916,49803,
sample_4563,1,building,7660,0.04229504478965869,0.04869451697127938,8819,
sample_4564,0,background,45961,0.8929053305676944,0.9647092099823764,49657,
sample_4564,1,building,4215,0.08891553880418022,0.12313167259786477,5837,
sample_4565,0,background,49979,0.9934581862422466,0.996638588207047,50139,
sample_4565,1,building,197,0.10136986301369863,0.18781725888324874,365,
sample_4566,0,background,40696,0.7947763496143959,0.9496264989188127,48625,
sample_4566,1,building,9480,0.13451864700780572,0.16360759493670887,11530,
sample_4567,0,background,49993,0.9956948098541019,0.999259896385494,50172,
sample_4567,1,building,183,0.01818181818181818,0.02185792349726776,220,
sample_4568,0,background,50129,0.9989237882653061,0.9998603602705021,50176,
sample_4568,1,building,47,0.0,0.0,54,
sample_4569,0,background,50166,0.9961933992346939,0.9963919786309453,50176,
sample_4569,1,building,10,0.0,0.0,191,
sample_4570,0,background,50176,0.9966916454081632,0.9966916454081632,50176,
sample_4570,1,building,0,0.0,,166,no_true_class_for_recall
sample_4571,0,background,44089,0.8628631248364302,0.9721472476127833,49673,
sample_4571,1,building,6087,0.06876281613123718,0.08263512403482833,7315,
sample_4572,0,background,44214,0.8649393494397618,0.9724747817433392,49711,
sample_4572,1,building,5962,0.06477225240284162,0.0779939617577994,7179,
sample_4573,0,background,41065,0.8064170907034973,0.9725313527334714,49524,
sample_4573,1,building,9111,0.06367809356382459,0.07156184831522336,10239,
sample_4574,0,background,46649,0.9268768346133741,0.9882526956633583,49738,
sample_4574,1,building,3527,0.10748466257668712,0.12418485965409697,4075,
sample_4575,0,background,50176,0.9994818239795918,0.9994818239795918,50176,
sample_4575,1,building,0,0.0,,26,no_true_class_for_recall
sample_4576,0,background,45961,0.8980331367141103,0.9705619982158786,49673,
sample_4576,1,building,4215,0.09033764367816093,0.11933570581257413,5568,
sample_4577,0,background,50173,0.9970902423469388,0.9971498614792816,50176,
sample_4577,1,building,3,0.0,0.0,146,
sample_4578,0,background,44862,0.8999729993561385,0.965873122018635,48147,
sample_4578,1,building,5314,0.2964207450693937,0.38182160331200604,6845,
sample_4579,0,background,49712,0.9894558501096272,0.9985717734148697,50170,
sample_4579,1,building,464,0.011214953271028037,0.01293103448275862,535,
sample_4580,0,background,46902,0.9288526490397107,0.9909385527269626,50037,
sample_4580,1,building,3274,0.03757772370911057,0.04245571166768479,3699,
sample_4581,0,background,38045,0.7298900106706065,0.9349191746615849,48732,
sample_4581,1,building,12131,0.09885671253508592,0.11903388014178551,14607,
sample_4582,0,background,46927,0.9118933012434818,0.9688878470816374,49860,
sample_4582,1,building,3249,0.06710554257804205,0.09726069559864574,4709,
sample_4583,0,background,50176,0.9997608418367347,0.9997608418367347,50176,
sample_4583,1,building,0,0.0,,12,no_true_class_for_recall
sample_4584,0,background,49232,0.9802682717796425,0.9990047123821905,50173,
sample_4584,1,building,944,0.0030211480362537764,0.0031779661016949155,993,
sample_4585,0,background,48877,0.9728108118882931,0.9984859954579863,50167,
sample_4585,1,building,1299,0.0065549890750182084,0.006928406466512702,1373,
sample_4586,0,background,50169,0.9968311543367347,0.9969702405868166,50176,
sample_4586,1,building,7,0.0,0.0,159,
sample_4587,0,background,49791,0.9925623130608175,0.9997188246871924,50150,
sample_4587,1,building,385,0.06516290726817042,0.06753246753246753,399,
sample_4588,0,background,50176,0.9558952487244898,0.9558952487244898,50176,
sample_4588,1,building,0,0.0,,2213,no_true_class_for_recall
sample_4589,0,background,47868,0.9518348623853211,0.9970126180329238,50140,
sample_4589,1,building,2308,0.014687882496940025,0.01559792027729636,2451,
sample_4590,0,background,50099,0.9970894882682455,0.9983632407832491,50163,
sample_4590,1,building,77,0.08176100628930817,0.16883116883116883,159,
sample_4591,0,background,46460,0.9208875928736918,0.9924020662935858,50068,
sample_4591,1,building,3716,0.026542147947898748,0.02906350914962325,4069,
sample_4592,0,background,50176,1.0,1.0,50176,
sample_4592,1,building,0,,,0,absent_true_and_predicted_class
sample_4593,0,background,49614,0.9873236067926333,0.9984278631031563,50172,
sample_4593,1,building,562,0.00625,0.0071174377224199285,640,
sample_4594,0,background,45967,0.8926427333897418,0.9639306458981444,49638,
sample_4594,1,building,4209,0.09169933526504176,0.12782133523402234,5867,
sample_4595,0,background,46954,0.9145467322557976,0.9700770967329727,49805,
sample_4595,1,building,3222,0.08018154311649017,0.11514587212911236,4627,
sample_4596,0,background,49732,0.9890697303334929,0.997104480012869,50136,
sample_4596,1,building,444,0.06802721088435375,0.09009009009009009,588,
sample_4597,0,background,38102,0.729842302671115,0.9243609259356464,48257,
sample_4597,1,building,12074,0.12830970847820272,0.1589365578929932,14956,
sample_4598,0,background,50041,0.9948176200916883,0.9973821466397554,50170,
sample_4598,1,building,135,0.022556390977443608,0.044444444444444446,266,
sample_4599,0,background,48420,0.9639885856677787,0.9907063197026023,49762,
sample_4599,1,building,1756,0.18766999093381687,0.2357630979498861,2206,
sample_4600,0,background,43847,0.8552702892586868,0.9717198440030105,49817,
sample_4600,1,building,6329,0.04743030783458845,0.05672302101437826,7569,
sample_4601,0,background,50129,0.9984654017857143,0.9994015440164375,50176,
sample_4601,1,building,47,0.0,0.0,77,
sample_4602,0,background,40786,0.7969994253345374,0.9521159221301427,48724,
sample_4602,1,building,9390,0.12800846336947896,0.1546325878594249,11343,
sample_4603,0,background,50176,0.9969308035714286,0.9969308035714286,50176,
sample_4603,1,building,0,0.0,,154,no_true_class_for_recall
sample_4604,0,background,50036,0.9899920255183413,0.9924454392837158,50160,
sample_4604,1,building,140,0.03088803088803089,0.11428571428571428,518,
sample_4605,0,background,40991,0.7666346212849516,0.9143470517918567,48889,
sample_4605,1,building,9185,0.10137051039697542,0.14011976047904193,12696,
sample_4606,0,background,50019,0.9965720663265306,0.9997001139566964,50176,
sample_4606,1,building,157,0.0,0.0,172,
sample_4607,0,background,46804,0.9311740071617877,0.9833988547987351,49429,
sample_4607,1,building,3372,0.18004338394793926,0.2215302491103203,4149,
sample_4608,0,background,48370,0.9461262920888343,0.9556129832540831,48855,
sample_4608,1,building,1806,0.3341765747533519,0.7314507198228128,3953,
sample_4609,0,background,47021,0.9180724336424688,0.9768614023521406,50032,
sample_4609,1,building,3155,0.03393825123733207,0.045641838351822506,4243,
sample_4610,0,background,46921,0.9158400961827472,0.9740840988043733,49905,
sample_4610,1,building,3255,0.060612838291210024,0.08325652841781873,4471,
sample_4611,0,background,49097,0.9626574472816967,0.9697944884616168,49461,
sample_4611,1,building,1079,0.2790788446526151,0.6626506024096386,2562,
sample_4612,0,background,50099,0.9973485905665643,0.9986027665222859,50162,
sample_4612,1,building,77,0.09523809523809523,0.18181818181818182,147,
sample_4613,0,background,42990,0.8388212450952631,0.9647127238892765,49442,
sample_4613,1,building,7186,0.08433873376996438,0.10214305594210966,8703,
sample_4614,0,background,46747,0.9149230122339467,0.9774744903416261,49943,
sample_4614,1,building,3429,0.051985720660419454,0.06794983960338291,4482,
sample_4615,0,background,46661,0.9055894124982401,0.9649385996871048,49719,
sample_4615,1,building,3515,0.08872063676955931,0.13001422475106686,5151,
sample_4616,0,background,46739,0.9241208637688101,0.9906929972827831,50106,
sample_4616,1,building,3437,0.018078512396694214,0.020366598778004074,3872,
sample_4617,0,background,44555,0.8745388933440257,0.9790595892716867,49880,
sample_4617,1,building,5621,0.04516325907842539,0.05265966909802526,6554,
sample_4618,0,background,46323,0.9228039395510188,0.9992012607128209,50158,
sample_4618,1,building,3853,0.004627249357326478,0.004671684401764859,3890,
sample_4619,0,background,48840,0.9728738564566599,0.9994266994266994,50173,
sample_4619,1,building,1336,0.0021994134897360706,0.002245508982035928,1364,
sample_4620,0,background,43084,0.8411979871875189,0.966135920527342,49483,
sample_4620,1,building,7092,0.08104315284762016,0.09771573604060914,8551,
sample_4621,0,background,45251,0.8956810100283671,0.9908289319573048,50058,
sample_4621,1,building,4925,0.022097378277153558,0.02395939086294416,5340,
sample_4622,0,background,47332,0.9276393593778187,0.977752894447731,49889,
sample_4622,1,building,2844,0.07364639466256094,0.10091420534458509,3897,
sample_4623,0,background,41069,0.8074544205036989,0.9727044729601403,49474,
sample_4623,1,building,9107,0.06863511928040672,0.07708356209509169,10228,
sample_4624,0,background,50169,0.9987643494897959,0.9989037054754928,50176,
sample_4624,1,building,7,0.0,0.0,62,
sample_4625,0,background,43369,0.8534873460875145,0.981346122806613,49866,
sample_4625,1,building,6807,0.04070378151260504,0.04554135448802703,7616,
sample_4626,0,background,40045,0.7664197833139499,0.938019727806218,49011,
sample_4626,1,building,10131,0.09236502021723618,0.11499358404895864,12613,
sample_4627,0,background,44858,0.8988265807693112,0.9579562173971198,47809,
sample_4627,1,building,5318,0.32856746252082175,0.44509213990221885,7204,
sample_4628,0,background,45022,0.8795093650251943,0.9731020390031541,49813,
sample_4628,1,building,5154,0.057030636292223096,0.07043073341094296,6365,
sample_4629,0,background,46585,0.9172502100756272,0.9841365246323924,49982,
sample_4629,1,building,3591,0.04480369515011547,0.05402394876079086,4330,
sample_4630,0,background,41049,0.803114839641954,0.9748349533484373,49826,
sample_4630,1,building,9127,0.0344488188976378,0.038347759395201055,10160,
sample_4631,0,background,43376,0.8573774102476823,0.9871818517152342,49943,
sample_4631,1,building,6800,0.03167482327351822,0.03426470588235294,7356,
sample_4632,0,background,43534,0.841850273399807,0.9619377957458538,49744,
sample_4632,1,building,6642,0.0520544643933004,0.06504065040650407,8299,
sample_4633,0,background,41205,0.7895690489426977,0.9306394854993326,48567,
sample_4633,1,building,8971,0.13602164172795672,0.17935570170549547,11829,
sample_4634,0,background,46319,0.9170099588049434,0.9900041019883848,50006,
sample_4634,1,building,3857,0.03935185185185185,0.04407570650764843,4320,
sample_4635,0,background,42298,0.8165637632483961,0.959903541538607,49723,
sample_4635,1,building,7878,0.047315646542719865,0.0575019040365575,9574,
sample_4636,0,background,44455,0.8694701362277552,0.9748509728939377,49843,
sample_4636,1,building,5721,0.04869132914168738,0.058206607236497114,6839,
sample_4637,0,background,41081,0.8062211519165161,0.9779216669506584,49830,
sample_4637,1,building,9095,0.03459308138372325,0.03804288070368334,10002,
sample_4638,0,background,46647,0.9274542563256104,0.9877376894548416,49679,
sample_4638,1,building,3529,0.12118995366983662,0.1408330971946727,4101,
sample_4639,0,background,50176,0.9995017538265306,0.9995017538265306,50176,
sample_4639,1,building,0,0.0,,25,no_true_class_for_recall
sample_4640,0,background,49750,0.990831722241046,0.9992562814070352,50173,
sample_4640,1,building,426,0.0064794816414686825,0.007042253521126761,463,
sample_4641,0,background,49773,0.9910669777272637,0.9985936150121552,50151,
sample_4641,1,building,403,0.052854122621564484,0.062034739454094295,473,
sample_4642,0,background,46018,0.9121423294263293,0.9926767786518319,50081,
sample_4642,1,building,4158,0.021134593993325918,0.02284752284752285,4495,
sample_4643,0,background,50176,1.0,1.0,50176,
sample_4643,1,building,0,,,0,absent_true_and_predicted_class
sample_4644,0,background,50176,0.9808673469387755,0.9808673469387755,50176,
sample_4644,1,building,0,0.0,,960,no_true_class_for_recall
sample_4645,0,background,41036,0.804175070592981,0.9716102934009163,49580,
sample_4645,1,building,9140,0.05783600194080543,0.06520787746170678,10305,
sample_4646,0,background,46456,0.9241985996688675,0.9973092819011538,50131,
sample_4646,1,building,3720,0.011703511053315995,0.012096774193548387,3845,
sample_4647,0,background,47043,0.9188249400479617,0.9773611376825457,50040,
sample_4647,1,building,3133,0.03239637922820391,0.043408873284391955,4198,
sample_4648,0,background,50176,0.9876833545918368,0.9876833545918368,50176,
sample_4648,1,building,0,0.0,,618,no_true_class_for_recall
sample_4649,0,background,41022,0.8030082778114274,0.9695529228219004,49530,
sample_4649,1,building,9154,0.06209747188311064,0.07057024251693249,10403,
sample_4650,0,background,49234,0.9801447281861133,0.9986391518056628,50163,
sample_4650,1,building,942,0.01288404360753221,0.013800424628450107,1009,
sample_4651,0,background,50176,0.9995416135204082,0.9995416135204082,50176,
sample_4651,1,building,0,0.0,,23,no_true_class_for_recall
sample_4652,0,background,47994,0.9551733072890713,0.9984998124765596,50171,
sample_4652,1,building,2182,0.0022182786157941437,0.00229147571035747,2254,
sample_4653,0,background,50176,0.9981066645408163,0.9981066645408163,50176,
sample_4653,1,building,0,0.0,,95,no_true_class_for_recall
sample_4654,0,background,41042,0.8050628829409868,0.9732469177915306,49616,
sample_4654,1,building,9134,0.054730258014073496,0.061309393474928836,10232,
sample_4655,0,background,50176,0.9997409119897959,0.9997409119897959,50176,
sample_4655,1,building,0,0.0,,13,no_true_class_for_recall
sample_4656,0,background,41074,0.7962616069450319,0.9624580026294006,49647,
sample_4656,1,building,9102,0.04969936114242766,0.058119094704460555,10644,
sample_4657,0,background,46308,0.9180196912507739,0.9926578560939795,50073,
sample_4657,1,building,3868,0.024477186311787073,0.026628748707342297,4208,
sample_4658,0,background,42739,0.8248865819266767,0.9444535436018625,48934,
sample_4658,1,building,7437,0.12659260014269696,0.16700282371924163,9811,
sample_4659,0,background,49328,0.9783706127661272,0.9940196237431074,50117,
sample_4659,1,building,848,0.051618547681539804,0.0695754716981132,1143,
sample_4660,0,background,50126,0.9960323789775899,0.9966284961896023,50156,
sample_4660,1,building,50,0.091324200913242,0.4,219,
sample_4661,0,background,47815,0.952744449316379,0.9997490327303148,50174,
sample_4661,1,building,2361,0.0008428150021070375,0.0008470986869970351,2373,
sample_4662,0,background,47294,0.9382116442635174,0.9843743392396499,49621,
sample_4662,1,building,2882,0.15327257663628832,0.19257460097154755,3621,
sample_4663,0,background,47256,0.9364333959474042,0.991641273065854,50042,
sample_4663,1,building,2920,0.040422322775263954,0.04589041095890411,3315,
sample_4664,0,background,48376,0.9641701665896348,0.9918141227054738,49763,
sample_4664,1,building,1800,0.18806921675774135,0.22944444444444445,2196,
sample_4665,0,background,47034,0.9290535143769968,0.9892205638474295,50080,
sample_4665,1,building,3142,0.026308577692518497,0.030553787396562698,3649,
sample_4666,0,background,49003,0.9778280271346527,0.9971838458869865,49973,
sample_4666,1,building,1173,0.15484363081617086,0.17306052855924978,1311,
sample_4667,0,background,50176,0.9983258928571429,0.9983258928571429,50176,
sample_4667,1,building,0,0.0,,84,no_true_class_for_recall
sample_4668,0,background,48954,0.9764342825080656,0.9953629938309433,49903,
sample_4668,1,building,1222,0.18840579710144928,0.22340425531914893,1449,
sample_4669,0,background,48942,0.9595054722334819,0.9673082424093825,49340,
sample_4669,1,building,1234,0.2949894142554693,0.6774716369529984,2834,
sample_4670,0,background,50099,0.9978870572288556,0.9992415018263837,50167,
sample_4670,1,building,77,0.0782608695652174,0.11688311688311688,115,
sample_4671,0,background,40915,0.7595152511040362,0.9037516803128437,48685,
sample_4671,1,building,9261,0.11296310326539889,0.16099773242630386,13199,
sample_4672,0,background,49534,0.9871452487244898,0.9999394355392256,50176,
sample_4672,1,building,642,0.0,0.0,645,
sample_4673,0,background,42109,0.8153551251008878,0.959628582963262,49560,
sample_4673,1,building,8067,0.06306951981161052,0.07636048097186067,9767,
sample_4674,0,background,40816,0.8020002041024594,0.9627107016856135,48995,
sample_4674,1,building,9360,0.10852784414629664,0.12617521367521367,10882,
sample_4675,0,background,48128,0.9502096226791775,0.9889461436170213,50090,
sample_4675,1,building,2048,0.03333333333333333,0.0419921875,2580,
sample_4676,0,background,41316,0.8115962431872574,0.976740245909575,49723,
sample_4676,1,building,8860,0.046125649119234294,0.05112866817155756,9821,
sample_4677,0,background,50094,0.9970096289946373,0.9983431149439055,50161,
sample_4677,1,building,82,0.09090909090909091,0.18292682926829268,165,
sample_4678,0,background,42860,0.8416512507037722,0.9765982267848811,49732,
sample_4678,1,building,7316,0.05337179949513163,0.06068890103881903,8319,
sample_4679,0,background,50160,0.9964923469387755,0.9968102073365231,50176,
sample_4679,1,building,16,0.0,0.0,176,
sample_4680,0,background,48887,0.9631365821547545,0.9876449771923006,50131,
sample_4680,1,building,1289,0.02377179080824089,0.03491078355314197,1893,
sample_4681,0,background,49867,0.9906277418840232,0.9962099183828985,50148,
sample_4681,1,building,309,0.05622489959839357,0.09061488673139159,498,
sample_4682,0,background,42538,0.8299280171635955,0.9730358738069491,49873,
sample_4682,1,building,7638,0.03449060899260102,0.0396700706991359,8785,
sample_4683,0,background,49983,0.9951955663649775,0.9987595782566072,50162,
sample_4683,1,building,193,0.054901960784313725,0.07253886010362694,255,
sample_4684,0,background,49599,0.9861271676300578,0.9974797878989495,50170,
sample_4684,1,building,577,0.008547008547008548,0.010398613518197574,702,
sample_4685,0,background,49782,0.9922853042022167,0.9998995620907155,50164,
sample_4685,1,building,394,0.03007518796992481,0.030456852791878174,399,
sample_4686,0,background,46262,0.9216722154661988,0.9993515196057239,50161,
sample_4686,1,building,3914,0.0038032454361054766,0.003832396525293817,3944,
sample_4687,0,background,41049,0.8060172438048918,0.9770030938634315,49757,
sample_4687,1,building,9127,0.0416046072882534,0.04590774624739783,10071,
sample_4688,0,background,47179,0.932745536163617,0.9821318807096378,49677,
sample_4688,1,building,2997,0.12994791666666666,0.16649983316649983,3840,
sample_4689,0,background,47002,0.9256181839971238,0.9859580443385387,50066,
sample_4689,1,building,3174,0.028690662493479395,0.03465658475110271,3834,
sample_4690,0,background,49932,0.99491768645115,0.9997396459184491,50174,
sample_4690,1,building,244,0.007782101167315175,0.00819672131147541,257,
sample_4691,0,background,42891,0.839612399983917,0.9737240913012054,49742,
sample_4691,1,building,7285,0.051592962434617216,0.059574468085106386,8412,
sample_4692,0,background,43643,0.8498844337252538,0.9689068120889948,49755,
sample_4692,1,building,6533,0.053358681875792145,0.06444206337058013,7890,
sample_4693,0,background,49414,0.9824313006022415,0.996984660217752,50146,
sample_4693,1,building,762,0.03293084522502744,0.03937007874015748,911,
sample_4694,0,background,49690,0.9897759885204082,0.9994566311129,50176,
sample_4694,1,building,486,0.0,0.0,513,
sample_4695,0,background,46549,0.9249592169657422,0.986637736578659,49653,
sample_4695,1,building,3627,0.12308778536126147,0.14419630548662807,4249,
sample_4696,0,background,50176,0.9990234375,0.9990234375,50176,
sample_4696,1,building,0,0.0,,49,no_true_class_for_recall
sample_4697,0,background,43831,0.8535476473073287,0.9680135064223951,49709,
sample_4697,1,building,6345,0.060281399251323094,0.07360126083530338,7747,
sample_4698,0,background,48935,0.9774972447650536,0.9968734034944314,49905,
sample_4698,1,building,1241,0.19440459110473457,0.21837228041901693,1394,
sample_4699,0,background,46965,0.9320281785707158,0.9944213776216332,50109,
sample_4699,1,building,3211,0.019291678663979267,0.02086577390221115,3473,
sample_4700,0,background,38175,0.7138369978508844,0.9048853962017027,48392,
sample_4700,1,building,12001,0.11412487205731832,0.14865427881009916,15632,
sample_4701,0,background,49478,0.98506629448709,0.9985448077933627,50155,
sample_4701,1,building,698,0.02727272727272727,0.03008595988538682,770,
sample_4702,0,background,42790,0.830261569416499,0.9643374620238373,49700,
sample_4702,1,building,7386,0.05341113105924596,0.06444624966152179,8912,
sample_4703,0,background,50176,1.0,1.0,50176,
sample_4703,1,building,0,,,0,absent_true_and_predicted_class
sample_4704,0,background,50116,0.9987643494897959,0.9999600925852024,50176,
sample_4704,1,building,60,0.0,0.0,62,
sample_4705,0,background,47337,0.9394320130828447,0.9950989712064559,50142,
sample_4705,1,building,2839,0.011071312276131553,0.011976047904191617,3071,
sample_4706,0,background,48013,0.9513906940473096,0.9909816091475225,50011,
sample_4706,1,building,2163,0.0635593220338983,0.07628294036061026,2596,
sample_4707,0,background,47854,0.9513163143199043,0.9967609813181761,50140,
sample_4707,1,building,2322,0.014533710133225677,0.015503875968992248,2477,
sample_4708,0,background,49419,0.9826413136734572,0.9965600275197798,50119,
sample_4708,1,building,757,0.061488673139158574,0.07529722589167767,927,
sample_4709,0,background,42420,0.8342353176989377,0.9811409712399811,49890,
sample_4709,1,building,7756,0.03342683496961197,0.0368746776689015,8556,
sample_4710,0,background,42888,0.8313023921488448,0.9480274202574147,48910,
sample_4710,1,building,7288,0.13302511295576336,0.17371020856201977,9517,
sample_4711,0,background,48032,0.9451744721765954,0.9823659227181879,49922,
sample_4711,1,building,2144,0.0849214309595453,0.11847014925373134,2991,
sample_4712,0,background,49541,0.985818573480134,0.9976585050766033,50136,
sample_4712,1,building,635,0.05326231691078562,0.06299212598425197,751,
sample_4713,0,background,50176,1.0,1.0,50176,
sample_4713,1,building,0,,,0,absent_true_and_predicted_class
sample_4714,0,background,49680,0.9892496709082931,0.9983695652173913,50138,
sample_4714,1,building,496,0.0658578856152513,0.07661290322580645,577,
sample_4715,0,background,46559,0.9196493349455864,0.9801112566850663,49620,
sample_4715,1,building,3617,0.1223860884877834,0.1537185512855958,4543,
sample_4716,0,background,50176,1.0,1.0,50176,
sample_4716,1,building,0,,,0,absent_true_and_predicted_class
sample_4717,0,background,49419,0.9838339944585086,0.9987251866690949,50167,
sample_4717,1,building,757,0.01097560975609756,0.011889035667107,820,
sample_4718,0,background,49758,0.9908077605630995,0.9986333855862374,50151,
sample_4718,1,building,418,0.051440329218107,0.05980861244019139,486,
sample_4719,0,background,42519,0.8274697438784127,0.968037818387074,49742,
sample_4719,1,building,7657,0.04813664596273292,0.05668016194331984,9016,
sample_4720,0,background,49345,0.9832190688775511,0.999777079744655,50176,
sample_4720,1,building,831,0.0,0.0,842,
sample_4721,0,background,43057,0.8491105208081784,0.9799568014492417,49692,
sample_4721,1,building,7119,0.060636431971936855,0.06798707683663435,7982,
sample_4722,0,background,38256,0.7353383149097347,0.9337620242576328,48579,
sample_4722,1,building,11920,0.11048844610488447,0.13397651006711409,14454,
sample_4723,0,background,43957,0.8485997901702849,0.9568441886388971,49564,
sample_4723,1,building,6219,0.07540660423854115,0.09840810419681621,8116,
sample_4724,0,background,38208,0.7059737676384659,0.8917242462311558,48261,
sample_4724,1,building,11968,0.11890717168581186,0.1600100267379679,16105,
sample_4725,0,background,42751,0.8311160987553561,0.9527964258146008,49010,
sample_4725,1,building,7425,0.12347770835539554,0.15703703703703703,9443,
sample_4726,0,background,42719,0.8403319235934337,0.9814134225988436,49891,
sample_4726,1,building,7457,0.034541267725124225,0.03821912297170444,8251,
sample_4727,0,background,43361,0.8552086045626615,0.9847097622287309,49927,
sample_4727,1,building,6815,0.033297673174645624,0.036537050623624355,7478,
sample_4728,0,background,47645,0.9487174376656767,0.9990555147444643,50173,
sample_4728,1,building,2531,0.0011645962732919255,0.001185302252074279,2576,
sample_4729,0,background,43065,0.8481284927431352,0.9797050969464762,49746,
sample_4729,1,building,7111,0.05385097056981841,0.06046969483898186,7985,
sample_4730,0,background,50176,0.9961535395408163,0.9961535395408163,50176,
sample_4730,1,building,0,0.0,,193,no_true_class_for_recall
sample_4731,0,background,47957,0.9513586848090658,0.9943074003795066,50122,
sample_4731,1,building,2219,0.021669341894060994,0.02433528616493916,2492,
sample_4732,0,background,43376,0.8563429465952195,0.9837006639616378,49827,
sample_4732,1,building,6800,0.04648994272012788,0.051323529411764705,7507,
sample_4733,0,background,47971,0.9437492479845987,0.9810302057493069,49866,
sample_4733,1,building,2205,0.09951845906902086,0.14058956916099774,3115,
sample_4734,0,background,46880,0.9299505345460348,0.9945392491467577,50136,
sample_4734,1,building,3296,0.01126126126126126,0.012135922330097087,3552,
sample_4735,0,background,45961,0.8966363563209141,0.9697352102869824,49708,
sample_4735,1,building,4215,0.08348198358901178,0.1110320284697509,5606,
sample_4736,0,background,40953,0.8090008964224594,0.9696237149903548,49084,
sample_4736,1,building,9223,0.10432788764689023,0.11839965304130977,10467,
sample_4737,0,background,45961,0.8982430011874334,0.9710624224886316,49687,
sample_4737,1,building,4215,0.08818755635707845,0.11601423487544484,5545,
sample_4738,0,background,46485,0.9190490460493457,0.9896310637840163,50055,
sample_4738,1,building,3691,0.028995926192187875,0.032782443782172856,4173,
sample_4739,0,background,49925,0.9925658707697214,0.9975162744116174,50174,
sample_4739,1,building,251,0.005333333333333333,0.00796812749003984,375,
sample_4740,0,background,43576,0.8458512303801533,0.9670919772351754,49822,
sample_4740,1,building,6600,0.044062733383121735,0.053636363636363635,8034,
sample_4741,0,background,49927,0.9903320974365107,0.9950728062971939,50166,
sample_4741,1,building,249,0.020202020202020204,0.040160642570281124,495,
sample_4742,0,background,43361,0.8564643164919735,0.9855630635824819,49897,
sample_4742,1,building,6815,0.037494960354791024,0.04093910491562729,7441,
sample_4743,0,background,47257,0.9192273045741167,0.9717078951266479,49955,
sample_4743,1,building,2919,0.05192669172932331,0.07571085988352175,4256,
sample_4744,0,background,46687,0.9034363640015264,0.9635016171525264,49791,
sample_4744,1,building,3489,0.07413826304640862,0.11034680424190313,5193,
sample_4745,0,background,40760,0.7961031212065098,0.949288518155054,48603,
sample_4745,1,building,9416,0.1369851084211443,0.16705607476635514,11483,
sample_4746,0,background,49651,0.9890784438775511,0.9995367666310849,50176,
sample_4746,1,building,525,0.0,0.0,548,
sample_4747,0,background,46289,0.9217946161515453,0.9986821923135086,50150,
sample_4747,1,building,3887,0.006585612968591692,0.006688963210702341,3948,
sample_4748,0,background,46369,0.9233452950558214,0.9988354288425456,50160,
sample_4748,1,building,3807,0.004144004144004144,0.0042027843446283165,3861,
sample_4749,0,background,48905,0.970882112442911,0.9954196912381147,50141,
sample_4749,1,building,1271,0.023411371237458192,0.02753737214791503,1495,
sample_4750,0,background,40457,0.7933548267860443,0.9549398126405814,48697,
sample_4750,1,building,9719,0.12814070351758794,0.1521761498096512,11542,
sample_4751,0,background,49848,0.9921003810169762,0.9976929866795057,50129,
sample_4751,1,building,328,0.10609480812641084,0.14329268292682926,443,
sample_4752,0,background,49154,0.9764755177780439,0.9956259917809334,50118,
sample_4752,1,building,1022,0.04688763136620857,0.05675146771037182,1237,
sample_4753,0,background,46473,0.9237859622521049,0.996320444128849,50122,
sample_4753,1,building,3703,0.013939081053175014,0.014582770726438023,3874,
sample_4754,0,background,49983,0.992700584352127,0.9958385851189404,50141,
sample_4754,1,building,193,0.08728179551122195,0.18134715025906736,401,
sample_4755,0,background,42540,0.8205196182396607,0.9458157028678891,49036,
sample_4755,1,building,7636,0.11467659189216377,0.1492928234677842,9941,
sample_4756,0,background,49635,0.9890138373808669,0.9993552936435983,50154,
sample_4756,1,building,541,0.038394415357766144,0.04066543438077634,573,
sample_4757,0,background,49817,0.9913892764600358,0.9984141959572034,50170,
sample_4757,1,building,359,0.0136986301369863,0.016713091922005572,438,
sample_4758,0,background,46720,0.9231245135410222,0.9900470890410958,50107,
sample_4758,1,building,3456,0.017597551644988524,0.019965277777777776,3921,
sample_4759,0,background,48920,0.9774475244351867,0.9975878986099754,49928,
sample_4759,1,building,1256,0.1804949053857351,0.19745222929936307,1374,
sample_4760,0,background,44792,0.8808519148085191,0.9833675656367209,50005,
sample_4760,1,building,5384,0.027900146842878122,0.03176077265973254,6129,
sample_4761,0,background,40392,0.789521025410389,0.9561546840958606,48917,
sample_4761,1,building,9784,0.10895716140199048,0.1286794766966476,11555,
sample_4762,0,background,43910,0.8524471299093656,0.9638806649965839,49650,
sample_4762,1,building,6266,0.06698930208863983,0.08394510054261091,7852,
sample_4763,0,background,49381,0.9835951203954713,0.9992709746663696,50168,
sample_4763,1,building,795,0.009626955475330927,0.010062893081761006,831,
sample_4764,0,background,49796,0.9921035314762009,0.9991364768254478,50149,
sample_4764,1,building,380,0.06382978723404255,0.07105263157894737,423,
sample_4765,0,background,38070,0.7212634791035236,0.9188862621486735,48501,
sample_4765,1,building,12106,0.11024088455969462,0.13836114323475962,15194,
sample_4766,0,background,49417,0.984251968503937,0.9991500900499828,50165,
sample_4766,1,building,759,0.01373283395755306,0.014492753623188406,801,
sample_4767,0,background,46823,0.925609756097561,0.9888089186938043,50020,
sample_4767,1,building,3353,0.04023729687903018,0.046525499552639425,3877,
sample_4768,0,background,47185,0.9286071592932749,0.9835540955812229,49977,
sample_4768,1,building,2991,0.05282718343509424,0.0665329321297225,3767,
sample_4769,0,background,50099,0.9975477980023525,0.9987424898700573,50159,
sample_4769,1,building,77,0.12142857142857143,0.22077922077922077,140,
sample_4770,0,background,50176,0.9999601403061225,0.9999601403061225,50176,
sample_4770,1,building,0,0.0,,2,no_true_class_for_recall
sample_4771,0,background,41154,0.7631363561957767,0.9062545560577344,48872,
sample_4771,1,building,9022,0.10124223602484472,0.14453557969408112,12880,
sample_4772,0,background,49872,0.9817808519544721,0.9875882258581969,50167,
sample_4772,1,building,304,0.009750812567713976,0.029605263157894735,923,
sample_4773,0,background,49109,0.977836243322969,0.9990022195524242,50172,
sample_4773,1,building,1067,0.0035842293906810036,0.0037488284910965324,1116,
sample_4774,0,background,46857,0.9251577098139423,0.9890304543611413,50092,
sample_4774,1,building,3319,0.021914949126010958,0.025308827960228986,3833,
sample_4775,0,background,48850,0.9687830371212575,0.9942272262026612,50133,
sample_4775,1,building,1326,0.026741293532338308,0.032428355957767725,1608,
sample_4776,0,background,41042,0.8049214469134804,0.9699576044052434,49457,
sample_4776,1,building,9134,0.06935468312915984,0.07871688197941756,10367,
sample_4777,0,background,49222,0.9803476042414095,0.9992686197228882,50172,
sample_4777,1,building,954,0.00404040404040404,0.0041928721174004195,990,
sample_4778,0,background,41112,0.7973829482723369,0.9486281377699942,48910,
sample_4778,1,building,9064,0.11327845382963493,0.13967343336275376,11176,
sample_4779,0,background,47044,0.9236665602044075,0.9835898307967009,50096,
sample_4779,1,building,3132,0.020491803278688523,0.02554278416347382,3904,
sample_4780,0,background,46409,0.9234191990741665,0.9971988191945528,50117,
sample_4780,1,building,3767,0.015139851167564793,0.015662330767188745,3897,
sample_4781,0,background,50067,0.9942786515957976,0.996185111949987,50163,
sample_4781,1,building,109,0.043333333333333335,0.11926605504587157,300,
sample_4782,0,background,46668,0.9264587362991619,0.9853004199880003,49632,
sample_4782,1,building,3508,0.12970910824988077,0.15507411630558723,4194,
sample_4783,0,background,42914,0.8406877021028741,0.9753693433378384,49789,
sample_4783,1,building,7262,0.04652001442481067,0.05329110437895897,8319,
sample_4784,0,background,42570,0.8207433686056231,0.9456189805027014,49047,
sample_4784,1,building,7606,0.11379901219635118,0.14843544570076256,9921,
sample_4785,0,background,48923,0.9763109290933911,0.9940518774400589,49812,
sample_4785,1,building,1253,0.23575129533678757,0.2905027932960894,1544,
sample_4786,0,background,42845,0.8404479922787687,0.9755630762049248,49733,
sample_4786,1,building,7331,0.05287658152303652,0.060428318101214025,8378,
sample_4787,0,background,46802,0.9289476834670178,0.994765180975172,50118,
sample_4787,1,building,3374,0.01602652666482454,0.017190278601066984,3619,
sample_4788,0,background,38227,0.717676788599362,0.9063750752086221,48278,
sample_4788,1,building,11949,0.12223080886141165,0.15884174407900242,15528,
sample_4789,0,background,46667,0.9238867863757146,0.9834572610195641,49676,
sample_4789,1,building,3509,0.116795141322121,0.14249073810202337,4281,
sample_4790,0,background,46864,0.9308335188295526,0.9815423352680096,49417,
sample_4790,1,building,3312,0.18170936078525257,0.22916666666666666,4177,
sample_4791,0,background,50169,0.9973692602040817,0.997508421535211,50176,
sample_4791,1,building,7,0.0,0.0,132,
sample_4792,0,background,48946,0.9754333233142972,0.9945450087851918,49905,
sample_4792,1,building,1230,0.18102872411489646,0.22032520325203253,1497,
sample_4793,0,background,49876,0.9937592215974798,0.9992982596840163,50154,
sample_4793,1,building,300,0.06567164179104477,0.07333333333333333,335,
sample_4794,0,background,44172,0.8751750070002801,0.9906049080865706,49998,
sample_4794,1,building,6004,0.0277301760398816,0.029646902065289808,6419,
sample_4795,0,background,40413,0.7899062725306417,0.9488530918268874,48545,
sample_4795,1,building,9763,0.1378698224852071,0.1670593055413295,11830,
sample_4796,0,background,46454,0.9207813998082455,0.9923365049296078,50064,
sample_4796,1,building,3722,0.02746444335458558,0.030091348737238045,4078,
sample_4797,0,background,43891,0.8556551807325801,0.9697204438267526,49742,
sample_4797,1,building,6285,0.057000262674021536,0.0690533015115354,7614,
sample_4798,0,background,42380,0.8271149761551717,0.9739971684756961,49906,
sample_4798,1,building,7796,0.030343897505057317,0.03463314520266803,8898,
sample_4799,0,background,42653,0.8291694663327429,0.9547511312217195,49113,
sample_4799,1,building,7523,0.11245107373320638,0.14130001329256944,9453,
sample_4800,0,background,40045,0.7672985491868508,0.9390186040704208,49007,
sample_4800,1,building,10131,0.09297701423685675,0.11538841180534992,12573,
sample_4801,0,background,48012,0.9551968111609367,0.9982296092643506,50175,
sample_4801,1,building,2164,0.00044464206313917296,0.0004621072088724584,2249,
sample_4802,0,background,49712,0.9900299102691924,0.9987528162214354,50150,
sample_4802,1,building,464,0.049429657794676805,0.05603448275862069,526,
sample_4803,0,background,49050,0.9791391126608152,0.9961467889908256,49902,
sample_4803,1,building,1126,0.20836501901140683,0.2433392539964476,1315,
sample_4804,0,background,50156,0.9517498405612245,0.952129356408007,50176,
sample_4804,1,building,20,0.0,0.0,2421,
sample_4805,0,background,47065,0.9332307753780992,0.9924784871985551,50053,
sample_4805,1,building,3111,0.0354978354978355,0.03953712632594021,3465,
sample_4806,0,background,50176,0.9992625956632653,0.9992625956632653,50176,
sample_4806,1,building,0,0.0,,37,no_true_class_for_recall
sample_4807,0,background,43586,0.8470123040484936,0.9681778552746295,49821,
sample_4807,1,building,6590,0.04450294596966278,0.05386949924127466,7977,
sample_4808,0,background,42534,0.8138362201496362,0.9334414821084309,48785,
sample_4808,1,building,7642,0.13281772176071804,0.18202041350431825,10473,
sample_4809,0,background,41057,0.8036089982197767,0.9675329420074531,49432,
sample_4809,1,building,9119,0.0711825487944891,0.08158789340936506,10452,
sample_4810,0,background,43623,0.8446437909811336,0.962657313802352,49718,
sample_4810,1,building,6553,0.05597653385480322,0.06989165267816268,8182,
sample_4811,0,background,47391,0.926864024084295,0.9744677259395244,49825,
sample_4811,1,building,2785,0.08785982478097622,0.12603231597845602,3995,
sample_4812,0,background,50176,0.9998804209183674,0.9998804209183674,50176,
sample_4812,1,building,0,0.0,,6,no_true_class_for_recall
sample_4813,0,background,46441,0.9249431840835692,0.9990525613143558,50162,
sample_4813,1,building,3735,0.0037046837787774543,0.003748326639892905,3779,
sample_4814,0,background,47057,0.9251038007026509,0.984848162866311,50096,
sample_4814,1,building,3119,0.020876826722338204,0.025649246553382493,3832,
sample_4815,0,background,45491,0.9105300090811524,0.9697962234288101,48452,
sample_4815,1,building,4685,0.2845354018814986,0.367982924226254,6059,
sample_4816,0,background,49910,0.9935822055687322,0.9988178721699058,50173,
sample_4816,1,building,266,0.009230769230769232,0.011278195488721804,325,
sample_4817,0,background,49868,0.9909697996611183,0.9968717413972888,50165,
sample_4817,1,building,308,0.023706896551724137,0.03571428571428571,464,
sample_4818,0,background,45961,0.8932222872007904,0.9637301190139466,49589,
sample_4818,1,building,4215,0.09979598775926556,0.13926453143534995,5882,
sample_4819,0,background,50176,0.9996213329081632,0.9996213329081632,50176,
sample_4819,1,building,0,0.0,,19,no_true_class_for_recall
sample_4820,0,background,50156,0.9474649234693877,0.9478427306802776,50176,
sample_4820,1,building,20,0.0,0.0,2636,
sample_4821,0,background,50176,0.9997010522959183,0.9997010522959183,50176,
sample_4821,1,building,0,0.0,,15,no_true_class_for_recall
sample_4822,0,background,41021,0.775965962297952,0.929206991540918,49122,
sample_4822,1,building,9155,0.08740359897172237,0.11512834516657564,12059,
sample_4823,0,background,42958,0.8393874499979798,0.9671772428884027,49498,
sample_4823,1,building,7218,0.07858136300417246,0.09393183707398171,8628,
sample_4824,0,background,50176,0.9999202806122449,0.9999202806122449,50176,
sample_4824,1,building,0,0.0,,4,no_true_class_for_recall
sample_4825,0,background,42952,0.832588919849205,0.946102626187372,48808,
sample_4825,1,building,7224,0.14341125904182828,0.1893687707641196,9539,
sample_4826,0,background,40045,0.7625781998247508,0.9344986889749032,49073,
sample_4826,1,building,10131,0.08648267210286968,0.10887375382489389,12754,
sample_4827,0,background,49187,0.9795906164670241,0.9992274381442251,50173,
sample_4827,1,building,989,0.0029211295034079843,0.003033367037411527,1027,
sample_4828,0,background,50115,0.9983059630102041,0.9995211014666268,50176,
sample_4828,1,building,61,0.0,0.0,85,
sample_4829,0,background,43376,0.8535968696699107,0.9807036149022501,49835,
sample_4829,1,building,6800,0.04465104098467985,0.05014705882352941,7637,
sample_4830,0,background,41288,0.8012969533830907,0.951705095911645,49038,
sample_4830,1,building,8888,0.10457636463885316,0.12803780378037805,10882,
sample_4831,0,background,45957,0.8986246360807147,0.9738668755575864,49805,
sample_4831,1,building,4219,0.06845018450184502,0.0879355297463854,5420,
sample_4832,0,background,42815,0.8415869386445234,0.9800070068901086,49857,
sample_4832,1,building,7361,0.038821954484605084,0.04333650319250102,8217,
sample_4833,0,background,45961,0.8993401995494046,0.9727377559235003,49712,
sample_4833,1,building,4215,0.08485735186539868,0.11008303677342823,5468,
sample_4834,0,background,50176,0.9989835778061225,0.9989835778061225,50176,
sample_4834,1,building,0,0.0,,51,no_true_class_for_recall
sample_4835,0,background,47971,0.9394905736060971,0.9764857935002397,49860,
sample_4835,1,building,2205,0.09480948094809481,0.14331065759637188,3333,
sample_4836,0,background,49612,0.9865861436657897,0.9977223252438926,50172,
sample_4836,1,building,564,0.005908419497784343,0.0070921985815602835,677,
sample_4837,0,background,49945,0.9947377862823656,0.9991991190309341,50169,
sample_4837,1,building,231,0.025830258302583026,0.030303030303030304,271,
sample_4838,0,background,42860,0.8450823132123259,0.9809146056929539,49749,
sample_4838,1,building,7316,0.05249569707401033,0.058365226899945326,8134,
sample_4839,0,background,50160,0.9961335326357748,0.9964314194577353,50175,
sample_4839,1,building,16,0.005128205128205128,0.0625,195,
sample_4840,0,background,50173,0.9988440688775511,0.9989037928766468,50176,
sample_4840,1,building,3,0.0,0.0,58,
sample_4841,0,background,42701,0.8403915982907697,0.9810308892063417,49847,
sample_4841,1,building,7475,0.03971031985515993,0.044013377926421404,8285,
sample_4842,0,background,50129,0.9990035076530612,0.9999401544016437,50176,
sample_4842,1,building,47,0.0,0.0,50,
sample_4843,0,background,47081,0.9329026545110588,0.9845797667849027,49689,
sample_4843,1,building,3095,0.1274535461920963,0.15735056542810985,3821,
sample_4844,0,background,49712,0.9892963922662946,0.9984108464757,50170,
sample_4844,1,building,464,0.011049723756906077,0.01293103448275862,543,
sample_4845,0,background,44362,0.870735184850493,0.9774131013029169,49797,
sample_4845,1,building,5814,0.05560446009389671,0.065187478500172,6816,
sample_4846,0,background,49792,0.9903404781862452,0.9965857969151671,50106,
sample_4846,1,building,384,0.1263537906137184,0.18229166666666666,554,
sample_4847,0,background,43368,0.8577121800777026,0.9875714812765173,49934,
sample_4847,1,building,6808,0.03293861440043555,0.03554641598119859,7347,
sample_4848,0,background,46989,0.9294785084088752,0.9797612207112303,49531,
sample_4848,1,building,3187,0.15587240212663123,0.2023846877941638,4138,
sample_4849,0,background,41174,0.8116881792785628,0.9667751493661049,49041,
sample_4849,1,building,9002,0.109450337512054,0.12608309264607864,10370,
sample_4850,0,background,49652,0.9875037369207773,0.9979054217352775,50175,
sample_4850,1,building,524,0.0015923566878980893,0.0019083969465648854,628,
sample_4851,0,background,50127,0.9990234375,1.0,50176,
sample_4851,1,building,49,0.0,0.0,49,
sample_4852,0,background,47361,0.934848272689084,0.9867612592639513,49991,
sample_4852,1,building,2815,0.05374782103428239,0.06571936056838366,3442,
sample_4853,0,background,48914,0.9613757036209031,0.9846465224680051,50098,
sample_4853,1,building,1262,0.038748137108792845,0.061806656101426306,2013,
sample_4854,0,background,50176,0.9588647959183674,0.9588647959183674,50176,
sample_4854,1,building,0,0.0,,2064,no_true_class_for_recall
sample_4855,0,background,46317,0.9220248419961321,0.9984670855193557,50157,
sample_4855,1,building,3859,0.004834605597964376,0.004923555325213786,3930,
sample_4856,0,background,50094,0.9978075420553296,0.9993612009422286,50172,
sample_4856,1,building,82,0.03508771929824561,0.04878048780487805,114,
sample_4857,0,background,46545,0.9197042052026033,0.9806423890858309,49629,
sample_4857,1,building,3631,0.12069726390114739,0.15064720462682457,4532,
sample_4858,0,background,42721,0.843141579612215,0.9842934388239976,49873,
sample_4858,1,building,7455,0.0372877184346542,0.040643863179074445,8126,
sample_4859,0,background,47158,0.9348294434470377,0.993744433606175,50130,
sample_4859,1,building,3018,0.01388469664956233,0.015241882041086813,3313,
sample_4860,0,background,50094,0.9968299539446139,0.9980836028266858,50157,
sample_4860,1,building,82,0.10674157303370786,0.23170731707317074,178,
sample_4861,0,background,46775,0.9211663931473402,0.984008551576697,49966,
sample_4861,1,building,3401,0.05061460592913955,0.06174654513378418,4149,
sample_4862,0,background,47080,0.9200304036484378,0.9769753610875106,49994,
sample_4862,1,building,3096,0.04354066985645933,0.05878552971576227,4180,
sample_4863,0,background,41066,0.8081870872629602,0.9745044562411728,49517,
sample_4863,1,building,9110,0.06488136260706902,0.07233809001097695,10157,
sample_4864,0,background,46357,0.9236473824807623,0.9994607071208231,50162,
sample_4864,1,building,3819,0.0036420395421436005,0.003665881120712228,3844,
sample_4865,0,background,43366,0.8546241384837314,0.9836277267905733,49912,
sample_4865,1,building,6810,0.035106382978723406,0.038766519823788544,7520,
sample_4866,0,background,49695,0.9899314139883564,0.9991145990542308,50156,
sample_4866,1,building,481,0.0380952380952381,0.04158004158004158,525,
sample_4867,0,background,42772,0.8381054159777392,0.9717806041335453,49594,
sample_4867,1,building,7404,0.06758796887701776,0.07860615883306321,8611,
sample_4868,0,background,40968,0.7941735663906777,0.9482278851786761,48915,
sample_4868,1,building,9208,0.11130726454232501,0.1369461337966985,11329,
sample_4869,0,background,49979,0.9939986043265876,0.9974989495588147,50155,
sample_4869,1,building,197,0.06521739130434782,0.1065989847715736,322,
sample_4870,0,background,50176,0.9968112244897959,0.9968112244897959,50176,
sample_4870,1,building,0,0.0,,160,no_true_class_for_recall
sample_4871,0,background,50137,0.9989437181122449,0.9997207651036161,50176,
sample_4871,1,building,39,0.0,0.0,53,
sample_4872,0,background,46788,0.9253787954404807,0.9907454902966573,50093,
sample_4872,1,building,3388,0.02172206228735933,0.024498229043683588,3821,
sample_4873,0,background,46494,0.9235236593689504,0.99528971480191,50107,
sample_4873,1,building,3682,0.017687772366059985,0.018739815317762087,3901,
sample_4874,0,background,48948,0.9715842196635603,0.994708670425758,50113,
sample_4874,1,building,1228,0.04236718224613315,0.05130293159609121,1487,
sample_4875,0,background,40045,0.7635436843714956,0.935147958546635,49045,
sample_4875,1,building,10131,0.08885920804525456,0.1116375481196328,12728,
sample_4876,0,background,47562,0.9473915036979447,0.9992010428493335,50163,
sample_4876,1,building,2614,0.004901960784313725,0.004973221117061974,2652,
sample_4877,0,background,47164,0.932281669865643,0.9886566024934272,50016,
sample_4877,1,building,3012,0.04510854243022272,0.05312084993359894,3547,
sample_4878,0,background,47990,0.9329368746735244,0.9676182538028756,49774,
sample_4878,1,building,2186,0.10748663101604278,0.1838975297346752,3740,
sample_4879,0,background,50176,1.0,1.0,50176,
sample_4879,1,building,0,,,0,absent_true_and_predicted_class
sample_4880,0,background,42538,0.84535835496107,0.9954393718557525,50090,
sample_4880,1,building,7638,0.010980592441266599,0.01125949201361613,7832,
sample_4881,0,background,49770,0.9918219172617385,0.9990757484428371,50134,
sample_4881,1,building,406,0.09292035398230089,0.10344827586206896,452,
sample_4882,0,background,45961,0.8923793020069316,0.963577815974413,49628,
sample_4882,1,building,4215,0.09305484802173544,0.13001186239620402,5889,
sample_4883,0,background,50134,0.9991230867346939,0.9999601069134719,50176,
sample_4883,1,building,42,0.0,0.0,44,
sample_4884,0,background,50166,0.9949976084183674,0.9951959494478332,50176,
sample_4884,1,building,10,0.0,0.0,251,
sample_4885,0,background,41189,0.7737141459237967,0.9214353346767341,49053,
sample_4885,1,building,8987,0.09187597152908451,0.12495827306108824,12223,
sample_4886,0,background,43369,0.8581871345029239,0.9880559846895248,49932,
sample_4886,1,building,6807,0.03331058020477816,0.035845453209930954,7325,
sample_4887,0,background,47734,0.9424864562301342,0.9876817362885993,50023,
sample_4887,1,building,2442,0.0504950495049505,0.06265356265356266,3030,
sample_4888,0,background,50109,0.9981263329944786,0.9993214791753976,50169,
sample_4888,1,building,67,0.06930693069306931,0.1044776119402985,101,
sample_4889,0,background,44381,0.9011042170575244,0.9653455307451387,47545,
sample_4889,1,building,5795,0.3587890358652666,0.4540120793787748,7333,
sample_4890,0,background,50149,0.9986049107142857,0.9991425551855471,50176,
sample_4890,1,building,27,0.0,0.0,70,
sample_4891,0,background,47347,0.9419658102488901,0.9903900986334931,49781,
sample_4891,1,building,2829,0.12028014616321558,0.13962530929657122,3284,
sample_4892,0,background,48032,0.9453838756210932,0.9823867421718854,49912,
sample_4892,1,building,2144,0.0882943143812709,0.12313432835820895,2990,
sample_4893,0,background,49900,0.993442426900002,0.9988376753507014,50171,
sample_4893,1,building,276,0.014970059880239521,0.018115942028985508,334,
sample_4894,0,background,50106,0.9985052614795918,0.9999002115515108,50176,
sample_4894,1,building,70,0.0,0.0,75,
sample_4895,0,background,49601,0.9855664759474492,0.9966936150480837,50161,
sample_4895,1,building,575,0.02029769959404601,0.02608695652173913,739,
sample_4896,0,background,47994,0.9294491482814794,0.962932866608326,49723,
sample_4896,1,building,2182,0.11436505932845241,0.2076076993583868,3961,
sample_4897,0,background,48959,0.9784192881376348,0.995486018913785,49813,
sample_4897,1,building,1217,0.2524339360222531,0.2982744453574363,1438,
sample_4898,0,background,45961,0.8946669349969812,0.9672548465002937,49690,
sample_4898,1,building,4215,0.08496503496503496,0.11530249110320284,5720,
sample_4899,0,background,47782,0.9518077091720811,0.9994558620400987,50174,
sample_4899,1,building,2394,0.0008264462809917355,0.000835421888053467,2420,
sample_4900,0,background,48991,0.978739194095112,0.996040088995938,49857,
sample_4900,1,building,1185,0.23132704858593184,0.26919831223628693,1379,
sample_4901,0,background,50137,0.9979671556122449,0.9987434429662724,50176,
sample_4901,1,building,39,0.0,0.0,102,
sample_4902,0,background,48920,0.9773110255175734,0.9958503679476697,49848,
sample_4902,1,building,1256,0.22481151473612063,0.2611464968152866,1459,
sample_4903,0,background,44696,0.8810895128389729,0.9857257920171828,50004,
sample_4903,1,building,5480,0.02811376266753841,0.031386861313868614,6118,
sample_4904,0,background,50071,0.9933830270658109,0.9954264943779833,50174,
sample_4904,1,building,105,0.005988023952095809,0.01904761904761905,334,
sample_4905,0,background,47142,0.9339848424411648,0.9933816978490518,50140,
sample_4905,1,building,3034,0.010759115361625823,0.011865524060646011,3346,
sample_4906,0,background,46919,0.9287439854652904,0.9914533557833713,50087,
sample_4906,1,building,3257,0.02433023510114817,0.027325759901750075,3658,
sample_4907,0,background,50173,0.9987244897959183,0.9987842066450082,50176,
sample_4907,1,building,3,0.0,0.0,64,
sample_4908,0,background,50137,0.9992227359693877,1.0,50176,
sample_4908,1,building,39,0.0,0.0,39,
sample_4909,0,background,47129,0.9352825033405796,0.9950561225572365,50141,
sample_4909,1,building,3047,0.010670731707317074,0.011486708237610764,3280,
sample_4910,0,background,48696,0.9699017321453487,0.9992401839986857,50169,
sample_4910,1,building,1480,0.004614370468029005,0.00472972972972973,1517,
sample_4911,0,background,42695,0.8368646195248328,0.9759925049771636,49793,
sample_4911,1,building,7481,0.04502703973665648,0.05119636412244352,8506,
sample_4912,0,background,49781,0.9898528766795582,0.9974287378718788,50162,
sample_4912,1,building,395,0.02676864244741874,0.035443037974683546,523,
sample_4913,0,background,41022,0.8038503450780966,0.9710399297937692,49554,
sample_4913,1,building,9154,0.060143105782247144,0.06794843784138081,10342,
sample_4914,0,background,49725,0.9904125971696233,0.9992760180995475,50170,
sample_4914,1,building,451,0.012320328542094456,0.013303769401330377,487,
sample_4915,0,background,48937,0.9582353418214257,0.9658131883850665,49324,
sample_4915,1,building,1239,0.2925824175824176,0.6876513317191283,2912,
sample_4916,0,background,50127,0.9958544265954479,0.9967881580784806,50174,
sample_4916,1,building,49,0.009523809523809525,0.04081632653061224,210,
sample_4917,0,background,41089,0.7956360409776558,0.9602083282630388,49588,
sample_4917,1,building,9087,0.05484051482932289,0.06470782436447672,10722,
sample_4918,0,background,42529,0.8328390346957016,0.9640245479555127,49228,
sample_4918,1,building,7647,0.10330173259235044,0.12397018438603374,9177,
sample_4919,0,background,38144,0.7131350038406444,0.9005610318791947,48169,
sample_4919,1,building,12032,0.12682464454976303,0.16680518617021275,15825,
sample_4920,0,background,49983,0.9921434126303615,0.9954384490726848,50149,
sample_4920,1,building,193,0.06413301662707839,0.13989637305699482,421,
sample_4921,0,background,50127,0.9985849244628692,0.9995212161110779,50174,
sample_4921,1,building,49,0.0273972602739726,0.04081632653061224,73,
sample_4922,0,background,50176,1.0,1.0,50176,
sample_4922,1,building,0,,,0,absent_true_and_predicted_class
sample_4923,0,background,50129,0.9977080676020408,0.9986434997705919,50176,
sample_4923,1,building,47,0.0,0.0,115,
sample_4924,0,background,49381,0.9839561534628799,0.9997772422591685,50175,
sample_4924,1,building,795,0.0012406947890818859,0.0012578616352201257,806,
sample_4925,0,background,49183,0.9791521336176828,0.9988613951975276,50173,
sample_4925,1,building,993,0.002859866539561487,0.0030211480362537764,1049,
sample_4926,0,background,50103,0.9946187268306295,0.9960281819451929,50174,
sample_4926,1,building,73,0.007352941176470588,0.0273972602739726,272,
sample_4927,0,background,49266,0.981222716128132,0.9991677830552511,50167,
sample_4927,1,building,910,0.00946372239747634,0.00989010989010989,951,
sample_4928,0,background,40045,0.7635635144527577,0.9327506555125484,48918,
sample_4928,1,building,10131,0.09809731752963194,0.12417332938505576,12824,
sample_4929,0,background,48942,0.9601086471804435,0.9677986187732418,49334,
sample_4929,1,building,1234,0.299644128113879,0.6823338735818476,2810,
sample_4930,0,background,40601,0.7940966193442958,0.9574887318046353,48955,
sample_4930,1,building,9575,0.10804353597026811,0.1275195822454308,11301,
sample_4931,0,background,50176,1.0,1.0,50176,
sample_4931,1,building,0,,,0,absent_true_and_predicted_class
sample_4932,0,background,47034,0.9299740570744363,0.9907938937789684,50110,
sample_4932,1,building,3142,0.018461538461538463,0.021005728835136857,3575,
sample_4933,0,background,41045,0.8022039784018146,0.9736874162504568,49819,
sample_4933,1,building,9131,0.03496229556360787,0.03909757967363925,10211,
sample_4934,0,background,49279,0.9806419457735247,0.9981736642383165,50160,
sample_4934,1,building,897,0.016210739614994935,0.017837235228539576,987,
sample_4935,0,background,38233,0.7237261476054473,0.9146287238772788,48318,
sample_4935,1,building,11943,0.12218057473531926,0.1555723017667253,15207,
sample_4936,0,background,49934,0.9947381009327912,0.9994793126927545,50172,
sample_4936,1,building,242,0.014925373134328358,0.01652892561983471,268,
sample_4937,0,background,50176,0.9996014030612245,0.9996014030612245,50176,
sample_4937,1,building,0,0.0,,20,no_true_class_for_recall
sample_4938,0,background,49671,0.988976377952756,0.9988121841718508,50165,
sample_4938,1,building,505,0.01950354609929078,0.02178217821782178,564,
sample_4939,0,background,50176,0.9986248405612245,0.9986248405612245,50176,
sample_4939,1,building,0,0.0,,69,no_true_class_for_recall
sample_4940,0,background,43414,0.8531629828713546,0.9797991431335514,49858,
sample_4940,1,building,6762,0.04162848540384867,0.04702750665483585,7639,
sample_4941,0,background,49660,0.9893116375528436,0.9990334273056786,50148,
sample_4941,1,building,516,0.04964539007092199,0.05426356589147287,564,
sample_4942,0,background,49277,0.9817185007974482,0.9993100229315908,50160,
sample_4942,1,building,899,0.01714898177920686,0.017797552836484983,933,
sample_4943,0,background,46565,0.9177154500779097,0.9865564265005906,50058,
sample_4943,1,building,3611,0.02784989379277791,0.03267792855164774,4237,
sample_4944,0,background,49733,0.9907420339591771,0.9984316248768423,50119,
sample_4944,1,building,443,0.10940499040307101,0.12866817155756208,521,
sample_4945,0,background,47604,0.9479799892372391,0.9991387278379968,50173,
sample_4945,1,building,2572,0.001148105625717566,0.0011664074650077762,2613,
sample_4946,0,background,41154,0.7734947111472742,0.9239685085289401,49160,
sample_4946,1,building,9022,0.08361451732367706,0.11261361117268898,12151,
sample_4947,0,background,41052,0.8059749762496715,0.9713046867387704,49473,
sample_4947,1,building,9124,0.06823917685886235,0.07704953967558088,10302,
sample_4948,0,background,50176,0.9813456632653061,0.9813456632653061,50176,
sample_4948,1,building,0,0.0,,936,no_true_class_for_recall
sample_4949,0,background,49782,0.992561274754203,0.9997589490177172,50143,
sample_4949,1,building,394,0.0812807881773399,0.08375634517766498,406,
sample_4950,0,background,42560,0.8319649918702451,0.9738251879699248,49817,
sample_4950,1,building,7616,0.041122565864833906,0.047137605042016806,8730,
sample_4951,0,background,45961,0.8919584300272425,0.9617066643458585,49555,
sample_4951,1,building,4215,0.10393305439330544,0.14733096085409253,5975,
sample_4952,0,background,48930,0.9757959746567265,0.9977927651747395,50033,
sample_4952,1,building,1246,0.10561299852289513,0.11476725521669343,1354,
sample_4953,0,background,49690,0.9896148939563069,0.9991346347353592,50168,
sample_4953,1,building,486,0.015122873345935728,0.01646090534979424,529,
sample_4954,0,background,46890,0.9151002066322949,0.972808701215611,49847,
sample_4954,1,building,3286,0.07213330409997808,0.10012172854534389,4561,
sample_4955,0,background,49518,0.9837933856256112,0.9954158083929077,50103,
sample_4955,1,building,658,0.08248587570621468,0.11094224924012158,885,
sample_4956,0,background,50127,0.9987045599489796,0.9996808107407186,50176,
sample_4956,1,building,49,0.0,0.0,65,
sample_4957,0,background,49691,0.9902730715567072,0.9998188806826186,50170,
sample_4957,1,building,485,0.012145748987854251,0.012371134020618556,494,
sample_4958,0,background,50169,0.9993223852040817,0.9994618190516056,50176,
sample_4958,1,building,7,0.0,0.0,34,
sample_4959,0,background,47074,0.9327855414942322,0.9911416068317968,50019,
sample_4959,1,building,3102,0.04461494742824666,0.05061250805931657,3519,
sample_4960,0,background,41103,0.7667764975543867,0.9115393037004598,48863,
sample_4960,1,building,9073,0.10331261310882052,0.14471508872478783,12709,
sample_4961,0,background,49935,0.9905310581293357,0.9950735956743767,50164,
sample_4961,1,building,241,0.024640657084188913,0.04979253112033195,487,
sample_4962,0,background,47815,0.9449475262368816,0.9886228171076022,50025,
sample_4962,1,building,2361,0.05197934595524957,0.06395595086827616,2905,
sample_4963,0,background,49871,0.9894927825185421,0.9951474804996892,50156,
sample_4963,1,building,305,0.03656307129798903,0.06557377049180328,547,
sample_4964,0,background,46872,0.9272785327984993,0.9913167776071002,50109,
sample_4964,1,building,3304,0.018054432767448128,0.020278450363196126,3711,
sample_4965,0,background,50176,0.9997010522959183,0.9997010522959183,50176,
sample_4965,1,building,0,0.0,,15,no_true_class_for_recall
sample_4966,0,background,49294,0.9816992942865117,0.998985677770114,50162,
sample_4966,1,building,882,0.015021459227467811,0.015873015873015872,932,
sample_4967,0,background,40045,0.7607207796187713,0.9298289424397552,48947,
sample_4967,1,building,10131,0.09496947685650259,0.12131082815121903,12941,
sample_4968,0,background,49733,0.9906696704479755,0.9991554903182998,50159,
sample_4968,1,building,443,0.03505154639175258,0.03837471783295711,485,
sample_4969,0,background,49772,0.9920451373659237,0.9997388089688982,50158,
sample_4969,1,building,404,0.04316546762589928,0.04455445544554455,417,
sample_4970,0,background,49595,0.9881417410714286,0.9997177134791814,50176,
sample_4970,1,building,581,0.0,0.0,595,
sample_4971,0,background,50176,0.9594826211734694,0.9594826211734694,50176,
sample_4971,1,building,0,0.0,,2033,no_true_class_for_recall
sample_4972,0,background,46419,0.9233838786911412,0.9970055365259916,50120,
sample_4972,1,building,3757,0.014373716632443531,0.014905509715198297,3896,
sample_4973,0,background,50023,0.9945187458890594,0.9974611678627832,50171,
sample_4973,1,building,153,0.017857142857142856,0.032679738562091505,280,
sample_4974,0,background,44862,0.9043456543456544,0.9685702821987429,48048,
sample_4974,1,building,5314,0.31647828673408684,0.4004516371847949,6724,
sample_4975,0,background,41077,0.7722873361375424,0.9207585753584732,48974,
sample_4975,1,building,9099,0.09729642221142949,0.1321024288383339,12354,
sample_4976,0,background,45961,0.8952912269394989,0.9671895737690651,49652,
sample_4976,1,building,4215,0.0915603704350865,0.12431791221826809,5723,
sample_4977,0,background,44988,0.878131021194605,0.9725260069351828,49824,
sample_4977,1,building,5188,0.0547945205479452,0.06784888203546646,6424,
sample_4978,0,background,42554,0.8251020121007457,0.9646096724162241,49749,
sample_4978,1,building,7622,0.04677914110429448,0.05602204145893466,9128,
sample_4979,0,background,49740,0.9902726837824908,0.9987937273823885,50168,
sample_4979,1,building,436,0.016129032258064516,0.01834862385321101,496,
sample_4980,0,background,49705,0.9899553571428571,0.9993360828890454,50176,
sample_4980,1,building,471,0.0,0.0,504,
sample_4981,0,background,46692,0.9240575157080715,0.9827165253148291,49656,
sample_4981,1,building,3484,0.12118387322302493,0.14925373134328357,4291,
sample_4982,0,background,38088,0.7191201703429599,0.9133060281453477,48373,
sample_4982,1,building,12088,0.11715399610136452,0.1491561879549967,15390,
sample_4983,0,background,46645,0.9208492280652699,0.9884446350091114,50069,
sample_4983,1,building,3531,0.02628992628992629,0.030303030303030304,4070,
sample_4984,0,background,48232,0.9523001696437481,0.9892809752861171,50105,
sample_4984,1,building,1944,0.028850060950832996,0.03652263374485597,2461,
sample_4985,0,background,50176,0.9995017538265306,0.9995017538265306,50176,
sample_4985,1,building,0,0.0,,25,no_true_class_for_recall
sample_4986,0,background,50106,0.9978670812901168,0.9990619885842015,50166,
sample_4986,1,building,70,0.08547008547008547,0.14285714285714285,117,
sample_4987,0,background,49489,0.9843039489429597,0.9972519145668735,50140,
sample_4987,1,building,687,0.04374240583232078,0.05240174672489083,823,
sample_4988,0,background,50176,0.9889389349489796,0.9889389349489796,50176,
sample_4988,1,building,0,0.0,,555,no_true_class_for_recall
sample_4989,0,background,46494,0.9231798127408117,0.9946014539510475,50091,
sample_4989,1,building,3682,0.02161200101703534,0.023085279739272133,3933,
sample_4990,0,background,42797,0.8315468320960032,0.9552772390588126,49165,
sample_4990,1,building,7379,0.10879156354245131,0.13701043501829516,9293,
sample_4991,0,background,38088,0.7250434207261599,0.920657424910733,48364,
sample_4991,1,building,12088,0.11992058239576439,0.1499007279947055,15110,
sample_4992,0,background,47928,0.9464299992004478,0.9878985144383241,50028,
sample_4992,1,building,2248,0.05233380480905234,0.06583629893238434,2828,
sample_4993,0,background,49885,0.9918864501724378,0.9974140523203368,50163,
sample_4993,1,building,291,0.030952380952380953,0.044673539518900345,420,
sample_4994,0,background,38135,0.7258114565878483,0.9200209781041039,48339,
sample_4994,1,building,12041,0.12172818236034723,0.15256207956149823,15091,
sample_4995,0,background,49995,0.9932635774788241,0.9968396839683968,50175,
sample_4995,1,building,181,0.0029498525073746312,0.0055248618784530384,339,
sample_4996,0,background,44145,0.856400652449707,0.963370710159701,49659,
sample_4996,1,building,6031,0.06759937238493724,0.08572376057038633,7648,
sample_4997,0,background,46993,0.9334384795064785,0.9949354159130083,50089,
sample_4997,1,building,3183,0.02543116047939199,0.027332704995287466,3421,
sample_4998,0,background,41065,0.8062636562272396,0.9704614635334227,49428,
sample_4998,1,building,9111,0.07245253777605579,0.08209856217758753,10324,
sample_4999,0,background,41042,0.8029751798851968,0.9679840163734711,49476,
sample_4999,1,building,9134,0.06699846860643185,0.07663674184366105,10448,
sample_5000,0,background,50129,0.9986049107142857,0.9995411837459355,50176,
sample_5000,1,building,47,0.0,0.0,70,
sample_5001,0,background,49690,0.9899553571428571,0.9996377540752667,50176,
sample_5001,1,building,486,0.0,0.0,504,
sample_5002,0,background,40045,0.7740460807021822,0.951354725933325,49218,
sample_5002,1,building,10131,0.07931120125838231,0.0945612476557102,12079,
sample_5003,0,background,50176,0.9999800701530612,0.9999800701530612,50176,
sample_5003,1,building,0,0.0,,1,no_true_class_for_recall
sample_5004,0,background,44497,0.8744337088561921,0.9803357529721105,49886,
sample_5004,1,building,5679,0.04424778761061947,0.051065328402887834,6554,
sample_5005,0,background,49415,0.9841753861484803,0.9993119498128099,50175,
sample_5005,1,building,761,0.0012578616352201257,0.001314060446780552,795,
sample_5006,0,background,45310,0.9033095257868948,0.9602074597219157,48164,
sample_5006,1,building,4866,0.30169440695756483,0.4134812988080559,6669,
sample_5007,0,background,40895,0.7771828749414711,0.9335126543587235,49121,
sample_5007,1,building,9281,0.08791666666666667,0.11367309557159788,12000,
sample_5008,0,background,49187,0.976934894950019,0.9954459511659585,50119,
sample_5008,1,building,989,0.04699093157460841,0.057633973710819006,1213,
sample_5009,0,background,41074,0.8014657029535526,0.9691775819253056,49669,
sample_5009,1,building,9102,0.048900462962962965,0.05570204350692155,10368,
sample_5010,0,background,41147,0.7702201386057889,0.9183415558849977,49060,
sample_5010,1,building,9029,0.09007990959722334,0.12360172776608705,12389,
sample_5011,0,background,42925,0.8452574362677256,0.98175888177053,49857,
sample_5011,1,building,7251,0.039706248444112524,0.043993931871466004,8034,
sample_5012,0,background,38077,0.7232932637786346,0.9212648055256454,48499,
sample_5012,1,building,12099,0.1110816718553355,0.13860649640466155,15097,
sample_5013,0,background,44860,0.8794236703939722,0.9782657155595185,49902,
sample_5013,1,building,5316,0.04355428389763154,0.05154251316779534,6291,
sample_5014,0,background,40723,0.7950130532201369,0.949709009650566,48647,
sample_5014,1,building,9453,0.13294496130771238,0.16174759335660638,11501,
sample_5015,0,background,49724,0.9901321691286407,0.9988737832837261,50163,
sample_5015,1,building,452,0.025590551181102362,0.028761061946902654,508,
sample_5016,0,background,50176,0.9587452168367347,0.9587452168367347,50176,
sample_5016,1,building,0,0.0,,2070,no_true_class_for_recall
sample_5017,0,background,47961,0.9409129264274521,0.976480890723713,49774,
sample_5017,1,building,2215,0.12025127131319174,0.18148984198645599,3343,
sample_5018,0,background,46477,0.925718387939458,0.9988166189728253,50147,
sample_5018,1,building,3699,0.007725093233883857,0.007839956745066235,3754,
sample_5019,0,background,42507,0.829875102744532,0.9738396028889359,49881,
sample_5019,1,building,7669,0.03359526249857647,0.038466553657582475,8781,
sample_5020,0,background,48198,0.9571700190133093,0.9922610896717706,49965,
sample_5020,1,building,1978,0.08974904296044237,0.10667340748230536,2351,
sample_5021,0,background,49363,0.9797159838844789,0.9950975426939206,50138,
sample_5021,1,building,813,0.03601895734597156,0.046740467404674045,1055,
sample_5022,0,background,47179,0.9221317216674338,0.9766633459802031,49969,
sample_5022,1,building,2997,0.050512445095168376,0.06906906906906907,4098,
sample_5023,0,background,46553,0.9195928240274138,0.9799798079608188,49610,
sample_5023,1,building,3623,0.12425905598243689,0.15622412365443003,4555,
sample_5024,0,background,46944,0.908438385909886,0.962487218813906,49737,
sample_5024,1,building,3232,0.08792309232926096,0.1358292079207921,4993,
sample_5025,0,background,47235,0.9195786022709099,0.9738753043294167,50024,
sample_5025,1,building,2941,0.03640718562874252,0.05168310098605916,4175,
sample_5026,0,background,50106,0.9978276466836735,0.9992216501017842,50176,
sample_5026,1,building,70,0.0,0.0,109,
sample_5027,0,background,41081,0.8113627254509018,0.9855407609357124,49900,
sample_5027,1,building,9095,0.028485911858808957,0.03034634414513469,9689,
sample_5028,0,background,45485,0.9084157391700112,0.9653951852258986,48338,
sample_5028,1,building,4691,0.2933758978451716,0.39181411212960987,6265,
sample_5029,0,background,46786,0.9284061440255336,0.9947633907579191,50130,
sample_5029,1,building,3390,0.01265474552957359,0.013569321533923304,3635,
sample_5030,0,background,45961,0.8957955781080101,0.9679293313896564,49662,
sample_5030,1,building,4215,0.09034979785551063,0.12194543297746145,5689,
sample_5031,0,background,42867,0.8419174402052968,0.9796346840226748,49879,
sample_5031,1,building,7309,0.03629919335125886,0.040634833766589135,8182,
sample_5032,0,background,47979,0.9399710994260025,0.9761562350194877,49826,
sample_5032,1,building,2197,0.10475905417539659,0.15930814747382796,3341,
sample_5033,0,background,49089,0.9766760361222415,0.9980443683921041,50163,
sample_5033,1,building,1087,0.01098901098901099,0.011959521619135235,1183,
sample_5034,0,background,47255,0.9218781218781219,0.9764046132684372,50050,
sample_5034,1,building,2921,0.031219028741328047,0.04313591235878124,4036,
sample_5035,0,background,46909,0.9297769313369938,0.9782984075550534,49357,
sample_5035,1,building,3267,0.1911318553092182,0.25068870523415976,4285,
sample_5036,0,background,46418,0.9190090233969496,0.99174889051661,50092,
sample_5036,1,building,3758,0.020284955324800773,0.022352315061202766,4141,
sample_5037,0,background,50137,0.9989835778061225,0.9997606558030995,50176,
sample_5037,1,building,39,0.0,0.0,51,
sample_5038,0,background,50176,0.9879623724489796,0.9879623724489796,50176,
sample_5038,1,building,0,0.0,,604,no_true_class_for_recall
sample_5039,0,background,50176,0.9989835778061225,0.9989835778061225,50176,
sample_5039,1,building,0,0.0,,51,no_true_class_for_recall
sample_5040,0,background,49500,0.9851454549079816,0.9981414141414141,50153,
sample_5040,1,building,676,0.029947916666666668,0.034023668639053255,768,
sample_5041,0,background,43070,0.8444163099616165,0.9755978639424193,49761,
sample_5041,1,building,7106,0.05087654775039843,0.058401350971010416,8157,
sample_5042,0,background,46456,0.9232150338141122,0.9961684174272429,50127,
sample_5042,1,building,3720,0.012570548999486916,0.013172043010752688,3898,
sample_5043,0,background,49680,0.9903690853622061,0.9997584541062802,50151,
sample_5043,1,building,496,0.04921259842519685,0.05040322580645161,508,
sample_5044,0,background,48103,0.9544448211899396,0.994802818951001,50137,
sample_5044,1,building,2073,0.016788635385277657,0.01881331403762663,2323,
sample_5045,0,background,41067,0.8032757271030289,0.9745050770691797,49821,
sample_5045,1,building,9109,0.03495470657739268,0.03897244483477879,10156,
sample_5046,0,background,46454,0.9215451295264345,0.9932190984629956,50067,
sample_5046,1,building,3722,0.027000247708694577,0.029285330467490597,4037,
sample_5047,0,background,43376,0.8584558087381362,0.9884037255625231,49942,
sample_5047,1,building,6800,0.03204162672874161,0.03441176470588235,7303,
sample_5048,0,background,42560,0.8285456006428285,0.9691024436090225,49780,
sample_5048,1,building,7616,0.044339939536446084,0.051995798319327734,8931,
sample_5049,0,background,48413,0.9644950360830908,0.9993390205110197,50162,
sample_5049,1,building,1763,0.007799442896935933,0.007941009642654566,1795,
sample_5050,0,background,47104,0.9304111342185251,0.9877717391304348,50008,
sample_5050,1,building,3072,0.046052631578947366,0.0546875,3648,
sample_5051,0,background,42874,0.8415243523108106,0.9780752903857816,49831,
sample_5051,1,building,7302,0.04185877214268381,0.04724732949876746,8242,
sample_5052,0,background,47296,0.9276564279861708,0.9814572056833559,50039,
sample_5052,1,building,2880,0.03646526483896726,0.04756944444444444,3757,
sample_5053,0,background,48652,0.9668750376876847,0.9887157773575598,49751,
sample_5053,1,building,1524,0.2050168837433671,0.27887139107611547,2073,
sample_5054,0,background,42956,0.8487634494941384,0.9843095260266319,49816,
sample_5054,1,building,7220,0.045604256397263745,0.04986149584487535,7894,
sample_5055,0,background,49974,0.993740655835742,0.9975387201344699,50165,
sample_5055,1,building,202,0.033846153846153845,0.054455445544554455,325,
sample_5056,0,background,46538,0.9197496075037237,0.9818857707679746,49682,
sample_5056,1,building,3638,0.11024324927471546,0.13578889499725125,4481,
sample_5057,0,background,46803,0.9131124179595769,0.9720317073691858,49823,
sample_5057,1,building,3373,0.07539513028620248,0.10465461013934184,4682,
sample_5058,0,background,50129,0.9990632971938775,1.0,50176,
sample_5058,1,building,47,0.0,0.0,47,
sample_5059,0,background,46645,0.9071249120691388,0.9676063886804588,49755,
sample_5059,1,building,3531,0.08349861166203887,0.11922967997734353,5042,
sample_5060,0,background,41081,0.7982093525034785,0.9635597964995983,49591,
sample_5060,1,building,9095,0.05523036253776435,0.06432105552501374,10592,
sample_5061,0,background,41073,0.8052255578744582,0.9769434908577411,49832,
sample_5061,1,building,9103,0.03422885572139304,0.037789739646270464,10050,
sample_5062,0,background,49932,0.9932625032391811,0.9979371945846351,50167,
sample_5062,1,building,244,0.025936599423631124,0.036885245901639344,347,
sample_5063,0,background,48997,0.9656300492709102,0.9879788558483172,50131,
sample_5063,1,building,1179,0.025452488687782805,0.03816793893129771,1768,
sample_5064,0,background,46899,0.9283159850558408,0.9907460713448047,50053,
sample_5064,1,building,3277,0.033144704931285365,0.03753433018004272,3711,
sample_5065,0,background,48027,0.9465702239894499,0.9863826597538884,50047,
sample_5065,1,building,2149,0.04602211915804495,0.06002791996277338,2803,
sample_5066,0,background,50173,0.9965720663265306,0.9966316544755147,50176,
sample_5066,1,building,3,0.0,0.0,172,
sample_5067,0,background,42712,0.8388837619869197,0.9789988761940438,49846,
sample_5067,1,building,7464,0.039468963042698244,0.04421221864951769,8361,
sample_5068,0,background,41081,0.7964994353928053,0.9615150556218203,49592,
sample_5068,1,building,9095,0.05470213563132259,0.06421110500274876,10676,
sample_5069,0,background,50176,0.9963329081632653,0.9963329081632653,50176,
sample_5069,1,building,0,0.0,,184,no_true_class_for_recall
sample_5070,0,background,40057,0.7615858886938058,0.9312729360661058,48982,
sample_5070,1,building,10119,0.09275947793660659,0.11799584939223244,12872,
sample_5071,0,background,47318,0.9285771414860433,0.9814446933513673,50012,
sample_5071,1,building,2858,0.043897216274089934,0.05738278516445067,3736,
sample_5072,0,background,49460,0.9846279607624212,0.9984836231298019,50156,
sample_5072,1,building,716,0.025284450063211124,0.027932960893854747,791,
sample_5073,0,background,49979,0.9926621602759665,0.9960783529082214,50151,
sample_5073,1,building,197,0.06361323155216285,0.12690355329949238,393,
sample_5074,0,background,49098,0.9805724128262132,0.99716892745122,49929,
sample_5074,1,building,1078,0.2029580936729663,0.22912801484230055,1217,
sample_5075,0,background,46609,0.9278621554391571,0.9843592439228476,49447,
sample_5075,1,building,3567,0.1696927374301676,0.2043734230445753,4296,
sample_5076,0,background,45099,0.8853420325821558,0.9808864941572983,49966,
sample_5076,1,building,5077,0.0353594881293147,0.041363009651368916,5939,
sample_5077,0,background,47220,0.9391262736027755,0.9974587039390089,50153,
sample_5077,1,building,2956,0.007477243172951885,0.007780784844384303,3076,
sample_5078,0,background,50010,0.9955555555555555,0.9988402319536093,50175,
sample_5078,1,building,166,0.004464285714285714,0.006024096385542169,224,
sample_5079,0,background,42501,0.827822669580735,0.9714124373544152,49873,
sample_5079,1,building,7675,0.03408323959505062,0.039478827361563516,8890,
sample_5080,0,background,49779,0.9893430190787899,0.9958817975451496,50108,
sample_5080,1,building,397,0.11295681063122924,0.1712846347607053,602,
sample_5081,0,background,43074,0.8430441865610104,0.9731392487347356,49721,
sample_5081,1,building,7102,0.05509141542559632,0.06406646015206983,8259,
sample_5082,0,background,42516,0.8242526518804243,0.965001411233418,49776,
sample_5082,1,building,7660,0.043725404459991256,0.05221932114882506,9148,
sample_5083,0,background,49927,0.9943581667032156,0.9990185671079777,50161,
sample_5083,1,building,249,0.050335570469798654,0.060240963855421686,298,
sample_5084,0,background,50176,0.9993024553571429,0.9993024553571429,50176,
sample_5084,1,building,0,0.0,,35,no_true_class_for_recall
sample_5085,0,background,38183,0.7209413228281153,0.9106408611162036,48230,
sample_5085,1,building,11993,0.12632262252515417,0.16226131910280997,15405,
sample_5086,0,background,47994,0.9445224437402222,0.9812059840813435,49858,
sample_5086,1,building,2182,0.10311284046692606,0.1457378551787351,3084,
sample_5087,0,background,50110,0.9985849808673469,0.9999002195170624,50176,
sample_5087,1,building,66,0.0,0.0,71,
sample_5088,0,background,42587,0.8277520738642153,0.9536243454575339,49063,
sample_5088,1,building,7589,0.11637390213299875,0.14665963895111345,9564,
sample_5089,0,background,50176,0.9998604910714286,0.9998604910714286,50176,
sample_5089,1,building,0,0.0,,7,no_true_class_for_recall
sample_5090,0,background,49234,0.9800219320107666,0.9983547954665475,50155,
sample_5090,1,building,942,0.020527859237536656,0.022292993630573247,1023,
sample_5091,0,background,49983,0.9957748724489796,0.9996198707560571,50176,
sample_5091,1,building,193,0.0,0.0,212,
sample_5092,0,background,49983,0.9946776701351513,0.998319428605726,50166,
sample_5092,1,building,193,0.036101083032490974,0.05181347150259067,277,
sample_5093,0,background,42500,0.826851219414199,0.9684470588235294,49778,
sample_5093,1,building,7676,0.044138848841077966,0.051849921834288694,9017,
sample_5094,0,background,50110,0.9983455918993801,0.9995210536818998,50169,
sample_5094,1,building,66,0.07777777777777778,0.10606060606060606,90,
sample_5095,0,background,50176,0.9571508290816326,0.9571508290816326,50176,
sample_5095,1,building,0,0.0,,2150,no_true_class_for_recall
sample_5096,0,background,49248,0.9797854949962123,0.9979694606887589,50162,
sample_5096,1,building,928,0.013618677042801557,0.015086206896551725,1028,
sample_5097,0,background,49940,0.9937006618292002,0.9981577893472167,50164,
sample_5097,1,building,236,0.036585365853658534,0.05084745762711865,328,
sample_5098,0,background,43376,0.8533624909718321,0.980611398008115,49844,
sample_5098,1,building,6800,0.04344981023426253,0.0488235294117647,7641,
sample_5099,0,background,47295,0.9312405083526497,0.9853684321809917,50044,
sample_5099,1,building,2881,0.036943744752308987,0.045817424505380074,3573,
sample_5100,0,background,48622,0.9658487931378417,0.9958043683929085,50130,
sample_5100,1,building,1554,0.026166097838452786,0.029601029601029602,1758,
sample_5101,0,background,49675,0.9893697646589549,0.9986311021640665,50140,
sample_5101,1,building,501,0.0632688927943761,0.0718562874251497,569,
sample_5102,0,background,42686,0.8406325790222685,0.9825235440191163,49891,
sample_5102,1,building,7490,0.034604176784847014,0.038050734312416554,8236,
sample_5103,0,background,47271,0.9307491987179487,0.982907067758245,49920,
sample_5103,1,building,2905,0.06894694317263668,0.08812392426850259,3713,
sample_5104,0,background,46486,0.9237766562269345,0.9961708901604784,50129,
sample_5104,1,building,3690,0.012150982419855223,0.012737127371273712,3868,
sample_5105,0,background,46634,0.9309527667503849,0.9856113565209933,49372,
sample_5105,1,building,3542,0.19083788274388797,0.22699040090344438,4213,
sample_5106,0,background,50176,0.9999800701530612,0.9999800701530612,50176,
sample_5106,1,building,0,0.0,,1,no_true_class_for_recall
sample_5107,0,background,49656,0.9891297843907693,0.9987111325922345,50137,
sample_5107,1,building,520,0.06678082191780822,0.075,584,
sample_5108,0,background,49921,0.9935611195279483,0.9983974679994391,50164,
sample_5108,1,building,255,0.03582089552238806,0.047058823529411764,335,
sample_5109,0,background,47330,0.9335055395233387,0.9773505176420875,49553,
sample_5109,1,building,2846,0.1590096988259316,0.21890372452565005,3918,
sample_5110,0,background,50134,0.9991629464285714,1.0,50176,
sample_5110,1,building,42,0.0,0.0,42,
sample_5111,0,background,47190,0.9374277399035204,0.9965458783640602,50166,
sample_5111,1,building,2986,0.0031756113051762463,0.003348961821835231,3149,
sample_5112,0,background,49728,0.9909085471619116,0.9994570463320464,50157,
sample_5112,1,building,448,0.04,0.04241071428571429,475,
sample_5113,0,background,48991,0.9780519064402435,0.9969178012287971,49936,
sample_5113,1,building,1185,0.17964071856287425,0.20253164556962025,1336,
sample_5114,0,background,41256,0.7933396218676947,0.9377545084351367,48766,
sample_5114,1,building,8920,0.12273676880222842,0.15807174887892378,11488,
sample_5115,0,background,41072,0.7824695836475167,0.9348217763926763,49069,
sample_5115,1,building,9104,0.09396485867074103,0.12159490333919157,11781,
sample_5116,0,background,42353,0.8250271073450866,0.9701319859277974,49802,
sample_5116,1,building,7823,0.04115316901408451,0.04780774638885338,9088,
sample_5117,0,background,50176,0.9917091836734694,0.9917091836734694,50176,
sample_5117,1,building,0,0.0,,416,no_true_class_for_recall
sample_5118,0,background,49295,0.9815442260931957,0.999046556445887,50174,
sample_5118,1,building,881,0.0021551724137931034,0.0022701475595913734,928,
sample_5119,0,background,45203,0.8944393400711061,0.990664336437847,50066,
sample_5119,1,building,4973,0.020389249304911955,0.022119445003016287,5395,
sample_5120,0,background,42516,0.827456502061752,0.967565151942798,49715,
sample_5120,1,building,7660,0.05100121694877752,0.06018276762402089,9039,
sample_5121,0,background,46950,0.9343673990190996,0.9982108626198083,50158,
sample_5121,1,building,3226,0.005438066465256798,0.005579665220086794,3310,
sample_5122,0,background,50176,0.9999003507653061,0.9999003507653061,50176,
sample_5122,1,building,0,0.0,,5,no_true_class_for_recall
sample_5123,0,background,50173,0.9992028061224489,0.9992625515715624,50176,
sample_5123,1,building,3,0.0,0.0,40,
sample_5124,0,background,46948,0.9144820104863497,0.9696259691573655,49779,
sample_5124,1,building,3228,0.08530296519123334,0.12298636926889715,4654,
sample_5125,0,background,42507,0.82587923558696,0.9678876420354294,49816,
sample_5125,1,building,7669,0.03984945760460483,0.046942234971965056,9034,
sample_5126,0,background,40903,0.7658608118291614,0.919321321174486,49099,
sample_5126,1,building,9273,0.08565974707706991,0.11614364283403429,12573,
sample_5127,0,background,46683,0.9100484431847876,0.9698177066598119,49749,
sample_5127,1,building,3493,0.08710730314157487,0.12224448897795591,4902,
sample_5128,0,background,49929,0.9921250423652784,0.9966953073364178,50159,
sample_5128,1,building,247,0.0412621359223301,0.06882591093117409,412,
sample_5129,0,background,49056,0.9779070934082472,0.9934360730593608,49835,
sample_5129,1,building,1120,0.23647711511789182,0.3044642857142857,1442,
sample_5130,0,background,43601,0.8483363787875745,0.9689686016375771,49801,
sample_5130,1,building,6575,0.047300706357214936,0.057034220532319393,7928,
sample_5131,0,background,50176,0.9571906887755102,0.9571906887755102,50176,
sample_5131,1,building,0,0.0,,2148,no_true_class_for_recall
sample_5132,0,background,46674,0.9196613927239746,0.9776106611818143,49615,
sample_5132,1,building,3502,0.12337805146250275,0.16019417475728157,4547,
sample_5133,0,background,47350,0.9390901465830571,0.9931151003167898,50074,
sample_5133,1,building,2826,0.03236040609137056,0.036093418259023353,3152,
sample_5134,0,background,38049,0.7341761760118217,0.9401561144839549,48724,
sample_5134,1,building,12127,0.10080533185226326,0.11973282757483301,14404,
sample_5135,0,background,41082,0.8137707671084987,0.9907988900248283,50019,
sample_5135,1,building,9094,0.016575168918918918,0.01726413019573345,9472,
sample_5136,0,background,46588,0.9232378500160927,0.9851463896282304,49712,
sample_5136,1,building,3588,0.10841121495327102,0.12931995540691194,4280,
sample_5137,0,background,50166,0.9976084183673469,0.9978072798309612,50176,
sample_5137,1,building,10,0.0,0.0,120,
sample_5138,0,background,46938,0.9261455525606469,0.9882398057011377,50085,
sample_5138,1,building,3238,0.024010554089709764,0.028103767757875233,3790,
sample_5139,0,background,49724,0.990648988136776,0.9992357815139571,50155,
sample_5139,1,building,452,0.04285714285714286,0.046460176991150445,490,
sample_5140,0,background,50176,0.9672353316326531,0.9672353316326531,50176,
sample_5140,1,building,0,0.0,,1644,no_true_class_for_recall
sample_5141,0,background,42711,0.832308743169399,0.969984313174592,49776,
sample_5141,1,building,7465,0.04572996455927747,0.0535833891493637,8747,
sample_5142,0,background,49570,0.9863360727678928,0.9975186604801292,50132,
sample_5142,1,building,606,0.06035665294924554,0.07260726072607261,729,
sample_5143,0,background,49708,0.9894569008470354,0.9987527158606261,50175,
sample_5143,1,building,468,0.0018867924528301887,0.002136752136752137,530,
sample_5144,0,background,46661,0.9185713709839964,0.976704314095283,49614,
sample_5144,1,building,3515,0.12212081703607128,0.15988620199146514,4602,
sample_5145,0,background,49752,0.992063017249975,0.9998995015275768,50145,
sample_5145,1,building,424,0.07226107226107226,0.07311320754716981,429,
sample_5146,0,background,49934,0.9945581756931847,0.9991989426042376,50167,
sample_5146,1,building,242,0.031914893617021274,0.0371900826446281,282,
sample_5147,0,background,49038,0.9788433000441182,0.9953709368245034,49866,
sample_5147,1,building,1138,0.2271062271062271,0.27240773286467485,1365,
sample_5148,0,background,46818,0.9242987293215056,0.9881455850313982,50052,
sample_5148,1,building,3358,0.03168924099156657,0.03692674210839786,3913,
sample_5149,0,background,50169,0.9985650224215247,0.9986844465705914,50175,
sample_5149,1,building,7,0.0136986301369863,0.14285714285714285,73,
sample_5150,0,background,48849,0.9750808216702476,0.9940838092898524,49801,
sample_5150,1,building,1327,0.23205445544554457,0.2825923134890731,1616,
sample_5151,0,background,43867,0.8559378200879677,0.9715275719789364,49791,
sample_5151,1,building,6309,0.050939401958189995,0.06102393406245047,7558,
sample_5152,0,background,43369,0.8575832182389559,0.987894579077221,49959,
sample_5152,1,building,6807,0.029596290234588107,0.03187894814161892,7332,
sample_5153,0,background,49486,0.985289427523521,0.9988683668108151,50168,
sample_5153,1,building,690,0.010723860589812333,0.011594202898550725,746,
sample_5154,0,background,50176,0.9989237882653061,0.9989237882653061,50176,
sample_5154,1,building,0,0.0,,54,no_true_class_for_recall
sample_5155,0,background,49766,0.9903903664420431,0.9981915363903067,50158,
sample_5155,1,building,410,0.036,0.04390243902439024,500,
sample_5156,0,background,46697,0.923828125,0.982525644045656,49664,
sample_5156,1,building,3479,0.11920838183934808,0.1471687266455878,4295,
sample_5157,0,background,42619,0.8302025033072148,0.957131795677984,49135,
sample_5157,1,building,7557,0.11093350383631713,0.13775307661770544,9384,
sample_5158,0,background,48525,0.9668167383526952,0.9913034518289542,49754,
sample_5158,1,building,1651,0.20356970574047276,0.25560266505148393,2073,
sample_5159,0,background,45468,0.8942076590290018,0.9819213512800211,49928,
sample_5159,1,building,4708,0.04484629294755877,0.052676295666949875,5530,
sample_5160,0,background,50176,0.9995416135204082,0.9995416135204082,50176,
sample_5160,1,building,0,0.0,,23,no_true_class_for_recall
sample_5161,0,background,49709,0.9897357196954598,0.9989941459293086,50174,
sample_5161,1,building,467,0.0038684719535783366,0.004282655246252677,517,
sample_5162,0,background,50176,0.9988440688775511,0.9988440688775511,50176,
sample_5162,1,building,0,0.0,,58,no_true_class_for_recall
sample_5163,0,background,49983,0.9942398150362752,0.9979993197687214,50172,
sample_5163,1,building,193,0.013651877133105802,0.02072538860103627,293,
sample_5164,0,background,44869,0.9082773582544119,0.9704027279413403,47938,
sample_5164,1,building,5307,0.3373021853805577,0.4217071791972866,6635,
sample_5165,0,background,49943,0.9873236067926333,0.9918507098091824,50172,
sample_5165,1,building,233,0.00625,0.017167381974248927,640,
sample_5166,0,background,43366,0.8522264362972327,0.9793155928607665,49833,
sample_5166,1,building,6810,0.04450499545867393,0.05036710719530103,7707,
sample_5167,0,background,49482,0.9572052577547857,0.9610161270765126,49679,
sample_5167,1,building,694,0.18947769729317576,0.7161383285302594,2623,
sample_5168,0,background,46494,0.9232443007146565,0.9947305028605842,50094,
sample_5168,1,building,3682,0.020881079704609118,0.022270505160239002,3927,
sample_5169,0,background,41042,0.8058679805342972,0.9723941328395302,49523,
sample_5169,1,building,9134,0.06360183110937957,0.07149113203415809,10267,
sample_5170,0,background,42504,0.8234219769192173,0.9652503293807642,49825,
sample_5170,1,building,7672,0.038364848617335225,0.04575078206465068,9149,
sample_5171,0,background,49329,0.982977196619359,0.9996959192361491,50168,
sample_5171,1,building,847,0.009280742459396751,0.009445100354191263,862,
sample_5172,0,background,40057,0.7655705996131528,0.9386873704970418,49115,
sample_5172,1,building,10119,0.08437375745526839,0.10485225812827355,12575,
sample_5173,0,background,43500,0.8410582692385132,0.9602758620689655,49666,
sample_5173,1,building,6676,0.0606853879105188,0.07639304973037747,8404,
sample_5174,0,background,49089,0.9780936054855685,0.999592576748355,50168,
sample_5174,1,building,1087,0.007226738934056007,0.007359705611775529,1107,
sample_5175,0,background,49667,0.989057641712509,0.9991140999053698,50172,
sample_5175,1,building,509,0.007233273056057866,0.007858546168958742,553,
sample_5176,0,background,50173,0.9988639987244898,0.9989237239152532,50176,
sample_5176,1,building,3,0.0,0.0,57,
sample_5177,0,background,42516,0.8292310780967678,0.9714930849562518,49810,
sample_5177,1,building,7660,0.04125338142470694,0.047780678851174936,8872,
sample_5178,0,background,49772,0.9918858031459957,0.9995981676444587,50159,
sample_5178,1,building,404,0.04009433962264151,0.04207920792079208,424,
sample_5179,0,background,41036,0.8050854303833259,0.9714153426259869,49514,
sample_5179,1,building,9140,0.06419082711141277,0.0724288840262582,10313,
sample_5180,0,background,42864,0.8278668461632603,0.9468784994400896,49026,
sample_5180,1,building,7312,0.11992908541036604,0.15727571115973743,9589,
sample_5181,0,background,41096,0.7969809493057798,0.9609694374148335,49552,
sample_5181,1,building,9080,0.05840509172594534,0.06872246696035242,10684,
sample_5182,0,background,49100,0.9668442507163902,0.9757841140529532,49554,
sample_5182,1,building,1076,0.27461368653421636,0.5780669144981413,2265,
sample_5183,0,background,43478,0.8354842624807832,0.949974699848199,49436,
sample_5183,1,building,6698,0.08339907584807844,0.11048074051955807,8873,
sample_5184,0,background,49650,0.9886084788029925,0.9980664652567975,50125,
sample_5184,1,building,526,0.0819935691318328,0.09695817490494296,622,
sample_5185,0,background,50176,0.9998206313775511,0.9998206313775511,50176,
sample_5185,1,building,0,0.0,,9,no_true_class_for_recall
sample_5186,0,background,45961,0.900646820135792,0.9755227257892561,49782,
sample_5186,1,building,4215,0.07378277153558052,0.09347568208778173,5340,
sample_5187,0,background,49481,0.9846482046374384,0.9981002809159071,50157,
sample_5187,1,building,695,0.024081115335868188,0.027338129496402876,789,
sample_5188,0,background,46302,0.9211948393786517,0.99773227938318,50149,
sample_5188,1,building,3874,0.006785624528776075,0.006969540526587507,3979,
sample_5189,0,background,40903,0.7810718126661391,0.9410556682883896,49281,
sample_5189,1,building,9273,0.0766004792879151,0.09651676911463389,11684,
sample_5190,0,background,49541,0.9854410562214555,0.9973759108617105,50141,
sample_5190,1,building,635,0.0457516339869281,0.05511811023622047,765,
sample_5191,0,background,49275,0.9808075573979592,0.9987417554540842,50176,
sample_5191,1,building,901,0.0,0.0,963,
sample_5192,0,background,46810,0.9251393522865762,0.9892330698568682,50053,
sample_5192,1,building,3366,0.03178294573643411,0.036541889483065956,3870,
sample_5193,0,background,46483,0.9248244774214137,0.9975044639975905,50136,
sample_5193,1,building,3693,0.010501443948542924,0.01083130246412131,3809,
sample_5194,0,background,43057,0.8421783772901148,0.971526116543187,49670,
sample_5194,1,building,7119,0.06063511084481726,0.07107739851102683,8345,
sample_5195,0,background,47734,0.9509317389138017,0.9995600620103071,50175,
sample_5195,1,building,2442,0.0004060089321965083,0.0004095004095004095,2463,
sample_5196,0,background,40929,0.7585343837190218,0.9033692491876176,48744,
sample_5196,1,building,9247,0.10846841387668535,0.15486103601167947,13202,
sample_5197,0,background,47378,0.933519944016795,0.9854784921271477,50015,
sample_5197,1,building,2798,0.04618473895582329,0.05754110078627591,3486,
sample_5198,0,background,42151,0.8068005246695591,0.94851842186425,49555,
sample_5198,1,building,8025,0.06091221186856302,0.07738317757009346,10195,
sample_5199,0,background,46494,0.9221305745840906,0.9930743751881963,50071,
sample_5199,1,building,3682,0.026223776223776224,0.028517110266159697,4004,
sample_5200,0,background,40963,0.756217170059094,0.8997143763884481,48736,
sample_5200,1,building,9213,0.10809999249305607,0.15630087919244545,13321,
sample_5201,0,background,48039,0.946853230843142,0.9846374820458378,49956,
sample_5201,1,building,2137,0.07652173913043478,0.10294805802526907,2875,
sample_5202,0,background,48940,0.9638676226353952,0.9724152022885165,49374,
sample_5202,1,building,1236,0.31013147718484146,0.6488673139158576,2586,
sample_5203,0,background,42779,0.8290823510479945,0.9634867575212137,49714,
sample_5203,1,building,7397,0.05156825538564572,0.06245775314316615,8959,
sample_5204,0,background,50126,0.9976084183673469,0.9986035191317879,50176,
sample_5204,1,building,50,0.0,0.0,120,
sample_5205,0,background,42860,0.8362701171364851,0.9711152589827344,49771,
sample_5205,1,building,7316,0.04734627075052607,0.05535811919081465,8554,
sample_5206,0,background,50172,0.9993423150510204,0.9994219883600415,50176,
sample_5206,1,building,4,0.0,0.0,33,
sample_5207,0,background,42686,0.8393987975951904,0.9812584922457012,49900,
sample_5207,1,building,7490,0.033293124246079615,0.03684913217623498,8290,
sample_5208,0,background,50115,0.9970503826530612,0.998263992816522,50176,
sample_5208,1,building,61,0.0,0.0,148,
sample_5209,0,background,42560,0.8296744129993774,0.9705592105263158,49787,
sample_5209,1,building,7616,0.0438606381779231,0.051076680672268907,8869,
sample_5210,0,background,43463,0.858979742836003,0.9883118974760141,50007,
sample_5210,1,building,6713,0.023403960670267277,0.025175033517056456,7221,
sample_5211,0,background,46462,0.923328611615426,0.996082820369334,50123,
sample_5211,1,building,3714,0.013603696098562629,0.014270328486806677,3896,
sample_5212,0,background,45097,0.8854636139655069,0.9802204137747522,49923,
sample_5212,1,building,5079,0.0423714620666555,0.04981295530616263,5971,
sample_5213,0,background,45170,0.8902811919179807,0.9862076599512951,50037,
sample_5213,1,building,5006,0.024693551252442707,0.027766679984019178,5629,
sample_5214,0,background,48699,0.9699838558587288,0.9993429023183228,50173,
sample_5214,1,building,1477,0.0019880715705765406,0.002031144211238998,1509,
sample_5215,0,background,42693,0.8423331328923632,0.9843299838380999,49890,
sample_5215,1,building,7483,0.03508341511285574,0.03821996525457704,8152,
sample_5216,0,background,50137,0.9990234375,0.9998005465025829,50176,
sample_5216,1,building,39,0.0,0.0,49,
sample_5217,0,background,46967,0.9331499092848455,0.9965294781442289,50157,
sample_5217,1,building,3209,0.005634638196915777,0.005920847616079776,3372,
sample_5218,0,background,49582,0.9855488449042237,0.9972167318785043,50169,
sample_5218,1,building,594,0.009562841530054645,0.011784511784511785,732,
sample_5219,0,background,41036,0.8039310651006982,0.9708061214543328,49554,
sample_5219,1,building,9140,0.06016637647514026,0.06805251641137855,10338,
sample_5220,0,background,47366,0.9258367928123057,0.9746442595954904,49863,
sample_5220,1,building,2810,0.07803540264273248,0.11138790035587189,4011,
sample_5221,0,background,46716,0.9288200382255306,0.9882481376830208,49705,
sample_5221,1,building,3460,0.11748565727113994,0.1361271676300578,4009,
sample_5222,0,background,47108,0.9246847710968567,0.9822960006792901,50043,
sample_5222,1,building,3068,0.034085084572014354,0.043350717079530636,3902,
sample_5223,0,background,44536,0.8947401548370854,0.9575624214118915,47663,
sample_5223,1,building,5640,0.3337317397078353,0.44556737588652484,7530,
sample_5224,0,background,43037,0.8415555555555555,0.9679345679299207,49500,
sample_5224,1,building,7139,0.07935203662401691,0.09469113321193444,8519,
sample_5225,0,background,44862,0.8994846973901071,0.9610583567384423,47933,
sample_5225,1,building,5314,0.31766038804701885,0.42209258562288293,7061,
sample_5226,0,background,43046,0.8405547661456562,0.9757004135111277,49967,
sample_5226,1,building,7130,0.02556262230919765,0.029312762973352034,8176,
sample_5227,0,background,50176,1.0,1.0,50176,
sample_5227,1,building,0,,,0,absent_true_and_predicted_class
sample_5228,0,background,43045,0.8378722115675785,0.9642002555465211,49535,
sample_5228,1,building,7131,0.07391605166051661,0.08988921609872388,8672,
sample_5229,0,background,50176,0.9880819515306123,0.9880819515306123,50176,
sample_5229,1,building,0,0.0,,598,no_true_class_for_recall
sample_5230,0,background,47258,0.9294896219793443,0.9807651614541454,49865,
sample_5230,1,building,2918,0.08126469819702116,0.1065798492117889,3827,
sample_5231,0,background,49983,0.9942385518630011,0.9977792449432807,50161,
sample_5231,1,building,193,0.049342105263157895,0.07772020725388601,304,
sample_5232,0,background,50176,0.9881417410714286,0.9881417410714286,50176,
sample_5232,1,building,0,0.0,,595,no_true_class_for_recall
sample_5233,0,background,38137,0.7156635002281495,0.9047644020242809,48214,
sample_5233,1,building,12039,0.12519941292833897,0.16297034637428356,15671,
sample_5234,0,background,41036,0.8022257167049716,0.9696851544984891,49602,
sample_5234,1,building,9140,0.05527734976887519,0.06280087527352297,10384,
sample_5235,0,background,40045,0.7669231240178772,0.9384442502185042,49001,
sample_5235,1,building,10131,0.09328358208955224,0.11598065343993683,12596,
sample_5236,0,background,50176,0.9998804209183674,0.9998804209183674,50176,
sample_5236,1,building,0,0.0,,6,no_true_class_for_recall
sample_5237,0,background,50176,0.9960339604591837,0.9960339604591837,50176,
sample_5237,1,building,0,0.0,,199,no_true_class_for_recall
sample_5238,0,background,46538,0.9201425235526209,0.9821866001976879,49676,
sample_5238,1,building,3638,0.11193194537721066,0.13743815283122596,4467,
sample_5239,0,background,45963,0.9010989010989011,0.9758718969605987,49777,
sample_5239,1,building,4213,0.07497181510710259,0.09470685971991455,5322,
sample_5240,0,background,46346,0.9168133450676054,0.9890173909290986,49996,
sample_5240,1,building,3830,0.041484212952293154,0.04699738903394256,4339,
sample_5241,0,background,49458,0.983883835966172,0.9973715071373691,50136,
sample_5241,1,building,718,0.04716981132075472,0.055710306406685235,848,
sample_5242,0,background,49656,0.9894745235627143,0.9995972289350733,50164,
sample_5242,1,building,520,0.022222222222222223,0.023076923076923078,540,
sample_5243,0,background,48863,0.9709402050341058,0.9962753003294926,50138,
sample_5243,1,building,1313,0.025418060200668897,0.028941355674028942,1495,
sample_5244,0,background,47565,0.9470432304227373,0.9989698307579102,50173,
sample_5244,1,building,2611,0.0011278195488721805,0.0011489850631941786,2660,
sample_5245,0,background,46310,0.9163768637326618,0.9900669401857051,50034,
sample_5245,1,building,3866,0.03282478039759593,0.03673047077082255,4326,
sample_5246,0,background,46387,0.9234989028525833,0.9980166857093582,50130,
sample_5246,1,building,3789,0.011852615305333677,0.01214040643969385,3881,
sample_5247,0,background,48863,0.9698046181172292,0.994494812025459,50107,
sample_5247,1,building,1313,0.04361567635903919,0.05255140898705255,1582,
sample_5248,0,background,49338,0.9830795599489796,0.99977704811707,50176,
sample_5248,1,building,838,0.0,0.0,849,
sample_5249,0,background,47128,0.9251992151523646,0.9805211339331183,49946,
sample_5249,1,building,3048,0.05799293998991427,0.07545931758530183,3966,
sample_5250,0,background,47419,0.9428594214167514,0.9973006600729666,50157,
sample_5250,1,building,2757,0.00658578856152513,0.006891548784911135,2885,
sample_5251,0,background,45551,0.9164339642155341,0.9726460450923141,48345,
sample_5251,1,building,4625,0.31187191279168797,0.3958918918918919,5871,
sample_5252,0,background,50169,0.9994021045918368,0.9995415495624789,50176,
sample_5252,1,building,7,0.0,0.0,30,
sample_5253,0,background,46810,0.9200704789364088,0.9816705832087161,49944,
sample_5253,1,building,3366,0.054924242424242424,0.0689245395127748,4224,
sample_5254,0,background,49782,0.9921476403061225,1.0,50176,
sample_5254,1,building,394,0.0,0.0,394,
sample_5255,0,background,45485,0.9052799205840382,0.9623612179839508,48353,
sample_5255,1,building,4691,0.2847102920506013,0.38861649968023876,6403,
sample_5256,0,background,41160,0.780958396153376,0.931268221574344,49082,
sample_5256,1,building,9016,0.09235964542000845,0.12133984028393967,11845,
sample_5257,0,background,49900,0.9921661650088703,0.9974749498997996,50167,
sample_5257,1,building,276,0.022388059701492536,0.03260869565217391,402,
sample_5258,0,background,49733,0.9905320018338017,0.9992158124384212,50169,
sample_5258,1,building,443,0.014522821576763486,0.01580135440180587,482,
sample_5259,0,background,42668,0.8345126180119866,0.975742945532952,49889,
sample_5259,1,building,7508,0.03359475594053611,0.03822589238145978,8543,
sample_5260,0,background,48196,0.959170653907496,0.9982571167731762,50160,
sample_5260,1,building,1980,0.007751937984496124,0.00808080808080808,2064,
sample_5261,0,background,49996,0.9941187025259675,0.9973597887831026,50159,
sample_5261,1,building,180,0.05448717948717949,0.09444444444444444,312,
sample_5262,0,background,47341,0.9431413928248418,0.9912338142413553,49755,
sample_5262,1,building,2835,0.12953846153846155,0.14850088183421517,3250,
sample_5263,0,background,44710,0.8989907450060722,0.960277342876314,47758,
sample_5263,1,building,5466,0.33388566694283345,0.442371020856202,7242,
sample_5264,0,background,46822,0.9146050281907743,0.9735380803895605,49839,
sample_5264,1,building,3354,0.0733725234051818,0.10047704233750746,4593,
sample_5265,0,background,49259,0.9812249616327506,0.9994315759556629,50173,
sample_5265,1,building,917,0.0031746031746031746,0.003271537622682661,945,
sample_5266,0,background,46582,0.919660286985047,0.9810012451161393,49689,
sample_5266,1,building,3594,0.10872962714891717,0.13550361713967723,4479,
sample_5267,0,background,41069,0.8077939367045203,0.9751393995471036,49577,
sample_5267,1,building,9107,0.05914296998420221,0.06577358076205117,10128,
sample_5268,0,background,49416,0.9846123181183974,0.9996357455075279,50170,
sample_5268,1,building,760,0.007712082262210797,0.007894736842105263,778,
sample_5269,0,background,47260,0.939791463147192,0.9974396953025815,50159,
sample_5269,1,building,2916,0.005597629239380968,0.005829903978052126,3037,
sample_5270,0,background,50099,0.9970894882682455,0.9983632407832491,50163,
sample_5270,1,building,77,0.08176100628930817,0.16883116883116883,159,
sample_5271,0,background,50094,0.9971697361077893,0.9987224018844573,50172,
sample_5271,1,building,82,0.0273972602739726,0.04878048780487805,146,
sample_5272,0,background,42707,0.8378318717264354,0.977591495539373,49831,
sample_5272,1,building,7469,0.04094469499169238,0.04619092247958227,8426,
sample_5273,0,background,48429,0.961906484943513,0.9880650023746103,49746,
sample_5273,1,building,1747,0.18494623655913978,0.24613623354321695,2325,
sample_5274,0,background,49469,0.9845522135183081,0.9984838990074593,50169,
sample_5274,1,building,707,0.008951406649616368,0.009900990099009901,782,
sample_5275,0,background,47324,0.9369957664350188,0.9914842363282901,50076,
sample_5275,1,building,2852,0.030721966205837174,0.03506311360448808,3255,
sample_5276,0,background,41082,0.8031236825728224,0.9738084805997761,49813,
sample_5276,1,building,9094,0.03569321533923304,0.03991642841433912,10170,
sample_5277,0,background,47971,0.9395738875737271,0.9762981801505076,49846,
sample_5277,1,building,2205,0.09874326750448834,0.14965986394557823,3342,
sample_5278,0,background,42628,0.8218633289593217,0.955029558036971,49535,
sample_5278,1,building,7548,0.06772319070258849,0.08492315845257022,9465,
sample_5279,0,background,47382,0.9220415591688166,0.973006626989152,50001,
sample_5279,1,building,2794,0.04296587282101645,0.06263421617752327,4073,
sample_5280,0,background,42516,0.8304418460057362,0.9738686612098975,49859,
sample_5280,1,building,7660,0.03614183103408961,0.04138381201044387,8771,
sample_5281,0,background,49983,0.9949968107159942,0.9986795510473561,50168,
sample_5281,1,building,193,0.03088803088803089,0.04145077720207254,259,
sample_5282,0,background,48065,0.9448762262492257,0.9839176115676688,50051,
sample_5282,1,building,2111,0.04334257975034674,0.05921364282330649,2884,
sample_5283,0,background,42832,0.8271490476670362,0.958138774747852,49615,
sample_5283,1,building,7344,0.06139870854766335,0.0763888888888889,9137,
sample_5284,0,background,50176,0.9998206313775511,0.9998206313775511,50176,
sample_5284,1,building,0,0.0,,9,no_true_class_for_recall
sample_5285,0,background,50169,0.9993024553571429,0.9994418864238873,50176,
sample_5285,1,building,7,0.0,0.0,35,
sample_5286,0,background,50136,0.9992028061224489,1.0,50176,
sample_5286,1,building,40,0.0,0.0,40,
sample_5287,0,background,50051,0.9958530215124509,0.9979620786797466,50157,
sample_5287,1,building,125,0.08370044052863436,0.152,227,
sample_5288,0,background,49386,0.9834951262782307,0.9990483132871664,50167,
sample_5288,1,building,790,0.010752688172043012,0.01139240506329114,837,
sample_5289,0,background,38088,0.7292718616681437,0.9290327662255828,48521,
sample_5289,1,building,12088,0.11189236697992022,0.13691264063534084,14791,
sample_5290,0,background,49688,0.9900528256752716,0.9995572371598777,50165,
sample_5290,1,building,488,0.021568627450980392,0.022540983606557378,510,
sample_5291,0,background,46623,0.9203408818116348,0.9867661883619673,49988,
sample_5291,1,building,3553,0.04508393285371703,0.05291303124120462,4170,
sample_5292,0,background,47355,0.9377862213778622,0.9902650195333123,50005,
sample_5292,1,building,2821,0.05210237659963437,0.06061680255228642,3282,
sample_5293,0,background,46581,0.920581946082056,0.98892252205835,50039,
sample_5293,1,building,3595,0.03332522500608125,0.038108484005563284,4111,
sample_5294,0,background,49623,0.9880178635511783,0.9986699715857567,50158,
sample_5294,1,building,553,0.029079159935379646,0.0325497287522604,619,
sample_5295,0,background,47329,0.9370780232511685,0.9911893342348244,50062,
sample_5295,1,building,2847,0.034926470588235295,0.040042149631190724,3264,
sample_5296,0,background,50176,0.9958545918367347,0.9958545918367347,50176,
sample_5296,1,building,0,0.0,,208,no_true_class_for_recall
sample_5297,0,background,45310,0.9001996838339296,0.9551533877731185,48076,
sample_5297,1,building,4866,0.3044360684256306,0.4315659679408138,6898,
sample_5298,0,background,50129,0.9990632971938775,1.0,50176,
sample_5298,1,building,47,0.0,0.0,47,
sample_5299,0,background,43376,0.8563296720917181,0.9849686462559941,49892,
sample_5299,1,building,6800,0.0381105743424584,0.04176470588235294,7452,
sample_5300,0,background,49725,0.9903510695560296,0.9990346907993967,50161,
sample_5300,1,building,451,0.03006012024048096,0.03325942350332594,499,
sample_5301,0,background,41064,0.8033454162532148,0.9660529904539256,49381,
sample_5301,1,building,9112,0.07567104511707595,0.08724758560140473,10506,
sample_5302,0,background,46557,0.9194408387418872,0.9889168116502352,50075,
sample_5302,1,building,3619,0.02442563482466747,0.027908261950815142,4135,
sample_5303,0,background,40045,0.7720201979069105,0.9468597827444125,49114,
sample_5303,1,building,10131,0.08663023085080349,0.10482676932188333,12259,
